Symbol,Date,Time,Open,High,Low,Close,Volume,VWAP,EMA9,Avg_volume,Rvol,Relatr
SLV,2026-06-17,11:00:00,63.28,63.66,63.19,63.39,24193.0,63.38,63.39,56649.8,0.42706240798731854,-0.0
SLV,2026-06-17,11:02:00,63.31,63.68,63.19,63.54,42389.0,63.41,63.42,19612.2,0.8730691563294957,-0.04
SLV,2026-06-17,11:04:00,63.48,63.58,63.22,63.58,19131.0,63.42,63.45,91521.6,0.5108544577658365,-0.05
SLV,2026-06-17,11:06:00,63.34,63.34,63.34,63.34,200.0,63.42,63.43,45540.8,0.402734051988427,0.03
SLV,2026-06-17,11:08:00,63.34,63.34,63.33,63.34,1690.0,63.42,63.41,38083.2,0.3484500866322259,0.03
SLV,2026-06-17,11:10:00,63.2,63.2,63.2,63.2,590.0,63.42,63.37,39699.4,0.3029573318401824,0.08
SLV,2026-06-17,11:12:00,63.2,63.2,63.17,63.17,2396.0,63.41,63.33,10275.0,0.30057866760456825,0.08
SLV,2026-06-17,11:14:00,63.19,63.2,63.1,63.11,2267.0,63.41,63.29,9270.6,0.2989062380292326,0.1
SLV,2026-06-17,11:16:00,63.08,63.08,63.05,63.05,2744.0,63.4,63.24,3526.2,0.3042853305188001,0.12
SLV,2026-06-17,11:18:00,63.09,63.1,63.08,63.1,731.0,63.4,63.21,1940.8,0.30472960234038,0.1
SLV,2026-06-17,11:20:00,63.09,63.09,63.09,63.09,100.0,63.4,63.19,710.0,0.30436234493241787,0.11
SLV,2026-06-17,11:22:00,63.09,63.11,63.02,63.11,1468.0,63.39,63.17,3189.8,0.30591582885287577,0.1
SLV,2026-06-17,11:24:00,63.11,63.11,63.11,63.11,0.0,63.39,63.16,2786.8,0.303274844163464,0.1
SLV,2026-06-17,11:26:00,63.15,63.15,63.15,63.15,750.0,63.39,63.16,3787.8,0.3020539262815606,0.08
SLV,2026-06-17,11:28:00,63.14,63.14,63.1,63.1,2822.0,63.38,63.15,1181.8,0.30957441031339106,0.1
SLV,2026-06-17,11:30:00,63.06,63.06,62.96,62.96,4659.0,63.36,63.11,4516.4,0.3193875751522305,0.14
SLV,2026-06-17,11:32:00,62.97,63.07,62.97,63.06,1666.0,63.36,63.1,2688.4,0.3217977399288197,0.1
SLV,2026-06-17,11:34:00,63.12,63.12,63.1,63.1,13329.0,63.33,63.1,4767.8,0.3565138202269679,0.08
SLV,2026-06-17,11:36:00,63.06,63.06,63.03,63.03,962.0,63.33,63.09,8535.8,0.350538439584684,0.1
SLV,2026-06-17,11:38:00,63.05,63.05,62.99,62.99,717.0,63.33,63.07,7076.2,0.3455759279874741,0.12
SLV,2026-06-17,11:40:00,62.98,63.0,62.97,62.99,2492.0,63.32,63.05,2953.4,0.3496823175663343,0.11
SLV,2026-06-17,11:42:00,62.95,63.03,62.95,63.01,3920.0,63.31,63.04,3043.2,0.35758543490232647,0.1
SLV,2026-06-17,11:44:00,62.99,62.99,62.87,62.87,4350.0,63.3,63.01,6078.8,0.36350840065121576,0.15
SLV,2026-06-17,11:46:00,62.87,62.88,62.85,62.86,593.0,63.3,62.98,2017.6,0.3631283404077483,0.15
SLV,2026-06-17,11:48:00,62.86,62.88,62.82,62.87,4096.0,63.28,62.96,1454.8,0.3727472188536139,0.14
SLV,2026-06-17,11:50:00,62.87,62.87,62.86,62.86,440.0,63.28,62.94,1457.6,0.37246975957512746,0.14
SLV,2026-06-17,11:52:00,62.94,62.94,62.89,62.89,610.0,63.28,62.93,1102.2,0.37300384504161,0.13
SLV,2026-06-17,11:54:00,62.94,63.04,62.94,63.03,5848.0,63.27,62.95,3988.6,0.3845554694235046,0.08
SLV,2026-06-17,11:56:00,63.03,63.03,63.03,63.03,0.0,63.27,62.96,2854.8,0.381668811400342,0.08
SLV,2026-06-17,11:58:00,63.05,63.05,63.05,63.05,200.0,63.27,62.98,1998.6,0.3801966990138893,0.08
SLV,2026-06-17,12:00:00,63.01,63.01,63.0,63.0,616.0,63.27,62.99,1696.8,0.38012087285954316,0.09
SLV,2026-06-17,12:02:00,63.0,63.0,63.0,63.0,0.0,63.27,62.99,4624.4,0.3755977389360402,0.09
SLV,2026-06-17,12:04:00,63.09,63.12,63.09,63.1,908.0,63.27,63.01,3178.4,0.3748683033800091,0.06
SLV,2026-06-17,12:06:00,63.06,63.06,63.05,63.06,1000.0,63.27,63.02,9447.4,0.36853438070862315,0.07
SLV,2026-06-17,12:08:00,63.0,63.0,63.0,63.0,550.0,63.26,63.02,3436.0,0.3667644362516772,0.09
SLV,2026-06-17,12:10:00,62.95,62.95,62.95,62.95,100.0,63.26,63.0,5544.2,0.3620515155622162,0.11
SLV,2026-06-17,12:12:00,62.98,63.11,62.98,63.11,1658.0,63.26,63.02,3796.0,0.36273661146014374,0.05
SLV,2026-06-17,12:14:00,63.11,63.11,63.11,63.11,0.0,63.26,63.04,2849.6,0.3602571274228632,0.05
SLV,2026-06-17,12:16:00,63.12,63.13,63.12,63.12,100.0,63.26,63.06,2912.6,0.3579958236798212,0.05
SLV,2026-06-17,12:18:00,63.13,63.14,63.12,63.12,3021.0,63.26,63.07,1898.6,0.36354797554624924,0.05
SLV,2026-06-17,12:20:00,63.12,63.12,63.12,63.12,0.0,63.26,63.08,6362.2,0.35814456139170514,0.05
SLV,2026-06-17,12:22:00,63.19,63.19,63.19,63.19,286.0,63.26,63.1,2224.2,0.35695792790003916,0.02
SLV,2026-06-17,12:24:00,63.2,63.28,63.2,63.28,4269.0,63.26,63.14,2246.8,0.36497357854026297,-0.01
SLV,2026-06-17,12:26:00,63.27,63.31,63.27,63.29,1113.0,63.26,63.17,2318.2,0.36558740186742233,-0.01
SLV,2026-06-17,12:28:00,63.3,63.3,63.3,63.3,688.0,63.26,63.19,2466.4,0.36509876934489305,-0.01
SLV,2026-06-17,12:30:00,63.33,63.35,63.3,63.3,1069.0,63.26,63.22,2728.8,0.36526402336511676,-0.01
SLV,2026-06-17,12:32:00,63.3,63.3,63.3,63.3,0.0,63.26,63.23,6866.8,0.359651686232987,-0.01
SLV,2026-06-17,12:34:00,63.24,63.24,63.24,63.24,1705.0,63.26,63.23,6895.4,0.357944023262968,0.01
SLV,2026-06-17,12:36:00,63.26,63.26,63.26,63.26,150.0,63.26,63.24,903.6,0.3575625942366327,0.0
SLV,2026-06-17,12:38:00,63.25,63.26,63.24,63.24,900.0,63.26,63.24,1688.0,0.35821210777345214,0.01
SLV,2026-06-17,12:40:00,63.24,63.24,63.24,63.24,0.0,63.26,63.24,5719.2,0.353778811097531,0.01
SLV,2026-06-17,12:42:00,63.24,63.24,63.24,63.24,0.0,63.26,63.24,642.6,0.3532875410421298,0.01
SLV,2026-06-17,12:44:00,63.28,63.31,63.28,63.31,676.0,63.26,63.25,1068.4,0.3539312058911925,-0.02
SLV,2026-06-17,12:46:00,63.31,63.31,63.31,63.31,0.0,63.26,63.26,3754.2,0.35108948480983315,-0.02
SLV,2026-06-17,12:48:00,63.31,63.31,63.31,63.31,0.0,63.26,63.27,608.2,0.3506334007565353,-0.02
SLV,2026-06-17,12:50:00,63.22,63.25,63.21,63.21,500.0,63.26,63.26,900.0,0.351026568632258,0.02
SLV,2026-06-17,12:52:00,63.23,63.23,63.22,63.22,675.0,63.26,63.25,615.0,0.3520040366019306,0.01
SLV,2026-06-17,12:54:00,63.22,63.22,63.22,63.22,0.0,63.26,63.25,1592.0,0.35081499021841994,0.01
SLV,2026-06-17,12:56:00,63.19,63.2,63.18,63.18,706.0,63.26,63.23,1333.8,0.3513187332611412,0.03
SLV,2026-06-17,12:58:00,63.18,63.18,63.18,63.18,0.0,63.26,63.22,4124.4,0.348279462580351,0.03
SLV,2026-06-17,13:00:00,63.2,63.2,63.2,63.2,100.0,63.26,63.22,1774.8,0.3471967099035164,0.02
SLV,2026-06-17,13:02:00,63.2,63.2,63.2,63.2,0.0,63.26,63.21,1709.4,0.34596086427434486,0.02
SLV,2026-06-17,13:04:00,63.2,63.2,63.2,63.2,0.0,63.26,63.21,2522.6,0.3441530867368604,0.02
SLV,2026-06-17,13:06:00,63.18,63.18,63.18,63.18,100.0,63.26,63.21,4767.2,0.34099295586575656,0.03
SLV,2026-06-17,13:08:00,63.23,63.23,63.23,63.23,1470.0,63.26,63.21,3964.0,0.34123366040665715,0.01
SLV,2026-06-17,13:10:00,63.2,63.2,63.2,63.2,200.0,63.26,63.21,1354.8,0.34070143757165033,0.02
SLV,2026-06-17,13:12:00,63.2,63.2,63.2,63.2,0.0,63.26,63.21,1186.0,0.33988352957607926,0.02
SLV,2026-06-17,13:14:00,63.2,63.2,63.2,63.2,0.0,63.26,63.21,3779.8,0.3373028467843607,0.02
SLV,2026-06-17,13:16:00,63.2,63.2,63.2,63.2,0.0,63.26,63.2,2572.4,0.33556882005630884,0.02
SLV,2026-06-17,13:18:00,63.25,63.25,63.21,63.21,1425.0,63.26,63.21,2194.0,0.3369392801742697,0.02
SLV,2026-06-17,13:20:00,63.21,63.21,63.21,63.21,100.0,63.26,63.21,2690.2,0.3353432261808302,0.02
SLV,2026-06-17,13:22:00,63.19,63.21,63.16,63.21,1397.0,63.26,63.21,1219.0,0.3372943478837734,0.02
SLV,2026-06-17,13:24:00,63.21,63.21,63.21,63.21,0.0,63.26,63.21,1861.8,0.3360590241098523,0.02
SLV,2026-06-17,13:26:00,63.21,63.21,63.21,63.21,0.0,63.26,63.21,1965.2,0.33476487193947874,0.02
SLV,2026-06-17,13:28:00,63.16,63.16,63.15,63.16,750.0,63.26,63.2,2014.2,0.3349126613518381,0.03
SLV,2026-06-17,13:30:00,63.22,63.22,63.22,63.22,701.0,63.26,63.2,2600.6,0.33458256898728794,0.01
SLV,2026-06-17,13:32:00,63.22,63.22,63.22,63.22,0.0,63.26,63.21,1326.2,0.33372306366783505,0.01
SLV,2026-06-17,13:34:00,63.22,63.22,63.22,63.22,0.0,63.26,63.21,636.8,0.33331192328288817,0.01
SLV,2026-06-17,13:36:00,63.18,63.22,63.18,63.22,862.0,63.26,63.21,1615.8,0.3339357038574214,0.01
SLV,2026-06-17,13:38:00,63.22,63.22,63.22,63.22,0.0,63.26,63.21,788.4,0.33342871899115606,0.01
SLV,2026-06-17,13:40:00,63.22,63.22,63.22,63.22,0.0,63.26,63.21,1055.0,0.3327526989505533,0.01
SLV,2026-06-17,13:42:00,63.22,63.22,63.22,63.22,0.0,63.26,63.22,2809.4,0.3309657966839195,0.01
SLV,2026-06-17,13:44:00,63.22,63.22,63.22,63.22,0.0,63.26,63.22,1397.0,0.33008436836582805,0.01
SLV,2026-06-17,13:46:00,63.29,63.29,63.29,63.29,335.0,63.26,63.23,1825.0,0.32957636453236033,-0.01
SLV,2026-06-17,13:48:00,63.32,63.32,63.29,63.29,400.0,63.26,63.24,2142.6,0.32899710968878637,-0.01
SLV,2026-06-17,13:50:00,63.38,63.38,63.38,63.38,100.0,63.26,63.27,3410.4,0.32707579951527893,-0.04
SLV,2026-06-17,13:52:00,63.28,63.28,63.28,63.28,200.0,63.26,63.27,4196.2,0.3248888797700562,-0.01
SLV,2026-06-17,13:54:00,63.28,63.28,63.28,63.28,150.0,63.26,63.27,2307.2,0.3237753190616862,-0.01
SLV,2026-06-17,13:56:00,63.28,63.28,63.28,63.28,0.0,63.26,63.28,5458.6,0.3205258791741375,-0.01
SLV,2026-06-17,13:58:00,63.26,63.26,63.26,63.26,750.0,63.26,63.27,2072.6,0.3206828074980027,0.0
SLV,2026-06-17,14:00:00,63.27,63.28,63.2,63.2,1006.0,63.26,63.26,18406.2,0.31200675578462295,0.02
SLV,2026-06-17,14:02:00,63.11,63.11,63.08,63.1,1989.0,63.25,63.23,8384.4,0.3109120748655633,0.05
SLV,2026-06-17,14:04:00,63.11,63.15,63.08,63.15,2295.0,63.25,63.21,10364.6,0.30932154122806693,0.03
SLV,2026-06-17,14:06:00,63.15,63.25,63.15,63.25,1679.0,63.25,63.22,16194.4,0.30376477301737476,0.0
SLV,2026-06-17,14:08:00,63.16,63.17,63.14,63.17,1129.0,63.25,63.21,10612.0,0.30033069314397864,0.03
SLV,2026-06-17,14:10:00,63.14,63.15,63.12,63.12,414.0,63.25,63.19,10852.4,0.2957472767474131,0.04
SLV,2026-06-17,14:12:00,63.12,63.12,63.12,63.12,0.0,63.25,63.18,17441.0,0.2876652788580318,0.04
SLV,2026-06-17,14:14:00,63.1,63.16,63.1,63.16,7683.0,63.25,63.17,19677.2,0.29073952700525435,0.03
SLV,2026-06-17,14:16:00,63.16,63.27,63.15,63.24,2182.0,63.25,63.19,22415.0,0.2843676017901078,0.0
SLV,2026-06-17,14:18:00,63.25,63.26,63.25,63.26,200.0,63.25,63.2,24609.0,0.2747240276136943,-0.0
SLV,2026-06-17,14:20:00,63.27,63.27,63.24,63.24,668.0,63.25,63.21,15626.4,0.2696932351863572,0.0
SLV,2026-06-17,14:22:00,63.23,63.23,63.23,63.23,1514.0,63.25,63.21,7381.8,0.2690382010012449,0.01
SLV,2026-06-17,14:24:00,63.22,63.22,63.21,63.21,1233.0,63.25,63.21,10004.0,0.2670618038539292,0.01
SLV,2026-06-17,14:26:00,63.21,63.21,63.21,63.21,1150.0,63.25,63.21,10932.0,0.26469888357094923,0.01
SLV,2026-06-17,14:28:00,63.15,63.16,63.15,63.16,614.0,63.25,63.2,9123.0,0.2623230721980473,0.03
SLV,2026-06-17,14:30:00,63.16,63.16,63.09,63.09,853.0,63.24,63.18,10785.4,0.2597524227403951,0.05
SLV,2026-06-17,14:32:00,63.08,63.1,63.08,63.1,2135.0,63.24,63.16,7051.6,0.2601433974307252,0.05
SLV,2026-06-17,14:34:00,63.07,63.08,63.05,63.05,3694.0,63.24,63.14,6510.4,0.26270029329951344,0.07
SLV,2026-06-17,14:36:00,63.06,63.07,63.06,63.07,3261.0,63.24,63.13,23079.6,0.2592213402253086,0.06
SLV,2026-06-17,14:38:00,63.05,63.06,63.05,63.05,100.0,63.24,63.11,12823.8,0.2552809456743689,0.07
SLV,2026-06-17,14:40:00,63.08,63.09,63.06,63.07,774.0,63.24,63.1,5802.8,0.25442256649625555,0.06
SLV,2026-06-17,14:42:00,63.07,63.07,63.07,63.07,1595.0,63.24,63.1,7568.8,0.2540249384571133,0.06
SLV,2026-06-17,14:44:00,63.08,63.09,63.07,63.07,700.0,63.23,63.09,5658.0,0.2531443739032851,0.05
SLV,2026-06-17,14:46:00,63.07,63.09,63.02,63.02,1083.0,63.23,63.08,11283.4,0.25105455546512745,0.07
SLV,2026-06-17,14:48:00,63.03,63.03,63.02,63.02,2497.0,63.23,63.07,9484.4,0.2511896284676373,0.07
SLV,2026-06-17,14:50:00,63.05,63.06,63.04,63.05,1300.0,63.23,63.06,12948.8,0.24894780627740987,0.06
SLV,2026-06-17,14:52:00,63.08,63.13,63.08,63.13,1150.0,63.23,63.08,11349.2,0.2470490367081133,0.03
SLV,2026-06-17,14:54:00,63.09,63.09,63.02,63.02,1240.0,63.23,63.06,6080.0,0.24675406536780503,0.07
SLV,2026-06-17,14:56:00,63.01,63.04,62.94,62.96,3065.0,63.23,63.04,8638.8,0.24779451223767293,0.09
SLV,2026-06-17,14:58:00,63.01,63.01,62.97,62.97,200.0,63.23,63.03,15444.8,0.24381957925380152,0.09
SLV,2026-06-17,15:00:00,63.07,63.11,63.07,63.07,1204.0,63.22,63.04,19751.8,0.2399452338331682,0.05
SLV,2026-06-17,15:02:00,63.08,63.09,63.08,63.08,232.0,63.22,63.05,9540.0,0.23776102300034907,0.05
SLV,2026-06-17,15:04:00,63.1,63.11,63.06,63.06,540.0,63.22,63.05,7694.2,0.23640304896762315,0.05
SLV,2026-06-17,15:06:00,63.17,63.17,63.15,63.15,538.0,63.22,63.07,16234.4,0.23298606329144067,0.02
SLV,2026-06-17,15:08:00,63.17,63.17,63.16,63.17,20000.0,63.22,63.09,11315.0,0.25075790296795003,0.02
SLV,2026-06-17,15:10:00,63.14,63.19,63.13,63.13,3362.0,63.22,63.1,10328.6,0.2515398029465448,0.03
SLV,2026-06-17,15:12:00,63.14,63.17,63.04,63.07,10721.0,63.21,63.09,8686.8,0.26010954834349237,0.05
SLV,2026-06-17,15:14:00,63.08,63.16,63.08,63.16,900.0,63.21,63.11,14228.0,0.2573372131764476,0.02
SLV,2026-06-17,15:16:00,63.11,63.11,63.11,63.11,100.0,63.21,63.11,2974.0,0.2566805960274181,0.03
SLV,2026-06-17,15:18:00,63.1,63.1,63.07,63.1,900.0,63.21,63.11,8415.6,0.25544720364970713,0.04
SLV,2026-06-17,15:20:00,63.12,63.16,63.11,63.11,4950.0,63.21,63.11,9711.0,0.257841420540595,0.03
SLV,2026-06-17,15:22:00,63.05,63.1,63.05,63.1,31353.0,63.2,63.1,13212.6,0.28459461689731114,0.03
SLV,2026-06-17,15:24:00,63.13,63.13,63.06,63.12,1704.0,63.2,63.11,30800.0,0.2780281768199319,0.03
SLV,2026-06-17,15:26:00,63.09,63.09,63.03,63.04,2867.0,63.2,63.09,23191.8,0.27476855712031384,0.05
SLV,2026-06-17,15:28:00,63.0,63.0,62.99,63.0,700.0,63.19,63.08,14921.6,0.2717151560653358,0.07
SLV,2026-06-17,15:30:00,63.0,63.16,62.98,63.16,2439.0,63.19,63.09,16619.2,0.26987758546117635,0.01
SLV,2026-06-17,15:32:00,63.19,63.2,63.14,63.2,3262.0,63.19,63.11,15906.8,0.26897805824260007,-0.0
SLV,2026-06-17,15:34:00,63.24,63.26,63.18,63.18,2551.0,63.19,63.13,12895.2,0.2681863568542409,0.0
SLV,2026-06-17,15:36:00,63.25,63.25,63.25,63.25,2000.0,63.19,63.15,29729.6,0.2631613041522091,-0.02
SLV,2026-06-17,15:38:00,63.27,63.27,63.26,63.27,150.0,63.19,63.18,17764.6,0.2594105850400447,-0.03
SLV,2026-06-17,15:40:00,63.2,63.2,63.12,63.17,4769.0,63.19,63.17,10110.0,0.261174908966741,0.01
SLV,2026-06-17,15:42:00,63.11,63.12,63.09,63.09,7173.0,63.19,63.16,11856.2,0.26449344735579,0.03
SLV,2026-06-17,15:44:00,63.16,63.21,63.16,63.21,1150.0,63.19,63.17,14676.2,0.2622958495037028,-0.01
SLV,2026-06-17,15:46:00,63.2,63.23,63.2,63.22,2953.0,63.19,63.18,11787.2,0.26218529182302625,-0.01
SLV,2026-06-17,15:48:00,63.21,63.21,63.21,63.21,458.0,63.19,63.18,9935.2,0.2604878824770819,-0.01
SLV,2026-06-17,15:50:00,63.25,63.25,63.24,63.25,650.0,63.19,63.2,8096.4,0.2593416559521578,-0.02
SLV,2026-06-17,15:52:00,63.22,63.23,63.22,63.22,700.0,63.19,63.2,6612.2,0.2585485168857007,-0.01
SLV,2026-06-17,15:54:00,63.2,63.2,63.18,63.18,324.0,63.19,63.2,5319.8,0.2577301694265158,0.0
SLV,2026-06-17,15:56:00,63.22,63.22,63.16,63.16,250.0,63.19,63.19,14458.8,0.2550544711306009,0.01
SLV,2026-06-17,15:58:00,63.18,63.26,63.18,63.26,2325.0,63.19,63.2,38747.2,0.24940610121234125,-0.02
SLV,2026-06-17,16:00:00,63.27,63.3,63.13,63.13,14458.0,63.19,63.19,72526.0,0.2468323317608482,0.02
SLV,2026-06-17,16:02:00,63.14,63.14,63.11,63.14,1882.0,63.19,63.18,37784.6,0.24169231223864782,0.02
SLV,2026-06-17,16:04:00,63.15,63.15,62.95,62.96,4516.0,63.19,63.14,28854.0,0.2400284811566198,0.08
SLV,2026-06-17,16:06:00,62.94,62.98,62.89,62.98,4354.0,63.19,63.1,19152.2,0.23986603574028725,0.07
SLV,2026-06-17,16:08:00,63.06,63.08,63.02,63.03,2077.0,63.19,63.09,22609.2,0.23766307826347777,0.05
SLV,2026-06-17,16:10:00,63.02,63.11,63.02,63.11,8395.0,63.18,63.09,21346.8,0.2398195826592743,0.02
SLV,2026-06-17,16:12:00,63.12,63.23,63.11,63.22,7462.0,63.18,63.12,17503.0,0.24191512842740112,-0.01
SLV,2026-06-17,16:14:00,63.18,63.19,63.15,63.15,2864.0,63.18,63.13,23975.4,0.2400589768271544,0.01
SLV,2026-06-17,16:16:00,63.19,63.28,63.19,63.28,6243.0,63.18,63.16,16101.2,0.24154705468199952,-0.03
SLV,2026-06-17,16:18:00,63.27,63.28,63.24,63.25,12820.0,63.19,63.17,13940.2,0.247411738020587,-0.02
SLV,2026-06-17,16:20:00,63.24,63.32,63.24,63.3,3311.0,63.19,63.2,21768.6,0.2461416426876907,-0.04
SLV,2026-06-17,16:22:00,63.31,63.47,63.31,63.46,10770.0,63.19,63.25,20331.8,0.2496276109857117,-0.09
SLV,2026-06-17,16:24:00,63.41,63.45,63.38,63.43,8208.0,63.2,63.29,23844.8,0.25097206967097324,-0.08
SLV,2026-06-17,16:26:00,63.46,63.5,63.42,63.47,3219.0,63.2,63.32,12316.8,0.2510477036196926,-0.09
SLV,2026-06-17,16:28:00,63.45,63.6,63.44,63.56,9315.0,63.21,63.37,29744.8,0.25212202193017647,-0.12
SLV,2026-06-17,16:30:00,63.53,63.58,63.41,63.48,158799.0,63.28,63.39,565850.0,0.25918154485857986,-0.07
SLV,2026-06-17,16:32:00,63.47,63.54,63.42,63.49,97590.0,63.31,63.41,219287.2,0.27545119297751436,-0.06
SLV,2026-06-17,16:34:00,63.49,63.51,63.43,63.46,50390.0,63.32,63.42,177877.4,0.27597059023274095,-0.05
SLV,2026-06-17,16:36:00,63.46,63.59,63.44,63.54,97571.0,63.34,63.45,137549.8,0.297106453215063,-0.07
SLV,2026-06-17,16:38:00,63.55,63.65,63.47,63.55,98577.0,63.37,63.47,143555.4,0.3159751652343511,-0.06
SLV,2026-06-17,16:40:00,63.55,63.63,63.5,63.59,144331.0,63.39,63.49,132751.6,0.3490377833336681,-0.07
SLV,2026-06-17,16:42:00,63.59,63.64,63.54,63.61,76954.0,63.41,63.51,119558.2,0.3599895605182132,-0.07
SLV,2026-06-17,16:44:00,63.62,63.71,63.6,63.61,97680.0,63.42,63.53,178098.6,0.3698784527300689,-0.07
SLV,2026-06-17,16:46:00,63.62,63.67,63.58,63.59,54133.0,63.43,63.55,131961.0,0.37138809529913297,-0.05
SLV,2026-06-17,16:48:00,63.61,63.65,63.53,63.53,46341.0,63.44,63.54,158217.4,0.3680174989006735,-0.03
SLV,2026-06-17,16:50:00,63.53,63.6,63.52,63.59,53993.0,63.44,63.55,196786.6,0.3632696463301924,-0.05
SLV,2026-06-17,16:52:00,63.6,63.63,63.49,63.49,38533.0,63.45,63.54,101195.0,0.36371457378816,-0.01
SLV,2026-06-17,16:54:00,63.49,63.52,63.4,63.52,62963.0,63.45,63.54,96161.2,0.37057655588533067,-0.02
SLV,2026-06-17,16:56:00,63.52,63.52,63.45,63.46,72654.0,63.45,63.52,87940.6,0.38019234812360736,-0.0
SLV,2026-06-17,16:58:00,63.47,63.48,63.39,63.39,59934.0,63.45,63.49,93761.4,0.3858929360510982,0.02
SLV,2026-06-17,17:00:00,63.4,63.51,63.37,63.46,59602.0,63.45,63.49,136786.4,0.38744327645313226,-0.0
SLV,2026-06-17,17:02:00,63.45,63.52,63.37,63.51,48841.0,63.45,63.49,125433.6,0.38749691714492834,-0.02
SLV,2026-06-17,17:04:00,63.52,63.56,63.5,63.55,38441.0,63.45,63.5,89474.4,0.38831432616840533,-0.03
SLV,2026-06-17,17:06:00,63.55,63.71,63.54,63.7,66673.0,63.46,63.54,108109.2,0.39354562339505483,-0.08
SLV,2026-06-17,17:08:00,63.7,63.71,63.58,63.58,27830.0,63.46,63.55,87236.2,0.39219324854372817,-0.04
SLV,2026-06-17,17:10:00,63.59,63.64,63.55,63.57,41227.0,63.46,63.55,66822.4,0.39527469702121076,-0.04
SLV,2026-06-17,17:12:00,63.56,63.68,63.56,63.58,50019.0,63.47,63.56,91867.2,0.3980346520414357,-0.04
SLV,2026-06-17,17:14:00,63.57,63.63,63.56,63.56,48098.0,63.47,63.56,63206.6,0.4025958315469713,-0.03
SLV,2026-06-17,17:16:00,63.56,63.6,63.55,63.59,20943.0,63.47,63.57,98973.6,0.39890973255571105,-0.04
SLV,2026-06-17,17:18:00,63.58,63.62,63.56,63.58,36677.0,63.47,63.57,83724.2,0.39953878037620505,-0.04
SLV,2026-06-17,17:20:00,63.59,63.65,63.58,63.65,26868.0,63.47,63.58,76349.6,0.398851113828023,-0.06
SLV,2026-06-17,17:22:00,63.65,63.86,63.64,63.85,95328.0,63.48,63.64,90030.6,0.40989888530528684,-0.13
SLV,2026-06-17,17:24:00,63.86,64.04,63.86,63.88,106136.0,63.5,63.69,75375.0,0.42369484229822696,-0.13
SLV,2026-06-17,17:26:00,63.9,63.99,63.86,63.94,64693.0,63.52,63.74,97291.0,0.42792310374820025,-0.14
SLV,2026-06-17,17:28:00,63.95,63.99,63.91,63.98,55616.0,63.53,63.79,94241.0,0.43063121739054033,-0.15
SLV,2026-06-17,17:30:00,63.98,64.09,63.94,63.97,68797.0,63.54,63.82,140024.6,0.4321001140991534,-0.15
SLV,2026-06-17,17:32:00,63.96,64.08,63.96,64.05,87793.0,63.55,63.87,117690.6,0.4383577489015095,-0.17
SLV,2026-06-17,17:34:00,64.05,64.09,64.0,64.01,109103.0,63.57,63.9,121977.8,0.44759147546101097,-0.15
SLV,2026-06-17,17:36:00,64.0,64.0,63.82,63.83,89841.0,63.59,63.88,89380.0,0.4557419954842753,-0.08
SLV,2026-06-17,17:38:00,63.81,63.88,63.77,63.84,85793.0,63.59,63.87,107478.2,0.46165835423495566,-0.09
SLV,2026-06-17,17:40:00,63.84,63.85,63.78,63.81,45042.0,63.6,63.86,165872.8,0.45672160501001424,-0.07
SLV,2026-06-17,17:42:00,63.82,63.91,63.8,63.91,31160.0,63.6,63.87,104099.0,0.4541977721061594,-0.11
SLV,2026-06-17,17:44:00,63.9,63.9,63.84,63.86,44971.0,63.6,63.87,75792.8,0.45580354327362493,-0.09
SLV,2026-06-17,17:46:00,63.86,63.91,63.25,63.43,583068.0,63.6,63.78,191914.8,0.5291212030431133,0.06
SLV,2026-06-17,17:48:00,63.42,63.64,63.42,63.61,174711.0,63.6,63.75,101079.2,0.5467913452870522,-0.0
SLV,2026-06-17,17:50:00,63.63,63.78,63.58,63.69,66726.0,63.6,63.74,71237.2,0.550798089523514,-0.03
SLV,2026-06-17,17:52:00,63.7,63.81,63.62,63.64,84653.0,63.6,63.72,93001.4,0.5555566311035458,-0.01
SLV,2026-06-17,17:54:00,63.65,63.71,63.63,63.67,38969.0,63.6,63.71,70459.2,0.5555319562155353,-0.02
SLV,2026-06-17,17:56:00,63.68,63.72,63.61,63.64,23092.0,63.6,63.69,67012.2,0.5535583736329244,-0.01
SLV,2026-06-17,17:58:00,63.65,63.66,63.55,63.56,40484.0,63.6,63.67,69042.6,0.553871577737666,0.01
SLV,2026-06-17,18:00:00,63.57,63.64,63.51,63.52,87681.0,63.6,63.64,87678.2,0.5592163447776927,0.03
SLV,2026-06-17,18:02:00,63.52,63.61,63.49,63.6,56260.0,63.6,63.63,49505.6,0.5630944070525987,0.0
SLV,2026-06-17,18:04:00,63.61,63.64,63.58,63.59,42448.0,63.6,63.62,56575.6,0.564520727635212,0.0
SLV,2026-06-17,18:06:00,63.59,63.68,63.57,63.66,36412.0,63.6,63.63,61874.0,0.5647187837911155,-0.02
SLV,2026-06-17,18:08:00,63.67,63.7,63.57,63.6,12032.0,63.6,63.62,63941.4,0.5615301825803852,0.0
SLV,2026-06-17,18:10:00,63.59,63.66,63.56,63.62,127626.0,63.6,63.62,73097.0,0.5728863608932422,-0.01
SLV,2026-06-17,18:12:00,63.62,63.67,63.59,63.66,72714.0,63.6,63.63,76795.4,0.5766156972292835,-0.02
SLV,2026-06-17,18:14:00,63.67,63.74,63.64,63.73,35685.0,63.6,63.65,87878.4,0.5746914916148291,-0.04
SLV,2026-06-17,18:16:00,63.73,63.78,63.7,63.74,14401.0,63.61,63.67,65318.4,0.571745621045465,-0.04
SLV,2026-06-17,18:18:00,63.75,63.83,63.75,63.79,56306.0,63.61,63.69,97743.2,0.5717986600205941,-0.06
SLV,2026-06-17,18:20:00,63.81,63.87,63.79,63.84,59534.0,63.61,63.72,85069.2,0.5731538636387277,-0.08
SLV,2026-06-17,18:22:00,63.84,63.91,63.84,63.89,65311.0,63.61,63.76,65065.6,0.5766121146810671,-0.1
SLV,2026-06-17,18:24:00,63.88,63.93,63.87,63.9,22066.0,63.62,63.78,72127.4,0.5742236304552094,-0.1
SLV,2026-06-17,18:26:00,63.91,63.92,63.85,63.91,36409.0,63.62,63.81,59030.2,0.5745287983208762,-0.1
SLV,2026-06-17,18:28:00,63.91,63.91,63.86,63.89,28535.0,63.62,63.83,52462.2,0.5743349607591248,-0.09
SLV,2026-06-17,18:30:00,63.89,63.9,63.84,63.89,40390.0,63.62,63.84,61040.6,0.5749738167555319,-0.09
SLV,2026-06-17,18:32:00,63.9,63.95,63.9,63.92,19139.0,63.62,63.85,58579.8,0.5732435834791071,-0.1
SLV,2026-06-17,18:34:00,63.93,63.94,63.83,63.87,43609.0,63.62,63.86,60177.2,0.574320070879337,-0.09
SLV,2026-06-17,18:36:00,63.86,63.87,63.79,63.8,26822.0,63.63,63.85,65836.6,0.5730319353792374,-0.06
SLV,2026-06-17,18:38:00,63.79,63.88,63.79,63.88,13747.0,63.63,63.85,66220.0,0.5702172179854758,-0.09
SLV,2026-06-17,18:40:00,63.88,63.88,63.8,63.8,19864.0,63.63,63.84,80084.8,0.5672437973076353,-0.06
SLV,2026-06-17,18:42:00,63.8,63.84,63.8,63.81,8082.0,63.63,63.84,69494.4,0.5636610330089841,-0.06
SLV,2026-06-17,18:44:00,63.8,63.89,63.78,63.89,19639.0,63.63,63.85,52179.8,0.5625503870734154,-0.09
SLV,2026-06-17,18:46:00,63.88,63.92,63.87,63.91,48502.0,63.63,63.86,54918.6,0.5645390272456545,-0.1
SLV,2026-06-17,18:48:00,63.9,63.93,63.88,63.9,15346.0,63.63,63.87,87241.4,0.5607470499956168,-0.09
SLV,2026-06-17,18:50:00,63.9,63.96,63.9,63.91,53909.0,63.63,63.88,60313.6,0.5629786882237694,-0.1
SLV,2026-06-17,18:52:00,63.92,63.94,63.9,63.91,23207.0,63.64,63.88,55749.8,0.5620756708315909,-0.09
SLV,2026-06-17,18:54:00,63.91,63.99,63.91,63.96,575127.0,63.67,63.9,160312.0,0.6146941386644983,-0.1
SLV,2026-06-17,18:56:00,63.96,63.99,63.94,63.96,127918.0,63.67,63.91,68015.2,0.6239674964545415,-0.1
SLV,2026-06-17,18:58:00,63.95,63.97,63.93,63.96,56402.0,63.68,63.92,45237.0,0.6269870898252533,-0.1
SLV,2026-06-17,19:00:00,63.96,64.02,63.95,63.97,71844.0,63.68,63.93,56421.0,0.6308719773281044,-0.1
SLV,2026-06-17,19:02:00,63.98,64.02,63.94,63.95,38479.0,63.68,63.93,63962.6,0.6306737811707019,-0.09
SLV,2026-06-17,19:04:00,63.95,63.97,63.87,63.91,35069.0,63.68,63.93,47266.6,0.6312274639752072,-0.08
SLV,2026-06-17,19:06:00,63.9,63.93,63.89,63.93,39819.0,63.68,63.93,62557.4,0.6312620886638154,-0.09
SLV,2026-06-17,19:08:00,63.91,63.96,63.9,63.93,47662.0,63.69,63.93,95603.0,0.6299481294392614,-0.08
SLV,2026-06-17,19:10:00,63.93,63.94,63.88,63.91,19448.0,63.69,63.93,37499.8,0.6295174682159895,-0.08
SLV,2026-06-17,19:12:00,63.9,63.94,63.9,63.9,21177.0,63.69,63.92,47944.8,0.6285931274522628,-0.07
SLV,2026-06-17,19:14:00,63.9,63.95,63.89,63.93,13624.0,63.69,63.92,74269.8,0.6252251578993304,-0.08
SLV,2026-06-17,19:16:00,63.94,63.94,63.86,63.89,22351.0,63.69,63.92,53919.6,0.6240741476200875,-0.07
SLV,2026-06-17,19:18:00,63.89,63.98,63.89,63.97,26799.0,63.69,63.93,52484.2,0.6234740142452243,-0.1
SLV,2026-06-17,19:20:00,63.97,63.98,63.94,63.95,23541.0,63.69,63.93,36368.8,0.6235609686986434,-0.09
SLV,2026-06-17,19:22:00,63.95,64.0,63.93,63.98,22953.0,63.69,63.94,46538.6,0.6229546522203678,-0.1
SLV,2026-06-17,19:24:00,63.97,63.98,63.93,63.94,22382.0,63.69,63.94,33513.4,0.6231045308179308,-0.09
SLV,2026-06-17,19:26:00,63.93,63.98,63.93,63.96,5103.0,63.69,63.94,31429.4,0.6216666164880876,-0.09
SLV,2026-06-17,19:28:00,63.97,64.01,63.96,63.96,32464.0,63.7,63.95,49019.0,0.6218633140881975,-0.09
SLV,2026-06-17,19:30:00,63.96,63.98,63.93,63.94,21158.0,63.7,63.95,73446.0,0.6194582341336741,-0.08
SLV,2026-06-17,19:32:00,63.94,63.95,63.91,63.91,19825.0,63.7,63.94,38425.0,0.6190694692135972,-0.07
SLV,2026-06-17,19:34:00,63.91,63.92,63.89,63.89,4655.0,63.7,63.93,48323.8,0.6166121730105825,-0.07
SLV,2026-06-17,19:36:00,63.89,63.89,63.86,63.86,16667.0,63.7,63.92,67254.6,0.6142150912267111,-0.05
SLV,2026-06-17,19:38:00,63.85,63.86,63.8,63.8,34476.0,63.7,63.89,43309.6,0.6149729573515992,-0.03
SLV,2026-06-17,19:40:00,63.8,63.81,63.74,63.75,16525.0,63.7,63.86,44428.6,0.6139382198496295,-0.02
SLV,2026-06-17,19:42:00,63.75,63.78,63.71,63.78,20840.0,63.7,63.85,40389.8,0.6135604890088627,-0.03
SLV,2026-06-17,19:44:00,63.8,63.84,63.79,63.83,17656.0,63.7,63.84,38365.8,0.6130008609941239,-0.04
SLV,2026-06-17,19:46:00,63.82,63.83,63.8,63.8,11981.0,63.7,63.83,29396.2,0.6124280768363116,-0.03
SLV,2026-06-17,19:48:00,63.8,63.81,63.78,63.8,8933.0,63.7,63.83,33316.6,0.611343487551224,-0.03
SLV,2026-06-17,19:50:00,63.79,63.82,63.76,63.79,43824.0,63.7,63.82,59423.2,0.6120482785464323,-0.03
SLV,2026-06-17,19:52:00,63.78,63.83,63.78,63.79,19914.0,63.7,63.81,47678.4,0.6111808189750991,-0.03
SLV,2026-06-17,19:54:00,63.78,63.8,63.75,63.79,22094.0,63.7,63.81,56175.0,0.6100412024600427,-0.03
SLV,2026-06-17,19:56:00,63.79,63.8,63.76,63.77,21906.0,63.7,63.8,44966.0,0.6095288881866538,-0.02
SLV,2026-06-17,19:58:00,63.78,63.83,63.76,63.83,27513.0,63.7,63.81,44849.4,0.609545139688982,-0.04
SLV,2026-06-17,20:00:00,63.83,63.89,63.81,63.82,88990.0,63.7,63.81,58531.4,0.6144415839651971,-0.04
SLV,2026-06-17,20:02:00,63.82,63.87,63.81,63.85,36058.0,63.7,63.82,70750.2,0.6137650590893282,-0.05
SLV,2026-06-17,20:04:00,63.84,63.89,63.79,63.89,34808.0,63.7,63.83,73771.0,0.6128160407261514,-0.07
SLV,2026-06-17,20:06:00,63.87,63.9,63.84,63.84,16268.0,63.7,63.83,84974.4,0.6095953796199579,-0.05
SLV,2026-06-17,20:08:00,63.85,63.9,63.71,63.88,106725.0,63.71,63.84,49652.8,0.6164419712210778,-0.06
SLV,2026-06-17,20:10:00,63.88,63.93,63.86,63.87,30268.0,63.71,63.85,52148.4,0.6162745397802939,-0.05
SLV,2026-06-17,20:12:00,63.87,63.9,63.86,63.88,7469.0,63.71,63.85,57629.8,0.6137874448983129,-0.06
SLV,2026-06-17,20:14:00,63.88,63.9,63.81,63.81,23463.0,63.71,63.85,70870.4,0.6120217834765376,-0.03
SLV,2026-06-17,20:16:00,63.81,63.82,63.75,63.8,25421.0,63.71,63.84,73791.8,0.610293372927135,-0.03
SLV,2026-06-17,20:18:00,63.81,63.89,63.79,63.86,17624.0,63.71,63.84,87428.8,0.6071885703783632,-0.05
SLV,2026-06-17,20:20:00,63.85,63.94,63.84,63.93,17087.0,63.71,63.86,65168.4,0.6052460999665562,-0.08
SLV,2026-06-17,20:22:00,63.92,63.94,63.89,63.92,28190.0,63.71,63.87,88396.6,0.6030757655549162,-0.07
SLV,2026-06-17,20:24:00,63.92,64.01,63.83,64.0,50420.0,63.71,63.9,144898.8,0.5999451263013973,-0.1
SLV,2026-06-17,20:26:00,64.0,64.04,63.97,63.99,33411.0,63.71,63.92,78658.4,0.598785815737638,-0.1
SLV,2026-06-17,20:28:00,63.99,64.01,63.98,63.99,12298.0,63.71,63.93,105021.8,0.5945670770223496,-0.1
SLV,2026-06-17,20:30:00,64.0,64.06,63.98,64.03,39663.0,63.72,63.95,114398.4,0.5922248037364125,-0.11
SLV,2026-06-17,20:32:00,64.02,64.42,63.99,64.42,225229.0,63.73,64.04,131787.2,0.6042520337746486,-0.24
SLV,2026-06-17,20:34:00,64.41,64.43,64.18,64.21,155351.0,63.74,64.08,155635.0,0.6091990472992809,-0.16
SLV,2026-06-17,20:36:00,64.2,64.32,64.17,64.25,60816.0,63.75,64.11,92985.6,0.6095329631160411,-0.17
SLV,2026-06-17,20:38:00,64.25,64.31,64.23,64.3,44529.0,63.75,64.15,123625.2,0.6070884240818044,-0.19
SLV,2026-06-17,20:40:00,64.3,64.65,64.28,64.51,303322.0,63.78,64.22,157240.2,0.6233699359982074,-0.25
SLV,2026-06-17,20:42:00,64.52,64.67,64.49,64.58,138915.0,63.79,64.29,86272.2,0.6299936679877949,-0.27
SLV,2026-06-17,20:44:00,64.58,64.69,64.53,64.55,162003.0,63.8,64.34,94954.0,0.637885399354383,-0.26
SLV,2026-06-17,20:46:00,64.55,64.57,64.46,64.46,87667.0,63.81,64.37,96274.0,0.6398981681711795,-0.22
SLV,2026-06-17,20:48:00,64.47,64.54,64.46,64.5,60685.0,63.82,64.39,85900.4,0.6403336130288523,-0.23
SLV,2026-06-17,20:50:00,64.5,64.51,64.46,64.49,33687.0,63.82,64.41,78910.2,0.6390585979672497,-0.23
SLV,2026-06-17,20:52:00,64.5,64.55,64.42,64.55,34673.0,63.82,64.44,68968.2,0.6383505362096362,-0.25
SLV,2026-06-17,20:54:00,64.53,64.54,64.42,64.45,48538.0,63.83,64.44,139875.2,0.6353134623604637,-0.21
SLV,2026-06-17,20:56:00,64.44,64.5,64.43,64.47,67021.0,63.83,64.45,186509.8,0.6315300664618615,-0.22
SLV,2026-06-17,20:58:00,64.46,64.52,64.45,64.48,53699.0,63.84,64.45,201302.0,0.62621133906368,-0.22
SLV,2026-06-17,21:00:00,64.45,64.49,63.43,63.72,744450.0,63.85,64.31,468026.0,0.657833339942168,0.04
SLV,2026-06-17,21:02:00,63.69,63.75,63.12,63.2,471597.0,63.83,64.09,453394.0,0.6696033384721183,0.22
SLV,2026-06-17,21:04:00,63.2,63.22,62.5,62.51,537841.0,63.78,63.77,440411.4,0.6856203495610655,0.44
SLV,2026-06-17,21:06:00,62.51,62.82,62.39,62.5,414988.0,63.73,63.52,245267.4,0.7016347117350075,0.42
SLV,2026-06-17,21:08:00,62.49,62.64,62.16,62.39,445126.0,63.68,63.29,291009.2,0.716977638172011,0.44
SLV,2026-06-17,21:10:00,62.38,62.41,62.21,62.22,287895.0,63.65,63.08,219306.4,0.7251830949869252,0.49
SLV,2026-06-17,21:12:00,62.2,62.39,62.07,62.18,432169.0,63.6,62.9,180427.8,0.7438947554099915,0.49
SLV,2026-06-17,21:14:00,62.18,62.56,62.12,62.52,222508.0,63.57,62.82,142645.4,0.7510591529991508,0.36
SLV,2026-06-17,21:16:00,62.54,62.66,62.39,62.63,312514.0,63.55,62.78,170271.4,0.7623057334501663,0.32
SLV,2026-06-17,21:18:00,62.63,62.84,62.57,62.78,191998.0,63.53,62.78,98645.2,0.7693780181968363,0.26
SLV,2026-06-17,21:20:00,62.78,62.8,62.6,62.72,154134.0,63.52,62.77,116922.6,0.7732365949101816,0.27
SLV,2026-06-17,21:22:00,62.72,62.72,62.56,62.66,107926.0,63.52,62.75,102844.6,0.7749338071611658,0.3
SLV,2026-06-17,21:24:00,62.64,62.67,62.28,62.39,212596.0,63.5,62.68,110598.4,0.7824663271328053,0.38
SLV,2026-06-17,21:26:00,62.41,62.51,62.3,62.43,139787.0,63.49,62.63,116747.4,0.7853218392406525,0.36
SLV,2026-06-17,21:28:00,62.43,62.54,62.38,62.53,108578.0,63.48,62.61,80441.0,0.7879860756308976,0.33
SLV,2026-06-17,21:30:00,62.52,62.82,62.4,62.82,239747.0,63.47,62.65,127067.8,0.7961177465905003,0.22
SLV,2026-06-17,21:32:00,62.82,63.06,62.19,62.32,722157.0,63.42,62.58,224760.2,0.8273470920158116,0.38
SLV,2026-06-17,21:34:00,62.32,62.47,62.12,62.33,214913.0,63.41,62.53,137893.8,0.8330979606075033,0.37
SLV,2026-06-17,21:36:00,62.32,62.94,62.32,62.68,228559.0,63.39,62.56,129309.2,0.8399393850628416,0.24
SLV,2026-06-17,21:38:00,62.66,63.01,62.65,62.8,178185.0,63.39,62.61,109926.4,0.8447702921310066,0.2
SLV,2026-06-17,21:40:00,62.81,63.08,62.7,63.0,241960.0,63.38,62.69,129164.6,0.8521914698231362,0.13
SLV,2026-06-17,21:42:00,63.0,63.21,62.89,63.18,256560.0,63.37,62.79,101796.4,0.8616239568784914,0.07
SLV,2026-06-17,21:44:00,63.17,63.38,63.15,63.21,355114.0,63.37,62.87,116243.0,0.8756952320038401,0.05
SLV,2026-06-17,21:46:00,63.22,63.54,63.13,63.51,187226.0,63.37,63.0,131104.6,0.8796633551123411,-0.05
SLV,2026-06-17,21:48:00,63.47,63.48,63.18,63.25,198655.0,63.37,63.05,119828.8,0.884739390073375,0.04
SLV,2026-06-17,21:50:00,63.25,63.28,63.15,63.23,78678.0,63.37,63.09,98952.0,0.8842591893214939,0.05
SLV,2026-06-17,21:52:00,63.24,63.37,63.11,63.18,136634.0,63.37,63.1,86673.0,0.8874923378405746,0.07
SLV,2026-06-17,21:54:00,63.19,63.21,62.75,62.76,285299.0,63.36,63.04,118123.4,0.8971565382468831,0.21
SLV,2026-06-17,21:56:00,62.77,62.82,62.45,62.55,240120.0,63.35,62.94,109845.0,0.9046935933319655,0.27
SLV,2026-06-17,21:58:00,62.55,62.6,62.27,62.52,231080.0,63.34,62.85,110899.6,0.9116136460322353,0.28
SLV,2026-06-17,22:00:00,62.52,62.69,62.4,62.44,182123.0,63.33,62.77,147305.0,0.9141259156836589,0.31
SLV,2026-06-17,22:02:00,62.44,62.64,62.19,62.26,311577.0,63.31,62.67,178144.0,0.921864342853676,0.36
SLV,2026-06-17,22:04:00,62.27,62.33,61.95,61.98,273623.0,63.3,62.53,143346.2,0.929170868034752,0.45
SLV,2026-06-17,22:06:00,61.98,62.14,61.76,61.89,542197.0,63.26,62.4,237314.4,0.9455833150293332,0.47
SLV,2026-06-17,22:08:00,61.89,62.17,61.88,62.0,262058.0,63.24,62.32,150158.2,0.951662667144586,0.43
SLV,2026-06-17,22:10:00,61.99,62.01,61.73,61.75,279406.0,63.22,62.21,171326.8,0.9575034989319261,0.5
SLV,2026-06-17,22:12:00,61.77,62.14,61.77,62.09,237928.0,63.2,62.18,141690.6,0.9626002221572377,0.38
SLV,2026-06-17,22:14:00,62.07,62.07,61.73,61.8,198306.0,63.19,62.11,100129.8,0.9676548869340171,0.48
SLV,2026-06-17,22:16:00,61.81,61.92,61.61,61.62,145858.0,63.18,62.01,104965.2,0.969839924097435,0.54
SLV,2026-06-17,22:18:00,61.63,61.74,61.59,61.59,224385.0,63.16,61.93,102780.8,0.9759614202251055,0.54
SLV,2026-06-17,22:20:00,61.58,61.64,61.48,61.54,254719.0,63.14,61.85,111373.8,0.9830904221422645,0.55
SLV,2026-06-17,22:22:00,61.55,61.65,61.32,61.48,185645.0,63.13,61.78,90342.2,0.9877970481916318,0.57
SLV,2026-06-17,22:24:00,61.48,61.55,61.35,61.49,130771.0,63.12,61.72,85235.2,0.9900516177052587,0.56
SLV,2026-06-17,22:26:00,61.5,61.63,61.32,61.33,185169.0,63.1,61.64,163991.4,0.991147024535869,0.61
SLV,2026-06-17,22:28:00,61.32,61.38,61.09,61.1,305753.0,63.07,61.53,156117.4,0.9983456922192431,0.68
SLV,2026-06-17,22:30:00,61.1,61.1,60.82,60.97,411675.0,63.03,61.42,266979.6,1.0051771047730265,0.71
SLV,2026-06-17,22:32:00,60.98,61.11,60.87,61.06,246554.0,63.01,61.35,243915.0,1.0052411467100035,0.67
SLV,2026-06-17,22:34:00,61.05,61.08,60.87,60.92,185766.0,62.99,61.26,138710.4,1.0073831958397956,0.71
SLV,2026-06-17,22:36:00,60.92,61.01,60.74,60.76,528552.0,62.94,61.16,237480.0,1.020614847545337,0.75
SLV,2026-06-17,22:38:00,60.77,60.8,60.4,60.42,608863.0,62.88,61.01,216544.6,1.0381789714124674,0.84
SLV,2026-06-17,22:40:00,60.42,60.66,60.41,60.57,940259.0,62.79,60.92,391900.0,1.0619128177837978,0.76
SLV,2026-06-17,22:42:00,60.55,60.67,60.41,60.55,341778.0,62.76,60.85,141584.0,1.0703772178984907,0.76
SLV,2026-06-17,22:44:00,60.56,60.74,60.38,60.59,348431.0,62.72,60.8,175489.4,1.07742341923182,0.73
SLV,2026-06-17,22:46:00,60.59,60.76,60.55,60.74,331402.0,62.7,60.79,201904.8,1.0823755650767621,0.67
SLV,2026-06-17,22:48:00,60.74,60.79,60.61,60.66,292959.0,62.67,60.76,158623.8,1.0876135606937385,0.69
SLV,2026-06-17,22:50:00,60.65,60.94,60.56,60.91,552260.0,62.63,60.79,286764.8,1.0978689580595897,0.59
SLV,2026-06-17,22:52:00,60.9,60.91,60.59,60.6,375777.0,62.61,60.75,246635.2,1.1023022893056125,0.69
SLV,2026-06-17,22:54:00,60.61,60.85,60.59,60.78,302963.0,62.58,60.76,315011.2,1.1004575238164158,0.62
SLV,2026-06-17,22:56:00,60.78,60.79,60.6,60.6,289259.0,62.56,60.73,234532.4,1.1017435366540773,0.67
SLV,2026-06-17,22:58:00,60.61,60.66,60.57,60.62,698737.0,62.51,60.71,672732.2,1.1000395690104645,0.65
SLV,2026-06-17,23:00:00,60.61,61.01,60.6,60.98,489084.0,62.48,60.76,543295.4,1.0957739659604506,0.51
SLV,2026-06-17,23:02:00,60.98,61.03,60.86,60.9,27963.0,62.48,60.79,13700.2,1.0962825463630237,0.54
SLV,2026-06-17,23:04:00,60.9,61.08,60.78,61.08,12573.0,62.48,60.85,15921.6,1.096090964059605,0.48
SLV,2026-06-17,23:06:00,61.07,61.12,60.97,61.03,9058.0,62.48,60.88,15051.0,1.095799174834258,0.5
SLV,2026-06-17,23:08:00,61.0,61.12,61.0,61.08,14536.0,62.48,60.92,9454.6,1.0959628953196139,0.48
SLV,2026-06-17,23:10:00,61.13,61.22,61.12,61.16,27306.0,62.48,60.97,16071.2,1.096342685007174,0.45
SLV,2026-06-17,23:12:00,61.17,61.27,61.15,61.23,13352.0,62.48,61.02,6157.6,1.0966012800082987,0.43
SLV,2026-06-17,23:14:00,61.19,61.3,61.16,61.19,16773.0,62.48,61.06,9232.4,1.0968616446740913,0.44
SLV,2026-06-17,23:16:00,61.2,61.28,61.19,61.22,9174.0,62.48,61.09,8166.8,1.0968701064168171,0.43
SLV,2026-06-17,23:18:00,61.26,61.43,61.25,61.43,12952.0,62.48,61.16,9833.6,1.0969548601354635,0.36
SLV,2026-06-17,23:20:00,61.42,61.5,61.4,61.4,8002.0,62.48,61.21,2973.2,1.0971403471456294,0.37
SLV,2026-06-17,23:22:00,61.4,61.42,61.39,61.39,10018.0,62.48,61.24,4256.6,1.0973495647431994,0.37
SLV,2026-06-17,23:24:00,61.33,61.36,61.25,61.28,117362.0,62.47,61.25,31648.6,1.100578259796655,0.41
SLV,2026-06-17,23:26:00,61.3,61.33,61.27,61.27,5124.0,62.47,61.25,8081.0,1.100431010026079,0.41
SLV,2026-06-17,23:28:00,61.29,61.31,61.27,61.27,2873.0,62.47,61.26,4337.2,1.100356815592731,0.41
SLV,2026-06-17,23:30:00,61.3,61.44,61.3,61.44,21750.0,62.47,61.29,12075.2,1.1006871729483323,0.35
SLV,2026-06-17,23:32:00,61.42,61.45,61.4,61.44,16582.0,62.47,61.32,12052.6,1.1008165486519237,0.35
SLV,2026-06-17,23:34:00,61.42,61.42,61.37,61.38,4123.0,62.47,61.33,3069.4,1.100845580017119,0.37
SLV,2026-06-17,23:36:00,61.4,61.45,61.4,61.43,8380.0,62.47,61.35,7862.2,1.1008348521869065,0.36
SLV,2026-06-17,23:38:00,61.45,61.58,61.45,61.58,18842.0,62.47,61.4,15485.4,1.1009048212097055,0.31
SLV,2026-06-17,23:40:00,61.57,61.61,61.56,61.59,9087.0,62.47,61.44,5709.8,1.101013973841124,0.3
SLV,2026-06-17,23:42:00,61.6,61.6,61.53,61.54,12024.0,62.47,61.46,108292.6,1.0968538164615327,0.32
SLV,2026-06-17,23:44:00,61.54,61.55,61.5,61.51,2277.0,62.47,61.47,8471.0,1.0965817125865664,0.33
SLV,2026-06-17,23:46:00,61.55,61.55,61.5,61.51,1157.0,62.47,61.48,2187.8,1.0965335331847155,0.33
SLV,2026-06-17,23:48:00,61.5,61.5,61.41,61.41,2692.0,62.47,61.46,1846.0,1.096559434335479,0.36
SLV,2026-06-17,23:50:00,61.38,61.41,61.33,61.41,7013.0,62.47,61.45,4021.0,1.096660406625382,0.36
SLV,2026-06-17,23:52:00,61.38,61.4,61.37,61.4,1959.0,62.47,61.44,1536.8,1.0966710181724781,0.37
SLV,2026-06-17,23:54:00,61.44,61.44,61.39,61.41,2850.0,62.47,61.44,3007.6,1.0966536344021756,0.36
SLV,2026-06-17,23:56:00,61.41,61.42,61.38,61.42,362.0,62.47,61.43,2103.6,1.0965782302209934,0.36
SLV,2026-06-17,23:58:00,61.42,61.43,61.39,61.39,680.0,62.47,61.42,3573.6,1.0964526826263952,0.37
SLV,2026-06-18,11:00:00,62.0,62.69,61.86,61.96,56149.0,62.13,61.96,56649.8,0.9911597216583289,0.06
SLV,2026-06-18,11:02:00,61.94,62.67,61.93,62.47,24536.0,62.17,62.06,19612.2,1.0579974299126695,-0.1
SLV,2026-06-18,11:04:00,62.46,62.67,61.9,61.96,109879.0,62.21,62.04,91521.6,1.135772506967308,0.09
SLV,2026-06-18,11:06:00,62.22,62.37,61.92,62.01,24226.0,62.2,62.04,45540.8,1.0068702876932971,0.07
SLV,2026-06-18,11:08:00,62.02,62.02,61.98,62.02,34902.0,62.18,62.03,38083.2,0.9931760217272667,0.05
SLV,2026-06-18,11:10:00,62.0,62.0,61.97,61.99,933.0,62.18,62.02,39699.4,0.8609377308000149,0.07
SLV,2026-06-18,11:12:00,61.94,61.94,61.87,61.87,2485.0,62.17,61.99,10275.0,0.8398311777080248,0.1
SLV,2026-06-18,11:14:00,61.83,61.84,61.8,61.83,30842.0,62.14,61.96,9270.6,0.9140499709321601,0.11
SLV,2026-06-18,11:16:00,61.84,61.85,61.83,61.85,547.0,62.13,61.94,3526.2,0.9055321364776998,0.1
SLV,2026-06-18,11:18:00,61.85,61.86,61.81,61.83,1549.0,62.13,61.92,1940.8,0.9048727127327757,0.1
SLV,2026-06-18,11:20:00,61.83,61.83,61.83,61.83,855.0,62.13,61.9,710.0,0.9055435476988261,0.1
SLV,2026-06-18,11:22:00,61.78,61.81,61.78,61.78,1522.0,62.13,61.88,3189.8,0.9012734852949539,0.12
SLV,2026-06-18,11:24:00,61.77,61.78,61.73,61.76,2910.0,62.13,61.85,2786.8,0.9025074487416908,0.13
SLV,2026-06-18,11:26:00,61.78,61.8,61.74,61.74,4255.0,62.12,61.83,3787.8,0.9050686785427778,0.13
SLV,2026-06-18,11:28:00,61.75,61.75,61.75,61.75,100.0,62.12,61.81,1181.8,0.9021105279889485,0.13
SLV,2026-06-18,11:30:00,61.75,61.75,61.73,61.73,14043.0,62.1,61.8,4516.4,0.9321103534780533,0.13
SLV,2026-06-18,11:32:00,61.74,61.86,61.74,61.86,8192.0,62.1,61.81,2688.4,0.9490848126727338,0.08
SLV,2026-06-18,11:34:00,61.83,61.83,61.71,61.71,550.0,62.1,61.79,4767.8,0.9373848412531155,0.13
SLV,2026-06-18,11:36:00,61.78,61.83,61.78,61.79,10591.0,62.09,61.79,8535.8,0.9448203507365536,0.1
SLV,2026-06-18,11:38:00,61.85,61.94,61.85,61.93,19500.0,62.08,61.82,7076.2,0.98088025565032,0.05
SLV,2026-06-18,11:40:00,61.93,61.93,61.91,61.91,6599.0,62.07,61.84,2953.4,0.9912121721239873,0.05
SLV,2026-06-18,11:42:00,61.94,61.95,61.9,61.9,1539.0,62.07,61.85,3043.2,0.987123537111499,0.06
SLV,2026-06-18,11:44:00,61.88,61.89,61.82,61.82,3147.0,62.07,61.84,6078.8,0.9793574823139171,0.09
SLV,2026-06-18,11:46:00,61.84,61.84,61.84,61.84,100.0,62.07,61.84,2017.6,0.9742798415172251,0.08
SLV,2026-06-18,11:48:00,61.82,61.82,61.82,61.82,100.0,62.07,61.84,1454.8,0.9707280669448667,0.09
SLV,2026-06-18,11:50:00,61.81,61.81,61.79,61.8,1123.0,62.07,61.83,1457.6,0.9699440711257586,0.09
SLV,2026-06-18,11:52:00,61.78,61.78,61.71,61.72,2960.0,62.07,61.81,1102.2,0.9750072295350606,0.12
SLV,2026-06-18,11:54:00,61.7,61.7,61.7,61.7,100.0,62.07,61.79,3988.6,0.9649692176531024,0.13
SLV,2026-06-18,11:56:00,61.7,61.7,61.6,61.61,10958.0,62.05,61.75,2854.8,0.9865389257329652,0.15
SLV,2026-06-18,11:58:00,61.62,61.62,61.58,61.58,646.0,62.05,61.72,1998.6,0.9830713295493188,0.16
SLV,2026-06-18,12:00:00,61.54,61.61,61.51,61.61,4338.0,62.05,61.7,1696.8,0.9900241349892764,0.15
SLV,2026-06-18,12:02:00,61.65,61.68,61.65,61.68,3011.0,62.04,61.69,4624.4,0.9859913460370656,0.12
SLV,2026-06-18,12:04:00,61.68,61.71,61.68,61.7,5077.0,62.04,61.69,3178.4,0.9909507066697703,0.12
SLV,2026-06-18,12:06:00,61.71,61.73,61.69,61.7,11225.0,62.03,61.7,9447.4,0.9955938463378832,0.11
SLV,2026-06-18,12:08:00,61.69,61.72,61.68,61.7,7968.0,62.02,61.7,3436.0,1.0068298685670372,0.11
SLV,2026-06-18,12:10:00,61.66,61.66,61.54,61.54,1527.0,62.02,61.66,5544.2,0.9969451819581452,0.16
SLV,2026-06-18,12:12:00,61.52,61.62,61.45,61.62,7564.0,62.01,61.66,3796.0,1.0060739090488395,0.13
SLV,2026-06-18,12:14:00,61.71,61.72,61.71,61.71,2856.0,62.01,61.67,2849.6,1.0060477429147954,0.1
SLV,2026-06-18,12:16:00,61.71,61.81,61.7,61.81,6199.0,62.01,61.7,2912.6,1.0138343583564757,0.07
SLV,2026-06-18,12:18:00,61.81,61.81,61.81,61.81,638.0,62.01,61.72,1898.6,1.0107827002518415,0.07
SLV,2026-06-18,12:20:00,61.81,61.82,61.81,61.82,1745.0,62.01,61.74,6362.2,0.9998360028426175,0.07
SLV,2026-06-18,12:22:00,61.76,61.76,61.69,61.72,3149.0,62.01,61.73,2224.2,1.0019861467080537,0.1
SLV,2026-06-18,12:24:00,61.71,61.76,61.71,61.75,1610.0,62.0,61.74,2246.8,1.0005035521465473,0.09
SLV,2026-06-18,12:26:00,61.74,61.77,61.69,61.7,5922.0,62.0,61.73,2318.2,1.0087884107777156,0.1
SLV,2026-06-18,12:28:00,61.73,61.73,61.68,61.68,1749.0,62.0,61.72,2466.4,1.0070983678007317,0.11
SLV,2026-06-18,12:30:00,61.72,61.72,61.69,61.69,250.0,62.0,61.71,2728.8,1.0014212324953653,0.11
SLV,2026-06-18,12:32:00,61.71,61.77,61.71,61.71,4202.0,62.0,61.71,6866.8,0.9954366385519685,0.1
SLV,2026-06-18,12:34:00,61.73,61.74,61.73,61.74,602.0,62.0,61.72,6895.4,0.9816378391671449,0.09
SLV,2026-06-18,12:36:00,61.72,61.72,61.7,61.7,2200.0,61.99,61.71,903.6,0.9845253992466348,0.1
SLV,2026-06-18,12:38:00,61.77,61.81,61.77,61.81,1646.0,61.99,61.73,1688.0,0.9844906072467148,0.06
SLV,2026-06-18,12:40:00,61.78,61.83,61.75,61.81,24236.0,61.98,61.75,5719.2,1.0247523552650257,0.06
SLV,2026-06-18,12:42:00,61.82,61.83,61.82,61.82,1474.0,61.98,61.76,642.6,1.0265146096367808,0.05
SLV,2026-06-18,12:44:00,61.85,61.9,61.85,61.9,2708.0,61.98,61.79,1068.4,1.029988491339183,0.03
SLV,2026-06-18,12:46:00,61.9,61.9,61.88,61.88,948.0,61.98,61.81,3754.2,1.0237461578668665,0.03
SLV,2026-06-18,12:48:00,61.87,61.9,61.86,61.89,1750.0,61.98,61.82,608.2,1.026154079459703,0.03
SLV,2026-06-18,12:50:00,61.88,61.91,61.87,61.91,1000.0,61.98,61.84,900.0,1.0263170797741143,0.02
SLV,2026-06-18,12:52:00,61.93,61.93,61.93,61.93,150.0,61.98,61.86,615.0,1.025292632349873,0.02
SLV,2026-06-18,12:54:00,61.9,61.9,61.9,61.9,205.0,61.98,61.87,1592.0,1.0222642342147366,0.03
SLV,2026-06-18,12:56:00,61.89,61.9,61.89,61.89,1245.0,61.98,61.87,1333.8,1.0220135167673168,0.03
SLV,2026-06-18,12:58:00,61.89,61.9,61.89,61.9,550.0,61.98,61.88,4124.4,1.0143256811400136,0.03
SLV,2026-06-18,13:00:00,61.89,61.92,61.88,61.9,2398.0,61.98,61.88,1774.8,1.0155748787424743,0.03
SLV,2026-06-18,13:02:00,61.85,61.86,61.85,61.85,950.0,61.98,61.88,1709.4,1.013938135468282,0.04
SLV,2026-06-18,13:04:00,61.88,61.95,61.88,61.94,800.0,61.98,61.89,2522.6,1.0102970633380217,0.01
SLV,2026-06-18,13:06:00,61.95,61.95,61.9,61.9,1064.0,61.98,61.89,4767.2,1.0026004756257203,0.03
SLV,2026-06-18,13:08:00,61.9,61.9,61.85,61.85,1223.0,61.98,61.88,3964.0,0.9970025851990538,0.04
SLV,2026-06-18,13:10:00,61.85,61.85,61.85,61.85,0.0,61.98,61.88,1354.8,0.9942618876117237,0.04
SLV,2026-06-18,13:12:00,61.8,61.84,61.78,61.84,1382.0,61.98,61.87,1186.0,0.9946723991004613,0.05
SLV,2026-06-18,13:14:00,61.89,61.89,61.88,61.89,300.0,61.98,61.87,3779.8,0.9877226448281154,0.03
SLV,2026-06-18,13:16:00,61.89,61.89,61.84,61.84,1846.0,61.98,61.87,2572.4,0.986334073566019,0.05
SLV,2026-06-18,13:18:00,61.84,61.84,61.84,61.84,0.0,61.98,61.86,2194.0,0.9820282336723591,0.05
SLV,2026-06-18,13:20:00,61.87,61.87,61.87,61.87,1319.0,61.98,61.86,2690.2,0.9794101103692816,0.04
SLV,2026-06-18,13:22:00,61.76,61.76,61.76,61.76,201.0,61.98,61.84,1219.0,0.9774497400127624,0.08
SLV,2026-06-18,13:24:00,61.75,61.76,61.73,61.74,2360.0,61.98,61.82,1861.8,0.9785123661301446,0.08
SLV,2026-06-18,13:26:00,61.74,61.74,61.59,61.6,791.0,61.98,61.78,1965.2,0.9762941753048224,0.13
SLV,2026-06-18,13:28:00,61.61,61.72,61.61,61.72,3462.0,61.98,61.77,2014.2,0.9792133002399246,0.09
SLV,2026-06-18,13:30:00,61.74,61.79,61.73,61.73,6500.0,61.97,61.76,2600.6,0.9868909879086055,0.08
SLV,2026-06-18,13:32:00,61.75,61.8,61.75,61.8,721.0,61.97,61.77,1326.2,0.9857523732485379,0.06
SLV,2026-06-18,13:34:00,61.66,61.7,61.66,61.68,2604.0,61.97,61.75,636.8,0.9895757559811427,0.1
SLV,2026-06-18,13:36:00,61.68,61.69,61.67,61.69,537.0,61.97,61.74,1615.8,0.9875276515071156,0.1
SLV,2026-06-18,13:38:00,61.68,61.69,61.68,61.69,1517.0,61.97,61.73,788.4,0.9889496421497282,0.1
SLV,2026-06-18,13:40:00,61.69,61.69,61.69,61.69,0.0,61.97,61.72,1055.0,0.9869445665843631,0.1
SLV,2026-06-18,13:42:00,61.67,61.67,61.67,61.67,100.0,61.97,61.71,2809.4,0.9818357603164463,0.1
SLV,2026-06-18,13:44:00,61.59,61.64,61.59,61.64,4135.0,61.97,61.7,1397.0,0.9871037798003952,0.11
SLV,2026-06-18,13:46:00,61.68,61.68,61.66,61.67,487.0,61.97,61.69,1825.0,0.9846066106388935,0.1
SLV,2026-06-18,13:48:00,61.65,61.65,61.59,61.59,4098.0,61.96,61.67,2142.6,0.9883687489167955,0.13
SLV,2026-06-18,13:50:00,61.58,61.58,61.55,61.55,4028.0,61.96,61.65,3410.4,0.9896043650462424,0.14
SLV,2026-06-18,13:52:00,61.51,61.53,61.44,61.47,4067.0,61.96,61.61,4196.2,0.9894447439151999,0.17
SLV,2026-06-18,13:54:00,61.45,61.47,61.33,61.42,6026.0,61.95,61.57,2307.2,0.9963966152475809,0.18
SLV,2026-06-18,13:56:00,61.38,61.39,61.34,61.34,18008.0,61.93,61.53,5458.6,1.0195059062675127,0.2
SLV,2026-06-18,13:58:00,61.35,61.35,61.27,61.28,3629.0,61.93,61.48,2072.6,1.0222825674845515,0.22
SLV,2026-06-18,14:00:00,61.34,61.34,61.19,61.25,18947.0,61.91,61.43,18406.2,1.0225140845918925,0.23
SLV,2026-06-18,14:02:00,61.24,61.26,61.16,61.26,13950.0,61.89,61.4,8384.4,1.0319016691109717,0.22
SLV,2026-06-18,14:04:00,61.25,61.3,61.25,61.25,5609.0,61.88,61.37,10364.6,1.0231792656320795,0.22
SLV,2026-06-18,14:06:00,61.23,61.27,61.18,61.19,16894.0,61.87,61.33,16194.4,1.0237202558236935,0.23
SLV,2026-06-18,14:08:00,61.2,61.2,61.0,61.04,17338.0,61.85,61.27,10612.0,1.0343350313396107,0.28
SLV,2026-06-18,14:10:00,61.07,61.07,60.83,60.94,14607.0,61.83,61.21,10852.4,1.039782958113893,0.31
SLV,2026-06-18,14:12:00,60.93,60.94,60.75,60.92,18508.0,61.8,61.15,17441.0,1.0403676199155032,0.3
SLV,2026-06-18,14:14:00,60.86,61.0,60.82,61.0,20710.0,61.77,61.12,19677.2,1.0407301031035647,0.26
SLV,2026-06-18,14:16:00,61.0,61.05,60.95,60.98,26015.0,61.74,61.09,22415.0,1.044679785852646,0.26
SLV,2026-06-18,14:18:00,60.95,60.95,60.8,60.85,89892.0,61.65,61.04,24609.0,1.1357297848170078,0.27
SLV,2026-06-18,14:20:00,60.88,60.88,60.79,60.87,3107.0,61.65,61.01,15626.4,1.1154115178363257,0.27
SLV,2026-06-18,14:22:00,60.88,61.0,60.88,60.98,23466.0,61.62,61.0,7381.8,1.1363368482133953,0.22
SLV,2026-06-18,14:24:00,60.95,60.97,60.88,60.88,7275.0,61.62,60.98,10004.0,1.130790427052253,0.25
SLV,2026-06-18,14:26:00,60.92,60.95,60.83,60.85,20259.0,61.6,60.95,10932.0,1.141335917138066,0.26
SLV,2026-06-18,14:28:00,60.86,60.91,60.79,60.91,20636.0,61.58,60.94,9123.0,1.1548236342086629,0.23
SLV,2026-06-18,14:30:00,60.9,60.9,60.86,60.86,18132.0,61.57,60.93,10785.4,1.162207773321356,0.24
SLV,2026-06-18,14:32:00,60.86,60.88,60.8,60.82,7737.0,61.56,60.91,7051.6,1.1616168907149482,0.25
SLV,2026-06-18,14:34:00,60.81,60.89,60.81,60.89,767.0,61.56,60.9,6510.4,1.152930655998503,0.23
SLV,2026-06-18,14:36:00,60.85,60.85,60.25,60.39,78275.0,61.48,60.8,23079.6,1.217078348458779,0.37
SLV,2026-06-18,14:38:00,60.45,60.54,60.37,60.45,32577.0,61.45,60.73,12823.8,1.2378171977147148,0.34
SLV,2026-06-18,14:40:00,60.42,60.55,60.42,60.47,17519.0,61.43,60.68,5802.8,1.2503604165979003,0.33
SLV,2026-06-18,14:42:00,60.48,60.5,60.35,60.39,26312.0,61.41,60.62,7568.8,1.270620113725675,0.35
SLV,2026-06-18,14:44:00,60.44,60.5,60.39,60.49,7198.0,61.4,60.59,5658.0,1.2706306615331768,0.31
SLV,2026-06-18,14:46:00,60.49,60.51,60.42,60.42,5568.0,61.4,60.56,11283.4,1.2602966024894509,0.34
SLV,2026-06-18,14:48:00,60.41,60.44,60.35,60.35,5633.0,61.39,60.52,9484.4,1.252930804005869,0.36
SLV,2026-06-18,14:50:00,60.36,60.36,60.27,60.29,11306.0,61.38,60.47,12948.8,1.2472844113673889,0.37
SLV,2026-06-18,14:52:00,60.28,60.45,60.25,60.4,15875.0,61.37,60.46,11349.2,1.2492330045481383,0.33
SLV,2026-06-18,14:54:00,60.4,60.4,60.25,60.25,6615.0,61.36,60.42,6080.0,1.248129542479393,0.38
SLV,2026-06-18,14:56:00,60.25,60.36,60.25,60.32,9520.0,61.35,60.4,8638.8,1.2467223405225392,0.35
SLV,2026-06-18,14:58:00,60.34,60.44,60.34,60.42,1945.0,61.35,60.4,15444.8,1.2277521181857451,0.32
SLV,2026-06-18,15:00:00,60.45,60.63,60.36,60.48,31977.0,61.33,60.42,19751.8,1.2360402911479953,0.29
SLV,2026-06-18,15:02:00,60.48,60.54,60.38,60.47,11929.0,61.32,60.43,9540.0,1.2361859446180608,0.29
SLV,2026-06-18,15:04:00,60.46,60.49,60.32,60.33,13015.0,61.31,60.41,7694.2,1.2398758658081832,0.34
SLV,2026-06-18,15:06:00,60.32,60.45,60.27,60.45,6455.0,61.3,60.42,16234.4,1.2257168981167474,0.29
SLV,2026-06-18,15:08:00,60.47,60.54,60.46,60.54,2010.0,61.3,60.44,11315.0,1.2135792057217833,0.26
SLV,2026-06-18,15:10:00,60.54,60.59,60.54,60.58,1829.0,61.3,60.47,10328.6,1.2027366532349786,0.25
SLV,2026-06-18,15:12:00,60.59,60.71,60.55,60.68,12705.0,61.29,60.51,8686.8,1.2050026635118154,0.21
SLV,2026-06-18,15:14:00,60.7,60.72,60.58,60.67,23468.0,61.28,60.54,14228.0,1.2112615356473946,0.21
SLV,2026-06-18,15:16:00,60.64,60.78,60.64,60.75,4269.0,61.28,60.58,2974.0,1.2119195219684984,0.18
SLV,2026-06-18,15:18:00,60.73,60.8,60.73,60.8,15022.0,61.27,60.63,8415.6,1.2166401904331234,0.16
SLV,2026-06-18,15:20:00,60.79,60.9,60.75,60.9,9350.0,61.27,60.68,9711.0,1.2142503941313691,0.13
SLV,2026-06-18,15:22:00,60.91,60.92,60.79,60.83,12089.0,61.27,60.71,13212.6,1.2104648061554213,0.15
SLV,2026-06-18,15:24:00,60.85,60.85,60.65,60.67,8254.0,61.26,60.7,30800.0,1.1834716298556827,0.2
SLV,2026-06-18,15:26:00,60.67,60.68,60.55,60.55,31551.0,61.25,60.67,23191.8,1.1872074877315064,0.24
SLV,2026-06-18,15:28:00,60.55,60.62,60.55,60.59,27894.0,61.23,60.66,14921.6,1.1963488362903543,0.22
SLV,2026-06-18,15:30:00,60.58,60.63,60.42,60.63,8797.0,61.23,60.65,16619.2,1.1865398868375168,0.21
SLV,2026-06-18,15:32:00,60.6,60.63,60.45,60.45,31452.0,61.21,60.61,15906.8,1.1975150824495606,0.26
SLV,2026-06-18,15:34:00,60.41,60.43,60.39,60.39,23228.0,61.2,60.57,12895.2,1.204233183528381,0.28
SLV,2026-06-18,15:36:00,60.46,60.5,60.4,60.41,21813.0,61.19,60.54,29729.6,1.1924649865882453,0.27
SLV,2026-06-18,15:38:00,60.45,60.46,60.16,60.16,36710.0,61.16,60.46,17764.6,1.205334710848612,0.34
SLV,2026-06-18,15:40:00,60.2,60.31,60.1,60.29,13740.0,61.16,60.43,10110.0,1.2066121653544404,0.3
SLV,2026-06-18,15:42:00,60.3,60.4,60.2,60.27,16492.0,61.15,60.39,11856.2,1.2083918652518708,0.3
SLV,2026-06-18,15:44:00,60.27,60.28,60.12,60.19,44875.0,61.12,60.35,14676.2,1.230225302634824,0.32
SLV,2026-06-18,15:46:00,60.18,60.25,60.14,60.17,40766.0,61.09,60.32,11787.2,1.251156111512663,0.32
SLV,2026-06-18,15:48:00,60.19,60.22,60.07,60.11,17314.0,61.08,60.28,9935.2,1.2550172432032491,0.33
SLV,2026-06-18,15:50:00,60.12,60.17,60.08,60.17,6110.0,61.08,60.25,8096.4,1.2518346125014004,0.31
SLV,2026-06-18,15:52:00,60.09,60.13,60.06,60.08,8161.0,61.08,60.22,6612.2,1.2517436542240667,0.34
SLV,2026-06-18,15:54:00,60.15,60.23,60.11,60.14,3611.0,61.07,60.2,5319.8,1.2493713110493745,0.32
SLV,2026-06-18,15:56:00,60.17,60.18,60.01,60.15,33954.0,61.05,60.19,14458.8,1.2616008892341068,0.31
SLV,2026-06-18,15:58:00,60.13,60.15,60.08,60.14,8988.0,61.05,60.18,38747.2,1.2317841268151972,0.31
SLV,2026-06-18,16:00:00,60.2,60.32,60.16,60.2,25532.0,61.04,60.19,72526.0,1.1865503960657575,0.29
SLV,2026-06-18,16:02:00,60.2,60.31,60.19,60.26,14536.0,61.03,60.2,37784.6,1.1656316378026823,0.26
SLV,2026-06-18,16:04:00,60.25,60.26,60.15,60.19,5769.0,61.03,60.2,28854.0,1.1467686695362644,0.29
SLV,2026-06-18,16:06:00,60.23,60.34,60.18,60.3,16775.0,61.02,60.22,19152.2,1.1433014461825972,0.25
SLV,2026-06-18,16:08:00,60.31,60.38,60.3,60.34,10569.0,61.01,60.24,22609.2,1.1332417699980104,0.23
SLV,2026-06-18,16:10:00,60.34,60.47,60.29,60.46,10782.0,61.01,60.29,21346.8,1.1245362415547042,0.19
SLV,2026-06-18,16:12:00,60.46,60.52,60.41,60.52,17047.0,61.01,60.33,17503.0,1.1228442653426784,0.17
SLV,2026-06-18,16:14:00,60.52,60.58,60.48,60.52,25120.0,61.0,60.37,23975.4,1.121705897518343,0.16
SLV,2026-06-18,16:16:00,60.54,60.59,60.54,60.56,9928.0,61.0,60.41,16101.2,1.116616130798717,0.15
SLV,2026-06-18,16:18:00,60.5,60.57,60.46,60.48,7656.0,60.99,60.42,13940.2,1.111708712016117,0.18
SLV,2026-06-18,16:20:00,60.46,60.49,60.4,60.44,3606.0,60.99,60.43,21768.6,1.099101864256979,0.19
SLV,2026-06-18,16:22:00,60.44,60.57,60.42,60.57,16405.0,60.99,60.45,20331.8,1.0955093476353932,0.14
SLV,2026-06-18,16:24:00,60.57,60.65,60.55,60.63,14209.0,60.99,60.49,23844.8,1.0884086905376953,0.12
SLV,2026-06-18,16:26:00,60.63,60.71,60.63,60.67,11012.0,60.98,60.53,12316.8,1.0869923575088758,0.11
SLV,2026-06-18,16:28:00,60.69,60.77,60.68,60.75,53124.0,60.98,60.57,29744.8,1.099081765438516,0.08
SLV,2026-06-18,16:30:00,60.74,60.99,60.74,60.98,443531.0,60.95,60.65,565850.0,1.021037139187075,-0.01
SLV,2026-06-18,16:32:00,60.98,61.12,60.84,60.87,245547.0,60.95,60.7,219287.2,1.0296786470613972,0.03
SLV,2026-06-18,16:34:00,60.87,61.02,60.83,60.96,122198.0,60.95,60.75,177877.4,1.0069569648781442,-0.0
SLV,2026-06-18,16:36:00,60.97,61.08,60.93,60.96,122104.0,60.95,60.79,137549.8,1.0011411911502623,-0.0
SLV,2026-06-18,16:38:00,60.96,61.1,60.92,61.05,97386.0,60.96,60.84,143555.4,0.9855088922461298,-0.03
SLV,2026-06-18,16:40:00,61.05,61.06,60.89,60.97,101040.0,60.96,60.87,132751.6,0.9758896376373586,-0.0
SLV,2026-06-18,16:42:00,60.96,61.0,60.85,60.86,116518.0,60.96,60.87,119558.2,0.9758406338608584,0.03
SLV,2026-06-18,16:44:00,60.87,60.94,60.78,60.82,133255.0,60.95,60.86,178098.6,0.9638970074449006,0.04
SLV,2026-06-18,16:46:00,60.81,60.85,60.61,60.65,155408.0,60.94,60.82,131961.0,0.9718972052154671,0.1
SLV,2026-06-18,16:48:00,60.65,60.74,60.56,60.72,98067.0,60.93,60.8,158217.4,0.9567788400394015,0.07
SLV,2026-06-18,16:50:00,60.72,60.74,60.52,60.59,105841.0,60.93,60.76,196786.6,0.935538551468327,0.12
SLV,2026-06-18,16:52:00,60.59,60.73,60.49,60.68,151415.0,60.91,60.74,101195.0,0.9497866446142436,0.08
SLV,2026-06-18,16:54:00,60.68,60.69,60.41,60.42,155277.0,60.9,60.68,96161.2,0.9654643911740475,0.16
SLV,2026-06-18,16:56:00,60.44,60.46,60.36,60.38,117541.0,60.88,60.62,87940.6,0.9732974896630643,0.17
SLV,2026-06-18,16:58:00,60.39,60.56,60.37,60.55,89578.0,60.88,60.6,93761.4,0.9729032201731425,0.11
SLV,2026-06-18,17:00:00,60.55,60.61,60.25,60.3,154135.0,60.86,60.54,136786.4,0.9776915544438479,0.19
SLV,2026-06-18,17:02:00,60.29,60.44,60.26,60.4,120781.0,60.85,60.51,125433.6,0.9772815305483795,0.15
SLV,2026-06-18,17:04:00,60.42,60.45,60.27,60.37,111690.0,60.83,60.49,89474.4,0.9825391118491361,0.16
SLV,2026-06-18,17:06:00,60.38,60.57,60.38,60.5,145306.0,60.82,60.49,108109.2,0.9908194120686574,0.11
SLV,2026-06-18,17:08:00,60.49,60.5,60.3,60.4,81671.0,60.82,60.47,87236.2,0.9898283758924652,0.14
SLV,2026-06-18,17:10:00,60.39,60.42,60.28,60.3,55253.0,60.81,60.44,66822.4,0.987594239392121,0.18
SLV,2026-06-18,17:12:00,60.3,60.37,60.28,60.33,106557.0,60.8,60.42,91867.2,0.9907817453960072,0.16
SLV,2026-06-18,17:14:00,60.33,60.36,60.11,60.14,90399.0,60.79,60.36,63206.6,0.9963043832618448,0.22
SLV,2026-06-18,17:16:00,60.14,60.34,60.14,60.28,169473.0,60.77,60.34,98973.6,1.0101228812840475,0.17
SLV,2026-06-18,17:18:00,60.26,60.38,60.21,60.34,95364.0,60.76,60.34,83724.2,1.0121935364939632,0.14
SLV,2026-06-18,17:20:00,60.34,60.36,60.23,60.31,38172.0,60.76,60.34,76349.6,1.0047983146674218,0.15
SLV,2026-06-18,17:22:00,60.3,60.48,60.28,60.45,95944.0,60.75,60.36,90030.6,1.005817468633814,0.1
SLV,2026-06-18,17:24:00,60.46,60.47,60.37,60.45,50277.0,60.75,60.38,75375.0,1.0011351062891922,0.1
SLV,2026-06-18,17:26:00,60.45,60.48,60.32,60.43,162225.0,60.74,60.39,97291.0,1.012812811348563,0.11
SLV,2026-06-18,17:28:00,60.43,60.46,60.15,60.17,115994.0,60.73,60.34,94241.0,1.0164522154947313,0.19
SLV,2026-06-18,17:30:00,60.15,60.2,60.08,60.17,96369.0,60.72,60.31,140024.6,1.0085080874537773,0.19
SLV,2026-06-18,17:32:00,60.18,60.28,60.18,60.21,83974.0,60.71,60.29,117690.6,1.002626694017235,0.17
SLV,2026-06-18,17:34:00,60.21,60.3,60.18,60.26,57882.0,60.71,60.28,121977.8,0.9919351864536681,0.15
SLV,2026-06-18,17:36:00,60.27,60.37,60.24,60.3,53752.0,60.71,60.29,89380.0,0.986226146632929,0.14
SLV,2026-06-18,17:38:00,60.29,60.34,60.22,60.27,144025.0,60.7,60.28,107478.2,0.9923380290889894,0.15
SLV,2026-06-18,17:40:00,60.27,60.28,59.93,60.02,243081.0,60.67,60.23,165872.8,1.0046239671429473,0.22
SLV,2026-06-18,17:42:00,60.02,60.07,59.82,59.87,142161.0,60.66,60.16,104099.0,1.010412893005894,0.27
SLV,2026-06-18,17:44:00,59.87,59.96,59.84,59.86,68233.0,60.65,60.1,75792.8,1.0091416509463367,0.27
SLV,2026-06-18,17:46:00,59.87,59.92,59.76,59.78,122697.0,60.64,60.04,191914.8,0.9986420643462375,0.3
SLV,2026-06-18,17:48:00,59.78,59.92,59.77,59.87,105212.0,60.62,60.0,101079.2,0.9992644671150102,0.26
SLV,2026-06-18,17:50:00,59.85,59.89,59.73,59.87,107250.0,60.61,59.98,71237.2,1.0044672978236346,0.25
SLV,2026-06-18,17:52:00,59.88,59.99,59.84,59.95,88849.0,60.6,59.97,93001.4,1.0038170533865898,0.22
SLV,2026-06-18,17:54:00,59.95,60.01,59.91,59.98,71825.0,60.6,59.97,70459.2,1.003971642080915,0.21
SLV,2026-06-18,17:56:00,59.97,60.01,59.95,60.01,98088.0,60.59,59.98,67012.2,1.0082732756962827,0.2
SLV,2026-06-18,17:58:00,60.01,60.17,59.98,60.11,99365.0,60.58,60.01,69042.6,1.0123874678677174,0.16
SLV,2026-06-18,18:00:00,60.11,60.17,60.05,60.07,74622.0,60.58,60.02,87678.2,1.0104552034523677,0.18
SLV,2026-06-18,18:02:00,60.07,60.11,59.97,59.98,58594.0,60.57,60.01,49505.6,1.0116183657860283,0.2
SLV,2026-06-18,18:04:00,59.98,60.09,59.92,60.03,109481.0,60.56,60.01,56575.6,1.018655034651175,0.18
SLV,2026-06-18,18:06:00,60.03,60.12,60.02,60.06,45268.0,60.56,60.02,61874.0,1.0162828849435386,0.17
SLV,2026-06-18,18:08:00,60.05,60.1,60.01,60.07,36619.0,60.56,60.03,63941.4,1.0125265867856623,0.17
SLV,2026-06-18,18:10:00,60.07,60.07,59.92,59.93,43918.0,60.55,60.01,73097.0,1.008579243787202,0.21
SLV,2026-06-18,18:12:00,59.91,59.95,59.86,59.87,33389.0,60.55,59.98,76795.4,1.0028570968509345,0.23
SLV,2026-06-18,18:14:00,59.86,59.91,59.79,59.88,74610.0,60.55,59.96,87878.4,1.0011213164339159,0.23
SLV,2026-06-18,18:16:00,59.88,59.9,59.76,59.78,106530.0,60.54,59.93,65318.4,1.0063591886591388,0.26
SLV,2026-06-18,18:18:00,59.79,59.82,59.7,59.79,187197.0,60.52,59.9,97743.2,1.0175305756056139,0.25
SLV,2026-06-18,18:20:00,59.8,59.93,59.78,59.91,114605.0,60.51,59.9,85069.2,1.0210200704426713,0.21
SLV,2026-06-18,18:22:00,59.92,59.95,59.87,59.93,53276.0,60.51,59.91,65065.6,1.0193960951474732,0.2
SLV,2026-06-18,18:24:00,59.92,59.95,59.78,59.8,99063.0,60.5,59.89,72127.4,1.02252021164307,0.24
SLV,2026-06-18,18:26:00,59.81,59.86,59.73,59.85,54541.0,60.49,59.88,59030.2,1.021813478649314,0.22
SLV,2026-06-18,18:28:00,59.83,59.85,59.64,59.67,75601.0,60.49,59.84,52462.2,1.0244680399365707,0.28
SLV,2026-06-18,18:30:00,59.66,59.73,59.59,59.68,96544.0,60.48,59.81,61040.6,1.0285427556782918,0.27
SLV,2026-06-18,18:32:00,59.69,59.74,59.6,59.71,87840.0,60.47,59.79,58579.8,1.0318250536963158,0.26
SLV,2026-06-18,18:34:00,59.72,59.85,59.71,59.85,86471.0,60.46,59.8,60177.2,1.0347048820220086,0.21
SLV,2026-06-18,18:36:00,59.86,59.87,59.74,59.76,127045.0,60.45,59.79,65836.6,1.0416117502900661,0.24
SLV,2026-06-18,18:38:00,59.75,59.78,59.63,59.77,52960.0,60.45,59.79,66220.0,1.0397489102717519,0.23
SLV,2026-06-18,18:40:00,59.77,59.91,59.77,59.85,105022.0,60.44,59.8,80084.8,1.042255856139245,0.2
SLV,2026-06-18,18:42:00,59.84,59.87,59.77,59.81,66416.0,60.44,59.8,69494.4,1.041568194269272,0.22
SLV,2026-06-18,18:44:00,59.81,59.85,59.77,59.82,87565.0,60.43,59.81,52179.8,1.0453431326031504,0.21
SLV,2026-06-18,18:46:00,59.84,59.84,59.75,59.81,52377.0,60.43,59.81,54918.6,1.0447748298338122,0.21
SLV,2026-06-18,18:48:00,59.82,59.85,59.75,59.75,40113.0,60.42,59.8,87241.4,1.0390670842439118,0.23
SLV,2026-06-18,18:50:00,59.76,59.78,59.67,59.71,51709.0,60.42,59.78,60313.6,1.0378494262812272,0.24
SLV,2026-06-18,18:52:00,59.72,59.78,59.7,59.74,48498.0,60.42,59.77,55749.8,1.0368158024762015,0.23
SLV,2026-06-18,18:54:00,59.74,59.77,59.69,59.77,52693.0,60.41,59.77,160312.0,1.0245002119408257,0.22
SLV,2026-06-18,18:56:00,59.78,59.83,59.76,59.8,95302.0,60.41,59.78,68015.2,1.0272593428351586,0.21
SLV,2026-06-18,18:58:00,59.8,59.82,59.74,59.75,44614.0,60.4,59.77,45237.0,1.0270604202196836,0.22
SLV,2026-06-18,19:00:00,59.75,59.91,59.75,59.88,50155.0,60.4,59.79,56421.0,1.0262302834996797,0.18
SLV,2026-06-18,19:02:00,59.87,59.93,59.83,59.88,72905.0,60.4,59.81,63962.6,1.0269989227940315,0.18
SLV,2026-06-18,19:04:00,59.88,59.9,59.83,59.88,101647.0,60.39,59.82,47266.6,1.0325896859249206,0.18
SLV,2026-06-18,19:06:00,59.88,59.9,59.73,59.85,69512.0,60.39,59.83,62557.4,1.0331038380726454,0.19
SLV,2026-06-18,19:08:00,59.85,59.9,59.84,59.88,71093.0,60.38,59.84,95603.0,1.03023797910887,0.17
SLV,2026-06-18,19:10:00,59.88,59.89,59.79,59.86,36100.0,60.38,59.84,37499.8,1.0299766155739363,0.18
SLV,2026-06-18,19:12:00,59.85,59.85,59.77,59.79,40934.0,60.38,59.83,47944.8,1.029109455706121,0.2
SLV,2026-06-18,19:14:00,59.79,59.81,59.72,59.74,132984.0,60.37,59.81,74269.8,1.0348704262003456,0.22
SLV,2026-06-18,19:16:00,59.75,59.75,59.64,59.69,58131.0,60.37,59.79,53919.6,1.0351066080237767,0.23
SLV,2026-06-18,19:18:00,59.68,59.7,59.64,59.66,77531.0,60.36,59.76,52484.2,1.037445075497577,0.24
SLV,2026-06-18,19:20:00,59.67,59.78,59.66,59.77,59764.0,60.36,59.76,36368.8,1.0396574349168208,0.2
SLV,2026-06-18,19:22:00,59.77,59.8,59.75,59.76,94305.0,60.35,59.76,46538.6,1.0442468732696206,0.2
SLV,2026-06-18,19:24:00,59.77,59.8,59.71,59.77,42844.0,60.35,59.77,33513.4,1.0450285772798793,0.2
SLV,2026-06-18,19:26:00,59.78,59.79,59.7,59.75,39328.0,60.35,59.76,31429.4,1.0456723636962453,0.21
SLV,2026-06-18,19:28:00,59.76,59.82,59.76,59.77,52543.0,60.35,59.76,49019.0,1.0457993619466088,0.2
SLV,2026-06-18,19:30:00,59.77,59.92,59.77,59.85,186733.0,60.34,59.78,73446.0,1.0565833762657033,0.17
SLV,2026-06-18,19:32:00,59.85,59.85,59.71,59.73,57376.0,60.33,59.77,38425.0,1.0582230809832025,0.21
SLV,2026-06-18,19:34:00,59.74,59.75,59.69,59.69,53493.0,60.33,59.75,48323.8,1.0584522307495967,0.22
SLV,2026-06-18,19:36:00,59.7,59.72,59.57,59.69,183133.0,60.32,59.74,67254.6,1.069271348752201,0.22
SLV,2026-06-18,19:38:00,59.68,59.76,59.59,59.75,74969.0,60.32,59.74,43309.6,1.0720295750828128,0.2
SLV,2026-06-18,19:40:00,59.76,59.84,59.75,59.75,59451.0,60.31,59.74,44428.6,1.0731625251978811,0.19
SLV,2026-06-18,19:42:00,59.76,59.85,59.73,59.83,24538.0,60.31,59.76,40389.8,1.0713671752703318,0.16
SLV,2026-06-18,19:44:00,59.82,59.85,59.68,59.73,85105.0,60.31,59.76,38365.8,1.0755523152421331,0.2
SLV,2026-06-18,19:46:00,59.73,59.75,59.7,59.71,22396.0,60.31,59.75,29396.2,1.074677696889577,0.21
SLV,2026-06-18,19:48:00,59.72,59.76,59.67,59.68,42468.0,60.3,59.73,33316.6,1.0753077231558406,0.21
SLV,2026-06-18,19:50:00,59.67,59.7,59.64,59.69,106408.0,60.3,59.72,59423.2,1.079304581661518,0.21
SLV,2026-06-18,19:52:00,59.68,59.75,59.68,59.73,138738.0,60.29,59.73,47678.4,1.0874740662565314,0.19
SLV,2026-06-18,19:54:00,59.73,59.77,59.63,59.66,177876.0,60.28,59.71,56175.0,1.0983484564208328,0.21
SLV,2026-06-18,19:56:00,59.65,59.69,59.62,59.66,77157.0,60.28,59.7,44966.0,1.100923296666288,0.21
SLV,2026-06-18,19:58:00,59.66,59.79,59.65,59.79,26040.0,60.28,59.72,44849.4,1.0987684581364465,0.17
SLV,2026-06-18,20:00:00,59.8,59.81,59.74,59.76,70482.0,60.27,59.73,58531.4,1.0993350953225844,0.18
SLV,2026-06-18,20:02:00,59.77,59.82,59.73,59.76,30501.0,60.27,59.73,70750.2,1.0950209909946818,0.18
SLV,2026-06-18,20:04:00,59.76,59.9,59.75,59.9,56358.0,60.27,59.77,73771.0,1.0928072811664569,0.13
SLV,2026-06-18,20:06:00,59.9,59.92,59.85,59.88,223209.0,60.26,59.79,84974.4,1.104531899657516,0.13
SLV,2026-06-18,20:08:00,59.89,59.9,59.83,59.83,52758.0,60.26,59.8,49652.8,1.10434518215094,0.15
SLV,2026-06-18,20:10:00,59.84,59.87,59.75,59.75,49059.0,60.26,59.79,52148.4,1.1035848103663135,0.18
SLV,2026-06-18,20:12:00,59.77,59.89,59.77,59.84,111348.0,60.26,59.8,57629.8,1.1078189996395642,0.14
SLV,2026-06-18,20:14:00,59.84,59.95,59.84,59.91,166693.0,60.25,59.82,70870.4,1.1155897986091352,0.12
SLV,2026-06-18,20:16:00,59.91,60.02,59.91,60.0,106741.0,60.25,59.86,73791.8,1.1177278223086637,0.09
SLV,2026-06-18,20:18:00,59.99,60.02,59.92,59.93,180980.0,60.25,59.87,87428.8,1.1249620123856994,0.11
SLV,2026-06-18,20:20:00,59.92,59.97,59.91,59.92,55470.0,60.24,59.88,65168.4,1.123420480277881,0.11
SLV,2026-06-18,20:22:00,59.91,59.97,59.86,59.95,63823.0,60.24,59.89,88396.6,1.1203779671587908,0.1
SLV,2026-06-18,20:24:00,59.96,60.03,59.76,59.77,147714.0,60.24,59.87,144898.8,1.1191391401425572,0.16
SLV,2026-06-18,20:26:00,59.78,59.8,59.75,59.77,66815.0,60.24,59.85,78658.4,1.1173543134276271,0.16
SLV,2026-06-18,20:28:00,59.77,59.79,59.69,59.7,163142.0,60.23,59.82,105021.8,1.1211734139046974,0.18
SLV,2026-06-18,20:30:00,59.7,59.7,59.63,59.66,108753.0,60.23,59.79,114398.4,1.1195619684341978,0.2
SLV,2026-06-18,20:32:00,59.66,59.71,59.65,59.66,148358.0,60.22,59.76,131787.2,1.11962849128046,0.19
SLV,2026-06-18,20:34:00,59.66,59.68,59.52,59.52,381087.0,60.2,59.71,155635.0,1.1363180717081816,0.23
SLV,2026-06-18,20:36:00,59.52,59.58,59.51,59.54,78283.0,60.2,59.68,92985.6,1.1341253522375028,0.23
SLV,2026-06-18,20:38:00,59.55,59.58,59.48,59.52,102735.0,60.19,59.65,123625.2,1.1311536874895003,0.23
SLV,2026-06-18,20:40:00,59.52,59.68,59.51,59.67,146865.0,60.19,59.65,157240.2,1.1287256899324258,0.18
SLV,2026-06-18,20:42:00,59.67,59.73,59.63,59.69,110525.0,60.18,59.66,86272.2,1.1297485831863994,0.17
SLV,2026-06-18,20:44:00,59.68,59.71,59.64,59.7,64361.0,60.18,59.67,94954.0,1.126434329192979,0.16
SLV,2026-06-18,20:46:00,59.71,59.75,59.66,59.67,66590.0,60.18,59.67,96274.0,1.1232255528152755,0.18
SLV,2026-06-18,20:48:00,59.67,59.72,59.66,59.71,33494.0,60.18,59.68,85900.4,1.118428110470504,0.16
SLV,2026-06-18,20:50:00,59.71,59.76,59.71,59.74,34667.0,60.18,59.69,78910.2,1.114371193620708,0.15
SLV,2026-06-18,20:52:00,59.73,59.79,59.73,59.79,33226.0,60.18,59.71,68968.2,1.1110853209594826,0.13
SLV,2026-06-18,20:54:00,59.79,59.82,59.77,59.81,71829.0,60.18,59.73,139875.2,1.1048560483474108,0.13
SLV,2026-06-18,20:56:00,59.82,59.85,59.81,59.82,40735.0,60.17,59.75,186509.8,1.0927033375882995,0.12
SLV,2026-06-18,20:58:00,59.83,59.84,59.79,59.8,29815.0,60.17,59.76,201302.0,1.0789302550899633,0.13
SLV,2026-06-18,21:00:00,59.81,59.82,59.72,59.74,37152.0,60.17,59.75,468026.0,1.046155892934632,0.15
SLV,2026-06-18,21:02:00,59.75,59.79,59.72,59.73,26140.0,60.17,59.75,453394.0,1.015723745750724,0.15
SLV,2026-06-18,21:04:00,59.73,59.81,59.73,59.78,41086.0,60.17,59.76,440411.4,0.9889397072082609,0.13
SLV,2026-06-18,21:06:00,59.78,59.8,59.76,59.79,20637.0,60.17,59.76,245267.4,0.9745415248016871,0.13
SLV,2026-06-18,21:08:00,59.79,59.86,59.79,59.83,99230.0,60.17,59.78,291009.2,0.9628010971029876,0.12
SLV,2026-06-18,21:10:00,59.83,59.85,59.81,59.82,70027.0,60.17,59.78,219306.4,0.953938472106102,0.12
SLV,2026-06-18,21:12:00,59.82,59.83,59.73,59.73,20314.0,60.17,59.77,180427.8,0.9445118432926538,0.15
SLV,2026-06-18,21:14:00,59.74,59.78,59.67,59.68,74108.0,60.16,59.76,142645.4,0.9407803886914785,0.16
SLV,2026-06-18,21:16:00,59.68,59.71,59.66,59.71,14642.0,60.16,59.75,170271.4,0.9319145825661957,0.15
SLV,2026-06-18,21:18:00,59.7,59.77,59.69,59.75,33939.0,60.16,59.75,98645.2,0.9284032778482452,0.14
SLV,2026-06-18,21:20:00,59.75,59.75,59.66,59.68,40809.0,60.16,59.73,116922.6,0.9243302965512011,0.16
SLV,2026-06-18,21:22:00,59.7,59.77,59.69,59.71,17808.0,60.16,59.73,102844.6,0.9197139517582804,0.15
SLV,2026-06-18,21:24:00,59.71,59.79,59.69,59.79,16752.0,60.16,59.74,110598.4,0.9146700789355496,0.13
SLV,2026-06-18,21:26:00,59.79,59.82,59.74,59.82,55368.0,60.16,59.76,116747.4,0.9116388087917158,0.12
SLV,2026-06-18,21:28:00,59.81,59.82,59.71,59.73,23624.0,60.16,59.75,80441.0,0.9087220773271493,0.15
SLV,2026-06-18,21:30:00,59.74,59.74,59.67,59.69,27914.0,60.16,59.74,127067.8,0.9036227049995041,0.16
SLV,2026-06-18,21:32:00,59.71,59.72,59.64,59.67,26828.0,60.16,59.73,224760.2,0.8934890658080881,0.17
SLV,2026-06-18,21:34:00,59.68,59.7,59.6,59.61,74412.0,60.15,59.7,137893.8,0.8907059675997844,0.19
SLV,2026-06-18,21:36:00,59.61,59.61,59.54,59.55,148376.0,60.15,59.67,129309.2,0.8925857053226984,0.21
SLV,2026-06-18,21:38:00,59.55,59.58,59.52,59.55,109018.0,60.14,59.65,109926.4,0.8931989983452128,0.2
SLV,2026-06-18,21:40:00,59.56,59.62,59.55,59.59,32341.0,60.14,59.64,129164.6,0.8885607510094952,0.19
SLV,2026-06-18,21:42:00,59.59,59.64,59.58,59.63,33346.0,60.14,59.63,101796.4,0.8853886505718045,0.18
SLV,2026-06-18,21:44:00,59.64,59.68,59.63,59.67,15158.0,60.14,59.64,116243.0,0.8805449703623542,0.16
SLV,2026-06-18,21:46:00,59.67,59.68,59.58,59.59,80033.0,60.14,59.63,131104.6,0.8786046713526376,0.19
SLV,2026-06-18,21:48:00,59.59,59.62,59.54,59.58,81866.0,60.14,59.62,119828.8,0.8773299660764765,0.19
SLV,2026-06-18,21:50:00,59.57,59.59,59.52,59.54,109834.0,60.13,59.6,98952.0,0.8785764165199461,0.2
SLV,2026-06-18,21:52:00,59.53,59.61,59.53,59.6,73931.0,60.13,59.6,86673.0,0.878456890942263,0.18
SLV,2026-06-18,21:54:00,59.59,59.63,59.59,59.6,27717.0,60.13,59.6,118123.4,0.8743843326085631,0.18
SLV,2026-06-18,21:56:00,59.59,59.6,59.56,59.57,68335.0,60.13,59.6,109845.0,0.8729090041557025,0.19
SLV,2026-06-18,21:58:00,59.57,59.58,59.53,59.53,142377.0,60.12,59.58,110899.6,0.875320929408391,0.2
SLV,2026-06-18,22:00:00,59.54,59.55,59.36,59.38,222404.0,60.11,59.54,147305.0,0.880229373015895,0.25
SLV,2026-06-18,22:02:00,59.38,59.39,59.33,59.36,161850.0,60.11,59.51,178144.0,0.8804917285520949,0.26
SLV,2026-06-18,22:04:00,59.36,59.39,59.24,59.27,191273.0,60.1,59.46,143346.2,0.8838516105747574,0.28
SLV,2026-06-18,22:06:00,59.27,59.27,59.17,59.17,251591.0,60.08,59.4,237314.4,0.8859862698265584,0.31
SLV,2026-06-18,22:08:00,59.17,59.24,59.14,59.15,146087.0,60.08,59.35,150158.2,0.8866469530474952,0.32
SLV,2026-06-18,22:10:00,59.15,59.18,59.01,59.03,229472.0,60.06,59.29,171326.8,0.8905404306928674,0.35
SLV,2026-06-18,22:12:00,59.03,59.12,58.98,59.11,187868.0,60.05,59.25,141690.6,0.8936149890185359,0.32
SLV,2026-06-18,22:14:00,59.11,59.18,59.11,59.12,61345.0,60.05,59.23,100129.8,0.8922197882071281,0.32
SLV,2026-06-18,22:16:00,59.11,59.16,59.02,59.07,126641.0,60.04,59.19,104965.2,0.8938473684345033,0.33
SLV,2026-06-18,22:18:00,59.06,59.08,58.98,59.06,136017.0,60.04,59.17,102780.8,0.8960144472403434,0.34
SLV,2026-06-18,22:20:00,59.06,59.12,59.04,59.08,61766.0,60.03,59.15,111373.8,0.8941579436732244,0.33
SLV,2026-06-18,22:22:00,59.08,59.1,59.01,59.05,77070.0,60.03,59.13,90342.2,0.8939776026299043,0.34
SLV,2026-06-18,22:24:00,59.04,59.07,59.02,59.03,53577.0,60.03,59.11,85235.2,0.8928825855711894,0.34
SLV,2026-06-18,22:26:00,59.02,59.07,59.02,59.04,42539.0,60.02,59.1,163991.4,0.88789344705984,0.34
SLV,2026-06-18,22:28:00,59.03,59.08,58.94,58.95,225436.0,60.01,59.07,156117.4,0.8920319756887066,0.36
SLV,2026-06-18,22:30:00,58.95,58.98,58.85,58.92,402940.0,59.99,59.04,266979.6,0.8997882219303732,0.37
SLV,2026-06-18,22:32:00,58.92,59.01,58.9,59.01,122638.0,59.98,59.03,243915.0,0.8952821126578829,0.33
SLV,2026-06-18,22:34:00,59.0,59.1,58.95,59.06,130506.0,59.98,59.04,138710.4,0.8955743731970272,0.32
SLV,2026-06-18,22:36:00,59.07,59.13,59.07,59.1,167117.0,59.97,59.05,237480.0,0.8934905565112912,0.3
SLV,2026-06-18,22:38:00,59.1,59.22,59.08,59.21,172951.0,59.96,59.08,216544.6,0.8925608682536352,0.26
SLV,2026-06-18,22:40:00,59.21,59.35,59.21,59.31,296121.0,59.95,59.13,391900.0,0.8901726248115575,0.22
SLV,2026-06-18,22:42:00,59.31,59.34,59.26,59.34,156174.0,59.95,59.17,141584.0,0.8915053198098879,0.21
SLV,2026-06-18,22:44:00,59.34,59.4,59.33,59.37,192235.0,59.94,59.21,175489.4,0.8930754573943255,0.2
SLV,2026-06-18,22:46:00,59.37,59.4,59.32,59.32,281519.0,59.93,59.23,201904.8,0.8974769042158561,0.21
SLV,2026-06-18,22:48:00,59.33,59.4,59.32,59.39,124732.0,59.93,59.26,158623.8,0.8967154395687302,0.19
SLV,2026-06-18,22:50:00,59.39,59.53,59.37,59.52,211972.0,59.92,59.31,286764.8,0.8947880763869659,0.14
SLV,2026-06-18,22:52:00,59.52,59.53,59.47,59.52,204540.0,59.92,59.36,246635.2,0.8941063718613984,0.14
SLV,2026-06-18,22:54:00,59.51,59.55,59.49,59.52,278264.0,59.91,59.39,315011.2,0.8939651424369971,0.13
SLV,2026-06-18,22:56:00,59.52,59.57,59.51,59.56,251050.0,59.91,59.42,234532.4,0.8956728720629302,0.12
SLV,2026-06-18,22:58:00,59.57,59.59,59.5,59.5,587754.0,59.9,59.44,672732.2,0.8950789120637159,0.14
SLV,2026-06-18,23:00:00,59.51,59.51,59.47,59.51,401973.0,59.89,59.45,543295.4,0.8917658649228738,0.13
SLV,2026-06-18,23:02:00,59.49,59.51,59.49,59.51,4631.0,59.89,59.46,13700.2,0.8914679438710551,0.13
SLV,2026-06-18,23:04:00,59.53,59.57,59.53,59.57,3241.0,59.89,59.49,15921.6,0.8910380980158168,0.11
SLV,2026-06-18,23:06:00,59.58,59.59,59.55,59.56,15639.0,59.89,59.5,15051.0,0.8911254859741302,0.11
SLV,2026-06-18,23:08:00,59.55,59.58,59.53,59.57,14223.0,59.89,59.51,9454.6,0.8913528065775496,0.11
SLV,2026-06-18,23:10:00,59.58,59.59,59.54,59.58,4140.0,59.89,59.53,16071.2,0.8909537170692385,0.11
SLV,2026-06-18,23:12:00,59.58,59.6,59.57,59.6,3304.0,59.89,59.54,6157.6,0.8908682336701869,0.1
SLV,2026-06-18,23:14:00,59.57,59.59,59.52,59.53,4447.0,59.89,59.54,9232.4,0.8907202929494625,0.12
SLV,2026-06-18,23:16:00,59.53,59.56,59.51,59.51,23916.0,59.89,59.53,8166.8,0.8913717724009342,0.13
SLV,2026-06-18,23:18:00,59.52,59.55,59.52,59.54,32576.0,59.89,59.53,9833.6,0.8923035392133603,0.12
SLV,2026-06-18,23:20:00,59.57,59.57,59.55,59.55,330.0,59.89,59.54,2973.2,0.892212645283753,0.12
SLV,2026-06-18,23:22:00,59.55,59.56,59.54,59.56,1742.0,59.89,59.54,4256.6,0.8921322198946143,0.11
SLV,2026-06-18,23:24:00,59.58,59.6,59.56,59.57,26111.0,59.89,59.55,31648.6,0.892049239207648,0.11
SLV,2026-06-18,23:26:00,59.55,59.62,59.55,59.62,4315.0,59.89,59.56,8081.0,0.8919362113692247,0.09
SLV,2026-06-18,23:28:00,59.64,59.65,59.61,59.61,3613.0,59.89,59.57,4337.2,0.8919262328402737,0.1
SLV,2026-06-18,23:30:00,59.6,59.61,59.59,59.6,2529.0,59.89,59.58,12075.2,0.8916045329507613,0.1
SLV,2026-06-18,23:32:00,59.6,59.6,59.55,59.55,2350.0,59.89,59.57,12052.6,0.8912769380273787,0.12
SLV,2026-06-18,23:34:00,59.55,59.56,59.52,59.54,4725.0,59.89,59.57,3069.4,0.8913545463477919,0.12
SLV,2026-06-18,23:36:00,59.52,59.54,59.5,59.54,12357.0,59.89,59.56,7862.2,0.8915631604220599,0.12
SLV,2026-06-18,23:38:00,59.55,59.56,59.52,59.52,1080.0,59.89,59.55,15485.4,0.8910671296906035,0.13
SLV,2026-06-18,23:40:00,59.53,59.53,59.5,59.53,9801.0,59.89,59.55,5709.8,0.8912507950531618,0.12
SLV,2026-06-18,23:42:00,59.52,59.53,59.51,59.52,11415.0,59.89,59.54,108292.6,0.8879484846053324,0.13
SLV,2026-06-18,23:44:00,59.51,59.51,59.49,59.49,12937.0,59.89,59.53,8471.0,0.8881585501159847,0.14
SLV,2026-06-18,23:46:00,59.47,59.47,59.42,59.42,3360.0,59.89,59.51,2187.8,0.8882135091965916,0.16
SLV,2026-06-18,23:48:00,59.43,59.44,59.43,59.43,811.0,59.89,59.49,1846.0,0.8881813696129692,0.16
SLV,2026-06-18,23:50:00,59.43,59.46,59.43,59.46,998.0,59.89,59.49,4021.0,0.8880815745701093,0.15
SLV,2026-06-18,23:52:00,59.45,59.46,59.45,59.46,384.0,59.89,59.48,1536.8,0.8880435414681679,0.15
SLV,2026-06-18,23:54:00,59.42,59.45,59.42,59.45,2922.0,59.89,59.48,3007.6,0.8880532781437961,0.15
SLV,2026-06-18,23:56:00,59.43,59.44,59.41,59.42,4224.0,59.89,59.46,2103.6,0.8881446155703762,0.16
SLV,2026-06-18,23:58:00,59.42,59.46,59.42,59.46,3648.0,59.89,59.46,3573.6,0.8881629948095202,0.15
SLV,2026-06-22,11:00:00,59.9,60.4,59.25,59.86,56122.0,59.85,59.86,56649.8,0.9906831092077995,-0.0
SLV,2026-06-22,11:02:00,59.82,59.88,59.81,59.88,2290.0,59.85,59.86,19612.2,0.7659384752563531,-0.01
SLV,2026-06-22,11:04:00,59.8,60.25,59.21,60.0,92315.0,59.83,59.89,91521.6,0.898341673441266,-0.06
SLV,2026-06-22,11:06:00,60.18,60.4,59.27,60.39,83967.0,59.91,59.99,45540.8,1.1001741947944068,-0.16
SLV,2026-06-22,11:08:00,60.13,60.22,59.8,59.82,6197.0,59.91,59.96,38083.2,0.9581691245610712,0.03
SLV,2026-06-22,11:10:00,59.79,59.79,59.69,59.69,3772.0,59.91,59.9,39699.4,0.8404572889006446,0.08
SLV,2026-06-22,11:12:00,59.74,59.77,59.67,59.67,7973.0,59.91,59.86,10275.0,0.8382584228653336,0.08
SLV,2026-06-22,11:14:00,59.68,59.71,59.67,59.68,4096.0,59.9,59.82,9270.6,0.8264279777474902,0.08
SLV,2026-06-22,11:16:00,59.7,59.7,59.63,59.65,1456.0,59.9,59.79,3526.2,0.8217868296651459,0.09
SLV,2026-06-22,11:18:00,59.63,59.68,59.62,59.67,2913.0,59.9,59.76,1940.8,0.8259563785352125,0.08
SLV,2026-06-22,11:20:00,59.7,59.72,59.67,59.67,1828.0,59.9,59.74,710.0,0.8298751126788658,0.08
SLV,2026-06-22,11:22:00,59.7,59.7,59.62,59.62,4934.0,59.89,59.72,3189.8,0.8370211305939577,0.09
SLV,2026-06-22,11:24:00,59.64,59.65,59.54,59.55,9037.0,59.88,59.69,2786.8,0.8577902159252208,0.11
SLV,2026-06-22,11:26:00,59.53,59.54,59.48,59.49,4389.0,59.88,59.65,3787.8,0.8612803664488631,0.13
SLV,2026-06-22,11:28:00,59.51,59.59,59.51,59.59,1728.0,59.87,59.64,1181.8,0.8634469048660701,0.1
SLV,2026-06-22,11:30:00,59.52,59.52,59.52,59.52,240.0,59.87,59.61,4516.4,0.8524334907650556,0.12
SLV,2026-06-22,11:32:00,59.54,59.55,59.54,59.54,102.0,59.87,59.6,2688.4,0.8458967474534346,0.11
SLV,2026-06-22,11:34:00,59.64,59.7,59.64,59.7,1596.0,59.87,59.62,4767.8,0.8387235966379827,0.06
SLV,2026-06-22,11:36:00,59.67,59.68,59.66,59.66,2566.0,59.87,59.63,8535.8,0.8255355827223859,0.07
SLV,2026-06-22,11:38:00,59.65,59.65,59.63,59.65,1123.0,59.87,59.63,7076.2,0.8122570776034695,0.08
SLV,2026-06-22,11:40:00,59.63,59.65,59.61,59.65,3326.0,59.87,59.64,2953.4,0.814844418495743,0.08
SLV,2026-06-22,11:42:00,59.69,59.69,59.68,59.69,1785.0,59.87,59.65,3043.2,0.8129218473697755,0.06
SLV,2026-06-22,11:44:00,59.69,59.7,59.69,59.69,825.0,59.87,59.65,6078.8,0.8017182865687011,0.06
SLV,2026-06-22,11:46:00,59.69,59.7,59.69,59.69,125.0,59.87,59.66,2017.6,0.7976784081564819,0.06
SLV,2026-06-22,11:48:00,59.7,59.71,59.69,59.71,650.0,59.87,59.67,1454.8,0.7963021577845947,0.05
SLV,2026-06-22,11:50:00,59.75,59.75,59.73,59.73,1850.0,59.86,59.68,1457.6,0.7981533212770883,0.04
SLV,2026-06-22,11:52:00,59.73,59.77,59.73,59.76,991.0,59.86,59.7,1102.2,0.7984512729336918,0.03
SLV,2026-06-22,11:54:00,59.83,59.83,59.81,59.82,1501.0,59.86,59.72,3988.6,0.7939906203786078,0.01
SLV,2026-06-22,11:56:00,59.83,59.84,59.83,59.84,1196.0,59.86,59.75,2854.8,0.7911753368423876,0.01
SLV,2026-06-22,11:58:00,59.84,59.85,59.84,59.85,681.0,59.86,59.77,1998.6,0.7888205906201775,0.0
SLV,2026-06-22,12:00:00,59.88,59.88,59.87,59.87,1171.0,59.86,59.79,1696.8,0.788384476524895,-0.0
SLV,2026-06-22,12:02:00,59.87,59.9,59.87,59.9,12557.0,59.86,59.81,4624.4,0.8113141713789321,-0.01
SLV,2026-06-22,12:04:00,59.95,60.0,59.95,60.0,5068.0,59.87,59.85,3178.4,0.8176675609785978,-0.04
SLV,2026-06-22,12:06:00,60.0,60.07,60.0,60.0,32282.0,59.88,59.88,9447.4,0.878868156817202,-0.04
SLV,2026-06-22,12:08:00,60.02,60.02,60.0,60.0,1843.0,59.88,59.9,3436.0,0.8759602958291841,-0.04
SLV,2026-06-22,12:10:00,60.02,60.02,59.96,60.0,886.0,59.88,59.92,5544.2,0.8662817511429972,-0.04
SLV,2026-06-22,12:12:00,59.99,59.99,59.94,59.94,1119.0,59.88,59.93,3796.0,0.8610420613612628,-0.02
SLV,2026-06-22,12:14:00,59.97,59.99,59.97,59.97,3050.0,59.88,59.93,2849.6,0.8624726182034855,-0.03
SLV,2026-06-22,12:16:00,59.96,59.96,59.96,59.96,300.0,59.88,59.94,2912.6,0.8572032947478702,-0.03
SLV,2026-06-22,12:18:00,59.96,59.96,59.96,59.96,0.0,59.88,59.94,1898.6,0.8533438939135962,-0.03
SLV,2026-06-22,12:20:00,60.02,60.07,60.02,60.06,21674.0,59.89,59.97,6362.2,0.8912941805305006,-0.06
SLV,2026-06-22,12:22:00,60.03,60.03,60.03,60.03,283.0,59.89,59.98,2224.2,0.8873446245750446,-0.05
SLV,2026-06-22,12:24:00,60.01,60.03,60.01,60.03,415.0,59.89,59.99,2246.8,0.8836947133035796,-0.05
SLV,2026-06-22,12:26:00,60.03,60.03,60.03,60.03,0.0,59.89,60.0,2318.2,0.8789836571802301,-0.05
SLV,2026-06-22,12:28:00,60.01,60.03,60.01,60.03,434.0,59.89,60.0,2466.4,0.8750186937558054,-0.05
SLV,2026-06-22,12:30:00,60.0,60.0,60.0,60.0,200.0,59.89,60.0,2728.8,0.8700469911185469,-0.04
SLV,2026-06-22,12:32:00,60.01,60.13,60.01,60.13,25952.0,59.9,60.03,6866.8,0.9147487824099579,-0.08
SLV,2026-06-22,12:34:00,60.14,60.16,60.11,60.11,29000.0,59.92,60.04,6895.4,0.9647538534358977,-0.07
SLV,2026-06-22,12:36:00,60.09,60.09,60.08,60.08,230.0,59.92,60.05,903.6,0.9633424996877107,-0.05
SLV,2026-06-22,12:38:00,60.08,60.08,60.08,60.08,2359.0,59.92,60.06,1688.0,0.964948299102706,-0.05
SLV,2026-06-22,12:40:00,60.1,60.12,60.07,60.07,3451.0,59.92,60.06,5719.2,0.9604737882633189,-0.05
SLV,2026-06-22,12:42:00,60.08,60.08,60.06,60.06,728.0,59.92,60.06,642.6,0.9607132222107452,-0.05
SLV,2026-06-22,12:44:00,60.07,60.07,60.02,60.02,978.0,59.92,60.05,1068.4,0.9606088163499737,-0.03
SLV,2026-06-22,12:46:00,60.03,60.05,60.02,60.05,16168.0,59.93,60.05,3754.2,0.9874741968626465,-0.04
SLV,2026-06-22,12:48:00,60.06,60.09,60.06,60.09,666.0,59.93,60.06,608.2,0.9876139234963808,-0.05
SLV,2026-06-22,12:50:00,60.08,60.08,60.08,60.08,200.0,59.93,60.06,900.0,0.9861454271808854,-0.05
SLV,2026-06-22,12:52:00,60.08,60.08,60.08,60.08,0.0,59.93,60.07,615.0,0.9848542267224751,-0.05
SLV,2026-06-22,12:54:00,60.07,60.07,60.07,60.07,285.0,59.93,60.07,1592.0,0.9821321722746311,-0.05
SLV,2026-06-22,12:56:00,60.07,60.07,60.07,60.07,0.0,59.93,60.07,1333.8,0.9793605031274081,-0.05
SLV,2026-06-22,12:58:00,60.04,60.05,60.04,60.05,250.0,59.93,60.06,4124.4,0.9714124025017609,-0.04
SLV,2026-06-22,13:00:00,60.05,60.05,60.05,60.05,100.0,59.93,60.06,1774.8,0.9680185235106901,-0.04
SLV,2026-06-22,13:02:00,60.09,60.09,60.09,60.09,150.0,59.93,60.07,1709.4,0.9648852107003967,-0.05
SLV,2026-06-22,13:04:00,60.15,60.15,60.11,60.13,902.0,59.93,60.08,2522.6,0.9617117443693437,-0.07
SLV,2026-06-22,13:06:00,60.14,60.19,60.12,60.19,400.0,59.93,60.1,4767.2,0.9531282626451665,-0.09
SLV,2026-06-22,13:08:00,60.2,60.21,60.2,60.21,588.0,59.93,60.12,3964.0,0.9466373897180452,-0.1
SLV,2026-06-22,13:10:00,60.2,60.21,60.17,60.21,489.0,59.93,60.14,1354.8,0.9450273412533352,-0.1
SLV,2026-06-22,13:12:00,60.21,60.21,60.21,60.21,0.0,59.93,60.15,1186.0,0.9427586527970917,-0.1
SLV,2026-06-22,13:14:00,60.18,60.18,60.18,60.18,100.0,59.93,60.16,3779.8,0.9358013124665033,-0.09
SLV,2026-06-22,13:16:00,60.12,60.12,60.12,60.12,1146.0,59.93,60.15,2572.4,0.9332807336457339,-0.07
SLV,2026-06-22,13:18:00,60.12,60.12,60.12,60.12,0.0,59.93,60.15,2194.0,0.9292064980265718,-0.07
SLV,2026-06-22,13:20:00,60.12,60.12,60.1,60.11,9037.0,59.93,60.14,2690.2,0.9421446940768393,-0.06
SLV,2026-06-22,13:22:00,60.12,60.12,60.12,60.12,102.0,59.93,60.13,1219.0,0.9400785489995387,-0.07
SLV,2026-06-22,13:24:00,60.12,60.12,60.12,60.12,300.0,59.93,60.13,1861.8,0.9372257047433236,-0.07
SLV,2026-06-22,13:26:00,60.11,60.15,60.11,60.15,2064.0,59.93,60.14,1965.2,0.9376610529921416,-0.08
SLV,2026-06-22,13:28:00,60.13,60.14,60.11,60.11,300.0,59.93,60.13,2014.2,0.9345602306024504,-0.06
SLV,2026-06-22,13:30:00,60.08,60.08,60.08,60.08,2005.0,59.93,60.12,2600.6,0.9337340623411186,-0.05
SLV,2026-06-22,13:32:00,60.09,60.1,60.09,60.1,433.0,59.93,60.12,1326.2,0.932174137402025,-0.06
SLV,2026-06-22,13:34:00,60.1,60.1,60.1,60.1,0.0,59.93,60.11,636.8,0.9310257168239661,-0.06
SLV,2026-06-22,13:36:00,60.08,60.08,60.08,60.08,450.0,59.93,60.11,1615.8,0.9289922797570718,-0.05
SLV,2026-06-22,13:38:00,60.08,60.08,60.08,60.08,0.0,59.93,60.1,788.4,0.9275818734385092,-0.05
SLV,2026-06-22,13:40:00,60.06,60.07,60.06,60.06,251.0,59.93,60.09,1055.0,0.9261835870597966,-0.04
SLV,2026-06-22,13:42:00,60.08,60.08,60.03,60.03,448.0,59.93,60.08,2809.4,0.9220662596782091,-0.03
SLV,2026-06-22,13:44:00,60.04,60.04,60.04,60.04,1000.0,59.93,60.07,1397.0,0.9215169834801492,-0.04
SLV,2026-06-22,13:46:00,60.04,60.05,60.02,60.02,360.0,59.93,60.06,1825.0,0.9190059382752215,-0.03
SLV,2026-06-22,13:48:00,60.0,60.01,60.0,60.01,2770.0,59.93,60.05,2142.6,0.9205213609816311,-0.03
SLV,2026-06-22,13:50:00,60.09,60.09,60.06,60.06,3490.0,59.93,60.05,3410.4,0.9211805657385077,-0.04
SLV,2026-06-22,13:52:00,60.06,60.06,60.06,60.06,0.0,59.93,60.05,4196.2,0.913970652694957,-0.04
SLV,2026-06-22,13:54:00,60.1,60.1,60.09,60.09,1090.0,59.94,60.06,2307.2,0.9120786749528544,-0.05
SLV,2026-06-22,13:56:00,60.04,60.04,60.0,60.01,778.0,59.94,60.05,5458.6,0.9043553850656963,-0.02
SLV,2026-06-22,13:58:00,60.01,60.01,60.0,60.0,513.0,59.94,60.04,2072.6,0.901861899219993,-0.02
SLV,2026-06-22,14:00:00,60.02,60.07,59.98,60.0,14789.0,59.94,60.03,18406.2,0.8986533081869594,-0.02
SLV,2026-06-22,14:02:00,60.04,60.06,60.04,60.05,4819.0,59.94,60.04,8384.4,0.8939119351910051,-0.04
SLV,2026-06-22,14:04:00,60.03,60.3,60.03,60.29,10288.0,59.94,60.09,10364.6,0.8956662092458458,-0.12
SLV,2026-06-22,14:06:00,60.3,60.35,60.24,60.24,26404.0,59.96,60.12,16194.4,0.9155207827550939,-0.1
SLV,2026-06-22,14:08:00,60.26,60.26,60.23,60.23,2629.0,59.96,60.14,10612.0,0.9039022446801361,-0.09
SLV,2026-06-22,14:10:00,60.23,60.25,60.12,60.12,15101.0,59.97,60.14,10852.4,0.9124261376834498,-0.05
SLV,2026-06-22,14:12:00,60.11,60.15,60.11,60.13,11737.0,59.97,60.13,17441.0,0.9058820063914825,-0.05
SLV,2026-06-22,14:14:00,60.17,60.18,60.13,60.13,1724.0,59.97,60.13,19677.2,0.8814084051475177,-0.05
SLV,2026-06-22,14:16:00,60.12,60.13,60.12,60.13,320.0,59.97,60.13,22415.0,0.8528382226745608,-0.05
SLV,2026-06-22,14:18:00,60.13,60.13,60.11,60.11,350.0,59.97,60.13,24609.0,0.8235620893892918,-0.05
SLV,2026-06-22,14:20:00,60.1,60.16,60.1,60.15,4642.0,59.97,60.13,15626.4,0.8121440229157647,-0.06
SLV,2026-06-22,14:22:00,60.12,60.12,60.1,60.1,700.0,59.97,60.13,7381.8,0.8048698933886571,-0.04
SLV,2026-06-22,14:24:00,60.11,60.11,60.04,60.05,4510.0,59.97,60.11,10004.0,0.8000701414130026,-0.03
SLV,2026-06-22,14:26:00,60.08,60.08,60.08,60.08,500.0,59.97,60.1,10932.0,0.7890583917257714,-0.04
SLV,2026-06-22,14:28:00,60.08,60.09,60.02,60.02,2670.0,59.97,60.09,9123.0,0.78308395541488,-0.02
SLV,2026-06-22,14:30:00,60.05,60.06,60.01,60.01,2094.0,59.97,60.07,10785.4,0.7748216585746058,-0.01
SLV,2026-06-22,14:32:00,60.06,60.06,60.06,60.06,200.0,59.97,60.07,7051.6,0.7680370101792946,-0.03
SLV,2026-06-22,14:34:00,60.05,60.05,60.0,60.0,3606.0,59.97,60.06,6510.4,0.7662548850231652,-0.01
SLV,2026-06-22,14:36:00,59.99,59.99,59.94,59.94,2438.0,59.97,60.03,23079.6,0.7473245629173756,0.01
SLV,2026-06-22,14:38:00,59.92,59.99,59.92,59.96,11102.0,59.97,60.02,12823.8,0.7491803174506957,0.0
SLV,2026-06-22,14:40:00,59.99,60.0,59.95,59.96,2827.0,59.97,60.01,5802.8,0.747335344223335,0.0
SLV,2026-06-22,14:42:00,60.0,60.0,59.97,59.98,2267.0,59.97,60.0,7568.8,0.7432596229602344,-0.0
SLV,2026-06-22,14:44:00,59.97,59.97,59.93,59.94,2860.0,59.97,59.99,5658.0,0.7416527843002737,0.01
SLV,2026-06-22,14:46:00,59.95,59.95,59.92,59.92,2700.0,59.97,59.98,11283.4,0.7349727761235961,0.02
SLV,2026-06-22,14:48:00,59.9,59.96,59.9,59.95,3048.0,59.97,59.97,9484.4,0.7304009948242566,0.01
SLV,2026-06-22,14:50:00,59.91,59.91,59.9,59.91,1400.0,59.97,59.96,12948.8,0.7211496621430008,0.02
SLV,2026-06-22,14:52:00,59.9,59.91,59.89,59.89,10360.0,59.97,59.94,11349.2,0.7236152997884032,0.03
SLV,2026-06-22,14:54:00,59.93,60.0,59.92,59.99,5240.0,59.97,59.95,6080.0,0.7245612712019891,-0.01
SLV,2026-06-22,14:56:00,60.01,60.05,60.01,60.02,9146.0,59.97,59.97,8638.8,0.7277791910398638,-0.02
SLV,2026-06-22,14:58:00,60.03,60.1,60.02,60.1,4455.0,59.97,59.99,15444.8,0.7203431529948515,-0.04
SLV,2026-06-22,15:00:00,60.11,60.12,60.09,60.1,3250.0,59.97,60.01,19751.8,0.7085673181054439,-0.04
SLV,2026-06-22,15:02:00,60.06,60.17,60.06,60.15,5334.0,59.97,60.04,9540.0,0.707053471543258,-0.06
SLV,2026-06-22,15:04:00,60.16,60.2,60.15,60.2,2033.0,59.98,60.07,7694.2,0.7034650021074501,-0.08
SLV,2026-06-22,15:06:00,60.18,60.18,60.09,60.1,2854.0,59.98,60.08,16234.4,0.694594619782277,-0.04
SLV,2026-06-22,15:08:00,60.05,60.07,60.05,60.07,2339.0,59.98,60.08,11315.0,0.6889445446338831,-0.03
SLV,2026-06-22,15:10:00,60.04,60.04,59.99,60.01,4308.0,59.98,60.06,10328.6,0.686100785665628,-0.01
SLV,2026-06-22,15:12:00,60.04,60.04,60.02,60.02,250.0,59.98,60.05,8686.8,0.6803681409048951,-0.01
SLV,2026-06-22,15:14:00,60.01,60.01,59.94,59.97,3267.0,59.98,60.04,14228.0,0.6740201294411634,0.0
SLV,2026-06-22,15:16:00,60.0,60.01,60.0,60.01,600.0,59.98,60.03,2974.0,0.6726339677044897,-0.01
SLV,2026-06-22,15:18:00,59.99,60.0,59.96,60.0,1857.0,59.98,60.03,8415.6,0.6689110290886203,-0.01
SLV,2026-06-22,15:20:00,60.01,60.11,60.0,60.11,3563.0,59.98,60.04,9711.0,0.6660674706364856,-0.04
SLV,2026-06-22,15:22:00,60.13,60.17,60.09,60.17,3714.0,59.98,60.07,13212.6,0.6611981337066072,-0.07
SLV,2026-06-22,15:24:00,60.16,60.19,60.07,60.07,2620.0,59.98,60.07,30800.0,0.6446973045987026,-0.03
SLV,2026-06-22,15:26:00,60.07,60.08,60.01,60.01,2101.0,59.98,60.06,23191.8,0.6329998259581585,-0.01
SLV,2026-06-22,15:28:00,59.98,60.07,59.98,60.07,1856.0,59.98,60.06,14921.6,0.626184095668823,-0.03
SLV,2026-06-22,15:30:00,60.06,60.06,59.95,59.96,6337.0,59.98,60.04,16619.2,0.6225830154340147,0.01
SLV,2026-06-22,15:32:00,59.98,59.98,59.98,59.98,604.0,59.98,60.03,15906.8,0.6144686806848662,0.0
SLV,2026-06-22,15:34:00,60.02,60.03,60.02,60.02,6587.0,59.98,60.03,12895.2,0.6133152913913981,-0.01
SLV,2026-06-22,15:36:00,60.01,60.01,59.97,59.99,2566.0,59.98,60.02,29729.6,0.6001343699302103,-0.0
SLV,2026-06-22,15:38:00,60.02,60.05,60.01,60.04,3153.0,59.98,60.02,17764.6,0.5939108939697288,-0.02
SLV,2026-06-22,15:40:00,60.04,60.04,60.0,60.0,1218.0,59.98,60.02,10110.0,0.5899764034427659,-0.01
SLV,2026-06-22,15:42:00,60.0,60.0,59.93,59.93,3170.0,59.98,60.0,11856.2,0.5868626696285932,0.02
SLV,2026-06-22,15:44:00,59.94,60.02,59.93,60.0,4934.0,59.98,60.0,14676.2,0.5839031208162914,-0.01
SLV,2026-06-22,15:46:00,59.94,59.96,59.9,59.91,5354.0,59.98,59.98,11787.2,0.5826849838188217,0.02
SLV,2026-06-22,15:48:00,59.91,60.02,59.91,60.01,4559.0,59.98,59.99,9935.2,0.5817124163555605,-0.01
SLV,2026-06-22,15:50:00,59.96,59.96,59.93,59.93,200.0,59.98,59.98,8096.4,0.578169458566786,0.02
SLV,2026-06-22,15:52:00,59.94,59.95,59.91,59.91,1734.0,59.98,59.96,6612.2,0.5765368072823629,0.02
SLV,2026-06-22,15:54:00,59.92,59.94,59.92,59.94,300.0,59.98,59.96,5319.8,0.5743831454232455,0.01
SLV,2026-06-22,15:56:00,59.9,59.92,59.86,59.86,2354.0,59.98,59.94,14458.8,0.5698029840324845,0.04
SLV,2026-06-22,15:58:00,59.9,59.9,59.85,59.86,15889.0,59.98,59.92,38747.2,0.5651772996958347,0.04
SLV,2026-06-22,16:00:00,59.88,60.13,59.87,59.98,12949.0,59.98,59.93,72526.0,0.545297765706194,0.0
SLV,2026-06-22,16:02:00,60.03,60.21,60.03,60.18,15416.0,59.98,59.98,37784.6,0.5417158151176814,-0.07
SLV,2026-06-22,16:04:00,60.14,60.21,60.11,60.12,8088.0,59.98,60.01,28854.0,0.5366097133795905,-0.05
SLV,2026-06-22,16:06:00,60.11,60.11,59.99,60.01,21963.0,59.98,60.01,19152.2,0.5444192674469441,-0.01
SLV,2026-06-22,16:08:00,60.08,60.13,60.06,60.11,3965.0,59.98,60.03,22609.2,0.5389260703094232,-0.04
SLV,2026-06-22,16:10:00,60.08,60.35,60.08,60.33,20842.0,59.99,60.09,21346.8,0.5449883184744951,-0.12
SLV,2026-06-22,16:12:00,60.32,60.32,60.25,60.27,9158.0,59.99,60.13,17503.0,0.5447437871293229,-0.1
SLV,2026-06-22,16:14:00,60.31,60.46,60.31,60.44,34539.0,60.01,60.19,23975.4,0.5583225616709544,-0.15
SLV,2026-06-22,16:16:00,60.4,60.45,60.35,60.37,32816.0,60.02,60.23,16101.2,0.5732338261753892,-0.12
SLV,2026-06-22,16:18:00,60.38,60.46,60.38,60.4,16047.0,60.03,60.26,13940.2,0.5782319213765945,-0.13
SLV,2026-06-22,16:20:00,60.4,60.42,60.27,60.31,6553.0,60.03,60.27,21768.6,0.574538018802586,-0.1
SLV,2026-06-22,16:22:00,60.3,60.35,60.29,60.29,5706.0,60.03,60.27,20331.8,0.5709251427340065,-0.09
SLV,2026-06-22,16:24:00,60.3,60.3,60.11,60.13,7226.0,60.03,60.25,23844.8,0.5671179269697866,-0.03
SLV,2026-06-22,16:26:00,60.13,60.19,60.1,60.1,18591.0,60.03,60.22,12316.8,0.5739850226960046,-0.02
SLV,2026-06-22,16:28:00,60.09,60.11,60.03,60.06,66178.0,60.04,60.18,29744.8,0.6025373556100573,-0.01
SLV,2026-06-22,16:30:00,60.07,60.12,59.97,60.08,517327.0,60.04,60.16,565850.0,0.6797055745531292,-0.01
SLV,2026-06-22,16:32:00,60.09,60.15,59.97,60.04,143065.0,60.05,60.14,219287.2,0.677316021753967,0.0
SLV,2026-06-22,16:34:00,60.04,60.16,60.03,60.14,80067.0,60.05,60.14,177877.4,0.6622527812539907,-0.03
SLV,2026-06-22,16:36:00,60.15,60.24,60.1,60.2,93931.0,60.05,60.15,137549.8,0.6632591193887476,-0.05
SLV,2026-06-22,16:38:00,60.2,60.25,60.17,60.25,53850.0,60.06,60.17,143555.4,0.6493032353064423,-0.07
SLV,2026-06-22,16:40:00,60.26,60.32,60.11,60.12,80506.0,60.06,60.16,132751.6,0.647465777529025,-0.02
SLV,2026-06-22,16:42:00,60.11,60.16,60.08,60.12,64618.0,60.07,60.15,119558.2,0.643488525586742,-0.02
SLV,2026-06-22,16:44:00,60.12,60.15,60.02,60.14,92601.0,60.07,60.15,178098.6,0.6370061639485519,-0.02
SLV,2026-06-22,16:46:00,60.15,60.28,60.13,60.21,90737.0,60.07,60.16,131961.0,0.6388996524186521,-0.05
SLV,2026-06-22,16:48:00,60.21,60.32,60.2,60.22,256211.0,60.09,60.17,158217.4,0.6810016347817194,-0.04
SLV,2026-06-22,16:50:00,60.21,60.31,60.21,60.22,146509.0,60.1,60.18,196786.6,0.6842214206153625,-0.04
SLV,2026-06-22,16:52:00,60.22,60.25,60.15,60.15,41743.0,60.1,60.18,101195.0,0.6773170348691134,-0.02
SLV,2026-06-22,16:54:00,60.15,60.26,60.14,60.22,43266.0,60.1,60.19,96161.2,0.6719560688316297,-0.04
SLV,2026-06-22,16:56:00,60.2,60.24,60.17,60.2,40450.0,60.1,60.19,87940.6,0.667481877362231,-0.03
SLV,2026-06-22,16:58:00,60.2,60.2,60.09,60.15,53330.0,60.1,60.18,93761.4,0.6653097589990585,-0.02
SLV,2026-06-22,17:00:00,60.15,60.16,59.93,59.99,93390.0,60.1,60.14,136786.4,0.6658520802450708,0.04
SLV,2026-06-22,17:02:00,59.99,60.0,59.85,59.94,81582.0,60.1,60.1,125433.6,0.66542351563154,0.05
SLV,2026-06-22,17:04:00,59.93,60.03,59.93,59.96,64254.0,60.1,60.07,89474.4,0.6664459702869068,0.05
SLV,2026-06-22,17:06:00,59.98,60.23,59.96,60.21,63345.0,60.1,60.1,108109.2,0.6646019842052532,-0.04
SLV,2026-06-22,17:08:00,60.21,60.33,60.17,60.17,83588.0,60.1,60.11,87236.2,0.6699293083440382,-0.02
SLV,2026-06-22,17:10:00,60.17,60.21,59.97,60.02,51509.0,60.1,60.1,66822.4,0.671312646438346,0.03
SLV,2026-06-22,17:12:00,60.03,60.09,60.02,60.08,34306.0,60.1,60.09,91867.2,0.6658021658351492,0.01
SLV,2026-06-22,17:14:00,60.08,60.08,59.99,60.02,29303.0,60.1,60.08,63206.6,0.663261043355177,0.03
SLV,2026-06-22,17:16:00,60.02,60.03,59.78,59.83,96675.0,60.09,60.03,98973.6,0.6693117365012811,0.09
SLV,2026-06-22,17:18:00,59.83,59.89,59.71,59.76,89014.0,60.08,59.97,83724.2,0.6756387443209977,0.11
SLV,2026-06-22,17:20:00,59.74,59.8,59.67,59.76,55833.0,60.08,59.93,76349.6,0.6764420660875226,0.11
SLV,2026-06-22,17:22:00,59.75,59.77,59.67,59.73,62172.0,60.07,59.89,90030.6,0.6766784780136886,0.12
SLV,2026-06-22,17:24:00,59.71,59.75,59.65,59.7,42249.0,60.07,59.85,75375.0,0.6750730468199347,0.13
SLV,2026-06-22,17:26:00,59.69,59.77,59.69,59.69,40852.0,60.07,59.82,97291.0,0.6706006467168916,0.13
SLV,2026-06-22,17:28:00,59.7,59.75,59.64,59.65,85571.0,60.06,59.79,94241.0,0.6745637570292171,0.14
SLV,2026-06-22,17:30:00,59.65,59.68,59.61,59.65,120544.0,60.04,59.76,140024.6,0.6790731850741506,0.13
SLV,2026-06-22,17:32:00,59.64,59.64,59.55,59.6,73526.0,60.04,59.73,117690.6,0.6779899189050955,0.15
SLV,2026-06-22,17:34:00,59.62,59.65,59.55,59.64,44706.0,60.03,59.71,121977.8,0.671683894309887,0.13
SLV,2026-06-22,17:36:00,59.65,59.66,59.56,59.6,81095.0,60.02,59.69,89380.0,0.6751282234037818,0.14
SLV,2026-06-22,17:38:00,59.59,59.64,59.52,59.6,56420.0,60.02,59.67,107478.2,0.6725338860867908,0.14
SLV,2026-06-22,17:40:00,59.59,59.65,59.57,59.6,55793.0,60.01,59.66,165872.8,0.663804309219392,0.14
SLV,2026-06-22,17:42:00,59.6,59.71,59.57,59.65,101326.0,60.0,59.65,104099.0,0.6687681942501957,0.12
SLV,2026-06-22,17:44:00,59.66,59.68,59.57,59.65,36519.0,60.0,59.65,75792.8,0.6666108168234468,0.12
SLV,2026-06-22,17:46:00,59.64,59.85,59.64,59.76,94973.0,59.99,59.68,191914.8,0.6617348112478318,0.08
SLV,2026-06-22,17:48:00,59.77,59.82,59.72,59.75,48931.0,59.99,59.69,101079.2,0.6591174579055298,0.08
SLV,2026-06-22,17:50:00,59.74,59.78,59.7,59.72,27673.0,59.99,59.7,71237.2,0.6563359917611503,0.09
SLV,2026-06-22,17:52:00,59.73,59.76,59.7,59.72,25852.0,59.99,59.7,93001.4,0.6513268880550608,0.09
SLV,2026-06-22,17:54:00,59.73,59.75,59.57,59.58,55242.0,59.98,59.68,70459.2,0.6526446654420066,0.14
SLV,2026-06-22,17:56:00,59.58,59.67,59.58,59.63,40541.0,59.98,59.67,67012.2,0.6521986985714757,0.12
SLV,2026-06-22,17:58:00,59.64,59.75,59.63,59.71,61421.0,59.98,59.68,69042.6,0.6544654248010553,0.09
SLV,2026-06-22,18:00:00,59.71,59.79,59.71,59.77,55941.0,59.97,59.69,87678.2,0.6542684930458729,0.07
SLV,2026-06-22,18:02:00,59.78,59.8,59.74,59.74,35929.0,59.97,59.7,49505.6,0.6547487843115094,0.08
SLV,2026-06-22,18:04:00,59.73,59.78,59.71,59.73,28392.0,59.97,59.71,56575.6,0.6535837109188946,0.08
SLV,2026-06-22,18:06:00,59.73,59.74,59.68,59.7,29109.0,59.97,59.71,61874.0,0.652070307237747,0.09
SLV,2026-06-22,18:08:00,59.7,59.78,59.67,59.7,41810.0,59.97,59.71,63941.4,0.6520856313941449,0.09
SLV,2026-06-22,18:10:00,59.69,59.75,59.69,59.75,20788.0,59.97,59.71,73097.0,0.6485602637954427,0.08
SLV,2026-06-22,18:12:00,59.75,59.76,59.7,59.72,32301.0,59.97,59.72,76795.4,0.646287072656121,0.09
SLV,2026-06-22,18:14:00,59.73,59.73,59.64,59.67,64949.0,59.96,59.71,87878.4,0.6473340154837601,0.1
SLV,2026-06-22,18:16:00,59.67,59.67,59.59,59.64,22896.0,59.96,59.69,65318.4,0.6448656209313832,0.11
SLV,2026-06-22,18:18:00,59.64,59.67,59.51,59.55,61241.0,59.96,59.66,97743.2,0.6446404848031203,0.14
SLV,2026-06-22,18:20:00,59.54,59.57,59.48,59.5,115198.0,59.95,59.63,85069.2,0.6521507750092411,0.15
SLV,2026-06-22,18:22:00,59.51,59.57,59.5,59.55,59973.0,59.94,59.62,65065.6,0.6543157512656168,0.13
SLV,2026-06-22,18:24:00,59.56,59.57,59.44,59.53,148956.0,59.93,59.6,72127.4,0.6667651738136097,0.14
SLV,2026-06-22,18:26:00,59.54,59.54,59.45,59.52,35359.0,59.93,59.58,59030.2,0.6662792933132341,0.14
SLV,2026-06-22,18:28:00,59.51,59.52,59.46,59.48,28291.0,59.93,59.56,52462.2,0.6654750615127457,0.15
SLV,2026-06-22,18:30:00,59.48,59.53,59.43,59.52,34898.0,59.92,59.55,61040.6,0.664789390099815,0.14
SLV,2026-06-22,18:32:00,59.51,59.54,59.48,59.5,63593.0,59.92,59.54,58579.8,0.6677220924008512,0.14
SLV,2026-06-22,18:34:00,59.52,59.53,59.39,59.43,32469.0,59.92,59.52,60177.2,0.666811004649773,0.17
SLV,2026-06-22,18:36:00,59.43,59.5,59.42,59.42,46851.0,59.91,59.5,65836.6,0.6671568466104604,0.17
SLV,2026-06-22,18:38:00,59.42,59.43,59.26,59.26,84740.0,59.9,59.45,66220.0,0.6718746685033827,0.22
SLV,2026-06-22,18:40:00,59.27,59.36,59.27,59.3,108197.0,59.89,59.42,80084.8,0.678142639383222,0.2
SLV,2026-06-22,18:42:00,59.3,59.31,59.21,59.26,168374.0,59.88,59.39,69494.4,0.6920042547392508,0.21
SLV,2026-06-22,18:44:00,59.27,59.31,59.2,59.23,28513.0,59.87,59.36,52179.8,0.6911410282546283,0.22
SLV,2026-06-22,18:46:00,59.23,59.26,59.12,59.13,74994.0,59.86,59.31,54918.6,0.695324142270525,0.25
SLV,2026-06-22,18:48:00,59.13,59.15,58.89,58.89,198204.0,59.84,59.23,87241.4,0.7107070367617349,0.33
SLV,2026-06-22,18:50:00,58.91,59.04,58.9,58.98,81923.0,59.83,59.18,60313.6,0.7150460072377754,0.29
SLV,2026-06-22,18:52:00,58.96,59.05,58.96,59.0,34105.0,59.82,59.14,55749.8,0.7144102066351552,0.28
SLV,2026-06-22,18:54:00,59.0,59.15,58.99,59.14,51720.0,59.82,59.14,160312.0,0.7075962777219813,0.23
SLV,2026-06-22,18:56:00,59.15,59.23,59.12,59.21,46086.0,59.81,59.16,68015.2,0.7073764444064982,0.21
SLV,2026-06-22,18:58:00,59.22,59.23,59.16,59.17,40580.0,59.81,59.16,45237.0,0.7082960120735796,0.22
SLV,2026-06-22,19:00:00,59.18,59.22,59.11,59.15,60249.0,59.8,59.16,56421.0,0.7104570321110331,0.22
SLV,2026-06-22,19:02:00,59.17,59.18,59.06,59.09,61954.0,59.8,59.14,63962.6,0.7122040209693836,0.24
SLV,2026-06-22,19:04:00,59.09,59.1,59.03,59.06,36184.0,59.79,59.13,47266.6,0.712469380652851,0.25
SLV,2026-06-22,19:06:00,59.06,59.12,59.04,59.06,52108.0,59.79,59.11,62557.4,0.7132577571660745,0.25
SLV,2026-06-22,19:08:00,59.07,59.11,59.02,59.04,54173.0,59.78,59.1,95603.0,0.711806273966446,0.25
SLV,2026-06-22,19:10:00,59.03,59.06,59.0,59.04,44232.0,59.78,59.09,37499.8,0.7136155365328763,0.25
SLV,2026-06-22,19:12:00,59.02,59.07,58.98,59.0,81257.0,59.77,59.07,47944.8,0.7184443194027745,0.26
SLV,2026-06-22,19:14:00,59.0,59.06,58.99,59.06,60912.0,59.76,59.07,74269.8,0.7192137715362598,0.24
SLV,2026-06-22,19:16:00,59.06,59.16,59.05,59.13,46870.0,59.76,59.08,53919.6,0.7200334253123792,0.22
SLV,2026-06-22,19:18:00,59.14,59.16,59.09,59.15,23631.0,59.75,59.09,52484.2,0.7186064783294778,0.21
SLV,2026-06-22,19:20:00,59.17,59.24,59.16,59.18,20813.0,59.75,59.11,36368.8,0.7180721135004888,0.2
SLV,2026-06-22,19:22:00,59.17,59.17,59.11,59.16,24349.0,59.75,59.12,46538.6,0.7171657280935383,0.2
SLV,2026-06-22,19:24:00,59.14,59.18,59.13,59.17,20122.0,59.75,59.13,33513.4,0.7167759923556185,0.2
SLV,2026-06-22,19:26:00,59.17,59.18,59.11,59.15,35067.0,59.75,59.13,31429.4,0.7180211056663157,0.21
SLV,2026-06-22,19:28:00,59.15,59.19,59.15,59.18,18687.0,59.74,59.14,49019.0,0.7163896691423416,0.19
SLV,2026-06-22,19:30:00,59.18,59.2,59.09,59.18,36231.0,59.74,59.15,73446.0,0.7147822235440665,0.19
SLV,2026-06-22,19:32:00,59.17,59.2,59.14,59.18,26897.0,59.74,59.16,38425.0,0.7147266596455343,0.19
SLV,2026-06-22,19:34:00,59.18,59.26,59.17,59.2,29970.0,59.74,59.17,48323.8,0.7142822678971904,0.19
SLV,2026-06-22,19:36:00,59.21,59.27,59.18,59.22,55480.0,59.73,59.18,67254.6,0.715001424351253,0.18
SLV,2026-06-22,19:38:00,59.22,59.22,59.15,59.15,16107.0,59.73,59.17,43309.6,0.7135713238326586,0.2
SLV,2026-06-22,19:40:00,59.17,59.17,59.09,59.13,22539.0,59.73,59.16,44428.6,0.7126931198702813,0.21
SLV,2026-06-22,19:42:00,59.11,59.15,59.11,59.14,22394.0,59.73,59.16,40389.8,0.7120829668679106,0.2
SLV,2026-06-22,19:44:00,59.15,59.16,59.08,59.13,21120.0,59.73,59.15,38365.8,0.7114932928308525,0.21
SLV,2026-06-22,19:46:00,59.1,59.16,59.1,59.14,11202.0,59.73,59.15,29396.2,0.7105720041269242,0.2
SLV,2026-06-22,19:48:00,59.15,59.17,59.13,59.17,8765.0,59.73,59.15,33316.6,0.709162367508696,0.19
SLV,2026-06-22,19:50:00,59.16,59.3,59.16,59.27,23470.0,59.72,59.18,59423.2,0.7074069092295351,0.15
SLV,2026-06-22,19:52:00,59.27,59.29,59.25,59.27,25957.0,59.72,59.2,47678.4,0.7066795214104022,0.15
SLV,2026-06-22,19:54:00,59.27,59.32,59.27,59.29,10810.0,59.72,59.21,56175.0,0.7039897017128116,0.15
SLV,2026-06-22,19:56:00,59.29,59.31,59.26,59.27,28907.0,59.72,59.23,44966.0,0.7037348385885966,0.15
SLV,2026-06-22,19:58:00,59.27,59.44,59.27,59.32,89505.0,59.72,59.24,44849.4,0.709085325670831,0.14
SLV,2026-06-22,20:00:00,59.32,59.33,59.23,59.29,49626.0,59.71,59.25,58531.4,0.7098313070775331,0.14
SLV,2026-06-22,20:02:00,59.28,59.32,59.24,59.31,26781.0,59.71,59.26,70750.2,0.7076924031552145,0.14
SLV,2026-06-22,20:04:00,59.31,59.31,59.24,59.24,18987.0,59.71,59.26,73771.0,0.7046812885326811,0.16
SLV,2026-06-22,20:06:00,59.25,59.25,59.2,59.2,20331.0,59.71,59.25,84974.4,0.7011239333071185,0.18
SLV,2026-06-22,20:08:00,59.21,59.25,59.21,59.23,12030.0,59.71,59.24,49652.8,0.699083772995089,0.16
SLV,2026-06-22,20:10:00,59.23,59.25,59.2,59.24,11927.0,59.71,59.24,52148.4,0.6968974410296203,0.16
SLV,2026-06-22,20:12:00,59.24,59.26,59.19,59.22,19729.0,59.71,59.24,57629.8,0.6950855053249715,0.17
SLV,2026-06-22,20:14:00,59.22,59.25,59.18,59.25,38623.0,59.7,59.24,70870.4,0.6941480554572639,0.15
SLV,2026-06-22,20:16:00,59.25,59.27,59.23,59.25,12055.0,59.7,59.24,73791.8,0.6907188087790539,0.15
SLV,2026-06-22,20:18:00,59.26,59.27,59.21,59.23,69016.0,59.7,59.24,87428.8,0.6914684197458294,0.16
SLV,2026-06-22,20:20:00,59.24,59.3,59.24,59.28,18885.0,59.7,59.25,65168.4,0.6892067576468547,0.14
SLV,2026-06-22,20:22:00,59.27,59.28,59.23,59.27,24317.0,59.7,59.25,88396.6,0.6860679550871907,0.15
SLV,2026-06-22,20:24:00,59.27,59.27,59.12,59.12,46985.0,59.69,59.23,144898.8,0.6816279364377733,0.2
SLV,2026-06-22,20:26:00,59.12,59.15,59.11,59.14,50662.0,59.69,59.21,78658.4,0.6813794315639948,0.19
SLV,2026-06-22,20:28:00,59.13,59.16,59.06,59.09,49498.0,59.69,59.19,105021.8,0.6795396014450108,0.21
SLV,2026-06-22,20:30:00,59.08,59.11,59.01,59.03,32780.0,59.68,59.15,114398.4,0.6758257497085961,0.22
SLV,2026-06-22,20:32:00,59.02,59.02,58.88,58.88,38772.0,59.68,59.1,131787.2,0.6717159377067436,0.27
SLV,2026-06-22,20:34:00,58.88,58.91,58.77,58.77,63415.0,59.67,59.03,155635.0,0.668397324000952,0.31
SLV,2026-06-22,20:36:00,58.77,58.9,58.75,58.88,43821.0,59.67,59.0,92985.6,0.6669292495030775,0.27
SLV,2026-06-22,20:38:00,58.88,58.94,58.84,58.92,34857.0,59.67,58.99,123625.2,0.66315495845868,0.26
SLV,2026-06-22,20:40:00,58.92,58.94,58.88,58.9,22501.0,59.66,58.97,157240.2,0.6567497961514327,0.26
SLV,2026-06-22,20:42:00,58.9,58.91,58.87,58.89,20313.0,59.66,58.95,86272.2,0.6539219769060886,0.26
SLV,2026-06-22,20:44:00,58.89,58.94,58.86,58.88,22429.0,59.66,58.94,94954.0,0.6508586980028706,0.27
SLV,2026-06-22,20:46:00,58.89,58.99,58.89,58.97,23044.0,59.66,58.94,96274.0,0.6478216106488929,0.24
SLV,2026-06-22,20:48:00,58.98,59.0,58.97,58.97,28725.0,59.66,58.95,85900.4,0.6457711412928266,0.24
SLV,2026-06-22,20:50:00,58.98,59.01,58.96,58.96,12564.0,59.66,58.95,78910.2,0.6428645230278714,0.24
SLV,2026-06-22,20:52:00,58.96,59.03,58.96,59.0,24279.0,59.65,58.96,68968.2,0.6413539006194328,0.22
SLV,2026-06-22,20:54:00,59.0,59.03,58.99,59.02,31123.0,59.65,58.97,139875.2,0.6369876333585187,0.22
SLV,2026-06-22,20:56:00,59.02,59.05,59.0,59.0,52714.0,59.65,58.98,186509.8,0.6321296477472809,0.22
SLV,2026-06-22,20:58:00,59.01,59.03,58.99,59.01,28219.0,59.64,58.98,201302.0,0.6249565762090065,0.22
SLV,2026-06-22,21:00:00,59.02,59.12,59.0,59.11,96163.0,59.64,59.01,468026.0,0.611201821067966,0.18
SLV,2026-06-22,21:02:00,59.1,59.11,59.06,59.07,48212.0,59.64,59.02,453394.0,0.5956589487110121,0.2
SLV,2026-06-22,21:04:00,59.06,59.1,59.02,59.07,11316.0,59.63,59.03,440411.4,0.5791092943119104,0.19
SLV,2026-06-22,21:06:00,59.06,59.12,59.05,59.1,34181.0,59.63,59.05,245267.4,0.5721115413050115,0.18
SLV,2026-06-22,21:08:00,59.1,59.14,59.1,59.13,34206.0,59.63,59.06,291009.2,0.5636879211691562,0.17
SLV,2026-06-22,21:10:00,59.12,59.18,59.11,59.11,31580.0,59.63,59.07,219306.4,0.5579076566117595,0.18
SLV,2026-06-22,21:12:00,59.11,59.12,59.05,59.07,47331.0,59.63,59.07,180427.8,0.5545959173374869,0.19
SLV,2026-06-22,21:14:00,59.07,59.13,59.06,59.11,13016.0,59.63,59.08,142645.4,0.5505276295927762,0.18
SLV,2026-06-22,21:16:00,59.1,59.14,59.08,59.09,25354.0,59.62,59.08,170271.4,0.5463620107872813,0.18
SLV,2026-06-22,21:18:00,59.09,59.1,59.06,59.09,22176.0,59.62,59.08,98645.2,0.5444413565147092,0.18
SLV,2026-06-22,21:20:00,59.09,59.18,59.08,59.13,52359.0,59.62,59.09,116922.6,0.5437620386015907,0.17
SLV,2026-06-22,21:22:00,59.12,59.17,59.08,59.16,69905.0,59.62,59.11,102844.6,0.5445975353378936,0.16
SLV,2026-06-22,21:24:00,59.15,59.17,59.11,59.14,20422.0,59.61,59.11,110598.4,0.5422343249521484,0.16
SLV,2026-06-22,21:26:00,59.14,59.17,59.07,59.08,69030.0,59.61,59.11,116747.4,0.5425718704451229,0.18
SLV,2026-06-22,21:28:00,59.08,59.14,59.05,59.11,28019.0,59.61,59.11,80441.0,0.541654998462631,0.17
SLV,2026-06-22,21:30:00,59.12,59.15,59.09,59.11,99520.0,59.6,59.11,127067.8,0.5434426169356908,0.17
SLV,2026-06-22,21:32:00,59.1,59.13,59.03,59.05,123077.0,59.6,59.1,224760.2,0.5434962387311607,0.19
SLV,2026-06-22,21:34:00,59.05,59.08,59.04,59.07,42990.0,59.59,59.09,137893.8,0.5416736346879926,0.18
SLV,2026-06-22,21:36:00,59.08,59.11,59.07,59.09,25068.0,59.59,59.09,129309.2,0.5391271545981658,0.17
SLV,2026-06-22,21:38:00,59.09,59.1,59.03,59.05,48705.0,59.59,59.08,109926.4,0.5385329908234612,0.19
SLV,2026-06-22,21:40:00,59.06,59.11,59.05,59.1,54379.0,59.59,59.09,129164.6,0.5376849653873367,0.17
SLV,2026-06-22,21:42:00,59.11,59.13,59.09,59.13,21429.0,59.59,59.09,101796.4,0.5358349404187909,0.16
SLV,2026-06-22,21:44:00,59.13,59.21,59.12,59.21,39434.0,59.59,59.12,116243.0,0.5345736584809744,0.13
SLV,2026-06-22,21:46:00,59.2,59.2,59.14,59.15,36979.0,59.58,59.12,131104.6,0.5327596294934511,0.15
SLV,2026-06-22,21:48:00,59.15,59.19,59.13,59.18,23211.0,59.58,59.14,119828.8,0.5305479103284952,0.14
SLV,2026-06-22,21:50:00,59.19,59.21,59.17,59.2,49456.0,59.58,59.15,98952.0,0.5303831580620744,0.13
SLV,2026-06-22,21:52:00,59.21,59.21,59.13,59.16,56205.0,59.58,59.15,86673.0,0.5309347527311885,0.14
SLV,2026-06-22,21:54:00,59.15,59.17,59.13,59.13,19525.0,59.58,59.15,118123.4,0.528621817668619,0.15
SLV,2026-06-22,21:56:00,59.13,59.19,59.13,59.14,31941.0,59.58,59.15,109845.0,0.5272309403733151,0.15
SLV,2026-06-22,21:58:00,59.14,59.17,59.13,59.16,28275.0,59.57,59.15,110899.6,0.5256328587679845,0.14
SLV,2026-06-22,22:00:00,59.17,59.19,59.15,59.17,34116.0,59.57,59.15,147305.0,0.5233582473196776,0.14
SLV,2026-06-22,22:02:00,59.17,59.21,59.14,59.18,63525.0,59.57,59.16,178144.0,0.5218125420822733,0.13
SLV,2026-06-22,22:04:00,59.18,59.19,59.14,59.15,43275.0,59.57,59.16,143346.2,0.5201844564733032,0.14
SLV,2026-06-22,22:06:00,59.16,59.16,59.1,59.13,145602.0,59.56,59.15,237314.4,0.5213147741963251,0.15
SLV,2026-06-22,22:08:00,59.12,59.15,59.11,59.12,80477.0,59.56,59.14,150158.2,0.5214260270586684,0.15
SLV,2026-06-22,22:10:00,59.13,59.17,59.1,59.13,102226.0,59.56,59.14,171326.8,0.5220731402187074,0.15
SLV,2026-06-22,22:12:00,59.13,59.15,59.1,59.13,28115.0,59.55,59.14,141690.6,0.5197875187792563,0.14
SLV,2026-06-22,22:14:00,59.13,59.15,59.12,59.13,43087.0,59.55,59.14,100129.8,0.519343195814153,0.14
SLV,2026-06-22,22:16:00,59.13,59.15,59.09,59.13,49810.0,59.55,59.14,104965.2,0.5191111652810555,0.14
SLV,2026-06-22,22:18:00,59.12,59.13,59.11,59.11,9273.0,59.55,59.13,102780.8,0.5169472767915062,0.15
SLV,2026-06-22,22:20:00,59.11,59.12,59.04,59.05,86979.0,59.55,59.11,111373.8,0.5183828474718941,0.17
SLV,2026-06-22,22:22:00,59.05,59.07,59.03,59.06,17879.0,59.55,59.1,90342.2,0.5169755398997112,0.17
SLV,2026-06-22,22:24:00,59.07,59.09,59.04,59.04,97624.0,59.54,59.09,85235.2,0.5195681582022724,0.17
SLV,2026-06-22,22:26:00,59.05,59.06,58.94,58.97,350731.0,59.52,59.07,163991.4,0.5323200844381123,0.19
SLV,2026-06-22,22:28:00,58.97,59.01,58.95,58.95,54281.0,59.52,59.04,156117.4,0.5309461377311687,0.2
SLV,2026-06-22,22:30:00,58.95,58.96,58.86,58.86,146013.0,59.51,59.01,266979.6,0.5311467074510019,0.22
SLV,2026-06-22,22:32:00,58.86,58.91,58.84,58.88,467762.0,59.49,58.98,243915.0,0.5468849990890416,0.21
SLV,2026-06-22,22:34:00,58.88,58.89,58.84,58.84,84323.0,59.48,58.95,138710.4,0.5472763573872739,0.22
SLV,2026-06-22,22:36:00,58.85,58.9,58.83,58.88,163766.0,59.48,58.94,237480.0,0.5488221067127761,0.21
SLV,2026-06-22,22:38:00,58.89,58.89,58.87,58.88,82088.0,59.47,58.93,216544.6,0.5471575770967598,0.2
SLV,2026-06-22,22:40:00,58.88,59.01,58.79,58.8,448594.0,59.45,58.9,391900.0,0.5575768162493021,0.22
SLV,2026-06-22,22:42:00,58.8,58.82,58.76,58.8,45923.0,59.45,58.88,141584.0,0.5561167248031836,0.22
SLV,2026-06-22,22:44:00,58.79,58.81,58.77,58.79,60545.0,59.44,58.86,175489.4,0.5544912006695928,0.22
SLV,2026-06-22,22:46:00,58.79,58.82,58.76,58.81,55651.0,59.44,58.85,201904.8,0.5520424875132381,0.22
SLV,2026-06-22,22:48:00,58.81,58.86,58.79,58.83,97617.0,59.44,58.85,158623.8,0.5524765776756575,0.21
SLV,2026-06-22,22:50:00,58.84,58.89,58.81,58.85,221670.0,59.43,58.85,286764.8,0.5551746715912564,0.2
SLV,2026-06-22,22:52:00,58.84,58.86,58.82,58.86,182787.0,59.42,58.85,246635.2,0.557110968853804,0.19
SLV,2026-06-22,22:54:00,58.85,58.89,58.81,58.87,188964.0,59.41,58.85,315011.2,0.5576721249287159,0.19
SLV,2026-06-22,22:56:00,58.87,58.9,58.83,58.89,75414.0,59.41,58.86,234532.4,0.5553870410163582,0.18
SLV,2026-06-22,22:58:00,58.9,58.94,58.9,58.92,176234.0,59.4,58.87,672732.2,0.5474619673219298,0.16
SLV,2026-06-22,23:00:00,58.91,58.94,58.9,58.94,222692.0,59.39,58.89,543295.4,0.5445252438150361,0.15
SLV,2026-06-22,23:02:00,58.94,58.97,58.94,58.96,11069.0,59.39,58.9,13700.2,0.5446669671650181,0.15
SLV,2026-06-22,23:04:00,58.96,58.97,58.93,58.97,13550.0,59.39,58.92,15921.6,0.5448584104678631,0.14
SLV,2026-06-22,23:06:00,58.97,58.97,58.94,58.94,2070.0,59.39,58.92,15051.0,0.5446179483178153,0.15
SLV,2026-06-22,23:08:00,58.97,58.97,58.93,58.93,5500.0,59.39,58.92,9454.6,0.544631704757363,0.16
SLV,2026-06-22,23:10:00,58.93,58.96,58.93,58.93,16315.0,59.39,58.92,16071.2,0.5449280158394635,0.16
SLV,2026-06-22,23:12:00,58.96,58.96,58.95,58.96,400.0,59.39,58.93,6157.6,0.544812238576047,0.15
SLV,2026-06-22,23:14:00,58.95,58.96,58.95,58.96,365.0,59.39,58.94,9232.4,0.5446295600814504,0.15
SLV,2026-06-22,23:16:00,58.96,58.96,58.95,58.95,704.0,59.39,58.94,8166.8,0.544482996545641,0.15
SLV,2026-06-22,23:18:00,58.95,58.96,58.95,58.96,525.0,59.39,58.94,9833.6,0.5442940171356513,0.15
SLV,2026-06-22,23:20:00,58.95,58.95,58.95,58.95,599.0,59.39,58.94,2973.2,0.5442541342903072,0.15
SLV,2026-06-22,23:22:00,58.92,58.92,58.91,58.92,1424.0,59.39,58.94,4256.6,0.5442192117432804,0.16
SLV,2026-06-22,23:24:00,58.92,58.92,58.92,58.92,0.0,59.39,58.94,31648.6,0.543546227470109,0.16
SLV,2026-06-22,23:26:00,58.91,58.95,58.91,58.95,12800.0,59.39,58.94,8081.0,0.5438746338835757,0.15
SLV,2026-06-22,23:28:00,58.95,58.95,58.95,58.95,0.0,59.39,58.94,4337.2,0.5437825096006329,0.15
SLV,2026-06-22,23:30:00,58.92,58.93,58.92,58.92,1900.0,59.39,58.94,12075.2,0.5436003583563827,0.16
SLV,2026-06-22,23:32:00,58.92,58.92,58.92,58.92,0.0,59.39,58.93,12052.6,0.5433447251263293,0.16
SLV,2026-06-22,23:34:00,58.94,58.94,58.94,58.94,600.0,59.39,58.93,3069.4,0.543303069730103,0.15
SLV,2026-06-22,23:36:00,58.91,58.94,58.9,58.94,1199.0,59.39,58.94,7862.2,0.5431832380529718,0.15
SLV,2026-06-22,23:38:00,58.92,58.93,58.92,58.92,1166.0,59.39,58.93,15485.4,0.5429008330581486,0.16
SLV,2026-06-22,23:40:00,58.92,58.92,58.92,58.92,100.0,59.39,58.93,5709.8,0.5427839334456819,0.16
SLV,2026-06-22,23:42:00,58.9,60.0,58.9,58.9,512590.0,59.38,58.92,108292.6,0.5603938977555949,0.16
SLV,2026-06-22,23:44:00,58.96,58.96,58.91,58.91,1100.0,59.38,58.92,8471.0,0.5602524199015293,0.16
SLV,2026-06-22,23:46:00,58.9,58.93,58.87,58.87,4333.0,59.38,58.91,2187.8,0.5603729469949552,0.18
SLV,2026-06-22,23:48:00,58.88,58.9,58.86,58.86,1140.0,59.38,58.9,1846.0,0.560377040900377,0.18
SLV,2026-06-22,23:50:00,58.87,58.91,58.87,58.91,3524.0,59.38,58.9,4021.0,0.5604263193130467,0.16
SLV,2026-06-22,23:52:00,58.91,58.91,58.91,58.91,500.0,59.38,58.9,1536.8,0.5604123104364649,0.16
SLV,2026-06-22,23:54:00,58.9,58.9,58.9,58.9,100.0,59.38,58.9,3007.6,0.5603508360582712,0.16
SLV,2026-06-22,23:56:00,58.9,58.91,58.9,58.91,520.0,59.38,58.9,2103.6,0.5603252962970297,0.16
SLV,2026-06-22,23:58:00,58.88,58.9,58.87,58.87,6075.0,59.38,58.9,3573.6,0.5604831691440108,0.18
SLV,2026-06-23,11:00:00,56.02,57.19,55.93,55.95,64112.0,56.27,55.95,56649.8,1.1317250899385345,0.11
SLV,2026-06-23,11:02:00,55.95,56.1,55.92,56.05,10524.0,56.23,55.97,19612.2,0.9786787653090662,0.06
SLV,2026-06-23,11:04:00,56.04,56.04,55.9,55.96,14822.0,56.19,55.97,91521.6,0.5331748752559845,0.08
SLV,2026-06-23,11:06:00,57.1,57.19,55.96,56.58,116337.0,56.48,56.09,45540.8,0.9647044594992414,-0.03
SLV,2026-06-23,11:08:00,56.53,57.0,55.92,56.29,143032.0,56.46,56.13,38083.2,1.3874958434033018,0.06
SLV,2026-06-23,11:10:00,56.3,56.68,55.96,56.53,191856.0,56.43,56.21,39699.4,1.8573342447965864,-0.03
SLV,2026-06-23,11:12:00,56.0,56.65,55.92,55.98,37421.0,56.41,56.16,10275.0,1.9181769316017543,0.15
SLV,2026-06-23,11:14:00,55.95,56.01,55.95,56.01,8430.0,56.4,56.13,9270.6,1.888070468426789,0.13
SLV,2026-06-23,11:16:00,55.98,56.05,55.98,56.05,6491.0,56.4,56.12,3526.2,1.8875398340053495,0.12
SLV,2026-06-23,11:18:00,56.06,56.1,56.03,56.1,2580.0,56.4,56.11,1940.8,1.884112848428253,0.1
SLV,2026-06-23,11:20:00,56.11,56.13,56.08,56.1,767.0,56.4,56.11,710.0,1.8823115011981202,0.1
SLV,2026-06-23,11:22:00,56.09,56.15,56.09,56.15,5697.0,56.4,56.12,3189.8,1.881351568061186,0.09
SLV,2026-06-23,11:24:00,56.07,56.07,56.05,56.05,1187.0,56.4,56.1,2786.8,1.868786906819014,0.12
SLV,2026-06-23,11:26:00,56.06,56.08,56.05,56.07,1989.0,56.39,56.1,3787.8,1.853203059456083,0.11
SLV,2026-06-23,11:28:00,56.04,56.05,56.04,56.04,814.0,56.39,56.09,1181.8,1.8490047160284562,0.12
SLV,2026-06-23,11:30:00,56.07,56.09,56.06,56.06,1040.0,56.39,56.08,4516.4,1.8270034626151321,0.11
SLV,2026-06-23,11:32:00,56.05,56.15,56.05,56.14,3032.0,56.39,56.09,2688.4,1.8213920447930416,0.09
SLV,2026-06-23,11:34:00,56.11,56.2,56.11,56.16,6684.0,56.39,56.11,4767.8,1.8155052385824333,0.08
SLV,2026-06-23,11:36:00,56.08,56.09,55.99,56.01,26732.0,56.37,56.09,8535.8,1.8477639812543893,0.12
SLV,2026-06-23,11:38:00,56.01,56.04,56.0,56.02,13841.0,56.37,56.07,7076.2,1.8499191243593827,0.12
SLV,2026-06-23,11:40:00,56.06,56.17,56.06,56.17,1400.0,56.37,56.09,2953.4,1.8385783634345088,0.07
SLV,2026-06-23,11:42:00,56.17,56.18,56.11,56.11,4990.0,56.36,56.1,3043.2,1.836903671438494,0.09
SLV,2026-06-23,11:44:00,56.15,56.18,56.11,56.14,5930.0,56.36,56.11,6078.8,1.8226531002150577,0.08
SLV,2026-06-23,11:46:00,56.1,56.11,56.1,56.11,4250.0,56.36,56.11,2017.6,1.8242029982671697,0.09
SLV,2026-06-23,11:48:00,56.06,56.14,56.06,56.13,2112.0,56.36,56.11,1454.8,1.8227421232531391,0.08
SLV,2026-06-23,11:50:00,56.14,56.18,56.13,56.17,3725.0,56.36,56.12,1457.6,1.8256107300939024,0.07
SLV,2026-06-23,11:52:00,56.16,56.16,56.15,56.16,435.0,56.36,56.13,1102.2,1.8213876423147364,0.07
SLV,2026-06-23,11:54:00,56.16,56.16,56.15,56.15,10900.0,56.36,56.13,3988.6,1.8310184535122715,0.07
SLV,2026-06-23,11:56:00,56.12,56.12,56.11,56.12,1520.0,56.36,56.13,2854.8,1.8212706745051557,0.08
SLV,2026-06-23,11:58:00,56.09,56.11,56.06,56.1,7963.0,56.35,56.13,1998.6,1.8325782741754078,0.09
SLV,2026-06-23,12:00:00,56.16,56.2,56.16,56.18,2359.0,56.35,56.14,1696.8,1.830623832702963,0.06
SLV,2026-06-23,12:02:00,56.17,56.23,56.16,56.19,5516.0,56.35,56.15,4624.4,1.8230342803151165,0.05
SLV,2026-06-23,12:04:00,56.2,56.28,56.2,56.25,4083.0,56.35,56.17,3178.4,1.8186665155728703,0.03
SLV,2026-06-23,12:06:00,56.26,56.27,56.23,56.23,1130.0,56.35,56.18,9447.4,1.7786630513610977,0.04
SLV,2026-06-23,12:08:00,56.25,56.25,56.16,56.19,5977.0,56.35,56.18,3436.0,1.7783307346556525,0.05
SLV,2026-06-23,12:10:00,56.2,56.23,56.18,56.23,24707.0,56.34,56.19,5544.2,1.8145234025583248,0.04
SLV,2026-06-23,12:12:00,56.23,56.28,56.21,56.27,3227.0,56.34,56.21,3796.0,1.8056812835299199,0.02
SLV,2026-06-23,12:14:00,56.27,56.27,56.22,56.22,6829.0,56.34,56.21,2849.6,1.809719662216815,0.04
SLV,2026-06-23,12:16:00,56.22,56.25,56.22,56.23,1480.0,56.34,56.21,2912.6,1.8006890975937326,0.04
SLV,2026-06-23,12:18:00,56.22,56.25,56.21,56.25,2318.0,56.34,56.22,1898.6,1.798078701617761,0.03
SLV,2026-06-23,12:20:00,56.26,56.34,56.26,56.33,7650.0,56.34,56.24,6362.2,1.789225340037126,0.0
SLV,2026-06-23,12:22:00,56.33,56.37,56.33,56.36,7282.0,56.34,56.27,2224.2,1.7969003468435933,-0.01
SLV,2026-06-23,12:24:00,56.38,56.42,56.38,56.41,4840.0,56.34,56.3,2246.8,1.7987562400699888,-0.02
SLV,2026-06-23,12:26:00,56.41,56.43,56.36,56.43,4302.0,56.34,56.32,2318.2,1.7990600797432836,-0.03
SLV,2026-06-23,12:28:00,56.39,56.42,56.37,56.41,7435.0,56.34,56.34,2466.4,1.8059151388094261,-0.02
SLV,2026-06-23,12:30:00,56.41,56.41,56.37,56.37,4982.0,56.34,56.35,2728.8,1.8060378974121933,-0.01
SLV,2026-06-23,12:32:00,56.41,56.42,56.39,56.39,3780.0,56.34,56.35,6866.8,1.7867459791446731,-0.02
SLV,2026-06-23,12:34:00,56.37,56.42,56.37,56.41,2400.0,56.34,56.37,6895.4,1.7648855405916404,-0.02
SLV,2026-06-23,12:36:00,56.39,56.42,56.39,56.42,756.0,56.34,56.38,903.6,1.7630409424630928,-0.03
SLV,2026-06-23,12:38:00,56.42,56.43,56.4,56.41,2783.0,56.34,56.38,1688.0,1.7626180338759636,-0.02
SLV,2026-06-23,12:40:00,56.39,56.39,56.38,56.38,299.0,56.34,56.38,5719.2,1.7414505870418011,-0.01
SLV,2026-06-23,12:42:00,56.4,56.47,56.4,56.44,711.0,56.34,56.39,642.6,1.740568791947034,-0.03
SLV,2026-06-23,12:44:00,56.43,56.43,56.41,56.43,380.0,56.34,56.4,1068.4,1.7373787418778566,-0.03
SLV,2026-06-23,12:46:00,56.43,56.44,56.43,56.43,1555.0,56.34,56.41,3754.2,1.7267549341415822,-0.03
SLV,2026-06-23,12:48:00,56.43,56.43,56.43,56.43,0.0,56.34,56.41,608.2,1.724511786956921,-0.03
SLV,2026-06-23,12:50:00,56.43,56.43,56.43,56.43,1259.0,56.34,56.42,900.0,1.7238870401439392,-0.03
SLV,2026-06-23,12:52:00,56.42,56.45,56.42,56.45,2150.0,56.34,56.42,615.0,1.726207254812626,-0.04
SLV,2026-06-23,12:54:00,56.46,56.48,56.44,56.48,3498.0,56.35,56.43,1592.0,1.7277983594104742,-0.04
SLV,2026-06-23,12:56:00,56.49,56.53,56.49,56.53,1760.0,56.35,56.45,1333.8,1.7266462108238239,-0.06
SLV,2026-06-23,12:58:00,56.53,56.55,56.49,56.55,19291.0,56.35,56.47,4124.4,1.752172302508515,-0.07
SLV,2026-06-23,13:00:00,56.57,56.66,56.57,56.62,5728.0,56.35,56.5,1774.8,1.7576437693170919,-0.09
SLV,2026-06-23,13:02:00,56.61,56.66,56.6,56.6,6853.0,56.35,56.52,1709.4,1.7656574970160528,-0.09
SLV,2026-06-23,13:04:00,56.6,56.63,56.57,56.63,9867.0,56.36,56.54,2522.6,1.7768700324592601,-0.09
SLV,2026-06-23,13:06:00,56.62,56.64,56.61,56.61,1749.0,56.36,56.56,4767.2,1.763082681505117,-0.09
SLV,2026-06-23,13:08:00,56.61,56.62,56.6,56.61,2678.0,56.36,56.57,3964.0,1.7543116831220642,-0.09
SLV,2026-06-23,13:10:00,56.61,56.62,56.61,56.62,350.0,56.36,56.58,1354.8,1.7501993527376762,-0.09
SLV,2026-06-23,13:12:00,56.6,56.61,56.58,56.59,2769.0,56.36,56.58,1186.0,1.751602632223484,-0.08
SLV,2026-06-23,13:14:00,56.61,56.61,56.61,56.61,688.0,56.36,56.59,3779.8,1.7396850369658514,-0.09
SLV,2026-06-23,13:16:00,56.63,56.66,56.63,56.65,4269.0,56.36,56.6,2572.4,1.7392730211565854,-0.1
SLV,2026-06-23,13:18:00,56.6,56.63,56.6,56.63,5845.0,56.36,56.61,2194.0,1.7433102814851131,-0.09
SLV,2026-06-23,13:20:00,56.63,56.68,56.62,56.68,2467.0,56.36,56.62,2690.2,1.738910921227057,-0.11
SLV,2026-06-23,13:22:00,56.68,56.69,56.65,56.65,1644.0,56.36,56.63,1219.0,1.7379716414892876,-0.1
SLV,2026-06-23,13:24:00,56.63,56.63,56.59,56.59,3825.0,56.36,56.62,1861.8,1.739130776896623,-0.08
SLV,2026-06-23,13:26:00,56.62,56.62,56.62,56.62,100.0,56.36,56.62,1965.2,1.732629399894261,-0.09
SLV,2026-06-23,13:28:00,56.63,56.63,56.57,56.57,1492.0,56.36,56.61,2014.2,1.728729820528896,-0.07
SLV,2026-06-23,13:30:00,56.56,56.56,56.54,56.55,919.0,56.37,56.6,2600.6,1.72178373606262,-0.06
SLV,2026-06-23,13:32:00,56.5,56.55,56.5,56.55,3900.0,56.37,56.59,1326.2,1.7249150806269156,-0.06
SLV,2026-06-23,13:34:00,56.54,56.54,56.5,56.53,580.0,56.37,56.58,636.8,1.72391211148497,-0.05
SLV,2026-06-23,13:36:00,56.52,56.52,56.39,56.39,3717.0,56.37,56.54,1615.8,1.7257086210986543,-0.01
SLV,2026-06-23,13:38:00,56.41,56.43,56.4,56.42,1945.0,56.37,56.52,788.4,1.7268340909624849,-0.02
SLV,2026-06-23,13:40:00,56.42,56.42,56.36,56.37,4744.0,56.37,56.49,1055.0,1.7324499029884477,0.0
SLV,2026-06-23,13:42:00,56.35,56.4,56.3,56.4,12344.0,56.37,56.47,2809.4,1.7467416265546396,-0.01
SLV,2026-06-23,13:44:00,56.39,56.41,56.39,56.4,1400.0,56.37,56.46,1397.0,1.7447586228984162,-0.01
SLV,2026-06-23,13:46:00,56.32,56.35,56.32,56.35,2526.0,56.37,56.43,1825.0,1.7435082291978938,0.01
SLV,2026-06-23,13:48:00,56.35,56.39,56.34,56.34,2854.0,56.37,56.42,2142.6,1.741840111828328,0.01
SLV,2026-06-23,13:50:00,56.35,56.38,56.34,56.38,2761.0,56.37,56.41,3410.4,1.735863117058707,-0.0
SLV,2026-06-23,13:52:00,56.35,56.39,56.32,56.32,1306.0,56.37,56.39,4196.2,1.7247128034006614,0.02
SLV,2026-06-23,13:54:00,56.33,56.33,56.32,56.32,254.0,56.37,56.38,2307.2,1.7177941683929558,0.02
SLV,2026-06-23,13:56:00,56.29,56.29,56.29,56.29,150.0,56.37,56.36,5458.6,1.7008300103990317,0.03
SLV,2026-06-23,13:58:00,56.33,56.33,56.29,56.3,597.0,56.37,56.35,2072.6,1.6954668155394792,0.02
SLV,2026-06-23,14:00:00,56.3,56.36,56.2,56.23,30026.0,56.36,56.32,18406.2,1.6933740579854981,0.04
SLV,2026-06-23,14:02:00,56.24,56.26,56.22,56.23,17756.0,56.36,56.31,8384.4,1.6995862141210982,0.04
SLV,2026-06-23,14:04:00,56.22,56.23,56.12,56.16,29629.0,56.36,56.28,10364.6,1.7201881038803717,0.07
SLV,2026-06-23,14:06:00,56.17,56.29,56.16,56.25,19680.0,56.35,56.27,16194.4,1.7065435936454545,0.03
SLV,2026-06-23,14:08:00,56.24,56.24,56.2,56.21,7962.0,56.35,56.26,10612.0,1.6899059073895246,0.05
SLV,2026-06-23,14:10:00,56.23,56.28,56.23,56.24,11132.0,56.35,56.25,10852.4,1.67829552143308,0.04
SLV,2026-06-23,14:12:00,56.28,56.3,56.27,56.3,4503.0,56.35,56.26,17441.0,1.639487615954514,0.02
SLV,2026-06-23,14:14:00,56.29,56.3,56.2,56.2,8629.0,56.35,56.25,19677.2,1.6035680715778777,0.05
SLV,2026-06-23,14:16:00,56.22,56.26,56.21,56.24,10795.0,56.35,56.25,22415.0,1.5666014911292774,0.04
SLV,2026-06-23,14:18:00,56.25,56.28,56.25,56.27,7349.0,56.35,56.25,24609.0,1.5223365416151722,0.03
SLV,2026-06-23,14:20:00,56.27,56.35,56.15,56.27,59494.0,56.34,56.26,15626.4,1.5718893292919875,0.02
SLV,2026-06-23,14:22:00,56.28,56.34,56.26,56.26,6202.0,56.34,56.26,7381.8,1.5644691866210911,0.03
SLV,2026-06-23,14:24:00,56.28,56.35,56.27,56.31,4496.0,56.34,56.27,10004.0,1.5493528045317642,0.01
SLV,2026-06-23,14:26:00,56.32,56.34,56.24,56.24,2031.0,56.34,56.26,10932.0,1.529447441998596,0.03
SLV,2026-06-23,14:28:00,56.25,56.26,56.2,56.21,2743.0,56.34,56.25,9123.0,1.5146581867268398,0.04
SLV,2026-06-23,14:30:00,56.21,56.21,56.17,56.17,7926.0,56.34,56.24,10785.4,1.503718497740961,0.06
SLV,2026-06-23,14:32:00,56.19,56.25,56.19,56.24,3471.0,56.34,56.24,7051.6,1.4945249589536262,0.03
SLV,2026-06-23,14:34:00,56.22,56.22,56.15,56.19,16234.0,56.34,56.23,6510.4,1.5028385349493738,0.05
SLV,2026-06-23,14:36:00,56.15,56.17,56.07,56.07,13760.0,56.34,56.2,23079.6,1.4768584035306807,0.09
SLV,2026-06-23,14:38:00,56.08,56.22,56.08,56.21,5453.0,56.34,56.2,12823.8,1.4603768364335512,0.04
SLV,2026-06-23,14:40:00,56.22,56.23,56.19,56.19,1100.0,56.34,56.2,5802.8,1.4514279778420245,0.05
SLV,2026-06-23,14:42:00,56.17,56.18,56.11,56.15,4689.0,56.33,56.19,7568.8,1.4438564855476426,0.06
SLV,2026-06-23,14:44:00,56.18,56.21,56.17,56.18,6308.0,56.33,56.19,5658.0,1.4416333880028644,0.05
SLV,2026-06-23,14:46:00,56.18,56.19,56.08,56.08,13772.0,56.33,56.16,11283.4,1.4386936593269086,0.09
SLV,2026-06-23,14:48:00,56.08,56.14,56.07,56.14,7819.0,56.33,56.16,9484.4,1.43190360367395,0.07
SLV,2026-06-23,14:50:00,56.15,56.15,55.95,56.0,31612.0,56.32,56.13,12948.8,1.4469101704750156,0.11
SLV,2026-06-23,14:52:00,56.03,56.11,56.01,56.08,7479.0,56.32,56.12,11349.2,1.4367754343851964,0.08
SLV,2026-06-23,14:54:00,56.05,56.07,55.99,56.02,7333.0,56.32,56.1,6080.0,1.4351966808454117,0.1
SLV,2026-06-23,14:56:00,56.01,56.16,56.01,56.16,5374.0,56.32,56.11,8638.8,1.4273662187653904,0.05
SLV,2026-06-23,14:58:00,56.17,56.19,56.13,56.14,2463.0,56.32,56.12,15444.8,1.4059061311167769,0.06
SLV,2026-06-23,15:00:00,56.14,56.29,56.14,56.29,12708.0,56.32,56.15,19751.8,1.3897504801264544,0.01
SLV,2026-06-23,15:02:00,56.29,56.3,56.25,56.26,2262.0,56.32,56.17,9540.0,1.3780746625802824,0.02
SLV,2026-06-23,15:04:00,56.27,56.27,56.15,56.15,1007.0,56.32,56.17,7694.2,1.3679679777092635,0.06
SLV,2026-06-23,15:06:00,56.16,56.17,56.1,56.14,6512.0,56.32,56.16,16234.4,1.351714725651144,0.06
SLV,2026-06-23,15:08:00,56.18,56.18,56.12,56.12,12712.0,56.32,56.15,11315.0,1.3490713769577025,0.07
SLV,2026-06-23,15:10:00,56.15,56.16,56.0,56.02,9997.0,56.31,56.13,10328.6,1.3450839840035096,0.1
SLV,2026-06-23,15:12:00,56.04,56.05,55.94,55.95,4632.0,56.31,56.09,8686.8,1.3380035648691122,0.12
SLV,2026-06-23,15:14:00,55.95,55.99,55.85,55.86,22604.0,56.31,56.05,14228.0,1.341534150782148,0.15
SLV,2026-06-23,15:16:00,55.88,55.98,55.88,55.92,5024.0,56.3,56.02,2974.0,1.3425548978076007,0.13
SLV,2026-06-23,15:18:00,55.91,55.94,55.89,55.94,4876.0,56.3,56.0,8415.6,1.336268720556813,0.12
SLV,2026-06-23,15:20:00,55.89,55.89,55.8,55.89,20513.0,56.3,55.98,9711.0,1.3435759010725412,0.14
SLV,2026-06-23,15:22:00,55.85,55.91,55.84,55.87,8037.0,56.29,55.96,13212.6,1.3342755170283283,0.14
SLV,2026-06-23,15:24:00,55.95,55.95,55.83,55.87,8558.0,56.29,55.94,30800.0,1.3040190084644276,0.14
SLV,2026-06-23,15:26:00,55.87,55.87,55.8,55.85,19415.0,56.29,55.92,23191.8,1.2941631172568673,0.15
SLV,2026-06-23,15:28:00,55.9,55.94,55.89,55.93,4976.0,56.28,55.92,14921.6,1.2812894025009247,0.12
SLV,2026-06-23,15:30:00,55.93,56.08,55.93,55.99,7847.0,56.28,55.94,16619.2,1.2693907376090052,0.1
SLV,2026-06-23,15:32:00,55.98,55.99,55.94,55.99,12440.0,56.28,55.95,15906.8,1.26262658873995,0.1
SLV,2026-06-23,15:34:00,56.0,56.01,55.9,55.94,17511.0,56.28,55.95,12895.2,1.2636872036704225,0.12
SLV,2026-06-23,15:36:00,55.93,55.96,55.9,55.94,35112.0,56.27,55.95,29729.6,1.2616202395506597,0.11
SLV,2026-06-23,15:38:00,55.95,56.04,55.93,56.04,25588.0,56.26,55.96,17764.6,1.26425266618668,0.08
SLV,2026-06-23,15:40:00,56.02,56.1,56.0,56.08,17676.0,56.26,55.99,10110.0,1.268275905947177,0.06
SLV,2026-06-23,15:42:00,56.07,56.12,56.06,56.11,11124.0,56.26,56.01,11856.2,1.2650904892063557,0.05
SLV,2026-06-23,15:44:00,56.11,56.11,56.0,56.0,5274.0,56.26,56.01,14676.2,1.2543969916958537,0.09
SLV,2026-06-23,15:46:00,55.99,55.99,55.89,55.93,2621.0,56.26,55.99,11787.2,1.2447027659813537,0.11
SLV,2026-06-23,15:48:00,55.95,56.03,55.93,56.03,2707.0,56.26,56.0,9935.2,1.2370656209474438,0.08
SLV,2026-06-23,15:50:00,56.06,56.15,56.02,56.13,9056.0,56.26,56.03,8096.4,1.2363116027957286,0.04
SLV,2026-06-23,15:52:00,56.11,56.12,56.1,56.1,2923.0,56.26,56.04,6612.2,1.2322070676534713,0.05
SLV,2026-06-23,15:54:00,56.08,56.14,56.08,56.13,5697.0,56.26,56.06,5319.8,1.2315391939985831,0.04
SLV,2026-06-23,15:56:00,56.13,56.14,56.06,56.06,3167.0,56.26,56.06,14458.8,1.2202716991332245,0.07
SLV,2026-06-23,15:58:00,56.04,56.05,55.93,55.97,15122.0,56.25,56.04,38747.2,1.196236147281817,0.1
SLV,2026-06-23,16:00:00,55.96,56.02,55.75,55.81,33247.0,56.25,56.0,72526.0,1.1582996856683987,0.15
SLV,2026-06-23,16:02:00,55.83,55.96,55.82,55.89,6077.0,56.24,55.97,37784.6,1.1322774345019502,0.12
SLV,2026-06-23,16:04:00,55.8,56.16,55.8,56.11,33133.0,56.24,56.0,28854.0,1.1325903717551844,0.04
SLV,2026-06-23,16:06:00,56.11,56.26,56.11,56.18,22793.0,56.24,56.04,19152.2,1.1333264365023068,0.02
SLV,2026-06-23,16:08:00,56.21,56.25,56.19,56.24,48955.0,56.24,56.08,22609.2,1.14868666392003,0.0
SLV,2026-06-23,16:10:00,56.23,56.25,56.13,56.16,34556.0,56.24,56.09,21346.8,1.1552017879167853,0.03
SLV,2026-06-23,16:12:00,56.16,56.18,56.15,56.17,2002.0,56.24,56.11,17503.0,1.1435074012144317,0.02
SLV,2026-06-23,16:14:00,56.15,56.16,55.99,55.99,6769.0,56.24,56.09,23975.4,1.1304543038960437,0.09
SLV,2026-06-23,16:16:00,56.0,56.05,55.98,56.02,10998.0,56.23,56.07,16101.2,1.125946022060549,0.07
SLV,2026-06-23,16:18:00,56.02,56.03,55.97,56.0,6428.0,56.23,56.06,13940.2,1.1201960373620996,0.08
SLV,2026-06-23,16:20:00,55.98,56.05,55.95,56.01,22943.0,56.23,56.05,21768.6,1.1193132546980449,0.08
SLV,2026-06-23,16:22:00,56.03,56.21,55.94,56.2,10528.0,56.23,56.08,20331.8,1.1119188911453521,0.01
SLV,2026-06-23,16:24:00,56.12,56.18,56.11,56.12,5224.0,56.23,56.09,23844.8,1.0992296635443295,0.04
SLV,2026-06-23,16:26:00,56.13,56.18,56.11,56.15,2547.0,56.23,56.1,12316.8,1.0927258234120902,0.03
SLV,2026-06-23,16:28:00,56.12,56.17,56.11,56.15,8256.0,56.23,56.11,29744.8,1.078627323060177,0.03
SLV,2026-06-23,16:30:00,56.14,56.19,55.95,56.15,774415.0,56.19,56.12,565850.0,1.1504109076017905,0.01
SLV,2026-06-23,16:32:00,56.15,56.29,56.13,56.25,159037.0,56.19,56.14,219287.2,1.1131913845143664,-0.02
SLV,2026-06-23,16:34:00,56.25,56.39,56.17,56.2,253868.0,56.2,56.16,177877.4,1.1340112923761365,0.0
SLV,2026-06-23,16:36:00,56.2,56.31,56.16,56.2,173933.0,56.2,56.16,137549.8,1.1403756591649996,0.0
SLV,2026-06-23,16:38:00,56.19,56.32,56.14,56.26,156845.0,56.2,56.18,143555.4,1.1380604706880548,-0.02
SLV,2026-06-23,16:40:00,56.28,56.45,56.23,56.42,128873.0,56.21,56.23,132751.6,1.13088948360209,-0.07
SLV,2026-06-23,16:42:00,56.42,56.47,56.36,56.37,128827.0,56.21,56.26,119558.2,1.1289057734164827,-0.05
SLV,2026-06-23,16:44:00,56.38,56.39,56.25,56.25,261829.0,56.22,56.26,178098.6,1.146809778201436,-0.01
SLV,2026-06-23,16:46:00,56.26,56.37,56.23,56.32,92806.0,56.22,56.27,131961.0,1.130212217231423,-0.03
SLV,2026-06-23,16:48:00,56.33,56.48,56.32,56.34,116249.0,56.23,56.28,158217.4,1.1132303329115154,-0.04
SLV,2026-06-23,16:50:00,56.34,56.43,56.32,56.38,118371.0,56.23,56.3,196786.6,1.0872860828205861,-0.05
SLV,2026-06-23,16:52:00,56.36,56.42,56.34,56.4,89250.0,56.23,56.32,101195.0,1.082068791688217,-0.06
SLV,2026-06-23,16:54:00,56.41,56.44,56.33,56.38,60585.0,56.24,56.33,96161.2,1.071411391464387,-0.05
SLV,2026-06-23,16:56:00,56.37,56.38,56.25,56.3,52809.0,56.24,56.33,87940.6,1.061472486519023,-0.02
SLV,2026-06-23,16:58:00,56.3,56.51,56.3,56.41,126183.0,56.24,56.34,93761.4,1.0677296501757334,-0.06
SLV,2026-06-23,17:00:00,56.41,56.51,56.32,56.33,262672.0,56.25,56.34,136786.4,1.0942515666590056,-0.03
SLV,2026-06-23,17:02:00,56.34,56.37,56.25,56.35,222166.0,56.25,56.34,125433.6,1.1130262119075307,-0.03
SLV,2026-06-23,17:04:00,56.35,56.42,56.29,56.3,73707.0,56.25,56.33,89474.4,1.107414769574723,-0.02
SLV,2026-06-23,17:06:00,56.3,56.4,56.29,56.31,61286.0,56.25,56.33,108109.2,1.09503478365324,-0.02
SLV,2026-06-23,17:08:00,56.32,56.46,56.28,56.43,75460.0,56.26,56.35,87236.2,1.0908606732618695,-0.06
SLV,2026-06-23,17:10:00,56.43,56.5,56.3,56.33,84433.0,56.26,56.35,66822.4,1.0932280335402742,-0.02
SLV,2026-06-23,17:12:00,56.32,56.44,56.31,56.4,96478.0,56.26,56.36,91867.2,1.0924318763598688,-0.05
SLV,2026-06-23,17:14:00,56.42,56.45,56.36,56.41,46377.0,56.26,56.37,63206.6,1.0879239205287308,-0.05
SLV,2026-06-23,17:16:00,56.41,56.45,56.37,56.4,52905.0,56.26,56.37,98973.6,1.0772437870530933,-0.05
SLV,2026-06-23,17:18:00,56.4,56.47,56.29,56.44,61785.0,56.26,56.39,83724.2,1.071793607652729,-0.06
SLV,2026-06-23,17:20:00,56.43,56.47,56.33,56.34,43590.0,56.27,56.38,76349.6,1.0645624364831054,-0.02
SLV,2026-06-23,17:22:00,56.34,56.36,56.18,56.31,93648.0,56.27,56.36,90030.6,1.064154285353264,-0.01
SLV,2026-06-23,17:24:00,56.3,56.3,56.13,56.16,73012.0,56.27,56.32,75375.0,1.0628343471655457,0.04
SLV,2026-06-23,17:26:00,56.15,56.16,56.03,56.04,89112.0,56.26,56.27,97291.0,1.060259661706731,0.08
SLV,2026-06-23,17:28:00,56.04,56.13,56.03,56.12,68658.0,56.26,56.24,94241.0,1.0547219645444885,0.05
SLV,2026-06-23,17:30:00,56.12,56.13,55.92,55.93,293421.0,56.25,56.18,140024.6,1.0799122745003344,0.11
SLV,2026-06-23,17:32:00,55.93,55.94,55.74,55.74,174417.0,56.24,56.09,117690.6,1.087928774501739,0.17
SLV,2026-06-23,17:34:00,55.74,55.8,55.63,55.79,329193.0,56.21,56.03,121977.8,1.1205412645344288,0.14
SLV,2026-06-23,17:36:00,55.79,55.89,55.79,55.85,139169.0,56.21,55.99,89380.0,1.126922140792521,0.12
SLV,2026-06-23,17:38:00,55.85,55.86,55.74,55.84,84782.0,56.2,55.96,107478.2,1.1210818217668403,0.12
SLV,2026-06-23,17:40:00,55.84,55.88,55.75,55.8,241916.0,56.19,55.93,165872.8,1.129842229738869,0.13
SLV,2026-06-23,17:42:00,55.79,56.02,55.79,56.0,127969.0,56.18,55.94,104099.0,1.1314370918689118,0.06
SLV,2026-06-23,17:44:00,55.99,56.02,55.9,55.98,156938.0,56.18,55.95,75792.8,1.1422756180018114,0.07
SLV,2026-06-23,17:46:00,55.98,56.04,55.94,55.97,77203.0,56.18,55.95,191914.8,1.1212657694142711,0.07
SLV,2026-06-23,17:48:00,55.95,56.07,55.94,56.04,68317.0,56.18,55.97,101079.2,1.1147037166201776,0.05
SLV,2026-06-23,17:50:00,56.04,56.17,55.96,56.11,74383.0,56.17,56.0,71237.2,1.1139787474075793,0.02
SLV,2026-06-23,17:52:00,56.11,56.13,56.04,56.04,52041.0,56.17,56.01,93001.4,1.1066389983844194,0.04
SLV,2026-06-23,17:54:00,56.05,56.09,56.01,56.07,67557.0,56.17,56.02,70459.2,1.1051709990638876,0.03
SLV,2026-06-23,17:56:00,56.07,56.16,56.01,56.13,48925.0,56.17,56.04,67012.2,1.1016616668394692,0.01
SLV,2026-06-23,17:58:00,56.12,56.12,56.05,56.11,44245.0,56.17,56.06,69042.6,1.0972618582449147,0.02
SLV,2026-06-23,18:00:00,56.11,56.24,56.06,56.2,111866.0,56.17,56.08,87678.2,1.0994014921366,-0.01
SLV,2026-06-23,18:02:00,56.2,56.24,56.15,56.18,50418.0,56.17,56.1,49505.6,1.0988574861079003,-0.0
SLV,2026-06-23,18:04:00,56.18,56.2,56.05,56.05,48226.0,56.17,56.09,56575.6,1.0969797348087293,0.04
SLV,2026-06-23,18:06:00,56.05,56.08,56.0,56.07,79588.0,56.17,56.09,61874.0,1.0985442454566057,0.03
SLV,2026-06-23,18:08:00,56.06,56.07,55.93,55.95,58679.0,56.17,56.06,63941.4,1.0970128507057328,0.08
SLV,2026-06-23,18:10:00,55.95,56.02,55.91,55.99,80189.0,56.17,56.05,73097.0,1.0970129361791745,0.06
SLV,2026-06-23,18:12:00,56.0,56.03,55.96,56.02,85718.0,56.17,56.04,76795.4,1.0972041433488156,0.05
SLV,2026-06-23,18:14:00,56.02,56.07,56.01,56.04,150130.0,56.16,56.04,87878.4,1.1040999589353933,0.04
SLV,2026-06-23,18:16:00,56.04,56.08,56.01,56.07,69862.0,56.16,56.05,65318.4,1.1038127120824532,0.03
SLV,2026-06-23,18:18:00,56.08,56.08,55.98,56.01,77705.0,56.16,56.04,97743.2,1.1000166755451997,0.05
SLV,2026-06-23,18:20:00,56.01,56.08,55.95,55.96,46165.0,56.16,56.02,85069.2,1.0941172699714607,0.07
SLV,2026-06-23,18:22:00,55.95,55.99,55.93,55.96,32636.0,56.16,56.01,65065.6,1.0893587068749857,0.07
SLV,2026-06-23,18:24:00,55.95,55.98,55.91,55.97,42498.0,56.16,56.0,72127.4,1.0849453846869244,0.07
SLV,2026-06-23,18:26:00,55.97,56.01,55.95,56.01,66530.0,56.16,56.0,59030.2,1.0852472722037954,0.05
SLV,2026-06-23,18:28:00,56.02,56.02,55.96,55.98,32159.0,56.16,56.0,52462.2,1.0822570599262185,0.06
SLV,2026-06-23,18:30:00,55.98,56.06,55.96,56.05,52828.0,56.16,56.01,61040.6,1.0806715418732067,0.04
SLV,2026-06-23,18:32:00,56.05,56.18,56.04,56.15,53034.0,56.16,56.04,58579.8,1.0794494891756101,0.0
SLV,2026-06-23,18:34:00,56.15,56.17,56.11,56.13,56396.0,56.16,56.06,60177.2,1.0784380387350443,0.01
SLV,2026-06-23,18:36:00,56.12,56.2,56.12,56.17,73306.0,56.16,56.08,65836.6,1.0787082608577823,-0.0
SLV,2026-06-23,18:38:00,56.17,56.29,56.16,56.23,132359.0,56.16,56.11,66220.0,1.0857949535467393,-0.02
SLV,2026-06-23,18:40:00,56.23,56.23,56.14,56.16,65750.0,56.16,56.12,80084.8,1.0833511880253957,0.0
SLV,2026-06-23,18:42:00,56.17,56.25,56.13,56.24,39277.0,56.16,56.14,69494.4,1.0792343435747673,-0.03
SLV,2026-06-23,18:44:00,56.23,56.25,56.15,56.17,51879.0,56.16,56.15,52179.8,1.078730290186129,-0.0
SLV,2026-06-23,18:46:00,56.16,56.18,56.12,56.16,43519.0,56.16,56.15,54918.6,1.0769544523939008,0.0
SLV,2026-06-23,18:48:00,56.17,56.17,56.12,56.13,86644.0,56.16,56.15,87241.4,1.0761367837251432,0.01
SLV,2026-06-23,18:50:00,56.13,56.21,56.09,56.2,34901.0,56.16,56.16,60313.6,1.072803524580182,-0.01
SLV,2026-06-23,18:52:00,56.2,56.22,56.14,56.19,129740.0,56.16,56.16,55749.8,1.0805244780507224,-0.01
SLV,2026-06-23,18:54:00,56.19,56.25,56.17,56.23,33229.0,56.16,56.18,160312.0,1.0653371169659929,-0.02
SLV,2026-06-23,18:56:00,56.23,56.34,56.22,56.31,36248.0,56.16,56.2,68015.2,1.0614374448128872,-0.05
SLV,2026-06-23,18:58:00,56.31,56.32,56.26,56.31,29723.0,56.16,56.22,45237.0,1.0594769471484233,-0.05
SLV,2026-06-23,19:00:00,56.32,56.37,56.29,56.35,32708.0,56.16,56.25,56421.0,1.056593409566782,-0.07
SLV,2026-06-23,19:02:00,56.34,56.36,56.3,56.3,57426.0,56.16,56.26,63962.6,1.0555187998945752,-0.05
SLV,2026-06-23,19:04:00,56.31,56.32,56.26,56.29,27762.0,56.16,56.27,47266.6,1.0531891033361485,-0.04
SLV,2026-06-23,19:06:00,56.28,56.28,56.21,56.21,58379.0,56.16,56.25,62557.4,1.0524040732855027,-0.02
SLV,2026-06-23,19:08:00,56.21,56.26,56.21,56.24,71087.0,56.16,56.25,95603.0,1.0493465179206625,-0.03
SLV,2026-06-23,19:10:00,56.26,56.31,56.24,56.27,35772.0,56.16,56.26,37499.8,1.048977403032059,-0.04
SLV,2026-06-23,19:12:00,56.27,56.28,56.25,56.27,15962.0,56.16,56.26,47944.8,1.0454534452708326,-0.04
SLV,2026-06-23,19:14:00,56.27,56.31,56.23,56.25,43614.0,56.16,56.26,74269.8,1.0419866484447255,-0.03
SLV,2026-06-23,19:16:00,56.25,56.26,56.22,56.23,19507.0,56.16,56.25,53919.6,1.0382708277019972,-0.02
SLV,2026-06-23,19:18:00,56.23,56.33,56.23,56.29,21658.0,56.16,56.26,52484.2,1.0349618167090369,-0.04
SLV,2026-06-23,19:20:00,56.28,56.31,56.26,56.3,21686.0,56.16,56.27,36368.8,1.0333598514823,-0.05
SLV,2026-06-23,19:22:00,56.3,56.32,56.27,56.27,32584.0,56.16,56.27,46538.6,1.0318100314183165,-0.04
SLV,2026-06-23,19:24:00,56.27,56.29,56.25,56.25,15194.0,56.16,56.26,33513.4,1.029879067888309,-0.03
SLV,2026-06-23,19:26:00,56.24,56.24,56.17,56.2,31333.0,56.16,56.25,31429.4,1.0297762467000298,-0.01
SLV,2026-06-23,19:28:00,56.19,56.2,56.13,56.16,53148.0,56.16,56.23,49019.0,1.0300400285881497,0.0
SLV,2026-06-23,19:30:00,56.16,56.17,56.11,56.15,61048.0,56.16,56.22,73446.0,1.0286072722036415,0.0
SLV,2026-06-23,19:32:00,56.15,56.26,56.13,56.24,39896.0,56.16,56.22,38425.0,1.0286436072819345,-0.03
SLV,2026-06-23,19:34:00,56.25,56.26,56.19,56.22,84404.0,56.16,56.22,48323.8,1.0320187365024378,-0.02
SLV,2026-06-23,19:36:00,56.24,56.24,56.16,56.17,18926.0,56.16,56.21,67254.6,1.0271399123477931,-0.0
SLV,2026-06-23,19:38:00,56.17,56.22,56.15,56.21,26547.0,56.16,56.21,43309.6,1.0254135219439982,-0.02
SLV,2026-06-23,19:40:00,56.21,56.25,56.21,56.23,19662.0,56.16,56.21,44428.6,1.0229318810281451,-0.02
SLV,2026-06-23,19:42:00,56.22,56.23,56.16,56.16,25637.0,56.16,56.2,40389.8,1.0214351198975322,0.0
SLV,2026-06-23,19:44:00,56.17,56.25,56.17,56.19,14817.0,56.16,56.2,38365.8,1.0191170713652289,-0.01
SLV,2026-06-23,19:46:00,56.2,56.21,56.15,56.17,23408.0,56.16,56.19,29396.2,1.0184957933642163,-0.0
SLV,2026-06-23,19:48:00,56.17,56.18,56.15,56.16,10554.0,56.16,56.19,33316.6,1.0162853176118003,0.0
SLV,2026-06-23,19:50:00,56.16,56.17,56.08,56.13,50498.0,56.16,56.18,59423.2,1.0153551638999938,0.01
SLV,2026-06-23,19:52:00,56.13,56.15,56.11,56.15,9467.0,56.16,56.17,47678.4,1.0117099539241676,0.0
SLV,2026-06-23,19:54:00,56.15,56.17,56.13,56.13,23792.0,56.16,56.16,56175.0,1.0086334284636833,0.01
SLV,2026-06-23,19:56:00,56.14,56.15,56.06,56.09,25583.0,56.16,56.15,44966.0,1.006800149397994,0.02
SLV,2026-06-23,19:58:00,56.1,56.15,56.08,56.11,15872.0,56.16,56.14,44849.4,1.004096194813088,0.02
SLV,2026-06-23,20:00:00,56.11,56.11,56.02,56.09,34165.0,56.16,56.13,58531.4,1.001836260642545,0.02
SLV,2026-06-23,20:02:00,56.09,56.1,56.05,56.08,127044.0,56.16,56.12,70750.2,1.0069612885487726,0.03
SLV,2026-06-23,20:04:00,56.08,56.11,56.03,56.06,24205.0,56.16,56.11,73771.0,1.0024220218811333,0.03
SLV,2026-06-23,20:06:00,56.07,56.11,56.07,56.11,13641.0,56.16,56.11,84974.4,0.9959871886217792,0.02
SLV,2026-06-23,20:08:00,56.1,56.14,56.02,56.13,18871.0,56.16,56.11,49652.8,0.9932485699209853,0.01
SLV,2026-06-23,20:10:00,56.13,56.21,56.12,56.2,58511.0,56.16,56.13,52148.4,0.9938470635976577,-0.01
SLV,2026-06-23,20:12:00,56.21,56.24,56.17,56.2,41023.0,56.16,56.14,57629.8,0.9924058719774574,-0.01
SLV,2026-06-23,20:14:00,56.21,56.23,56.19,56.22,49733.0,56.16,56.16,70870.4,0.9905906115424827,-0.02
SLV,2026-06-23,20:16:00,56.22,56.24,56.18,56.18,17476.0,56.16,56.16,73791.8,0.9857207566697214,-0.01
SLV,2026-06-23,20:18:00,56.18,56.21,56.16,56.18,36025.0,56.16,56.17,87428.8,0.9813628350312944,-0.01
SLV,2026-06-23,20:20:00,56.19,56.26,56.17,56.24,44492.0,56.16,56.18,65168.4,0.9796813473517968,-0.03
SLV,2026-06-23,20:22:00,56.23,56.25,56.16,56.16,27111.0,56.16,56.18,88396.6,0.9745804603053757,0.0
SLV,2026-06-23,20:24:00,56.17,56.2,56.02,56.05,123534.0,56.16,56.15,144898.8,0.9730829738055321,0.04
SLV,2026-06-23,20:26:00,56.04,56.09,56.03,56.07,28617.0,56.16,56.14,78658.4,0.9690510371553354,0.03
SLV,2026-06-23,20:28:00,56.07,56.1,56.03,56.04,23838.0,56.16,56.12,105021.8,0.9625517914933048,0.04
SLV,2026-06-23,20:30:00,56.05,56.07,56.01,56.05,84403.0,56.16,56.1,114398.4,0.9604278590473418,0.04
SLV,2026-06-23,20:32:00,56.05,56.1,56.04,56.07,48603.0,56.16,56.1,131787.2,0.9540564521190211,0.03
SLV,2026-06-23,20:34:00,56.08,56.11,56.03,56.04,40760.0,56.16,56.09,155635.0,0.9453640646046436,0.04
SLV,2026-06-23,20:36:00,56.04,56.07,56.01,56.05,54351.0,56.16,56.08,92985.6,0.9426767075729169,0.04
SLV,2026-06-23,20:38:00,56.04,56.05,56.02,56.02,23930.0,56.16,56.07,123625.2,0.9353324086720087,0.05
SLV,2026-06-23,20:40:00,56.03,56.04,55.99,56.03,80911.0,56.16,56.06,157240.2,0.9301501625697212,0.04
SLV,2026-06-23,20:42:00,56.02,56.04,56.0,56.03,21683.0,56.16,56.05,86272.2,0.9255938227893336,0.04
SLV,2026-06-23,20:44:00,56.03,56.12,56.02,56.11,19458.0,56.16,56.06,94954.0,0.9203087950761284,0.02
SLV,2026-06-23,20:46:00,56.1,56.13,56.09,56.11,19662.0,56.16,56.07,96274.0,0.9150237549184391,0.02
SLV,2026-06-23,20:48:00,56.12,56.14,56.07,56.09,36340.0,56.16,56.08,85900.4,0.9118051590045946,0.02
SLV,2026-06-23,20:50:00,56.07,56.09,56.04,56.05,27346.0,56.16,56.07,78910.2,0.9084283513731638,0.04
SLV,2026-06-23,20:52:00,56.06,56.06,55.95,55.96,54663.0,56.16,56.05,68968.2,0.9078266340485678,0.07
SLV,2026-06-23,20:54:00,55.96,55.98,55.88,55.91,84810.0,56.16,56.02,139875.2,0.904683655835576,0.09
SLV,2026-06-23,20:56:00,55.91,55.93,55.89,55.91,25237.0,56.16,56.0,186509.8,0.8941360112327584,0.09
SLV,2026-06-23,20:58:00,55.91,55.93,55.88,55.89,49397.0,56.15,55.98,201302.0,0.8846766242236228,0.09
SLV,2026-06-23,21:00:00,55.9,55.97,55.86,55.95,34653.0,56.15,55.97,468026.0,0.858096591088217,0.07
SLV,2026-06-23,21:02:00,55.93,55.96,55.91,55.93,32953.0,56.15,55.96,453394.0,0.8339166750864518,0.08
SLV,2026-06-23,21:04:00,55.93,55.94,55.87,55.89,26971.0,56.15,55.95,440411.4,0.8114810362496111,0.09
SLV,2026-06-23,21:06:00,55.89,55.9,55.79,55.8,37938.0,56.15,55.92,245267.4,0.8010292784195215,0.12
SLV,2026-06-23,21:08:00,55.8,55.85,55.79,55.84,19920.0,56.15,55.9,291009.2,0.7874538713430747,0.11
SLV,2026-06-23,21:10:00,55.84,55.88,55.81,55.83,36600.0,56.15,55.89,219306.4,0.7789069972974794,0.11
SLV,2026-06-23,21:12:00,55.82,55.85,55.77,55.79,45813.0,56.15,55.87,180427.8,0.7730248807999173,0.12
SLV,2026-06-23,21:14:00,55.78,55.83,55.71,55.82,116358.0,56.15,55.86,142645.4,0.7733997084724038,0.11
SLV,2026-06-23,21:16:00,55.81,55.82,55.78,55.79,16590.0,56.15,55.85,170271.4,0.7663886241662757,0.12
SLV,2026-06-23,21:18:00,55.79,55.83,55.78,55.83,20121.0,56.14,55.84,98645.2,0.7630293213157655,0.11
SLV,2026-06-23,21:20:00,55.83,55.85,55.79,55.84,54990.0,56.14,55.84,116922.6,0.7609715339523585,0.1
SLV,2026-06-23,21:22:00,55.84,55.88,55.82,55.84,36091.0,56.14,55.84,102844.6,0.7584516119224706,0.1
SLV,2026-06-23,21:24:00,55.84,55.85,55.8,55.81,24457.0,56.14,55.84,110598.4,0.7549238862609172,0.11
SLV,2026-06-23,21:26:00,55.82,55.84,55.8,55.8,29710.0,56.14,55.83,116747.4,0.7514794621290213,0.12
SLV,2026-06-23,21:28:00,55.8,55.82,55.77,55.78,28071.0,56.14,55.82,80441.0,0.7495796072679378,0.12
SLV,2026-06-23,21:30:00,55.77,55.81,55.72,55.79,63339.0,56.14,55.81,127067.8,0.7477212052635139,0.12
SLV,2026-06-23,21:32:00,55.8,55.82,55.75,55.77,36693.0,56.14,55.8,224760.2,0.7401691430105173,0.13
SLV,2026-06-23,21:34:00,55.78,55.79,55.75,55.77,29377.0,56.14,55.8,137893.8,0.7360232519354367,0.13
SLV,2026-06-23,21:36:00,55.77,55.78,55.74,55.78,57386.0,56.14,55.79,129309.2,0.7338836846458758,0.12
SLV,2026-06-23,21:38:00,55.77,55.78,55.72,55.72,45070.0,56.13,55.78,109926.4,0.7318803215330142,0.14
SLV,2026-06-23,21:40:00,55.72,55.73,55.67,55.67,92448.0,56.13,55.76,129164.6,0.7317638451686515,0.16
SLV,2026-06-23,21:42:00,55.67,55.68,55.63,55.65,83469.0,56.13,55.74,101796.4,0.7322625530611493,0.16
SLV,2026-06-23,21:44:00,55.65,55.65,55.63,55.64,38438.0,56.13,55.72,116243.0,0.7296861077050328,0.17
SLV,2026-06-23,21:46:00,55.63,55.63,55.5,55.5,153348.0,56.12,55.67,131104.6,0.7328468052873716,0.21
SLV,2026-06-23,21:48:00,55.5,55.58,55.49,55.53,120862.0,56.11,55.64,119828.8,0.7346457229996827,0.2
SLV,2026-06-23,21:50:00,55.54,55.61,55.54,55.59,46588.0,56.11,55.63,98952.0,0.7332321681304594,0.18
SLV,2026-06-23,21:52:00,55.59,55.6,55.48,55.49,38981.0,56.11,55.6,86673.0,0.7319080073082476,0.21
SLV,2026-06-23,21:54:00,55.48,55.52,55.46,55.48,93732.0,56.11,55.58,118123.4,0.7322976771470932,0.22
SLV,2026-06-23,21:56:00,55.47,55.53,55.47,55.53,60290.0,56.1,55.57,109845.0,0.7312249643867196,0.2
SLV,2026-06-23,21:58:00,55.53,55.59,55.51,55.59,43194.0,56.1,55.57,110899.6,0.7292191493093539,0.18
SLV,2026-06-23,22:00:00,55.59,55.71,55.56,55.7,106655.0,56.1,55.6,147305.0,0.7291790988458088,0.14
SLV,2026-06-23,22:02:00,55.7,55.75,55.67,55.73,84303.0,56.1,55.63,178144.0,0.7268067587207373,0.13
SLV,2026-06-23,22:04:00,55.74,55.81,55.72,55.77,29694.0,56.1,55.65,143346.2,0.7229597071697658,0.11
SLV,2026-06-23,22:06:00,55.78,55.79,55.72,55.74,44732.0,56.09,55.67,237314.4,0.7164885935587321,0.12
SLV,2026-06-23,22:08:00,55.74,55.74,55.69,55.72,47426.0,56.09,55.68,150158.2,0.7134425793779795,0.13
SLV,2026-06-23,22:10:00,55.72,55.77,55.69,55.77,66020.0,56.09,55.7,171326.8,0.7106209744689178,0.11
SLV,2026-06-23,22:12:00,55.77,55.81,55.76,55.78,85143.0,56.09,55.72,141690.6,0.709846173776594,0.11
SLV,2026-06-23,22:14:00,55.78,55.78,55.72,55.72,52843.0,56.09,55.72,100129.8,0.7089418901447779,0.13
SLV,2026-06-23,22:16:00,55.72,55.74,55.68,55.69,65406.0,56.09,55.71,104965.2,0.7084974503227439,0.14
SLV,2026-06-23,22:18:00,55.69,55.7,55.65,55.65,29590.0,56.09,55.7,102780.8,0.7063753715177519,0.15
SLV,2026-06-23,22:20:00,55.65,55.69,55.65,55.68,46058.0,56.08,55.69,111373.8,0.704783128901112,0.14
SLV,2026-06-23,22:22:00,55.67,55.77,55.65,55.77,42892.0,56.08,55.71,90342.2,0.7037730945264326,0.11
SLV,2026-06-23,22:24:00,55.75,55.76,55.72,55.74,28897.0,56.08,55.72,85235.2,0.7022681784196612,0.12
SLV,2026-06-23,22:26:00,55.75,55.79,55.74,55.77,51890.0,56.08,55.73,163991.4,0.6992293450871111,0.11
SLV,2026-06-23,22:28:00,55.77,55.81,55.76,55.78,46420.0,56.08,55.74,156117.4,0.6962385841203709,0.1
SLV,2026-06-23,22:30:00,55.78,55.81,55.73,55.75,36470.0,56.08,55.74,266979.6,0.6892059796109891,0.11
SLV,2026-06-23,22:32:00,55.75,55.85,55.75,55.81,96102.0,56.08,55.75,243915.0,0.6858552353596863,0.09
SLV,2026-06-23,22:34:00,55.8,55.83,55.77,55.82,48393.0,56.08,55.77,138710.4,0.6836940604493178,0.09
SLV,2026-06-23,22:36:00,55.82,55.88,55.82,55.85,93618.0,56.08,55.78,237480.0,0.6805500573319391,0.08
SLV,2026-06-23,22:38:00,55.86,55.87,55.82,55.84,39689.0,56.08,55.79,216544.6,0.6756737100463475,0.08
SLV,2026-06-23,22:40:00,55.84,55.85,55.81,55.82,60202.0,56.07,55.8,391900.0,0.6665701377416234,0.09
SLV,2026-06-23,22:42:00,55.83,55.84,55.81,55.82,29960.0,56.07,55.8,141584.0,0.6637218627365762,0.09
SLV,2026-06-23,22:44:00,55.81,55.85,55.79,55.79,43196.0,56.07,55.8,175489.4,0.6605065752230491,0.1
SLV,2026-06-23,22:46:00,55.79,55.82,55.74,55.75,177523.0,56.07,55.79,201904.8,0.6624273083175998,0.11
SLV,2026-06-23,22:48:00,55.75,55.78,55.7,55.77,68883.0,56.07,55.79,158623.8,0.6608639783975035,0.1
SLV,2026-06-23,22:50:00,55.77,55.79,55.71,55.72,145998.0,56.06,55.77,286764.8,0.659007434592736,0.12
SLV,2026-06-23,22:52:00,55.71,55.72,55.66,55.7,174865.0,56.06,55.76,246635.2,0.6595280392082538,0.12
SLV,2026-06-23,22:54:00,55.7,55.75,55.69,55.73,182100.0,56.06,55.75,315011.2,0.6584589306268808,0.11
SLV,2026-06-23,22:56:00,55.73,55.77,55.72,55.74,154922.0,56.05,55.75,234532.4,0.6584792340741443,0.11
SLV,2026-06-23,22:58:00,55.74,55.79,55.72,55.72,581532.0,56.04,55.74,672732.2,0.6640419174880059,0.11
SLV,2026-06-23,23:00:00,55.72,55.73,55.68,55.72,515003.0,56.03,55.74,543295.4,0.6701019585900185,0.11
SLV,2026-06-23,23:02:00,55.68,55.74,55.68,55.74,10679.0,56.03,55.74,13700.2,0.6701608043176885,0.1
SLV,2026-06-23,23:04:00,55.73,55.77,55.72,55.76,3405.0,56.03,55.74,15921.6,0.6698756806810925,0.09
SLV,2026-06-23,23:06:00,55.77,55.77,55.75,55.77,2400.0,56.03,55.75,15051.0,0.6695743589771348,0.09
SLV,2026-06-23,23:08:00,55.76,55.78,55.75,55.78,2974.0,56.03,55.76,9454.6,0.6694427539996678,0.09
SLV,2026-06-23,23:10:00,55.75,55.77,55.74,55.77,2146.0,56.03,55.76,16071.2,0.6691052752899702,0.09
SLV,2026-06-23,23:12:00,55.76,55.76,55.71,55.74,1619.0,56.03,55.75,6157.6,0.6690072974434699,0.1
SLV,2026-06-23,23:14:00,55.74,55.74,55.7,55.7,2068.0,56.03,55.74,9232.4,0.6688464068559719,0.11
SLV,2026-06-23,23:16:00,55.73,55.73,55.7,55.7,600.0,56.03,55.73,8166.8,0.6686560586465745,0.11
SLV,2026-06-23,23:18:00,55.7,55.7,55.7,55.7,200.0,56.03,55.73,9833.6,0.6684065778353279,0.11
SLV,2026-06-23,23:20:00,55.71,55.71,55.66,55.66,628.0,56.03,55.71,2973.2,0.6683533910641639,0.13
SLV,2026-06-23,23:22:00,55.66,55.66,55.65,55.65,844.0,56.03,55.7,4256.6,0.6682751126278479,0.13
SLV,2026-06-23,23:24:00,55.66,55.67,55.66,55.67,356.0,56.03,55.7,31648.6,0.6674626301714398,0.12
SLV,2026-06-23,23:26:00,55.69,55.69,55.68,55.68,872.0,56.03,55.69,8081.0,0.6672860070832108,0.12
SLV,2026-06-23,23:28:00,55.75,55.75,55.75,55.75,600.0,56.03,55.7,4337.2,0.6671964111657442,0.1
SLV,2026-06-23,23:30:00,55.73,55.73,55.73,55.73,100.0,56.03,55.71,12075.2,0.6668858230605953,0.1
SLV,2026-06-23,23:32:00,55.69,55.7,55.66,55.66,2411.0,56.03,55.7,12052.6,0.6666662842974639,0.13
SLV,2026-06-23,23:34:00,55.66,55.71,55.66,55.7,1512.0,56.03,55.7,3069.4,0.6666454412149931,0.11
SLV,2026-06-23,23:36:00,55.7,55.7,55.7,55.7,0.0,56.03,55.7,7862.2,0.6664410272160911,0.11
SLV,2026-06-23,23:38:00,55.67,55.67,55.67,55.67,100.0,56.03,55.69,15485.4,0.6660426772175886,0.12
SLV,2026-06-23,23:40:00,55.67,55.67,55.67,55.67,0.0,56.03,55.69,5709.8,0.6658944814718029,0.12
SLV,2026-06-23,23:42:00,55.66,55.66,55.66,55.66,1030.0,56.03,55.68,108292.6,0.6631361899406935,0.13
SLV,2026-06-23,23:44:00,55.65,55.65,55.65,55.65,117.0,56.03,55.68,8471.0,0.6629228178742702,0.13
SLV,2026-06-23,23:46:00,55.69,55.69,55.67,55.67,200.0,56.03,55.68,2187.8,0.6628743188126816,0.12
SLV,2026-06-23,23:48:00,55.68,55.69,55.64,55.69,997.0,56.03,55.68,1846.0,0.6628655273811488,0.12
SLV,2026-06-23,23:50:00,55.65,55.67,55.63,55.64,550.0,56.03,55.67,4021.0,0.6627834932904207,0.13
SLV,2026-06-23,23:52:00,55.64,55.64,55.61,55.61,700.0,56.03,55.66,1536.8,0.6627711401152556,0.14
SLV,2026-06-23,23:54:00,55.61,55.61,55.6,55.6,5294.0,56.03,55.65,3007.6,0.6628991160726302,0.15
SLV,2026-06-23,23:56:00,55.62,55.62,55.61,55.61,340.0,56.03,55.64,2103.6,0.6628582343045389,0.14
SLV,2026-06-23,23:58:00,55.7,55.7,55.7,55.7,300.0,56.03,55.65,3573.6,0.6627780388346698,0.11
SLV,2026-06-24,11:00:00,55.69,56.37,55.09,55.6,82673.0,55.69,55.6,56649.8,1.4593696712080184,0.03
SLV,2026-06-24,11:02:00,55.55,55.59,55.1,55.3,18322.0,55.63,55.54,19612.2,1.3243161731924156,0.11
SLV,2026-06-24,11:04:00,55.11,56.37,55.05,55.77,221461.0,55.59,55.59,91521.6,1.921856486569605,-0.06
SLV,2026-06-24,11:06:00,55.8,55.99,55.68,55.7,2974.0,55.59,55.61,45540.8,1.525517006024627,-0.04
SLV,2026-06-24,11:08:00,55.82,55.93,55.22,55.72,4595.0,55.6,55.63,38083.2,1.3127089236761338,-0.04
SLV,2026-06-24,11:10:00,55.74,55.76,55.73,55.76,1346.0,55.6,55.66,39699.4,1.1383134036625706,-0.05
SLV,2026-06-24,11:12:00,55.7,55.76,55.7,55.76,1100.0,55.6,55.68,10275.0,1.1031548002203182,-0.05
SLV,2026-06-24,11:14:00,55.71,55.71,55.69,55.7,718.0,55.6,55.68,9270.6,1.0725453448643274,-0.03
SLV,2026-06-24,11:16:00,55.65,55.68,55.62,55.68,6393.0,55.6,55.68,3526.2,1.080855869333004,-0.03
SLV,2026-06-24,11:18:00,55.71,55.73,55.62,55.62,1931.0,55.6,55.67,1940.8,1.0803284579633783,-0.01
SLV,2026-06-24,11:20:00,55.62,55.62,55.62,55.62,0.0,55.6,55.66,710.0,1.0779074934917696,-0.01
SLV,2026-06-24,11:22:00,55.62,55.65,55.59,55.65,2328.0,55.6,55.66,3189.8,1.0744379871970262,-0.02
SLV,2026-06-24,11:24:00,55.65,55.66,55.64,55.66,800.0,55.6,55.66,2786.8,1.0676405843506103,-0.02
SLV,2026-06-24,11:26:00,55.63,55.64,55.58,55.6,7556.0,55.6,55.65,3787.8,1.0783939692707154,0.0
SLV,2026-06-24,11:28:00,55.59,55.59,55.59,55.59,445.0,55.6,55.64,1181.8,1.0758634408031345,0.0
SLV,2026-06-24,11:30:00,55.63,55.72,55.63,55.72,2600.0,55.6,55.65,4516.4,1.0690651179895285,-0.04
SLV,2026-06-24,11:32:00,55.72,55.72,55.72,55.72,450.0,55.6,55.67,2688.4,1.0618286551519698,-0.04
SLV,2026-06-24,11:34:00,55.72,55.72,55.68,55.68,1680.0,55.6,55.67,4767.8,1.0518725032995004,-0.03
SLV,2026-06-24,11:36:00,55.55,55.57,55.54,55.55,1828.0,55.6,55.64,8535.8,1.031341645701987,0.02
SLV,2026-06-24,11:38:00,55.53,55.53,55.53,55.53,200.0,55.6,55.62,7076.2,1.0113676143993533,0.02
SLV,2026-06-24,11:40:00,55.54,55.54,55.53,55.53,950.0,55.6,55.6,2953.4,1.0056827283794258,0.02
SLV,2026-06-24,11:42:00,55.53,55.54,55.51,55.54,2982.0,55.6,55.59,3043.2,1.0054655091779043,0.02
SLV,2026-06-24,11:44:00,55.53,55.55,55.46,55.49,16142.0,55.6,55.57,6078.8,1.0327627302511078,0.04
SLV,2026-06-24,11:46:00,55.44,55.44,55.4,55.4,5020.0,55.59,55.54,2017.6,1.0407104116513746,0.07
SLV,2026-06-24,11:48:00,55.42,55.42,55.4,55.4,316.0,55.59,55.51,1454.8,1.0374804331637855,0.07
SLV,2026-06-24,11:50:00,55.46,55.46,55.46,55.46,150.0,55.59,55.5,1457.6,1.0338221179281235,0.04
SLV,2026-06-24,11:52:00,55.43,55.45,55.43,55.45,515.0,55.59,55.49,1102.2,1.0321500101749013,0.05
SLV,2026-06-24,11:54:00,55.43,55.46,55.43,55.46,1594.0,55.59,55.48,3988.6,1.025466239032514,0.04
SLV,2026-06-24,11:56:00,55.44,55.47,55.44,55.47,600.0,55.59,55.48,2854.8,1.01934625151915,0.04
SLV,2026-06-24,11:58:00,55.47,55.47,55.43,55.43,503.0,55.59,55.47,1998.6,1.0153331066412075,0.05
SLV,2026-06-24,12:00:00,55.43,55.43,55.43,55.43,0.0,55.59,55.46,1696.8,1.0108466829233234,0.05
SLV,2026-06-24,12:02:00,55.42,55.42,55.38,55.41,2038.0,55.59,55.45,4624.4,1.0040624633328463,0.06
SLV,2026-06-24,12:04:00,55.38,55.38,55.37,55.37,756.0,55.59,55.44,3178.4,0.997846913398753,0.08
SLV,2026-06-24,12:06:00,55.36,55.36,55.3,55.3,1600.0,55.59,55.41,9447.4,0.9783405647751939,0.1
SLV,2026-06-24,12:08:00,55.29,55.34,55.29,55.32,842.0,55.59,55.39,3436.0,0.9721146646964489,0.09
SLV,2026-06-24,12:10:00,55.27,55.27,55.26,55.26,501.0,55.59,55.36,5544.2,0.9601981487783166,0.11
SLV,2026-06-24,12:12:00,55.32,55.43,55.32,55.42,5412.0,55.59,55.38,3796.0,0.964466134599834,0.06
SLV,2026-06-24,12:14:00,55.43,55.49,55.43,55.49,1513.0,55.59,55.4,2849.6,0.9615028492420412,0.03
SLV,2026-06-24,12:16:00,55.44,55.45,55.43,55.43,6484.0,55.58,55.4,2912.6,0.9702774256221007,0.05
SLV,2026-06-24,12:18:00,55.43,55.46,55.43,55.46,3516.0,55.58,55.42,1898.6,0.9742467286705527,0.04
SLV,2026-06-24,12:20:00,55.45,55.45,55.39,55.39,742.0,55.58,55.41,6362.2,0.9614999151980512,0.07
SLV,2026-06-24,12:22:00,55.38,55.38,55.38,55.38,121.0,55.58,55.4,2224.2,0.9568109539732697,0.07
SLV,2026-06-24,12:24:00,55.36,55.36,55.36,55.36,100.0,55.58,55.4,2246.8,0.9520719159396219,0.08
SLV,2026-06-24,12:26:00,55.32,55.32,55.32,55.32,254.0,55.58,55.38,2318.2,0.9475804504313488,0.09
SLV,2026-06-24,12:28:00,55.32,55.35,55.27,55.28,2026.0,55.58,55.36,2466.4,0.9468690302891438,0.1
SLV,2026-06-24,12:30:00,55.33,55.33,55.3,55.31,7143.0,55.58,55.35,2728.8,0.9572298556087779,0.09
SLV,2026-06-24,12:32:00,55.33,55.35,55.33,55.35,400.0,55.57,55.35,6866.8,0.9434169136604138,0.08
SLV,2026-06-24,12:34:00,55.36,55.37,55.36,55.37,770.0,55.57,55.35,6895.4,0.9307787435423492,0.07
SLV,2026-06-24,12:36:00,55.33,55.33,55.3,55.33,1182.0,55.57,55.35,903.6,0.9315285643659293,0.08
SLV,2026-06-24,12:38:00,55.32,55.32,55.31,55.32,752.0,55.57,55.34,1688.0,0.929730952001164,0.09
SLV,2026-06-24,12:40:00,55.3,55.3,55.25,55.25,610.0,55.57,55.32,5719.2,0.9195444583323236,0.11
SLV,2026-06-24,12:42:00,55.26,55.26,55.26,55.26,300.0,55.57,55.31,642.6,0.9189158351633107,0.11
SLV,2026-06-24,12:44:00,55.31,55.33,55.3,55.31,600.0,55.57,55.31,1068.4,0.9180927445417945,0.09
SLV,2026-06-24,12:46:00,55.3,55.3,55.3,55.3,100.0,55.57,55.31,3754.2,0.9109352263190718,0.09
SLV,2026-06-24,12:48:00,55.32,55.36,55.32,55.34,625.0,55.57,55.32,608.2,0.9110868093304598,0.08
SLV,2026-06-24,12:50:00,55.31,55.31,55.3,55.3,1541.0,55.57,55.31,900.0,0.912623884268803,0.09
SLV,2026-06-24,12:52:00,55.34,55.34,55.33,55.34,100.0,55.57,55.32,615.0,0.9116418495130956,0.08
SLV,2026-06-24,12:54:00,55.31,55.31,55.26,55.26,3972.0,55.57,55.31,1592.0,0.9169902438817383,0.11
SLV,2026-06-24,12:56:00,55.26,55.26,55.21,55.21,2958.0,55.57,55.29,1333.8,0.9206610360203102,0.12
SLV,2026-06-24,12:58:00,55.22,55.22,55.2,55.2,531.0,55.57,55.27,4124.4,0.9138101512693596,0.13
SLV,2026-06-24,13:00:00,55.2,55.2,55.2,55.2,548.0,55.57,55.26,1774.8,0.9115661185262274,0.13
SLV,2026-06-24,13:02:00,55.16,55.2,55.16,55.2,594.0,55.56,55.24,1709.4,0.9095582925409236,0.12
SLV,2026-06-24,13:04:00,55.21,55.21,55.15,55.15,1044.0,55.56,55.23,2522.6,0.906968073096514,0.14
SLV,2026-06-24,13:06:00,55.13,55.14,55.02,55.1,20523.0,55.54,55.2,4767.2,0.9401956243582396,0.15
SLV,2026-06-24,13:08:00,55.1,55.14,55.1,55.13,13861.0,55.53,55.19,3964.0,0.9608146815541795,0.14
SLV,2026-06-24,13:10:00,55.08,55.12,55.08,55.09,5735.0,55.53,55.17,1354.8,0.9698099808256145,0.15
SLV,2026-06-24,13:12:00,55.09,55.12,55.05,55.12,1779.0,55.52,55.16,1186.0,0.9710827863028838,0.14
SLV,2026-06-24,13:14:00,55.11,55.13,54.96,54.96,17811.0,55.51,55.12,3779.8,0.9994881589551693,0.19
SLV,2026-06-24,13:16:00,54.96,54.99,54.9,54.95,5601.0,55.5,55.08,2572.4,1.0055433515753527,0.19
SLV,2026-06-24,13:18:00,54.96,55.0,54.95,55.0,3700.0,55.5,55.07,2194.0,1.008515706641686,0.17
SLV,2026-06-24,13:20:00,54.99,55.01,54.97,54.97,528.0,55.5,55.05,2690.2,1.0041910481459915,0.18
SLV,2026-06-24,13:22:00,55.0,55.04,54.9,54.9,2751.0,55.49,55.02,1219.0,1.0072057216146375,0.2
SLV,2026-06-24,13:24:00,54.9,54.94,54.9,54.94,2824.0,55.49,55.0,1861.8,1.0090721281200563,0.19
SLV,2026-06-24,13:26:00,54.96,55.01,54.96,55.01,6871.0,55.48,55.0,1965.2,1.018650499869296,0.16
SLV,2026-06-24,13:28:00,54.98,55.06,54.98,55.06,4067.0,55.48,55.02,2014.2,1.0225839872768907,0.14
SLV,2026-06-24,13:30:00,55.08,55.13,55.08,55.13,2878.0,55.48,55.04,2600.6,1.023008644700368,0.12
SLV,2026-06-24,13:32:00,55.13,55.14,55.13,55.14,1577.0,55.48,55.06,1326.2,1.0234353450546863,0.12
SLV,2026-06-24,13:34:00,55.14,55.14,55.14,55.14,0.0,55.48,55.07,636.8,1.022174492427033,0.12
SLV,2026-06-24,13:36:00,55.08,55.08,55.04,55.05,2513.0,55.47,55.07,1615.8,1.0238357437797367,0.14
SLV,2026-06-24,13:38:00,55.04,55.04,55.03,55.03,480.0,55.47,55.06,788.4,1.0232056744581215,0.15
SLV,2026-06-24,13:40:00,55.07,55.07,55.07,55.07,280.0,55.47,55.06,1055.0,1.0216692444168392,0.14
SLV,2026-06-24,13:42:00,55.13,55.24,55.13,55.24,1155.0,55.47,55.1,2809.4,1.018390556766785,0.08
SLV,2026-06-24,13:44:00,55.17,55.17,55.14,55.15,450.0,55.47,55.11,1397.0,1.016536245455211,0.11
SLV,2026-06-24,13:46:00,55.12,55.14,55.04,55.05,5417.0,55.47,55.1,1825.0,1.0233028573556304,0.14
SLV,2026-06-24,13:48:00,55.04,55.04,55.04,55.04,591.0,55.47,55.09,2142.6,1.020272668584459,0.15
SLV,2026-06-24,13:50:00,55.03,55.03,54.9,54.9,6673.0,55.46,55.05,3410.4,1.0262761526412634,0.19
SLV,2026-06-24,13:52:00,54.91,54.91,54.79,54.79,15408.0,55.45,55.0,4196.2,1.0469829202191256,0.23
SLV,2026-06-24,13:54:00,54.82,54.83,54.79,54.79,4016.0,55.44,54.96,2307.2,1.049955222344923,0.22
SLV,2026-06-24,13:56:00,54.8,54.86,54.79,54.84,8357.0,55.43,54.93,5458.6,1.0547828190936224,0.2
SLV,2026-06-24,13:58:00,54.89,54.89,54.82,54.85,4874.0,55.43,54.92,2072.6,1.0597059102579744,0.2
SLV,2026-06-24,14:00:00,54.84,54.93,54.76,54.87,27263.0,55.4,54.91,18406.2,1.0734517934510284,0.18
SLV,2026-06-24,14:02:00,54.89,54.91,54.85,54.86,3408.0,55.4,54.9,8384.4,1.0636881067113628,0.19
SLV,2026-06-24,14:04:00,54.87,54.88,54.81,54.81,4002.0,55.39,54.88,10364.6,1.051644880013637,0.2
SLV,2026-06-24,14:06:00,54.8,54.84,54.76,54.84,16315.0,55.38,54.87,16194.4,1.0504505947583842,0.19
SLV,2026-06-24,14:08:00,54.84,54.84,54.62,54.62,24002.0,55.36,54.82,10612.0,1.0715261234467508,0.25
SLV,2026-06-24,14:10:00,54.63,54.79,54.62,54.77,13008.0,55.34,54.81,10852.4,1.073748106022165,0.2
SLV,2026-06-24,14:12:00,54.73,54.73,54.52,54.54,52457.0,55.29,54.76,17441.0,1.1265974788804691,0.26
SLV,2026-06-24,14:14:00,54.52,54.55,54.23,54.26,59640.0,55.22,54.66,19677.2,1.1835538931657867,0.33
SLV,2026-06-24,14:16:00,54.28,54.3,54.07,54.17,72763.0,55.13,54.56,22415.0,1.251512898553409,0.33
SLV,2026-06-24,14:18:00,54.19,54.21,54.12,54.17,25254.0,55.11,54.48,24609.0,1.2436475565648348,0.32
SLV,2026-06-24,14:20:00,54.2,54.22,54.1,54.11,10221.0,55.1,54.41,15626.4,1.2308618947695658,0.34
SLV,2026-06-24,14:22:00,54.15,54.21,54.11,54.11,5027.0,55.09,54.35,7381.8,1.2252858707756118,0.34
SLV,2026-06-24,14:24:00,54.17,54.25,54.0,54.06,32506.0,55.06,54.29,10004.0,1.2527248231490515,0.34
SLV,2026-06-24,14:26:00,54.07,54.18,54.0,54.18,30720.0,55.03,54.27,10932.0,1.275459365566618,0.29
SLV,2026-06-24,14:28:00,54.16,54.16,54.11,54.13,18952.0,55.01,54.24,9123.0,1.2851111514515707,0.3
SLV,2026-06-24,14:30:00,54.08,54.25,54.08,54.18,24922.0,54.99,54.23,10785.4,1.2994996476226823,0.28
SLV,2026-06-24,14:32:00,54.23,54.25,54.15,54.15,21715.0,54.97,54.21,7051.6,1.3156777427214064,0.28
SLV,2026-06-24,14:34:00,54.15,54.22,54.12,54.22,8251.0,54.96,54.21,6510.4,1.3152756307294449,0.25
SLV,2026-06-24,14:36:00,54.2,54.3,54.18,54.27,17664.0,54.95,54.23,23079.6,1.2995173448678565,0.23
SLV,2026-06-24,14:38:00,54.29,54.37,54.27,54.3,14887.0,54.94,54.24,12823.8,1.2973447027266698,0.22
SLV,2026-06-24,14:40:00,54.3,54.32,54.17,54.17,6794.0,54.94,54.23,5802.8,1.2964536948404848,0.26
SLV,2026-06-24,14:42:00,54.23,54.32,54.23,54.32,2981.0,54.94,54.25,7568.8,1.2882388393093342,0.21
SLV,2026-06-24,14:44:00,54.25,54.25,54.06,54.06,11224.0,54.93,54.21,5658.0,1.2929387922603994,0.3
SLV,2026-06-24,14:46:00,54.08,54.1,54.01,54.03,33294.0,54.9,54.17,11283.4,1.3149824065949165,0.3
SLV,2026-06-24,14:48:00,54.0,54.15,53.95,54.15,28425.0,54.88,54.17,9484.4,1.3335749690282863,0.25
SLV,2026-06-24,14:50:00,54.16,54.16,54.03,54.11,19126.0,54.87,54.16,12948.8,1.3357079497371838,0.26
SLV,2026-06-24,14:52:00,54.15,54.33,54.15,54.25,21882.0,54.86,54.18,11349.2,1.343327224570148,0.21
SLV,2026-06-24,14:54:00,54.2,54.25,54.13,54.16,9972.0,54.85,54.17,6080.0,1.3453584401054006,0.24
SLV,2026-06-24,14:56:00,54.15,54.15,54.01,54.05,16089.0,54.84,54.15,8638.8,1.350337737434533,0.27
SLV,2026-06-24,14:58:00,54.05,54.05,53.71,53.76,68161.0,54.79,54.07,15444.8,1.4021790184488239,0.35
SLV,2026-06-24,15:00:00,53.76,53.86,53.66,53.79,49620.0,54.75,54.01,19751.8,1.4256966767869368,0.33
SLV,2026-06-24,15:02:00,53.78,53.82,53.77,53.77,27943.0,54.73,53.97,9540.0,1.4409248982580483,0.33
SLV,2026-06-24,15:04:00,53.82,53.82,53.75,53.78,21876.0,54.72,53.93,7694.2,1.452288105407479,0.32
SLV,2026-06-24,15:06:00,53.75,53.75,53.6,53.62,64813.0,54.67,53.87,16234.4,1.4949876931583899,0.36
SLV,2026-06-24,15:08:00,53.63,53.75,53.6,53.75,19514.0,54.66,53.84,11315.0,1.49764696971868,0.31
SLV,2026-06-24,15:10:00,53.73,53.75,53.61,53.65,32147.0,54.64,53.8,10328.6,1.514538774149338,0.34
SLV,2026-06-24,15:12:00,53.66,53.7,53.63,53.7,15126.0,54.63,53.78,8686.8,1.5165160823706838,0.32
SLV,2026-06-24,15:14:00,53.71,53.76,53.58,53.6,20901.0,54.61,53.75,14228.0,1.515846970952845,0.35
SLV,2026-06-24,15:16:00,53.59,53.67,53.57,53.65,4877.0,54.61,53.73,2974.0,1.5162110164919917,0.33
SLV,2026-06-24,15:18:00,53.66,53.7,53.59,53.68,19423.0,54.6,53.72,8415.6,1.5227328562717348,0.32
SLV,2026-06-24,15:20:00,53.67,53.69,53.58,53.61,10179.0,54.59,53.7,9711.0,1.518264813619008,0.34
SLV,2026-06-24,15:22:00,53.62,53.65,53.58,53.64,10870.0,54.59,53.69,13212.6,1.5094669262123313,0.33
SLV,2026-06-24,15:24:00,53.63,53.63,53.23,53.23,132864.0,54.5,53.59,30800.0,1.5897838802612547,0.44
SLV,2026-06-24,15:26:00,53.26,53.4,53.17,53.33,60025.0,54.46,53.54,23191.8,1.6108610119331532,0.39
SLV,2026-06-24,15:28:00,53.28,53.39,53.25,53.28,39182.0,54.43,53.49,14921.6,1.624462509474561,0.39
SLV,2026-06-24,15:30:00,53.31,53.36,53.17,53.3,57676.0,54.4,53.45,16619.2,1.651608774658286,0.38
SLV,2026-06-24,15:32:00,53.27,53.5,53.24,53.48,31776.0,54.38,53.46,15906.8,1.6564115898830223,0.31
SLV,2026-06-24,15:34:00,53.44,53.48,53.32,53.33,14599.0,54.37,53.43,12895.2,1.6505779645555567,0.36
SLV,2026-06-24,15:36:00,53.31,53.39,53.23,53.26,87157.0,54.32,53.4,29729.6,1.6826190997786745,0.36
SLV,2026-06-24,15:38:00,53.23,53.26,53.13,53.25,23222.0,54.31,53.37,17764.6,1.6770911439549328,0.36
SLV,2026-06-24,15:40:00,53.25,53.29,53.12,53.13,13147.0,54.3,53.32,10110.0,1.673960616288874,0.4
SLV,2026-06-24,15:42:00,53.13,53.33,53.13,53.33,21322.0,54.29,53.32,11856.2,1.6751615285573889,0.33
SLV,2026-06-24,15:44:00,53.33,53.5,53.33,53.41,17148.0,54.29,53.34,14676.2,1.669178735349327,0.3
SLV,2026-06-24,15:46:00,53.39,53.42,53.29,53.34,7242.0,54.28,53.34,11787.2,1.6592708468641344,0.32
SLV,2026-06-24,15:48:00,53.32,53.35,53.12,53.13,24638.0,54.27,53.3,9935.2,1.665716837016664,0.39
SLV,2026-06-24,15:50:00,53.19,53.2,53.1,53.1,24466.0,54.26,53.26,8096.4,1.674342670183927,0.4
SLV,2026-06-24,15:52:00,53.12,53.24,53.11,53.24,19543.0,54.25,53.25,6612.2,1.6809639539543983,0.35
SLV,2026-06-24,15:54:00,53.25,53.25,53.08,53.12,16667.0,54.24,53.23,5319.8,1.6869761801022807,0.38
SLV,2026-06-24,15:56:00,53.11,53.12,53.02,53.05,32569.0,54.22,53.19,14458.8,1.6932699564695828,0.4
SLV,2026-06-24,15:58:00,53.03,53.03,52.58,52.62,151412.0,54.13,53.08,38747.2,1.7573963249948095,0.52
SLV,2026-06-24,16:00:00,52.63,52.74,52.49,52.66,276444.0,53.97,52.99,72526.0,1.8630198207988011,0.45
SLV,2026-06-24,16:02:00,52.75,53.19,52.7,53.19,151012.0,53.92,53.03,37784.6,1.9186828003390377,0.25
SLV,2026-06-24,16:04:00,53.23,53.23,53.02,53.05,92764.0,53.89,53.04,28854.0,1.9440027641723403,0.29
SLV,2026-06-24,16:06:00,53.04,53.12,52.84,52.86,29876.0,53.88,53.0,19152.2,1.939086814127864,0.35
SLV,2026-06-24,16:08:00,52.9,52.91,52.75,52.82,47480.0,53.87,52.97,22609.2,1.9414824175090584,0.36
SLV,2026-06-24,16:10:00,52.88,52.91,52.7,52.72,32159.0,53.85,52.92,21346.8,1.9354540693947406,0.39
SLV,2026-06-24,16:12:00,52.74,52.92,52.72,52.92,51846.0,53.84,52.92,17503.0,1.9469894178861653,0.32
SLV,2026-06-24,16:14:00,52.91,52.95,52.78,52.8,50585.0,53.82,52.89,23975.4,1.9494582600875043,0.35
SLV,2026-06-24,16:16:00,52.78,52.89,52.73,52.89,20521.0,53.81,52.89,16101.2,1.942656966283345,0.32
SLV,2026-06-24,16:18:00,52.9,53.02,52.86,53.01,26750.0,53.81,52.92,13940.2,1.942451591224602,0.27
SLV,2026-06-24,16:20:00,53.0,53.0,52.7,52.7,72430.0,53.79,52.87,21768.6,1.9609052195546992,0.37
SLV,2026-06-24,16:22:00,52.79,52.86,52.67,52.7,58250.0,53.77,52.84,20331.8,1.972019007499536,0.37
SLV,2026-06-24,16:24:00,52.71,53.01,52.7,53.0,84357.0,53.74,52.87,23844.8,1.9942716492772148,0.25
SLV,2026-06-24,16:26:00,52.95,53.02,52.9,52.95,26215.0,53.74,52.89,12316.8,1.9952490927633362,0.27
SLV,2026-06-24,16:28:00,52.96,53.01,52.91,52.96,11851.0,53.74,52.9,29744.8,1.9676315339610724,0.27
SLV,2026-06-24,16:30:00,52.97,53.17,52.91,53.16,935178.0,53.59,52.95,565850.0,1.8896648337994253,0.15
SLV,2026-06-24,16:32:00,53.15,53.33,53.13,53.2,451197.0,53.55,53.0,219287.2,1.9043627536927545,0.12
SLV,2026-06-24,16:34:00,53.21,53.21,53.01,53.18,382864.0,53.52,53.04,177877.4,1.9208083712589876,0.12
SLV,2026-06-24,16:36:00,53.18,53.23,53.07,53.15,200210.0,53.51,53.06,137549.8,1.8981175770809278,0.12
SLV,2026-06-24,16:38:00,53.14,53.35,53.13,53.3,311119.0,53.49,53.11,143555.4,1.9111522365250222,0.07
SLV,2026-06-24,16:40:00,53.3,53.3,53.16,53.21,209008.0,53.48,53.13,132751.6,1.8967173178978585,0.09
SLV,2026-06-24,16:42:00,53.2,53.33,53.19,53.24,210874.0,53.48,53.15,119558.2,1.8917755066177036,0.08
SLV,2026-06-24,16:44:00,53.25,53.44,53.22,53.33,305128.0,53.47,53.19,178098.6,1.8824085976750424,0.05
SLV,2026-06-24,16:46:00,53.32,53.4,53.25,53.37,266721.0,53.46,53.22,131961.0,1.8876028298353247,0.03
SLV,2026-06-24,16:48:00,53.38,53.54,53.27,53.5,274219.0,53.46,53.28,158217.4,1.88097169336669,-0.01
SLV,2026-06-24,16:50:00,53.5,53.84,53.47,53.81,559219.0,53.47,53.38,196786.6,1.9296842987655318,-0.12
SLV,2026-06-24,16:52:00,53.81,53.83,53.67,53.73,185034.0,53.48,53.45,101195.0,1.9271129550402657,-0.09
SLV,2026-06-24,16:54:00,53.72,53.86,53.61,53.64,158715.0,53.49,53.49,96161.2,1.9205915926446047,-0.05
SLV,2026-06-24,16:56:00,53.65,53.9,53.62,53.79,156249.0,53.49,53.55,87940.6,1.917555798332074,-0.1
SLV,2026-06-24,16:58:00,53.77,53.83,53.72,53.82,139782.0,53.5,53.6,93761.4,1.908164434600967,-0.11
SLV,2026-06-24,17:00:00,53.82,53.86,53.64,53.65,114133.0,53.5,53.61,136786.4,1.8747615221989427,-0.05
SLV,2026-06-24,17:02:00,53.65,53.67,53.43,53.45,153798.0,53.5,53.58,125433.6,1.856771824767621,0.02
SLV,2026-06-24,17:04:00,53.45,53.5,53.4,53.45,159280.0,53.5,53.55,89474.4,1.855285822120828,0.02
SLV,2026-06-24,17:06:00,53.45,53.58,53.45,53.47,203936.0,53.5,53.54,108109.2,1.8559981966777936,0.01
SLV,2026-06-24,17:08:00,53.47,53.52,53.44,53.46,167632.0,53.5,53.52,87236.2,1.8571883939578977,0.01
SLV,2026-06-24,17:10:00,53.46,53.56,53.38,53.41,101690.0,53.5,53.5,66822.4,1.8525903836080466,0.03
SLV,2026-06-24,17:12:00,53.42,53.51,53.35,53.41,171976.0,53.5,53.48,91867.2,1.8529495603675374,0.03
SLV,2026-06-24,17:14:00,53.41,53.41,53.28,53.29,101856.0,53.5,53.44,63206.6,1.849914821307275,0.07
SLV,2026-06-24,17:16:00,53.28,53.33,53.23,53.32,154872.0,53.49,53.42,98973.6,1.844411862605866,0.06
SLV,2026-06-24,17:18:00,53.32,53.43,53.28,53.4,135781.0,53.49,53.42,83724.2,1.8408353311561039,0.03
SLV,2026-06-24,17:20:00,53.4,53.46,53.28,53.45,217285.0,53.49,53.42,76349.6,1.8553460689339265,0.01
SLV,2026-06-24,17:22:00,53.45,53.5,53.42,53.44,103061.0,53.49,53.43,90030.6,1.8434508826939464,0.02
SLV,2026-06-24,17:24:00,53.43,53.58,53.43,53.57,105201.0,53.49,53.45,75375.0,1.8372626574271,-0.03
SLV,2026-06-24,17:26:00,53.57,53.68,53.56,53.65,129573.0,53.49,53.49,97291.0,1.8284037764796137,-0.05
SLV,2026-06-24,17:28:00,53.65,53.68,53.48,53.54,145366.0,53.49,53.5,94241.0,1.8236308455410226,-0.02
SLV,2026-06-24,17:30:00,53.54,53.65,53.54,53.6,120992.0,53.49,53.52,140024.6,1.8004063388725842,-0.04
SLV,2026-06-24,17:32:00,53.6,53.65,53.55,53.58,168743.0,53.49,53.53,117690.6,1.7930968636744213,-0.03
SLV,2026-06-24,17:34:00,53.57,53.7,53.57,53.63,69005.0,53.49,53.55,121977.8,1.7682481792410056,-0.05
SLV,2026-06-24,17:36:00,53.63,53.63,53.5,53.56,83043.0,53.5,53.55,89380.0,1.7559814936864935,-0.02
SLV,2026-06-24,17:38:00,53.57,53.58,53.31,53.35,166371.0,53.49,53.51,107478.2,1.7523879088224241,0.05
SLV,2026-06-24,17:40:00,53.36,53.41,53.29,53.3,243532.0,53.49,53.47,165872.8,1.7450078888887777,0.07
SLV,2026-06-24,17:42:00,53.31,53.32,53.18,53.22,117879.0,53.49,53.42,104099.0,1.7351840487688395,0.09
SLV,2026-06-24,17:44:00,53.23,53.32,53.23,53.26,72303.0,53.49,53.39,75792.8,1.7261683709547806,0.08
SLV,2026-06-24,17:46:00,53.25,53.43,53.23,53.43,81633.0,53.49,53.4,191914.8,1.6892361519485468,0.02
SLV,2026-06-24,17:48:00,53.43,53.47,53.32,53.38,108225.0,53.49,53.39,101079.2,1.6801230130722307,0.04
SLV,2026-06-24,17:50:00,53.37,53.43,53.29,53.32,80154.0,53.48,53.38,71237.2,1.6744198734841222,0.05
SLV,2026-06-24,17:52:00,53.33,53.33,53.22,53.26,213612.0,53.48,53.36,93001.4,1.6826604290703844,0.08
SLV,2026-06-24,17:54:00,53.27,53.28,53.15,53.16,118703.0,53.48,53.32,70459.2,1.6826807371976555,0.11
SLV,2026-06-24,17:56:00,53.16,53.3,53.16,53.29,124415.0,53.48,53.31,67012.2,1.684307985259848,0.07
SLV,2026-06-24,17:58:00,53.28,53.28,53.21,53.27,99698.0,53.47,53.3,69042.6,1.6820136713486464,0.07
SLV,2026-06-24,18:00:00,53.27,53.31,53.22,53.26,108281.0,53.47,53.29,87678.2,1.6766584665874669,0.07
SLV,2026-06-24,18:02:00,53.25,53.3,53.18,53.27,46327.0,53.47,53.29,49505.6,1.6716809567419633,0.07
SLV,2026-06-24,18:04:00,53.25,53.28,53.2,53.24,54331.0,53.47,53.28,56575.6,1.6662607919859895,0.08
SLV,2026-06-24,18:06:00,53.24,53.25,53.09,53.13,118993.0,53.47,53.25,61874.0,1.6683837785709938,0.12
SLV,2026-06-24,18:08:00,53.13,53.15,53.05,53.11,170567.0,53.46,53.22,63941.4,1.676844748534075,0.12
SLV,2026-06-24,18:10:00,53.12,53.2,53.06,53.08,92964.0,53.46,53.19,73097.0,1.6729611953449388,0.13
SLV,2026-06-24,18:12:00,53.09,53.1,53.04,53.07,159855.0,53.46,53.17,76795.4,1.6770359899148455,0.13
SLV,2026-06-24,18:14:00,53.07,53.14,53.04,53.08,114018.0,53.45,53.15,87878.4,1.6727532175321014,0.13
SLV,2026-06-24,18:16:00,53.08,53.23,53.08,53.2,112903.0,53.45,53.16,65318.4,1.6732168572815593,0.09
SLV,2026-06-24,18:18:00,53.2,53.37,53.18,53.35,106267.0,53.45,53.2,97743.2,1.6660136040254714,0.03
SLV,2026-06-24,18:20:00,53.36,53.46,53.34,53.34,89844.0,53.45,53.23,85069.2,1.6595580209378986,0.04
SLV,2026-06-24,18:22:00,53.35,53.42,53.26,53.33,114132.0,53.45,53.25,65065.6,1.6603173320308566,0.04
SLV,2026-06-24,18:24:00,53.33,53.34,53.17,53.17,48054.0,53.45,53.23,72127.4,1.6515455994011858,0.1
SLV,2026-06-24,18:26:00,53.18,53.43,53.18,53.36,102312.0,53.44,53.26,59030.2,1.6521311575127795,0.03
SLV,2026-06-24,18:28:00,53.36,53.45,53.35,53.45,97725.0,53.44,53.3,52462.2,1.6534648778653394,-0.0
SLV,2026-06-24,18:30:00,53.45,53.46,53.38,53.38,80543.0,53.44,53.31,61040.6,1.6510224955931538,0.02
SLV,2026-06-24,18:32:00,53.39,53.41,53.28,53.3,69293.0,53.44,53.31,58579.8,1.6477597812481146,0.05
SLV,2026-06-24,18:34:00,53.3,53.37,53.3,53.35,81941.0,53.44,53.32,60177.2,1.6457260037138361,0.03
SLV,2026-06-24,18:36:00,53.34,53.36,53.29,53.32,55159.0,53.44,53.32,65836.6,1.6394912068624534,0.04
SLV,2026-06-24,18:38:00,53.33,53.35,53.25,53.26,47294.0,53.44,53.31,66220.0,1.6323642496926503,0.06
SLV,2026-06-24,18:40:00,53.26,53.27,53.18,53.2,101591.0,53.44,53.29,80084.8,1.6290065191445011,0.08
SLV,2026-06-24,18:42:00,53.2,53.26,53.17,53.2,65323.0,53.44,53.27,69494.4,1.6235321744077247,0.08
SLV,2026-06-24,18:44:00,53.21,53.33,53.21,53.33,73303.0,53.44,53.28,52179.8,1.6222351618826754,0.04
SLV,2026-06-24,18:46:00,53.34,53.35,53.24,53.3,55201.0,53.44,53.28,54918.6,1.6184075482561062,0.05
SLV,2026-06-24,18:48:00,53.31,53.43,53.31,53.41,95900.0,53.44,53.31,87241.4,1.6133420452735918,0.01
SLV,2026-06-24,18:50:00,53.42,53.48,53.38,53.41,79126.0,53.44,53.33,60313.6,1.611322353677045,0.01
SLV,2026-06-24,18:52:00,53.41,53.41,53.26,53.26,43199.0,53.44,53.32,55749.8,1.6061738420063283,0.06
SLV,2026-06-24,18:54:00,53.25,53.26,53.13,53.17,88791.0,53.44,53.29,160312.0,1.5878722547067001,0.09
SLV,2026-06-24,18:56:00,53.17,53.19,53.12,53.13,34522.0,53.44,53.26,68015.2,1.5799592714909134,0.11
SLV,2026-06-24,18:58:00,53.13,53.13,53.05,53.09,54866.0,53.43,53.22,45237.0,1.578179530733059,0.12
SLV,2026-06-24,19:00:00,53.09,53.14,53.05,53.08,67149.0,53.43,53.19,56421.0,1.5758472974943996,0.12
SLV,2026-06-24,19:02:00,53.09,53.14,53.06,53.08,89049.0,53.43,53.17,63962.6,1.5746044751713069,0.12
SLV,2026-06-24,19:04:00,53.08,53.11,53.05,53.11,35671.0,53.43,53.16,47266.6,1.5705243661108719,0.11
SLV,2026-06-24,19:06:00,53.11,53.13,53.02,53.07,92969.0,53.43,53.14,62557.4,1.5699722428119611,0.12
SLV,2026-06-24,19:08:00,53.07,53.08,52.91,53.03,234000.0,53.42,53.12,95603.0,1.5786610995647592,0.13
SLV,2026-06-24,19:10:00,53.03,53.09,52.99,53.02,51947.0,53.42,53.1,37499.8,1.5779129766451374,0.14
SLV,2026-06-24,19:12:00,53.02,53.05,52.98,53.04,80394.0,53.42,53.09,47944.8,1.5783996521680073,0.13
SLV,2026-06-24,19:14:00,53.04,53.07,53.0,53.04,120215.0,53.41,53.08,74269.8,1.5787039959193365,0.13
SLV,2026-06-24,19:16:00,53.04,53.06,52.97,52.98,122739.0,53.41,53.06,53919.6,1.5825149913417573,0.15
SLV,2026-06-24,19:18:00,52.98,53.05,52.98,52.99,112802.0,53.41,53.04,52484.2,1.5855126152186825,0.14
SLV,2026-06-24,19:20:00,52.99,53.07,52.99,53.06,56040.0,53.41,53.05,36368.8,1.5853496314017452,0.12
SLV,2026-06-24,19:22:00,53.06,53.14,53.04,53.12,58502.0,53.41,53.06,46538.6,1.5838227149981552,0.1
SLV,2026-06-24,19:24:00,53.12,53.14,53.06,53.09,67025.0,53.4,53.07,33513.4,1.5852118316582606,0.11
SLV,2026-06-24,19:26:00,53.09,53.14,53.08,53.1,46316.0,53.4,53.07,31429.4,1.5848636674493195,0.1
SLV,2026-06-24,19:28:00,53.11,53.15,53.08,53.14,88253.0,53.4,53.09,49019.0,1.5859076262347003,0.09
SLV,2026-06-24,19:30:00,53.14,53.16,53.09,53.13,62060.0,53.4,53.1,73446.0,1.5805688938529125,0.09
SLV,2026-06-24,19:32:00,53.13,53.17,53.1,53.14,48131.0,53.4,53.1,38425.0,1.5793371828757297,0.09
SLV,2026-06-24,19:34:00,53.15,53.27,53.09,53.25,69097.0,53.4,53.13,48323.8,1.5786345918401903,0.05
SLV,2026-06-24,19:36:00,53.25,53.27,53.2,53.27,62067.0,53.4,53.16,67254.6,1.5743722233220394,0.04
SLV,2026-06-24,19:38:00,53.25,53.27,53.15,53.17,64449.0,53.4,53.16,43309.6,1.5740126217889292,0.08
SLV,2026-06-24,19:40:00,53.17,53.19,53.06,53.13,103966.0,53.4,53.16,44428.6,1.5772742540540612,0.09
SLV,2026-06-24,19:42:00,53.12,53.12,53.02,53.02,108540.0,53.39,53.13,40389.8,1.5815542489553605,0.13
SLV,2026-06-24,19:44:00,53.02,53.06,53.0,53.03,53131.0,53.39,53.11,38365.8,1.5808364595676592,0.12
SLV,2026-06-24,19:46:00,53.03,53.05,53.01,53.02,77994.0,53.39,53.09,29396.2,1.5838264287829686,0.13
SLV,2026-06-24,19:48:00,53.02,53.02,52.94,52.96,95863.0,53.39,53.07,33316.6,1.5879011041724371,0.15
SLV,2026-06-24,19:50:00,52.95,53.05,52.94,53.01,72916.0,53.39,53.05,59423.2,1.5858850666625193,0.13
SLV,2026-06-24,19:52:00,53.0,53.05,52.98,53.03,44316.0,53.39,53.05,47678.4,1.5829556394337978,0.12
SLV,2026-06-24,19:54:00,53.03,53.05,52.98,52.99,46303.0,53.39,53.04,56175.0,1.578987210942628,0.14
SLV,2026-06-24,19:56:00,52.99,53.02,52.98,53.0,71277.0,53.38,53.03,44966.0,1.5790128271604658,0.13
SLV,2026-06-24,19:58:00,53.0,53.02,52.96,52.97,65317.0,53.38,53.02,44849.4,1.5785048816906506,0.14
SLV,2026-06-24,20:00:00,52.97,53.0,52.95,53.0,49394.0,53.38,53.01,58531.4,1.5745557529921383,0.13
SLV,2026-06-24,20:02:00,53.0,53.03,52.9,53.0,133367.0,53.38,53.01,70750.2,1.5765602582120013,0.13
SLV,2026-06-24,20:04:00,53.0,53.0,52.92,52.94,234497.0,53.37,53.0,73771.0,1.5872733676935757,0.15
SLV,2026-06-24,20:06:00,52.94,52.95,52.81,52.86,151423.0,53.37,52.97,84974.4,1.5887615987936266,0.18
SLV,2026-06-24,20:08:00,52.86,52.89,52.82,52.88,57880.0,53.37,52.95,49652.8,1.5868805037119058,0.17
SLV,2026-06-24,20:10:00,52.88,52.95,52.84,52.92,110977.0,53.36,52.95,52148.4,1.5893961452261123,0.15
SLV,2026-06-24,20:12:00,52.92,52.97,52.9,52.91,108580.0,53.36,52.94,57629.8,1.5909021781596913,0.15
SLV,2026-06-24,20:14:00,52.91,52.94,52.8,52.81,75840.0,53.36,52.91,70870.4,1.5876497509145777,0.19
SLV,2026-06-24,20:16:00,52.8,52.81,52.69,52.73,207266.0,53.35,52.88,73791.8,1.5955392393154229,0.21
SLV,2026-06-24,20:18:00,52.73,52.75,52.6,52.6,133499.0,53.35,52.82,87428.8,1.5950181624588102,0.26
SLV,2026-06-24,20:20:00,52.61,52.66,52.49,52.55,189908.0,53.34,52.77,65168.4,1.6024453147569078,0.27
SLV,2026-06-24,20:22:00,52.55,52.59,52.37,52.39,298542.0,53.33,52.69,88396.6,1.6158978518937233,0.32
SLV,2026-06-24,20:24:00,52.4,52.55,52.28,52.37,355841.0,53.31,52.63,144898.8,1.6262048233127364,0.32
SLV,2026-06-24,20:26:00,52.38,52.39,52.26,52.26,213787.0,53.3,52.55,78658.4,1.633429402115401,0.36
SLV,2026-06-24,20:28:00,52.26,52.38,52.19,52.21,276333.0,53.28,52.48,105021.8,1.6421681161346333,0.37
SLV,2026-06-24,20:30:00,52.21,52.22,52.08,52.2,306393.0,53.27,52.43,114398.4,1.6519596190734476,0.37
SLV,2026-06-24,20:32:00,52.2,52.31,52.12,52.23,197974.0,53.26,52.39,131787.2,1.6503470851191226,0.35
SLV,2026-06-24,20:34:00,52.24,52.29,52.2,52.21,137562.0,53.25,52.35,155635.0,1.6407214923869382,0.36
SLV,2026-06-24,20:36:00,52.2,52.26,52.05,52.05,227657.0,53.24,52.29,92985.6,1.6467357275704582,0.41
SLV,2026-06-24,20:38:00,52.06,52.1,51.96,52.07,412075.0,53.21,52.25,123625.2,1.6632705212980035,0.39
SLV,2026-06-24,20:40:00,52.07,52.09,51.91,52.07,232602.0,53.2,52.21,157240.2,1.66100441534821,0.39
SLV,2026-06-24,20:42:00,52.07,52.1,52.0,52.03,139925.0,53.19,52.18,86272.2,1.660741949130381,0.4
SLV,2026-06-24,20:44:00,52.03,52.05,51.9,51.92,206519.0,53.18,52.12,94954.0,1.6645127783736364,0.43
SLV,2026-06-24,20:46:00,51.91,52.04,51.85,51.91,284407.0,53.16,52.08,96274.0,1.6740309134462104,0.43
SLV,2026-06-24,20:48:00,51.9,51.93,51.78,51.8,270258.0,53.15,52.03,85900.4,1.6836619762032197,0.46
SLV,2026-06-24,20:50:00,51.8,51.86,51.72,51.78,286287.0,53.13,51.98,78910.2,1.6952773340110046,0.46
SLV,2026-06-24,20:52:00,51.78,51.84,51.73,51.79,198000.0,53.12,51.94,68968.2,1.7013836081628786,0.46
SLV,2026-06-24,20:54:00,51.8,51.82,51.61,51.63,463076.0,53.09,51.88,139875.2,1.718159200098029,0.5
SLV,2026-06-24,20:56:00,51.64,51.64,51.33,51.36,746842.0,53.04,51.77,186509.8,1.7495009369697976,0.58
SLV,2026-06-24,20:58:00,51.37,51.42,51.15,51.16,845380.0,52.98,51.65,201302.0,1.7852252054137254,0.62
SLV,2026-06-24,21:00:00,51.17,51.18,50.78,50.89,1427712.0,52.87,51.5,468026.0,1.8267123549670152,0.68
SLV,2026-06-24,21:02:00,50.89,50.9,50.34,50.47,1688068.0,52.74,51.29,453394.0,1.8850972919796918,0.78
SLV,2026-06-24,21:04:00,50.47,50.95,50.31,50.85,1584843.0,52.62,51.2,440411.4,1.9348496126691501,0.61
SLV,2026-06-24,21:06:00,50.84,51.03,50.83,51.03,718593.0,52.58,51.17,245267.4,1.9506829437387705,0.53
SLV,2026-06-24,21:08:00,51.02,51.2,50.92,51.19,856564.0,52.54,51.17,291009.2,1.969079472212769,0.46
SLV,2026-06-24,21:10:00,51.19,51.41,51.1,51.27,670430.0,52.51,51.19,219306.4,1.984063778997732,0.43
SLV,2026-06-24,21:12:00,51.28,51.36,51.17,51.25,356512.0,52.5,51.2,180427.8,1.9839726031599485,0.43
SLV,2026-06-24,21:14:00,51.25,51.43,51.21,51.41,287237.0,52.49,51.25,142645.4,1.9842331202441883,0.37
SLV,2026-06-24,21:16:00,51.41,51.47,51.29,51.38,482257.0,52.47,51.27,170271.4,1.9930290490300788,0.37
SLV,2026-06-24,21:18:00,51.37,51.42,51.27,51.38,224992.0,52.47,51.29,98645.2,1.994748026124442,0.37
SLV,2026-06-24,21:20:00,51.38,51.39,51.24,51.28,282321.0,52.46,51.29,116922.6,1.9976995359846663,0.4
SLV,2026-06-24,21:22:00,51.28,51.47,51.28,51.44,282493.0,52.45,51.32,102844.6,2.002303093820188,0.35
SLV,2026-06-24,21:24:00,51.43,51.52,51.4,51.45,278765.0,52.44,51.35,110598.4,2.005705382718578,0.34
SLV,2026-06-24,21:26:00,51.46,51.62,51.41,51.57,289842.0,52.43,51.39,116747.4,2.008988019393487,0.3
SLV,2026-06-24,21:28:00,51.57,51.68,51.56,51.6,213913.0,52.43,51.43,80441.0,2.0120572413113833,0.28
SLV,2026-06-24,21:30:00,51.62,51.73,51.61,51.65,204819.0,52.42,51.48,127067.8,2.0090957262107896,0.26
SLV,2026-06-24,21:32:00,51.64,51.67,51.54,51.54,215046.0,52.42,51.49,224760.2,1.9954984604344217,0.3
SLV,2026-06-24,21:34:00,51.54,51.64,51.52,51.54,327777.0,52.41,51.5,137893.8,1.998499185169282,0.3
SLV,2026-06-24,21:36:00,51.54,51.58,51.47,51.49,187157.0,52.4,51.5,129309.2,1.9944640703704173,0.31
SLV,2026-06-24,21:38:00,51.49,51.49,51.41,51.42,168654.0,52.4,51.48,109926.4,1.9916173971673048,0.34
SLV,2026-06-24,21:40:00,51.43,51.45,51.34,51.42,224695.0,52.39,51.47,129164.6,1.9897989686113797,0.33
SLV,2026-06-24,21:42:00,51.42,51.44,51.38,51.39,114178.0,52.39,51.45,101796.4,1.9848898990697634,0.34
SLV,2026-06-24,21:44:00,51.39,51.41,51.34,51.36,133071.0,52.39,51.43,116243.0,1.979500031447798,0.35
SLV,2026-06-24,21:46:00,51.37,51.38,51.29,51.3,197937.0,52.38,51.41,131104.6,1.9761255387541978,0.37
SLV,2026-06-24,21:48:00,51.3,51.3,51.17,51.23,174550.0,52.38,51.37,119828.8,1.9727370105219697,0.39
SLV,2026-06-24,21:50:00,51.23,51.25,51.14,51.23,210204.0,52.37,51.34,98952.0,1.973549067966025,0.39
SLV,2026-06-24,21:52:00,51.23,51.31,51.22,51.3,127614.0,52.36,51.34,86673.0,1.9712080111777255,0.36
SLV,2026-06-24,21:54:00,51.31,51.38,51.3,51.36,164344.0,52.36,51.34,118123.4,1.967539634328841,0.34
SLV,2026-06-24,21:56:00,51.36,51.41,51.33,51.34,148539.0,52.36,51.34,109845.0,1.9639414977522966,0.35
SLV,2026-06-24,21:58:00,51.34,51.34,51.26,51.27,109572.0,52.35,51.33,110899.6,1.9582134164820344,0.37
SLV,2026-06-24,22:00:00,51.28,51.3,51.18,51.22,191227.0,52.35,51.3,147305.0,1.9531073651349589,0.39
SLV,2026-06-24,22:02:00,51.22,51.43,51.21,51.4,269465.0,52.34,51.32,178144.0,1.9490246277912175,0.32
SLV,2026-06-24,22:04:00,51.39,51.42,51.25,51.28,178866.0,52.33,51.32,143346.2,1.943833357747421,0.36
SLV,2026-06-24,22:06:00,51.27,51.31,51.17,51.21,202450.0,52.33,51.29,237314.4,1.9306270473890508,0.38
SLV,2026-06-24,22:08:00,51.21,51.21,51.14,51.14,214743.0,52.32,51.26,150158.2,1.9268217733712707,0.4
SLV,2026-06-24,22:10:00,51.13,51.16,51.09,51.11,179510.0,52.32,51.23,171326.8,1.919261955687581,0.42
SLV,2026-06-24,22:12:00,51.11,51.19,51.11,51.17,169399.0,52.31,51.22,141690.6,1.9141510962683754,0.39
SLV,2026-06-24,22:14:00,51.17,51.21,51.15,51.17,145068.0,52.31,51.21,100129.8,1.911840238899923,0.39
SLV,2026-06-24,22:16:00,51.18,51.24,51.17,51.22,137111.0,52.3,51.21,104965.2,1.9087040918642615,0.37
SLV,2026-06-24,22:18:00,51.22,51.24,51.19,51.21,114639.0,52.3,51.21,102780.8,1.9047014842252923,0.37
SLV,2026-06-24,22:20:00,51.22,51.23,51.15,51.18,107347.0,52.3,51.21,111373.8,1.8995856578115038,0.38
SLV,2026-06-24,22:22:00,51.2,51.24,51.16,51.19,128225.0,52.29,51.2,90342.2,1.8974767147523193,0.38
SLV,2026-06-24,22:24:00,51.19,51.26,51.18,51.23,115307.0,52.29,51.21,85235.2,1.8952294601016175,0.36
SLV,2026-06-24,22:26:00,51.23,51.29,51.21,51.29,189628.0,52.29,51.22,163991.4,1.8894100988790672,0.34
SLV,2026-06-24,22:28:00,51.29,51.39,51.28,51.38,148697.0,52.28,51.26,156117.4,1.8824376102405107,0.31
SLV,2026-06-24,22:30:00,51.38,51.49,51.35,51.39,337800.0,52.27,51.28,266979.6,1.874681986234609,0.3
SLV,2026-06-24,22:32:00,51.39,51.43,51.34,51.39,286519.0,52.27,51.3,243915.0,1.8667365061833854,0.3
SLV,2026-06-24,22:34:00,51.4,51.42,51.37,51.38,244564.0,52.26,51.32,138710.4,1.8660720131265858,0.3
SLV,2026-06-24,22:36:00,51.38,51.39,51.29,51.29,234347.0,52.26,51.31,237480.0,1.8565224318986568,0.33
SLV,2026-06-24,22:38:00,51.29,51.33,51.26,51.3,179132.0,52.25,51.31,216544.6,1.8464288731907899,0.33
SLV,2026-06-24,22:40:00,51.3,51.35,51.25,51.26,214324.0,52.25,51.3,391900.0,1.823767603413719,0.34
SLV,2026-06-24,22:42:00,51.25,51.26,51.19,51.25,134085.0,52.24,51.29,141584.0,1.8182788747518612,0.34
SLV,2026-06-24,22:44:00,51.24,51.36,51.24,51.34,233040.0,52.24,51.3,175489.4,1.8145033474812127,0.31
SLV,2026-06-24,22:46:00,51.34,51.35,51.29,51.3,163429.0,52.24,51.3,201904.8,1.8056777348765436,0.32
SLV,2026-06-24,22:48:00,51.31,51.34,51.27,51.33,208928.0,52.23,51.31,158623.8,1.80233044366437,0.31
SLV,2026-06-24,22:50:00,51.32,51.42,51.29,51.41,301924.0,52.22,51.33,286764.8,1.7931608593694515,0.28
SLV,2026-06-24,22:52:00,51.41,51.57,51.4,51.55,295207.0,52.22,51.37,246635.2,1.7869523307709312,0.23
SLV,2026-06-24,22:54:00,51.56,51.69,51.54,51.64,622765.0,52.21,51.43,315011.2,1.7894462781909903,0.2
SLV,2026-06-24,22:56:00,51.64,51.71,51.6,51.68,402017.0,52.21,51.48,234532.4,1.78871731619249,0.18
SLV,2026-06-24,22:58:00,51.68,51.82,51.67,51.76,1319404.0,52.19,51.53,672732.2,1.7933776341158842,0.15
SLV,2026-06-24,23:00:00,51.76,51.82,51.66,51.81,1087725.0,52.18,51.59,543295.4,1.7978329667116215,0.13
SLV,2026-06-24,23:02:00,51.82,51.95,51.76,51.95,14159.0,52.18,51.66,13700.2,1.7974217382832154,0.08
SLV,2026-06-24,23:04:00,51.92,52.09,51.92,52.06,46839.0,52.18,51.74,15921.6,1.798136846775623,0.04
SLV,2026-06-24,23:06:00,52.08,52.12,52.01,52.1,46088.0,52.18,51.81,15051.0,1.7988830318966622,0.03
SLV,2026-06-24,23:08:00,52.09,52.15,52.05,52.1,10040.0,52.18,51.87,9454.6,1.7986098393458059,0.03
SLV,2026-06-24,23:10:00,52.1,52.17,52.04,52.08,30449.0,52.18,51.91,16071.2,1.798670306794154,0.03
SLV,2026-06-24,23:12:00,52.08,52.09,51.9,51.95,12113.0,52.18,51.92,6157.6,1.7987109503019976,0.08
SLV,2026-06-24,23:14:00,51.94,51.96,51.9,51.9,22509.0,52.18,51.92,9232.4,1.7989420954390243,0.1
SLV,2026-06-24,23:16:00,51.9,51.91,51.81,51.83,6440.0,52.18,51.9,8166.8,1.7986190659900332,0.12
SLV,2026-06-24,23:18:00,51.84,51.9,51.84,51.84,2915.0,52.18,51.89,9833.6,1.798041005680197,0.12
SLV,2026-06-24,23:20:00,51.84,51.95,51.84,51.95,5307.0,52.18,51.9,2973.2,1.7980394822161465,0.08
SLV,2026-06-24,23:22:00,51.94,51.98,51.93,51.94,7255.0,52.18,51.91,4256.6,1.7980238909910575,0.08
SLV,2026-06-24,23:24:00,51.97,52.06,51.95,52.05,14414.0,52.18,51.94,31648.6,1.7963636433541477,0.04
SLV,2026-06-24,23:26:00,52.08,52.1,52.02,52.03,17294.0,52.18,51.95,8081.0,1.7964721376379091,0.05
SLV,2026-06-24,23:28:00,52.01,52.11,52.0,52.1,14600.0,52.18,51.98,4337.2,1.7967380308006176,0.03
SLV,2026-06-24,23:30:00,52.09,52.1,52.05,52.08,34097.0,52.18,52.0,12075.2,1.7972221126839283,0.03
SLV,2026-06-24,23:32:00,52.06,52.1,52.02,52.02,38920.0,52.18,52.01,12052.6,1.7978955038969038,0.05
SLV,2026-06-24,23:34:00,52.04,52.09,52.0,52.08,4387.0,52.18,52.02,3069.4,1.7978513626899926,0.03
SLV,2026-06-24,23:36:00,52.04,52.08,52.0,52.0,17375.0,52.18,52.02,7862.2,1.7979777221219706,0.06
SLV,2026-06-24,23:38:00,51.95,51.95,51.85,51.85,56239.0,52.18,51.98,15485.4,1.799084538823954,0.11
SLV,2026-06-24,23:40:00,51.95,52.03,51.93,52.0,9561.0,52.18,51.99,5709.8,1.7990568161882292,0.06
SLV,2026-06-24,23:42:00,51.98,52.0,51.95,52.0,4404.0,52.18,51.99,108292.6,1.7916676112368464,0.06
SLV,2026-06-24,23:44:00,52.0,52.01,51.9,51.9,25924.0,52.18,51.97,8471.0,1.7920844995216492,0.1
SLV,2026-06-24,23:46:00,51.97,52.0,51.95,52.0,1889.0,52.18,51.98,2187.8,1.7920056918110558,0.06
SLV,2026-06-24,23:48:00,51.99,51.99,51.93,51.93,3590.0,52.18,51.97,1846.0,1.7920166277700256,0.09
SLV,2026-06-24,23:50:00,51.93,51.96,51.91,51.94,8020.0,52.18,51.96,4021.0,1.792048206201041,0.08
SLV,2026-06-24,23:52:00,51.92,51.98,51.92,51.98,4141.0,52.18,51.97,1536.8,1.792101989807633,0.07
SLV,2026-06-24,23:54:00,51.97,51.99,51.95,51.95,3872.0,52.18,51.96,3007.6,1.7920431353231263,0.08
SLV,2026-06-24,23:56:00,51.97,52.0,51.97,51.97,5072.0,52.18,51.96,2103.6,1.7920936236070608,0.07
SLV,2026-06-24,23:58:00,51.97,52.0,51.95,51.95,7165.0,52.18,51.96,3573.6,1.7921231145854026,0.08
