time,symbol,open,high,low,close,volume,wap,count
2026-08-18 16:30:00,AMLX,29.9100,30.0700,29.2100,29.6000,284554.0000,29.9097,187
2026-08-18 16:30:05,AMLX,29.7700,29.8800,28.7600,28.7900,20642.0000,29.3837,100
2026-08-18 16:30:10,AMLX,28.6600,29.0000,28.5800,28.8300,8254.0000,28.6924,35
2026-08-18 16:30:15,AMLX,28.6415,29.0501,28.5800,28.9500,4355.0000,28.7022,15
2026-08-18 16:30:20,AMLX,28.7750,29.2000,28.7750,29.2000,4723.0000,29.0337,26
2026-08-18 16:30:25,AMLX,29.2300,29.2600,29.1400,29.2450,1711.0000,29.2481,8
2026-08-18 16:30:30,AMLX,29.3800,29.3900,29.1000,29.2650,9316.0000,29.3511,22
2026-08-18 16:30:35,AMLX,29.2650,29.7821,29.1704,29.5950,6850.0000,29.5941,24
2026-08-18 16:30:40,AMLX,29.5950,29.8500,29.4800,29.7250,4519.0000,29.6675,17
2026-08-18 16:30:45,AMLX,29.8499,29.8700,29.5300,29.5700,6150.0000,29.7214,28
2026-08-18 16:30:50,AMLX,29.4950,29.6000,29.2254,29.3050,32465.0000,29.4740,73
2026-08-18 16:30:55,AMLX,29.3700,29.5899,29.3700,29.5899,1228.0000,29.5004,4
2026-08-18 16:31:00,AMLX,29.6000,29.6000,29.3300,29.3300,3345.0000,29.4796,15
2026-08-18 16:31:05,AMLX,29.4600,29.4900,29.3900,29.4900,2200.0000,29.4602,12
2026-08-18 16:31:10,AMLX,29.3100,29.3100,29.0900,29.0900,5031.0000,29.1789,14
2026-08-18 16:31:15,AMLX,29.0399,29.3100,29.0000,29.1334,1025.0000,29.1584,6
2026-08-18 16:31:20,AMLX,29.1000,29.1550,28.8700,28.8900,4851.0000,29.0233,23
2026-08-18 16:31:25,AMLX,28.8700,29.2000,28.6000,29.2000,30279.0000,28.8786,152
2026-08-18 16:31:30,AMLX,29.2000,29.2400,29.0700,29.2400,4880.0000,29.2028,19
2026-08-18 16:31:35,AMLX,29.2400,29.6000,29.2120,29.4600,5063.0000,29.4148,26
2026-08-18 16:31:40,AMLX,29.6000,29.7000,29.5100,29.6050,4967.0000,29.6111,36
2026-08-18 16:31:45,AMLX,29.6239,29.8000,29.5500,29.6400,4191.0000,29.6871,18
2026-08-18 16:31:50,AMLX,29.6200,29.6400,29.5000,29.5100,6200.0000,29.5349,50
2026-08-18 16:31:55,AMLX,29.5100,29.7999,29.5100,29.7999,1883.0000,29.6636,10
2026-08-18 16:32:00,AMLX,29.8000,30.3300,29.6700,30.2150,150577.0000,29.8453,227
2026-08-18 16:32:05,AMLX,30.2150,30.3400,29.9500,29.9567,34726.0000,30.1203,165
2026-08-18 16:32:10,AMLX,29.9950,30.3400,29.9950,30.2300,41138.0000,30.2029,190
2026-08-18 16:32:15,AMLX,30.2300,30.3076,29.9700,30.0400,13341.0000,30.1864,67
2026-08-18 16:32:20,AMLX,30.1566,30.6200,30.0700,30.6100,37170.0000,30.3770,147
2026-08-18 16:32:25,AMLX,30.6700,30.6900,30.3300,30.4700,32884.0000,30.4692,82
2026-08-18 16:32:30,AMLX,30.5800,30.6900,30.3400,30.4150,24723.0000,30.5674,109
2026-08-18 16:32:35,AMLX,30.4600,30.6100,30.4000,30.5050,13535.0000,30.4762,52
2026-08-18 16:32:40,AMLX,30.5000,30.6300,30.1501,30.1755,23296.0000,30.4457,105
2026-08-18 16:32:45,AMLX,30.2550,30.3579,30.0400,30.1200,23045.0000,30.0804,53
2026-08-18 16:32:50,AMLX,30.1200,30.2700,29.4700,29.5900,18402.0000,29.9984,82
2026-08-18 16:32:55,AMLX,29.6550,29.7400,29.4300,29.5800,16515.0000,29.6734,30
2026-08-18 16:33:00,AMLX,29.5750,29.6305,29.4100,29.4600,9680.0000,29.5335,21
2026-08-18 16:33:05,AMLX,29.4200,29.7099,29.3200,29.5000,20805.0000,29.4622,79
2026-08-18 16:33:10,AMLX,29.4400,29.6300,29.2500,29.6050,10660.0000,29.5074,45
2026-08-18 16:33:15,AMLX,29.7510,29.9200,29.6539,29.8400,6652.0000,29.7953,23
2026-08-18 16:33:20,AMLX,29.8450,30.0000,29.7400,29.7500,73497.0000,29.8522,123
2026-08-18 16:33:25,AMLX,29.7410,29.8700,29.6705,29.7200,35391.0000,29.7463,44
2026-08-18 16:33:30,AMLX,29.7300,30.1600,29.7300,29.9725,26640.0000,29.9149,95
2026-08-18 16:33:35,AMLX,29.8401,30.1500,29.8401,30.0900,9991.0000,30.0039,39
2026-08-18 16:33:40,AMLX,30.0000,30.0887,29.8401,30.0000,5441.0000,29.9986,25
2026-08-18 16:33:45,AMLX,30.0400,30.1500,30.0000,30.0800,12967.0000,30.0926,68
2026-08-18 16:33:50,AMLX,30.1400,30.1500,30.0283,30.0800,3445.0000,30.1047,29
2026-08-18 16:33:55,AMLX,30.1300,30.3000,30.0801,30.0801,12240.0000,30.1717,43
2026-08-18 16:34:00,AMLX,30.0801,30.2999,30.0801,30.2591,6697.0000,30.2110,21
2026-08-18 16:34:05,AMLX,30.2350,30.3000,30.1697,30.2450,8521.0000,30.2484,49
2026-08-18 16:34:10,AMLX,30.3287,30.4250,30.1901,30.4248,2931.0000,30.3461,24
2026-08-18 16:34:15,AMLX,30.4720,30.5899,30.3800,30.4050,11227.0000,30.4798,38
2026-08-18 16:34:20,AMLX,30.5150,30.5900,30.2591,30.2591,7531.0000,30.5154,34
2026-08-18 16:34:25,AMLX,30.2200,30.4100,30.2025,30.2200,8083.0000,30.3365,25
2026-08-18 16:34:30,AMLX,30.2000,30.3800,30.2000,30.3588,1000.0000,30.3293,7
2026-08-18 16:34:35,AMLX,30.3100,30.3400,30.3050,30.3050,1653.0000,30.3100,5
2026-08-18 16:34:40,AMLX,30.3050,30.3216,30.2500,30.3216,7426.0000,30.2831,24
2026-08-18 16:34:45,AMLX,30.2300,30.2600,30.0200,30.1413,12225.0000,30.1551,62
2026-08-18 16:34:50,AMLX,30.1450,30.2499,30.1000,30.1657,2095.0000,30.1752,15
2026-08-18 16:34:55,AMLX,30.1500,30.2500,30.1001,30.2200,6544.0000,30.1951,35
2026-08-18 16:35:00,AMLX,30.2243,30.2752,30.0110,30.0500,5739.0000,30.1278,34
2026-08-18 16:35:05,AMLX,30.0200,30.2218,30.0100,30.1300,4247.0000,30.1219,30
2026-08-18 16:35:10,AMLX,30.1300,30.2229,30.0224,30.2229,2204.0000,30.1373,7
2026-08-18 16:35:15,AMLX,30.2500,30.3200,30.1650,30.2300,4890.0000,30.2659,21
2026-08-18 16:35:20,AMLX,30.2500,30.3899,30.2300,30.3502,4796.0000,30.2985,27
2026-08-18 16:35:25,AMLX,30.3200,30.3823,30.2550,30.2550,6490.0000,30.3327,16
2026-08-18 16:35:30,AMLX,30.3739,30.4500,30.3200,30.3800,7340.0000,30.3880,42
2026-08-18 16:35:35,AMLX,30.3350,30.3700,30.1000,30.2500,100443.0000,30.3267,37
2026-08-18 16:35:40,AMLX,30.1950,30.3303,30.1000,30.3303,5224.0000,30.1937,27
2026-08-18 16:35:45,AMLX,30.2650,30.5600,30.1482,30.2400,24758.0000,30.4658,73
2026-08-18 16:35:50,AMLX,30.3900,30.4000,30.1300,30.3500,5514.0000,30.2658,22
2026-08-18 16:35:55,AMLX,30.2000,30.4000,30.1200,30.2000,37802.0000,30.2377,95
2026-08-18 16:36:00,AMLX,30.3500,30.4900,30.1700,30.2900,10642.0000,30.3311,59
2026-08-18 16:36:05,AMLX,30.3108,30.4200,30.2750,30.3500,10686.0000,30.3371,52
2026-08-18 16:36:10,AMLX,30.2800,30.3400,30.2350,30.2350,2247.0000,30.2696,10
2026-08-18 16:36:15,AMLX,30.2800,30.3400,30.2000,30.2500,2220.0000,30.2316,15
2026-08-18 16:36:20,AMLX,30.3400,30.3600,30.2500,30.2600,3043.0000,30.3181,13
2026-08-18 16:36:25,AMLX,30.2100,30.4000,30.2000,30.3200,5674.0000,30.3196,43
2026-08-18 16:36:30,AMLX,30.3300,30.3300,30.1519,30.2200,5521.0000,30.2346,40
2026-08-18 16:36:35,AMLX,30.3000,30.3000,30.1000,30.1850,9941.0000,30.1335,14
2026-08-18 16:36:40,AMLX,30.1850,30.1850,29.6100,29.7250,36097.0000,29.9040,92
2026-08-18 16:36:45,AMLX,29.7250,29.8800,29.6201,29.7800,7849.0000,29.7928,60
2026-08-18 16:36:50,AMLX,30.0000,30.1200,29.8400,29.9700,27533.0000,30.0557,107
2026-08-18 16:36:55,AMLX,29.9900,30.0200,29.7200,29.7200,4646.0000,29.9017,18
2026-08-18 16:37:00,AMLX,29.7950,29.8250,29.6700,29.6800,10152.0000,29.7410,50
2026-08-18 16:37:05,AMLX,29.7150,29.8000,29.6524,29.7200,4802.0000,29.7217,30
2026-08-18 16:37:10,AMLX,29.6583,29.7900,29.6583,29.6700,3055.0000,29.7164,16
2026-08-18 16:37:15,AMLX,29.6714,29.7599,29.6301,29.6301,3560.0000,29.6735,10
2026-08-18 16:37:20,AMLX,29.7100,29.7100,29.6400,29.6650,1333.0000,29.6744,9
2026-08-18 16:37:25,AMLX,29.6650,29.6650,29.4250,29.5300,8322.0000,29.5148,40
2026-08-18 16:37:30,AMLX,29.5300,29.6054,29.3201,29.4300,10900.0000,29.4229,67
2026-08-18 16:37:35,AMLX,29.4900,29.5500,29.3600,29.3800,15439.0000,29.4062,37
2026-08-18 16:37:40,AMLX,29.4800,29.4800,29.0500,29.0600,39520.0000,29.2419,201
2026-08-18 16:37:45,AMLX,29.0700,29.2299,29.0700,29.1750,6203.0000,29.1341,20
2026-08-18 16:37:50,AMLX,29.1800,29.3000,29.1750,29.3000,1023.0000,29.2361,5
2026-08-18 16:37:55,AMLX,29.2600,29.3500,29.2105,29.2500,7513.0000,29.2773,23
2026-08-18 16:38:00,AMLX,29.3500,29.4000,29.0700,29.1700,47717.0000,29.2086,245
2026-08-18 16:38:05,AMLX,29.2101,29.3000,29.1700,29.2500,17172.0000,29.2026,79
2026-08-18 16:38:10,AMLX,29.3000,29.4119,29.2500,29.3000,2157.0000,29.3088,13
2026-08-18 16:38:15,AMLX,29.3200,29.3600,29.3200,29.3600,1300.0000,29.3508,2
2026-08-18 16:38:20,AMLX,29.2718,29.5000,29.2718,29.3000,17390.0000,29.3178,82
2026-08-18 16:38:25,AMLX,29.4100,29.4550,29.4100,29.4550,500.0000,29.4280,3
2026-08-18 16:38:30,AMLX,29.4550,29.4550,29.3000,29.4300,20722.0000,29.3454,108
2026-08-18 16:38:35,AMLX,29.3950,29.3950,29.3400,29.3500,1400.0000,29.3825,12
2026-08-18 16:38:40,AMLX,29.3500,29.3900,29.3500,29.3500,1600.0000,29.3617,8
2026-08-18 16:38:45,AMLX,29.3500,29.3500,29.3500,29.3500,400.0000,29.3500,2
2026-08-18 16:38:50,AMLX,29.3500,29.3500,29.2500,29.3011,20808.0000,29.2936,154
2026-08-18 16:38:55,AMLX,29.3132,29.3843,29.3132,29.3500,798.0000,29.3557,3
2026-08-18 16:39:00,AMLX,29.4000,29.4000,29.3500,29.3500,426.0000,29.3765,3
2026-08-18 16:39:05,AMLX,29.3100,29.3100,29.0800,29.1370,10989.0000,29.1829,25
2026-08-18 16:39:10,AMLX,29.0700,29.1200,28.8800,29.0000,36948.0000,28.9739,191
2026-08-18 16:39:15,AMLX,28.9920,29.0000,28.9200,28.9457,65573.0000,28.9883,134
2026-08-18 16:39:20,AMLX,29.0150,29.0900,28.9300,28.9523,4537.0000,29.0447,6
2026-08-18 16:39:25,AMLX,29.0500,29.0900,29.0000,29.0100,3962.0000,29.0625,11
2026-08-18 16:39:30,AMLX,29.0400,29.0400,29.0100,29.0200,3800.0000,29.0293,6
2026-08-18 16:39:35,AMLX,29.0158,29.1800,29.0119,29.1700,8913.0000,29.0847,39
2026-08-18 16:39:40,AMLX,29.1000,29.2400,29.1000,29.1600,3245.0000,29.1333,11
2026-08-18 16:39:45,AMLX,29.1300,29.1300,29.0000,29.0900,16079.0000,29.0467,95
2026-08-18 16:39:50,AMLX,29.0800,29.0800,29.0800,29.0800,1426.0000,29.0800,6
2026-08-18 16:39:55,AMLX,29.0800,29.1300,28.8500,28.8500,6450.0000,28.9969,37
2026-08-18 16:40:00,AMLX,28.8401,28.9000,28.6700,28.6700,25040.0000,28.7448,114
2026-08-18 16:40:05,AMLX,28.6700,28.7200,28.4400,28.4517,31216.0000,28.5712,128
2026-08-18 16:40:10,AMLX,28.4600,28.6100,28.4600,28.5350,10169.0000,28.5293,35
2026-08-18 16:40:15,AMLX,28.5900,28.6300,28.5300,28.5511,15866.0000,28.5898,53
2026-08-18 16:40:20,AMLX,28.5800,28.5800,28.4400,28.4400,11182.0000,28.4918,35
2026-08-18 16:40:25,AMLX,28.4700,28.5000,28.4276,28.4500,2778.0000,28.4615,14
2026-08-18 16:40:30,AMLX,28.4850,28.5600,28.4400,28.5050,70860.0000,28.5027,274
2026-08-18 16:40:35,AMLX,28.5050,28.6300,28.4600,28.6300,16100.0000,28.5166,62
2026-08-18 16:40:40,AMLX,28.6300,28.6300,28.5950,28.6215,700.0000,28.6189,3
2026-08-18 16:40:45,AMLX,28.6201,28.6300,28.5100,28.5100,10861.0000,28.5757,39
2026-08-18 16:40:50,AMLX,28.4938,28.5400,28.4938,28.5400,600.0000,28.5015,2
2026-08-18 16:40:55,AMLX,28.5300,28.5500,28.5237,28.5500,700.0000,28.5311,5
2026-08-18 16:41:00,AMLX,28.5200,28.7300,28.4900,28.6150,44883.0000,28.5833,135
2026-08-18 16:41:05,AMLX,28.7300,28.9099,28.7300,28.8400,4079.0000,28.8188,18
2026-08-18 16:41:10,AMLX,28.8800,28.9500,28.8800,28.8850,2885.0000,28.9111,17
2026-08-18 16:41:15,AMLX,28.8201,28.9500,28.8201,28.9500,1623.0000,28.8884,8
2026-08-18 16:41:20,AMLX,28.9400,29.0000,28.9150,28.9500,30674.0000,28.9730,17
2026-08-18 16:41:25,AMLX,28.9100,28.9691,28.8500,28.8900,9326.0000,28.8863,8
2026-08-18 16:41:30,AMLX,28.8850,28.9326,28.8850,28.9326,400.0000,28.8969,2
2026-08-18 16:41:35,AMLX,28.8850,28.8850,28.8500,28.8500,410.0000,28.8666,4
2026-08-18 16:41:40,AMLX,28.8750,28.9500,28.8750,28.9400,1522.0000,28.9371,5
2026-08-18 16:41:45,AMLX,28.9400,29.0700,28.8700,29.0000,2340.0000,28.9847,12
2026-08-18 16:41:50,AMLX,29.0700,29.2100,29.0000,29.2100,5464.0000,29.0487,12
2026-08-18 16:41:55,AMLX,29.2300,29.3000,29.1400,29.3000,26686.0000,29.1613,47
2026-08-18 16:42:00,AMLX,29.2100,29.3400,29.0900,29.2200,12286.0000,29.2312,21
2026-08-18 16:42:05,AMLX,29.1700,29.1850,29.1373,29.1850,1500.0000,29.1772,6
2026-08-18 16:42:10,AMLX,29.1722,29.1723,29.0000,29.0250,6634.0000,29.1199,27
2026-08-18 16:42:15,AMLX,28.9800,29.0350,28.9400,28.9400,1982.0000,28.9652,8
2026-08-18 16:42:20,AMLX,28.9400,28.9400,28.8009,28.9171,1102.0000,28.8710,7
2026-08-18 16:42:25,AMLX,28.8100,28.8820,28.7600,28.8820,1196.0000,28.8084,9
2026-08-18 16:42:30,AMLX,28.8100,28.8100,28.5500,28.6300,21279.0000,28.7071,75
2026-08-18 16:42:35,AMLX,28.6350,28.7200,28.5600,28.5700,28026.0000,28.6208,91
2026-08-18 16:42:40,AMLX,28.6400,28.6400,28.5100,28.5401,8683.0000,28.5754,22
2026-08-18 16:42:45,AMLX,28.5400,28.6300,28.4900,28.5800,16610.0000,28.5230,114
2026-08-18 16:42:50,AMLX,28.6100,28.6500,28.2500,28.3300,29785.0000,28.3539,96
2026-08-18 16:42:55,AMLX,28.2950,28.4281,28.2600,28.3753,13362.0000,28.3151,103
2026-08-18 16:43:00,AMLX,28.3850,28.4100,28.3150,28.3150,375.0000,28.3730,3
2026-08-18 16:43:05,AMLX,28.3750,28.3900,28.2600,28.3485,5626.0000,28.3110,24
2026-08-18 16:43:10,AMLX,28.2600,28.3711,28.0000,28.1801,41593.0000,28.1866,218
2026-08-18 16:43:15,AMLX,28.2150,28.3900,28.1000,28.1850,47502.0000,28.2636,271
2026-08-18 16:43:20,AMLX,28.1683,28.2250,28.1654,28.1713,6637.0000,28.1913,15
2026-08-18 16:43:25,AMLX,28.2100,28.2100,28.1567,28.1591,9762.0000,28.1761,32
2026-08-18 16:43:30,AMLX,28.1800,28.1900,28.0500,28.1400,11266.0000,28.1361,32
2026-08-18 16:43:35,AMLX,28.1050,28.2500,28.1050,28.2300,4134.0000,28.2039,25
2026-08-18 16:43:40,AMLX,28.1900,28.2399,28.1900,28.1950,2731.0000,28.2024,8
2026-08-18 16:43:45,AMLX,28.1500,28.2600,28.1450,28.1800,4961.0000,28.1808,28
2026-08-18 16:43:50,AMLX,28.2600,28.3900,28.2100,28.3670,10450.0000,28.3155,51
2026-08-18 16:43:55,AMLX,28.4800,28.5400,28.3580,28.3580,10707.0000,28.4880,19
2026-08-18 16:44:00,AMLX,28.3920,28.3950,28.3500,28.3500,3094.0000,28.3822,12
2026-08-18 16:44:05,AMLX,28.3100,28.4100,28.3100,28.3520,11525.0000,28.3443,11
2026-08-18 16:44:10,AMLX,28.3650,28.3650,28.3000,28.3500,3200.0000,28.3309,9
2026-08-18 16:44:15,AMLX,28.3200,28.3300,28.1000,28.1500,42418.0000,28.2408,184
2026-08-18 16:44:20,AMLX,28.1200,28.3250,28.1200,28.3250,12537.0000,28.2278,68
2026-08-18 16:44:25,AMLX,28.3100,28.3100,28.1101,28.1750,7673.0000,28.2299,26
2026-08-18 16:44:30,AMLX,28.1800,28.2600,28.0000,28.2050,24633.0000,28.0541,110
2026-08-18 16:44:35,AMLX,28.1810,28.3300,28.1810,28.3200,13850.0000,28.2415,61
2026-08-18 16:44:40,AMLX,28.2700,28.6200,28.2216,28.4950,28565.0000,28.4103,93
2026-08-18 16:44:45,AMLX,28.5200,28.7749,28.4950,28.6950,3613.0000,28.6008,25
2026-08-18 16:44:50,AMLX,28.6101,28.8800,28.6101,28.8100,5001.0000,28.7863,32
2026-08-18 16:44:55,AMLX,28.8066,28.9300,28.7521,28.8200,6703.0000,28.8723,23
2026-08-18 16:45:00,AMLX,28.8200,28.9400,28.7300,28.8526,6394.0000,28.8439,38
2026-08-18 16:45:05,AMLX,28.8950,28.9500,28.8950,28.9400,2787.0000,28.9286,21
2026-08-18 16:45:10,AMLX,28.8620,28.9300,28.7300,28.7982,2450.0000,28.8436,20
2026-08-18 16:45:15,AMLX,28.7900,28.7900,28.7401,28.7401,500.0000,28.7710,5
2026-08-18 16:45:20,AMLX,28.7800,28.7800,28.5200,28.6600,6108.0000,28.6559,44
2026-08-18 16:45:25,AMLX,28.7500,28.7500,28.6250,28.6800,21210.0000,28.7343,65
2026-08-18 16:45:30,AMLX,28.5900,28.7000,28.5300,28.6200,5111.0000,28.6210,31
2026-08-18 16:45:35,AMLX,28.6200,28.6350,28.6200,28.6300,400.0000,28.6288,4
2026-08-18 16:45:40,AMLX,28.6350,28.7100,28.6050,28.6350,13341.0000,28.6427,76
2026-08-18 16:45:45,AMLX,28.6900,28.7000,28.6100,28.6500,4392.0000,28.6544,19
2026-08-18 16:45:50,AMLX,28.6600,28.7100,28.6600,28.6700,2315.0000,28.6861,12
2026-08-18 16:45:55,AMLX,28.6700,28.6700,28.6000,28.6000,3944.0000,28.6221,16
2026-08-18 16:46:00,AMLX,28.5800,28.6199,28.5000,28.6199,2317.0000,28.5807,12
2026-08-18 16:46:05,AMLX,28.5700,28.6100,28.5200,28.5650,4811.0000,28.5547,20
2026-08-18 16:46:10,AMLX,28.6200,28.7500,28.5800,28.6850,18157.0000,28.6662,110
2026-08-18 16:46:15,AMLX,28.6500,28.6800,28.5300,28.6400,6025.0000,28.6134,28
2026-08-18 16:46:20,AMLX,28.6500,28.7000,28.6000,28.7000,3100.0000,28.6240,11
2026-08-18 16:46:25,AMLX,28.6850,28.7399,28.6850,28.6850,2150.0000,28.6876,5
2026-08-18 16:46:30,AMLX,28.6700,28.6700,28.6700,28.6700,200.0000,28.6700,1
2026-08-18 16:46:35,AMLX,28.6050,28.6199,28.5400,28.5750,4738.0000,28.5844,17
2026-08-18 16:46:40,AMLX,28.5518,28.5650,28.5000,28.5650,7477.0000,28.5186,55
2026-08-18 16:46:45,AMLX,28.5400,28.5600,28.4901,28.5500,2453.0000,28.5213,9
2026-08-18 16:46:50,AMLX,28.5350,28.5350,28.4300,28.4500,4109.0000,28.4869,19
2026-08-18 16:46:55,AMLX,28.4300,28.4300,28.3001,28.3099,4517.0000,28.3617,25
2026-08-18 16:47:00,AMLX,28.3850,28.3900,28.3630,28.3722,5450.0000,28.3835,14
2026-08-18 16:47:05,AMLX,28.3850,28.3950,28.3401,28.3950,3132.0000,28.3812,8
2026-08-18 16:47:10,AMLX,28.3950,28.4200,28.2300,28.3000,8685.0000,28.3467,53
2026-08-18 16:47:15,AMLX,28.3020,28.3300,28.2600,28.3000,3672.0000,28.2978,11
2026-08-18 16:47:20,AMLX,28.3094,28.3094,28.2500,28.2850,2800.0000,28.2821,6
2026-08-18 16:47:25,AMLX,28.2563,28.3102,28.2563,28.3102,3753.0000,28.2767,3
2026-08-18 16:47:30,AMLX,28.3100,28.4300,28.2500,28.3500,16943.0000,28.3267,70
2026-08-18 16:47:35,AMLX,28.3000,28.5400,28.3000,28.4800,21659.0000,28.4032,91
2026-08-18 16:47:40,AMLX,28.4250,28.4400,28.2801,28.2801,3172.0000,28.4030,22
2026-08-18 16:47:45,AMLX,28.4450,28.5800,28.4450,28.5000,50479.0000,28.4705,92
2026-08-18 16:47:50,AMLX,28.5600,28.5600,28.4800,28.4800,1525.0000,28.4853,3
2026-08-18 16:47:55,AMLX,28.5200,28.5200,28.4050,28.4350,8073.0000,28.4573,35
2026-08-18 16:48:00,AMLX,28.4350,28.4350,28.4350,28.4350,0.0000,28.4350,0
2026-08-18 16:48:05,AMLX,28.4700,28.4700,28.4350,28.4350,2700.0000,28.4415,4
2026-08-18 16:48:10,AMLX,28.4171,28.4600,28.3800,28.4400,3451.0000,28.4167,16
2026-08-18 16:48:15,AMLX,28.4400,28.5000,28.3800,28.4700,2802.0000,28.4310,22
2026-08-18 16:48:20,AMLX,28.4020,28.4200,28.4020,28.4200,674.0000,28.4173,5
2026-08-18 16:48:25,AMLX,28.4062,28.5500,28.4062,28.4800,6023.0000,28.4629,33
2026-08-18 16:48:30,AMLX,28.5250,28.5450,28.4600,28.4600,4113.0000,28.4955,15
2026-08-18 16:48:35,AMLX,28.5100,28.5100,28.5100,28.5100,1300.0000,28.5100,6
2026-08-18 16:48:40,AMLX,28.5100,28.5150,28.4700,28.4700,335.0000,28.4966,3
2026-08-18 16:48:45,AMLX,28.5150,28.6300,28.5150,28.6200,15636.0000,28.5751,96
2026-08-18 16:48:50,AMLX,28.6300,28.6300,28.5950,28.5950,1700.0000,28.6012,6
2026-08-18 16:48:55,AMLX,28.6300,28.6700,28.5950,28.6500,4453.0000,28.6242,38
2026-08-18 16:49:00,AMLX,28.6850,28.7097,28.6450,28.6922,1170.0000,28.6715,5
2026-08-18 16:49:05,AMLX,28.6887,28.7400,28.6250,28.6250,2389.0000,28.7158,20
2026-08-18 16:49:10,AMLX,28.7200,28.7300,28.7050,28.7150,1495.0000,28.7169,8
2026-08-18 16:49:15,AMLX,28.7250,28.8300,28.7157,28.7576,14577.0000,28.7510,127
2026-08-18 16:49:20,AMLX,28.7900,28.8400,28.7900,28.8100,3834.0000,28.8247,21
2026-08-18 16:49:25,AMLX,28.8050,28.8300,28.7400,28.8115,10080.0000,28.7921,19
2026-08-18 16:49:30,AMLX,28.7624,28.7624,28.7200,28.7200,2457.0000,28.7391,11
2026-08-18 16:49:35,AMLX,28.7500,28.7500,28.7200,28.7400,985.0000,28.7307,5
2026-08-18 16:49:40,AMLX,28.7174,28.7400,28.6850,28.7100,3870.0000,28.7139,20
2026-08-18 16:49:45,AMLX,28.7150,28.7400,28.7150,28.7400,3030.0000,28.7357,10
2026-08-18 16:49:50,AMLX,28.6700,28.6801,28.6700,28.6801,350.0000,28.6729,3
2026-08-18 16:49:55,AMLX,28.7350,28.7350,28.6500,28.6500,2605.0000,28.6985,11
2026-08-18 16:50:00,AMLX,28.6200,28.6818,28.6200,28.6200,1450.0000,28.6307,4
2026-08-18 16:50:05,AMLX,28.6200,28.6200,28.6200,28.6200,0.0000,28.6200,0
2026-08-18 16:50:10,AMLX,28.5597,28.6900,28.5597,28.6750,4714.0000,28.6157,24
2026-08-18 16:50:15,AMLX,28.6201,28.9500,28.6201,28.8900,75089.0000,28.8437,376
2026-08-18 16:50:20,AMLX,28.8900,28.9700,28.8533,28.9000,16713.0000,28.9399,94
2026-08-18 16:50:25,AMLX,28.8700,28.9100,28.8500,28.9000,6424.0000,28.8708,24
2026-08-18 16:50:30,AMLX,28.9000,28.9000,28.8500,28.8500,627.0000,28.8588,5
2026-08-18 16:50:35,AMLX,28.9400,28.9700,28.9150,28.9300,13684.0000,28.9613,114
2026-08-18 16:50:40,AMLX,28.9050,28.9629,28.9050,28.9450,1186.0000,28.9311,9
2026-08-18 16:50:45,AMLX,28.9200,28.9500,28.8800,28.8800,2012.0000,28.9177,14
2026-08-18 16:50:50,AMLX,28.8999,28.8999,28.8600,28.8800,1497.0000,28.8906,4
2026-08-18 16:50:55,AMLX,28.9000,28.9500,28.8800,28.9500,1645.0000,28.9055,10
2026-08-18 16:51:00,AMLX,28.9484,29.1000,28.9332,29.0500,20571.0000,28.9808,115
2026-08-18 16:51:05,AMLX,29.1100,29.1100,28.9000,28.9476,17010.0000,29.0444,24
2026-08-18 16:51:10,AMLX,28.9950,28.9950,28.9100,28.9100,3350.0000,28.9184,7
2026-08-18 16:51:15,AMLX,28.9699,28.9699,28.9699,28.9699,100.0000,28.9699,1
2026-08-18 16:51:20,AMLX,28.9450,28.9450,28.8919,28.8919,848.0000,28.9235,2
2026-08-18 16:51:25,AMLX,28.9450,28.9952,28.9000,28.9450,1249.0000,28.9554,5
2026-08-18 16:51:30,AMLX,28.9450,29.1400,28.9450,29.0900,5995.0000,29.0264,51
2026-08-18 16:51:35,AMLX,29.1300,29.1400,29.0400,29.1000,3934.0000,29.1085,27
2026-08-18 16:51:40,AMLX,29.1000,29.1399,29.0062,29.1399,6592.0000,29.0752,17
2026-08-18 16:51:45,AMLX,29.1400,29.1400,29.0179,29.0179,586.0000,29.0796,4
2026-08-18 16:51:50,AMLX,29.0100,29.0199,28.9850,29.0199,2550.0000,28.9981,13
2026-08-18 16:51:55,AMLX,28.9843,29.1100,28.9658,29.1100,6907.0000,29.0105,41
2026-08-18 16:52:00,AMLX,29.1000,29.1000,29.0700,29.0700,1093.0000,29.0973,3
2026-08-18 16:52:05,AMLX,29.0417,29.1000,29.0417,29.1000,600.0000,29.0806,2
2026-08-18 16:52:10,AMLX,29.0500,29.1400,28.9601,29.0354,2026.0000,29.0227,6
2026-08-18 16:52:15,AMLX,29.0500,29.1100,29.0500,29.1100,800.0000,29.0650,2
2026-08-18 16:52:20,AMLX,29.1081,29.1200,29.0250,29.0700,2127.0000,29.0852,12
2026-08-18 16:52:25,AMLX,29.0800,29.1400,29.0766,29.0766,2176.0000,29.1026,14
2026-08-18 16:52:30,AMLX,29.1260,29.1400,29.0100,29.0550,7467.0000,29.0591,41
2026-08-18 16:52:35,AMLX,29.0550,29.0550,29.0550,29.0550,0.0000,29.0550,0
2026-08-18 16:52:40,AMLX,29.0500,29.0500,29.0500,29.0500,300.0000,29.0500,1
2026-08-18 16:52:45,AMLX,29.0999,29.0999,29.0500,29.0500,617.0000,29.0918,2
2026-08-18 16:52:50,AMLX,29.0500,29.0500,29.0500,29.0500,0.0000,29.0500,0
2026-08-18 16:52:55,AMLX,29.0500,29.0500,29.0500,29.0500,0.0000,29.0500,0
2026-08-18 16:53:00,AMLX,29.0700,29.0700,29.0500,29.0500,375.0000,29.0593,3
2026-08-18 16:53:05,AMLX,29.0536,29.2400,29.0400,29.1550,14958.0000,29.1102,100
2026-08-18 16:53:10,AMLX,29.1600,29.1600,29.1600,29.1600,295.0000,29.1600,1
2026-08-18 16:53:15,AMLX,29.1750,29.2500,29.1750,29.2100,1691.0000,29.2177,14
2026-08-18 16:53:20,AMLX,29.2600,29.3600,29.2600,29.3200,8248.0000,29.3074,35
2026-08-18 16:53:25,AMLX,29.3200,29.4300,29.3200,29.3800,3806.0000,29.3940,26
2026-08-18 16:53:30,AMLX,29.4099,29.4100,29.3801,29.3900,3900.0000,29.4018,5
2026-08-18 16:53:35,AMLX,29.4180,29.4200,29.3870,29.4012,2619.0000,29.4115,10
2026-08-18 16:53:40,AMLX,29.4196,29.4196,29.3201,29.3201,9744.0000,29.3566,19
2026-08-18 16:53:45,AMLX,29.3550,29.4200,29.3550,29.4200,3608.0000,29.3652,16
2026-08-18 16:53:50,AMLX,29.4300,29.4500,29.4250,29.4250,4318.0000,29.4377,22
2026-08-18 16:53:55,AMLX,29.4500,29.7100,29.4500,29.7000,31453.0000,29.6303,160
2026-08-18 16:54:00,AMLX,29.7100,29.8000,29.6601,29.8000,52324.0000,29.7157,50
2026-08-18 16:54:05,AMLX,29.7800,29.8500,29.7800,29.8388,1962.0000,29.8254,7
2026-08-18 16:54:10,AMLX,29.8300,29.8500,29.5000,29.5950,21228.0000,29.6982,108
2026-08-18 16:54:15,AMLX,29.6756,29.9600,29.5950,29.9100,10318.0000,29.7951,61
2026-08-18 16:54:20,AMLX,29.8950,29.9100,29.8300,29.8800,2450.0000,29.8791,8
2026-08-18 16:54:25,AMLX,29.8200,29.9100,29.8074,29.8074,9692.0000,29.8650,23
2026-08-18 16:54:30,AMLX,29.8300,29.9200,29.8300,29.8500,3025.0000,29.8605,18
2026-08-18 16:54:35,AMLX,29.8500,29.8500,29.7800,29.8100,8200.0000,29.8142,18
2026-08-18 16:54:40,AMLX,29.7601,29.8091,29.7201,29.7550,3250.0000,29.7713,17
2026-08-18 16:54:45,AMLX,29.7650,29.8800,29.7401,29.8800,4541.0000,29.7766,17
2026-08-18 16:54:50,AMLX,29.8300,30.1300,29.8000,29.9750,24854.0000,29.9716,104
2026-08-18 16:54:55,AMLX,30.0150,30.2800,30.0150,30.1500,22848.0000,30.1779,46
2026-08-18 16:55:00,AMLX,30.1750,30.3000,30.1600,30.2900,13859.0000,30.2365,36
2026-08-18 16:55:05,AMLX,30.2450,30.3200,30.1601,30.2700,2488.0000,30.2484,12
2026-08-18 16:55:10,AMLX,30.2700,30.2700,30.1300,30.1950,19963.0000,30.1607,50
2026-08-18 16:55:15,AMLX,30.2270,30.3800,30.1500,30.3450,10350.0000,30.2761,38
2026-08-18 16:55:20,AMLX,30.3101,30.3450,30.1901,30.1901,4918.0000,30.2764,18
2026-08-18 16:55:25,AMLX,30.2500,30.2989,30.2450,30.2989,1107.0000,30.2748,6
2026-08-18 16:55:30,AMLX,30.2450,30.3100,30.1803,30.2400,7252.0000,30.2288,30
2026-08-18 16:55:35,AMLX,30.2411,30.3799,30.2411,30.3200,2102.0000,30.3255,9
2026-08-18 16:55:40,AMLX,30.3200,30.3600,30.2225,30.2225,1514.0000,30.3138,11
2026-08-18 16:55:45,AMLX,30.3000,30.3250,30.1700,30.2250,4921.0000,30.2525,24
2026-08-18 16:55:50,AMLX,30.2025,30.2250,30.0523,30.1450,3796.0000,30.1543,10
2026-08-18 16:55:55,AMLX,30.1450,30.2100,30.1100,30.1800,995.0000,30.1513,8
2026-08-18 16:56:00,AMLX,30.1800,30.1800,30.1500,30.1800,2129.0000,30.1700,5
2026-08-18 16:56:05,AMLX,30.1700,30.1750,30.1485,30.1485,1970.0000,30.1688,5
2026-08-18 16:56:10,AMLX,30.1495,30.1600,30.1400,30.1600,300.0000,30.1498,3
2026-08-18 16:56:15,AMLX,30.1500,30.2700,30.1400,30.1950,19102.0000,30.1947,51
2026-08-18 16:56:20,AMLX,30.1900,30.3700,30.1800,30.3150,24037.0000,30.2762,54
2026-08-18 16:56:25,AMLX,30.3250,30.3300,30.1912,30.2500,4257.0000,30.2835,20
2026-08-18 16:56:30,AMLX,30.2155,30.3100,30.2155,30.2650,6927.0000,30.2794,17
2026-08-18 16:56:35,AMLX,30.3000,30.3500,30.2525,30.2525,1518.0000,30.2917,13
2026-08-18 16:56:40,AMLX,30.3000,30.3383,30.3000,30.3000,5572.0000,30.3014,4
2026-08-18 16:56:45,AMLX,30.3000,30.3910,30.3000,30.3400,9126.0000,30.3629,37
2026-08-18 16:56:50,AMLX,30.3401,30.4300,30.3200,30.3200,7323.0000,30.3911,35
2026-08-18 16:56:55,AMLX,30.3900,30.4150,30.3900,30.4150,2740.0000,30.3940,13
2026-08-18 16:57:00,AMLX,30.4800,30.5800,30.4400,30.5700,26809.0000,30.5009,86
2026-08-18 16:57:05,AMLX,30.5400,30.6500,30.5000,30.5750,21569.0000,30.5324,54
2026-08-18 16:57:10,AMLX,30.5500,30.5800,30.5100,30.5800,1693.0000,30.5636,12
2026-08-18 16:57:15,AMLX,30.5800,30.6499,30.5800,30.5900,5379.0000,30.5833,10
2026-08-18 16:57:20,AMLX,30.6200,30.8100,30.5101,30.7480,20698.0000,30.7434,94
2026-08-18 16:57:25,AMLX,30.8399,30.8799,30.7807,30.8674,4520.0000,30.8343,10
2026-08-18 16:57:30,AMLX,30.7749,30.8636,30.7300,30.7300,6484.0000,30.7763,13
2026-08-18 16:57:35,AMLX,30.8799,31.0000,30.7000,30.7003,23724.0000,30.8258,118
2026-08-18 16:57:40,AMLX,30.7500,30.7500,30.6030,30.6030,4814.0000,30.6957,20
2026-08-18 16:57:45,AMLX,30.6399,30.6700,30.5600,30.5600,5000.0000,30.6309,16
2026-08-18 16:57:50,AMLX,30.5450,30.5872,30.2800,30.3700,14619.0000,30.4239,46
2026-08-18 16:57:55,AMLX,30.3018,30.3401,30.3018,30.3400,4475.0000,30.3357,5
2026-08-18 16:58:00,AMLX,30.3775,30.3783,30.1844,30.2900,17466.0000,30.2897,49
2026-08-18 16:58:05,AMLX,30.2900,30.3000,30.1970,30.2500,3868.0000,30.2572,22
2026-08-18 16:58:10,AMLX,30.2500,30.4890,30.2500,30.4190,4346.0000,30.3509,22
2026-08-18 16:58:15,AMLX,30.3600,30.4100,30.3600,30.3800,5939.0000,30.3710,20
2026-08-18 16:58:20,AMLX,30.3363,30.3700,30.3000,30.3000,3019.0000,30.3493,10
2026-08-18 16:58:25,AMLX,30.3500,30.4300,30.3100,30.4100,6347.0000,30.3854,35
2026-08-18 16:58:30,AMLX,30.3575,30.4000,30.3138,30.3800,3715.0000,30.3441,16
2026-08-18 16:58:35,AMLX,30.3800,30.4400,30.3800,30.4400,3527.0000,30.4160,10
2026-08-18 16:58:40,AMLX,30.3900,30.4881,30.3900,30.4150,7257.0000,30.4284,17
2026-08-18 16:58:45,AMLX,30.4150,30.4798,30.4150,30.4400,4538.0000,30.4508,13
2026-08-18 16:58:50,AMLX,30.4799,30.4800,30.3950,30.4500,7839.0000,30.4553,27
2026-08-18 16:58:55,AMLX,30.4450,30.4799,30.4110,30.4799,5099.0000,30.4551,8
2026-08-18 16:59:00,AMLX,30.4350,30.5490,30.4350,30.5100,17973.0000,30.4981,49
2026-08-18 16:59:05,AMLX,30.5023,30.5250,30.4300,30.4900,6238.0000,30.4811,21
2026-08-18 16:59:10,AMLX,30.5150,30.8800,30.4700,30.8385,69158.0000,30.5602,99
2026-08-18 16:59:15,AMLX,30.8650,30.9550,30.8600,30.8600,4467.0000,30.8954,30
2026-08-18 16:59:20,AMLX,30.8920,31.0000,30.8700,30.9050,27364.0000,30.9670,75
2026-08-18 16:59:25,AMLX,31.0000,31.0200,30.9450,31.0100,7458.0000,30.9843,25
2026-08-18 16:59:30,AMLX,31.0000,31.0758,30.9214,31.0010,10206.0000,31.0104,33
2026-08-18 16:59:35,AMLX,31.0000,31.1400,30.9500,31.0759,15808.0000,31.0248,66
2026-08-18 16:59:40,AMLX,31.1021,31.1999,31.0500,31.0500,5699.0000,31.0962,33
2026-08-18 16:59:45,AMLX,31.0700,31.1399,31.0200,31.0899,9115.0000,31.0666,37
2026-08-18 16:59:50,AMLX,31.0699,31.1200,31.0200,31.1200,4749.0000,31.0841,30
2026-08-18 16:59:55,AMLX,31.0549,31.1300,31.0549,31.1000,6914.0000,31.0926,16
2026-08-18 17:00:00,AMLX,31.1061,31.2100,31.0847,31.1700,17195.0000,31.1681,74
2026-08-18 17:00:05,AMLX,31.1700,31.2546,31.1100,31.2300,5248.0000,31.2315,26
2026-08-18 17:00:10,AMLX,31.2500,31.2500,31.1201,31.1201,9839.0000,31.2031,40
2026-08-18 17:00:15,AMLX,31.1900,31.2363,31.0500,31.1663,15690.0000,31.1141,73
2026-08-18 17:00:20,AMLX,31.1800,31.3699,31.1050,31.1500,25826.0000,31.2318,88
2026-08-18 17:00:25,AMLX,31.1050,31.2999,31.0601,31.2129,11933.0000,31.1650,28
2026-08-18 17:00:30,AMLX,31.2001,31.2935,31.1600,31.2300,6805.0000,31.2356,27
2026-08-18 17:00:35,AMLX,31.2600,31.3400,31.2350,31.3050,10411.0000,31.2841,45
2026-08-18 17:00:40,AMLX,31.3050,31.3050,31.2403,31.2573,1800.0000,31.2840,16
2026-08-18 17:00:45,AMLX,31.3000,31.3050,31.1801,31.2550,6582.0000,31.2768,14
2026-08-18 17:00:50,AMLX,31.3299,31.3299,31.2500,31.2612,2280.0000,31.2941,6
2026-08-18 17:00:55,AMLX,31.3000,31.3299,31.2600,31.3299,14867.0000,31.3014,35
2026-08-18 17:01:00,AMLX,31.2600,31.3200,31.1600,31.2100,31144.0000,31.2297,57
2026-08-18 17:01:05,AMLX,31.1800,31.2200,31.0001,31.0450,41849.0000,31.1554,148
2026-08-18 17:01:10,AMLX,31.0450,31.0500,30.9399,30.9700,16664.0000,30.9881,56
2026-08-18 17:01:15,AMLX,30.9700,31.1100,30.9350,31.1100,10296.0000,30.9976,72
2026-08-18 17:01:20,AMLX,31.1100,31.1550,31.0601,31.0950,3063.0000,31.1174,11
2026-08-18 17:01:25,AMLX,31.0950,31.1000,31.0600,31.0800,4141.0000,31.0859,8
2026-08-18 17:01:30,AMLX,31.0600,31.0600,31.0400,31.0588,5144.0000,31.0507,5
2026-08-18 17:01:35,AMLX,31.0600,31.0850,31.0500,31.0850,3150.0000,31.0593,10
2026-08-18 17:01:40,AMLX,31.0850,31.1650,31.0600,31.1650,7683.0000,31.1161,33
2026-08-18 17:01:45,AMLX,31.1550,31.2000,31.0650,31.0650,4413.0000,31.1368,30
2026-08-18 17:01:50,AMLX,31.0650,31.1300,31.0610,31.1054,12475.0000,31.0980,30
2026-08-18 17:01:55,AMLX,31.1200,31.2099,31.1200,31.1700,6310.0000,31.1534,22
2026-08-18 17:02:00,AMLX,31.1450,31.1550,31.1202,31.1500,7942.0000,31.1379,22
2026-08-18 17:02:05,AMLX,31.1450,31.2728,31.1100,31.2728,27187.0000,31.2057,131
2026-08-18 17:02:10,AMLX,31.2200,31.2799,31.1600,31.2200,6325.0000,31.2257,29
2026-08-18 17:02:15,AMLX,31.2700,31.3600,31.2301,31.3300,9167.0000,31.3014,63
2026-08-18 17:02:20,AMLX,31.3699,31.4599,31.3115,31.3233,21100.0000,31.3612,50
2026-08-18 17:02:25,AMLX,31.3500,31.3614,31.2800,31.2800,11658.0000,31.3032,48
2026-08-18 17:02:30,AMLX,31.3100,31.4099,31.3050,31.3900,3444.0000,31.3626,16
2026-08-18 17:02:35,AMLX,31.3550,31.3900,31.2301,31.2301,4822.0000,31.3032,19
2026-08-18 17:02:40,AMLX,31.3000,31.3500,31.1673,31.2199,13264.0000,31.2749,57
2026-08-18 17:02:45,AMLX,31.1601,31.4099,31.1601,31.3050,11795.0000,31.2513,80
2026-08-18 17:02:50,AMLX,31.3050,31.3899,31.2300,31.2300,1706.0000,31.2905,9
2026-08-18 17:02:55,AMLX,31.2962,31.3330,31.2400,31.2600,2037.0000,31.2624,7
2026-08-18 17:03:00,AMLX,31.2300,31.3200,31.2300,31.3200,2855.0000,31.2958,20
2026-08-18 17:03:05,AMLX,31.3050,31.3258,31.2400,31.3100,1600.0000,31.3022,8
2026-08-18 17:03:10,AMLX,31.3100,31.4099,31.2900,31.4099,6212.0000,31.3317,26
2026-08-18 17:03:15,AMLX,31.3500,31.4100,31.3500,31.3915,1671.0000,31.3812,11
2026-08-18 17:03:20,AMLX,31.3600,31.6253,31.3226,31.4350,40198.0000,31.4825,121
2026-08-18 17:03:25,AMLX,31.4786,31.6600,31.4100,31.5100,3300.0000,31.4806,13
2026-08-18 17:03:30,AMLX,31.4800,31.5850,31.4700,31.5150,2521.0000,31.5016,12
2026-08-18 17:03:35,AMLX,31.5600,31.5600,31.4400,31.4800,4879.0000,31.4690,15
2026-08-18 17:03:40,AMLX,31.4700,31.5600,31.4400,31.5000,6773.0000,31.4812,41
2026-08-18 17:03:45,AMLX,31.4700,31.4900,31.4400,31.4400,1376.0000,31.4749,5
2026-08-18 17:03:50,AMLX,31.4000,31.5000,31.3900,31.4500,21751.0000,31.4091,99
2026-08-18 17:03:55,AMLX,31.4000,31.4392,31.3700,31.4392,2111.0000,31.3888,18
2026-08-18 17:04:00,AMLX,31.4300,31.4800,31.4000,31.4500,747.0000,31.4429,6
2026-08-18 17:04:05,AMLX,31.4600,31.4600,31.3800,31.3800,6379.0000,31.4463,16
2026-08-18 17:04:10,AMLX,31.3800,31.4801,31.3400,31.4801,9989.0000,31.4008,50
2026-08-18 17:04:15,AMLX,31.4999,31.4999,31.4100,31.4100,1200.0000,31.4208,3
2026-08-18 17:04:20,AMLX,31.4300,31.5600,31.4201,31.5200,8307.0000,31.4964,50
2026-08-18 17:04:25,AMLX,31.4800,31.5999,31.4400,31.4400,4568.0000,31.4766,9
2026-08-18 17:04:30,AMLX,31.4400,31.5999,31.3900,31.5999,10485.0000,31.4532,20
2026-08-18 17:04:35,AMLX,31.5000,31.5768,31.4001,31.4900,1471.0000,31.4886,5
2026-08-18 17:04:40,AMLX,31.5799,31.5799,31.4101,31.4101,790.0000,31.5057,4
2026-08-18 17:04:45,AMLX,31.4650,31.5200,31.4650,31.5200,4698.0000,31.4688,12
2026-08-18 17:04:50,AMLX,31.5800,31.6674,31.5400,31.6674,13303.0000,31.5952,33
2026-08-18 17:04:55,AMLX,31.5750,31.5750,31.4601,31.5100,4549.0000,31.5170,14
2026-08-18 17:05:00,AMLX,31.5466,31.5800,31.5100,31.5800,6276.0000,31.5505,23
2026-08-18 17:05:05,AMLX,31.5181,31.5700,31.5181,31.5700,1301.0000,31.5297,4
2026-08-18 17:05:10,AMLX,31.5900,31.7000,31.5800,31.6500,10345.0000,31.6265,68
2026-08-18 17:05:15,AMLX,31.6660,31.6660,31.6300,31.6600,11126.0000,31.6334,31
2026-08-18 17:05:20,AMLX,31.6400,31.8000,31.6300,31.6900,23028.0000,31.7096,107
2026-08-18 17:05:25,AMLX,31.7400,31.7400,31.6800,31.7000,5641.0000,31.6980,15
2026-08-18 17:05:30,AMLX,31.7000,31.7200,31.6600,31.7050,1260.0000,31.6882,7
2026-08-18 17:05:35,AMLX,31.7165,31.7800,31.6900,31.7700,9000.0000,31.7228,21
2026-08-18 17:05:40,AMLX,31.7500,31.7500,31.7100,31.7100,3100.0000,31.7455,8
2026-08-18 17:05:45,AMLX,31.7999,31.7999,31.6800,31.7100,11696.0000,31.7006,43
2026-08-18 17:05:50,AMLX,31.7150,31.7200,31.6700,31.6900,7193.0000,31.6913,39
2026-08-18 17:05:55,AMLX,31.7200,31.7790,31.6800,31.7350,20233.0000,31.7309,70
2026-08-18 17:06:00,AMLX,31.7350,31.7400,31.6800,31.7000,25041.0000,31.6875,72
2026-08-18 17:06:05,AMLX,31.6800,31.7200,31.6600,31.7050,9827.0000,31.6854,37
2026-08-18 17:06:10,AMLX,31.6900,31.7200,31.6000,31.6800,25088.0000,31.6882,95
2026-08-18 17:06:15,AMLX,31.6900,31.7000,31.6301,31.6650,5535.0000,31.6794,18
2026-08-18 17:06:20,AMLX,31.6700,31.7400,31.6300,31.7400,8895.0000,31.6681,46
2026-08-18 17:06:25,AMLX,31.7200,31.7300,31.6900,31.7300,3949.0000,31.7071,14
2026-08-18 17:06:30,AMLX,31.7102,31.7102,31.6866,31.7000,2375.0000,31.6991,4
2026-08-18 17:06:35,AMLX,31.7000,31.7300,31.6900,31.7200,10017.0000,31.7112,45
2026-08-18 17:06:40,AMLX,31.7200,31.7800,31.6500,31.7300,16094.0000,31.7269,67
2026-08-18 17:06:45,AMLX,31.7400,31.7400,31.6300,31.6700,6412.0000,31.6807,22
2026-08-18 17:06:50,AMLX,31.6441,31.6441,31.5700,31.6050,16232.0000,31.6193,81
2026-08-18 17:06:55,AMLX,31.6050,31.6900,31.5900,31.6450,34085.0000,31.6236,89
2026-08-18 17:07:00,AMLX,31.6500,31.6900,31.5800,31.6250,4303.0000,31.6464,15
2026-08-18 17:07:05,AMLX,31.5900,31.6000,31.4500,31.4800,24898.0000,31.5007,74
2026-08-18 17:07:10,AMLX,31.4883,31.4883,31.3601,31.3850,16199.0000,31.4330,46
2026-08-18 17:07:15,AMLX,31.3850,31.3850,31.3001,31.3110,4602.0000,31.3400,16
2026-08-18 17:07:20,AMLX,31.3130,31.4500,31.3000,31.3950,21454.0000,31.3808,84
2026-08-18 17:07:25,AMLX,31.4449,31.4599,31.3500,31.4000,1850.0000,31.4004,10
2026-08-18 17:07:30,AMLX,31.4020,31.4020,31.0800,31.3299,69710.0000,31.2692,315
2026-08-18 17:07:35,AMLX,31.3136,31.3450,31.3100,31.3450,3450.0000,31.3140,9
2026-08-18 17:07:40,AMLX,31.3300,31.3450,31.3300,31.3450,12450.0000,31.3377,7
2026-08-18 17:07:45,AMLX,31.3450,31.3900,31.3450,31.3700,3740.0000,31.3692,9
2026-08-18 17:07:50,AMLX,31.3800,31.3950,31.3650,31.3700,8398.0000,31.3844,24
2026-08-18 17:07:55,AMLX,31.3900,31.4000,31.3600,31.3700,5538.0000,31.3654,27
2026-08-18 17:08:00,AMLX,31.3800,31.4999,31.3800,31.4896,7726.0000,31.4288,52
2026-08-18 17:08:05,AMLX,31.4896,31.4896,31.4896,31.4896,0.0000,31.4896,0
2026-08-18 17:08:10,AMLX,31.4100,31.4100,31.2200,31.2903,10280.0000,31.3137,46
2026-08-18 17:08:15,AMLX,31.2900,31.4150,31.2600,31.2900,20878.0000,31.3091,113
2026-08-18 17:08:20,AMLX,31.2600,31.2850,31.2300,31.2500,1655.0000,31.2624,8
2026-08-18 17:08:25,AMLX,31.2800,31.2800,31.2300,31.2600,7824.0000,31.2686,20
2026-08-18 17:08:30,AMLX,31.2500,31.2500,31.2250,31.2271,3899.0000,31.2342,11
2026-08-18 17:08:35,AMLX,31.2400,31.3000,31.2200,31.2650,8548.0000,31.2539,65
2026-08-18 17:08:40,AMLX,31.2400,31.2900,31.2300,31.2900,9848.0000,31.2561,12
2026-08-18 17:08:45,AMLX,31.2300,31.2677,31.2300,31.2677,2750.0000,31.2321,9
2026-08-18 17:08:50,AMLX,31.2550,31.2550,31.1600,31.1625,3310.0000,31.2009,18
2026-08-18 17:08:55,AMLX,31.1700,31.2700,31.1667,31.2000,4373.0000,31.2374,35
2026-08-18 17:09:00,AMLX,31.2501,31.2903,31.2350,31.2350,7172.0000,31.2506,40
2026-08-18 17:09:05,AMLX,31.2350,31.2607,31.2350,31.2351,402.0000,31.2414,4
2026-08-18 17:09:10,AMLX,31.2350,31.3300,31.1600,31.2300,18409.0000,31.2563,99
2026-08-18 17:09:15,AMLX,31.2350,31.2400,31.2350,31.2350,1030.0000,31.2357,10
2026-08-18 17:09:20,AMLX,31.2110,31.3300,31.2110,31.3100,8082.0000,31.2676,47
2026-08-18 17:09:25,AMLX,31.2900,31.2900,31.2101,31.2790,1493.0000,31.2505,7
2026-08-18 17:09:30,AMLX,31.2100,31.2600,31.2100,31.2550,2371.0000,31.2280,16
2026-08-18 17:09:35,AMLX,31.2100,31.2500,31.2000,31.2275,9969.0000,31.2017,9
2026-08-18 17:09:40,AMLX,31.2000,31.2000,31.2000,31.2000,111.0000,31.2000,1
2026-08-18 17:09:45,AMLX,31.2100,31.2133,31.1400,31.2133,22501.0000,31.1610,97
2026-08-18 17:09:50,AMLX,31.2000,31.2000,30.9200,30.9550,27227.0000,31.0797,104
2026-08-18 17:09:55,AMLX,30.9550,31.1500,30.9200,31.1400,17297.0000,30.9859,98
2026-08-18 17:10:00,AMLX,31.1150,31.1700,31.0401,31.0950,3846.0000,31.0794,25
2026-08-18 17:10:05,AMLX,31.0720,31.3350,31.0720,31.3350,18581.0000,31.2067,103
2026-08-18 17:10:10,AMLX,31.3681,31.4200,31.2900,31.4000,3933.0000,31.3938,17
2026-08-18 17:10:15,AMLX,31.3900,31.4010,31.3900,31.3950,1300.0000,31.3954,3
2026-08-18 17:10:20,AMLX,31.4201,31.4201,31.0900,31.2800,15509.0000,31.1813,36
2026-08-18 17:10:25,AMLX,31.3000,31.3100,31.2100,31.2600,11135.0000,31.2549,65
2026-08-18 17:10:30,AMLX,31.1850,31.1936,31.1400,31.1936,2150.0000,31.1799,5
2026-08-18 17:10:35,AMLX,31.1500,31.2200,31.1201,31.1550,1441.0000,31.1592,8
2026-08-18 17:10:40,AMLX,31.2100,31.2900,31.1550,31.1550,4600.0000,31.2780,6
2026-08-18 17:10:45,AMLX,31.2728,31.2728,31.1401,31.1401,1448.0000,31.1895,4
2026-08-18 17:10:50,AMLX,31.2077,31.2600,31.2000,31.2000,1120.0000,31.2236,3
2026-08-18 17:10:55,AMLX,31.2000,31.5150,31.2000,31.4800,24078.0000,31.3850,68
2026-08-18 17:11:00,AMLX,31.4700,31.4871,31.3600,31.3800,10797.0000,31.4233,54
2026-08-18 17:11:05,AMLX,31.4000,31.6900,31.4000,31.6286,15337.0000,31.5607,82
2026-08-18 17:11:10,AMLX,31.6565,31.6670,31.6039,31.6100,3196.0000,31.6228,10
2026-08-18 17:11:15,AMLX,31.6100,31.6250,31.5600,31.6150,2631.0000,31.5780,18
2026-08-18 17:11:20,AMLX,31.5801,31.6500,31.5801,31.6007,3535.0000,31.6059,9
2026-08-18 17:11:25,AMLX,31.6250,31.6350,31.5650,31.5650,2705.0000,31.6181,11
2026-08-18 17:11:30,AMLX,31.5300,31.5900,31.5200,31.5500,4574.0000,31.5452,20
2026-08-18 17:11:35,AMLX,31.5250,31.5500,31.5102,31.5250,4495.0000,31.5299,7
2026-08-18 17:11:40,AMLX,31.5250,31.5250,31.3700,31.3700,5717.0000,31.4872,25
2026-08-18 17:11:45,AMLX,31.3600,31.4099,31.3200,31.3200,5874.0000,31.3792,8
2026-08-18 17:11:50,AMLX,31.3200,31.3900,31.3100,31.3900,5074.0000,31.3369,16
2026-08-18 17:11:55,AMLX,31.4386,31.4386,31.2800,31.3100,14985.0000,31.3060,50
2026-08-18 17:12:00,AMLX,31.3300,31.3400,31.3000,31.3399,4409.0000,31.3224,21
2026-08-18 17:12:05,AMLX,31.3010,31.3800,31.3000,31.3300,9233.0000,31.3145,32
2026-08-18 17:12:10,AMLX,31.3300,31.4000,31.3300,31.3850,2706.0000,31.3474,16
2026-08-18 17:12:15,AMLX,31.4012,31.4012,31.3750,31.3750,500.0000,31.3802,2
2026-08-18 17:12:20,AMLX,31.3750,31.3900,31.3750,31.3750,6316.0000,31.3752,6
2026-08-18 17:12:25,AMLX,31.3900,31.3900,31.3101,31.3101,675.0000,31.3508,5
2026-08-18 17:12:30,AMLX,31.3450,31.3450,31.3450,31.3450,200.0000,31.3450,1
2026-08-18 17:12:35,AMLX,31.3900,31.4000,31.3750,31.3800,1936.0000,31.3872,18
2026-08-18 17:12:40,AMLX,31.4100,31.4400,31.4100,31.4250,972.0000,31.4244,8
2026-08-18 17:12:45,AMLX,31.4400,31.4800,31.4194,31.4539,4252.0000,31.4409,12
2026-08-18 17:12:50,AMLX,31.4450,31.5200,31.4450,31.5000,2979.0000,31.4896,16
2026-08-18 17:12:55,AMLX,31.4850,31.4850,31.4000,31.4100,5122.0000,31.4451,17
2026-08-18 17:13:00,AMLX,31.4500,31.4500,31.3950,31.3950,2720.0000,31.4206,5
2026-08-18 17:13:05,AMLX,31.4000,31.4200,31.4000,31.4200,2874.0000,31.4193,3
2026-08-18 17:13:10,AMLX,31.4001,31.4600,31.4001,31.4600,4268.0000,31.4225,16
2026-08-18 17:13:15,AMLX,31.4164,31.4550,31.4101,31.4101,1700.0000,31.4183,3
2026-08-18 17:13:20,AMLX,31.4550,31.4550,31.4450,31.4450,300.0000,31.4517,2
2026-08-18 17:13:25,AMLX,31.4400,31.4400,31.4400,31.4400,150.0000,31.4400,1
2026-08-18 17:13:30,AMLX,31.4800,31.5400,31.4700,31.5000,6961.0000,31.5084,25
2026-08-18 17:13:35,AMLX,31.5000,31.5000,31.5000,31.5000,973.0000,31.5000,1
2026-08-18 17:13:40,AMLX,31.5200,31.5200,31.5150,31.5150,2053.0000,31.5184,3
2026-08-18 17:13:45,AMLX,31.5150,31.5150,31.5150,31.5150,0.0000,31.5150,0
2026-08-18 17:13:50,AMLX,31.4500,31.4500,31.3000,31.3900,16371.0000,31.3674,50
2026-08-18 17:13:55,AMLX,31.4100,31.4100,31.3850,31.3975,600.0000,31.4017,3
2026-08-18 17:14:00,AMLX,31.3975,31.3975,31.3975,31.3975,0.0000,31.3975,0
2026-08-18 17:14:05,AMLX,31.3910,31.5500,31.3910,31.5100,8444.0000,31.4754,41
2026-08-18 17:14:10,AMLX,31.4900,31.5400,31.4900,31.5200,5019.0000,31.5235,19
2026-08-18 17:14:15,AMLX,31.5001,31.5350,31.5001,31.5300,1954.0000,31.5159,3
2026-08-18 17:14:20,AMLX,31.5000,31.5800,31.5000,31.5800,850.0000,31.5512,3
2026-08-18 17:14:25,AMLX,31.5250,31.5799,31.4900,31.5350,3323.0000,31.5622,7
2026-08-18 17:14:30,AMLX,31.5300,31.5700,31.5300,31.5700,5848.0000,31.5315,36
2026-08-18 17:14:35,AMLX,31.5267,31.5288,31.5267,31.5288,360.0000,31.5282,2
2026-08-18 17:14:40,AMLX,31.5100,31.5700,31.5001,31.5001,10634.0000,31.5429,42
2026-08-18 17:14:45,AMLX,31.5350,31.5613,31.5350,31.5350,2950.0000,31.5406,8
2026-08-18 17:14:50,AMLX,31.5269,31.5300,31.4600,31.4600,12256.0000,31.5141,29
2026-08-18 17:14:55,AMLX,31.5050,31.5389,31.4600,31.4600,12576.0000,31.5040,38
2026-08-18 17:15:00,AMLX,31.4600,31.6800,31.4600,31.6000,35093.0000,31.5742,125
2026-08-18 17:15:05,AMLX,31.5807,31.6500,31.5801,31.6150,3470.0000,31.6153,9
2026-08-18 17:15:10,AMLX,31.5873,31.6100,31.5300,31.5700,5396.0000,31.5556,18
2026-08-18 17:15:15,AMLX,31.5650,31.5800,31.5250,31.5484,6079.0000,31.5503,16
2026-08-18 17:15:20,AMLX,31.5500,31.6090,31.5500,31.6090,2332.0000,31.5702,11
2026-08-18 17:15:25,AMLX,31.5900,31.6000,31.5900,31.6000,460.0000,31.5922,3
2026-08-18 17:15:30,AMLX,31.5900,31.7900,31.5900,31.7550,13495.0000,31.6967,48
2026-08-18 17:15:35,AMLX,31.7550,31.8900,31.6700,31.8800,21017.0000,31.7815,79
2026-08-18 17:15:40,AMLX,31.8819,31.9600,31.8462,31.8600,37923.0000,31.9033,161
2026-08-18 17:15:45,AMLX,31.8600,31.9000,31.8500,31.8700,8536.0000,31.8793,33
2026-08-18 17:15:50,AMLX,31.8750,31.8900,31.7800,31.7942,5439.0000,31.8311,27
2026-08-18 17:15:55,AMLX,31.7900,31.8499,31.7801,31.8300,9660.0000,31.8154,27
2026-08-18 17:16:00,AMLX,31.7900,31.8150,31.7500,31.7500,1772.0000,31.7782,9
2026-08-18 17:16:05,AMLX,31.7700,31.7700,31.7700,31.7700,100.0000,31.7700,1
2026-08-18 17:16:10,AMLX,31.7700,31.7900,31.7586,31.7900,3500.0000,31.7751,6
2026-08-18 17:16:15,AMLX,31.8000,31.8200,31.7800,31.7850,2750.0000,31.7933,15
2026-08-18 17:16:20,AMLX,31.7595,31.7850,31.7595,31.7800,300.0000,31.7748,3
2026-08-18 17:16:25,AMLX,31.8000,31.8000,31.7563,31.8000,5003.0000,31.7912,12
2026-08-18 17:16:30,AMLX,31.7850,31.7900,31.7612,31.7850,4495.0000,31.7836,4
2026-08-18 17:16:35,AMLX,31.7900,31.8000,31.7200,31.7300,2413.0000,31.7582,17
2026-08-18 17:16:40,AMLX,31.7001,31.7150,31.7000,31.7150,676.0000,31.7045,6
2026-08-18 17:16:45,AMLX,31.7037,31.7037,31.5100,31.5599,9367.0000,31.6174,58
2026-08-18 17:16:50,AMLX,31.5350,31.5599,31.4600,31.4600,8075.0000,31.5097,31
2026-08-18 17:16:55,AMLX,31.5000,31.5500,31.4750,31.4750,1750.0000,31.5178,15
2026-08-18 17:17:00,AMLX,31.4890,31.5400,31.4800,31.5400,639.0000,31.4944,4
2026-08-18 17:17:05,AMLX,31.5550,31.5700,31.4500,31.4700,5852.0000,31.5092,20
2026-08-18 17:17:10,AMLX,31.4500,31.4850,31.4300,31.4800,2675.0000,31.4352,5
2026-08-18 17:17:15,AMLX,31.4430,31.4900,31.4430,31.4900,5124.0000,31.4889,2
2026-08-18 17:17:20,AMLX,31.4900,31.4900,31.4700,31.4700,226.0000,31.4789,2
2026-08-18 17:17:25,AMLX,31.4300,31.4300,31.3520,31.3520,1863.0000,31.4086,14
2026-08-18 17:17:30,AMLX,31.3750,31.4700,31.3000,31.4000,7185.0000,31.3557,31
2026-08-18 17:17:35,AMLX,31.3100,31.4429,31.3100,31.4300,1100.0000,31.3819,6
2026-08-18 17:17:40,AMLX,31.3400,31.3400,31.3400,31.3400,100.0000,31.3400,1
2026-08-18 17:17:45,AMLX,31.3220,31.3999,31.3220,31.3999,500.0000,31.3723,3
2026-08-18 17:17:50,AMLX,31.3101,31.3500,31.3101,31.3500,549.0000,31.3323,3
2026-08-18 17:17:55,AMLX,31.3200,31.3200,31.3200,31.3200,500.0000,31.3200,1
2026-08-18 17:18:00,AMLX,31.3500,31.3500,31.2301,31.2796,8431.0000,31.2804,50
2026-08-18 17:18:05,AMLX,31.3399,31.3399,31.2404,31.2404,300.0000,31.2736,2
2026-08-18 17:18:10,AMLX,31.2300,31.3300,31.2300,31.3000,8791.0000,31.2851,37
2026-08-18 17:18:15,AMLX,31.2700,31.2700,31.2400,31.2596,1042.0000,31.2552,8
2026-08-18 17:18:20,AMLX,31.2500,31.2700,31.2500,31.2700,2069.0000,31.2595,12
2026-08-18 17:18:25,AMLX,31.2366,31.2550,31.2200,31.2200,2900.0000,31.2367,16
2026-08-18 17:18:30,AMLX,31.2100,31.2100,31.1200,31.1216,2775.0000,31.1647,16
2026-08-18 17:18:35,AMLX,31.1400,31.1799,31.1320,31.1550,2317.0000,31.1602,7
2026-08-18 17:18:40,AMLX,31.1550,31.2000,31.1500,31.1950,2300.0000,31.1744,12
2026-08-18 17:18:45,AMLX,31.1500,31.1999,31.0600,31.1100,11690.0000,31.1108,29
2026-08-18 17:18:50,AMLX,31.0991,31.1200,31.0201,31.1200,10860.0000,31.0739,41
2026-08-18 17:18:55,AMLX,31.0900,31.0900,31.0437,31.0546,811.0000,31.0689,3
2026-08-18 17:19:00,AMLX,31.0600,31.1100,31.0200,31.1100,3275.0000,31.0663,25
2026-08-18 17:19:05,AMLX,31.0700,31.0700,31.0200,31.0600,744.0000,31.0452,5
2026-08-18 17:19:10,AMLX,31.0700,31.0700,31.0501,31.0700,800.0000,31.0563,4
2026-08-18 17:19:15,AMLX,31.0650,31.0650,31.0300,31.0300,3300.0000,31.0503,5
2026-08-18 17:19:20,AMLX,31.0471,31.0633,31.0271,31.0271,684.0000,31.0435,5
2026-08-18 17:19:25,AMLX,31.0201,31.0450,30.8300,30.8320,31775.0000,30.9329,76
2026-08-18 17:19:30,AMLX,30.9200,30.9200,30.8123,30.8400,8333.0000,30.8760,21
2026-08-18 17:19:35,AMLX,30.8600,30.9400,30.8300,30.9400,1300.0000,30.8868,12
2026-08-18 17:19:40,AMLX,30.9500,31.0000,30.9000,31.0000,12416.0000,30.9576,50
2026-08-18 17:19:45,AMLX,30.9650,31.0500,30.9650,30.9801,9579.0000,31.0149,50
2026-08-18 17:19:50,AMLX,31.0250,31.0697,31.0100,31.0500,3550.0000,31.0292,11
2026-08-18 17:19:55,AMLX,31.0000,31.0200,30.9900,31.0200,1760.0000,30.9967,6
2026-08-18 17:20:00,AMLX,31.0250,31.0250,30.9800,31.0250,1091.0000,31.0133,7
2026-08-18 17:20:05,AMLX,31.0250,31.0250,31.0200,31.0200,531.0000,31.0236,2
2026-08-18 17:20:10,AMLX,30.9890,31.1500,30.9890,31.1000,17792.0000,31.0813,110
2026-08-18 17:20:15,AMLX,31.1000,31.1000,31.1000,31.1000,0.0000,31.1000,0
2026-08-18 17:20:20,AMLX,31.0800,31.0800,31.0800,31.0800,100.0000,31.0800,1
2026-08-18 17:20:25,AMLX,31.1100,31.1250,31.0950,31.0950,1677.0000,31.1094,13
2026-08-18 17:20:30,AMLX,31.1200,31.1200,31.0300,31.0600,4950.0000,31.0623,16
2026-08-18 17:20:35,AMLX,31.0600,31.1500,31.0600,31.1010,2100.0000,31.1140,12
2026-08-18 17:20:40,AMLX,31.1250,31.1500,31.0000,31.0200,3840.0000,31.0719,24
2026-08-18 17:20:45,AMLX,31.0000,31.0299,31.0000,31.0050,1250.0000,31.0108,6
2026-08-18 17:20:50,AMLX,31.0000,31.0000,30.9400,30.9650,2827.0000,30.9888,7
2026-08-18 17:20:55,AMLX,30.9000,30.9246,30.8850,30.8900,3325.0000,30.9034,7
2026-08-18 17:21:00,AMLX,30.9100,30.9699,30.8800,30.9699,3540.0000,30.9301,16
2026-08-18 17:21:05,AMLX,30.9500,30.9750,30.9302,30.9500,2920.0000,30.9579,14
2026-08-18 17:21:10,AMLX,30.9800,30.9800,30.9400,30.9400,823.0000,30.9449,6
2026-08-18 17:21:15,AMLX,30.9510,30.9914,30.9300,30.9650,1550.0000,30.9680,4
2026-08-18 17:21:20,AMLX,30.9500,30.9500,30.8600,30.8900,3611.0000,30.9050,18
2026-08-18 17:21:25,AMLX,30.8600,30.9200,30.8600,30.8850,4427.0000,30.8897,9
2026-08-18 17:21:30,AMLX,30.8750,30.8900,30.8750,30.8900,350.0000,30.8814,3
2026-08-18 17:21:35,AMLX,30.8700,30.8700,30.8674,30.8674,400.0000,30.8687,3
2026-08-18 17:21:40,AMLX,30.8900,30.9799,30.8850,30.9450,2200.0000,30.9239,18
2026-08-18 17:21:45,AMLX,30.9400,30.9400,30.9400,30.9400,200.0000,30.9400,1
2026-08-18 17:21:50,AMLX,30.9445,30.9445,30.8750,30.8750,2199.0000,30.9189,15
2026-08-18 17:21:55,AMLX,30.9000,30.9000,30.8600,30.8600,4200.0000,30.8933,9
2026-08-18 17:22:00,AMLX,30.8550,30.8755,30.8361,30.8361,3439.0000,30.8584,5
2026-08-18 17:22:05,AMLX,30.8367,30.8400,30.8367,30.8400,262.0000,30.8387,2
2026-08-18 17:22:10,AMLX,30.8401,30.8401,30.8401,30.8401,100.0000,30.8401,1
2026-08-18 17:22:15,AMLX,30.8550,30.8550,30.7800,30.8301,6337.0000,30.8125,40
2026-08-18 17:22:20,AMLX,30.8550,30.8550,30.8550,30.8550,334.0000,30.8550,2
2026-08-18 17:22:25,AMLX,30.8600,30.8600,30.6900,30.7600,11875.0000,30.7690,74
2026-08-18 17:22:30,AMLX,30.7597,30.8800,30.7550,30.8500,2923.0000,30.8297,21
2026-08-18 17:22:35,AMLX,30.8550,30.8946,30.8500,30.8500,6696.0000,30.8676,36
2026-08-18 17:22:40,AMLX,30.8300,30.8400,30.7800,30.8400,4141.0000,30.8186,16
2026-08-18 17:22:45,AMLX,30.8550,30.8550,30.8450,30.8450,3200.0000,30.8487,4
2026-08-18 17:22:50,AMLX,30.8350,30.8900,30.7900,30.8900,5283.0000,30.8421,34
2026-08-18 17:22:55,AMLX,30.8750,30.9700,30.8750,30.9500,7464.0000,30.9135,37
2026-08-18 17:23:00,AMLX,30.9550,31.0675,30.8901,31.0675,9023.0000,30.9915,35
2026-08-18 17:23:05,AMLX,31.0725,31.2948,31.0725,31.1950,8887.0000,31.1884,60
2026-08-18 17:23:10,AMLX,31.2000,31.2000,31.2000,31.2000,600.0000,31.2000,2
2026-08-18 17:23:15,AMLX,31.2000,31.2000,31.2000,31.2000,400.0000,31.2000,1
2026-08-18 17:23:20,AMLX,31.2300,31.2600,31.2200,31.2200,934.0000,31.2406,6
2026-08-18 17:23:25,AMLX,31.2500,31.2799,31.1964,31.2799,1010.0000,31.2429,6
2026-08-18 17:23:30,AMLX,31.2150,31.2799,31.0850,31.0850,4860.0000,31.1168,29
2026-08-18 17:23:35,AMLX,31.1200,31.1800,31.1073,31.1550,1100.0000,31.1402,5
2026-08-18 17:23:40,AMLX,31.2200,31.2200,31.2200,31.2200,1500.0000,31.2200,2
2026-08-18 17:23:45,AMLX,31.2200,31.2200,31.1500,31.1500,466.0000,31.1951,2
2026-08-18 17:23:50,AMLX,31.2100,31.3200,31.2100,31.2800,6130.0000,31.2730,42
2026-08-18 17:23:55,AMLX,31.2800,31.3300,31.2400,31.2400,8207.0000,31.2741,46
2026-08-18 17:24:00,AMLX,31.2350,31.2800,31.1950,31.1950,9159.0000,31.2337,43
2026-08-18 17:24:05,AMLX,31.1700,31.1850,31.1500,31.1850,2200.0000,31.1700,12
2026-08-18 17:24:10,AMLX,31.1850,31.1850,31.1850,31.1850,0.0000,31.1850,0
2026-08-18 17:24:15,AMLX,31.2021,31.2021,31.1600,31.1600,736.0000,31.1765,6
2026-08-18 17:24:20,AMLX,31.1449,31.1449,31.1400,31.1400,600.0000,31.1441,2
2026-08-18 17:24:25,AMLX,31.1600,31.1900,31.1600,31.1900,826.0000,31.1730,8
2026-08-18 17:24:30,AMLX,31.1800,31.1800,31.1400,31.1750,4278.0000,31.1613,18
2026-08-18 17:24:35,AMLX,31.1900,31.2000,31.1300,31.1300,3237.0000,31.1786,23
2026-08-18 17:24:40,AMLX,31.1256,31.1500,31.1256,31.1500,649.0000,31.1444,2
2026-08-18 17:24:45,AMLX,31.1100,31.1100,31.0800,31.0800,2102.0000,31.1032,10
2026-08-18 17:24:50,AMLX,31.0400,31.0400,31.0400,31.0400,750.0000,31.0400,2
2026-08-18 17:24:55,AMLX,31.0520,31.1400,31.0494,31.1400,2769.0000,31.0806,17
2026-08-18 17:25:00,AMLX,31.1100,31.1100,31.0601,31.0601,3355.0000,31.0884,9
2026-08-18 17:25:05,AMLX,31.0800,31.0800,31.0800,31.0800,300.0000,31.0800,1
2026-08-18 17:25:10,AMLX,31.0800,31.0800,31.0800,31.0800,0.0000,31.0800,0
2026-08-18 17:25:15,AMLX,31.0500,31.0800,31.0400,31.0800,3074.0000,31.0555,26
2026-08-18 17:25:20,AMLX,31.0800,31.0800,31.0800,31.0800,500.0000,31.0800,1
2026-08-18 17:25:25,AMLX,31.1025,31.1100,31.0607,31.0800,1883.0000,31.1025,12
2026-08-18 17:25:30,AMLX,31.0800,31.0800,31.0800,31.0800,0.0000,31.0800,0
2026-08-18 17:25:35,AMLX,31.0850,31.0850,31.0600,31.0600,248.0000,31.0749,2
2026-08-18 17:25:40,AMLX,31.1100,31.1100,31.0500,31.0600,3206.0000,31.0615,30
2026-08-18 17:25:45,AMLX,31.0950,31.0950,31.0950,31.0950,100.0000,31.0950,1
2026-08-18 17:25:50,AMLX,31.0950,31.0950,31.0950,31.0950,0.0000,31.0950,0
2026-08-18 17:25:55,AMLX,31.0950,31.0950,31.0950,31.0950,0.0000,31.0950,0
2026-08-18 17:26:00,AMLX,31.0500,31.1200,31.0500,31.1200,200.0000,31.0850,2
2026-08-18 17:26:05,AMLX,31.0500,31.0500,31.0500,31.0500,100.0000,31.0500,1
2026-08-18 17:26:10,AMLX,31.0500,31.0600,31.0500,31.0600,200.0000,31.0550,2
2026-08-18 17:26:15,AMLX,31.0650,31.0650,31.0500,31.0500,425.0000,31.0585,3
2026-08-18 17:26:20,AMLX,31.0700,31.0700,30.9900,31.0000,7572.0000,31.0087,29
2026-08-18 17:26:25,AMLX,31.0100,31.0500,31.0100,31.0300,4650.0000,31.0248,30
2026-08-18 17:26:30,AMLX,31.0100,31.0700,31.0100,31.0700,663.0000,31.0289,2
2026-08-18 17:26:35,AMLX,31.0100,31.0100,31.0100,31.0100,200.0000,31.0100,2
2026-08-18 17:26:40,AMLX,31.0499,31.0500,31.0100,31.0400,1900.0000,31.0333,15
2026-08-18 17:26:45,AMLX,31.0400,31.0699,31.0400,31.0699,800.0000,31.0475,5
2026-08-18 17:26:50,AMLX,31.0400,31.0400,31.0400,31.0400,148.0000,31.0400,1
2026-08-18 17:26:55,AMLX,31.0100,31.0100,30.9700,31.0002,3791.0000,30.9896,16
2026-08-18 17:27:00,AMLX,31.0000,31.0200,30.9950,30.9950,2464.0000,31.0145,4
2026-08-18 17:27:05,AMLX,30.9800,30.9900,30.9100,30.9346,4297.0000,30.9572,14
2026-08-18 17:27:10,AMLX,30.9450,30.9600,30.9201,30.9201,1450.0000,30.9457,14
2026-08-18 17:27:15,AMLX,30.9350,31.0275,30.9350,31.0275,14052.0000,30.9815,74
2026-08-18 17:27:20,AMLX,31.0200,31.0250,31.0200,31.0250,700.0000,31.0207,4
2026-08-18 17:27:25,AMLX,31.0500,31.0800,31.0100,31.0250,6935.0000,31.0555,41
2026-08-18 17:27:30,AMLX,31.0250,31.1000,31.0250,31.0850,4000.0000,31.0666,28
2026-08-18 17:27:35,AMLX,31.0850,31.0850,31.0700,31.0700,600.0000,31.0825,2
2026-08-18 17:27:40,AMLX,31.0300,31.0300,31.0100,31.0100,2650.0000,31.0289,6
2026-08-18 17:27:45,AMLX,31.0150,31.0150,30.9901,30.9901,255.0000,31.0052,2
2026-08-18 17:27:50,AMLX,31.0331,31.0331,31.0150,31.0150,1095.0000,31.0279,5
2026-08-18 17:27:55,AMLX,31.0200,31.0200,30.9900,30.9900,200.0000,31.0050,2
2026-08-18 17:28:00,AMLX,31.0150,31.0200,30.9900,30.9900,2743.0000,30.9958,12
2026-08-18 17:28:05,AMLX,30.9685,30.9900,30.9685,30.9900,3100.0000,30.9893,2
2026-08-18 17:28:10,AMLX,30.9890,31.0500,30.9890,31.0500,6744.0000,31.0419,43
2026-08-18 17:28:15,AMLX,31.0500,31.0550,31.0305,31.0500,943.0000,31.0503,6
2026-08-18 17:28:20,AMLX,31.0500,31.0500,31.0500,31.0500,100.0000,31.0500,1
2026-08-18 17:28:25,AMLX,31.0700,31.0985,31.0500,31.0900,1382.0000,31.0750,12
2026-08-18 17:28:30,AMLX,31.0500,31.0700,31.0500,31.0578,800.0000,31.0574,3
2026-08-18 17:28:35,AMLX,31.0578,31.0578,31.0578,31.0578,0.0000,31.0578,0
2026-08-18 17:28:40,AMLX,31.0800,31.0800,31.0500,31.0600,801.0000,31.0663,8
2026-08-18 17:28:45,AMLX,31.0500,31.0800,31.0500,31.0800,2605.0000,31.0662,11
2026-08-18 17:28:50,AMLX,31.1000,31.1000,31.0800,31.0850,950.0000,31.0916,9
2026-08-18 17:28:55,AMLX,31.0800,31.0800,31.0800,31.0800,250.0000,31.0800,2
2026-08-18 17:29:00,AMLX,31.0750,31.0999,31.0750,31.0999,350.0000,31.0892,2
2026-08-18 17:29:05,AMLX,31.0500,31.0750,30.8800,30.8800,21018.0000,30.9884,78
2026-08-18 17:29:10,AMLX,30.8700,30.9000,30.8650,30.8900,5705.0000,30.8787,16
2026-08-18 17:29:15,AMLX,30.8900,30.9500,30.8800,30.9400,8434.0000,30.9032,30
2026-08-18 17:29:20,AMLX,30.9500,30.9850,30.9400,30.9400,2059.0000,30.9643,17
2026-08-18 17:29:25,AMLX,30.9600,30.9750,30.9600,30.9750,500.0000,30.9690,4
2026-08-18 17:29:30,AMLX,31.0199,31.0199,30.9454,30.9454,1075.0000,30.9544,5
2026-08-18 17:29:35,AMLX,30.9450,30.9700,30.9400,30.9700,687.0000,30.9569,4
2026-08-18 17:29:40,AMLX,30.9300,30.9300,30.9300,30.9300,100.0000,30.9300,1
2026-08-18 17:29:45,AMLX,30.9400,31.0200,30.9400,31.0000,3465.0000,31.0036,25
2026-08-18 17:29:50,AMLX,30.9800,30.9850,30.9502,30.9850,570.0000,30.9719,4
2026-08-18 17:29:55,AMLX,31.0000,31.0000,30.9850,30.9850,550.0000,30.9891,3
2026-08-18 17:30:00,AMLX,30.9900,31.0000,30.9650,30.9754,2950.0000,30.9706,21
2026-08-18 17:30:05,AMLX,30.9700,30.9700,30.9501,30.9501,747.0000,30.9663,6
2026-08-18 17:30:10,AMLX,30.9750,31.0100,30.8900,30.9000,8176.0000,30.9509,41
2026-08-18 17:30:15,AMLX,30.9200,31.0199,30.9137,31.0199,772.0000,30.9597,3
2026-08-18 17:30:20,AMLX,30.9600,30.9600,30.9500,30.9500,250.0000,30.9560,2
2026-08-18 17:30:25,AMLX,30.9100,30.9100,30.9000,30.9000,785.0000,30.9064,2
2026-08-18 17:30:30,AMLX,30.9000,30.9000,30.9000,30.9000,0.0000,30.9000,0
2026-08-18 17:30:35,AMLX,30.9200,30.9889,30.8900,30.9209,12532.0000,30.9577,71
2026-08-18 17:30:40,AMLX,30.9209,30.9209,30.9209,30.9209,0.0000,30.9209,0
2026-08-18 17:30:45,AMLX,30.9201,31.0500,30.9200,31.0100,22103.0000,30.9881,91
2026-08-18 17:30:50,AMLX,31.0306,31.0400,31.0300,31.0300,3345.0000,31.0325,10
2026-08-18 17:30:55,AMLX,31.0600,31.0700,31.0600,31.0700,1100.0000,31.0609,7
2026-08-18 17:31:00,AMLX,31.0500,31.0600,30.9800,30.9800,4150.0000,31.0371,15
2026-08-18 17:31:05,AMLX,30.9800,30.9800,30.9800,30.9800,0.0000,30.9800,0
2026-08-18 17:31:10,AMLX,30.9900,31.1211,30.9850,31.1211,12582.0000,31.0612,60
2026-08-18 17:31:15,AMLX,31.1000,31.1200,31.1000,31.1200,1291.0000,31.1169,6
2026-08-18 17:31:20,AMLX,31.1200,31.1200,31.1200,31.1200,0.0000,31.1200,0
2026-08-18 17:31:25,AMLX,31.1050,31.1050,31.1050,31.1050,323.0000,31.1050,1
2026-08-18 17:31:30,AMLX,31.1200,31.1900,31.1200,31.1800,6196.0000,31.1662,41
2026-08-18 17:31:35,AMLX,31.1900,31.1900,31.1600,31.1600,1333.0000,31.1807,6
2026-08-18 17:31:40,AMLX,31.1600,31.1600,31.1600,31.1600,0.0000,31.1600,0
2026-08-18 17:31:45,AMLX,31.1600,31.1600,31.0700,31.0700,5400.0000,31.1166,20
2026-08-18 17:31:50,AMLX,31.1050,31.1397,31.0912,31.1397,925.0000,31.1149,4
2026-08-18 17:31:55,AMLX,31.1150,31.1150,31.1150,31.1150,1000.0000,31.1150,1
2026-08-18 17:32:00,AMLX,31.1150,31.1150,31.1150,31.1150,0.0000,31.1150,0
2026-08-18 17:32:05,AMLX,31.1050,31.1050,31.0201,31.0459,1541.0000,31.0726,8
2026-08-18 17:32:10,AMLX,31.0201,31.0700,31.0201,31.0700,600.0000,31.0284,2
2026-08-18 17:32:15,AMLX,31.0300,31.0400,30.9850,31.0200,15811.0000,31.0185,78
2026-08-18 17:32:20,AMLX,31.0450,31.0450,31.0450,31.0450,495.0000,31.0450,2
2026-08-18 17:32:25,AMLX,31.0450,31.0450,31.0450,31.0450,0.0000,31.0450,0
2026-08-18 17:32:30,AMLX,31.0350,31.0400,31.0100,31.0100,2271.0000,31.0349,11
2026-08-18 17:32:35,AMLX,31.0550,31.0900,31.0400,31.0400,3300.0000,31.0636,24
2026-08-18 17:32:40,AMLX,31.0700,31.0700,31.0338,31.0338,1985.0000,31.0553,8
2026-08-18 17:32:45,AMLX,31.0301,31.0550,31.0301,31.0550,1481.0000,31.0382,3
2026-08-18 17:32:50,AMLX,31.0400,31.0700,31.0000,31.0500,4484.0000,31.0460,28
2026-08-18 17:32:55,AMLX,31.0500,31.0500,31.0300,31.0300,600.0000,31.0467,5
2026-08-18 17:33:00,AMLX,31.0300,31.0300,31.0300,31.0300,100.0000,31.0300,1
2026-08-18 17:33:05,AMLX,31.0300,31.0300,31.0300,31.0300,0.0000,31.0300,0
2026-08-18 17:33:10,AMLX,31.0300,31.0300,31.0300,31.0300,0.0000,31.0300,0
2026-08-18 17:33:15,AMLX,31.0300,31.1100,31.0100,31.0550,9562.0000,31.0448,70
2026-08-18 17:33:20,AMLX,31.1300,31.1300,31.1300,31.1300,114.0000,31.1300,1
2026-08-18 17:33:25,AMLX,31.1450,31.1450,31.1300,31.1300,509.0000,31.1359,3
2026-08-18 17:33:30,AMLX,31.1100,31.1100,31.0601,31.0601,1811.0000,31.0923,12
2026-08-18 17:33:35,AMLX,31.0601,31.0601,31.0601,31.0601,0.0000,31.0601,0
2026-08-18 17:33:40,AMLX,31.0850,31.0850,31.0200,31.0200,1775.0000,31.0605,13
2026-08-18 17:33:45,AMLX,31.0450,31.0450,31.0450,31.0450,170.0000,31.0450,1
2026-08-18 17:33:50,AMLX,31.0450,31.0900,30.9900,31.0000,14332.0000,31.0416,64
2026-08-18 17:33:55,AMLX,31.0200,31.0200,31.0100,31.0100,255.0000,31.0139,2
2026-08-18 17:34:00,AMLX,31.0100,31.0100,31.0100,31.0100,483.0000,31.0100,1
2026-08-18 17:34:05,AMLX,31.0100,31.0100,31.0100,31.0100,0.0000,31.0100,0
2026-08-18 17:34:10,AMLX,31.0150,31.0299,31.0000,31.0299,833.0000,31.0191,3
2026-08-18 17:34:15,AMLX,31.0000,31.0300,31.0000,31.0300,3861.0000,31.0093,28
2026-08-18 17:34:20,AMLX,31.0300,31.0300,31.0300,31.0300,0.0000,31.0300,0
2026-08-18 17:34:25,AMLX,31.0300,31.0300,31.0300,31.0300,0.0000,31.0300,0
2026-08-18 17:34:30,AMLX,31.0400,31.1700,31.0400,31.1400,7771.0000,31.1018,59
2026-08-18 17:34:35,AMLX,31.1450,31.1450,31.0900,31.0900,4058.0000,31.1213,16
2026-08-18 17:34:40,AMLX,31.0900,31.0900,31.0900,31.0900,400.0000,31.0900,1
2026-08-18 17:34:45,AMLX,31.0900,31.0900,31.0681,31.0900,1046.0000,31.0856,5
2026-08-18 17:34:50,AMLX,31.0900,31.0900,31.0900,31.0900,1800.0000,31.0900,7
2026-08-18 17:34:55,AMLX,31.0641,31.0750,31.0641,31.0750,350.0000,31.0719,2
2026-08-18 17:35:00,AMLX,31.0750,31.0750,31.0750,31.0750,0.0000,31.0750,0
2026-08-18 17:35:05,AMLX,31.0750,31.0750,31.0750,31.0750,0.0000,31.0750,0
2026-08-18 17:35:10,AMLX,31.0601,31.0700,31.0400,31.0700,1800.0000,31.0544,16
2026-08-18 17:35:15,AMLX,31.0550,31.0900,31.0400,31.0700,8038.0000,31.0595,39
2026-08-18 17:35:20,AMLX,31.0500,31.0700,31.0500,31.0500,438.0000,31.0563,3
2026-08-18 17:35:25,AMLX,31.0201,31.0201,31.0201,31.0201,100.0000,31.0201,1
2026-08-18 17:35:30,AMLX,31.0500,31.0700,31.0500,31.0700,1712.0000,31.0688,2
2026-08-18 17:35:35,AMLX,31.0500,31.0900,30.9900,31.0250,12167.0000,31.0307,69
2026-08-18 17:35:40,AMLX,31.0250,31.0350,31.0250,31.0350,1475.0000,31.0343,3
2026-08-18 17:35:45,AMLX,31.0350,31.0350,31.0350,31.0350,650.0000,31.0350,2
2026-08-18 17:35:50,AMLX,31.0350,31.0350,31.0350,31.0350,200.0000,31.0350,1
2026-08-18 17:35:55,AMLX,31.0350,31.0350,30.9962,30.9962,4088.0000,31.0078,16
2026-08-18 17:36:00,AMLX,31.0150,31.0500,30.9900,31.0250,11064.0000,31.0162,48
2026-08-18 17:36:05,AMLX,31.0500,31.0500,31.0500,31.0500,148.0000,31.0500,1
2026-08-18 17:36:10,AMLX,30.9994,30.9994,30.9994,30.9994,100.0000,30.9994,1
2026-08-18 17:36:15,AMLX,31.0501,31.0501,31.0200,31.0200,2650.0000,31.0263,20
2026-08-18 17:36:20,AMLX,31.0200,31.0200,31.0200,31.0200,100.0000,31.0200,1
2026-08-18 17:36:25,AMLX,31.0150,31.0800,31.0150,31.0600,13992.0000,31.0336,87
2026-08-18 17:36:30,AMLX,31.0600,31.0600,31.0500,31.0500,2796.0000,31.0535,7
2026-08-18 17:36:35,AMLX,31.0700,31.0700,31.0450,31.0450,1800.0000,31.0575,13
2026-08-18 17:36:40,AMLX,31.0301,31.0450,31.0301,31.0450,258.0000,31.0360,2
2026-08-18 17:36:45,AMLX,31.0450,31.0450,31.0450,31.0450,0.0000,31.0450,0
2026-08-18 17:36:50,AMLX,31.0450,31.0500,31.0450,31.0450,1600.0000,31.0474,4
2026-08-18 17:36:55,AMLX,31.0450,31.0450,31.0450,31.0450,0.0000,31.0450,0
2026-08-18 17:37:00,AMLX,31.0366,31.0366,31.0366,31.0366,241.0000,31.0366,1
2026-08-18 17:37:05,AMLX,31.0500,31.1300,31.0450,31.1000,24271.0000,31.0763,119
2026-08-18 17:37:10,AMLX,31.0862,31.1233,31.0862,31.1233,707.0000,31.0952,4
2026-08-18 17:37:15,AMLX,31.1115,31.1115,31.1115,31.1115,200.0000,31.1115,1
2026-08-18 17:37:20,AMLX,31.1115,31.1115,31.1115,31.1115,0.0000,31.1115,0
2026-08-18 17:37:25,AMLX,31.0855,31.0855,31.0855,31.0855,100.0000,31.0855,1
2026-08-18 17:37:30,AMLX,31.1000,31.2500,31.1000,31.1050,21536.0000,31.1720,124
2026-08-18 17:37:35,AMLX,31.1000,31.1109,31.1000,31.1100,1200.0000,31.1077,7
2026-08-18 17:37:40,AMLX,31.1358,31.1700,31.1250,31.1700,508.0000,31.1421,5
2026-08-18 17:37:45,AMLX,31.1700,31.1700,31.1700,31.1700,0.0000,31.1700,0
2026-08-18 17:37:50,AMLX,31.1800,31.1800,31.1800,31.1800,228.0000,31.1800,2
2026-08-18 17:37:55,AMLX,31.1850,31.1850,31.1850,31.1850,175.0000,31.1850,1
2026-08-18 17:38:00,AMLX,31.2099,31.2099,31.2000,31.2000,697.0000,31.2014,3
2026-08-18 17:38:05,AMLX,31.2100,31.2200,31.2000,31.2000,2285.0000,31.2104,18
2026-08-18 17:38:10,AMLX,31.2000,31.2300,31.1600,31.1600,3190.0000,31.1878,19
2026-08-18 17:38:15,AMLX,31.1650,31.2000,31.1650,31.2000,500.0000,31.1770,3
2026-08-18 17:38:20,AMLX,31.2000,31.2000,31.2000,31.2000,0.0000,31.2000,0
2026-08-18 17:38:25,AMLX,31.2100,31.2100,31.1850,31.1850,1337.0000,31.2034,6
2026-08-18 17:38:30,AMLX,31.1850,31.1850,31.1850,31.1850,124.0000,31.1850,1
2026-08-18 17:38:35,AMLX,31.1850,31.2500,31.1850,31.2400,2720.0000,31.2323,21
2026-08-18 17:38:40,AMLX,31.2463,31.2600,31.2400,31.2500,4020.0000,31.2527,19
2026-08-18 17:38:45,AMLX,31.2500,31.2500,31.2500,31.2500,0.0000,31.2500,0
2026-08-18 17:38:50,AMLX,31.2470,31.2600,31.2400,31.2500,1185.0000,31.2544,6
2026-08-18 17:38:55,AMLX,31.2400,31.2400,31.1800,31.2100,1650.0000,31.2258,13
2026-08-18 17:39:00,AMLX,31.1973,31.2486,31.1973,31.2000,700.0000,31.2050,3
2026-08-18 17:39:05,AMLX,31.2200,31.2200,31.1900,31.2050,1900.0000,31.2168,4
2026-08-18 17:39:10,AMLX,31.2050,31.2158,31.2005,31.2158,822.0000,31.2061,5
2026-08-18 17:39:15,AMLX,31.2050,31.2300,31.1900,31.2200,2874.0000,31.2128,17
2026-08-18 17:39:20,AMLX,31.2200,31.2200,31.1900,31.2200,450.0000,31.2100,4
2026-08-18 17:39:25,AMLX,31.2200,31.2200,31.2200,31.2200,100.0000,31.2200,1
2026-08-18 17:39:30,AMLX,31.2201,31.3100,31.2201,31.2850,13087.0000,31.2691,67
2026-08-18 17:39:35,AMLX,31.2946,31.3000,31.2850,31.2850,1250.0000,31.2951,8
2026-08-18 17:39:40,AMLX,31.2800,31.2850,31.2800,31.2850,200.0000,31.2825,2
2026-08-18 17:39:45,AMLX,31.2900,31.2900,31.2800,31.2820,960.0000,31.2815,4
2026-08-18 17:39:50,AMLX,31.2700,31.2800,31.2203,31.2203,5735.0000,31.2575,25
2026-08-18 17:39:55,AMLX,31.2550,31.2550,31.2497,31.2497,600.0000,31.2532,3
2026-08-18 17:40:00,AMLX,31.2500,31.2500,31.2200,31.2300,2449.0000,31.2416,13
2026-08-18 17:40:05,AMLX,31.2500,31.2500,31.2100,31.2300,1028.0000,31.2374,5
2026-08-18 17:40:10,AMLX,31.2500,31.2500,31.2450,31.2500,1650.0000,31.2459,16
2026-08-18 17:40:15,AMLX,31.2400,31.2500,31.2400,31.2400,500.0000,31.2420,5
2026-08-18 17:40:20,AMLX,31.2400,31.2400,31.2300,31.2300,1900.0000,31.2363,10
2026-08-18 17:40:25,AMLX,31.2400,31.3100,31.2400,31.3050,4300.0000,31.2769,39
2026-08-18 17:40:30,AMLX,31.3200,31.3600,31.3200,31.3300,3400.0000,31.3415,19
2026-08-18 17:40:35,AMLX,31.3300,31.3300,31.3181,31.3300,585.0000,31.3280,5
2026-08-18 17:40:40,AMLX,31.3200,31.3500,31.3200,31.3300,3229.0000,31.3422,15
2026-08-18 17:40:45,AMLX,31.3300,31.3300,31.3200,31.3300,1125.0000,31.3289,5
2026-08-18 17:40:50,AMLX,31.3300,31.3300,31.3300,31.3300,500.0000,31.3300,2
2026-08-18 17:40:55,AMLX,31.3300,31.3400,31.3300,31.3300,1925.0000,31.3306,3
2026-08-18 17:41:00,AMLX,31.3499,31.3499,31.3499,31.3499,300.0000,31.3499,1
2026-08-18 17:41:05,AMLX,31.3300,31.3400,31.3300,31.3300,1450.0000,31.3307,7
2026-08-18 17:41:10,AMLX,31.3300,31.3300,31.2700,31.2709,8197.0000,31.3065,51
2026-08-18 17:41:15,AMLX,31.2700,31.2700,31.2240,31.2400,3045.0000,31.2393,11
2026-08-18 17:41:20,AMLX,31.2400,31.2400,31.2400,31.2400,0.0000,31.2400,0
2026-08-18 17:41:25,AMLX,31.2400,31.3300,31.2400,31.3300,4236.0000,31.2622,24
2026-08-18 17:41:30,AMLX,31.2800,31.2850,31.2700,31.2850,1041.0000,31.2788,6
2026-08-18 17:41:35,AMLX,31.2700,31.2956,31.2700,31.2900,3398.0000,31.2797,28
2026-08-18 17:41:40,AMLX,31.2800,31.3100,31.2750,31.2750,3926.0000,31.3031,14
2026-08-18 17:41:45,AMLX,31.2750,31.2750,31.2750,31.2750,569.0000,31.2750,2
2026-08-18 17:41:50,AMLX,31.2900,31.2900,31.2652,31.2700,500.0000,31.2750,5
2026-08-18 17:41:55,AMLX,31.2700,31.2700,31.2700,31.2700,0.0000,31.2700,0
2026-08-18 17:42:00,AMLX,31.2600,31.2600,31.2001,31.2001,5215.0000,31.2328,28
2026-08-18 17:42:05,AMLX,31.2100,31.2200,31.2100,31.2100,1486.0000,31.2140,12
2026-08-18 17:42:10,AMLX,31.2450,31.2450,31.2450,31.2450,200.0000,31.2450,1
2026-08-18 17:42:15,AMLX,31.2200,31.2200,31.1300,31.1850,12331.0000,31.1953,30
2026-08-18 17:42:20,AMLX,31.1950,31.1950,31.1200,31.1400,3154.0000,31.1567,23
2026-08-18 17:42:25,AMLX,31.1400,31.1700,31.1400,31.1700,2326.0000,31.1462,19
2026-08-18 17:42:30,AMLX,31.1700,31.1750,31.1700,31.1750,500.0000,31.1740,3
2026-08-18 17:42:35,AMLX,31.1750,31.2200,31.1750,31.2200,4059.0000,31.1865,27
2026-08-18 17:42:40,AMLX,31.2250,31.2250,31.2000,31.2100,3067.0000,31.2126,15
2026-08-18 17:42:45,AMLX,31.2150,31.2150,31.2150,31.2150,100.0000,31.2150,1
2026-08-18 17:42:50,AMLX,31.2150,31.3000,31.2150,31.2600,6230.0000,31.2626,50
2026-08-18 17:42:55,AMLX,31.2700,31.2700,31.2350,31.2350,754.0000,31.2600,4
2026-08-18 17:43:00,AMLX,31.2283,31.2283,31.1900,31.1900,600.0000,31.1964,6
2026-08-18 17:43:05,AMLX,31.2000,31.2200,31.1900,31.2000,1291.0000,31.1967,9
2026-08-18 17:43:10,AMLX,31.2235,31.2235,31.2235,31.2235,100.0000,31.2235,1
2026-08-18 17:43:15,AMLX,31.2235,31.2235,31.2235,31.2235,0.0000,31.2235,0
2026-08-18 17:43:20,AMLX,31.2300,31.2400,31.2200,31.2300,1432.0000,31.2305,10
2026-08-18 17:43:25,AMLX,31.2000,31.2200,31.2000,31.2150,3100.0000,31.2108,21
2026-08-18 17:43:30,AMLX,31.2150,31.2500,31.2150,31.2252,4350.0000,31.2366,33
2026-08-18 17:43:35,AMLX,31.2300,31.2300,31.2100,31.2100,366.0000,31.2191,3
2026-08-18 17:43:40,AMLX,31.2000,31.2000,31.1900,31.1900,200.0000,31.1950,2
2026-08-18 17:43:45,AMLX,31.1800,31.1800,31.1150,31.1800,5153.0000,31.1636,36
2026-08-18 17:43:50,AMLX,31.1800,31.1800,31.1800,31.1800,0.0000,31.1800,0
2026-08-18 17:43:55,AMLX,31.2200,31.2900,31.1800,31.2500,13142.0000,31.2465,71
2026-08-18 17:44:00,AMLX,31.2500,31.2500,31.2500,31.2500,0.0000,31.2500,0
2026-08-18 17:44:05,AMLX,31.2500,31.2500,31.2500,31.2500,0.0000,31.2500,0
2026-08-18 17:44:10,AMLX,31.2500,31.2500,31.2500,31.2500,0.0000,31.2500,0
2026-08-18 17:44:15,AMLX,31.2000,31.2000,31.2000,31.2000,400.0000,31.2000,1
2026-08-18 17:44:20,AMLX,31.2000,31.2000,31.1800,31.2000,1225.0000,31.1975,11
2026-08-18 17:44:25,AMLX,31.2284,31.2284,31.2000,31.2000,560.0000,31.2132,4
2026-08-18 17:44:30,AMLX,31.2000,31.2000,31.2000,31.2000,1200.0000,31.2000,9
2026-08-18 17:44:35,AMLX,31.2200,31.2300,31.1700,31.1700,800.0000,31.1988,8
2026-08-18 17:44:40,AMLX,31.1600,31.1600,31.1400,31.1500,951.0000,31.1522,6
2026-08-18 17:44:45,AMLX,31.1500,31.1700,31.1500,31.1700,788.0000,31.1643,5
2026-08-18 17:44:50,AMLX,31.1750,31.1750,31.1300,31.1300,3731.0000,31.1555,10
2026-08-18 17:44:55,AMLX,31.1000,31.1200,31.1000,31.1200,600.0000,31.1167,2
2026-08-18 17:45:00,AMLX,31.1200,31.1200,31.0600,31.0700,1324.0000,31.0836,8
2026-08-18 17:45:05,AMLX,31.0900,31.1200,31.0900,31.0900,448.0000,31.0983,4
2026-08-18 17:45:10,AMLX,31.0950,31.0950,31.0700,31.0700,200.0000,31.0825,2
2026-08-18 17:45:15,AMLX,31.0900,31.1200,31.0800,31.1100,5243.0000,31.0984,31
2026-08-18 17:45:20,AMLX,31.1050,31.1050,31.1050,31.1050,100.0000,31.1050,1
2026-08-18 17:45:25,AMLX,31.1050,31.1050,31.0856,31.0856,948.0000,31.1020,2
2026-08-18 17:45:30,AMLX,31.1000,31.1000,31.1000,31.1000,287.0000,31.1000,1
2026-08-18 17:45:35,AMLX,31.1000,31.1000,31.1000,31.1000,0.0000,31.1000,0
2026-08-18 17:45:40,AMLX,31.1000,31.1000,31.1000,31.1000,0.0000,31.1000,0
2026-08-18 17:45:45,AMLX,31.0800,31.1050,31.0800,31.1050,1571.0000,31.0883,6
2026-08-18 17:45:50,AMLX,31.1300,31.1300,31.1050,31.1050,850.0000,31.1197,4
2026-08-18 17:45:55,AMLX,31.0900,31.0900,31.0900,31.0900,290.0000,31.0900,1
2026-08-18 17:46:00,AMLX,31.1050,31.1050,31.1000,31.1000,200.0000,31.1025,2
2026-08-18 17:46:05,AMLX,31.0800,31.1000,31.0800,31.1000,248.0000,31.0881,2
2026-08-18 17:46:10,AMLX,31.1000,31.1000,31.1000,31.1000,100.0000,31.1000,1
2026-08-18 17:46:15,AMLX,31.1000,31.1000,31.1000,31.1000,0.0000,31.1000,0
2026-08-18 17:46:20,AMLX,31.0982,31.1000,31.0900,31.0900,541.0000,31.0940,5
2026-08-18 17:46:25,AMLX,31.0900,31.1075,31.0900,31.1000,3150.0000,31.0963,19
2026-08-18 17:46:30,AMLX,31.1000,31.1150,31.0856,31.0856,1550.0000,31.0977,3
2026-08-18 17:46:35,AMLX,31.0856,31.0856,31.0856,31.0856,0.0000,31.0856,0
2026-08-18 17:46:40,AMLX,31.1000,31.1000,31.0943,31.0943,1100.0000,31.0995,2
2026-08-18 17:46:45,AMLX,31.0856,31.0856,31.0856,31.0856,242.0000,31.0856,1
2026-08-18 17:46:50,AMLX,31.1000,31.1200,31.0800,31.1050,2624.0000,31.0968,17
2026-08-18 17:46:55,AMLX,31.1200,31.1600,31.1200,31.1600,7040.0000,31.1376,44
2026-08-18 17:47:00,AMLX,31.1600,31.1600,31.1600,31.1600,2200.0000,31.1600,14
2026-08-18 17:47:05,AMLX,31.1600,31.1600,31.1600,31.1600,0.0000,31.1600,0
2026-08-18 17:47:10,AMLX,31.1400,31.1400,31.1300,31.1300,1200.0000,31.1350,7
2026-08-18 17:47:15,AMLX,31.1300,31.1400,31.1300,31.1300,5980.0000,31.1302,3
2026-08-18 17:47:20,AMLX,31.1300,31.1300,31.1300,31.1300,0.0000,31.1300,0
2026-08-18 17:47:25,AMLX,31.1475,31.1475,31.1475,31.1475,100.0000,31.1475,1
2026-08-18 17:47:30,AMLX,31.1475,31.1475,31.1475,31.1475,0.0000,31.1475,0
2026-08-18 17:47:35,AMLX,31.1500,31.1500,31.1000,31.1000,5483.0000,31.1044,16
2026-08-18 17:47:40,AMLX,31.0800,31.0800,31.0600,31.0700,1930.0000,31.0698,14
2026-08-18 17:47:45,AMLX,31.0500,31.0700,31.0300,31.0550,3346.0000,31.0500,22
2026-08-18 17:47:50,AMLX,31.0550,31.0550,31.0550,31.0550,0.0000,31.0550,0
2026-08-18 17:47:55,AMLX,31.0738,31.0738,31.0738,31.0738,200.0000,31.0738,1
2026-08-18 17:48:00,AMLX,31.0400,31.0400,31.0400,31.0400,1400.0000,31.0400,2
2026-08-18 17:48:05,AMLX,31.0400,31.0400,31.0400,31.0400,0.0000,31.0400,0
2026-08-18 17:48:10,AMLX,31.0400,31.0400,30.8600,30.9000,16205.0000,30.9560,81
2026-08-18 17:48:15,AMLX,30.9000,30.9000,30.8300,30.8300,5883.0000,30.8576,28
2026-08-18 17:48:20,AMLX,30.8900,30.9000,30.8500,30.8600,3399.0000,30.8800,18
2026-08-18 17:48:25,AMLX,30.8500,30.9150,30.8500,30.8886,4755.0000,30.8680,18
2026-08-18 17:48:30,AMLX,30.8886,30.8886,30.8886,30.8886,0.0000,30.8886,0
2026-08-18 17:48:35,AMLX,30.9000,30.9200,30.8977,30.8977,600.0000,30.9059,4
2026-08-18 17:48:40,AMLX,30.8977,30.8977,30.8977,30.8977,0.0000,30.8977,0
2026-08-18 17:48:45,AMLX,30.8977,30.8977,30.8977,30.8977,0.0000,30.8977,0
2026-08-18 17:48:50,AMLX,30.9300,30.9300,30.9150,30.9150,450.0000,30.9267,3
2026-08-18 17:48:55,AMLX,30.9100,30.9400,30.9100,30.9400,2465.0000,30.9286,3
2026-08-18 17:49:00,AMLX,30.9400,30.9400,30.8900,30.8900,2017.0000,30.9102,14
2026-08-18 17:49:05,AMLX,30.8800,30.8800,30.8500,30.8500,10074.0000,30.8700,24
2026-08-18 17:49:10,AMLX,30.8569,30.8650,30.8403,30.8650,3018.0000,30.8551,7
2026-08-18 17:49:15,AMLX,30.8650,30.8650,30.8400,30.8550,1130.0000,30.8539,8
2026-08-18 17:49:20,AMLX,30.8550,30.8550,30.8300,30.8300,2298.0000,30.8439,14
2026-08-18 17:49:25,AMLX,30.8300,30.8499,30.8230,30.8400,3056.0000,30.8386,10
2026-08-18 17:49:30,AMLX,30.8201,30.8700,30.8201,30.8550,2584.0000,30.8521,19
2026-08-18 17:49:35,AMLX,30.8700,30.8700,30.8700,30.8700,450.0000,30.8700,1
2026-08-18 17:49:40,AMLX,30.8500,30.8500,30.8300,30.8450,700.0000,30.8450,7
2026-08-18 17:49:45,AMLX,30.8450,30.8600,30.7946,30.7946,8603.0000,30.8232,43
2026-08-18 17:49:50,AMLX,30.7950,30.7950,30.7100,30.7300,8290.0000,30.7464,33
2026-08-18 17:49:55,AMLX,30.7300,30.7600,30.7300,30.7400,950.0000,30.7445,8
2026-08-18 17:50:00,AMLX,30.7533,30.7533,30.7300,30.7500,1169.0000,30.7458,7
2026-08-18 17:50:05,AMLX,30.7420,30.7600,30.7100,30.7400,8859.0000,30.7363,63
2026-08-18 17:50:10,AMLX,30.7100,30.7350,30.7100,30.7350,1313.0000,30.7233,8
2026-08-18 17:50:15,AMLX,30.7161,30.7161,30.7161,30.7161,900.0000,30.7161,1
2026-08-18 17:50:20,AMLX,30.7000,30.7000,30.5700,30.6500,10253.0000,30.6357,54
2026-08-18 17:50:25,AMLX,30.6150,30.6300,30.5500,30.6005,10359.0000,30.6078,26
2026-08-18 17:50:30,AMLX,30.5750,30.7100,30.5000,30.7000,24481.0000,30.6180,132
2026-08-18 17:50:35,AMLX,30.7050,30.8100,30.7050,30.8100,5456.0000,30.7719,18
2026-08-18 17:50:40,AMLX,30.8300,30.8400,30.8100,30.8100,3100.0000,30.8174,6
2026-08-18 17:50:45,AMLX,30.8150,30.8150,30.8150,30.8150,500.0000,30.8150,1
2026-08-18 17:50:50,AMLX,30.8100,30.8100,30.8100,30.8100,100.0000,30.8100,1
2026-08-18 17:50:55,AMLX,30.8150,30.8150,30.8150,30.8150,200.0000,30.8150,1
2026-08-18 17:51:00,AMLX,30.8100,30.8100,30.8100,30.8100,698.0000,30.8100,6
2026-08-18 17:51:05,AMLX,30.8100,30.8100,30.8100,30.8100,0.0000,30.8100,0
2026-08-18 17:51:10,AMLX,30.8150,30.8700,30.8150,30.8700,2595.0000,30.8588,19
2026-08-18 17:51:15,AMLX,30.8700,30.9000,30.8600,30.8600,3881.0000,30.8827,13
2026-08-18 17:51:20,AMLX,30.8700,30.8700,30.8700,30.8700,180.0000,30.8700,1
2026-08-18 17:51:25,AMLX,30.8650,30.8799,30.8600,30.8799,2000.0000,30.8635,4
2026-08-18 17:51:30,AMLX,30.8799,30.8799,30.8799,30.8799,0.0000,30.8799,0
2026-08-18 17:51:35,AMLX,30.8600,30.9900,30.8600,30.9900,6314.0000,30.9108,35
2026-08-18 17:51:40,AMLX,30.9900,30.9900,30.9900,30.9900,0.0000,30.9900,0
2026-08-18 17:51:45,AMLX,30.9787,30.9787,30.9500,30.9500,333.0000,30.9701,2
2026-08-18 17:51:50,AMLX,30.9823,30.9823,30.9823,30.9823,2000.0000,30.9823,1
2026-08-18 17:51:55,AMLX,30.9400,30.9400,30.9300,30.9300,1185.0000,30.9308,6
2026-08-18 17:52:00,AMLX,30.9699,30.9699,30.9250,30.9400,2356.0000,30.9544,10
2026-08-18 17:52:05,AMLX,30.9400,30.9699,30.9400,30.9400,3590.0000,30.9569,12
2026-08-18 17:52:10,AMLX,30.9400,30.9400,30.9100,30.9150,4098.0000,30.9174,21
2026-08-18 17:52:15,AMLX,30.9219,30.9220,30.9219,30.9219,1115.0000,30.9219,1
2026-08-18 17:52:20,AMLX,30.8900,30.9231,30.8900,30.8900,2016.0000,30.9083,5
2026-08-18 17:52:25,AMLX,30.8900,30.8900,30.8900,30.8900,600.0000,30.8900,6
2026-08-18 17:52:30,AMLX,30.8850,31.0400,30.8850,31.0350,12377.0000,30.9514,58
2026-08-18 17:52:35,AMLX,31.0300,31.0799,31.0300,31.0799,2129.0000,31.0499,7
2026-08-18 17:52:40,AMLX,31.0500,31.0500,31.0500,31.0500,1000.0000,31.0500,2
2026-08-18 17:52:45,AMLX,31.0500,31.0783,31.0500,31.0600,1506.0000,31.0609,8
2026-08-18 17:52:50,AMLX,31.0300,31.0300,31.0100,31.0100,1605.0000,31.0269,8
2026-08-18 17:52:55,AMLX,31.0500,31.0500,31.0500,31.0500,292.0000,31.0500,1
2026-08-18 17:53:00,AMLX,31.0250,31.0250,31.0250,31.0250,200.0000,31.0250,1
2026-08-18 17:53:05,AMLX,31.0250,31.0250,31.0000,31.0075,2755.0000,31.0073,15
2026-08-18 17:53:10,AMLX,30.9900,30.9900,30.9450,30.9450,1619.0000,30.9860,6
2026-08-18 17:53:15,AMLX,30.9450,30.9450,30.9450,30.9450,0.0000,30.9450,0
2026-08-18 17:53:20,AMLX,30.9450,30.9450,30.9450,30.9450,0.0000,30.9450,0
2026-08-18 17:53:25,AMLX,30.9450,30.9450,30.9450,30.9450,0.0000,30.9450,0
2026-08-18 17:53:30,AMLX,30.9350,30.9547,30.9350,30.9547,1763.0000,30.9427,8
2026-08-18 17:53:35,AMLX,30.9400,30.9400,30.9400,30.9400,800.0000,30.9400,2
2026-08-18 17:53:40,AMLX,30.9400,30.9400,30.9300,30.9300,3220.0000,30.9396,3
2026-08-18 17:53:45,AMLX,30.9300,30.9300,30.9300,30.9300,0.0000,30.9300,0
2026-08-18 17:53:50,AMLX,30.9400,30.9700,30.9350,30.9600,1951.0000,30.9508,17
2026-08-18 17:53:55,AMLX,30.9700,30.9700,30.9700,30.9700,2373.0000,30.9700,1
2026-08-18 17:54:00,AMLX,30.9800,30.9800,30.9800,30.9800,1000.0000,30.9800,1
2026-08-18 17:54:05,AMLX,30.9800,30.9800,30.9800,30.9800,1000.0000,30.9800,1
2026-08-18 17:54:10,AMLX,30.9800,30.9800,30.9800,30.9800,100.0000,30.9800,1
2026-08-18 17:54:15,AMLX,30.9800,31.0500,30.9800,31.0300,5059.0000,31.0267,29
2026-08-18 17:54:20,AMLX,31.0157,31.0397,30.9400,30.9600,6877.0000,30.9791,21
2026-08-18 17:54:25,AMLX,30.9652,30.9652,30.9600,30.9600,600.0000,30.9617,4
2026-08-18 17:54:30,AMLX,30.9500,30.9500,30.9500,30.9500,250.0000,30.9500,2
2026-08-18 17:54:35,AMLX,30.9750,30.9750,30.9600,30.9600,600.0000,30.9725,2
2026-08-18 17:54:40,AMLX,30.9600,30.9600,30.9600,30.9600,200.0000,30.9600,2
2026-08-18 17:54:45,AMLX,30.9800,31.0000,30.9800,31.0000,2177.0000,30.9846,12
2026-08-18 17:54:50,AMLX,30.9850,30.9850,30.9700,30.9700,1194.0000,30.9713,8
2026-08-18 17:54:55,AMLX,30.9800,31.0000,30.9800,30.9900,1650.0000,30.9894,16
2026-08-18 17:55:00,AMLX,30.9700,31.0200,30.9700,31.0000,313.0000,30.9956,3
2026-08-18 17:55:05,AMLX,30.9950,30.9950,30.9950,30.9950,150.0000,30.9950,1
2026-08-18 17:55:10,AMLX,30.9950,30.9950,30.9950,30.9950,1100.0000,30.9950,2
2026-08-18 17:55:15,AMLX,30.9950,31.1050,30.9950,31.1000,5919.0000,31.0505,31
2026-08-18 17:55:20,AMLX,31.1150,31.1150,31.1150,31.1150,600.0000,31.1150,6
2026-08-18 17:55:25,AMLX,31.1200,31.1600,31.1200,31.1523,1975.0000,31.1377,9
2026-08-18 17:55:30,AMLX,31.1523,31.1523,31.1523,31.1523,0.0000,31.1523,0
2026-08-18 17:55:35,AMLX,31.1096,31.1200,31.1096,31.1200,1451.0000,31.1132,2
2026-08-18 17:55:40,AMLX,31.0800,31.1000,31.0700,31.0800,2949.0000,31.0803,16
2026-08-18 17:55:45,AMLX,31.0800,31.0800,31.0800,31.0800,0.0000,31.0800,0
2026-08-18 17:55:50,AMLX,31.0800,31.0800,31.0800,31.0800,100.0000,31.0800,1
2026-08-18 17:55:55,AMLX,31.0800,31.0800,31.0800,31.0800,300.0000,31.0800,1
2026-08-18 17:56:00,AMLX,31.0800,31.0800,31.0800,31.0800,300.0000,31.0800,1
2026-08-18 17:56:05,AMLX,31.1000,31.1000,31.0800,31.0800,300.0000,31.0933,2
2026-08-18 17:56:10,AMLX,31.0890,31.1100,31.0800,31.1050,2450.0000,31.0927,19
2026-08-18 17:56:15,AMLX,31.0882,31.0882,31.0761,31.0761,2530.0000,31.0785,2
2026-08-18 17:56:20,AMLX,31.1000,31.1000,31.1000,31.1000,700.0000,31.1000,2
2026-08-18 17:56:25,AMLX,31.0950,31.0950,31.0461,31.0461,14450.0000,31.0833,28
2026-08-18 17:56:30,AMLX,31.0400,31.0400,31.0098,31.0098,1400.0000,31.0189,10
2026-08-18 17:56:35,AMLX,31.0000,31.0000,30.9900,30.9900,759.0000,30.9947,6
2026-08-18 17:56:40,AMLX,30.9900,30.9900,30.9900,30.9900,0.0000,30.9900,0
2026-08-18 17:56:45,AMLX,30.9850,31.0100,30.9850,30.9900,1900.0000,30.9962,9
2026-08-18 17:56:50,AMLX,30.9750,30.9750,30.9750,30.9750,137.0000,30.9750,1
2026-08-18 17:56:55,AMLX,30.9750,30.9750,30.9750,30.9750,0.0000,30.9750,0
2026-08-18 17:57:00,AMLX,30.9700,30.9750,30.9700,30.9750,200.0000,30.9725,2
2026-08-18 17:57:05,AMLX,30.9750,30.9750,30.9750,30.9750,0.0000,30.9750,0
2026-08-18 17:57:10,AMLX,30.9638,30.9750,30.9638,30.9750,400.0000,30.9666,2
2026-08-18 17:57:15,AMLX,30.9750,31.0499,30.9500,31.0300,9038.0000,30.9987,61
2026-08-18 17:57:20,AMLX,31.0100,31.0100,31.0100,31.0100,2500.0000,31.0100,1
2026-08-18 17:57:25,AMLX,31.0446,31.0446,31.0446,31.0446,1000.0000,31.0446,1
2026-08-18 17:57:30,AMLX,31.0200,31.0200,31.0200,31.0200,500.0000,31.0200,1
2026-08-18 17:57:35,AMLX,31.0500,31.0500,31.0500,31.0500,125.0000,31.0500,1
2026-08-18 17:57:40,AMLX,31.0000,31.0000,31.0000,31.0000,310.0000,31.0000,1
2026-08-18 17:57:45,AMLX,31.0000,31.0000,31.0000,31.0000,0.0000,31.0000,0
2026-08-18 17:57:50,AMLX,31.0200,31.0200,31.0200,31.0200,100.0000,31.0200,1
2026-08-18 17:57:55,AMLX,31.0200,31.0200,31.0200,31.0200,0.0000,31.0200,0
2026-08-18 17:58:00,AMLX,31.0200,31.0200,31.0200,31.0200,0.0000,31.0200,0
2026-08-18 17:58:05,AMLX,31.0000,31.0000,31.0000,31.0000,325.0000,31.0000,1
2026-08-18 17:58:10,AMLX,31.0000,31.0000,31.0000,31.0000,0.0000,31.0000,0
2026-08-18 17:58:15,AMLX,31.0000,31.0000,31.0000,31.0000,1000.0000,31.0000,1
2026-08-18 17:58:20,AMLX,30.9900,31.0000,30.9800,30.9800,1905.0000,30.9842,15
2026-08-18 17:58:25,AMLX,30.9899,30.9899,30.9700,30.9700,1432.0000,30.9769,5
2026-08-18 17:58:30,AMLX,30.9500,30.9500,30.9500,30.9500,331.0000,30.9500,1
2026-08-18 17:58:35,AMLX,30.9700,31.1000,30.9700,31.0900,10087.0000,31.0224,68
2026-08-18 17:58:40,AMLX,31.1315,31.1315,31.1315,31.1315,272.0000,31.1315,1
2026-08-18 17:58:45,AMLX,31.1315,31.1315,31.1315,31.1315,0.0000,31.1315,0
2026-08-18 17:58:50,AMLX,31.1050,31.1050,31.1050,31.1050,1000.0000,31.1050,1
2026-08-18 17:58:55,AMLX,31.0608,31.0608,31.0400,31.0600,1550.0000,31.0588,6
2026-08-18 17:59:00,AMLX,31.0350,31.0350,31.0350,31.0350,100.0000,31.0350,1
2026-08-18 17:59:05,AMLX,31.0400,31.0400,31.0350,31.0350,2200.0000,31.0355,2
2026-08-18 17:59:10,AMLX,31.0600,31.0600,31.0600,31.0600,445.0000,31.0600,2
2026-08-18 17:59:15,AMLX,31.0200,31.0500,31.0200,31.0500,307.0000,31.0325,2
2026-08-18 17:59:20,AMLX,31.0600,31.1900,31.0600,31.1800,8827.0000,31.1076,53
2026-08-18 17:59:25,AMLX,31.1794,31.1999,31.1500,31.1700,1226.0000,31.1754,5
2026-08-18 17:59:30,AMLX,31.1468,31.1468,31.0585,31.0585,10263.0000,31.0949,73
2026-08-18 17:59:35,AMLX,31.0500,31.0900,31.0200,31.0600,3476.0000,31.0562,9
2026-08-18 17:59:40,AMLX,31.0600,31.2400,31.0550,31.2300,3784.0000,31.1535,26
2026-08-18 17:59:45,AMLX,31.2300,31.2300,31.2300,31.2300,0.0000,31.2300,0
2026-08-18 17:59:50,AMLX,31.2174,31.2174,31.2174,31.2174,300.0000,31.2174,1
2026-08-18 17:59:55,AMLX,31.1950,31.2122,31.1950,31.2122,600.0000,31.2093,2
2026-08-18 18:00:00,AMLX,31.1950,31.2200,31.1400,31.2200,3250.0000,31.2049,4
2026-08-18 18:00:05,AMLX,31.2100,31.2600,31.1900,31.2300,4588.0000,31.2450,37
2026-08-18 18:00:10,AMLX,31.2001,31.2300,31.2001,31.2200,1551.0000,31.2207,4
2026-08-18 18:00:15,AMLX,31.2200,31.2200,31.2200,31.2200,200.0000,31.2200,1
2026-08-18 18:00:20,AMLX,31.2250,31.2250,31.2200,31.2200,2400.0000,31.2223,7
2026-08-18 18:00:25,AMLX,31.2499,31.3426,31.2250,31.2981,13827.0000,31.2654,43
2026-08-18 18:00:30,AMLX,31.3200,31.3497,31.2900,31.3000,4900.0000,31.3029,26
2026-08-18 18:00:35,AMLX,31.3200,31.3200,31.2700,31.2700,1542.0000,31.2989,8
2026-08-18 18:00:40,AMLX,31.2650,31.3300,31.2486,31.2801,5281.0000,31.3000,29
2026-08-18 18:00:45,AMLX,31.3400,31.3500,31.3150,31.3500,3900.0000,31.3445,18
2026-08-18 18:00:50,AMLX,31.3500,31.3500,31.3500,31.3500,400.0000,31.3500,1
2026-08-18 18:00:55,AMLX,31.3500,31.3500,31.3500,31.3500,1200.0000,31.3500,3
2026-08-18 18:01:00,AMLX,31.3600,31.3600,31.3100,31.3200,3426.0000,31.3482,8
2026-08-18 18:01:05,AMLX,31.3350,31.3366,31.3220,31.3350,2100.0000,31.3339,9
2026-08-18 18:01:10,AMLX,31.3324,31.3700,31.3324,31.3500,3550.0000,31.3525,10
2026-08-18 18:01:15,AMLX,31.3500,31.3600,31.2900,31.2900,6677.0000,31.3226,30
2026-08-18 18:01:20,AMLX,31.2700,31.3000,31.2700,31.3000,540.0000,31.2894,3
2026-08-18 18:01:25,AMLX,31.3000,31.3000,31.2850,31.2850,250.0000,31.2940,2
2026-08-18 18:01:30,AMLX,31.2900,31.2900,31.2900,31.2900,100.0000,31.2900,1
2026-08-18 18:01:35,AMLX,31.2700,31.2700,31.2000,31.2700,3102.0000,31.2423,25
2026-08-18 18:01:40,AMLX,31.2953,31.2953,31.2600,31.2750,780.0000,31.2817,5
2026-08-18 18:01:45,AMLX,31.2600,31.2600,31.2500,31.2500,352.0000,31.2557,3
2026-08-18 18:01:50,AMLX,31.2500,31.2550,31.2400,31.2550,360.0000,31.2494,3
2026-08-18 18:01:55,AMLX,31.2351,31.3100,31.2300,31.3100,9267.0000,31.2759,35
2026-08-18 18:02:00,AMLX,31.3050,31.3200,31.2200,31.2200,7532.0000,31.2834,38
2026-08-18 18:02:05,AMLX,31.1900,31.2500,31.1800,31.2500,3300.0000,31.2087,12
2026-08-18 18:02:10,AMLX,31.2450,31.2450,31.2200,31.2200,600.0000,31.2408,2
2026-08-18 18:02:15,AMLX,31.2200,31.2200,31.2200,31.2200,0.0000,31.2200,0
2026-08-18 18:02:20,AMLX,31.1801,31.2200,31.1801,31.2200,945.0000,31.1949,5
2026-08-18 18:02:25,AMLX,31.2000,31.2000,31.2000,31.2000,100.0000,31.2000,1
2026-08-18 18:02:30,AMLX,31.2000,31.2000,31.2000,31.2000,0.0000,31.2000,0
2026-08-18 18:02:35,AMLX,31.2118,31.3200,31.2118,31.3125,1653.0000,31.2737,12
2026-08-18 18:02:40,AMLX,31.3125,31.3125,31.3125,31.3125,0.0000,31.3125,0
2026-08-18 18:02:45,AMLX,31.3125,31.3125,31.3125,31.3125,0.0000,31.3125,0
2026-08-18 18:02:50,AMLX,31.3300,31.3300,31.3100,31.3100,776.0000,31.3223,4
2026-08-18 18:02:55,AMLX,31.3250,31.3250,31.3250,31.3250,530.0000,31.3250,1
2026-08-18 18:03:00,AMLX,31.3250,31.3250,31.3250,31.3250,3772.0000,31.3250,2
2026-08-18 18:03:05,AMLX,31.3250,31.3250,31.3250,31.3250,300.0000,31.3250,1
2026-08-18 18:03:10,AMLX,31.3250,31.3250,31.3250,31.3250,200.0000,31.3250,1
2026-08-18 18:03:15,AMLX,31.3350,31.3900,31.3350,31.3900,2158.0000,31.3692,21
2026-08-18 18:03:20,AMLX,31.3950,31.3950,31.3950,31.3950,250.0000,31.3950,2
2026-08-18 18:03:25,AMLX,31.3900,31.3950,31.3200,31.3200,4139.0000,31.3694,11
2026-08-18 18:03:30,AMLX,31.3200,31.3200,31.3200,31.3200,0.0000,31.3200,0
2026-08-18 18:03:35,AMLX,31.3150,31.3200,31.3150,31.3200,1579.0000,31.3175,9
2026-08-18 18:03:40,AMLX,31.3200,31.3200,31.3200,31.3200,0.0000,31.3200,0
2026-08-18 18:03:45,AMLX,31.3500,31.4100,31.3500,31.4100,1000.0000,31.3670,8
2026-08-18 18:03:50,AMLX,31.4200,31.4500,31.4000,31.4200,2602.0000,31.4311,22
2026-08-18 18:03:55,AMLX,31.4290,31.4499,31.4200,31.4323,625.0000,31.4294,4
2026-08-18 18:04:00,AMLX,31.3982,31.4200,31.3982,31.4200,1480.0000,31.4185,3
2026-08-18 18:04:05,AMLX,31.4200,31.4900,31.4200,31.4560,6393.0000,31.4616,47
2026-08-18 18:04:10,AMLX,31.4560,31.4560,31.4560,31.4560,0.0000,31.4560,0
2026-08-18 18:04:15,AMLX,31.4500,31.4600,31.4500,31.4600,513.0000,31.4563,4
2026-08-18 18:04:20,AMLX,31.4600,31.4600,31.4600,31.4600,0.0000,31.4600,0
2026-08-18 18:04:25,AMLX,31.4600,31.4600,31.4355,31.4355,1885.0000,31.4440,7
2026-08-18 18:04:30,AMLX,31.4650,31.5500,31.4650,31.5000,8945.0000,31.5010,54
2026-08-18 18:04:35,AMLX,31.5400,31.5526,31.5101,31.5526,7575.0000,31.5275,13
2026-08-18 18:04:40,AMLX,31.5300,31.5300,31.5300,31.5300,1200.0000,31.5300,11
2026-08-18 18:04:45,AMLX,31.5300,31.5300,31.5300,31.5300,0.0000,31.5300,0
2026-08-18 18:04:50,AMLX,31.5517,31.5517,31.5000,31.5000,6493.0000,31.5020,27
2026-08-18 18:04:55,AMLX,31.5100,31.5200,31.5100,31.5200,1826.0000,31.5149,14
2026-08-18 18:05:00,AMLX,31.5300,31.5500,31.5200,31.5300,1500.0000,31.5333,10
2026-08-18 18:05:05,AMLX,31.5200,31.5200,31.5000,31.5100,1326.0000,31.5101,8
2026-08-18 18:05:10,AMLX,31.5028,31.5500,31.5000,31.5050,12336.0000,31.5028,32
2026-08-18 18:05:15,AMLX,31.5400,31.5800,31.5400,31.5600,1463.0000,31.5635,6
2026-08-18 18:05:20,AMLX,31.5500,31.6000,31.5200,31.5200,7716.0000,31.5536,30
2026-08-18 18:05:25,AMLX,31.5400,31.5600,31.5015,31.5255,1138.0000,31.5295,9
2026-08-18 18:05:30,AMLX,31.5550,31.6200,31.5550,31.6200,3985.0000,31.5850,28
2026-08-18 18:05:35,AMLX,31.6300,31.6788,31.6250,31.6360,3858.0000,31.6340,20
2026-08-18 18:05:40,AMLX,31.6500,31.6800,31.6362,31.6362,900.0000,31.6515,5
2026-08-18 18:05:45,AMLX,31.6800,31.7200,31.6800,31.7000,21126.0000,31.7004,85
2026-08-18 18:05:50,AMLX,31.7000,31.7099,31.7000,31.7000,8590.0000,31.7024,33
2026-08-18 18:05:55,AMLX,31.7050,31.7086,31.7050,31.7086,262.0000,31.7072,2
2026-08-18 18:06:00,AMLX,31.7000,31.7000,31.6000,31.6200,10620.0000,31.6528,39
2026-08-18 18:06:05,AMLX,31.6200,31.6785,31.6200,31.6785,3710.0000,31.6244,24
2026-08-18 18:06:10,AMLX,31.6500,31.6600,31.6300,31.6500,1200.0000,31.6492,6
2026-08-18 18:06:15,AMLX,31.6867,31.7500,31.6548,31.7500,9741.0000,31.7075,56
2026-08-18 18:06:20,AMLX,31.7700,31.8000,31.7550,31.7642,1707.0000,31.7683,7
2026-08-18 18:06:25,AMLX,31.7550,31.7999,31.7550,31.7999,4347.0000,31.7635,5
2026-08-18 18:06:30,AMLX,31.7900,31.8000,31.7800,31.7817,950.0000,31.7891,4
2026-08-18 18:06:35,AMLX,31.7700,31.7900,31.7600,31.7750,489.0000,31.7767,4
2026-08-18 18:06:40,AMLX,31.7700,31.7900,31.7600,31.7650,3463.0000,31.7651,6
2026-08-18 18:06:45,AMLX,31.7671,31.7671,31.7600,31.7650,500.0000,31.7653,3
2026-08-18 18:06:50,AMLX,31.7650,31.7650,31.7538,31.7538,200.0000,31.7594,2
2026-08-18 18:06:55,AMLX,31.7750,31.7750,31.7500,31.7600,3100.0000,31.7611,6
2026-08-18 18:07:00,AMLX,31.7600,31.7600,31.7600,31.7600,0.0000,31.7600,0
2026-08-18 18:07:05,AMLX,31.7600,31.7600,31.7600,31.7600,0.0000,31.7600,0
2026-08-18 18:07:10,AMLX,31.7500,31.7572,31.7500,31.7572,2100.0000,31.7503,2
2026-08-18 18:07:15,AMLX,31.7500,31.7600,31.7338,31.7600,10070.0000,31.7404,22
2026-08-18 18:07:20,AMLX,31.7600,31.7600,31.7600,31.7600,0.0000,31.7600,0
2026-08-18 18:07:25,AMLX,31.7500,31.7558,31.7300,31.7300,1649.0000,31.7464,7
2026-08-18 18:07:30,AMLX,31.7450,31.7450,31.7328,31.7328,840.0000,31.7351,3
2026-08-18 18:07:35,AMLX,31.7450,31.8000,31.7300,31.8000,8960.0000,31.7814,38
2026-08-18 18:07:40,AMLX,31.8000,31.8000,31.8000,31.8000,800.0000,31.8000,6
2026-08-18 18:07:45,AMLX,31.8000,31.8000,31.8000,31.8000,1600.0000,31.8000,6
2026-08-18 18:07:50,AMLX,31.8000,31.9100,31.8000,31.9099,16804.0000,31.8619,83
2026-08-18 18:07:55,AMLX,31.8900,31.8900,31.8900,31.8900,1250.0000,31.8900,5
2026-08-18 18:08:00,AMLX,31.8800,31.9700,31.8600,31.9500,41663.0000,31.9229,232
2026-08-18 18:08:05,AMLX,31.9550,31.9550,31.9500,31.9550,9911.0000,31.9516,53
2026-08-18 18:08:10,AMLX,31.9600,32.0400,31.9000,31.9600,46620.0000,31.9682,226
2026-08-18 18:08:15,AMLX,31.9500,31.9500,31.8400,31.9000,4632.0000,31.8984,32
2026-08-18 18:08:20,AMLX,31.9150,31.9376,31.8700,31.9000,8708.0000,31.9008,27
2026-08-18 18:08:25,AMLX,31.8600,31.9194,31.8600,31.9150,2679.0000,31.8998,14
2026-08-18 18:08:30,AMLX,31.8900,31.8900,31.8400,31.8400,2721.0000,31.8609,9
2026-08-18 18:08:35,AMLX,31.8200,31.8521,31.8003,31.8300,3720.0000,31.8302,13
2026-08-18 18:08:40,AMLX,31.8300,31.8800,31.8100,31.8550,3637.0000,31.8442,17
2026-08-18 18:08:45,AMLX,31.8400,31.8700,31.8400,31.8400,4300.0000,31.8476,22
2026-08-18 18:08:50,AMLX,31.8115,31.8800,31.8115,31.8600,6711.0000,31.8573,15
2026-08-18 18:08:55,AMLX,31.8600,31.8800,31.8600,31.8800,1830.0000,31.8647,7
2026-08-18 18:09:00,AMLX,31.8700,31.8800,31.8700,31.8800,1200.0000,31.8750,9
2026-08-18 18:09:05,AMLX,31.8700,31.8900,31.8700,31.8700,1140.0000,31.8777,5
2026-08-18 18:09:10,AMLX,31.8500,31.8600,31.8285,31.8550,3098.0000,31.8483,21
2026-08-18 18:09:15,AMLX,31.8900,31.9000,31.8300,31.8450,6103.0000,31.8655,24
2026-08-18 18:09:20,AMLX,31.8200,31.9000,31.8100,31.8600,8208.0000,31.8493,34
2026-08-18 18:09:25,AMLX,31.8900,31.8900,31.8900,31.8900,1140.0000,31.8900,2
2026-08-18 18:09:30,AMLX,31.9000,31.9200,31.8586,31.8850,5335.0000,31.9018,30
2026-08-18 18:09:35,AMLX,31.8500,31.8500,31.8500,31.8500,500.0000,31.8500,1
2026-08-18 18:09:40,AMLX,31.8850,31.8850,31.8000,31.8050,2340.0000,31.8482,12
2026-08-18 18:09:45,AMLX,31.8000,31.8500,31.7800,31.7913,16497.0000,31.8092,54
2026-08-18 18:09:50,AMLX,31.8200,31.8597,31.8100,31.8597,600.0000,31.8365,6
2026-08-18 18:09:55,AMLX,31.8000,31.9400,31.8000,31.9100,20390.0000,31.8605,84
2026-08-18 18:10:00,AMLX,31.8650,31.9700,31.8001,31.9400,10248.0000,31.9410,34
2026-08-18 18:10:05,AMLX,31.9700,32.0389,31.9400,32.0389,12265.0000,31.9772,49
2026-08-18 18:10:10,AMLX,32.0415,32.0415,31.9400,31.9500,3570.0000,31.9778,25
2026-08-18 18:10:15,AMLX,31.9400,31.9900,31.9400,31.9900,9450.0000,31.9500,25
2026-08-18 18:10:20,AMLX,31.9650,31.9900,31.9400,31.9400,3905.0000,31.9802,22
2026-08-18 18:10:25,AMLX,31.9576,31.9830,31.9200,31.9696,7469.0000,31.9444,57
2026-08-18 18:10:30,AMLX,31.9700,32.0100,31.9400,31.9500,27271.0000,31.9923,83
2026-08-18 18:10:35,AMLX,31.9750,32.0300,31.9750,32.0000,7658.0000,32.0051,48
2026-08-18 18:10:40,AMLX,32.0100,32.0400,31.9700,32.0400,15577.0000,32.0008,80
2026-08-18 18:10:45,AMLX,32.0100,32.0200,32.0000,32.0091,3611.0000,32.0026,23
2026-08-18 18:10:50,AMLX,32.0000,32.0150,32.0000,32.0150,7309.0000,32.0082,26
2026-08-18 18:10:55,AMLX,32.0066,32.0066,32.0000,32.0000,3885.0000,32.0017,17
2026-08-18 18:11:00,AMLX,32.0000,32.0150,32.0000,32.0000,3994.0000,32.0013,24
2026-08-18 18:11:05,AMLX,32.0000,32.0800,32.0000,32.0600,32033.0000,32.0218,170
2026-08-18 18:11:10,AMLX,32.0600,32.1150,32.0600,32.1150,12993.0000,32.0908,42
2026-08-18 18:11:15,AMLX,32.1405,32.1550,32.0800,32.1300,14170.0000,32.1192,67
2026-08-18 18:11:20,AMLX,32.1300,32.1600,32.1001,32.1001,2796.0000,32.1419,15
2026-08-18 18:11:25,AMLX,32.1500,32.2450,32.1450,32.2450,9644.0000,32.1862,70
2026-08-18 18:11:30,AMLX,32.2260,32.2451,32.2260,32.2450,3100.0000,32.2402,8
2026-08-18 18:11:35,AMLX,32.2200,32.2400,32.1000,32.2400,40760.0000,32.1133,13
2026-08-18 18:11:40,AMLX,32.2400,32.2400,32.2000,32.2200,2866.0000,32.2081,12
2026-08-18 18:11:45,AMLX,32.2200,32.2200,32.2200,32.2200,1000.0000,32.2200,3
2026-08-18 18:11:50,AMLX,32.2599,32.2599,32.2250,32.2250,4490.0000,32.2456,16
2026-08-18 18:11:55,AMLX,32.2300,32.2500,32.2200,32.2400,6583.0000,32.2318,44
2026-08-18 18:12:00,AMLX,32.2600,32.2700,32.2200,32.2552,6122.0000,32.2566,29
2026-08-18 18:12:05,AMLX,32.2500,32.2579,32.2500,32.2579,1162.0000,32.2534,7
2026-08-18 18:12:10,AMLX,32.2500,32.2662,32.2500,32.2550,1624.0000,32.2534,9
2026-08-18 18:12:15,AMLX,32.2550,32.3400,32.2400,32.3297,16002.0000,32.2959,54
2026-08-18 18:12:20,AMLX,32.3150,32.3298,32.3000,32.3161,2744.0000,32.3228,10
2026-08-18 18:12:25,AMLX,32.3000,32.3431,32.2901,32.3431,3429.0000,32.3079,9
2026-08-18 18:12:30,AMLX,32.3200,32.3250,32.3200,32.3250,200.0000,32.3225,2
2026-08-18 18:12:35,AMLX,32.3250,32.3250,32.3050,32.3160,2731.0000,32.3179,9
2026-08-18 18:12:40,AMLX,32.3165,32.3399,32.3001,32.3200,2341.0000,32.3201,9
2026-08-18 18:12:45,AMLX,32.3349,32.3400,32.3300,32.3300,945.0000,32.3347,7
2026-08-18 18:12:50,AMLX,32.3378,32.3500,32.3300,32.3306,3300.0000,32.3355,5
2026-08-18 18:12:55,AMLX,32.3300,32.3500,32.3300,32.3400,974.0000,32.3343,5
2026-08-18 18:13:00,AMLX,32.3462,32.3500,32.3200,32.3500,1362.0000,32.3409,9
2026-08-18 18:13:05,AMLX,32.3500,32.3800,32.3400,32.3800,6837.0000,32.3580,23
2026-08-18 18:13:10,AMLX,32.3700,32.3700,32.3300,32.3372,2725.0000,32.3434,15
2026-08-18 18:13:15,AMLX,32.3400,32.3400,32.3237,32.3300,3666.0000,32.3303,9
2026-08-18 18:13:20,AMLX,32.3400,32.3400,32.2300,32.2800,9639.0000,32.2760,58
2026-08-18 18:13:25,AMLX,32.3204,32.3500,32.3100,32.3500,2804.0000,32.3143,12
2026-08-18 18:13:30,AMLX,32.3120,32.3900,32.3120,32.3700,12941.0000,32.3659,44
2026-08-18 18:13:35,AMLX,32.3700,32.3700,32.3300,32.3300,3832.0000,32.3434,13
2026-08-18 18:13:40,AMLX,32.3300,32.3300,32.2900,32.3025,1800.0000,32.3096,14
2026-08-18 18:13:45,AMLX,32.3000,32.3000,32.2800,32.2903,771.0000,32.2890,7
2026-08-18 18:13:50,AMLX,32.3000,32.3000,32.2591,32.2591,1850.0000,32.2650,5
2026-08-18 18:13:55,AMLX,32.2500,32.3000,32.2500,32.2501,1450.0000,32.2687,6
2026-08-18 18:14:00,AMLX,32.2800,32.3000,32.2500,32.2650,5318.0000,32.2758,20
2026-08-18 18:14:05,AMLX,32.2400,32.2450,32.2400,32.2450,992.0000,32.2405,6
2026-08-18 18:14:10,AMLX,32.2300,32.2800,32.2250,32.2550,1640.0000,32.2396,9
2026-08-18 18:14:15,AMLX,32.2300,32.2550,32.2200,32.2473,3238.0000,32.2456,13
2026-08-18 18:14:20,AMLX,32.2500,32.3600,32.2500,32.3400,11235.0000,32.3065,71
2026-08-18 18:14:25,AMLX,32.3369,32.3580,32.3369,32.3400,960.0000,32.3480,4
2026-08-18 18:14:30,AMLX,32.3350,32.3500,32.3350,32.3383,400.0000,32.3396,3
2026-08-18 18:14:35,AMLX,32.3350,32.3410,32.3100,32.3350,3300.0000,32.3358,4
2026-08-18 18:14:40,AMLX,32.3600,32.3600,32.3470,32.3470,600.0000,32.3578,2
2026-08-18 18:14:45,AMLX,32.3600,32.4280,32.3350,32.4067,9427.0000,32.3910,39
2026-08-18 18:14:50,AMLX,32.3950,32.3950,32.3500,32.3500,1500.0000,32.3890,6
2026-08-18 18:14:55,AMLX,32.3550,32.3913,32.3400,32.3650,3019.0000,32.3645,11
2026-08-18 18:15:00,AMLX,32.3989,32.3989,32.2800,32.2800,6160.0000,32.3150,21
2026-08-18 18:15:05,AMLX,32.2800,32.3250,32.2750,32.3200,5030.0000,32.2983,23
2026-08-18 18:15:10,AMLX,32.3100,32.3150,32.2900,32.2900,1062.0000,32.3016,5
2026-08-18 18:15:15,AMLX,32.3599,32.3599,32.2900,32.3250,5794.0000,32.3058,17
2026-08-18 18:15:20,AMLX,32.2900,32.3250,32.2900,32.3250,1413.0000,32.3210,3
2026-08-18 18:15:25,AMLX,32.3300,32.3514,32.3200,32.3200,1261.0000,32.3311,5
2026-08-18 18:15:30,AMLX,32.3339,32.3339,32.3333,32.3333,550.0000,32.3338,2
2026-08-18 18:15:35,AMLX,32.3339,32.3339,32.2901,32.3100,1900.0000,32.3117,4
2026-08-18 18:15:40,AMLX,32.3300,32.3600,32.3150,32.3600,1200.0000,32.3346,12
2026-08-18 18:15:45,AMLX,32.3600,32.3600,32.3600,32.3600,0.0000,32.3600,0
2026-08-18 18:15:50,AMLX,32.3400,32.3599,32.3400,32.3400,1500.0000,32.3453,3
2026-08-18 18:15:55,AMLX,32.3250,32.3599,32.3250,32.3466,1032.0000,32.3397,4
2026-08-18 18:16:00,AMLX,32.3400,32.3500,32.3300,32.3500,1000.0000,32.3435,6
2026-08-18 18:16:05,AMLX,32.3200,32.3200,32.3200,32.3200,500.0000,32.3200,1
2026-08-18 18:16:10,AMLX,32.3300,32.3350,32.3200,32.3200,640.0000,32.3271,4
2026-08-18 18:16:15,AMLX,32.3300,32.3700,32.3300,32.3500,8207.0000,32.3395,26
2026-08-18 18:16:20,AMLX,32.3650,32.3650,32.3550,32.3550,1146.0000,32.3637,8
2026-08-18 18:16:25,AMLX,32.3500,32.3500,32.3400,32.3500,2200.0000,32.3409,6
2026-08-18 18:16:30,AMLX,32.3300,32.3500,32.3200,32.3250,2728.0000,32.3351,20
2026-08-18 18:16:35,AMLX,32.3250,32.3250,32.3250,32.3250,100.0000,32.3250,1
2026-08-18 18:16:40,AMLX,32.3250,32.3250,32.2800,32.3000,3598.0000,32.2948,16
2026-08-18 18:16:45,AMLX,32.3000,32.3100,32.2800,32.3100,600.0000,32.2983,6
2026-08-18 18:16:50,AMLX,32.3000,32.3650,32.3000,32.3600,7100.0000,32.3424,44
2026-08-18 18:16:55,AMLX,32.3800,32.3800,32.3600,32.3600,1000.0000,32.3620,9
2026-08-18 18:17:00,AMLX,32.3899,32.4300,32.3600,32.4300,8265.0000,32.3975,54
2026-08-18 18:17:05,AMLX,32.4122,32.4122,32.3950,32.3950,1652.0000,32.4007,3
2026-08-18 18:17:10,AMLX,32.4098,32.4100,32.4063,32.4063,1057.0000,32.4087,4
2026-08-18 18:17:15,AMLX,32.4100,32.4600,32.4100,32.4600,1233.0000,32.4397,11
2026-08-18 18:17:20,AMLX,32.4300,32.5200,32.4300,32.4650,18713.0000,32.4654,52
2026-08-18 18:17:25,AMLX,32.4500,32.4600,32.4450,32.4450,3801.0000,32.4560,13
2026-08-18 18:17:30,AMLX,32.4450,32.4450,32.4450,32.4450,0.0000,32.4450,0
2026-08-18 18:17:35,AMLX,32.4458,32.4458,32.4350,32.4350,1972.0000,32.4360,3
2026-08-18 18:17:40,AMLX,32.4400,32.4700,32.4300,32.4700,1560.0000,32.4457,11
2026-08-18 18:17:45,AMLX,32.4401,32.4800,32.4401,32.4800,2000.0000,32.4630,6
2026-08-18 18:17:50,AMLX,32.4716,32.4750,32.4600,32.4600,2500.0000,32.4649,9
2026-08-18 18:17:55,AMLX,32.4500,32.4800,32.4500,32.4750,4948.0000,32.4605,10
2026-08-18 18:18:00,AMLX,32.4700,32.4750,32.4700,32.4750,1000.0000,32.4745,6
2026-08-18 18:18:05,AMLX,32.4750,32.5500,32.4450,32.4450,21809.0000,32.5094,109
2026-08-18 18:18:10,AMLX,32.4600,32.4693,32.4600,32.4693,685.0000,32.4614,2
2026-08-18 18:18:15,AMLX,32.5000,32.5500,32.5000,32.5400,14989.0000,32.5176,46
2026-08-18 18:18:20,AMLX,32.5050,32.5500,32.5050,32.5100,2500.0000,32.5138,14
2026-08-18 18:18:25,AMLX,32.5150,32.5500,32.5000,32.5050,11597.0000,32.5242,64
2026-08-18 18:18:30,AMLX,32.5000,32.5145,32.4750,32.4750,15195.0000,32.4884,50
2026-08-18 18:18:35,AMLX,32.4750,32.4750,32.3610,32.3950,8122.0000,32.4012,30
2026-08-18 18:18:40,AMLX,32.3950,32.3950,32.3700,32.3800,1300.0000,32.3760,9
2026-08-18 18:18:45,AMLX,32.3900,32.3999,32.3800,32.3800,541.0000,32.3892,4
2026-08-18 18:18:50,AMLX,32.3601,32.3800,32.3601,32.3800,300.0000,32.3667,2
2026-08-18 18:18:55,AMLX,32.3700,32.3799,32.3601,32.3799,1877.0000,32.3715,6
2026-08-18 18:19:00,AMLX,32.3600,32.3600,32.3201,32.3201,4181.0000,32.3469,23
2026-08-18 18:19:05,AMLX,32.3600,32.3600,32.3395,32.3559,2100.0000,32.3580,11
2026-08-18 18:19:10,AMLX,32.3536,32.3536,32.3001,32.3100,1824.0000,32.3246,8
2026-08-18 18:19:15,AMLX,32.3250,32.4800,32.3200,32.4500,10255.0000,32.4111,71
2026-08-18 18:19:20,AMLX,32.4500,32.4600,32.4396,32.4550,1000.0000,32.4504,5
2026-08-18 18:19:25,AMLX,32.4990,32.4990,32.4272,32.4400,3203.0000,32.4503,8
2026-08-18 18:19:30,AMLX,32.4450,32.4450,32.4386,32.4386,600.0000,32.4397,2
2026-08-18 18:19:35,AMLX,32.4450,32.4451,32.4100,32.4451,7263.0000,32.4238,26
2026-08-18 18:19:40,AMLX,32.4300,32.5000,32.4300,32.4704,7479.0000,32.4699,21
2026-08-18 18:19:45,AMLX,32.4750,32.4750,32.4000,32.4150,5613.0000,32.4303,25
2026-08-18 18:19:50,AMLX,32.4150,32.4150,32.4150,32.4150,0.0000,32.4150,0
2026-08-18 18:19:55,AMLX,32.4000,32.4699,32.3800,32.3900,2909.0000,32.4163,8
2026-08-18 18:20:00,AMLX,32.4100,32.4100,32.4100,32.4100,300.0000,32.4100,1
2026-08-18 18:20:05,AMLX,32.4100,32.4100,32.3905,32.3950,787.0000,32.3963,4
2026-08-18 18:20:10,AMLX,32.3950,32.3950,32.3110,32.3110,2468.0000,32.3496,20
2026-08-18 18:20:15,AMLX,32.3300,32.3300,32.3300,32.3300,900.0000,32.3300,4
2026-08-18 18:20:20,AMLX,32.3300,32.4100,32.3300,32.3601,10400.0000,32.3662,43
2026-08-18 18:20:25,AMLX,32.3600,32.4100,32.3600,32.4100,10622.0000,32.4035,40
2026-08-18 18:20:30,AMLX,32.4000,32.4000,32.3800,32.3800,2500.0000,32.3880,12
2026-08-18 18:20:35,AMLX,32.3800,32.4300,32.3600,32.3950,2300.0000,32.3926,18
2026-08-18 18:20:40,AMLX,32.4100,32.4100,32.4100,32.4100,100.0000,32.4100,1
2026-08-18 18:20:45,AMLX,32.4100,32.4300,32.3901,32.3901,2192.0000,32.4033,6
2026-08-18 18:20:50,AMLX,32.4100,32.4299,32.4100,32.4299,1554.0000,32.4164,7
2026-08-18 18:20:55,AMLX,32.4050,32.4200,32.4050,32.4200,200.0000,32.4125,2
2026-08-18 18:21:00,AMLX,32.4100,32.4500,32.4100,32.4300,6183.0000,32.4318,35
2026-08-18 18:21:05,AMLX,32.4332,32.4332,32.4332,32.4332,120.0000,32.4332,1
2026-08-18 18:21:10,AMLX,32.4250,32.4250,32.4250,32.4250,300.0000,32.4250,3
2026-08-18 18:21:15,AMLX,32.4185,32.4500,32.4100,32.4400,3538.0000,32.4281,15
2026-08-18 18:21:20,AMLX,32.4250,32.4250,32.4250,32.4250,300.0000,32.4250,1
2026-08-18 18:21:25,AMLX,32.4250,32.4500,32.4200,32.4250,889.0000,32.4286,6
2026-08-18 18:21:30,AMLX,32.4500,32.5200,32.4500,32.4906,28728.0000,32.4821,137
2026-08-18 18:21:35,AMLX,32.5200,32.5200,32.4801,32.5200,1013.0000,32.5150,6
2026-08-18 18:21:40,AMLX,32.5500,32.5599,32.5200,32.5250,2370.0000,32.5293,12
2026-08-18 18:21:45,AMLX,32.5250,32.5250,32.4500,32.4675,20612.0000,32.4794,67
2026-08-18 18:21:50,AMLX,32.4800,32.4800,32.4400,32.4500,1900.0000,32.4576,11
2026-08-18 18:21:55,AMLX,32.4400,32.4500,32.4400,32.4500,1780.0000,32.4439,6
2026-08-18 18:22:00,AMLX,32.4500,32.4500,32.3500,32.4100,32528.0000,32.3911,17
2026-08-18 18:22:05,AMLX,32.3700,32.4100,32.3700,32.3850,12807.0000,32.4031,45
2026-08-18 18:22:10,AMLX,32.3800,32.3900,32.3671,32.3900,2050.0000,32.3869,19
2026-08-18 18:22:15,AMLX,32.4100,32.4300,32.3800,32.4000,7224.0000,32.4109,39
2026-08-18 18:22:20,AMLX,32.4100,32.4300,32.4100,32.4100,900.0000,32.4211,3
2026-08-18 18:22:25,AMLX,32.4165,32.4165,32.4100,32.4100,269.0000,32.4126,2
2026-08-18 18:22:30,AMLX,32.4200,32.4447,32.4200,32.4200,2421.0000,32.4306,5
2026-08-18 18:22:35,AMLX,32.4200,32.4500,32.4100,32.4100,503.0000,32.4202,3
2026-08-18 18:22:40,AMLX,32.4500,32.5100,32.4250,32.5000,6350.0000,32.4902,55
2026-08-18 18:22:45,AMLX,32.5000,32.5300,32.5000,32.5200,6328.0000,32.5226,23
2026-08-18 18:22:50,AMLX,32.5063,32.5063,32.4951,32.5000,558.0000,32.5024,3
2026-08-18 18:22:55,AMLX,32.5250,32.5250,32.5000,32.5100,2723.0000,32.5087,15
2026-08-18 18:23:00,AMLX,32.5185,32.5300,32.5000,32.5100,3059.0000,32.5236,25
2026-08-18 18:23:05,AMLX,32.5150,32.7300,32.5150,32.7100,8235.0000,32.6281,66
2026-08-18 18:23:10,AMLX,32.7100,32.8000,32.7100,32.7500,16137.0000,32.7662,54
2026-08-18 18:23:15,AMLX,32.7750,32.8100,32.7500,32.7500,51266.0000,32.7948,244
2026-08-18 18:23:20,AMLX,32.7300,32.7326,32.6850,32.7200,4000.0000,32.7107,30
2026-08-18 18:23:25,AMLX,32.6871,32.6871,32.6871,32.6871,100.0000,32.6871,1
2026-08-18 18:23:30,AMLX,32.6550,32.8099,32.6550,32.8099,4466.0000,32.7120,31
2026-08-18 18:23:35,AMLX,32.7700,32.7951,32.7043,32.7043,2802.0000,32.7541,11
2026-08-18 18:23:40,AMLX,32.7000,32.7350,32.7000,32.7350,1300.0000,32.7188,5
2026-08-18 18:23:45,AMLX,32.7200,32.7400,32.7100,32.7190,2639.0000,32.7285,20
2026-08-18 18:23:50,AMLX,32.7100,32.7399,32.7100,32.7250,1283.0000,32.7214,7
2026-08-18 18:23:55,AMLX,32.7250,32.7363,32.7250,32.7250,2701.0000,32.7273,6
2026-08-18 18:24:00,AMLX,32.7100,32.7100,32.6300,32.6300,4490.0000,32.6596,15
2026-08-18 18:24:05,AMLX,32.6350,32.6700,32.6100,32.6650,6428.0000,32.6324,34
2026-08-18 18:24:10,AMLX,32.6650,32.6994,32.6003,32.6500,1925.0000,32.6617,9
2026-08-18 18:24:15,AMLX,32.7052,32.7300,32.6554,32.6554,3031.0000,32.6919,4
2026-08-18 18:24:20,AMLX,32.6300,32.6750,32.6300,32.6500,1269.0000,32.6512,5
2026-08-18 18:24:25,AMLX,32.6900,32.6900,32.6100,32.6800,3593.0000,32.6767,5
2026-08-18 18:24:30,AMLX,32.6500,32.6500,32.6282,32.6282,1300.0000,32.6450,2
2026-08-18 18:24:35,AMLX,32.6350,32.6900,32.6350,32.6800,3875.0000,32.6526,16
2026-08-18 18:24:40,AMLX,32.6550,32.6685,32.6400,32.6685,1395.0000,32.6528,7
2026-08-18 18:24:45,AMLX,32.6500,32.6787,32.6000,32.6000,2911.0000,32.6147,15
2026-08-18 18:24:50,AMLX,32.6050,32.6300,32.6050,32.6300,3596.0000,32.6120,5
2026-08-18 18:24:55,AMLX,32.6050,32.6200,32.5901,32.6050,2100.0000,32.6024,20
2026-08-18 18:25:00,AMLX,32.6000,32.6000,32.5800,32.5800,750.0000,32.5913,6
2026-08-18 18:25:05,AMLX,32.5700,32.5700,32.5200,32.5200,4700.0000,32.5506,16
2026-08-18 18:25:10,AMLX,32.5513,32.5699,32.5450,32.5450,800.0000,32.5505,6
2026-08-18 18:25:15,AMLX,32.5450,32.5450,32.4700,32.4922,2716.0000,32.5013,15
2026-08-18 18:25:20,AMLX,32.5000,32.5400,32.4870,32.5400,3777.0000,32.5037,4
2026-08-18 18:25:25,AMLX,32.5150,32.5150,32.4900,32.5150,426.0000,32.5088,3
2026-08-18 18:25:30,AMLX,32.5152,32.5400,32.4700,32.4800,7887.0000,32.5013,37
2026-08-18 18:25:35,AMLX,32.4600,32.4600,32.4101,32.4350,5199.0000,32.4333,32
2026-08-18 18:25:40,AMLX,32.4169,32.4200,32.4157,32.4157,1039.0000,32.4170,3
2026-08-18 18:25:45,AMLX,32.4499,32.4499,32.4100,32.4250,1196.0000,32.4307,6
2026-08-18 18:25:50,AMLX,32.4100,32.4400,32.4100,32.4300,3799.0000,32.4233,28
2026-08-18 18:25:55,AMLX,32.4413,32.4413,32.4413,32.4413,200.0000,32.4413,1
2026-08-18 18:26:00,AMLX,32.3800,32.3800,32.2900,32.3500,5469.0000,32.3325,19
2026-08-18 18:26:05,AMLX,32.3327,32.3700,32.3327,32.3700,2156.0000,32.3387,3
2026-08-18 18:26:10,AMLX,32.3725,32.4500,32.3725,32.4250,7806.0000,32.4164,36
2026-08-18 18:26:15,AMLX,32.4433,32.4433,32.3500,32.3500,2832.0000,32.4011,11
2026-08-18 18:26:20,AMLX,32.3500,32.3500,32.3500,32.3500,0.0000,32.3500,0
2026-08-18 18:26:25,AMLX,32.3500,32.3500,32.3500,32.3500,0.0000,32.3500,0
2026-08-18 18:26:30,AMLX,32.4000,32.4000,32.4000,32.4000,100.0000,32.4000,1
2026-08-18 18:26:35,AMLX,32.3800,32.3800,32.3800,32.3800,200.0000,32.3800,1
2026-08-18 18:26:40,AMLX,32.3800,32.3800,32.3800,32.3800,0.0000,32.3800,0
2026-08-18 18:26:45,AMLX,32.3950,32.3950,32.3700,32.3800,635.0000,32.3804,5
2026-08-18 18:26:50,AMLX,32.3800,32.3800,32.3800,32.3800,0.0000,32.3800,0
2026-08-18 18:26:55,AMLX,32.3950,32.3950,32.3751,32.3751,3825.0000,32.3899,19
2026-08-18 18:27:00,AMLX,32.3700,32.3887,32.3200,32.3887,3156.0000,32.3471,25
2026-08-18 18:27:05,AMLX,32.2800,32.2900,32.2600,32.2600,2061.0000,32.2761,11
2026-08-18 18:27:10,AMLX,32.2750,32.3300,32.2750,32.2950,24126.0000,32.3039,88
2026-08-18 18:27:15,AMLX,32.2950,32.5700,32.2950,32.5300,22232.0000,32.4285,84
2026-08-18 18:27:20,AMLX,32.5300,32.5300,32.4400,32.4600,5899.0000,32.4934,20
2026-08-18 18:27:25,AMLX,32.4400,32.4915,32.4400,32.4915,825.0000,32.4742,4
2026-08-18 18:27:30,AMLX,32.4650,32.5000,32.4650,32.4650,4900.0000,32.4849,10
2026-08-18 18:27:35,AMLX,32.4901,32.4901,32.4901,32.4901,197.0000,32.4901,1
2026-08-18 18:27:40,AMLX,32.4901,32.4901,32.4901,32.4901,0.0000,32.4901,0
2026-08-18 18:27:45,AMLX,32.4650,32.5900,32.4500,32.5550,7104.0000,32.5180,48
2026-08-18 18:27:50,AMLX,32.5899,32.5900,32.5899,32.5900,600.0000,32.5900,2
2026-08-18 18:27:55,AMLX,32.5899,32.5899,32.5460,32.5460,423.0000,32.5587,2
2026-08-18 18:28:00,AMLX,32.5101,32.5500,32.5101,32.5500,1000.0000,32.5301,3
2026-08-18 18:28:05,AMLX,32.5300,32.5500,32.5300,32.5450,1530.0000,32.5366,6
2026-08-18 18:28:10,AMLX,32.5450,32.5450,32.5450,32.5450,0.0000,32.5450,0
2026-08-18 18:28:15,AMLX,32.5550,32.5550,32.5550,32.5550,622.0000,32.5550,4
2026-08-18 18:28:20,AMLX,32.5550,32.5799,32.5550,32.5729,1329.0000,32.5755,4
2026-08-18 18:28:25,AMLX,32.5550,32.5550,32.5550,32.5550,1000.0000,32.5550,1
2026-08-18 18:28:30,AMLX,32.5550,32.6294,32.5550,32.6294,3251.0000,32.5949,27
2026-08-18 18:28:35,AMLX,32.6050,32.6283,32.6050,32.6280,2696.0000,32.6261,4
2026-08-18 18:28:40,AMLX,32.6050,32.6300,32.6050,32.6300,700.0000,32.6229,3
2026-08-18 18:28:45,AMLX,32.6050,32.6800,32.5800,32.6700,11354.0000,32.6308,43
2026-08-18 18:28:50,AMLX,32.6600,32.6700,32.6500,32.6700,6116.0000,32.6556,24
2026-08-18 18:28:55,AMLX,32.6898,32.6898,32.6700,32.6700,1467.0000,32.6754,10
2026-08-18 18:29:00,AMLX,32.6650,32.6844,32.6583,32.6583,1251.0000,32.6745,7
2026-08-18 18:29:05,AMLX,32.6680,32.7692,32.6665,32.7000,4377.0000,32.7010,27
2026-08-18 18:29:10,AMLX,32.7400,32.7780,32.7000,32.7780,4664.0000,32.7359,28
2026-08-18 18:29:15,AMLX,32.7400,32.7700,32.7000,32.7000,930.0000,32.7227,4
2026-08-18 18:29:20,AMLX,32.7300,32.7600,32.7300,32.7350,2500.0000,32.7344,8
2026-08-18 18:29:25,AMLX,32.7800,32.7800,32.7250,32.7500,8336.0000,32.7501,8
2026-08-18 18:29:30,AMLX,32.7000,32.7100,32.6120,32.6400,5508.0000,32.6623,26
2026-08-18 18:29:35,AMLX,32.6400,32.6400,32.6400,32.6400,850.0000,32.6400,2
2026-08-18 18:29:40,AMLX,32.6358,32.6399,32.6245,32.6250,1084.0000,32.6287,10
2026-08-18 18:29:45,AMLX,32.6250,32.6250,32.6250,32.6250,222.0000,32.6250,2
2026-08-18 18:29:50,AMLX,32.6250,32.6250,32.6250,32.6250,0.0000,32.6250,0
2026-08-18 18:29:55,AMLX,32.6320,32.6400,32.6320,32.6400,255.0000,32.6351,2
2026-08-18 18:30:00,AMLX,32.6400,32.6400,32.6250,32.6250,300.0000,32.6300,3
2026-08-18 18:30:05,AMLX,32.6100,32.6100,32.5800,32.5800,2942.0000,32.5949,7
2026-08-18 18:30:10,AMLX,32.5860,32.5860,32.5860,32.5860,100.0000,32.5860,1
2026-08-18 18:30:15,AMLX,32.5860,32.5860,32.5860,32.5860,0.0000,32.5860,0
2026-08-18 18:30:20,AMLX,32.5799,32.5799,32.5799,32.5799,350.0000,32.5799,1
2026-08-18 18:30:25,AMLX,32.5500,32.5700,32.5500,32.5500,3089.0000,32.5621,20
2026-08-18 18:30:30,AMLX,32.5400,32.5990,32.5400,32.5800,2195.0000,32.5631,16
2026-08-18 18:30:35,AMLX,32.6019,32.6019,32.5667,32.5667,1100.0000,32.5699,2
2026-08-18 18:30:40,AMLX,32.5800,32.5800,32.5800,32.5800,1000.0000,32.5800,2
2026-08-18 18:30:45,AMLX,32.5900,32.6100,32.5900,32.6100,600.0000,32.6067,6
2026-08-18 18:30:50,AMLX,32.6050,32.6100,32.5900,32.6100,952.0000,32.5981,4
2026-08-18 18:30:55,AMLX,32.6000,32.6300,32.6000,32.6214,1559.0000,32.6096,6
2026-08-18 18:31:00,AMLX,32.6100,32.6300,32.6100,32.6300,1201.0000,32.6254,12
2026-08-18 18:31:05,AMLX,32.6400,32.6600,32.6000,32.6450,7181.0000,32.6429,39
2026-08-18 18:31:10,AMLX,32.6450,32.6450,32.6450,32.6450,0.0000,32.6450,0
2026-08-18 18:31:15,AMLX,32.6450,32.6450,32.6450,32.6450,0.0000,32.6450,0
2026-08-18 18:31:20,AMLX,32.6400,32.7000,32.6400,32.6999,1775.0000,32.6749,17
2026-08-18 18:31:25,AMLX,32.6700,32.6700,32.6600,32.6600,816.0000,32.6644,4
2026-08-18 18:31:30,AMLX,32.6800,32.6800,32.6800,32.6800,300.0000,32.6800,1
2026-08-18 18:31:35,AMLX,32.6800,32.6800,32.6800,32.6800,0.0000,32.6800,0
2026-08-18 18:31:40,AMLX,32.6655,32.6719,32.6200,32.6200,1427.0000,32.6491,3
2026-08-18 18:31:45,AMLX,32.6500,32.6799,32.6500,32.6799,200.0000,32.6649,2
2026-08-18 18:31:50,AMLX,32.6500,32.6500,32.6500,32.6500,200.0000,32.6500,1
2026-08-18 18:31:55,AMLX,32.6500,32.6500,32.6200,32.6200,200.0000,32.6350,2
2026-08-18 18:32:00,AMLX,32.6350,32.6350,32.6350,32.6350,100.0000,32.6350,1
2026-08-18 18:32:05,AMLX,32.6350,32.6350,32.6350,32.6350,0.0000,32.6350,0
2026-08-18 18:32:10,AMLX,32.6400,32.6400,32.6200,32.6200,400.0000,32.6300,4
2026-08-18 18:32:15,AMLX,32.6250,32.6250,32.6250,32.6250,250.0000,32.6250,1
2026-08-18 18:32:20,AMLX,32.6448,32.6448,32.6448,32.6448,100.0000,32.6448,1
2026-08-18 18:32:25,AMLX,32.6448,32.6448,32.6448,32.6448,0.0000,32.6448,0
2026-08-18 18:32:30,AMLX,32.6448,32.6448,32.6448,32.6448,0.0000,32.6448,0
2026-08-18 18:32:35,AMLX,32.6200,32.6600,32.6200,32.6600,2615.0000,32.6386,21
2026-08-18 18:32:40,AMLX,32.6500,32.6500,32.6250,32.6250,612.0000,32.6389,6
2026-08-18 18:32:45,AMLX,32.6300,32.6300,32.6100,32.6100,1064.0000,32.6182,6
2026-08-18 18:32:50,AMLX,32.6200,32.6600,32.5100,32.5400,54635.0000,32.6164,37
2026-08-18 18:32:55,AMLX,32.5650,32.5650,32.5650,32.5650,800.0000,32.5650,2
2026-08-18 18:33:00,AMLX,32.5300,32.5300,32.5300,32.5300,300.0000,32.5300,3
2026-08-18 18:33:05,AMLX,32.5350,32.5548,32.5350,32.5548,200.0000,32.5449,2
2026-08-18 18:33:10,AMLX,32.5450,32.5450,32.5000,32.5000,6692.0000,32.5056,17
2026-08-18 18:33:15,AMLX,32.5206,32.5206,32.5206,32.5206,100.0000,32.5206,1
2026-08-18 18:33:20,AMLX,32.5050,32.5050,32.4900,32.4900,400.0000,32.4937,4
2026-08-18 18:33:25,AMLX,32.5000,32.5550,32.5000,32.5401,4880.0000,32.5356,36
2026-08-18 18:33:30,AMLX,32.5330,32.5330,32.5300,32.5300,300.0000,32.5310,3
2026-08-18 18:33:35,AMLX,32.5109,32.5109,32.5109,32.5109,300.0000,32.5109,1
2026-08-18 18:33:40,AMLX,32.5258,32.5300,32.5150,32.5300,300.0000,32.5236,3
2026-08-18 18:33:45,AMLX,32.5000,32.5000,32.5000,32.5000,300.0000,32.5000,3
2026-08-18 18:33:50,AMLX,32.4942,32.4942,32.4942,32.4942,224.0000,32.4942,1
2026-08-18 18:33:55,AMLX,32.4930,32.5000,32.4930,32.5000,292.0000,32.4958,2
2026-08-18 18:34:00,AMLX,32.5000,32.5000,32.5000,32.5000,0.0000,32.5000,0
2026-08-18 18:34:05,AMLX,32.4900,32.4900,32.4700,32.4700,700.0000,32.4729,3
2026-08-18 18:34:10,AMLX,32.4510,32.4512,32.4450,32.4450,1858.0000,32.4473,6
2026-08-18 18:34:15,AMLX,32.4499,32.4506,32.4200,32.4506,1942.0000,32.4403,10
2026-08-18 18:34:20,AMLX,32.4621,32.4621,32.4201,32.4400,1891.0000,32.4453,10
2026-08-18 18:34:25,AMLX,32.4400,32.4400,32.4400,32.4400,0.0000,32.4400,0
2026-08-18 18:34:30,AMLX,32.4450,32.4450,32.4450,32.4450,300.0000,32.4450,1
2026-08-18 18:34:35,AMLX,32.4450,32.4450,32.3450,32.4271,3562.0000,32.4061,23
2026-08-18 18:34:40,AMLX,32.3550,32.3600,32.3297,32.3600,4550.0000,32.3551,6
2026-08-18 18:34:45,AMLX,32.3650,32.3650,32.3600,32.3650,898.0000,32.3628,4
2026-08-18 18:34:50,AMLX,32.3650,32.3650,32.3400,32.3600,2987.0000,32.3567,10
2026-08-18 18:34:55,AMLX,32.3600,32.3600,32.3592,32.3592,222.0000,32.3596,2
2026-08-18 18:35:00,AMLX,32.3500,32.3700,32.3500,32.3650,2221.0000,32.3615,15
2026-08-18 18:35:05,AMLX,32.3650,32.3980,32.3650,32.3850,1915.0000,32.3771,13
2026-08-18 18:35:10,AMLX,32.3850,32.3850,32.3750,32.3750,1200.0000,32.3833,2
2026-08-18 18:35:15,AMLX,32.3600,32.3900,32.2200,32.2600,6034.0000,32.3290,29
2026-08-18 18:35:20,AMLX,32.2450,32.2450,32.2400,32.2400,1030.0000,32.2444,2
2026-08-18 18:35:25,AMLX,32.2200,32.2200,32.1200,32.1700,14757.0000,32.1638,55
2026-08-18 18:35:30,AMLX,32.1400,32.1506,32.1200,32.1500,1100.0000,32.1437,4
2026-08-18 18:35:35,AMLX,32.1500,32.1900,32.1285,32.1900,7575.0000,32.1699,27
2026-08-18 18:35:40,AMLX,32.1600,32.1750,32.0700,32.1185,9062.0000,32.1360,64
2026-08-18 18:35:45,AMLX,32.1300,32.1700,32.1300,32.1650,3473.0000,32.1500,15
2026-08-18 18:35:50,AMLX,32.1800,32.2500,32.1650,32.2500,14967.0000,32.2026,120
2026-08-18 18:35:55,AMLX,32.2101,32.2101,32.2101,32.2101,771.0000,32.2101,1
2026-08-18 18:36:00,AMLX,32.2500,32.2600,32.2100,32.2600,9986.0000,32.2170,23
2026-08-18 18:36:05,AMLX,32.2500,32.2600,32.1600,32.1600,14283.0000,32.2327,53
2026-08-18 18:36:10,AMLX,32.1850,32.1850,32.1850,32.1850,100.0000,32.1850,1
2026-08-18 18:36:15,AMLX,32.1600,32.1768,32.1600,32.1600,450.0000,32.1637,3
2026-08-18 18:36:20,AMLX,32.1500,32.1500,32.1500,32.1500,150.0000,32.1500,1
2026-08-18 18:36:25,AMLX,32.1900,32.1900,32.1800,32.1827,900.0000,32.1836,3
2026-08-18 18:36:30,AMLX,32.2000,32.2500,32.1500,32.1550,12922.0000,32.1836,76
2026-08-18 18:36:35,AMLX,32.1650,32.1650,32.1300,32.1300,1155.0000,32.1490,6
2026-08-18 18:36:40,AMLX,32.1351,32.1500,32.1000,32.1000,3703.0000,32.1333,11
2026-08-18 18:36:45,AMLX,32.1000,32.1000,32.1000,32.1000,0.0000,32.1000,0
2026-08-18 18:36:50,AMLX,32.1210,32.2000,32.1210,32.1400,26302.0000,32.1969,6
2026-08-18 18:36:55,AMLX,32.1200,32.1200,32.0400,32.0690,6370.0000,32.0837,24
2026-08-18 18:37:00,AMLX,32.0800,32.0800,32.0800,32.0800,120.0000,32.0800,1
2026-08-18 18:37:05,AMLX,32.0601,32.0990,32.0601,32.0990,2181.0000,32.0856,5
2026-08-18 18:37:10,AMLX,32.0850,32.0921,32.0600,32.0700,9283.0000,32.0844,19
2026-08-18 18:37:15,AMLX,32.0657,32.0657,32.0657,32.0657,100.0000,32.0657,1
2026-08-18 18:37:20,AMLX,32.1000,32.1000,32.0400,32.0500,12698.0000,32.0544,19
2026-08-18 18:37:25,AMLX,32.0300,32.0500,32.0100,32.0128,2839.0000,32.0279,14
2026-08-18 18:37:30,AMLX,32.0185,32.0300,31.9708,32.0300,5955.0000,31.9995,27
2026-08-18 18:37:35,AMLX,32.0400,32.0400,32.0400,32.0400,100.0000,32.0400,1
2026-08-18 18:37:40,AMLX,32.0400,32.0400,32.0400,32.0400,100.0000,32.0400,1
2026-08-18 18:37:45,AMLX,32.0500,32.1500,32.0300,32.0300,13563.0000,32.0861,91
2026-08-18 18:37:50,AMLX,32.0200,32.0200,31.9700,31.9900,7796.0000,32.0007,26
2026-08-18 18:37:55,AMLX,31.9800,32.0100,31.9800,31.9800,1469.0000,31.9841,10
2026-08-18 18:38:00,AMLX,31.9600,32.0400,31.9400,32.0400,9108.0000,31.9632,59
2026-08-18 18:38:05,AMLX,32.0500,32.0500,32.0470,32.0470,300.0000,32.0490,2
2026-08-18 18:38:10,AMLX,32.0350,32.0350,32.0100,32.0250,1171.0000,32.0147,8
2026-08-18 18:38:15,AMLX,31.9920,32.0250,31.9920,32.0100,1443.0000,32.0055,5
2026-08-18 18:38:20,AMLX,32.0100,32.0100,32.0100,32.0100,0.0000,32.0100,0
2026-08-18 18:38:25,AMLX,32.0050,32.0050,32.0050,32.0050,2100.0000,32.0050,3
2026-08-18 18:38:30,AMLX,32.0050,32.0050,31.9900,31.9900,1013.0000,31.9988,8
2026-08-18 18:38:35,AMLX,32.0000,32.0050,31.9700,31.9750,1415.0000,31.9902,12
2026-08-18 18:38:40,AMLX,31.9600,31.9750,31.9110,31.9110,1700.0000,31.9285,7
2026-08-18 18:38:45,AMLX,31.9100,31.9700,31.9000,31.9100,10070.0000,31.9188,27
2026-08-18 18:38:50,AMLX,31.9400,31.9607,31.9100,31.9607,1800.0000,31.9303,18
2026-08-18 18:38:55,AMLX,31.9350,31.9350,31.9350,31.9350,200.0000,31.9350,2
2026-08-18 18:39:00,AMLX,31.9350,31.9350,31.8850,31.8850,900.0000,31.9175,6
2026-08-18 18:39:05,AMLX,31.8850,31.8850,31.8670,31.8670,956.0000,31.8709,4
2026-08-18 18:39:10,AMLX,31.8600,31.8999,31.8400,31.8689,4171.0000,31.8552,18
2026-08-18 18:39:15,AMLX,31.8700,31.9250,31.8100,31.8700,11157.0000,31.8703,55
2026-08-18 18:39:20,AMLX,31.8600,31.8734,31.8520,31.8700,1925.0000,31.8590,6
2026-08-18 18:39:25,AMLX,31.8900,31.9000,31.8200,31.8200,13051.0000,31.8313,38
2026-08-18 18:39:30,AMLX,31.7705,31.7705,31.7700,31.7700,230.0000,31.7702,2
2026-08-18 18:39:35,AMLX,31.7900,31.7900,31.7850,31.7850,206.0000,31.7874,2
2026-08-18 18:39:40,AMLX,31.7850,31.7850,31.7600,31.7714,8623.0000,31.7729,32
2026-08-18 18:39:45,AMLX,31.7500,31.7500,31.7100,31.7100,1098.0000,31.7212,4
2026-08-18 18:39:50,AMLX,31.7200,31.7200,31.7200,31.7200,100.0000,31.7200,1
2026-08-18 18:39:55,AMLX,31.7421,31.7421,31.6900,31.6900,3029.0000,31.7102,17
2026-08-18 18:40:00,AMLX,31.6610,31.6950,31.6600,31.6700,877.0000,31.6713,5
2026-08-18 18:40:05,AMLX,31.6699,31.6699,31.6699,31.6699,263.0000,31.6699,1
2026-08-18 18:40:10,AMLX,31.6900,31.6900,31.6900,31.6900,123.0000,31.6900,1
2026-08-18 18:40:15,AMLX,31.7000,31.7314,31.7000,31.7050,500.0000,31.7146,3
2026-08-18 18:40:20,AMLX,31.7119,31.7400,31.7119,31.7200,5437.0000,31.7252,20
2026-08-18 18:40:25,AMLX,31.7001,31.7363,31.7001,31.7363,1300.0000,31.7279,2
2026-08-18 18:40:30,AMLX,31.7364,31.7364,31.7364,31.7364,2000.0000,31.7364,1
2026-08-18 18:40:35,AMLX,31.7364,31.7900,31.7200,31.7800,22030.0000,31.7545,68
2026-08-18 18:40:40,AMLX,31.7760,31.7760,31.7760,31.7760,300.0000,31.7760,1
2026-08-18 18:40:45,AMLX,31.7800,31.7800,31.7800,31.7800,200.0000,31.7800,2
2026-08-18 18:40:50,AMLX,31.7800,31.7800,31.7800,31.7800,0.0000,31.7800,0
2026-08-18 18:40:55,AMLX,31.7800,31.7811,31.7800,31.7800,662.0000,31.7807,3
2026-08-18 18:41:00,AMLX,31.7850,31.9300,31.7850,31.8900,15008.0000,31.8841,92
2026-08-18 18:41:05,AMLX,31.9000,31.9000,31.8700,31.8944,1900.0000,31.8815,7
2026-08-18 18:41:10,AMLX,31.9100,31.9100,31.8811,31.8950,3255.0000,31.8878,18
2026-08-18 18:41:15,AMLX,31.9037,31.9037,31.9037,31.9037,150.0000,31.9037,1
2026-08-18 18:41:20,AMLX,31.8950,31.8950,31.8950,31.8950,250.0000,31.8950,1
2026-08-18 18:41:25,AMLX,31.9100,31.9200,31.8400,31.8400,1425.0000,31.8828,10
2026-08-18 18:41:30,AMLX,31.8365,31.8365,31.7500,31.7550,1600.0000,31.7955,10
2026-08-18 18:41:35,AMLX,31.7700,31.8165,31.7600,31.8165,2828.0000,31.7665,9
2026-08-18 18:41:40,AMLX,31.8100,31.8100,31.8100,31.8100,200.0000,31.8100,1
2026-08-18 18:41:45,AMLX,31.8100,31.8100,31.7701,31.8000,855.0000,31.8016,4
2026-08-18 18:41:50,AMLX,31.8500,31.8599,31.8250,31.8250,1085.0000,31.8440,6
2026-08-18 18:41:55,AMLX,31.8096,31.8100,31.8000,31.8000,504.0000,31.8079,4
2026-08-18 18:42:00,AMLX,31.8000,31.8000,31.8000,31.8000,0.0000,31.8000,0
2026-08-18 18:42:05,AMLX,31.7701,31.7701,31.7701,31.7701,123.0000,31.7701,1
2026-08-18 18:42:10,AMLX,31.7900,31.8100,31.7900,31.8100,200.0000,31.8000,2
2026-08-18 18:42:15,AMLX,31.8300,31.8300,31.8100,31.8100,1800.0000,31.8153,9
2026-08-18 18:42:20,AMLX,31.8100,31.8100,31.8100,31.8100,100.0000,31.8100,1
2026-08-18 18:42:25,AMLX,31.8100,31.8100,31.8100,31.8100,200.0000,31.8100,2
2026-08-18 18:42:30,AMLX,31.8100,31.8750,31.8000,31.8750,2797.0000,31.8272,27
2026-08-18 18:42:35,AMLX,31.8750,31.8750,31.8200,31.8300,4053.0000,31.8516,17
2026-08-18 18:42:40,AMLX,31.7900,31.8200,31.7900,31.8200,300.0000,31.8100,2
2026-08-18 18:42:45,AMLX,31.8200,31.8200,31.8200,31.8200,0.0000,31.8200,0
2026-08-18 18:42:50,AMLX,31.8100,31.8100,31.8100,31.8100,200.0000,31.8100,2
2026-08-18 18:42:55,AMLX,31.8245,31.8245,31.8245,31.8245,697.0000,31.8245,1
2026-08-18 18:43:00,AMLX,31.8200,31.8400,31.8100,31.8400,3059.0000,31.8174,18
2026-08-18 18:43:05,AMLX,31.8480,31.8600,31.8350,31.8400,3881.0000,31.8456,22
2026-08-18 18:43:10,AMLX,31.8442,31.8442,31.8442,31.8442,1800.0000,31.8442,1
2026-08-18 18:43:15,AMLX,31.8300,31.8600,31.8300,31.8600,2496.0000,31.8495,9
2026-08-18 18:43:20,AMLX,31.8600,31.8600,31.8600,31.8600,0.0000,31.8600,0
2026-08-18 18:43:25,AMLX,31.8600,31.8600,31.8600,31.8600,100.0000,31.8600,1
2026-08-18 18:43:30,AMLX,31.8600,31.8600,31.8600,31.8600,150.0000,31.8600,1
2026-08-18 18:43:35,AMLX,31.8600,31.8600,31.8600,31.8600,0.0000,31.8600,0
2026-08-18 18:43:40,AMLX,31.8790,31.9450,31.8500,31.9150,5220.0000,31.8957,37
2026-08-18 18:43:45,AMLX,31.9200,31.9300,31.9200,31.9200,800.0000,31.9237,4
2026-08-18 18:43:50,AMLX,31.9250,31.9599,31.8700,31.9100,5477.0000,31.9182,20
2026-08-18 18:43:55,AMLX,31.8900,31.9100,31.8900,31.9100,600.0000,31.8967,6
2026-08-18 18:44:00,AMLX,31.9100,31.9100,31.9100,31.9100,0.0000,31.9100,0
2026-08-18 18:44:05,AMLX,31.9200,31.9200,31.9200,31.9200,200.0000,31.9200,1
2026-08-18 18:44:10,AMLX,31.9250,31.9250,31.9250,31.9250,1200.0000,31.9250,3
2026-08-18 18:44:15,AMLX,31.8801,31.8801,31.8801,31.8801,235.0000,31.8801,1
2026-08-18 18:44:20,AMLX,31.9500,31.9500,31.9300,31.9300,1034.0000,31.9481,2
2026-08-18 18:44:25,AMLX,31.9300,31.9300,31.9100,31.9101,1800.0000,31.9245,6
2026-08-18 18:44:30,AMLX,31.9300,31.9900,31.9175,31.9750,4980.0000,31.9612,23
2026-08-18 18:44:35,AMLX,31.9500,31.9900,31.9500,31.9900,311.0000,31.9693,3
2026-08-18 18:44:40,AMLX,31.9800,32.0000,31.9800,32.0000,656.0000,31.9939,2
2026-08-18 18:44:45,AMLX,31.9650,32.0000,31.9300,31.9300,1496.0000,31.9879,8
2026-08-18 18:44:50,AMLX,31.9300,31.9300,31.9300,31.9300,0.0000,31.9300,0
2026-08-18 18:44:55,AMLX,31.9500,31.9500,31.9300,31.9300,1300.0000,31.9454,7
2026-08-18 18:45:00,AMLX,31.9200,31.9500,31.9200,31.9500,1228.0000,31.9324,10
2026-08-18 18:45:05,AMLX,31.9530,31.9530,31.9000,31.9000,1600.0000,31.9453,8
2026-08-18 18:45:10,AMLX,31.9132,31.9250,31.9000,31.9100,775.0000,31.9107,6
2026-08-18 18:45:15,AMLX,31.8915,31.8915,31.8400,31.8500,7174.0000,31.8548,42
2026-08-18 18:45:20,AMLX,31.8400,31.8410,31.8400,31.8410,200.0000,31.8405,2
2026-08-18 18:45:25,AMLX,31.8700,31.8700,31.8700,31.8700,100.0000,31.8700,1
2026-08-18 18:45:30,AMLX,31.8700,31.8700,31.8400,31.8700,652.0000,31.8623,6
2026-08-18 18:45:35,AMLX,31.8700,31.8750,31.8600,31.8750,1400.0000,31.8696,5
2026-08-18 18:45:40,AMLX,31.8500,31.8750,31.8400,31.8750,1600.0000,31.8650,3
2026-08-18 18:45:45,AMLX,31.8500,31.8750,31.8500,31.8750,200.0000,31.8625,2
2026-08-18 18:45:50,AMLX,31.8500,31.8500,31.8100,31.8101,1500.0000,31.8360,11
2026-08-18 18:45:55,AMLX,31.8101,31.8101,31.8101,31.8101,0.0000,31.8101,0
2026-08-18 18:46:00,AMLX,31.8383,31.8386,31.7900,31.7900,6776.0000,31.8196,17
2026-08-18 18:46:05,AMLX,31.8069,31.8200,31.8069,31.8200,217.0000,31.8129,2
2026-08-18 18:46:10,AMLX,31.8200,31.8200,31.8200,31.8200,100.0000,31.8200,1
2026-08-18 18:46:15,AMLX,31.7900,31.7900,31.7900,31.7900,100.0000,31.7900,1
2026-08-18 18:46:20,AMLX,31.8200,31.8200,31.8191,31.8191,1100.0000,31.8199,2
2026-08-18 18:46:25,AMLX,31.7900,31.8200,31.7900,31.8200,300.0000,31.8100,3
2026-08-18 18:46:30,AMLX,31.8200,31.8200,31.8200,31.8200,100.0000,31.8200,1
2026-08-18 18:46:35,AMLX,31.8200,31.8200,31.8100,31.8200,300.0000,31.8167,3
2026-08-18 18:46:40,AMLX,31.8300,31.8300,31.7200,31.7400,6701.0000,31.7796,35
2026-08-18 18:46:45,AMLX,31.7550,31.7550,31.7000,31.7100,2300.0000,31.7226,11
2026-08-18 18:46:50,AMLX,31.7300,31.7400,31.7100,31.7150,1450.0000,31.7145,13
2026-08-18 18:46:55,AMLX,31.7150,31.7150,31.7150,31.7150,0.0000,31.7150,0
2026-08-18 18:47:00,AMLX,31.7200,31.7450,31.7150,31.7450,1600.0000,31.7225,14
2026-08-18 18:47:05,AMLX,31.7500,31.7500,31.7500,31.7500,157.0000,31.7500,1
2026-08-18 18:47:10,AMLX,31.7500,31.7700,31.7500,31.7700,2446.0000,31.7613,22
2026-08-18 18:47:15,AMLX,31.7700,31.8500,31.7700,31.7750,3119.0000,31.7933,20
2026-08-18 18:47:20,AMLX,31.8250,31.8250,31.8200,31.8200,350.0000,31.8229,3
2026-08-18 18:47:25,AMLX,31.8200,31.8200,31.8200,31.8200,1479.0000,31.8200,5
2026-08-18 18:47:30,AMLX,31.8299,31.8299,31.8150,31.8150,453.0000,31.8202,4
2026-08-18 18:47:35,AMLX,31.8150,31.8500,31.8150,31.8500,2029.0000,31.8413,13
2026-08-18 18:47:40,AMLX,31.8450,31.8450,31.8000,31.8000,500.0000,31.8270,5
2026-08-18 18:47:45,AMLX,31.7900,31.7900,31.7700,31.7900,1300.0000,31.7785,5
2026-08-18 18:47:50,AMLX,31.8000,31.8000,31.7900,31.7900,484.0000,31.7979,2
2026-08-18 18:47:55,AMLX,31.7662,31.7662,31.7662,31.7662,1000.0000,31.7662,1
2026-08-18 18:48:00,AMLX,31.7662,31.7662,31.7662,31.7662,0.0000,31.7662,0
2026-08-18 18:48:05,AMLX,31.7662,31.7662,31.7662,31.7662,0.0000,31.7662,0
2026-08-18 18:48:10,AMLX,31.7950,31.7950,31.7950,31.7950,517.0000,31.7950,2
2026-08-18 18:48:15,AMLX,31.7950,31.9500,31.7950,31.9500,6597.0000,31.8914,30
2026-08-18 18:48:20,AMLX,31.9350,31.9476,31.9350,31.9350,1550.0000,31.9396,11
2026-08-18 18:48:25,AMLX,31.9419,31.9435,31.9419,31.9435,250.0000,31.9425,2
2026-08-18 18:48:30,AMLX,31.9300,31.9300,31.9300,31.9300,150.0000,31.9300,1
2026-08-18 18:48:35,AMLX,31.9362,31.9500,31.9362,31.9500,1850.0000,31.9421,3
2026-08-18 18:48:40,AMLX,31.9300,31.9300,31.9100,31.9250,800.0000,31.9269,4
2026-08-18 18:48:45,AMLX,31.9300,31.9300,31.9300,31.9300,150.0000,31.9300,1
2026-08-18 18:48:50,AMLX,31.9300,31.9680,31.9300,31.9680,400.0000,31.9490,4
2026-08-18 18:48:55,AMLX,31.9680,31.9680,31.9680,31.9680,0.0000,31.9680,0
2026-08-18 18:49:00,AMLX,31.9000,31.9000,31.9000,31.9000,1000.0000,31.9000,1
2026-08-18 18:49:05,AMLX,31.9500,31.9800,31.9500,31.9600,1922.0000,31.9686,14
2026-08-18 18:49:10,AMLX,31.9550,31.9550,31.9550,31.9550,150.0000,31.9550,1
2026-08-18 18:49:15,AMLX,31.9550,31.9550,31.9550,31.9550,2573.0000,31.9550,1
2026-08-18 18:49:20,AMLX,31.9550,31.9550,31.9550,31.9550,100.0000,31.9550,1
2026-08-18 18:49:25,AMLX,31.9800,32.0800,31.9600,32.0400,4700.0000,32.0269,32
2026-08-18 18:49:30,AMLX,32.0799,32.1000,32.0799,32.0850,3360.0000,32.0896,16
2026-08-18 18:49:35,AMLX,32.0651,32.0850,32.0651,32.0850,500.0000,32.0770,4
2026-08-18 18:49:40,AMLX,32.0850,32.1199,32.0850,32.0850,600.0000,32.0908,3
2026-08-18 18:49:45,AMLX,32.0850,32.0850,32.0850,32.0850,300.0000,32.0850,1
2026-08-18 18:49:50,AMLX,32.0850,32.0850,32.0850,32.0850,0.0000,32.0850,0
2026-08-18 18:49:55,AMLX,32.0850,32.0850,32.0700,32.0850,800.0000,32.0812,3
2026-08-18 18:50:00,AMLX,32.0894,32.0894,32.0554,32.0800,650.0000,32.0684,5
2026-08-18 18:50:05,AMLX,32.1059,32.1059,32.0950,32.0950,300.0000,32.0986,2
2026-08-18 18:50:10,AMLX,32.0900,32.1199,32.0900,32.1199,2131.0000,32.1028,7
2026-08-18 18:50:15,AMLX,32.0950,32.0950,32.0950,32.0950,900.0000,32.0950,3
2026-08-18 18:50:20,AMLX,32.0950,32.0950,32.0950,32.0950,600.0000,32.0950,2
2026-08-18 18:50:25,AMLX,32.0700,32.0700,32.0700,32.0700,200.0000,32.0700,1
2026-08-18 18:50:30,AMLX,32.0800,32.0800,32.0556,32.0750,938.0000,32.0673,5
2026-08-18 18:50:35,AMLX,32.0750,32.0750,32.0750,32.0750,1315.0000,32.0750,9
2026-08-18 18:50:40,AMLX,32.0510,32.0750,32.0510,32.0750,1631.0000,32.0702,6
2026-08-18 18:50:45,AMLX,32.1100,32.1100,32.1100,32.1100,100.0000,32.1100,1
2026-08-18 18:50:50,AMLX,32.1100,32.1100,32.1100,32.1100,0.0000,32.1100,0
2026-08-18 18:50:55,AMLX,32.0600,32.0600,32.0510,32.0510,1200.0000,32.0525,3
2026-08-18 18:51:00,AMLX,32.0700,32.0700,32.0700,32.0700,100.0000,32.0700,1
2026-08-18 18:51:05,AMLX,32.0700,32.0700,32.0700,32.0700,550.0000,32.0700,1
2026-08-18 18:51:10,AMLX,32.0750,32.1000,32.0750,32.0900,1818.0000,32.0817,15
2026-08-18 18:51:15,AMLX,32.0900,32.0900,32.0900,32.0900,0.0000,32.0900,0
2026-08-18 18:51:20,AMLX,32.0900,32.0900,32.0850,32.0850,500.0000,32.0870,4
2026-08-18 18:51:25,AMLX,32.0850,32.0850,32.0850,32.0850,200.0000,32.0850,1
2026-08-18 18:51:30,AMLX,32.0800,32.0800,32.0800,32.0800,100.0000,32.0800,1
2026-08-18 18:51:35,AMLX,32.0800,32.0800,32.0500,32.0600,5918.0000,32.0697,36
2026-08-18 18:51:40,AMLX,32.0899,32.0899,32.0899,32.0899,300.0000,32.0899,1
2026-08-18 18:51:45,AMLX,32.0400,32.0400,32.0400,32.0400,200.0000,32.0400,1
2026-08-18 18:51:50,AMLX,32.0522,32.0522,32.0400,32.0400,300.0000,32.0481,2
2026-08-18 18:51:55,AMLX,32.0400,32.0400,32.0400,32.0400,0.0000,32.0400,0
2026-08-18 18:52:00,AMLX,32.0500,32.0700,32.0200,32.0200,3067.0000,32.0436,20
2026-08-18 18:52:05,AMLX,32.0100,32.0300,32.0050,32.0050,5804.0000,32.0151,37
2026-08-18 18:52:10,AMLX,32.0300,32.0450,32.0100,32.0450,2200.0000,32.0300,17
2026-08-18 18:52:15,AMLX,32.0100,32.0450,32.0100,32.0450,1200.0000,32.0182,3
2026-08-18 18:52:20,AMLX,32.0450,32.0450,32.0450,32.0450,249.0000,32.0450,1
2026-08-18 18:52:25,AMLX,32.0100,32.0100,31.9900,31.9900,2017.0000,32.0000,13
2026-08-18 18:52:30,AMLX,31.9955,32.0500,31.9955,32.0045,2950.0000,32.0085,9
2026-08-18 18:52:35,AMLX,32.0250,32.0250,32.0000,32.0000,400.0000,32.0187,2
2026-08-18 18:52:40,AMLX,32.0250,32.0250,32.0000,32.0000,3433.0000,32.0243,2
2026-08-18 18:52:45,AMLX,32.0000,32.0000,31.9800,31.9900,2210.0000,31.9900,17
2026-08-18 18:52:50,AMLX,31.9700,32.0300,31.9400,31.9400,3422.0000,31.9870,28
2026-08-18 18:52:55,AMLX,31.9450,32.0800,31.9400,32.0600,6824.0000,32.0000,52
2026-08-18 18:53:00,AMLX,32.0750,32.1600,32.0750,32.1600,6736.0000,32.1039,30
2026-08-18 18:53:05,AMLX,32.1400,32.1400,32.1400,32.1400,214.0000,32.1400,2
2026-08-18 18:53:10,AMLX,32.1450,32.2500,32.1400,32.1762,9623.0000,32.2019,52
2026-08-18 18:53:15,AMLX,32.2299,32.2299,32.1950,32.1950,480.0000,32.2180,3
2026-08-18 18:53:20,AMLX,32.1950,32.1950,32.1950,32.1950,1117.0000,32.1950,2
2026-08-18 18:53:25,AMLX,32.1900,32.1900,32.1900,32.1900,1600.0000,32.1900,5
2026-08-18 18:53:30,AMLX,32.1950,32.1950,32.1790,32.1790,705.0000,32.1927,4
2026-08-18 18:53:35,AMLX,32.1950,32.1950,32.1950,32.1950,390.0000,32.1950,3
2026-08-18 18:53:40,AMLX,32.2200,32.2200,32.1700,32.1700,1091.0000,32.1746,2
2026-08-18 18:53:45,AMLX,32.1601,32.2200,32.1601,32.1900,15323.0000,32.1999,56
2026-08-18 18:53:50,AMLX,32.1900,32.2862,32.1900,32.2862,19050.0000,32.2184,87
2026-08-18 18:53:55,AMLX,32.2800,32.3200,32.2800,32.3200,2543.0000,32.2985,14
2026-08-18 18:54:00,AMLX,32.3200,32.3349,32.3000,32.3349,2091.0000,32.3160,5
2026-08-18 18:54:05,AMLX,32.3200,32.3200,32.3200,32.3200,554.0000,32.3200,5
2026-08-18 18:54:10,AMLX,32.3000,32.3300,32.3000,32.3300,2154.0000,32.3086,16
2026-08-18 18:54:15,AMLX,32.3339,32.3339,32.3300,32.3300,531.0000,32.3315,3
2026-08-18 18:54:20,AMLX,32.2969,32.3150,32.2969,32.3150,300.0000,32.3090,3
2026-08-18 18:54:25,AMLX,32.2900,32.3239,32.2900,32.2900,3162.0000,32.2991,9
2026-08-18 18:54:30,AMLX,32.3000,32.3100,32.2851,32.2950,1700.0000,32.2983,7
2026-08-18 18:54:35,AMLX,32.3000,32.3000,32.2800,32.2900,4525.0000,32.2861,15
2026-08-18 18:54:40,AMLX,32.2890,32.2900,32.2890,32.2900,500.0000,32.2892,2
2026-08-18 18:54:45,AMLX,32.2700,32.2850,32.2700,32.2850,1200.0000,32.2738,6
2026-08-18 18:54:50,AMLX,32.2800,32.2800,32.2800,32.2800,100.0000,32.2800,1
2026-08-18 18:54:55,AMLX,32.2737,32.2900,32.2737,32.2900,350.0000,32.2784,2
2026-08-18 18:55:00,AMLX,32.3000,32.3000,32.2700,32.2850,7343.0000,32.2937,28
2026-08-18 18:55:05,AMLX,32.2605,32.2850,32.2605,32.2620,753.0000,32.2696,5
2026-08-18 18:55:10,AMLX,32.2663,32.2663,32.2663,32.2663,200.0000,32.2663,1
2026-08-18 18:55:15,AMLX,32.2900,32.2900,32.2600,32.2600,5786.0000,32.2614,11
2026-08-18 18:55:20,AMLX,32.2680,32.2800,32.2680,32.2800,600.0000,32.2780,2
2026-08-18 18:55:25,AMLX,32.2800,32.2800,32.2800,32.2800,0.0000,32.2800,0
2026-08-18 18:55:30,AMLX,32.2700,32.2700,32.2700,32.2700,100.0000,32.2700,1
2026-08-18 18:55:35,AMLX,32.2700,32.2700,32.2700,32.2700,0.0000,32.2700,0
2026-08-18 18:55:40,AMLX,32.2676,32.2676,32.2200,32.2200,6412.0000,32.2522,35
2026-08-18 18:55:45,AMLX,32.2200,32.2200,32.1100,32.1100,3199.0000,32.1669,20
2026-08-18 18:55:50,AMLX,32.1400,32.1400,32.1400,32.1400,300.0000,32.1400,1
2026-08-18 18:55:55,AMLX,32.1400,32.1400,32.1400,32.1400,103.0000,32.1400,1
2026-08-18 18:56:00,AMLX,32.1100,32.1200,32.0800,32.0800,6754.0000,32.0920,7
2026-08-18 18:56:05,AMLX,32.0800,32.0800,32.0800,32.0800,100.0000,32.0800,1
2026-08-18 18:56:10,AMLX,32.1115,32.1299,32.0800,32.0800,1372.0000,32.0931,8
2026-08-18 18:56:15,AMLX,32.1050,32.1050,32.1050,32.1050,425.0000,32.1050,2
2026-08-18 18:56:20,AMLX,32.0800,32.0800,32.0500,32.0500,900.0000,32.0767,9
2026-08-18 18:56:25,AMLX,32.0300,32.0400,32.0300,32.0400,200.0000,32.0350,2
2026-08-18 18:56:30,AMLX,32.0488,32.0488,32.0488,32.0488,100.0000,32.0488,1
2026-08-18 18:56:35,AMLX,32.0600,32.0600,32.0600,32.0600,100.0000,32.0600,1
2026-08-18 18:56:40,AMLX,32.0600,32.0600,32.0600,32.0600,0.0000,32.0600,0
2026-08-18 18:56:45,AMLX,32.0815,32.0815,32.0600,32.0600,1156.0000,32.0629,2
2026-08-18 18:56:50,AMLX,32.0300,32.0450,32.0100,32.0450,950.0000,32.0279,7
2026-08-18 18:56:55,AMLX,32.0200,32.0200,32.0200,32.0200,100.0000,32.0200,1
2026-08-18 18:57:00,AMLX,32.0400,32.0400,32.0100,32.0100,400.0000,32.0300,3
2026-08-18 18:57:05,AMLX,32.0100,32.0400,32.0100,32.0400,2432.0000,32.0209,14
2026-08-18 18:57:10,AMLX,32.0300,32.0400,32.0200,32.0300,2960.0000,32.0299,26
2026-08-18 18:57:15,AMLX,32.0300,32.0300,32.0300,32.0300,0.0000,32.0300,0
2026-08-18 18:57:20,AMLX,32.0300,32.0300,32.0300,32.0300,2000.0000,32.0300,1
2026-08-18 18:57:25,AMLX,32.0300,32.0500,32.0300,32.0300,2061.0000,32.0319,18
2026-08-18 18:57:30,AMLX,32.0300,32.0300,32.0300,32.0300,0.0000,32.0300,0
2026-08-18 18:57:35,AMLX,32.0300,32.0300,32.0300,32.0300,0.0000,32.0300,0
2026-08-18 18:57:40,AMLX,32.0300,32.0300,32.0300,32.0300,0.0000,32.0300,0
2026-08-18 18:57:45,AMLX,32.0110,32.0110,32.0000,32.0000,1729.0000,32.0095,10
2026-08-18 18:57:50,AMLX,32.0403,32.0600,32.0300,32.0300,900.0000,32.0391,3
2026-08-18 18:57:55,AMLX,32.0300,32.0300,32.0300,32.0300,100.0000,32.0300,1
2026-08-18 18:58:00,AMLX,32.0300,32.0300,32.0300,32.0300,0.0000,32.0300,0
2026-08-18 18:58:05,AMLX,32.0599,32.0599,32.0000,32.0000,300.0000,32.0233,3
2026-08-18 18:58:10,AMLX,32.0000,32.0000,31.9700,32.0000,2134.0000,31.9962,15
2026-08-18 18:58:15,AMLX,31.9850,31.9850,31.9350,31.9700,3199.0000,31.9499,9
2026-08-18 18:58:20,AMLX,31.9300,31.9500,31.9300,31.9500,1300.0000,31.9469,4
2026-08-18 18:58:25,AMLX,31.9650,31.9650,31.9400,31.9400,330.0000,31.9484,3
2026-08-18 18:58:30,AMLX,31.9400,31.9400,31.9400,31.9400,100.0000,31.9400,1
2026-08-18 18:58:35,AMLX,31.9700,31.9700,31.9700,31.9700,140.0000,31.9700,1
2026-08-18 18:58:40,AMLX,31.9500,31.9700,31.9500,31.9700,571.0000,31.9630,4
2026-08-18 18:58:45,AMLX,31.9700,31.9700,31.9400,31.9400,880.0000,31.9451,8
2026-08-18 18:58:50,AMLX,31.9450,31.9450,31.9200,31.9200,650.0000,31.9330,4
2026-08-18 18:58:55,AMLX,31.9100,31.9200,31.9062,31.9062,840.0000,31.9120,5
2026-08-18 18:59:00,AMLX,31.9150,31.9300,31.9001,31.9150,2300.0000,31.9090,11
2026-08-18 18:59:05,AMLX,31.9150,31.9350,31.9150,31.9200,2280.0000,31.9250,9
2026-08-18 18:59:10,AMLX,31.9400,31.9547,31.9215,31.9215,300.0000,31.9387,3
2026-08-18 18:59:15,AMLX,31.9200,31.9200,31.9200,31.9200,100.0000,31.9200,1
2026-08-18 18:59:20,AMLX,31.9200,31.9200,31.9200,31.9200,0.0000,31.9200,0
2026-08-18 18:59:25,AMLX,31.9300,31.9300,31.9200,31.9200,1900.0000,31.9253,8
2026-08-18 18:59:30,AMLX,31.9137,31.9137,31.9137,31.9137,1800.0000,31.9137,1
2026-08-18 18:59:35,AMLX,31.9154,31.9154,31.9154,31.9154,100.0000,31.9154,1
2026-08-18 18:59:40,AMLX,31.9100,31.9439,31.9100,31.9439,361.0000,31.9345,2
2026-08-18 18:59:45,AMLX,31.9439,31.9439,31.9439,31.9439,0.0000,31.9439,0
2026-08-18 18:59:50,AMLX,31.9250,31.9600,31.8950,31.9250,4250.0000,31.9245,35
2026-08-18 18:59:55,AMLX,31.9400,31.9400,31.9400,31.9400,100.0000,31.9400,1
2026-08-18 19:00:00,AMLX,31.9200,31.9200,31.9200,31.9200,218.0000,31.9200,2
2026-08-18 19:00:05,AMLX,31.9250,31.9250,31.9200,31.9200,680.0000,31.9240,4
2026-08-18 19:00:10,AMLX,31.9288,31.9288,31.9288,31.9288,1250.0000,31.9288,1
2026-08-18 19:00:15,AMLX,31.9100,31.9100,31.9100,31.9100,100.0000,31.9100,1
2026-08-18 19:00:20,AMLX,31.9100,31.9100,31.9100,31.9100,0.0000,31.9100,0
2026-08-18 19:00:25,AMLX,31.9000,31.9000,31.9000,31.9000,700.0000,31.9000,7
2026-08-18 19:00:30,AMLX,31.9000,31.9150,31.9000,31.9150,1100.0000,31.9054,5
2026-08-18 19:00:35,AMLX,31.9150,31.9150,31.9150,31.9150,200.0000,31.9150,2
2026-08-18 19:00:40,AMLX,31.9000,31.9000,31.9000,31.9000,200.0000,31.9000,2
2026-08-18 19:00:45,AMLX,31.9000,31.9000,31.9000,31.9000,0.0000,31.9000,0
2026-08-18 19:00:50,AMLX,31.9000,31.9000,31.9000,31.9000,100.0000,31.9000,1
2026-08-18 19:00:55,AMLX,31.8900,31.9399,31.8900,31.9399,550.0000,31.9125,3
2026-08-18 19:01:00,AMLX,31.8900,31.8900,31.8900,31.8900,800.0000,31.8900,7
2026-08-18 19:01:05,AMLX,31.8700,32.0400,31.8700,32.0100,5330.0000,31.9197,38
2026-08-18 19:01:10,AMLX,32.0200,32.0200,31.9700,32.0000,5780.0000,32.0028,31
2026-08-18 19:01:15,AMLX,31.9900,32.0500,31.9900,32.0150,900.0000,32.0190,5
2026-08-18 19:01:20,AMLX,32.0339,32.0339,32.0339,32.0339,187.0000,32.0339,1
2026-08-18 19:01:25,AMLX,32.0339,32.0339,32.0339,32.0339,0.0000,32.0339,0
2026-08-18 19:01:30,AMLX,32.0339,32.0339,32.0339,32.0339,0.0000,32.0339,0
2026-08-18 19:01:35,AMLX,32.0339,32.0339,32.0339,32.0339,0.0000,32.0339,0
2026-08-18 19:01:40,AMLX,31.9901,31.9901,31.9901,31.9901,100.0000,31.9901,1
2026-08-18 19:01:45,AMLX,31.9901,31.9901,31.9901,31.9901,0.0000,31.9901,0
2026-08-18 19:01:50,AMLX,32.0100,32.0300,32.0100,32.0200,400.0000,32.0175,3
2026-08-18 19:01:55,AMLX,32.0280,32.0280,32.0200,32.0200,660.0000,32.0219,2
2026-08-18 19:02:00,AMLX,32.0200,32.0200,32.0100,32.0100,1125.0000,32.0156,11
2026-08-18 19:02:05,AMLX,32.0000,32.0000,31.9700,31.9700,3400.0000,31.9959,11
2026-08-18 19:02:10,AMLX,31.9600,31.9800,31.9600,31.9600,1825.0000,31.9625,9
2026-08-18 19:02:15,AMLX,31.9600,31.9600,31.9600,31.9600,0.0000,31.9600,0
2026-08-18 19:02:20,AMLX,31.9500,31.9500,31.9500,31.9500,700.0000,31.9500,7
2026-08-18 19:02:25,AMLX,31.9550,31.9550,31.9550,31.9550,100.0000,31.9550,1
2026-08-18 19:02:30,AMLX,31.9550,31.9550,31.9550,31.9550,0.0000,31.9550,0
2026-08-18 19:02:35,AMLX,31.9550,31.9550,31.9550,31.9550,0.0000,31.9550,0
2026-08-18 19:02:40,AMLX,31.9550,31.9550,31.9550,31.9550,0.0000,31.9550,0
2026-08-18 19:02:45,AMLX,31.9550,31.9550,31.9550,31.9550,0.0000,31.9550,0
2026-08-18 19:02:50,AMLX,31.9550,31.9550,31.9550,31.9550,0.0000,31.9550,0
2026-08-18 19:02:55,AMLX,31.9600,31.9600,31.9400,31.9400,300.0000,31.9500,3
2026-08-18 19:03:00,AMLX,31.9800,31.9800,31.9600,31.9600,224.0000,31.9711,2
2026-08-18 19:03:05,AMLX,31.9600,31.9600,31.9600,31.9600,0.0000,31.9600,0
2026-08-18 19:03:10,AMLX,31.9400,31.9400,31.9250,31.9300,1000.0000,31.9345,10
2026-08-18 19:03:15,AMLX,31.9300,31.9300,31.9300,31.9300,0.0000,31.9300,0
2026-08-18 19:03:20,AMLX,31.9200,31.9200,31.9100,31.9100,200.0000,31.9150,2
2026-08-18 19:03:25,AMLX,31.9100,31.9100,31.9100,31.9100,100.0000,31.9100,1
2026-08-18 19:03:30,AMLX,31.9100,31.9100,31.9000,31.9000,1396.0000,31.9032,8
2026-08-18 19:03:35,AMLX,31.9250,31.9250,31.9250,31.9250,333.0000,31.9250,2
2026-08-18 19:03:40,AMLX,31.9000,31.9000,31.9000,31.9000,422.0000,31.9000,4
2026-08-18 19:03:45,AMLX,31.9000,31.9000,31.9000,31.9000,0.0000,31.9000,0
2026-08-18 19:03:50,AMLX,31.9000,31.9100,31.8900,31.9100,3101.0000,31.8951,16
2026-08-18 19:03:55,AMLX,31.8900,31.8900,31.8900,31.8900,200.0000,31.8900,2
2026-08-18 19:04:00,AMLX,31.8700,31.8700,31.8700,31.8700,111.0000,31.8700,1
2026-08-18 19:04:05,AMLX,31.8700,31.8700,31.8700,31.8700,100.0000,31.8700,1
2026-08-18 19:04:10,AMLX,31.8700,31.8700,31.8700,31.8700,0.0000,31.8700,0
2026-08-18 19:04:15,AMLX,31.8900,31.8900,31.8900,31.8900,200.0000,31.8900,2
2026-08-18 19:04:20,AMLX,31.8951,31.8951,31.8951,31.8951,100.0000,31.8951,1
2026-08-18 19:04:25,AMLX,31.8950,31.8950,31.8700,31.8700,900.0000,31.8850,5
2026-08-18 19:04:30,AMLX,31.8800,31.8800,31.8650,31.8650,400.0000,31.8762,3
2026-08-18 19:04:35,AMLX,31.8650,31.8650,31.8650,31.8650,0.0000,31.8650,0
2026-08-18 19:04:40,AMLX,31.8601,31.8601,31.8400,31.8500,1200.0000,31.8542,4
2026-08-18 19:04:45,AMLX,31.8600,31.8600,31.8446,31.8446,1300.0000,31.8482,2
2026-08-18 19:04:50,AMLX,31.8650,31.8650,31.8400,31.8440,750.0000,31.8542,6
2026-08-18 19:04:55,AMLX,31.8650,31.8650,31.8650,31.8650,2110.0000,31.8650,2
2026-08-18 19:05:00,AMLX,31.8500,31.8500,31.8500,31.8500,100.0000,31.8500,1
2026-08-18 19:05:05,AMLX,31.8900,31.8900,31.8700,31.8700,500.0000,31.8770,5
2026-08-18 19:05:10,AMLX,31.8736,31.8736,31.8736,31.8736,500.0000,31.8736,1
2026-08-18 19:05:15,AMLX,31.8800,31.8800,31.8600,31.8600,600.0000,31.8767,2
2026-08-18 19:05:20,AMLX,31.8600,31.8600,31.8600,31.8600,0.0000,31.8600,0
2026-08-18 19:05:25,AMLX,31.8800,31.8800,31.8600,31.8600,500.0000,31.8720,5
2026-08-18 19:05:30,AMLX,31.8800,31.9000,31.8800,31.9000,800.0000,31.8944,8
2026-08-18 19:05:35,AMLX,31.9000,31.9300,31.9000,31.9200,2504.0000,31.9147,23
2026-08-18 19:05:40,AMLX,31.9250,31.9250,31.9100,31.9100,400.0000,31.9175,2
2026-08-18 19:05:45,AMLX,31.9298,31.9298,31.9250,31.9250,210.0000,31.9275,2
2026-08-18 19:05:50,AMLX,31.9300,32.1200,31.9250,32.1200,9271.0000,32.0150,65
2026-08-18 19:05:55,AMLX,32.0600,32.0950,32.0600,32.0950,210.0000,32.0783,2
2026-08-18 19:06:00,AMLX,32.0950,32.0950,32.0950,32.0950,0.0000,32.0950,0
2026-08-18 19:06:05,AMLX,32.0900,32.0950,32.0600,32.0899,1605.0000,32.0887,7
2026-08-18 19:06:10,AMLX,32.0950,32.0950,32.0600,32.0700,600.0000,32.0708,6
2026-08-18 19:06:15,AMLX,32.0700,32.0900,32.0500,32.0900,2861.0000,32.0653,12
2026-08-18 19:06:20,AMLX,32.0400,32.0400,32.0400,32.0400,100.0000,32.0400,1
2026-08-18 19:06:25,AMLX,32.0401,32.0401,32.0401,32.0401,200.0000,32.0401,1
2026-08-18 19:06:30,AMLX,32.0400,32.0400,32.0400,32.0400,100.0000,32.0400,1
2026-08-18 19:06:35,AMLX,32.0400,32.0400,32.0400,32.0400,0.0000,32.0400,0
2026-08-18 19:06:40,AMLX,32.0650,32.0650,32.0150,32.0200,6664.0000,32.0347,45
2026-08-18 19:06:45,AMLX,32.0100,32.0100,31.9800,31.9800,600.0000,31.9867,6
2026-08-18 19:06:50,AMLX,32.0000,32.0760,32.0000,32.0760,6552.0000,32.0217,39
2026-08-18 19:06:55,AMLX,32.0500,32.0500,32.0500,32.0500,200.0000,32.0500,2
2026-08-18 19:07:00,AMLX,32.0500,32.0500,32.0500,32.0500,200.0000,32.0500,2
2026-08-18 19:07:05,AMLX,32.0500,32.0550,32.0500,32.0550,293.0000,32.0533,2
2026-08-18 19:07:10,AMLX,32.0550,32.0550,32.0550,32.0550,100.0000,32.0550,1
2026-08-18 19:07:15,AMLX,32.0550,32.0550,32.0550,32.0550,0.0000,32.0550,0
2026-08-18 19:07:20,AMLX,32.0550,32.0550,32.0550,32.0550,0.0000,32.0550,0
2026-08-18 19:07:25,AMLX,32.0600,32.0600,32.0400,32.0588,700.0000,32.0570,7
2026-08-18 19:07:30,AMLX,32.0588,32.0588,32.0588,32.0588,0.0000,32.0588,0
2026-08-18 19:07:35,AMLX,32.0700,32.0800,31.9800,32.0401,7105.0000,32.0375,39
2026-08-18 19:07:40,AMLX,32.0100,32.0100,32.0100,32.0100,150.0000,32.0100,1
2026-08-18 19:07:45,AMLX,32.0100,32.0100,32.0100,32.0100,0.0000,32.0100,0
2026-08-18 19:07:50,AMLX,32.0150,32.0274,32.0150,32.0274,495.0000,32.0175,3
2026-08-18 19:07:55,AMLX,32.0274,32.0274,32.0274,32.0274,0.0000,32.0274,0
2026-08-18 19:08:00,AMLX,32.0150,32.0500,32.0150,32.0200,1672.0000,32.0272,9
2026-08-18 19:08:05,AMLX,32.0000,32.0000,32.0000,32.0000,100.0000,32.0000,1
2026-08-18 19:08:10,AMLX,32.0250,32.0250,32.0250,32.0250,190.0000,32.0250,1
2026-08-18 19:08:15,AMLX,32.0250,32.0250,32.0250,32.0250,1136.0000,32.0250,4
2026-08-18 19:08:20,AMLX,32.0300,32.0300,32.0100,32.0100,686.0000,32.0271,3
2026-08-18 19:08:25,AMLX,32.0300,32.0300,32.0300,32.0300,247.0000,32.0300,1
2026-08-18 19:08:30,AMLX,32.0300,32.0300,32.0300,32.0300,165.0000,32.0300,1
2026-08-18 19:08:35,AMLX,32.0300,32.0300,32.0300,32.0300,173.0000,32.0300,1
2026-08-18 19:08:40,AMLX,32.0300,32.0449,32.0300,32.0449,350.0000,32.0364,3
2026-08-18 19:08:45,AMLX,32.0300,32.0300,32.0300,32.0300,100.0000,32.0300,1
2026-08-18 19:08:50,AMLX,32.0400,32.0400,32.0300,32.0300,425.0000,32.0329,2
2026-08-18 19:08:55,AMLX,32.0300,32.0300,32.0100,32.0100,583.0000,32.0266,2
2026-08-18 19:09:00,AMLX,32.0300,32.0300,31.9700,31.9700,4170.0000,32.0000,24
2026-08-18 19:09:05,AMLX,31.9656,31.9656,31.9600,31.9650,1148.0000,31.9635,6
2026-08-18 19:09:10,AMLX,31.9400,31.9500,31.9400,31.9500,200.0000,31.9450,2
2026-08-18 19:09:15,AMLX,31.9600,31.9600,31.9300,31.9300,580.0000,31.9417,5
2026-08-18 19:09:20,AMLX,31.9500,31.9500,31.9400,31.9500,412.0000,31.9476,4
2026-08-18 19:09:25,AMLX,31.9500,31.9500,31.9400,31.9400,300.0000,31.9433,3
2026-08-18 19:09:30,AMLX,31.9400,31.9800,31.9400,31.9800,2290.0000,31.9654,14
2026-08-18 19:09:35,AMLX,31.9972,31.9972,31.9972,31.9972,550.0000,31.9972,1
2026-08-18 19:09:40,AMLX,31.9850,31.9850,31.9850,31.9850,100.0000,31.9850,1
2026-08-18 19:09:45,AMLX,31.9850,31.9850,31.9850,31.9850,0.0000,31.9850,0
2026-08-18 19:09:50,AMLX,31.9850,31.9850,31.9850,31.9850,0.0000,31.9850,0
2026-08-18 19:09:55,AMLX,31.9850,31.9850,31.9700,31.9800,900.0000,31.9772,7
2026-08-18 19:10:00,AMLX,31.9900,31.9900,31.9900,31.9900,1000.0000,31.9900,1
2026-08-18 19:10:05,AMLX,31.9700,31.9700,31.9700,31.9700,200.0000,31.9700,1
2026-08-18 19:10:10,AMLX,31.9700,31.9700,31.9700,31.9700,0.0000,31.9700,0
2026-08-18 19:10:15,AMLX,31.9800,31.9800,31.9600,31.9600,1800.0000,31.9628,14
2026-08-18 19:10:20,AMLX,31.9750,32.0000,31.9750,32.0000,800.0000,31.9969,2
2026-08-18 19:10:25,AMLX,31.9900,32.0000,31.9900,32.0000,276.0000,31.9964,2
2026-08-18 19:10:30,AMLX,31.9893,31.9893,31.9800,31.9800,600.0000,31.9815,2
2026-08-18 19:10:35,AMLX,32.0000,32.0400,32.0000,32.0250,3877.0000,32.0106,32
2026-08-18 19:10:40,AMLX,32.0550,32.0550,31.9800,31.9900,6608.0000,32.0233,18
2026-08-18 19:10:45,AMLX,31.9900,31.9900,31.9900,31.9900,0.0000,31.9900,0
2026-08-18 19:10:50,AMLX,31.9900,32.0100,31.9900,32.0100,1000.0000,32.0069,3
2026-08-18 19:10:55,AMLX,32.0100,32.0100,32.0100,32.0100,0.0000,32.0100,0
2026-08-18 19:11:00,AMLX,31.9900,31.9900,31.9850,31.9850,394.0000,31.9887,3
2026-08-18 19:11:05,AMLX,32.0000,32.0027,32.0000,32.0027,371.0000,32.0018,2
2026-08-18 19:11:10,AMLX,31.9700,31.9800,31.9300,31.9300,2112.0000,31.9498,13
2026-08-18 19:11:15,AMLX,31.9300,31.9300,31.9300,31.9300,0.0000,31.9300,0
2026-08-18 19:11:20,AMLX,31.9301,31.9301,31.9301,31.9301,100.0000,31.9301,1
2026-08-18 19:11:25,AMLX,31.9400,31.9400,31.9300,31.9300,2700.0000,31.9343,15
2026-08-18 19:11:30,AMLX,31.9300,31.9300,31.9300,31.9300,0.0000,31.9300,0
2026-08-18 19:11:35,AMLX,31.9450,31.9600,31.9450,31.9500,562.0000,31.9538,4
2026-08-18 19:11:40,AMLX,31.9500,31.9500,31.9500,31.9500,0.0000,31.9500,0
2026-08-18 19:11:45,AMLX,31.9500,31.9500,31.9500,31.9500,0.0000,31.9500,0
2026-08-18 19:11:50,AMLX,31.9650,31.9650,31.9650,31.9650,100.0000,31.9650,1
2026-08-18 19:11:55,AMLX,31.9650,31.9650,31.9650,31.9650,0.0000,31.9650,0
2026-08-18 19:12:00,AMLX,31.9800,31.9800,31.9800,31.9800,187.0000,31.9800,1
2026-08-18 19:12:05,AMLX,31.9700,31.9700,31.9700,31.9700,300.0000,31.9700,2
2026-08-18 19:12:10,AMLX,31.9500,31.9700,31.9400,31.9400,700.0000,31.9514,7
2026-08-18 19:12:15,AMLX,31.9300,31.9300,31.9100,31.9100,1067.0000,31.9219,9
2026-08-18 19:12:20,AMLX,31.9100,31.9100,31.9100,31.9100,0.0000,31.9100,0
2026-08-18 19:12:25,AMLX,31.9150,31.9150,31.8971,31.9000,416.0000,31.9028,4
2026-08-18 19:12:30,AMLX,31.9399,31.9399,31.9399,31.9399,300.0000,31.9399,1
2026-08-18 19:12:35,AMLX,31.9399,31.9399,31.9399,31.9399,0.0000,31.9399,0
2026-08-18 19:12:40,AMLX,31.8901,31.8901,31.8901,31.8901,111.0000,31.8901,1
2026-08-18 19:12:45,AMLX,31.9146,31.9146,31.8900,31.8900,200.0000,31.9023,2
2026-08-18 19:12:50,AMLX,31.8900,31.8900,31.8900,31.8900,0.0000,31.8900,0
2026-08-18 19:12:55,AMLX,31.9150,31.9150,31.8900,31.8900,600.0000,31.8942,6
2026-08-18 19:13:00,AMLX,31.9000,31.9700,31.8100,31.8150,27950.0000,31.9590,28
2026-08-18 19:13:05,AMLX,31.8200,31.8400,31.8000,31.8210,2010.0000,31.8133,9
2026-08-18 19:13:10,AMLX,31.8250,31.8250,31.8250,31.8250,750.0000,31.8250,4
2026-08-18 19:13:15,AMLX,31.8142,31.8142,31.8142,31.8142,201.0000,31.8142,1
2026-08-18 19:13:20,AMLX,31.8100,31.8100,31.8100,31.8100,100.0000,31.8100,1
2026-08-18 19:13:25,AMLX,31.8100,31.8100,31.8100,31.8100,0.0000,31.8100,0
2026-08-18 19:13:30,AMLX,31.8250,31.8300,31.8250,31.8250,740.0000,31.8262,5
2026-08-18 19:13:35,AMLX,31.8300,31.8500,31.8100,31.8100,1636.0000,31.8390,6
2026-08-18 19:13:40,AMLX,31.8100,31.8100,31.7900,31.7900,2052.0000,31.8034,16
2026-08-18 19:13:45,AMLX,31.7700,31.7900,31.7700,31.7800,5035.0000,31.7800,32
2026-08-18 19:13:50,AMLX,31.7873,31.8022,31.7700,31.7700,1566.0000,31.7740,4
2026-08-18 19:13:55,AMLX,31.7800,31.7800,31.7400,31.7400,837.0000,31.7735,3
2026-08-18 19:14:00,AMLX,31.7300,31.8100,31.7300,31.7900,1300.0000,31.7845,13
2026-08-18 19:14:05,AMLX,31.7911,31.8100,31.7900,31.8100,1300.0000,31.7987,10
2026-08-18 19:14:10,AMLX,31.8450,31.8450,31.8331,31.8331,900.0000,31.8383,3
2026-08-18 19:14:15,AMLX,31.8430,31.8430,31.8430,31.8430,553.0000,31.8430,1
2026-08-18 19:14:20,AMLX,31.8001,31.8054,31.8001,31.8054,200.0000,31.8027,2
2026-08-18 19:14:25,AMLX,31.8054,31.8054,31.8054,31.8054,0.0000,31.8054,0
2026-08-18 19:14:30,AMLX,31.8054,31.8054,31.8054,31.8054,0.0000,31.8054,0
2026-08-18 19:14:35,AMLX,31.8400,31.8500,31.8100,31.8100,2031.0000,31.8405,13
2026-08-18 19:14:40,AMLX,31.8000,31.8000,31.7800,31.7800,1565.0000,31.7887,11
2026-08-18 19:14:45,AMLX,31.7709,31.7709,31.7709,31.7709,1500.0000,31.7709,1
2026-08-18 19:14:50,AMLX,31.7709,31.7709,31.7709,31.7709,0.0000,31.7709,0
2026-08-18 19:14:55,AMLX,31.7750,31.7800,31.7714,31.7714,1086.0000,31.7752,4
2026-08-18 19:15:00,AMLX,31.7950,31.7950,31.7950,31.7950,800.0000,31.7950,1
2026-08-18 19:15:05,AMLX,31.7800,31.7800,31.7800,31.7800,100.0000,31.7800,1
2026-08-18 19:15:10,AMLX,31.8000,31.8000,31.8000,31.8000,100.0000,31.8000,1
2026-08-18 19:15:15,AMLX,31.8200,31.8200,31.8000,31.8000,10434.0000,31.8010,7
2026-08-18 19:15:20,AMLX,31.7870,31.7900,31.7870,31.7900,438.0000,31.7877,2
2026-08-18 19:15:25,AMLX,31.8100,31.8100,31.8100,31.8100,100.0000,31.8100,1
2026-08-18 19:15:30,AMLX,31.7919,31.7919,31.7919,31.7919,487.0000,31.7919,1
2026-08-18 19:15:35,AMLX,31.8100,31.8100,31.7600,31.7600,2965.0000,31.7817,23
2026-08-18 19:15:40,AMLX,31.7600,31.7600,31.7600,31.7600,100.0000,31.7600,1
2026-08-18 19:15:45,AMLX,31.7600,31.7600,31.7400,31.7400,400.0000,31.7513,3
2026-08-18 19:15:50,AMLX,31.7400,31.7400,31.7400,31.7400,0.0000,31.7400,0
2026-08-18 19:15:55,AMLX,31.7400,31.7400,31.7400,31.7400,0.0000,31.7400,0
2026-08-18 19:16:00,AMLX,31.7400,31.7400,31.7400,31.7400,100.0000,31.7400,1
2026-08-18 19:16:05,AMLX,31.7400,31.7400,31.7400,31.7400,0.0000,31.7400,0
2026-08-18 19:16:10,AMLX,31.7400,31.7400,31.7400,31.7400,0.0000,31.7400,0
2026-08-18 19:16:15,AMLX,31.7400,31.7800,31.7400,31.7800,750.0000,31.7687,7
2026-08-18 19:16:20,AMLX,31.7800,31.7800,31.7600,31.7600,832.0000,31.7636,7
2026-08-18 19:16:25,AMLX,31.7751,31.7751,31.7600,31.7744,580.0000,31.7722,3
2026-08-18 19:16:30,AMLX,31.7400,31.7400,31.7400,31.7400,1106.0000,31.7400,10
2026-08-18 19:16:35,AMLX,31.7542,31.7542,31.7542,31.7542,1000.0000,31.7542,1
2026-08-18 19:16:40,AMLX,31.7479,31.7600,31.7479,31.7600,400.0000,31.7509,2
2026-08-18 19:16:45,AMLX,31.7600,31.8250,31.7500,31.8000,4892.0000,31.7801,30
2026-08-18 19:16:50,AMLX,31.8500,31.9000,31.8500,31.8850,2932.0000,31.8739,21
2026-08-18 19:16:55,AMLX,31.8701,31.8701,31.8600,31.8700,1330.0000,31.8670,8
2026-08-18 19:17:00,AMLX,31.8550,31.8550,31.8400,31.8500,975.0000,31.8486,7
2026-08-18 19:17:05,AMLX,31.8500,31.8500,31.8300,31.8300,928.0000,31.8365,6
2026-08-18 19:17:10,AMLX,31.8100,31.8100,31.8100,31.8100,400.0000,31.8100,4
2026-08-18 19:17:15,AMLX,31.8100,31.8100,31.8100,31.8100,0.0000,31.8100,0
2026-08-18 19:17:20,AMLX,31.8100,31.8100,31.8100,31.8100,0.0000,31.8100,0
2026-08-18 19:17:25,AMLX,31.8100,31.8100,31.8100,31.8100,0.0000,31.8100,0
2026-08-18 19:17:30,AMLX,31.8250,31.8250,31.8250,31.8250,100.0000,31.8250,1
2026-08-18 19:17:35,AMLX,31.8250,31.8250,31.8250,31.8250,0.0000,31.8250,0
2026-08-18 19:17:40,AMLX,31.8250,31.8250,31.8250,31.8250,0.0000,31.8250,0
2026-08-18 19:17:45,AMLX,31.8250,31.8250,31.8250,31.8250,0.0000,31.8250,0
2026-08-18 19:17:50,AMLX,31.8600,31.8600,31.8500,31.8600,550.0000,31.8582,5
2026-08-18 19:17:55,AMLX,31.8600,31.8600,31.8500,31.8500,210.0000,31.8552,2
2026-08-18 19:18:00,AMLX,31.8500,31.8500,31.8500,31.8500,0.0000,31.8500,0
2026-08-18 19:18:05,AMLX,31.8500,31.8500,31.8500,31.8500,0.0000,31.8500,0
2026-08-18 19:18:10,AMLX,31.8650,31.8650,31.8650,31.8650,200.0000,31.8650,2
2026-08-18 19:18:15,AMLX,31.8800,31.9000,31.8800,31.8800,1499.0000,31.8875,14
2026-08-18 19:18:20,AMLX,31.9000,31.9000,31.9000,31.9000,100.0000,31.9000,1
2026-08-18 19:18:25,AMLX,31.9100,31.9681,31.9100,31.9681,2340.0000,31.9396,13
2026-08-18 19:18:30,AMLX,31.9450,31.9450,31.9450,31.9450,400.0000,31.9450,1
2026-08-18 19:18:35,AMLX,31.9450,31.9450,31.9450,31.9450,0.0000,31.9450,0
2026-08-18 19:18:40,AMLX,31.9450,31.9600,31.9100,31.9100,2737.0000,31.9283,19
2026-08-18 19:18:45,AMLX,31.9415,31.9415,31.9250,31.9250,552.0000,31.9355,2
2026-08-18 19:18:50,AMLX,31.9250,31.9250,31.9250,31.9250,0.0000,31.9250,0
2026-08-18 19:18:55,AMLX,31.9010,31.9010,31.9010,31.9010,100.0000,31.9010,1
2026-08-18 19:19:00,AMLX,31.8900,31.9050,31.8800,31.9050,2100.0000,31.8868,10
2026-08-18 19:19:05,AMLX,31.9050,31.9050,31.9050,31.9050,0.0000,31.9050,0
2026-08-18 19:19:10,AMLX,31.9050,31.9050,31.9050,31.9050,0.0000,31.9050,0
2026-08-18 19:19:15,AMLX,31.9050,31.9050,31.9050,31.9050,0.0000,31.9050,0
2026-08-18 19:19:20,AMLX,31.9050,31.9050,31.9050,31.9050,0.0000,31.9050,0
2026-08-18 19:19:25,AMLX,31.9300,31.9300,31.9300,31.9300,100.0000,31.9300,1
2026-08-18 19:19:30,AMLX,31.9300,31.9300,31.9300,31.9300,0.0000,31.9300,0
2026-08-18 19:19:35,AMLX,31.9300,31.9300,31.9300,31.9300,500.0000,31.9300,4
2026-08-18 19:19:40,AMLX,31.9300,31.9300,31.9300,31.9300,0.0000,31.9300,0
2026-08-18 19:19:45,AMLX,31.9300,31.9400,31.9300,31.9300,1100.0000,31.9309,6
2026-08-18 19:19:50,AMLX,31.9500,31.9600,31.9400,31.9400,800.0000,31.9469,8
2026-08-18 19:19:55,AMLX,31.9400,31.9400,31.9400,31.9400,148.0000,31.9400,1
2026-08-18 19:20:00,AMLX,31.9400,31.9400,31.9400,31.9400,0.0000,31.9400,0
2026-08-18 19:20:05,AMLX,31.9400,31.9400,31.9400,31.9400,325.0000,31.9400,1
2026-08-18 19:20:10,AMLX,31.9550,31.9700,31.9550,31.9700,500.0000,31.9590,5
2026-08-18 19:20:15,AMLX,31.9700,31.9700,31.9300,31.9300,2300.0000,31.9470,10
2026-08-18 19:20:20,AMLX,31.9200,31.9200,31.9100,31.9100,500.0000,31.9140,5
2026-08-18 19:20:25,AMLX,31.9000,31.9163,31.8900,31.9163,1425.0000,31.9016,8
2026-08-18 19:20:30,AMLX,31.9000,31.9100,31.8600,31.8600,2200.0000,31.8868,19
2026-08-18 19:20:35,AMLX,31.8600,31.8600,31.8600,31.8600,0.0000,31.8600,0
2026-08-18 19:20:40,AMLX,31.8600,31.8600,31.8600,31.8600,0.0000,31.8600,0
2026-08-18 19:20:45,AMLX,31.8600,31.8600,31.8600,31.8600,0.0000,31.8600,0
2026-08-18 19:20:50,AMLX,31.8600,31.8600,31.8600,31.8600,0.0000,31.8600,0
2026-08-18 19:20:55,AMLX,31.8600,31.8600,31.8600,31.8600,0.0000,31.8600,0
2026-08-18 19:21:00,AMLX,31.9600,31.9800,31.9600,31.9799,2073.0000,31.9718,8
2026-08-18 19:21:05,AMLX,31.9800,31.9800,31.9400,31.9400,3439.0000,31.9597,21
2026-08-18 19:21:10,AMLX,31.9450,31.9450,31.9450,31.9450,500.0000,31.9450,1
2026-08-18 19:21:15,AMLX,31.9500,31.9500,31.9500,31.9500,550.0000,31.9500,1
2026-08-18 19:21:20,AMLX,31.9100,31.9100,31.9100,31.9100,4567.0000,31.9100,25
2026-08-18 19:21:25,AMLX,31.9300,31.9300,31.9277,31.9277,700.0000,31.9282,3
2026-08-18 19:21:30,AMLX,31.9200,31.9200,31.9200,31.9200,500.0000,31.9200,1
2026-08-18 19:21:35,AMLX,31.9300,31.9350,31.9250,31.9350,1100.0000,31.9318,7
2026-08-18 19:21:40,AMLX,31.9350,31.9350,31.9350,31.9350,0.0000,31.9350,0
2026-08-18 19:21:45,AMLX,31.9400,31.9450,31.9350,31.9450,700.0000,31.9414,7
2026-08-18 19:21:50,AMLX,31.9500,31.9800,31.9500,31.9800,1100.0000,31.9635,11
2026-08-18 19:21:55,AMLX,31.9800,31.9800,31.9800,31.9800,0.0000,31.9800,0
2026-08-18 19:22:00,AMLX,31.9800,31.9800,31.9800,31.9800,0.0000,31.9800,0
2026-08-18 19:22:05,AMLX,31.9800,31.9800,31.9800,31.9800,700.0000,31.9800,3
2026-08-18 19:22:10,AMLX,31.9700,31.9750,31.9500,31.9500,1723.0000,31.9672,10
2026-08-18 19:22:15,AMLX,31.9500,31.9500,31.9400,31.9500,800.0000,31.9460,8
2026-08-18 19:22:20,AMLX,31.9300,31.9350,31.9200,31.9200,545.0000,31.9270,4
2026-08-18 19:22:25,AMLX,31.9400,31.9400,31.9400,31.9400,100.0000,31.9400,1
2026-08-18 19:22:30,AMLX,31.9400,31.9400,31.9400,31.9400,0.0000,31.9400,0
2026-08-18 19:22:35,AMLX,31.9400,31.9400,31.9400,31.9400,0.0000,31.9400,0
2026-08-18 19:22:40,AMLX,31.9400,31.9550,31.9400,31.9550,308.0000,31.9485,3
2026-08-18 19:22:45,AMLX,31.9550,31.9550,31.9550,31.9550,0.0000,31.9550,0
2026-08-18 19:22:50,AMLX,31.9700,31.9899,31.9700,31.9899,600.0000,31.9783,5
2026-08-18 19:22:55,AMLX,31.9700,31.9799,31.9600,31.9600,718.0000,31.9683,6
2026-08-18 19:23:00,AMLX,31.9600,31.9600,31.9600,31.9600,0.0000,31.9600,0
2026-08-18 19:23:05,AMLX,31.9600,31.9600,31.9600,31.9600,0.0000,31.9600,0
2026-08-18 19:23:10,AMLX,31.9600,31.9600,31.9600,31.9600,0.0000,31.9600,0
2026-08-18 19:23:15,AMLX,31.9600,31.9600,31.9600,31.9600,0.0000,31.9600,0
2026-08-18 19:23:20,AMLX,31.9550,31.9550,31.9550,31.9550,206.0000,31.9550,2
2026-08-18 19:23:25,AMLX,31.9550,31.9550,31.9400,31.9400,800.0000,31.9456,7
2026-08-18 19:23:30,AMLX,31.9450,31.9450,31.9400,31.9400,350.0000,31.9414,3
2026-08-18 19:23:35,AMLX,31.9400,31.9400,31.9400,31.9400,877.0000,31.9400,8
2026-08-18 19:23:40,AMLX,31.9400,31.9400,31.9400,31.9400,100.0000,31.9400,1
2026-08-18 19:23:45,AMLX,31.9400,31.9400,31.9400,31.9400,0.0000,31.9400,0
2026-08-18 19:23:50,AMLX,31.9700,32.0400,31.9700,32.0400,12196.0000,31.9992,49
2026-08-18 19:23:55,AMLX,32.0400,32.0500,32.0400,32.0500,1558.0000,32.0451,8
2026-08-18 19:24:00,AMLX,32.0400,32.0400,32.0400,32.0400,100.0000,32.0400,1
2026-08-18 19:24:05,AMLX,32.0400,32.0500,32.0100,32.0247,900.0000,32.0261,8
2026-08-18 19:24:10,AMLX,31.9901,32.0300,31.9800,31.9830,4250.0000,31.9958,25
2026-08-18 19:24:15,AMLX,31.9900,31.9900,31.9600,31.9600,2568.0000,31.9708,18
2026-08-18 19:24:20,AMLX,31.9600,31.9600,31.9550,31.9550,1800.0000,31.9594,10
2026-08-18 19:24:25,AMLX,31.9550,31.9550,31.9550,31.9550,0.0000,31.9550,0
2026-08-18 19:24:30,AMLX,31.9600,31.9600,31.9500,31.9500,340.0000,31.9559,3
2026-08-18 19:24:35,AMLX,31.9617,31.9617,31.9617,31.9617,400.0000,31.9617,1
2026-08-18 19:24:40,AMLX,31.9700,31.9700,31.9700,31.9700,100.0000,31.9700,1
2026-08-18 19:24:45,AMLX,31.9799,31.9799,31.9799,31.9799,150.0000,31.9799,1
2026-08-18 19:24:50,AMLX,31.9800,31.9800,31.9800,31.9800,100.0000,31.9800,1
2026-08-18 19:24:55,AMLX,31.9600,31.9600,31.9600,31.9600,100.0000,31.9600,1
2026-08-18 19:25:00,AMLX,31.9700,31.9700,31.9200,31.9254,1944.0000,31.9368,15
2026-08-18 19:25:05,AMLX,31.9254,31.9254,31.9254,31.9254,0.0000,31.9254,0
2026-08-18 19:25:10,AMLX,31.9254,31.9254,31.9254,31.9254,0.0000,31.9254,0
2026-08-18 19:25:15,AMLX,31.9500,31.9500,31.9500,31.9500,300.0000,31.9500,1
2026-08-18 19:25:20,AMLX,31.9301,31.9301,31.9301,31.9301,100.0000,31.9301,1
2026-08-18 19:25:25,AMLX,31.9301,31.9301,31.9301,31.9301,0.0000,31.9301,0
2026-08-18 19:25:30,AMLX,31.9301,31.9301,31.9301,31.9301,0.0000,31.9301,0
2026-08-18 19:25:35,AMLX,31.9500,31.9500,31.9500,31.9500,100.0000,31.9500,1
2026-08-18 19:25:40,AMLX,31.9550,31.9700,31.9550,31.9700,1200.0000,31.9638,8
2026-08-18 19:25:45,AMLX,31.9899,31.9899,31.9700,31.9700,300.0000,31.9766,2
2026-08-18 19:25:50,AMLX,31.9700,31.9836,31.9700,31.9836,1400.0000,31.9710,6
2026-08-18 19:25:55,AMLX,31.9836,31.9836,31.9836,31.9836,0.0000,31.9836,0
2026-08-18 19:26:00,AMLX,31.9836,31.9836,31.9836,31.9836,0.0000,31.9836,0
2026-08-18 19:26:05,AMLX,31.9800,31.9800,31.9800,31.9800,200.0000,31.9800,1
2026-08-18 19:26:10,AMLX,31.9700,31.9700,31.9700,31.9700,300.0000,31.9700,3
2026-08-18 19:26:15,AMLX,31.9700,31.9700,31.9700,31.9700,200.0000,31.9700,2
2026-08-18 19:26:20,AMLX,31.9700,31.9700,31.9700,31.9700,100.0000,31.9700,1
2026-08-18 19:26:25,AMLX,31.9700,31.9700,31.9700,31.9700,100.0000,31.9700,1
2026-08-18 19:26:30,AMLX,31.9700,31.9700,31.9700,31.9700,300.0000,31.9700,3
2026-08-18 19:26:35,AMLX,31.9700,31.9700,31.9700,31.9700,0.0000,31.9700,0
2026-08-18 19:26:40,AMLX,31.9662,31.9700,31.9600,31.9700,598.0000,31.9660,5
2026-08-18 19:26:45,AMLX,31.9700,31.9700,31.9700,31.9700,100.0000,31.9700,1
2026-08-18 19:26:50,AMLX,31.9700,31.9700,31.9700,31.9700,0.0000,31.9700,0
2026-08-18 19:26:55,AMLX,31.9600,31.9600,31.9600,31.9600,276.0000,31.9600,2
2026-08-18 19:27:00,AMLX,31.9600,31.9600,31.9600,31.9600,0.0000,31.9600,0
2026-08-18 19:27:05,AMLX,31.9500,31.9501,31.9300,31.9350,1860.0000,31.9452,10
2026-08-18 19:27:10,AMLX,31.9201,31.9350,31.9201,31.9242,1348.0000,31.9277,3
2026-08-18 19:27:15,AMLX,31.9200,31.9200,31.9000,31.9000,2500.0000,31.9052,11
2026-08-18 19:27:20,AMLX,31.8700,31.8799,31.7800,31.7900,7151.0000,31.8275,26
2026-08-18 19:27:25,AMLX,31.8000,31.8100,31.7900,31.7900,920.0000,31.7946,8
2026-08-18 19:27:30,AMLX,31.8100,31.8100,31.8100,31.8100,600.0000,31.8100,4
2026-08-18 19:27:35,AMLX,31.8100,31.8100,31.8100,31.8100,0.0000,31.8100,0
2026-08-18 19:27:40,AMLX,31.8037,31.8100,31.8037,31.8100,700.0000,31.8082,2
2026-08-18 19:27:45,AMLX,31.8000,31.8000,31.8000,31.8000,100.0000,31.8000,1
2026-08-18 19:27:50,AMLX,31.8350,31.8350,31.8263,31.8263,800.0000,31.8296,2
2026-08-18 19:27:55,AMLX,31.8263,31.8263,31.8263,31.8263,0.0000,31.8263,0
2026-08-18 19:28:00,AMLX,31.8150,31.8150,31.8054,31.8054,200.0000,31.8102,2
2026-08-18 19:28:05,AMLX,31.8150,31.8150,31.8150,31.8150,200.0000,31.8150,2
2026-08-18 19:28:10,AMLX,31.8150,31.8150,31.8150,31.8150,400.0000,31.8150,4
2026-08-18 19:28:15,AMLX,31.8150,31.8150,31.8150,31.8150,886.0000,31.8150,2
2026-08-18 19:28:20,AMLX,31.8150,31.8150,31.8150,31.8150,0.0000,31.8150,0
2026-08-18 19:28:25,AMLX,31.8150,31.8500,31.7900,31.8400,7319.0000,31.8166,43
2026-08-18 19:28:30,AMLX,31.8468,31.8468,31.8468,31.8468,1000.0000,31.8468,1
2026-08-18 19:28:35,AMLX,31.8400,31.8400,31.8400,31.8400,230.0000,31.8400,1
2026-08-18 19:28:40,AMLX,31.8400,31.8400,31.8400,31.8400,0.0000,31.8400,0
2026-08-18 19:28:45,AMLX,31.8400,31.8400,31.8400,31.8400,0.0000,31.8400,0
2026-08-18 19:28:50,AMLX,31.8400,31.8500,31.8400,31.8500,420.0000,31.8448,2
2026-08-18 19:28:55,AMLX,31.8500,31.8500,31.8500,31.8500,0.0000,31.8500,0
2026-08-18 19:29:00,AMLX,31.8500,31.8500,31.8500,31.8500,0.0000,31.8500,0
2026-08-18 19:29:05,AMLX,31.8600,31.8700,31.8600,31.8700,1309.0000,31.8661,13
2026-08-18 19:29:10,AMLX,31.8700,31.8700,31.8700,31.8700,100.0000,31.8700,1
2026-08-18 19:29:15,AMLX,31.8700,31.8700,31.8700,31.8700,100.0000,31.8700,1
2026-08-18 19:29:20,AMLX,31.8700,31.8700,31.8700,31.8700,200.0000,31.8700,2
2026-08-18 19:29:25,AMLX,31.8700,31.8700,31.8700,31.8700,100.0000,31.8700,1
2026-08-18 19:29:30,AMLX,31.8700,31.8700,31.8700,31.8700,450.0000,31.8700,2
2026-08-18 19:29:35,AMLX,31.8700,31.8700,31.8700,31.8700,0.0000,31.8700,0
2026-08-18 19:29:40,AMLX,31.8700,31.8700,31.8700,31.8700,300.0000,31.8700,3
2026-08-18 19:29:45,AMLX,31.8700,31.8700,31.8700,31.8700,0.0000,31.8700,0
2026-08-18 19:29:50,AMLX,31.8500,31.8500,31.8500,31.8500,600.0000,31.8500,6
2026-08-18 19:29:55,AMLX,31.8450,31.8450,31.8200,31.8200,600.0000,31.8408,2
2026-08-18 19:30:00,AMLX,31.8150,31.8150,31.8150,31.8150,100.0000,31.8150,1
2026-08-18 19:30:05,AMLX,31.8003,31.8003,31.8003,31.8003,133.0000,31.8003,1
2026-08-18 19:30:10,AMLX,31.8300,31.8300,31.8300,31.8300,600.0000,31.8300,4
2026-08-18 19:30:15,AMLX,31.8599,31.8599,31.8599,31.8599,500.0000,31.8599,1
2026-08-18 19:30:20,AMLX,31.8500,31.8500,31.8500,31.8500,100.0000,31.8500,1
2026-08-18 19:30:25,AMLX,31.8700,31.8800,31.8700,31.8800,1050.0000,31.8729,7
2026-08-18 19:30:30,AMLX,31.8900,31.9062,31.8900,31.9062,505.0000,31.8998,4
2026-08-18 19:30:35,AMLX,31.8950,31.9099,31.8950,31.9099,300.0000,31.9049,3
2026-08-18 19:30:40,AMLX,31.8982,31.9100,31.8951,31.9000,1000.0000,31.8977,5
2026-08-18 19:30:45,AMLX,31.8978,31.8978,31.8950,31.8950,738.0000,31.8959,2
2026-08-18 19:30:50,AMLX,31.8951,31.9100,31.8950,31.9100,2696.0000,31.8972,6
2026-08-18 19:30:55,AMLX,31.9000,31.9000,31.9000,31.9000,100.0000,31.9000,1
2026-08-18 19:31:00,AMLX,31.9000,31.9000,31.9000,31.9000,1450.0000,31.9000,9
2026-08-18 19:31:05,AMLX,31.9000,31.9000,31.9000,31.9000,0.0000,31.9000,0
2026-08-18 19:31:10,AMLX,31.9000,31.9000,31.9000,31.9000,0.0000,31.9000,0
2026-08-18 19:31:15,AMLX,31.9100,31.9100,31.9100,31.9100,129.0000,31.9100,1
2026-08-18 19:31:20,AMLX,31.9000,31.9200,31.9000,31.9100,3265.0000,31.9034,9
2026-08-18 19:31:25,AMLX,31.9100,31.9100,31.9100,31.9100,0.0000,31.9100,0
2026-08-18 19:31:30,AMLX,31.9050,31.9050,31.9050,31.9050,500.0000,31.9050,1
2026-08-18 19:31:35,AMLX,31.9037,31.9050,31.8900,31.8900,1000.0000,31.9003,6
2026-08-18 19:31:40,AMLX,31.8900,31.8900,31.8900,31.8900,0.0000,31.8900,0
2026-08-18 19:31:45,AMLX,31.8900,31.8900,31.8900,31.8900,0.0000,31.8900,0
2026-08-18 19:31:50,AMLX,31.8801,31.8950,31.8801,31.8950,300.0000,31.8900,3
2026-08-18 19:31:55,AMLX,31.8950,31.9000,31.8950,31.9000,200.0000,31.8975,2
2026-08-18 19:32:00,AMLX,31.9000,31.9000,31.9000,31.9000,0.0000,31.9000,0
2026-08-18 19:32:05,AMLX,31.9100,31.9100,31.9100,31.9100,100.0000,31.9100,1
2026-08-18 19:32:10,AMLX,31.9200,31.9200,31.9150,31.9150,250.0000,31.9170,2
2026-08-18 19:32:15,AMLX,31.9148,31.9200,31.9148,31.9200,200.0000,31.9174,2
2026-08-18 19:32:20,AMLX,31.9100,31.9300,31.9100,31.9300,1742.0000,31.9234,13
2026-08-18 19:32:25,AMLX,31.9300,31.9300,31.9300,31.9300,0.0000,31.9300,0
2026-08-18 19:32:30,AMLX,31.9300,31.9300,31.9200,31.9300,955.0000,31.9242,5
2026-08-18 19:32:35,AMLX,31.9400,31.9400,31.9400,31.9400,1380.0000,31.9400,6
2026-08-18 19:32:40,AMLX,31.9400,31.9400,31.9400,31.9400,0.0000,31.9400,0
2026-08-18 19:32:45,AMLX,31.9400,31.9400,31.9400,31.9400,0.0000,31.9400,0
2026-08-18 19:32:50,AMLX,31.9500,32.0900,31.9500,32.0900,9171.0000,32.0102,61
2026-08-18 19:32:55,AMLX,32.0944,32.1200,32.0800,32.1150,4431.0000,32.1030,17
2026-08-18 19:33:00,AMLX,32.1200,32.1250,32.1042,32.1100,2075.0000,32.1147,13
2026-08-18 19:33:05,AMLX,32.1200,32.1800,32.1150,32.1600,2916.0000,32.1422,16
2026-08-18 19:33:10,AMLX,32.1639,32.3000,32.1600,32.2450,4751.0000,32.2531,13
2026-08-18 19:33:15,AMLX,32.2450,32.2500,32.2450,32.2500,200.0000,32.2475,2
2026-08-18 19:33:20,AMLX,32.2500,32.2500,32.2500,32.2500,400.0000,32.2500,1
2026-08-18 19:33:25,AMLX,32.2278,32.2602,32.2278,32.2602,1750.0000,32.2325,4
2026-08-18 19:33:30,AMLX,32.2000,32.2270,32.1800,32.2250,7705.0000,32.1996,32
2026-08-18 19:33:35,AMLX,32.2150,32.2150,32.2150,32.2150,300.0000,32.2150,3
2026-08-18 19:33:40,AMLX,32.2600,32.2600,32.2250,32.2250,1505.0000,32.2484,3
2026-08-18 19:33:45,AMLX,32.2250,32.2250,32.2250,32.2250,0.0000,32.2250,0
2026-08-18 19:33:50,AMLX,32.2300,32.2600,32.2300,32.2300,6782.0000,32.2441,36
2026-08-18 19:33:55,AMLX,32.2500,32.2500,32.1600,32.2200,7071.0000,32.2153,33
2026-08-18 19:34:00,AMLX,32.1600,32.1850,32.1300,32.1400,6322.0000,32.1405,13
2026-08-18 19:34:05,AMLX,32.2077,32.2200,32.1750,32.2200,800.0000,32.1903,3
2026-08-18 19:34:10,AMLX,32.1700,32.3903,32.1700,32.3903,9421.0000,32.2646,54
2026-08-18 19:34:15,AMLX,32.3600,32.4399,32.3444,32.3444,3050.0000,32.3920,9
2026-08-18 19:34:20,AMLX,32.3850,32.4220,32.3400,32.4220,1900.0000,32.3790,4
2026-08-18 19:34:25,AMLX,32.3301,32.3301,32.3000,32.3000,1600.0000,32.3138,10
2026-08-18 19:34:30,AMLX,32.3200,32.3200,32.3200,32.3200,900.0000,32.3200,4
2026-08-18 19:34:35,AMLX,32.3251,32.3251,32.3100,32.3100,400.0000,32.3213,2
2026-08-18 19:34:40,AMLX,32.3100,32.3200,32.3100,32.3200,1190.0000,32.3122,2
2026-08-18 19:34:45,AMLX,32.3100,32.3300,32.3100,32.3300,500.0000,32.3180,4
2026-08-18 19:34:50,AMLX,32.3100,32.3150,32.3100,32.3150,244.0000,32.3130,2
2026-08-18 19:34:55,AMLX,32.3200,32.3200,32.2800,32.3150,6392.0000,32.3025,40
2026-08-18 19:35:00,AMLX,32.3347,32.3347,32.3347,32.3347,100.0000,32.3347,1
2026-08-18 19:35:05,AMLX,32.3200,32.3200,32.3200,32.3200,250.0000,32.3200,1
2026-08-18 19:35:10,AMLX,32.3200,32.3500,32.2600,32.2600,15000.0000,32.3128,101
2026-08-18 19:35:15,AMLX,32.2500,32.2500,32.2400,32.2468,2700.0000,32.2472,14
2026-08-18 19:35:20,AMLX,32.2400,32.2850,32.2400,32.2850,4077.0000,32.2467,30
2026-08-18 19:35:25,AMLX,32.3200,32.3200,32.3200,32.3200,500.0000,32.3200,1
2026-08-18 19:35:30,AMLX,32.2410,32.2410,32.2410,32.2410,400.0000,32.2410,3
2026-08-18 19:35:35,AMLX,32.2400,32.2400,32.2000,32.2050,7910.0000,32.2068,27
2026-08-18 19:35:40,AMLX,32.2300,32.2300,32.2051,32.2051,2015.0000,32.2270,2
2026-08-18 19:35:45,AMLX,32.2051,32.2051,32.2051,32.2051,0.0000,32.2051,0
2026-08-18 19:35:50,AMLX,32.2050,32.2050,32.2050,32.2050,100.0000,32.2050,1
2026-08-18 19:35:55,AMLX,32.2050,32.2050,32.2050,32.2050,500.0000,32.2050,1
2026-08-18 19:36:00,AMLX,32.2050,32.2200,32.2050,32.2200,595.0000,32.2126,2
2026-08-18 19:36:05,AMLX,32.2050,32.2050,32.2050,32.2050,600.0000,32.2050,2
2026-08-18 19:36:10,AMLX,32.2050,32.2050,32.1900,32.1900,1453.0000,32.1941,2
2026-08-18 19:36:15,AMLX,32.1900,32.1900,32.1900,32.1900,0.0000,32.1900,0
2026-08-18 19:36:20,AMLX,32.2300,32.2600,32.2050,32.2450,9332.0000,32.2304,31
2026-08-18 19:36:25,AMLX,32.2200,32.2200,32.2200,32.2200,2092.0000,32.2200,2
2026-08-18 19:36:30,AMLX,32.2350,32.2350,32.2350,32.2350,100.0000,32.2350,1
2026-08-18 19:36:35,AMLX,32.2350,32.2350,32.2300,32.2300,473.0000,32.2321,4
2026-08-18 19:36:40,AMLX,32.2350,32.2350,32.2350,32.2350,250.0000,32.2350,1
2026-08-18 19:36:45,AMLX,32.2350,32.2350,32.2350,32.2350,0.0000,32.2350,0
2026-08-18 19:36:50,AMLX,32.2400,32.2600,32.2400,32.2400,4600.0000,32.2415,9
2026-08-18 19:36:55,AMLX,32.2650,32.2650,32.2650,32.2650,400.0000,32.2650,4
2026-08-18 19:37:00,AMLX,32.2832,32.2832,32.2832,32.2832,100.0000,32.2832,1
2026-08-18 19:37:05,AMLX,32.2410,32.2410,32.2410,32.2410,500.0000,32.2410,2
2026-08-18 19:37:10,AMLX,32.2550,32.2550,32.2421,32.2500,2250.0000,32.2496,9
2026-08-18 19:37:15,AMLX,32.2600,32.3100,32.2500,32.2600,9626.0000,32.2799,55
2026-08-18 19:37:20,AMLX,32.2600,32.2600,32.2600,32.2600,0.0000,32.2600,0
2026-08-18 19:37:25,AMLX,32.2600,32.2600,32.2600,32.2600,0.0000,32.2600,0
2026-08-18 19:37:30,AMLX,32.2500,32.2500,32.2500,32.2500,150.0000,32.2500,1
2026-08-18 19:37:35,AMLX,32.2500,32.2500,32.2500,32.2500,0.0000,32.2500,0
2026-08-18 19:37:40,AMLX,32.2700,32.2700,32.2700,32.2700,1250.0000,32.2700,3
2026-08-18 19:37:45,AMLX,32.2750,32.2750,32.2750,32.2750,521.0000,32.2750,3
2026-08-18 19:37:50,AMLX,32.2600,32.2760,32.2500,32.2700,1211.0000,32.2642,9
2026-08-18 19:37:55,AMLX,32.2650,32.2700,32.2400,32.2600,7663.0000,32.2479,35
2026-08-18 19:38:00,AMLX,32.2600,32.2600,32.2600,32.2600,0.0000,32.2600,0
2026-08-18 19:38:05,AMLX,32.2526,32.2550,32.2526,32.2550,200.0000,32.2538,2
2026-08-18 19:38:10,AMLX,32.2550,32.2550,32.2550,32.2550,0.0000,32.2550,0
2026-08-18 19:38:15,AMLX,32.2700,32.3000,32.2650,32.2800,3750.0000,32.2770,25
2026-08-18 19:38:20,AMLX,32.3050,32.3050,32.3000,32.3000,400.0000,32.3013,2
2026-08-18 19:38:25,AMLX,32.3300,32.3300,32.3000,32.3050,2568.0000,32.3235,4
2026-08-18 19:38:30,AMLX,32.3050,32.3050,32.3050,32.3050,244.0000,32.3050,1
2026-08-18 19:38:35,AMLX,32.3050,32.3050,32.3050,32.3050,200.0000,32.3050,2
2026-08-18 19:38:40,AMLX,32.3050,32.3050,32.3050,32.3050,0.0000,32.3050,0
2026-08-18 19:38:45,AMLX,32.2800,32.2900,32.2600,32.2600,4574.0000,32.2730,29
2026-08-18 19:38:50,AMLX,32.2650,32.2650,32.2650,32.2650,341.0000,32.2650,2
2026-08-18 19:38:55,AMLX,32.2600,32.2600,32.2600,32.2600,111.0000,32.2600,1
2026-08-18 19:39:00,AMLX,32.2762,32.2762,32.2500,32.2500,800.0000,32.2565,5
2026-08-18 19:39:05,AMLX,32.2450,32.2500,32.2450,32.2450,670.0000,32.2458,3
2026-08-18 19:39:10,AMLX,32.2500,32.2500,32.2500,32.2500,100.0000,32.2500,1
2026-08-18 19:39:15,AMLX,32.2400,32.2700,32.2200,32.2500,7627.0000,32.2391,49
2026-08-18 19:39:20,AMLX,32.2500,32.2500,32.2500,32.2500,0.0000,32.2500,0
2026-08-18 19:39:25,AMLX,32.2600,32.2750,32.2600,32.2750,700.0000,32.2707,3
2026-08-18 19:39:30,AMLX,32.2500,32.2900,32.2500,32.2875,2325.0000,32.2614,8
2026-08-18 19:39:35,AMLX,32.3100,32.3262,32.3100,32.3262,1020.0000,32.3208,5
2026-08-18 19:39:40,AMLX,32.3100,32.3300,32.3050,32.3050,5156.0000,32.3243,20
2026-08-18 19:39:45,AMLX,32.3050,32.3050,32.3050,32.3050,100.0000,32.3050,1
2026-08-18 19:39:50,AMLX,32.3000,32.3000,32.3000,32.3000,100.0000,32.3000,1
2026-08-18 19:39:55,AMLX,32.3000,32.3000,32.3000,32.3000,1100.0000,32.3000,8
2026-08-18 19:40:00,AMLX,32.3000,32.3000,32.3000,32.3000,1150.0000,32.3000,2
2026-08-18 19:40:05,AMLX,32.3000,32.3146,32.3000,32.3000,3964.0000,32.3004,6
2026-08-18 19:40:10,AMLX,32.3180,32.3180,32.3000,32.3000,1901.0000,32.3115,8
2026-08-18 19:40:15,AMLX,32.3021,32.3550,32.3021,32.3550,2821.0000,32.3353,21
2026-08-18 19:40:20,AMLX,32.3750,32.3900,32.3750,32.3900,668.0000,32.3807,3
2026-08-18 19:40:25,AMLX,32.3568,32.3900,32.3568,32.3900,699.0000,32.3831,3
2026-08-18 19:40:30,AMLX,32.3932,32.4000,32.3750,32.3970,3575.0000,32.3941,4
2026-08-18 19:40:35,AMLX,32.3900,32.3900,32.3500,32.3750,5350.0000,32.3827,7
2026-08-18 19:40:40,AMLX,32.3815,32.4400,32.3750,32.3900,9109.0000,32.4023,54
2026-08-18 19:40:45,AMLX,32.3806,32.3806,32.3200,32.3500,4545.0000,32.3483,32
2026-08-18 19:40:50,AMLX,32.3800,32.4400,32.3800,32.4400,378.0000,32.4241,2
2026-08-18 19:40:55,AMLX,32.3600,32.3900,32.3600,32.3900,2700.0000,32.3807,15
2026-08-18 19:41:00,AMLX,32.4300,32.4800,32.4200,32.4800,4544.0000,32.4542,20
2026-08-18 19:41:05,AMLX,32.4999,32.5000,32.4200,32.4500,2454.0000,32.4707,15
2026-08-18 19:41:10,AMLX,32.4500,32.4800,32.4500,32.4500,1300.0000,32.4612,9
2026-08-18 19:41:15,AMLX,32.4400,32.4400,32.4400,32.4400,500.0000,32.4400,1
2026-08-18 19:41:20,AMLX,32.4500,32.4550,32.4500,32.4550,740.0000,32.4516,6
2026-08-18 19:41:25,AMLX,32.4200,32.4200,32.4200,32.4200,154.0000,32.4200,1
2026-08-18 19:41:30,AMLX,32.4500,32.4500,32.4500,32.4500,700.0000,32.4500,6
2026-08-18 19:41:35,AMLX,32.4700,32.4700,32.4700,32.4700,400.0000,32.4700,4
2026-08-18 19:41:40,AMLX,32.4750,32.5400,32.4750,32.5100,9408.0000,32.5105,55
2026-08-18 19:41:45,AMLX,32.5350,32.5700,32.5350,32.5350,699.0000,32.5600,3
2026-08-18 19:41:50,AMLX,32.5350,32.5500,32.4800,32.4800,4717.0000,32.5288,27
2026-08-18 19:41:55,AMLX,32.5239,32.5239,32.4700,32.4700,4834.0000,32.4998,14
2026-08-18 19:42:00,AMLX,32.4600,32.4999,32.4600,32.4999,4215.0000,32.4647,2
2026-08-18 19:42:05,AMLX,32.4700,32.4999,32.4500,32.4750,2780.0000,32.4774,16
2026-08-18 19:42:10,AMLX,32.4500,32.4500,32.4500,32.4500,150.0000,32.4500,1
2026-08-18 19:42:15,AMLX,32.4600,32.4900,32.4600,32.4700,2412.0000,32.4797,16
2026-08-18 19:42:20,AMLX,32.4700,32.4900,32.4500,32.4900,4105.0000,32.4791,18
2026-08-18 19:42:25,AMLX,32.5000,32.5150,32.5000,32.5150,1000.0000,32.5075,9
2026-08-18 19:42:30,AMLX,32.5150,32.5150,32.5150,32.5150,700.0000,32.5150,1
2026-08-18 19:42:35,AMLX,32.5050,32.5050,32.4700,32.4700,978.0000,32.4874,5
2026-08-18 19:42:40,AMLX,32.4725,32.4725,32.4725,32.4725,200.0000,32.4725,1
2026-08-18 19:42:45,AMLX,32.4950,32.4950,32.4950,32.4950,300.0000,32.4950,3
2026-08-18 19:42:50,AMLX,32.4950,32.5150,32.4950,32.5000,2850.0000,32.4960,21
2026-08-18 19:42:55,AMLX,32.5000,32.5000,32.5000,32.5000,230.0000,32.5000,1
2026-08-18 19:43:00,AMLX,32.5200,32.6000,32.5000,32.6000,26001.0000,32.5196,139
2026-08-18 19:43:05,AMLX,32.6099,32.6099,32.6099,32.6099,100.0000,32.6099,1
2026-08-18 19:43:10,AMLX,32.5950,32.6000,32.5900,32.5950,3800.0000,32.5939,14
2026-08-18 19:43:15,AMLX,32.6100,32.6199,32.6100,32.6199,2300.0000,32.6147,6
2026-08-18 19:43:20,AMLX,32.6150,32.6200,32.6000,32.6000,6374.0000,32.6048,26
2026-08-18 19:43:25,AMLX,32.6050,32.6050,32.6050,32.6050,200.0000,32.6050,2
2026-08-18 19:43:30,AMLX,32.6071,32.6200,32.5900,32.5900,10678.0000,32.6033,73
2026-08-18 19:43:35,AMLX,32.5900,32.5900,32.5800,32.5800,253.0000,32.5861,2
2026-08-18 19:43:40,AMLX,32.5600,32.5672,32.5400,32.5400,1153.0000,32.5532,10
2026-08-18 19:43:45,AMLX,32.5400,32.5900,32.5400,32.5900,2652.0000,32.5460,8
2026-08-18 19:43:50,AMLX,32.5462,32.5462,32.5462,32.5462,500.0000,32.5462,1
2026-08-18 19:43:55,AMLX,32.5462,32.5462,32.5462,32.5462,0.0000,32.5462,0
2026-08-18 19:44:00,AMLX,32.5563,32.5563,32.5563,32.5563,165.0000,32.5563,1
2026-08-18 19:44:05,AMLX,32.5563,32.5563,32.5563,32.5563,0.0000,32.5563,0
2026-08-18 19:44:10,AMLX,32.5900,32.5900,32.5900,32.5900,100.0000,32.5900,1
2026-08-18 19:44:15,AMLX,32.5900,32.5900,32.5900,32.5900,353.0000,32.5900,3
2026-08-18 19:44:20,AMLX,32.6100,32.6300,32.6100,32.6100,4684.0000,32.6199,17
2026-08-18 19:44:25,AMLX,32.6300,32.6600,32.6300,32.6600,2392.0000,32.6460,8
2026-08-18 19:44:30,AMLX,32.6500,32.6500,32.6500,32.6500,500.0000,32.6500,5
2026-08-18 19:44:35,AMLX,32.6500,32.6600,32.6500,32.6500,1300.0000,32.6546,6
2026-08-18 19:44:40,AMLX,32.6675,32.6675,32.6600,32.6600,525.0000,32.6614,3
2026-08-18 19:44:45,AMLX,32.6600,32.6700,32.6501,32.6501,1570.0000,32.6543,5
2026-08-18 19:44:50,AMLX,32.6600,32.6600,32.6600,32.6600,1000.0000,32.6600,3
2026-08-18 19:44:55,AMLX,32.6520,32.6520,32.6500,32.6500,1300.0000,32.6508,8
2026-08-18 19:45:00,AMLX,32.6500,32.6700,32.6424,32.6700,1923.0000,32.6517,12
2026-08-18 19:45:05,AMLX,32.6800,32.8600,32.6800,32.8499,17097.0000,32.7853,84
2026-08-18 19:45:10,AMLX,32.8460,32.8460,32.8350,32.8350,4350.0000,32.8353,6
2026-08-18 19:45:15,AMLX,32.8350,32.8350,32.7501,32.8171,15199.0000,32.8049,63
2026-08-18 19:45:20,AMLX,32.7586,32.7850,32.7586,32.7800,1519.0000,32.7697,7
2026-08-18 19:45:25,AMLX,32.8089,32.8089,32.7750,32.7750,3450.0000,32.7999,4
2026-08-18 19:45:30,AMLX,32.7750,32.8000,32.7750,32.7900,3040.0000,32.7862,14
2026-08-18 19:45:35,AMLX,32.7900,32.8100,32.7900,32.8100,2175.0000,32.8008,2
2026-08-18 19:45:40,AMLX,32.7900,32.8490,32.7601,32.8490,7944.0000,32.8346,21
2026-08-18 19:45:45,AMLX,32.8350,32.8499,32.8300,32.8400,2403.0000,32.8356,6
2026-08-18 19:45:50,AMLX,32.8350,32.8350,32.8350,32.8350,766.0000,32.8350,2
2026-08-18 19:45:55,AMLX,32.8350,32.8463,32.8300,32.8463,3686.0000,32.8406,9
2026-08-18 19:46:00,AMLX,32.8500,32.8500,32.8500,32.8500,100.0000,32.8500,1
2026-08-18 19:46:05,AMLX,32.8490,32.8490,32.8450,32.8450,1814.0000,32.8461,5
2026-08-18 19:46:10,AMLX,32.8450,32.8450,32.8437,32.8450,1500.0000,32.8449,4
2026-08-18 19:46:15,AMLX,32.8401,32.8450,32.7920,32.7920,4582.0000,32.8276,27
2026-08-18 19:46:20,AMLX,32.7920,32.7920,32.7920,32.7920,0.0000,32.7920,0
2026-08-18 19:46:25,AMLX,32.8199,32.8199,32.7600,32.7600,2616.0000,32.7651,8
2026-08-18 19:46:30,AMLX,32.7600,32.7900,32.7600,32.7750,2725.0000,32.7717,9
2026-08-18 19:46:35,AMLX,32.7899,32.7899,32.7603,32.7603,991.0000,32.7686,4
2026-08-18 19:46:40,AMLX,32.7900,32.8035,32.7800,32.8035,873.0000,32.7950,8
2026-08-18 19:46:45,AMLX,32.7950,32.8137,32.7950,32.8000,2222.0000,32.8057,3
2026-08-18 19:46:50,AMLX,32.8000,32.8000,32.8000,32.8000,500.0000,32.8000,1
2026-08-18 19:46:55,AMLX,32.8200,32.8200,32.7900,32.8200,530.0000,32.8143,3
2026-08-18 19:47:00,AMLX,32.7950,32.8300,32.7950,32.8250,1546.0000,32.8168,14
2026-08-18 19:47:05,AMLX,32.8250,32.8250,32.8250,32.8250,400.0000,32.8250,4
2026-08-18 19:47:10,AMLX,32.8000,32.8000,32.7800,32.7900,500.0000,32.7900,5
2026-08-18 19:47:15,AMLX,32.7850,32.8067,32.7600,32.8067,6614.0000,32.7884,25
2026-08-18 19:47:20,AMLX,32.7772,32.7900,32.7425,32.7425,4353.0000,32.7753,32
2026-08-18 19:47:25,AMLX,32.7563,32.7599,32.7101,32.7599,2348.0000,32.7412,11
2026-08-18 19:47:30,AMLX,32.7350,32.7350,32.7350,32.7350,100.0000,32.7350,1
2026-08-18 19:47:35,AMLX,32.7350,32.7350,32.7350,32.7350,0.0000,32.7350,0
2026-08-18 19:47:40,AMLX,32.7350,32.7350,32.7100,32.7100,3100.0000,32.7342,2
2026-08-18 19:47:45,AMLX,32.6800,32.6950,32.6600,32.6656,5427.0000,32.6762,22
2026-08-18 19:47:50,AMLX,32.6763,32.6763,32.6400,32.6420,6150.0000,32.6556,33
2026-08-18 19:47:55,AMLX,32.6690,32.6800,32.6550,32.6702,1912.0000,32.6695,9
2026-08-18 19:48:00,AMLX,32.6702,32.6702,32.6702,32.6702,0.0000,32.6702,0
2026-08-18 19:48:05,AMLX,32.6850,32.6850,32.6700,32.6700,400.0000,32.6812,4
2026-08-18 19:48:10,AMLX,32.6611,32.6611,32.6611,32.6611,300.0000,32.6611,1
2026-08-18 19:48:15,AMLX,32.6611,32.6611,32.6611,32.6611,0.0000,32.6611,0
2026-08-18 19:48:20,AMLX,32.6750,32.6750,32.6400,32.6400,1396.0000,32.6483,11
2026-08-18 19:48:25,AMLX,32.6400,32.6400,32.6300,32.6300,692.0000,32.6343,3
2026-08-18 19:48:30,AMLX,32.6350,32.6500,32.6350,32.6350,1600.0000,32.6409,5
2026-08-18 19:48:35,AMLX,32.6450,32.6450,32.6200,32.6200,1223.0000,32.6295,7
2026-08-18 19:48:40,AMLX,32.6200,32.6200,32.5932,32.6063,2223.0000,32.6063,14
2026-08-18 19:48:45,AMLX,32.5950,32.5950,32.5800,32.5900,1348.0000,32.5822,7
2026-08-18 19:48:50,AMLX,32.5600,32.5600,32.5600,32.5600,500.0000,32.5600,1
2026-08-18 19:48:55,AMLX,32.5850,32.5850,32.4800,32.5000,6466.0000,32.5036,29
2026-08-18 19:49:00,AMLX,32.5148,32.5300,32.4800,32.5199,2825.0000,32.4911,6
2026-08-18 19:49:05,AMLX,32.5100,32.5100,32.5037,32.5100,920.0000,32.5071,4
2026-08-18 19:49:10,AMLX,32.5150,32.5500,32.5000,32.5400,3282.0000,32.5271,16
2026-08-18 19:49:15,AMLX,32.5350,32.5406,32.5100,32.5350,2383.0000,32.5290,6
2026-08-18 19:49:20,AMLX,32.5201,32.5400,32.5201,32.5400,200.0000,32.5301,2
2026-08-18 19:49:25,AMLX,32.5200,32.5200,32.5162,32.5162,435.0000,32.5184,2
2026-08-18 19:49:30,AMLX,32.5350,32.5350,32.5200,32.5350,501.0000,32.5310,4
2026-08-18 19:49:35,AMLX,32.5100,32.5100,32.5044,32.5044,2259.0000,32.5055,4
2026-08-18 19:49:40,AMLX,32.5050,32.5050,32.5050,32.5050,103.0000,32.5050,1
2026-08-18 19:49:45,AMLX,32.5050,32.5362,32.5000,32.5000,902.0000,32.5258,4
2026-08-18 19:49:50,AMLX,32.5000,32.5300,32.4300,32.4300,6222.0000,32.4880,53
2026-08-18 19:49:55,AMLX,32.4300,32.4300,32.4300,32.4300,100.0000,32.4300,1
2026-08-18 19:50:00,AMLX,32.4550,32.4550,32.4550,32.4550,101.0000,32.4550,1
2026-08-18 19:50:05,AMLX,32.4550,32.4550,32.4550,32.4550,100.0000,32.4550,1
2026-08-18 19:50:10,AMLX,32.4551,32.4551,32.4551,32.4551,231.0000,32.4551,1
2026-08-18 19:50:15,AMLX,32.4500,32.4550,32.4500,32.4550,300.0000,32.4533,2
2026-08-18 19:50:20,AMLX,32.4500,32.4500,32.4287,32.4287,224.0000,32.4382,2
2026-08-18 19:50:25,AMLX,32.4742,32.4742,32.4600,32.4600,2509.0000,32.4731,2
2026-08-18 19:50:30,AMLX,32.4700,32.4700,32.4700,32.4700,233.0000,32.4700,1
2026-08-18 19:50:35,AMLX,32.4800,32.4800,32.4800,32.4800,100.0000,32.4800,1
2026-08-18 19:50:40,AMLX,32.4725,32.4725,32.4725,32.4725,100.0000,32.4725,1
2026-08-18 19:50:45,AMLX,32.4701,32.4701,32.4701,32.4701,157.0000,32.4701,1
2026-08-18 19:50:50,AMLX,32.4800,32.4800,32.4800,32.4800,200.0000,32.4800,2
2026-08-18 19:50:55,AMLX,32.4800,32.4800,32.4800,32.4800,800.0000,32.4800,3
2026-08-18 19:51:00,AMLX,32.4800,32.4800,32.4800,32.4800,200.0000,32.4800,1
2026-08-18 19:51:05,AMLX,32.4800,32.4800,32.4700,32.4700,2186.0000,32.4751,11
2026-08-18 19:51:10,AMLX,32.4600,32.4600,32.4600,32.4600,400.0000,32.4600,1
2026-08-18 19:51:15,AMLX,32.4521,32.4521,32.4500,32.4500,1202.0000,32.4509,5
2026-08-18 19:51:20,AMLX,32.4500,32.4500,32.4500,32.4500,0.0000,32.4500,0
2026-08-18 19:51:25,AMLX,32.4550,32.4550,32.4550,32.4550,558.0000,32.4550,4
2026-08-18 19:51:30,AMLX,32.4550,32.4550,32.4550,32.4550,300.0000,32.4550,3
2026-08-18 19:51:35,AMLX,32.4550,32.5200,32.4550,32.5200,3200.0000,32.4848,28
2026-08-18 19:51:40,AMLX,32.5339,32.5373,32.5339,32.5373,2420.0000,32.5347,2
2026-08-18 19:51:45,AMLX,32.5250,32.6000,32.4800,32.6000,20255.0000,32.5174,78
2026-08-18 19:51:50,AMLX,32.6299,32.6500,32.6100,32.6200,5081.0000,32.6257,29
2026-08-18 19:51:55,AMLX,32.6300,32.6494,32.6300,32.6447,500.0000,32.6388,4
2026-08-18 19:52:00,AMLX,32.6400,32.6400,32.6400,32.6400,100.0000,32.6400,1
2026-08-18 19:52:05,AMLX,32.6500,32.6593,32.6300,32.6450,2358.0000,32.6405,14
2026-08-18 19:52:10,AMLX,32.6451,32.6600,32.6451,32.6500,1869.0000,32.6498,5
2026-08-18 19:52:15,AMLX,32.6600,32.6778,32.6600,32.6778,4150.0000,32.6655,27
2026-08-18 19:52:20,AMLX,32.6700,32.6772,32.6700,32.6700,1775.0000,32.6720,3
2026-08-18 19:52:25,AMLX,32.6800,32.7000,32.6800,32.6800,2200.0000,32.6915,9
2026-08-18 19:52:30,AMLX,32.6800,32.7450,32.6600,32.7450,18502.0000,32.6871,124
2026-08-18 19:52:35,AMLX,32.7300,32.7300,32.7300,32.7300,2705.0000,32.7300,3
2026-08-18 19:52:40,AMLX,32.7400,32.7400,32.7150,32.7300,3350.0000,32.7366,10
2026-08-18 19:52:45,AMLX,32.7300,32.7600,32.7100,32.7400,16896.0000,32.7202,106
2026-08-18 19:52:50,AMLX,32.7400,32.7400,32.7100,32.7100,1550.0000,32.7290,15
2026-08-18 19:52:55,AMLX,32.7100,32.7500,32.7100,32.7500,11514.0000,32.7133,52
2026-08-18 19:53:00,AMLX,32.7600,32.7600,32.7600,32.7600,200.0000,32.7600,1
2026-08-18 19:53:05,AMLX,32.7500,32.7550,32.7300,32.7550,2696.0000,32.7415,17
2026-08-18 19:53:10,AMLX,32.7550,32.7550,32.7550,32.7550,500.0000,32.7550,5
2026-08-18 19:53:15,AMLX,32.7799,32.7799,32.7305,32.7550,636.0000,32.7576,3
2026-08-18 19:53:20,AMLX,32.7520,32.7520,32.7520,32.7520,111.0000,32.7520,1
2026-08-18 19:53:25,AMLX,32.7760,32.7760,32.7760,32.7760,100.0000,32.7760,1
2026-08-18 19:53:30,AMLX,32.7700,32.7900,32.7700,32.7900,3089.0000,32.7773,15
2026-08-18 19:53:35,AMLX,32.7900,32.7900,32.7900,32.7900,100.0000,32.7900,1
2026-08-18 19:53:40,AMLX,32.8045,32.8077,32.7800,32.7800,1260.0000,32.7907,6
2026-08-18 19:53:45,AMLX,32.7700,32.7900,32.7600,32.7900,4617.0000,32.7707,15
2026-08-18 19:53:50,AMLX,32.7900,32.7950,32.7850,32.7875,600.0000,32.7904,6
2026-08-18 19:53:55,AMLX,32.7950,32.8025,32.7950,32.8025,400.0000,32.7969,2
2026-08-18 19:54:00,AMLX,32.7950,32.7950,32.7950,32.7950,550.0000,32.7950,2
2026-08-18 19:54:05,AMLX,32.8100,32.8200,32.8100,32.8100,960.0000,32.8148,9
2026-08-18 19:54:10,AMLX,32.8193,32.8193,32.8193,32.8193,322.0000,32.8193,1
2026-08-18 19:54:15,AMLX,32.8100,32.8100,32.8000,32.8000,2338.0000,32.8032,13
2026-08-18 19:54:20,AMLX,32.8000,32.8000,32.8000,32.8000,0.0000,32.8000,0
2026-08-18 19:54:25,AMLX,32.8000,32.8000,32.8000,32.8000,209.0000,32.8000,2
2026-08-18 19:54:30,AMLX,32.8000,32.8033,32.8000,32.8000,500.0000,32.8007,5
2026-08-18 19:54:35,AMLX,32.8065,32.8065,32.8065,32.8065,199.0000,32.8065,1
2026-08-18 19:54:40,AMLX,32.8065,32.8350,32.8065,32.8350,1796.0000,32.8178,13
2026-08-18 19:54:45,AMLX,32.8350,32.8499,32.8350,32.8360,1800.0000,32.8417,9
2026-08-18 19:54:50,AMLX,32.8400,32.8400,32.8300,32.8300,2480.0000,32.8315,7
2026-08-18 19:54:55,AMLX,32.8300,32.8400,32.8300,32.8400,400.0000,32.8375,3
2026-08-18 19:55:00,AMLX,32.8352,32.8400,32.8180,32.8180,743.0000,32.8322,7
2026-08-18 19:55:05,AMLX,32.8300,32.8300,32.8300,32.8300,300.0000,32.8300,1
2026-08-18 19:55:10,AMLX,32.8300,32.8500,32.8300,32.8500,2725.0000,32.8426,22
2026-08-18 19:55:15,AMLX,32.8800,32.9300,32.8662,32.9150,8480.0000,32.9102,20
2026-08-18 19:55:20,AMLX,32.9100,32.9300,32.9000,32.9150,12677.0000,32.9028,85
2026-08-18 19:55:25,AMLX,32.9150,32.9150,32.9073,32.9073,550.0000,32.9087,2
2026-08-18 19:55:30,AMLX,32.9000,32.9300,32.9000,32.9270,11782.0000,32.9120,53
2026-08-18 19:55:35,AMLX,32.9299,32.9299,32.9100,32.9100,535.0000,32.9219,3
2026-08-18 19:55:40,AMLX,32.9150,32.9300,32.9100,32.9100,2850.0000,32.9163,10
2026-08-18 19:55:45,AMLX,32.9150,32.9150,32.9000,32.9150,1768.0000,32.9055,12
2026-08-18 19:55:50,AMLX,32.9150,32.9150,32.9150,32.9150,1310.0000,32.9150,4
2026-08-18 19:55:55,AMLX,32.9000,32.9000,32.9000,32.9000,3113.0000,32.9000,20
2026-08-18 19:56:00,AMLX,32.9100,32.9192,32.9000,32.9000,3584.0000,32.9075,20
2026-08-18 19:56:05,AMLX,32.9000,32.9001,32.9000,32.9000,5198.0000,32.9000,48
2026-08-18 19:56:10,AMLX,32.9000,32.9000,32.8500,32.9000,30432.0000,32.8893,207
2026-08-18 19:56:15,AMLX,32.8800,32.9000,32.8025,32.8150,16613.0000,32.8619,135
2026-08-18 19:56:20,AMLX,32.8150,32.8200,32.8150,32.8200,1100.0000,32.8159,11
2026-08-18 19:56:25,AMLX,32.8400,32.8800,32.8300,32.8434,1566.0000,32.8524,12
2026-08-18 19:56:30,AMLX,32.8600,32.8600,32.8600,32.8600,100.0000,32.8600,1
2026-08-18 19:56:35,AMLX,32.8640,32.8640,32.8500,32.8600,1400.0000,32.8611,7
2026-08-18 19:56:40,AMLX,32.8660,32.8699,32.8660,32.8699,200.0000,32.8680,2
2026-08-18 19:56:45,AMLX,32.8600,32.8600,32.8600,32.8600,400.0000,32.8600,2
2026-08-18 19:56:50,AMLX,32.8501,32.8501,32.8200,32.8200,3404.0000,32.8429,15
2026-08-18 19:56:55,AMLX,32.8173,32.8173,32.8172,32.8173,500.0000,32.8173,1
2026-08-18 19:57:00,AMLX,32.8250,32.8250,32.8250,32.8250,700.0000,32.8250,3
2026-08-18 19:57:05,AMLX,32.8250,32.8400,32.8200,32.8200,1200.0000,32.8258,3
2026-08-18 19:57:10,AMLX,32.8250,32.8250,32.8250,32.8250,2100.0000,32.8250,2
2026-08-18 19:57:15,AMLX,32.8250,32.8250,32.8250,32.8250,0.0000,32.8250,0
2026-08-18 19:57:20,AMLX,32.8200,32.8250,32.8100,32.8250,900.0000,32.8202,7
2026-08-18 19:57:25,AMLX,32.8360,32.8360,32.8360,32.8360,100.0000,32.8360,1
2026-08-18 19:57:30,AMLX,32.8250,32.8250,32.8140,32.8140,399.0000,32.8222,3
2026-08-18 19:57:35,AMLX,32.8250,32.8399,32.8250,32.8399,650.0000,32.8353,2
2026-08-18 19:57:40,AMLX,32.8200,32.8217,32.8100,32.8217,535.0000,32.8184,4
2026-08-18 19:57:45,AMLX,32.8217,32.8217,32.8217,32.8217,0.0000,32.8217,0
2026-08-18 19:57:50,AMLX,32.8200,32.8400,32.8000,32.8300,9322.0000,32.8154,65
2026-08-18 19:57:55,AMLX,32.8300,32.8300,32.8300,32.8300,0.0000,32.8300,0
2026-08-18 19:58:00,AMLX,32.8100,32.9400,32.8000,32.9400,9915.0000,32.8429,73
2026-08-18 19:58:05,AMLX,32.9300,32.9300,32.9131,32.9131,1633.0000,32.9229,13
2026-08-18 19:58:10,AMLX,32.9317,32.9317,32.9168,32.9200,1200.0000,32.9183,3
2026-08-18 19:58:15,AMLX,32.9200,32.9600,32.9100,32.9600,2280.0000,32.9421,16
2026-08-18 19:58:20,AMLX,32.9600,32.9800,32.9600,32.9800,908.0000,32.9726,4
2026-08-18 19:58:25,AMLX,32.9650,32.9760,32.9506,32.9506,2500.0000,32.9599,7
2026-08-18 19:58:30,AMLX,32.9650,32.9760,32.9650,32.9650,600.0000,32.9668,6
2026-08-18 19:58:35,AMLX,32.9600,32.9650,32.9600,32.9650,1117.0000,32.9641,6
2026-08-18 19:58:40,AMLX,32.9543,32.9799,32.9543,32.9799,750.0000,32.9615,3
2026-08-18 19:58:45,AMLX,32.9799,32.9799,32.9775,32.9775,200.0000,32.9787,2
2026-08-18 19:58:50,AMLX,32.9775,32.9775,32.9775,32.9775,0.0000,32.9775,0
2026-08-18 19:58:55,AMLX,32.9768,32.9768,32.9750,32.9750,400.0000,32.9763,2
2026-08-18 19:59:00,AMLX,32.9750,32.9750,32.9750,32.9750,0.0000,32.9750,0
2026-08-18 19:59:05,AMLX,32.9700,32.9700,32.9649,32.9649,1288.0000,32.9696,8
2026-08-18 19:59:10,AMLX,32.9700,33.0300,32.9620,33.0000,39841.0000,33.0022,225
2026-08-18 19:59:15,AMLX,33.0150,33.0399,32.9989,33.0150,4700.0000,33.0107,26
2026-08-18 19:59:20,AMLX,33.0399,33.0399,33.0150,33.0245,2088.0000,33.0185,4
2026-08-18 19:59:25,AMLX,33.0400,33.0500,33.0000,33.0000,8122.0000,33.0159,32
2026-08-18 19:59:30,AMLX,33.0094,33.0100,32.9901,33.0000,1851.0000,33.0048,8
2026-08-18 19:59:35,AMLX,33.0000,33.0000,32.9900,33.0000,850.0000,32.9988,5
2026-08-18 19:59:40,AMLX,33.0000,33.0700,32.9900,33.0100,16957.0000,33.0231,89
2026-08-18 19:59:45,AMLX,33.0200,33.0200,33.0200,33.0200,100.0000,33.0200,1
2026-08-18 19:59:50,AMLX,33.0499,33.0499,33.0200,33.0200,1200.0000,33.0325,2
2026-08-18 19:59:55,AMLX,33.0200,33.0250,33.0000,33.0150,1800.0000,33.0184,10
2026-08-18 20:00:00,AMLX,33.0153,33.0153,33.0153,33.0153,900.0000,33.0153,2
2026-08-18 20:00:05,AMLX,33.0395,33.0606,33.0000,33.0606,15957.0000,33.0257,95
2026-08-18 20:00:10,AMLX,33.0600,33.0700,33.0600,33.0700,599.0000,33.0683,4
2026-08-18 20:00:15,AMLX,33.0800,33.0999,33.0700,33.0850,3703.0000,33.0821,25
2026-08-18 20:00:20,AMLX,33.1000,33.1400,33.0800,33.1250,4044.0000,33.1110,29
2026-08-18 20:00:25,AMLX,33.1250,33.1250,33.1184,33.1184,965.0000,33.1238,3
2026-08-18 20:00:30,AMLX,33.1250,33.1500,33.1200,33.1302,12991.0000,33.1385,48
2026-08-18 20:00:35,AMLX,33.1350,33.1391,33.1350,33.1391,3562.0000,33.1351,3
2026-08-18 20:00:40,AMLX,33.1145,33.1499,33.1100,33.1300,3485.0000,33.1252,18
2026-08-18 20:00:45,AMLX,33.1100,33.1100,33.0700,33.0850,4641.0000,33.0956,25
2026-08-18 20:00:50,AMLX,33.0850,33.0850,33.0850,33.0850,0.0000,33.0850,0
2026-08-18 20:00:55,AMLX,33.0702,33.0915,33.0702,33.0915,700.0000,33.0763,2
2026-08-18 20:01:00,AMLX,33.0999,33.1050,33.0800,33.1000,4656.0000,33.0980,10
2026-08-18 20:01:05,AMLX,33.1151,33.1151,33.1000,33.1000,500.0000,33.1091,2
2026-08-18 20:01:10,AMLX,33.1000,33.1000,33.1000,33.1000,100.0000,33.1000,1
2026-08-18 20:01:15,AMLX,33.1096,33.1100,33.1000,33.1100,1126.0000,33.1028,10
2026-08-18 20:01:20,AMLX,33.1000,33.1700,33.1000,33.1500,2700.0000,33.1372,20
2026-08-18 20:01:25,AMLX,33.1700,33.2100,33.1700,33.2000,10920.0000,33.1919,18
2026-08-18 20:01:30,AMLX,33.2300,33.2400,33.2201,33.2201,2332.0000,33.2233,5
2026-08-18 20:01:35,AMLX,33.2300,33.2300,33.2100,33.2150,4481.0000,33.2170,16
2026-08-18 20:01:40,AMLX,33.2199,33.2360,33.2100,33.2250,4015.0000,33.2184,14
2026-08-18 20:01:45,AMLX,33.2140,33.2400,33.2101,33.2300,11415.0000,33.2379,12
2026-08-18 20:01:50,AMLX,33.2500,33.2600,33.1550,33.1750,5364.0000,33.2089,41
2026-08-18 20:01:55,AMLX,33.1600,33.1600,33.1301,33.1330,1160.0000,33.1431,8
2026-08-18 20:02:00,AMLX,33.1650,33.2000,33.1650,33.1700,2320.0000,33.1711,16
2026-08-18 20:02:05,AMLX,33.1501,33.2200,33.1501,33.2100,6550.0000,33.1987,30
2026-08-18 20:02:10,AMLX,33.2165,33.2235,33.1800,33.1800,1900.0000,33.2039,12
2026-08-18 20:02:15,AMLX,33.2100,33.2100,33.2000,33.2100,900.0000,33.2089,8
2026-08-18 20:02:20,AMLX,33.1800,33.1900,33.1700,33.1850,2899.0000,33.1864,6
2026-08-18 20:02:25,AMLX,33.1850,33.1850,33.1818,33.1818,306.0000,33.1840,2
2026-08-18 20:02:30,AMLX,33.1973,33.2099,33.1800,33.2099,3755.0000,33.1925,4
2026-08-18 20:02:35,AMLX,33.1800,33.1800,33.1600,33.1600,2000.0000,33.1700,12
2026-08-18 20:02:40,AMLX,33.1500,33.1500,33.1100,33.1378,4535.0000,33.1295,13
2026-08-18 20:02:45,AMLX,33.1350,33.1350,33.1350,33.1350,1000.0000,33.1350,4
2026-08-18 20:02:50,AMLX,33.1285,33.1451,33.1285,33.1451,3100.0000,33.1446,2
2026-08-18 20:02:55,AMLX,33.1400,33.1400,33.1400,33.1400,499.0000,33.1400,1
2026-08-18 20:03:00,AMLX,33.1400,33.1400,33.1000,33.1000,2240.0000,33.1248,16
2026-08-18 20:03:05,AMLX,33.1000,33.1350,33.0700,33.1350,5016.0000,33.1013,23
2026-08-18 20:03:10,AMLX,33.1300,33.1300,33.0800,33.0800,1504.0000,33.1023,6
2026-08-18 20:03:15,AMLX,33.1246,33.1246,33.1000,33.1000,1300.0000,33.1189,2
2026-08-18 20:03:20,AMLX,33.1150,33.1350,33.1120,33.1350,1824.0000,33.1158,5
2026-08-18 20:03:25,AMLX,33.1500,33.1600,33.1450,33.1450,878.0000,33.1504,5
2026-08-18 20:03:30,AMLX,33.1650,33.1800,33.1450,33.1550,4300.0000,33.1587,14
2026-08-18 20:03:35,AMLX,33.1550,33.1550,33.1500,33.1500,881.0000,33.1506,4
2026-08-18 20:03:40,AMLX,33.1600,33.1600,33.1300,33.1500,1798.0000,33.1398,10
2026-08-18 20:03:45,AMLX,33.1300,33.1400,33.1300,33.1400,1050.0000,33.1379,6
2026-08-18 20:03:50,AMLX,33.1400,33.1499,33.1100,33.1100,2207.0000,33.1314,11
2026-08-18 20:03:55,AMLX,33.1100,33.1195,33.1000,33.1050,3600.0000,33.1086,12
2026-08-18 20:04:00,AMLX,33.1100,33.1450,33.1100,33.1300,3044.0000,33.1251,27
2026-08-18 20:04:05,AMLX,33.1200,33.1300,33.1200,33.1300,800.0000,33.1250,5
2026-08-18 20:04:10,AMLX,33.1599,33.1599,33.1300,33.1300,727.0000,33.1449,7
2026-08-18 20:04:15,AMLX,33.1300,33.1300,33.1250,33.1250,550.0000,33.1277,3
2026-08-18 20:04:20,AMLX,33.1350,33.1500,33.1300,33.1470,5203.0000,33.1378,15
2026-08-18 20:04:25,AMLX,33.1499,33.1499,33.0500,33.0600,8819.0000,33.0999,37
2026-08-18 20:04:30,AMLX,33.0600,33.1200,33.0500,33.1200,6950.0000,33.0866,47
2026-08-18 20:04:35,AMLX,33.1100,33.1850,33.1100,33.1850,2900.0000,33.1394,19
2026-08-18 20:04:40,AMLX,33.1850,33.1850,33.1400,33.1700,2129.0000,33.1632,14
2026-08-18 20:04:45,AMLX,33.1468,33.1800,33.1468,33.1567,1714.0000,33.1713,6
2026-08-18 20:04:50,AMLX,33.1780,33.1780,33.1700,33.1700,889.0000,33.1731,5
2026-08-18 20:04:55,AMLX,33.1750,33.1780,33.1650,33.1752,4788.0000,33.1730,9
2026-08-18 20:05:00,AMLX,33.1780,33.1800,33.1701,33.1701,1291.0000,33.1785,8
2026-08-18 20:05:05,AMLX,33.1900,33.2200,33.1850,33.2200,1679.0000,33.1957,8
2026-08-18 20:05:10,AMLX,33.2200,33.2200,33.2100,33.2150,1133.0000,33.2158,8
2026-08-18 20:05:15,AMLX,33.2299,33.2550,33.2150,33.2500,4406.0000,33.2309,25
2026-08-18 20:05:20,AMLX,33.2500,33.2600,33.2340,33.2500,4253.0000,33.2431,31
2026-08-18 20:05:25,AMLX,33.2500,33.2500,33.2000,33.2100,5255.0000,33.2153,26
2026-08-18 20:05:30,AMLX,33.2100,33.2100,33.2000,33.2000,1610.0000,33.2081,5
2026-08-18 20:05:35,AMLX,33.2000,33.2000,33.2000,33.2000,0.0000,33.2000,0
2026-08-18 20:05:40,AMLX,33.2125,33.2150,33.2125,33.2150,1800.0000,33.2149,12
2026-08-18 20:05:45,AMLX,33.1900,33.1900,33.1600,33.1600,1000.0000,33.1820,7
2026-08-18 20:05:50,AMLX,33.1600,33.1600,33.1600,33.1600,0.0000,33.1600,0
2026-08-18 20:05:55,AMLX,33.1800,33.1800,33.1200,33.1200,4235.0000,33.1488,16
2026-08-18 20:06:00,AMLX,33.1201,33.1800,33.1201,33.1550,13747.0000,33.1512,73
2026-08-18 20:06:05,AMLX,33.1635,33.1635,32.8700,32.9650,8863.0000,33.0079,39
2026-08-18 20:06:10,AMLX,32.9500,32.9823,32.9312,32.9500,3389.0000,32.9665,12
2026-08-18 20:06:15,AMLX,32.9700,33.0000,32.9308,33.0000,900.0000,32.9483,5
2026-08-18 20:06:20,AMLX,32.9700,33.1100,32.9500,33.0200,20039.0000,33.0362,58
2026-08-18 20:06:25,AMLX,32.9900,33.0500,32.9450,32.9450,6243.0000,32.9822,40
2026-08-18 20:06:30,AMLX,32.9400,32.9715,32.9100,32.9191,850.0000,32.9372,8
2026-08-18 20:06:35,AMLX,32.8900,32.9230,32.8699,32.9000,3470.0000,32.8967,14
2026-08-18 20:06:40,AMLX,32.9303,33.0000,32.9000,32.9850,28362.0000,32.9873,54
2026-08-18 20:06:45,AMLX,32.9850,32.9850,32.8900,32.9400,2444.0000,32.9442,18
2026-08-18 20:06:50,AMLX,32.8900,32.9900,32.8600,32.8601,1725.0000,32.9430,8
2026-08-18 20:06:55,AMLX,32.8771,32.9900,32.8771,32.8800,1300.0000,32.9263,6
2026-08-18 20:07:00,AMLX,32.8500,32.9300,32.8500,32.8701,4758.0000,32.8950,13
2026-08-18 20:07:05,AMLX,32.8560,32.8600,32.8560,32.8600,286.0000,32.8586,2
2026-08-18 20:07:10,AMLX,32.8500,32.8600,32.8000,32.8499,19252.0000,32.8153,84
2026-08-18 20:07:15,AMLX,32.8450,32.8800,32.8450,32.8600,3100.0000,32.8558,21
2026-08-18 20:07:20,AMLX,32.8751,32.8751,32.8600,32.8600,300.0000,32.8701,2
2026-08-18 20:07:25,AMLX,32.8700,32.8701,32.8700,32.8701,228.0000,32.8700,2
2026-08-18 20:07:30,AMLX,32.8700,32.8700,32.8700,32.8700,100.0000,32.8700,1
2026-08-18 20:07:35,AMLX,32.8700,32.8775,32.8700,32.8775,600.0000,32.8737,4
2026-08-18 20:07:40,AMLX,32.8800,32.8800,32.8600,32.8700,1535.0000,32.8645,14
2026-08-18 20:07:45,AMLX,32.8500,32.8800,32.8300,32.8470,3685.0000,32.8461,25
2026-08-18 20:07:50,AMLX,32.8400,32.8600,32.8400,32.8600,531.0000,32.8525,3
2026-08-18 20:07:55,AMLX,32.8675,32.8675,32.8675,32.8675,100.0000,32.8675,1
2026-08-18 20:08:00,AMLX,32.8550,32.8799,32.8550,32.8550,783.0000,32.8660,4
2026-08-18 20:08:05,AMLX,32.8550,32.8550,32.8550,32.8550,0.0000,32.8550,0
2026-08-18 20:08:10,AMLX,32.8400,32.8800,32.8400,32.8800,406.0000,32.8499,2
2026-08-18 20:08:15,AMLX,32.8700,32.8700,32.8600,32.8600,771.0000,32.8613,3
2026-08-18 20:08:20,AMLX,32.8550,32.8677,32.8550,32.8550,400.0000,32.8582,4
2026-08-18 20:08:25,AMLX,32.8600,32.8600,32.8400,32.8400,700.0000,32.8514,4
2026-08-18 20:08:30,AMLX,32.8600,32.8700,32.8402,32.8402,1867.0000,32.8523,7
2026-08-18 20:08:35,AMLX,32.8600,32.8600,32.8400,32.8600,1510.0000,32.8536,5
2026-08-18 20:08:40,AMLX,32.8600,32.8600,32.8400,32.8600,1184.0000,32.8462,6
2026-08-18 20:08:45,AMLX,32.8323,32.8600,32.8323,32.8600,1670.0000,32.8418,3
2026-08-18 20:08:50,AMLX,32.8400,32.8400,32.8400,32.8400,500.0000,32.8400,1
2026-08-18 20:08:55,AMLX,32.8550,32.8800,32.8550,32.8800,825.0000,32.8715,7
2026-08-18 20:09:00,AMLX,32.8900,32.9400,32.8748,32.9400,3020.0000,32.9096,17
2026-08-18 20:09:05,AMLX,32.9600,32.9620,32.9100,32.9450,2824.0000,32.9233,8
2026-08-18 20:09:10,AMLX,32.9450,32.9500,32.9439,32.9500,1650.0000,32.9448,7
2026-08-18 20:09:15,AMLX,32.9500,32.9500,32.9500,32.9500,380.0000,32.9500,2
2026-08-18 20:09:20,AMLX,32.9700,32.9700,32.9684,32.9684,1100.0000,32.9686,2
2026-08-18 20:09:25,AMLX,32.9674,32.9700,32.9653,32.9700,700.0000,32.9672,4
2026-08-18 20:09:30,AMLX,32.9710,32.9850,32.9710,32.9850,1700.0000,32.9842,4
2026-08-18 20:09:35,AMLX,32.9850,32.9850,32.9850,32.9850,1350.0000,32.9850,3
2026-08-18 20:09:40,AMLX,32.9850,32.9850,32.9600,32.9600,8000.0000,32.9723,25
2026-08-18 20:09:45,AMLX,32.9650,32.9650,32.9650,32.9650,700.0000,32.9650,2
2026-08-18 20:09:50,AMLX,32.9537,32.9537,32.9537,32.9537,500.0000,32.9537,1
2026-08-18 20:09:55,AMLX,32.9500,32.9800,32.9500,32.9750,1701.0000,32.9749,8
2026-08-18 20:10:00,AMLX,32.9750,32.9750,32.9562,32.9562,656.0000,32.9677,5
2026-08-18 20:10:05,AMLX,32.9750,32.9750,32.9350,32.9350,2469.0000,32.9513,18
2026-08-18 20:10:10,AMLX,32.9350,32.9500,32.8600,32.8600,3802.0000,32.9123,27
2026-08-18 20:10:15,AMLX,32.8600,32.8616,32.8600,32.8616,1300.0000,32.8612,4
2026-08-18 20:10:20,AMLX,32.8750,32.8850,32.8200,32.8200,8110.0000,32.8566,19
2026-08-18 20:10:25,AMLX,32.8296,32.8296,32.8000,32.8001,18186.0000,32.8011,101
2026-08-18 20:10:30,AMLX,32.8150,32.8150,32.8150,32.8150,400.0000,32.8150,2
2026-08-18 20:10:35,AMLX,32.8150,32.8260,32.8150,32.8260,203.0000,32.8204,2
2026-08-18 20:10:40,AMLX,32.8150,32.8500,32.8000,32.8000,17131.0000,32.8139,102
2026-08-18 20:10:45,AMLX,32.8000,32.8350,32.8000,32.8350,1700.0000,32.8071,17
2026-08-18 20:10:50,AMLX,32.8100,32.8389,32.8100,32.8100,1700.0000,32.8355,3
2026-08-18 20:10:55,AMLX,32.8200,32.8466,32.8200,32.8466,1300.0000,32.8313,5
2026-08-18 20:11:00,AMLX,32.8400,32.8400,32.8300,32.8300,1004.0000,32.8370,5
2026-08-18 20:11:05,AMLX,32.8450,32.8450,32.8450,32.8450,500.0000,32.8450,3
2026-08-18 20:11:10,AMLX,32.8450,32.8450,32.8450,32.8450,100.0000,32.8450,1
2026-08-18 20:11:15,AMLX,32.8450,32.8600,32.8300,32.8300,3479.0000,32.8444,28
2026-08-18 20:11:20,AMLX,32.8622,32.8622,32.8000,32.8000,5964.0000,32.8037,51
2026-08-18 20:11:25,AMLX,32.8550,32.8550,32.8550,32.8550,100.0000,32.8550,1
2026-08-18 20:11:30,AMLX,32.8799,32.8799,32.8799,32.8799,200.0000,32.8799,1
2026-08-18 20:11:35,AMLX,32.8550,32.8550,32.8550,32.8550,100.0000,32.8550,1
2026-08-18 20:11:40,AMLX,32.8550,32.8600,32.8362,32.8550,1506.0000,32.8547,4
2026-08-18 20:11:45,AMLX,32.8450,32.8450,32.8450,32.8450,1100.0000,32.8450,7
2026-08-18 20:11:50,AMLX,32.8450,32.8450,32.8450,32.8450,100.0000,32.8450,1
2026-08-18 20:11:55,AMLX,32.8500,32.8667,32.8500,32.8667,350.0000,32.8572,3
2026-08-18 20:12:00,AMLX,32.8699,32.8700,32.8600,32.8700,700.0000,32.8643,5
2026-08-18 20:12:05,AMLX,32.8900,32.9000,32.8745,32.8745,3525.0000,32.8846,11
2026-08-18 20:12:10,AMLX,32.8950,32.8950,32.8950,32.8950,100.0000,32.8950,1
2026-08-18 20:12:15,AMLX,32.9000,32.9116,32.9000,32.9000,1000.0000,32.9058,6
2026-08-18 20:12:20,AMLX,32.9300,32.9600,32.9200,32.9600,900.0000,32.9451,8
2026-08-18 20:12:25,AMLX,32.9573,32.9900,32.9573,32.9800,2750.0000,32.9704,17
2026-08-18 20:12:30,AMLX,32.9799,32.9799,32.9501,32.9501,1150.0000,32.9553,3
2026-08-18 20:12:35,AMLX,32.9679,32.9679,32.9679,32.9679,100.0000,32.9679,1
2026-08-18 20:12:40,AMLX,32.9650,32.9650,32.9650,32.9650,100.0000,32.9650,1
2026-08-18 20:12:45,AMLX,32.9500,32.9700,32.9300,32.9300,5071.0000,32.9509,22
2026-08-18 20:12:50,AMLX,32.9300,32.9300,32.9300,32.9300,100.0000,32.9300,1
2026-08-18 20:12:55,AMLX,32.9300,32.9300,32.9300,32.9300,100.0000,32.9300,1
2026-08-18 20:13:00,AMLX,32.9300,32.9300,32.9300,32.9300,200.0000,32.9300,2
2026-08-18 20:13:05,AMLX,32.9500,32.9500,32.9500,32.9500,100.0000,32.9500,1
2026-08-18 20:13:10,AMLX,32.9300,32.9300,32.9100,32.9100,1200.0000,32.9167,2
2026-08-18 20:13:15,AMLX,32.9300,32.9500,32.9300,32.9300,6800.0000,32.9477,3
2026-08-18 20:13:20,AMLX,32.9300,32.9300,32.9254,32.9300,400.0000,32.9288,4
2026-08-18 20:13:25,AMLX,32.9300,32.9300,32.9300,32.9300,0.0000,32.9300,0
2026-08-18 20:13:30,AMLX,32.9300,32.9300,32.9300,32.9300,238.0000,32.9300,1
2026-08-18 20:13:35,AMLX,32.9300,32.9500,32.9300,32.9400,1500.0000,32.9413,14
2026-08-18 20:13:40,AMLX,32.9500,32.9600,32.9500,32.9600,500.0000,32.9520,5
2026-08-18 20:13:45,AMLX,32.9500,32.9500,32.9500,32.9500,100.0000,32.9500,1
2026-08-18 20:13:50,AMLX,32.9500,32.9500,32.9500,32.9500,1000.0000,32.9500,1
2026-08-18 20:13:55,AMLX,32.9300,32.9500,32.9300,32.9500,1110.0000,32.9336,10
2026-08-18 20:14:00,AMLX,32.9500,32.9799,32.9426,32.9426,1616.0000,32.9510,4
2026-08-18 20:14:05,AMLX,32.9799,32.9799,32.9799,32.9799,250.0000,32.9799,1
2026-08-18 20:14:10,AMLX,32.9500,32.9500,32.9200,32.9200,700.0000,32.9329,5
2026-08-18 20:14:15,AMLX,32.9499,32.9499,32.9350,32.9350,900.0000,32.9367,2
2026-08-18 20:14:20,AMLX,32.9400,32.9400,32.9350,32.9400,500.0000,32.9390,3
2026-08-18 20:14:25,AMLX,32.9200,32.9200,32.8800,32.8800,2002.0000,32.9085,16
2026-08-18 20:14:30,AMLX,32.8701,32.8750,32.8400,32.8750,1480.0000,32.8606,6
2026-08-18 20:14:35,AMLX,32.8750,32.8750,32.8600,32.8600,420.0000,32.8659,4
2026-08-18 20:14:40,AMLX,32.8600,32.9099,32.8500,32.8500,1782.0000,32.8763,7
2026-08-18 20:14:45,AMLX,32.8800,32.8800,32.8800,32.8800,100.0000,32.8800,1
2026-08-18 20:14:50,AMLX,32.8800,32.8800,32.8800,32.8800,0.0000,32.8800,0
2026-08-18 20:14:55,AMLX,32.8800,32.8800,32.8800,32.8800,0.0000,32.8800,0
2026-08-18 20:15:00,AMLX,32.8600,32.8600,32.8600,32.8600,400.0000,32.8600,3
2026-08-18 20:15:05,AMLX,32.8600,32.8600,32.8600,32.8600,0.0000,32.8600,0
2026-08-18 20:15:10,AMLX,32.8750,32.8750,32.8400,32.8500,1985.0000,32.8548,8
2026-08-18 20:15:15,AMLX,32.8600,32.9500,32.8500,32.9500,2985.0000,32.8944,25
2026-08-18 20:15:20,AMLX,32.9067,32.9250,32.9067,32.9250,650.0000,32.9222,5
2026-08-18 20:15:25,AMLX,32.9250,32.9250,32.9250,32.9250,0.0000,32.9250,0
2026-08-18 20:15:30,AMLX,32.9350,32.9350,32.9350,32.9350,1100.0000,32.9350,2
2026-08-18 20:15:35,AMLX,32.9242,32.9350,32.9242,32.9350,432.0000,32.9317,4
2026-08-18 20:15:40,AMLX,32.9400,32.9400,32.9400,32.9400,500.0000,32.9400,1
2026-08-18 20:15:45,AMLX,32.9400,32.9599,32.9400,32.9450,1700.0000,32.9456,3
2026-08-18 20:15:50,AMLX,32.9500,32.9500,32.8900,32.8900,2557.0000,32.9209,17
2026-08-18 20:15:55,AMLX,32.8800,32.8800,32.8800,32.8800,200.0000,32.8800,2
2026-08-18 20:16:00,AMLX,32.8900,32.9043,32.8700,32.8700,1121.0000,32.8842,10
2026-08-18 20:16:05,AMLX,32.8950,32.8950,32.8500,32.8550,1700.0000,32.8815,8
2026-08-18 20:16:10,AMLX,32.8300,32.8550,32.8300,32.8350,8910.0000,32.8522,11
2026-08-18 20:16:15,AMLX,32.8200,32.8400,32.8000,32.8200,966.0000,32.8165,8
2026-08-18 20:16:20,AMLX,32.8100,32.8250,32.8000,32.8250,1200.0000,32.8217,3
2026-08-18 20:16:25,AMLX,32.8000,32.8150,32.8000,32.8150,12809.0000,32.8008,100
2026-08-18 20:16:30,AMLX,32.8000,32.8500,32.8000,32.8200,2040.0000,32.8259,19
2026-08-18 20:16:35,AMLX,32.8000,32.8200,32.8000,32.8000,16463.0000,32.8004,136
2026-08-18 20:16:40,AMLX,32.8000,32.8000,32.6500,32.7850,57208.0000,32.7615,360
2026-08-18 20:16:45,AMLX,32.7850,32.8025,32.7500,32.7550,13681.0000,32.7728,91
2026-08-18 20:16:50,AMLX,32.7600,33.0300,32.7500,33.0000,18350.0000,32.9129,120
2026-08-18 20:16:55,AMLX,32.9800,32.9800,32.9500,32.9800,524.0000,32.9743,4
2026-08-18 20:17:00,AMLX,32.9886,32.9886,32.9750,32.9750,2100.0000,32.9757,2
2026-08-18 20:17:05,AMLX,32.9750,32.9750,32.9750,32.9750,0.0000,32.9750,0
2026-08-18 20:17:10,AMLX,32.9800,32.9800,32.9600,32.9750,400.0000,32.9738,3
2026-08-18 20:17:15,AMLX,32.9800,33.0999,32.9750,33.0902,6496.0000,33.0352,18
2026-08-18 20:17:20,AMLX,33.0600,33.0650,33.0600,33.0650,3525.0000,33.0622,18
2026-08-18 20:17:25,AMLX,33.0993,33.1000,33.0650,33.0704,2750.0000,33.0730,7
2026-08-18 20:17:30,AMLX,33.0963,33.0963,33.0710,33.0850,1800.0000,33.0812,6
2026-08-18 20:17:35,AMLX,33.0850,33.0850,33.0850,33.0850,0.0000,33.0850,0
2026-08-18 20:17:40,AMLX,33.0850,33.0960,33.0850,33.0850,3922.0000,33.0902,9
2026-08-18 20:17:45,AMLX,33.0958,33.0958,33.0850,33.0850,903.0000,33.0930,3
2026-08-18 20:17:50,AMLX,33.0850,33.0850,33.0850,33.0850,1700.0000,33.0850,8
2026-08-18 20:17:55,AMLX,33.0843,33.0850,33.0843,33.0850,3100.0000,33.0850,2
2026-08-18 20:18:00,AMLX,33.0850,33.1650,33.0850,33.1350,761.0000,33.1158,7
2026-08-18 20:18:05,AMLX,33.1900,33.1900,33.1900,33.1900,1000.0000,33.1900,1
2026-08-18 20:18:10,AMLX,33.1600,33.2000,33.1200,33.1350,13945.0000,33.1510,84
2026-08-18 20:18:15,AMLX,33.1250,33.1300,33.1001,33.1172,1000.0000,33.1193,4
2026-08-18 20:18:20,AMLX,33.1432,33.1499,33.1250,33.1275,1404.0000,33.1371,11
2026-08-18 20:18:25,AMLX,33.1499,33.1499,33.1001,33.1438,550.0000,33.1392,3
2026-08-18 20:18:30,AMLX,33.1364,33.1364,33.1182,33.1182,2100.0000,33.1355,2
2026-08-18 20:18:35,AMLX,33.1500,33.2000,33.1401,33.1600,5090.0000,33.1695,20
2026-08-18 20:18:40,AMLX,33.1700,33.1700,33.1301,33.1301,2800.0000,33.1488,5
2026-08-18 20:18:45,AMLX,33.1500,33.1600,33.1500,33.1600,720.0000,33.1583,7
2026-08-18 20:18:50,AMLX,33.1600,33.1600,33.1600,33.1600,800.0000,33.1600,1
2026-08-18 20:18:55,AMLX,33.1999,33.1999,33.1999,33.1999,240.0000,33.1999,1
2026-08-18 20:19:00,AMLX,33.1700,33.1999,33.1700,33.1800,1558.0000,33.1800,7
2026-08-18 20:19:05,AMLX,33.1950,33.2200,33.1600,33.1600,2227.0000,33.1840,9
2026-08-18 20:19:10,AMLX,33.1519,33.1750,33.1519,33.1750,888.0000,33.1639,4
2026-08-18 20:19:15,AMLX,33.1750,33.1750,33.1750,33.1750,700.0000,33.1750,1
2026-08-18 20:19:20,AMLX,33.1750,33.1750,33.1750,33.1750,650.0000,33.1750,4
2026-08-18 20:19:25,AMLX,33.1750,33.1750,33.1750,33.1750,100.0000,33.1750,1
2026-08-18 20:19:30,AMLX,33.2000,33.2100,33.2000,33.2030,1200.0000,33.2072,7
2026-08-18 20:19:35,AMLX,33.2000,33.2700,33.2000,33.2600,9766.0000,33.2121,13
2026-08-18 20:19:40,AMLX,33.2700,33.3000,33.2500,33.2999,3526.0000,33.2752,22
2026-08-18 20:19:45,AMLX,33.2700,33.2700,33.2700,33.2700,400.0000,33.2700,4
2026-08-18 20:19:50,AMLX,33.2700,33.3000,33.2400,33.2600,8248.0000,33.2677,33
2026-08-18 20:19:55,AMLX,33.2500,33.2799,33.2300,33.2300,2998.0000,33.2481,23
2026-08-18 20:20:00,AMLX,33.2300,33.2800,33.2300,33.2800,4196.0000,33.2497,16
2026-08-18 20:20:05,AMLX,33.2600,33.2799,33.2500,33.2600,3607.0000,33.2602,14
2026-08-18 20:20:10,AMLX,33.2600,33.2619,33.2400,33.2512,911.0000,33.2507,8
2026-08-18 20:20:15,AMLX,33.2695,33.2695,33.2400,33.2400,300.0000,33.2532,3
2026-08-18 20:20:20,AMLX,33.2790,33.2790,33.2500,33.2500,3103.0000,33.2690,8
2026-08-18 20:20:25,AMLX,33.2500,33.2500,33.2500,33.2500,200.0000,33.2500,1
2026-08-18 20:20:30,AMLX,33.2699,33.2800,33.2500,33.2500,5666.0000,33.2608,32
2026-08-18 20:20:35,AMLX,33.2700,33.2999,33.2400,33.2999,1149.0000,33.2608,6
2026-08-18 20:20:40,AMLX,33.2600,33.2999,33.1700,33.1849,11586.0000,33.2473,71
2026-08-18 20:20:45,AMLX,33.1400,33.1400,33.1238,33.1238,400.0000,33.1319,3
2026-08-18 20:20:50,AMLX,33.1800,33.2000,33.1500,33.2000,4364.0000,33.1611,8
2026-08-18 20:20:55,AMLX,33.1800,33.2000,33.1800,33.2000,409.0000,33.1898,2
2026-08-18 20:21:00,AMLX,33.1900,33.1900,33.1900,33.1900,300.0000,33.1900,3
2026-08-18 20:21:05,AMLX,33.1900,33.2060,33.1900,33.2060,1335.0000,33.2020,4
2026-08-18 20:21:10,AMLX,33.1900,33.1900,33.1900,33.1900,100.0000,33.1900,1
2026-08-18 20:21:15,AMLX,33.1900,33.1900,33.1900,33.1900,0.0000,33.1900,0
2026-08-18 20:21:20,AMLX,33.2000,33.2000,33.2000,33.2000,2134.0000,33.2000,4
2026-08-18 20:21:25,AMLX,33.2200,33.2200,33.1982,33.1982,600.0000,33.2122,3
2026-08-18 20:21:30,AMLX,33.1982,33.1982,33.1982,33.1982,0.0000,33.1982,0
2026-08-18 20:21:35,AMLX,33.1982,33.1982,33.1982,33.1982,0.0000,33.1982,0
2026-08-18 20:21:40,AMLX,33.1982,33.1982,33.1982,33.1982,0.0000,33.1982,0
2026-08-18 20:21:45,AMLX,33.1982,33.1982,33.1982,33.1982,0.0000,33.1982,0
2026-08-18 20:21:50,AMLX,33.1982,33.1982,33.1982,33.1982,0.0000,33.1982,0
2026-08-18 20:21:55,AMLX,33.1982,33.1982,33.1982,33.1982,0.0000,33.1982,0
2026-08-18 20:22:00,AMLX,33.1982,33.1982,33.1982,33.1982,0.0000,33.1982,0
2026-08-18 20:22:05,AMLX,33.2350,33.2388,33.2200,33.2387,1903.0000,33.2249,15
2026-08-18 20:22:10,AMLX,33.2415,33.2500,33.2238,33.2400,3348.0000,33.2470,21
2026-08-18 20:22:15,AMLX,33.2400,33.2400,33.2400,33.2400,0.0000,33.2400,0
2026-08-18 20:22:20,AMLX,33.2350,33.2350,33.2350,33.2350,491.0000,33.2350,2
2026-08-18 20:22:25,AMLX,33.2200,33.2201,33.2200,33.2201,1600.0000,33.2201,2
2026-08-18 20:22:30,AMLX,33.2200,33.2200,33.1900,33.1950,2763.0000,33.2063,19
2026-08-18 20:22:35,AMLX,33.1950,33.2668,33.1950,33.2668,5863.0000,33.2215,35
2026-08-18 20:22:40,AMLX,33.2800,33.2800,33.2600,33.2750,2375.0000,33.2702,18
2026-08-18 20:22:45,AMLX,33.2550,33.3000,33.2500,33.3000,2472.0000,33.2782,14
2026-08-18 20:22:50,AMLX,33.3099,33.3100,33.2800,33.2800,964.0000,33.3038,7
2026-08-18 20:22:55,AMLX,33.2750,33.2750,33.2521,33.2750,500.0000,33.2704,3
2026-08-18 20:23:00,AMLX,33.2700,33.4262,33.2400,33.3800,25285.0000,33.2941,140
2026-08-18 20:23:05,AMLX,33.3800,33.3800,33.3287,33.3300,2850.0000,33.3480,12
2026-08-18 20:23:10,AMLX,33.3800,33.4263,33.2900,33.3200,16437.0000,33.3553,79
2026-08-18 20:23:15,AMLX,33.2937,33.3999,33.2937,33.3047,1200.0000,33.3143,5
2026-08-18 20:23:20,AMLX,33.3200,33.3500,33.3200,33.3500,886.0000,33.3421,4
2026-08-18 20:23:25,AMLX,33.3400,33.3400,33.3400,33.3400,1631.0000,33.3400,4
2026-08-18 20:23:30,AMLX,33.2900,33.3200,33.2450,33.2700,4950.0000,33.2744,32
2026-08-18 20:23:35,AMLX,33.2700,33.2700,33.1700,33.2500,10675.0000,33.1980,42
2026-08-18 20:23:40,AMLX,33.1700,33.2200,33.1700,33.2200,450.0000,33.2089,3
2026-08-18 20:23:45,AMLX,33.2200,33.2200,33.2200,33.2200,0.0000,33.2200,0
2026-08-18 20:23:50,AMLX,33.2200,33.2200,33.2200,33.2200,300.0000,33.2200,1
2026-08-18 20:23:55,AMLX,33.1700,33.2600,33.1700,33.2200,1300.0000,33.1808,3
2026-08-18 20:24:00,AMLX,33.2200,33.2200,33.2200,33.2200,0.0000,33.2200,0
2026-08-18 20:24:05,AMLX,33.1900,33.1900,33.1700,33.1700,1200.0000,33.1717,3
2026-08-18 20:24:10,AMLX,33.1708,33.1708,33.1200,33.1300,1974.0000,33.1382,19
2026-08-18 20:24:15,AMLX,33.1100,33.1100,33.1100,33.1100,200.0000,33.1100,2
2026-08-18 20:24:20,AMLX,33.1100,33.1100,33.0500,33.0500,5009.0000,33.0690,12
2026-08-18 20:24:25,AMLX,33.1000,33.1400,33.0600,33.1050,1004.0000,33.1047,6
2026-08-18 20:24:30,AMLX,33.0800,33.1150,33.0800,33.1150,960.0000,33.0880,3
2026-08-18 20:24:35,AMLX,33.0700,33.0700,33.0700,33.0700,100.0000,33.0700,1
2026-08-18 20:24:40,AMLX,33.0700,33.0700,33.0700,33.0700,0.0000,33.0700,0
2026-08-18 20:24:45,AMLX,33.1000,33.1000,33.1000,33.1000,1044.0000,33.1000,2
2026-08-18 20:24:50,AMLX,33.1100,33.1100,33.0700,33.0700,3174.0000,33.1078,2
2026-08-18 20:24:55,AMLX,33.0700,33.0700,33.0700,33.0700,0.0000,33.0700,0
2026-08-18 20:25:00,AMLX,33.0700,33.0700,33.0700,33.0700,0.0000,33.0700,0
2026-08-18 20:25:05,AMLX,33.1100,33.1100,33.1100,33.1100,100.0000,33.1100,1
2026-08-18 20:25:10,AMLX,33.1100,33.1150,33.0700,33.1150,924.0000,33.1046,4
2026-08-18 20:25:15,AMLX,33.0700,33.2800,33.0500,33.2350,19309.0000,33.1326,91
2026-08-18 20:25:20,AMLX,33.2800,33.3400,33.2800,33.3350,8489.0000,33.3120,52
2026-08-18 20:25:25,AMLX,33.2801,33.3400,33.2800,33.2800,1852.0000,33.2909,6
2026-08-18 20:25:30,AMLX,33.3134,33.3902,33.2800,33.2800,2525.0000,33.3099,19
2026-08-18 20:25:35,AMLX,33.2800,33.2800,33.2778,33.2800,1590.0000,33.2781,3
2026-08-18 20:25:40,AMLX,33.2800,33.2800,33.2800,33.2800,100.0000,33.2800,1
2026-08-18 20:25:45,AMLX,33.2900,33.3500,33.2900,33.3500,2013.0000,33.3220,17
2026-08-18 20:25:50,AMLX,33.3425,33.3425,33.3350,33.3375,2600.0000,33.3378,22
2026-08-18 20:25:55,AMLX,33.3600,33.3600,33.2995,33.2995,1028.0000,33.3390,10
2026-08-18 20:26:00,AMLX,33.3899,33.3899,33.3201,33.3700,1399.0000,33.3535,3
2026-08-18 20:26:05,AMLX,33.3450,33.3550,33.3400,33.3400,3279.0000,33.3449,9
2026-08-18 20:26:10,AMLX,33.3400,33.3400,33.3400,33.3400,100.0000,33.3400,1
2026-08-18 20:26:15,AMLX,33.3400,33.3700,33.3400,33.3600,7295.0000,33.3488,16
2026-08-18 20:26:20,AMLX,33.3900,33.3900,33.3600,33.3700,1675.0000,33.3660,10
2026-08-18 20:26:25,AMLX,33.3700,33.3900,33.3700,33.3900,800.0000,33.3825,2
2026-08-18 20:26:30,AMLX,33.3850,33.3914,33.3850,33.3914,674.0000,33.3891,4
2026-08-18 20:26:35,AMLX,33.3914,33.3914,33.3914,33.3914,0.0000,33.3914,0
2026-08-18 20:26:40,AMLX,33.3850,33.3997,33.3500,33.3700,17650.0000,33.3825,21
2026-08-18 20:26:45,AMLX,33.3650,33.4200,33.2800,33.2800,75479.0000,33.3739,40
2026-08-18 20:26:50,AMLX,33.2500,33.3200,33.2500,33.3100,2734.0000,33.3005,19
2026-08-18 20:26:55,AMLX,33.3050,33.3050,33.3050,33.3050,1200.0000,33.3050,12
2026-08-18 20:27:00,AMLX,33.3050,33.3800,33.3050,33.3237,5400.0000,33.3255,16
2026-08-18 20:27:05,AMLX,33.3750,33.3750,33.3750,33.3750,500.0000,33.3750,2
2026-08-18 20:27:10,AMLX,33.3750,33.4300,33.3500,33.4300,4253.0000,33.3842,9
2026-08-18 20:27:15,AMLX,33.4300,33.4300,33.3700,33.3900,5736.0000,33.3847,17
2026-08-18 20:27:20,AMLX,33.3900,33.4000,33.3900,33.3900,1100.0000,33.3909,9
2026-08-18 20:27:25,AMLX,33.3900,33.3900,33.3900,33.3900,0.0000,33.3900,0
2026-08-18 20:27:30,AMLX,33.4499,33.4499,33.3800,33.3950,2275.0000,33.4092,5
2026-08-18 20:27:35,AMLX,33.4000,33.4300,33.4000,33.4153,3087.0000,33.4083,10
2026-08-18 20:27:40,AMLX,33.4144,33.4300,33.4050,33.4300,3600.0000,33.4074,3
2026-08-18 20:27:45,AMLX,33.4100,33.4200,33.3800,33.3800,1308.0000,33.3973,9
2026-08-18 20:27:50,AMLX,33.3900,33.4100,33.3900,33.3900,1706.0000,33.3989,6
2026-08-18 20:27:55,AMLX,33.4100,33.4358,33.4100,33.4150,1424.0000,33.4156,8
2026-08-18 20:28:00,AMLX,33.4150,33.4150,33.4150,33.4150,0.0000,33.4150,0
2026-08-18 20:28:05,AMLX,33.4150,33.4414,33.4150,33.4150,847.0000,33.4196,3
2026-08-18 20:28:10,AMLX,33.4150,33.4150,33.4100,33.4100,1300.0000,33.4111,3
2026-08-18 20:28:15,AMLX,33.4150,33.4150,33.4150,33.4150,200.0000,33.4150,1
2026-08-18 20:28:20,AMLX,33.4500,33.4900,33.4500,33.4700,1770.0000,33.4642,13
2026-08-18 20:28:25,AMLX,33.4700,33.4700,33.4401,33.4650,27390.0000,33.4691,7
2026-08-18 20:28:30,AMLX,33.4700,33.4700,33.4100,33.4399,7407.0000,33.4495,40
2026-08-18 20:28:35,AMLX,33.4100,33.4400,33.4100,33.4100,1169.0000,33.4243,6
2026-08-18 20:28:40,AMLX,33.4100,33.4100,33.4100,33.4100,0.0000,33.4100,0
2026-08-18 20:28:45,AMLX,33.4000,33.4100,33.4000,33.4100,2100.0000,33.4005,2
2026-08-18 20:28:50,AMLX,33.4100,33.4100,33.4100,33.4100,0.0000,33.4100,0
2026-08-18 20:28:55,AMLX,33.4100,33.4100,33.4000,33.4000,767.0000,33.4017,3
2026-08-18 20:29:00,AMLX,33.3900,33.4000,33.3600,33.3650,2400.0000,33.3865,14
2026-08-18 20:29:05,AMLX,33.3250,33.3250,33.2900,33.3200,2020.0000,33.3098,11
2026-08-18 20:29:10,AMLX,33.3100,33.3100,33.3100,33.3100,100.0000,33.3100,1
2026-08-18 20:29:15,AMLX,33.2595,33.2900,33.2001,33.2100,2438.0000,33.2420,8
2026-08-18 20:29:20,AMLX,33.3150,33.3200,33.3150,33.3200,848.0000,33.3156,2
2026-08-18 20:29:25,AMLX,33.3200,33.3200,33.3200,33.3200,0.0000,33.3200,0
2026-08-18 20:29:30,AMLX,33.3200,33.3200,33.3200,33.3200,100.0000,33.3200,1
2026-08-18 20:29:35,AMLX,33.3200,33.3672,33.2750,33.3550,5900.0000,33.3121,12
2026-08-18 20:29:40,AMLX,33.3550,33.3550,33.3550,33.3550,0.0000,33.3550,0
2026-08-18 20:29:45,AMLX,33.3450,33.3450,33.3400,33.3400,1600.0000,33.3419,3
2026-08-18 20:29:50,AMLX,33.3400,33.3400,33.3350,33.3350,400.0000,33.3387,4
2026-08-18 20:29:55,AMLX,33.3350,33.3350,33.3350,33.3350,0.0000,33.3350,0
2026-08-18 20:30:00,AMLX,33.3450,33.3450,33.3300,33.3300,1100.0000,33.3436,2
2026-08-18 20:30:05,AMLX,33.3450,33.3550,33.3200,33.3550,550.0000,33.3341,3
2026-08-18 20:30:10,AMLX,33.3000,33.3000,33.2800,33.2800,5259.0000,33.2907,34
2026-08-18 20:30:15,AMLX,33.2600,33.3400,33.2600,33.3400,6100.0000,33.2763,21
2026-08-18 20:30:20,AMLX,33.3400,33.3400,33.3400,33.3400,0.0000,33.3400,0
2026-08-18 20:30:25,AMLX,33.3700,33.3700,33.3700,33.3700,101.0000,33.3700,1
2026-08-18 20:30:30,AMLX,33.3700,33.3900,33.3700,33.3800,1450.0000,33.3741,5
2026-08-18 20:30:35,AMLX,33.3605,33.3605,33.3300,33.3500,1300.0000,33.3424,9
2026-08-18 20:30:40,AMLX,33.3727,33.3727,33.3201,33.3500,1300.0000,33.3285,3
2026-08-18 20:30:45,AMLX,33.3550,33.3550,33.3550,33.3550,100.0000,33.3550,1
2026-08-18 20:30:50,AMLX,33.3550,33.3550,33.3550,33.3550,100.0000,33.3550,1
2026-08-18 20:30:55,AMLX,33.3550,33.3550,33.3000,33.3000,2558.0000,33.3251,16
2026-08-18 20:31:00,AMLX,33.3400,33.3400,33.3113,33.3300,3556.0000,33.3387,4
2026-08-18 20:31:05,AMLX,33.3400,33.3400,33.3000,33.3000,200.0000,33.3200,2
2026-08-18 20:31:10,AMLX,33.3400,33.3400,33.3400,33.3400,100.0000,33.3400,1
2026-08-18 20:31:15,AMLX,33.3400,33.3547,33.3400,33.3547,1300.0000,33.3411,13
2026-08-18 20:31:20,AMLX,33.3800,33.4800,33.3700,33.4800,4571.0000,33.4270,13
2026-08-18 20:31:25,AMLX,33.4300,33.4812,33.4300,33.4300,3109.0000,33.4514,12
2026-08-18 20:31:30,AMLX,33.4550,33.4550,33.4500,33.4500,1200.0000,33.4546,4
2026-08-18 20:31:35,AMLX,33.4350,33.4399,33.4200,33.4399,926.0000,33.4308,5
2026-08-18 20:31:40,AMLX,33.4400,33.4400,33.4400,33.4400,300.0000,33.4400,1
2026-08-18 20:31:45,AMLX,33.4001,33.4200,33.3600,33.3600,2849.0000,33.3897,15
2026-08-18 20:31:50,AMLX,33.3999,33.3999,33.3600,33.3600,416.0000,33.3711,4
2026-08-18 20:31:55,AMLX,33.3201,33.3600,33.3201,33.3600,700.0000,33.3258,2
2026-08-18 20:32:00,AMLX,33.3600,33.3600,33.3200,33.3200,200.0000,33.3400,2
2026-08-18 20:32:05,AMLX,33.3450,33.3450,33.3450,33.3450,300.0000,33.3450,3
2026-08-18 20:32:10,AMLX,33.3000,33.4400,33.3000,33.3200,4563.0000,33.3787,21
2026-08-18 20:32:15,AMLX,33.3750,33.3900,33.3750,33.3900,202.0000,33.3824,2
2026-08-18 20:32:20,AMLX,33.3900,33.3900,33.3900,33.3900,100.0000,33.3900,1
2026-08-18 20:32:25,AMLX,33.3800,33.3800,33.3800,33.3800,300.0000,33.3800,1
2026-08-18 20:32:30,AMLX,33.3800,33.3800,33.3800,33.3800,0.0000,33.3800,0
2026-08-18 20:32:35,AMLX,33.3800,33.3800,33.3800,33.3800,0.0000,33.3800,0
2026-08-18 20:32:40,AMLX,33.3800,33.3800,33.3800,33.3800,0.0000,33.3800,0
2026-08-18 20:32:45,AMLX,33.4200,33.4200,33.4200,33.4200,300.0000,33.4200,1
2026-08-18 20:32:50,AMLX,33.4200,33.4200,33.4200,33.4200,0.0000,33.4200,0
2026-08-18 20:32:55,AMLX,33.4000,33.4300,33.4000,33.4300,2721.0000,33.4095,20
2026-08-18 20:33:00,AMLX,33.4399,33.4399,33.3800,33.4164,4079.0000,33.3907,6
2026-08-18 20:33:05,AMLX,33.4164,33.4164,33.4164,33.4164,0.0000,33.4164,0
2026-08-18 20:33:10,AMLX,33.4199,33.4450,33.4199,33.4450,400.0000,33.4262,3
2026-08-18 20:33:15,AMLX,33.4700,33.4700,33.3800,33.3900,5200.0000,33.4258,23
2026-08-18 20:33:20,AMLX,33.4800,33.4800,33.4200,33.4200,200.0000,33.4500,2
2026-08-18 20:33:25,AMLX,33.4250,33.4250,33.4250,33.4250,414.0000,33.4250,2
2026-08-18 20:33:30,AMLX,33.3800,33.3800,33.3800,33.3800,500.0000,33.3800,1
2026-08-18 20:33:35,AMLX,33.3900,33.4199,33.3900,33.4199,702.0000,33.4078,4
2026-08-18 20:33:40,AMLX,33.4200,33.5000,33.4200,33.4800,3627.0000,33.4865,25
2026-08-18 20:33:45,AMLX,33.5050,33.5050,33.4504,33.4504,604.0000,33.4598,2
2026-08-18 20:33:50,AMLX,33.4504,33.4504,33.4504,33.4504,0.0000,33.4504,0
2026-08-18 20:33:55,AMLX,33.5050,33.5300,33.4500,33.4721,3991.0000,33.5024,8
2026-08-18 20:34:00,AMLX,33.5199,33.5199,33.4500,33.4500,520.0000,33.4634,5
2026-08-18 20:34:05,AMLX,33.4900,33.4900,33.4400,33.4671,1525.0000,33.4712,9
2026-08-18 20:34:10,AMLX,33.4700,33.4940,33.4700,33.4700,1223.0000,33.4896,3
2026-08-18 20:34:15,AMLX,33.4700,33.4999,33.4700,33.4742,1411.0000,33.4754,4
2026-08-18 20:34:20,AMLX,33.4650,33.4850,33.4650,33.4650,1462.0000,33.4802,4
2026-08-18 20:34:25,AMLX,33.4400,33.4600,33.4400,33.4600,235.0000,33.4515,2
2026-08-18 20:34:30,AMLX,33.4600,33.4800,33.4600,33.4800,220.0000,33.4691,2
2026-08-18 20:34:35,AMLX,33.4400,33.4599,33.4200,33.4200,3702.0000,33.4438,30
2026-08-18 20:34:40,AMLX,33.4300,33.4300,33.3150,33.3600,6718.0000,33.3853,31
2026-08-18 20:34:45,AMLX,33.3700,33.4100,33.3700,33.3850,3842.0000,33.3752,6
2026-08-18 20:34:50,AMLX,33.3850,33.4000,33.3300,33.3300,1866.0000,33.3833,4
2026-08-18 20:34:55,AMLX,33.3509,33.3850,33.3509,33.3850,3317.0000,33.3702,4
2026-08-18 20:35:00,AMLX,33.3850,33.3850,33.3850,33.3850,1118.0000,33.3850,1
2026-08-18 20:35:05,AMLX,33.3725,33.3750,33.3725,33.3750,2339.0000,33.3749,3
2026-08-18 20:35:10,AMLX,33.3650,33.3979,33.3650,33.3650,1521.0000,33.3892,4
2026-08-18 20:35:15,AMLX,33.3755,33.3755,33.3755,33.3755,1122.0000,33.3755,1
2026-08-18 20:35:20,AMLX,33.3650,33.3650,33.3650,33.3650,1300.0000,33.3650,12
2026-08-18 20:35:25,AMLX,33.3755,33.3755,33.3649,33.3755,2471.0000,33.3740,5
2026-08-18 20:35:30,AMLX,33.3938,33.4600,33.3938,33.4450,7592.0000,33.4223,19
2026-08-18 20:35:35,AMLX,33.4450,33.4450,33.4450,33.4450,844.0000,33.4450,2
2026-08-18 20:35:40,AMLX,33.4450,33.4450,33.4450,33.4450,200.0000,33.4450,1
2026-08-18 20:35:45,AMLX,33.4600,33.4600,33.4500,33.4500,323.0000,33.4538,3
2026-08-18 20:35:50,AMLX,33.4600,33.4600,33.4400,33.4400,472.0000,33.4442,2
2026-08-18 20:35:55,AMLX,33.4400,33.4490,33.4350,33.4400,1331.0000,33.4442,7
2026-08-18 20:36:00,AMLX,33.4400,33.4400,33.4400,33.4400,0.0000,33.4400,0
2026-08-18 20:36:05,AMLX,33.4100,33.4400,33.4100,33.4400,900.0000,33.4267,2
2026-08-18 20:36:10,AMLX,33.4300,33.4499,33.3900,33.3900,2116.0000,33.4102,19
2026-08-18 20:36:15,AMLX,33.3900,33.3900,33.3900,33.3900,0.0000,33.3900,0
2026-08-18 20:36:20,AMLX,33.3600,33.3600,33.3600,33.3600,112.0000,33.3600,1
2026-08-18 20:36:25,AMLX,33.3683,33.3683,33.3683,33.3683,1000.0000,33.3683,1
2026-08-18 20:36:30,AMLX,33.3373,33.3373,33.3373,33.3373,355.0000,33.3373,1
2026-08-18 20:36:35,AMLX,33.3600,33.3900,33.3300,33.3300,1572.0000,33.3772,4
2026-08-18 20:36:40,AMLX,33.3600,33.3600,33.3200,33.3200,800.0000,33.3344,7
2026-08-18 20:36:45,AMLX,33.2900,33.3000,33.2900,33.3000,2550.0000,33.2904,3
2026-08-18 20:36:50,AMLX,33.3000,33.3000,33.3000,33.3000,0.0000,33.3000,0
2026-08-18 20:36:55,AMLX,33.3100,33.3100,33.3100,33.3100,3300.0000,33.3100,2
2026-08-18 20:37:00,AMLX,33.2988,33.2988,33.2988,33.2988,600.0000,33.2988,1
2026-08-18 20:37:05,AMLX,33.2900,33.2900,33.2800,33.2800,300.0000,33.2867,3
2026-08-18 20:37:10,AMLX,33.2500,33.2595,33.2500,33.2595,1131.0000,33.2584,2
2026-08-18 20:37:15,AMLX,33.2850,33.2850,33.2850,33.2850,1100.0000,33.2850,2
2026-08-18 20:37:20,AMLX,33.2850,33.2850,33.2501,33.2600,3803.0000,33.2754,5
2026-08-18 20:37:25,AMLX,33.2740,33.2740,33.2500,33.2500,1600.0000,33.2725,2
2026-08-18 20:37:30,AMLX,33.2750,33.2750,33.2750,33.2750,200.0000,33.2750,2
2026-08-18 20:37:35,AMLX,33.2700,33.2911,33.2500,33.2500,890.0000,33.2651,6
2026-08-18 20:37:40,AMLX,33.2500,33.2750,33.2500,33.2750,500.0000,33.2700,5
2026-08-18 20:37:45,AMLX,33.2600,33.2650,33.2500,33.2550,1670.0000,33.2561,14
2026-08-18 20:37:50,AMLX,33.2600,33.2760,33.2600,33.2760,5000.0000,33.2664,2
2026-08-18 20:37:55,AMLX,33.2600,33.3200,33.2400,33.2600,9375.0000,33.2731,36
2026-08-18 20:38:00,AMLX,33.3500,33.3500,33.2950,33.2950,2600.0000,33.3073,9
2026-08-18 20:38:05,AMLX,33.2950,33.3500,33.2750,33.3500,9725.0000,33.3034,34
2026-08-18 20:38:10,AMLX,33.3750,33.3750,33.3301,33.3301,2550.0000,33.3732,3
2026-08-18 20:38:15,AMLX,33.3750,33.3750,33.3750,33.3750,1600.0000,33.3750,3
2026-08-18 20:38:20,AMLX,33.3650,33.3650,33.3650,33.3650,1300.0000,33.3650,1
2026-08-18 20:38:25,AMLX,33.3930,33.3930,33.3500,33.3500,1300.0000,33.3897,2
2026-08-18 20:38:30,AMLX,33.3753,33.3753,33.3753,33.3753,1100.0000,33.3753,1
2026-08-18 20:38:35,AMLX,33.3700,33.3700,33.3200,33.3600,5600.0000,33.3418,31
2026-08-18 20:38:40,AMLX,33.3500,33.3500,33.3500,33.3500,2000.0000,33.3500,3
2026-08-18 20:38:45,AMLX,33.3745,33.3745,33.3525,33.3575,500.0000,33.3629,5
2026-08-18 20:38:50,AMLX,33.3400,33.3650,33.3228,33.3650,1100.0000,33.3436,3
2026-08-18 20:38:55,AMLX,33.4100,33.4199,33.3650,33.3650,600.0000,33.3892,4
2026-08-18 20:39:00,AMLX,33.3650,33.3650,33.3200,33.3200,4600.0000,33.3630,4
2026-08-18 20:39:05,AMLX,33.3100,33.3100,33.3100,33.3100,100.0000,33.3100,1
2026-08-18 20:39:10,AMLX,33.4000,33.4000,33.4000,33.4000,700.0000,33.4000,1
2026-08-18 20:39:15,AMLX,33.4000,33.4000,33.4000,33.4000,0.0000,33.4000,0
2026-08-18 20:39:20,AMLX,33.3730,33.3730,33.3730,33.3730,300.0000,33.3730,1
2026-08-18 20:39:25,AMLX,33.3100,33.3100,33.3100,33.3100,100.0000,33.3100,1
2026-08-18 20:39:30,AMLX,33.3600,33.4000,33.3600,33.4000,2136.0000,33.3768,6
2026-08-18 20:39:35,AMLX,33.3800,33.4100,33.3400,33.4100,1607.0000,33.3717,8
2026-08-18 20:39:40,AMLX,33.3900,33.3900,33.3900,33.3900,100.0000,33.3900,1
2026-08-18 20:39:45,AMLX,33.3900,33.3900,33.3750,33.3900,531.0000,33.3843,3
2026-08-18 20:39:50,AMLX,33.4100,33.4100,33.3900,33.3900,1100.0000,33.4055,3
2026-08-18 20:39:55,AMLX,33.3900,33.4100,33.3769,33.4000,3288.0000,33.3966,17
2026-08-18 20:40:00,AMLX,33.4150,33.4150,33.3800,33.3800,1507.0000,33.3956,12
2026-08-18 20:40:05,AMLX,33.4050,33.4050,33.4050,33.4050,224.0000,33.4050,2
2026-08-18 20:40:10,AMLX,33.4050,33.4050,33.4050,33.4050,0.0000,33.4050,0
2026-08-18 20:40:15,AMLX,33.4050,33.4050,33.4050,33.4050,0.0000,33.4050,0
2026-08-18 20:40:20,AMLX,33.4300,33.4300,33.4100,33.4100,220.0000,33.4209,2
2026-08-18 20:40:25,AMLX,33.4499,33.4499,33.4499,33.4499,107.0000,33.4499,1
2026-08-18 20:40:30,AMLX,33.4500,33.4500,33.4500,33.4500,200.0000,33.4500,1
2026-08-18 20:40:35,AMLX,33.4250,33.4500,33.3500,33.3650,8377.0000,33.3896,57
2026-08-18 20:40:40,AMLX,33.3670,33.3670,33.3400,33.3400,1640.0000,33.3565,7
2026-08-18 20:40:45,AMLX,33.3500,33.3500,33.3500,33.3500,100.0000,33.3500,1
2026-08-18 20:40:50,AMLX,33.3500,33.3800,33.3500,33.3500,400.0000,33.3612,3
2026-08-18 20:40:55,AMLX,33.3550,33.3793,33.3500,33.3793,300.0000,33.3614,3
2026-08-18 20:41:00,AMLX,33.3600,33.3600,33.3600,33.3600,100.0000,33.3600,1
2026-08-18 20:41:05,AMLX,33.3600,33.3600,33.3600,33.3600,0.0000,33.3600,0
2026-08-18 20:41:10,AMLX,33.3550,33.3550,33.3550,33.3550,700.0000,33.3550,7
2026-08-18 20:41:15,AMLX,33.3700,33.3700,33.3700,33.3700,100.0000,33.3700,1
2026-08-18 20:41:20,AMLX,33.3600,33.3600,33.3600,33.3600,100.0000,33.3600,1
2026-08-18 20:41:25,AMLX,33.3400,33.3400,33.3400,33.3400,100.0000,33.3400,1
2026-08-18 20:41:30,AMLX,33.3946,33.3946,33.3249,33.3249,2995.0000,33.3573,16
2026-08-18 20:41:35,AMLX,33.3200,33.3200,33.3200,33.3200,200.0000,33.3200,1
2026-08-18 20:41:40,AMLX,33.3546,33.3546,33.3400,33.3400,200.0000,33.3473,2
2026-08-18 20:41:45,AMLX,33.3600,33.3600,33.3500,33.3500,1689.0000,33.3511,11
2026-08-18 20:41:50,AMLX,33.3650,33.3650,33.3650,33.3650,100.0000,33.3650,1
2026-08-18 20:41:55,AMLX,33.3650,33.3650,33.3650,33.3650,1000.0000,33.3650,10
2026-08-18 20:42:00,AMLX,33.3650,33.3839,33.3650,33.3839,403.0000,33.3792,2
2026-08-18 20:42:05,AMLX,33.3468,33.3468,33.3468,33.3468,100.0000,33.3468,1
2026-08-18 20:42:10,AMLX,33.3650,33.3650,33.3650,33.3650,100.0000,33.3650,1
2026-08-18 20:42:15,AMLX,33.3648,33.3648,33.3648,33.3648,124.0000,33.3648,1
2026-08-18 20:42:20,AMLX,33.3500,33.3700,33.3400,33.3521,2534.0000,33.3511,13
2026-08-18 20:42:25,AMLX,33.3400,33.3400,33.3400,33.3400,720.0000,33.3400,7
2026-08-18 20:42:30,AMLX,33.3201,33.3499,33.2600,33.2600,19284.0000,33.2872,29
2026-08-18 20:42:35,AMLX,33.2600,33.2950,33.2600,33.2600,600.0000,33.2808,5
2026-08-18 20:42:40,AMLX,33.2600,33.2600,33.2600,33.2600,0.0000,33.2600,0
2026-08-18 20:42:45,AMLX,33.2950,33.2950,33.2950,33.2950,250.0000,33.2950,1
2026-08-18 20:42:50,AMLX,33.2600,33.2800,33.2600,33.2800,500.0000,33.2759,3
2026-08-18 20:42:55,AMLX,33.2800,33.2800,33.2800,33.2800,0.0000,33.2800,0
2026-08-18 20:43:00,AMLX,33.2800,33.2800,33.2800,33.2800,100.0000,33.2800,1
2026-08-18 20:43:05,AMLX,33.2800,33.2800,33.2768,33.2768,400.0000,33.2792,4
2026-08-18 20:43:10,AMLX,33.2700,33.2700,33.2350,33.2550,6411.0000,33.2591,27
2026-08-18 20:43:15,AMLX,33.2450,33.2450,33.2100,33.2340,1300.0000,33.2217,5
2026-08-18 20:43:20,AMLX,33.2550,33.2550,33.2200,33.2550,1200.0000,33.2331,10
2026-08-18 20:43:25,AMLX,33.2400,33.2400,33.2200,33.2200,400.0000,33.2350,4
2026-08-18 20:43:30,AMLX,33.2200,33.2200,33.2200,33.2200,0.0000,33.2200,0
2026-08-18 20:43:35,AMLX,33.2210,33.2210,33.1600,33.1600,11213.0000,33.2002,24
2026-08-18 20:43:40,AMLX,33.1600,33.2350,33.1600,33.1600,766.0000,33.1698,5
2026-08-18 20:43:45,AMLX,33.1200,33.1349,33.1200,33.1349,2501.0000,33.1271,7
2026-08-18 20:43:50,AMLX,33.1274,33.1800,33.1274,33.1800,1478.0000,33.1587,9
2026-08-18 20:43:55,AMLX,33.2519,33.2519,33.2050,33.2050,1100.0000,33.2476,2
2026-08-18 20:44:00,AMLX,33.2400,33.2400,33.1700,33.1700,900.0000,33.1789,3
2026-08-18 20:44:05,AMLX,33.1634,33.2050,33.1634,33.2050,1351.0000,33.1844,3
2026-08-18 20:44:10,AMLX,33.2050,33.2050,33.2050,33.2050,0.0000,33.2050,0
2026-08-18 20:44:15,AMLX,33.2050,33.2050,33.2050,33.2050,0.0000,33.2050,0
2026-08-18 20:44:20,AMLX,33.2050,33.2111,33.1600,33.2111,1472.0000,33.1994,4
2026-08-18 20:44:25,AMLX,33.2111,33.2111,33.2111,33.2111,0.0000,33.2111,0
2026-08-18 20:44:30,AMLX,33.1501,33.2214,33.1501,33.2065,1174.0000,33.2018,3
2026-08-18 20:44:35,AMLX,33.2050,33.2200,33.2050,33.2200,900.0000,33.2124,4
2026-08-18 20:44:40,AMLX,33.2200,33.2300,33.2200,33.2300,1066.0000,33.2228,3
2026-08-18 20:44:45,AMLX,33.2100,33.2250,33.2100,33.2250,3200.0000,33.2105,3
2026-08-18 20:44:50,AMLX,33.2100,33.2100,33.2100,33.2100,450.0000,33.2100,4
2026-08-18 20:44:55,AMLX,33.2100,33.2100,33.2100,33.2100,200.0000,33.2100,1
2026-08-18 20:45:00,AMLX,33.2150,33.2300,33.1700,33.2300,415.0000,33.2083,4
2026-08-18 20:45:05,AMLX,33.2300,33.2300,33.2300,33.2300,0.0000,33.2300,0
2026-08-18 20:45:10,AMLX,33.2100,33.2100,33.2100,33.2100,100.0000,33.2100,1
2026-08-18 20:45:15,AMLX,33.2350,33.2350,33.2350,33.2350,100.0000,33.2350,1
2026-08-18 20:45:20,AMLX,33.2350,33.2350,33.2350,33.2350,100.0000,33.2350,1
2026-08-18 20:45:25,AMLX,33.2350,33.2350,33.2350,33.2350,400.0000,33.2350,4
2026-08-18 20:45:30,AMLX,33.2350,33.2350,33.2350,33.2350,0.0000,33.2350,0
2026-08-18 20:45:35,AMLX,33.2350,33.2350,33.2350,33.2350,0.0000,33.2350,0
2026-08-18 20:45:40,AMLX,33.2100,33.2100,33.2100,33.2100,100.0000,33.2100,1
2026-08-18 20:45:45,AMLX,33.2101,33.2101,33.2101,33.2101,200.0000,33.2101,1
2026-08-18 20:45:50,AMLX,33.2200,33.2299,33.2100,33.2100,1922.0000,33.2153,12
2026-08-18 20:45:55,AMLX,33.2300,33.2300,33.2100,33.2100,200.0000,33.2200,2
2026-08-18 20:46:00,AMLX,33.2100,33.2300,33.2100,33.2118,800.0000,33.2161,5
2026-08-18 20:46:05,AMLX,33.2500,33.3200,33.2500,33.2750,2000.0000,33.2920,10
2026-08-18 20:46:10,AMLX,33.2600,33.2600,33.2600,33.2600,873.0000,33.2600,6
2026-08-18 20:46:15,AMLX,33.2600,33.2600,33.2300,33.2300,300.0000,33.2400,2
2026-08-18 20:46:20,AMLX,33.2700,33.2700,33.2600,33.2600,350.0000,33.2643,2
2026-08-18 20:46:25,AMLX,33.2300,33.2750,33.2100,33.2300,1684.0000,33.2345,14
2026-08-18 20:46:30,AMLX,33.2600,33.2600,33.2600,33.2600,300.0000,33.2600,1
2026-08-18 20:46:35,AMLX,33.2600,33.2600,33.2600,33.2600,0.0000,33.2600,0
2026-08-18 20:46:40,AMLX,33.2750,33.2750,33.2204,33.2750,720.0000,33.2371,3
2026-08-18 20:46:45,AMLX,33.2750,33.2750,33.2750,33.2750,0.0000,33.2750,0
2026-08-18 20:46:50,AMLX,33.2750,33.2750,33.2200,33.2550,796.0000,33.2442,7
2026-08-18 20:46:55,AMLX,33.2100,33.2100,33.1900,33.2000,9302.0000,33.2014,24
2026-08-18 20:47:00,AMLX,33.1800,33.2050,33.1800,33.2050,625.0000,33.1840,6
2026-08-18 20:47:05,AMLX,33.1700,33.1700,33.1700,33.1700,100.0000,33.1700,1
2026-08-18 20:47:10,AMLX,33.1763,33.2100,33.1763,33.2075,1850.0000,33.1904,8
2026-08-18 20:47:15,AMLX,33.2500,33.2800,33.2400,33.2589,4536.0000,33.2522,19
2026-08-18 20:47:20,AMLX,33.2589,33.2589,33.2589,33.2589,0.0000,33.2589,0
2026-08-18 20:47:25,AMLX,33.2700,33.2800,33.2600,33.2800,1108.0000,33.2692,5
2026-08-18 20:47:30,AMLX,33.2799,33.2799,33.2799,33.2799,410.0000,33.2799,2
2026-08-18 20:47:35,AMLX,33.2600,33.2600,33.1850,33.1850,1964.0000,33.2352,16
2026-08-18 20:47:40,AMLX,33.1900,33.1900,33.1900,33.1900,100.0000,33.1900,1
2026-08-18 20:47:45,AMLX,33.1900,33.1900,33.1900,33.1900,0.0000,33.1900,0
2026-08-18 20:47:50,AMLX,33.1700,33.1700,33.1600,33.1600,800.0000,33.1688,8
2026-08-18 20:47:55,AMLX,33.1400,33.1400,33.0500,33.1300,15549.0000,33.0830,75
2026-08-18 20:48:00,AMLX,33.1299,33.1299,33.1042,33.1042,317.0000,33.1123,2
2026-08-18 20:48:05,AMLX,33.1150,33.1150,33.1150,33.1150,463.0000,33.1150,2
2026-08-18 20:48:10,AMLX,33.1000,33.1000,33.0500,33.0500,1800.0000,33.0697,9
2026-08-18 20:48:15,AMLX,33.0612,33.0850,33.0600,33.0850,1377.0000,33.0621,3
2026-08-18 20:48:20,AMLX,33.0600,33.0600,33.0600,33.0600,1000.0000,33.0600,1
2026-08-18 20:48:25,AMLX,33.0850,33.0850,33.0850,33.0850,300.0000,33.0850,1
2026-08-18 20:48:30,AMLX,33.0850,33.0850,33.0850,33.0850,329.0000,33.0850,1
2026-08-18 20:48:35,AMLX,33.0662,33.0850,33.0600,33.0600,690.0000,33.0712,4
2026-08-18 20:48:40,AMLX,33.0800,33.0900,33.0800,33.0900,450.0000,33.0844,4
2026-08-18 20:48:45,AMLX,33.1000,33.1000,33.0850,33.0850,958.0000,33.0913,4
2026-08-18 20:48:50,AMLX,33.0850,33.1000,33.0850,33.0950,2000.0000,33.0898,9
2026-08-18 20:48:55,AMLX,33.0950,33.1720,33.0700,33.1720,1245.0000,33.1124,12
2026-08-18 20:49:00,AMLX,33.1738,33.1793,33.1450,33.1793,1506.0000,33.1703,3
2026-08-18 20:49:05,AMLX,33.1100,33.1100,33.1100,33.1100,1000.0000,33.1100,1
2026-08-18 20:49:10,AMLX,33.1100,33.1100,33.1100,33.1100,0.0000,33.1100,0
2026-08-18 20:49:15,AMLX,33.1100,33.1100,33.1100,33.1100,0.0000,33.1100,0
2026-08-18 20:49:20,AMLX,33.1800,33.1900,33.1800,33.1900,700.0000,33.1843,7
2026-08-18 20:49:25,AMLX,33.2000,33.2023,33.2000,33.2000,760.0000,33.2015,3
2026-08-18 20:49:30,AMLX,33.2000,33.2099,33.2000,33.2099,1500.0000,33.2033,2
2026-08-18 20:49:35,AMLX,33.2100,33.2100,33.1900,33.2100,2000.0000,33.1966,14
2026-08-18 20:49:40,AMLX,33.2000,33.2000,33.2000,33.2000,1000.0000,33.2000,1
2026-08-18 20:49:45,AMLX,33.1900,33.1900,33.1900,33.1900,900.0000,33.1900,8
2026-08-18 20:49:50,AMLX,33.1700,33.1750,33.1700,33.1700,2056.0000,33.1702,15
2026-08-18 20:49:55,AMLX,33.1700,33.2147,33.1600,33.2100,1256.0000,33.1838,11
2026-08-18 20:50:00,AMLX,33.2100,33.2100,33.2100,33.2100,0.0000,33.2100,0
2026-08-18 20:50:05,AMLX,33.1900,33.2050,33.1900,33.2000,2634.0000,33.2025,7
2026-08-18 20:50:10,AMLX,33.2300,33.2300,33.2150,33.2150,500.0000,33.2250,5
2026-08-18 20:50:15,AMLX,33.2212,33.2213,33.2158,33.2158,600.0000,33.2203,2
2026-08-18 20:50:20,AMLX,33.2158,33.2158,33.2158,33.2158,0.0000,33.2158,0
2026-08-18 20:50:25,AMLX,33.2150,33.2397,33.2150,33.2397,300.0000,33.2232,3
2026-08-18 20:50:30,AMLX,33.2150,33.2150,33.1900,33.2150,733.0000,33.2116,7
2026-08-18 20:50:35,AMLX,33.2150,33.2150,33.1900,33.1900,300.0000,33.2040,3
2026-08-18 20:50:40,AMLX,33.2000,33.2000,33.1600,33.1600,2577.0000,33.1938,20
2026-08-18 20:50:45,AMLX,33.1600,33.1600,33.1600,33.1600,400.0000,33.1600,4
2026-08-18 20:50:50,AMLX,33.1600,33.1600,33.1600,33.1600,100.0000,33.1600,1
2026-08-18 20:50:55,AMLX,33.1600,33.1600,33.1600,33.1600,0.0000,33.1600,0
2026-08-18 20:51:00,AMLX,33.2200,33.2200,33.1600,33.1600,801.0000,33.2063,3
2026-08-18 20:51:05,AMLX,33.1700,33.1700,33.1700,33.1700,100.0000,33.1700,1
2026-08-18 20:51:10,AMLX,33.1600,33.2000,33.1600,33.2000,310.0000,33.1871,2
2026-08-18 20:51:15,AMLX,33.2150,33.2150,33.1900,33.1943,500.0000,33.1979,5
2026-08-18 20:51:20,AMLX,33.1950,33.2000,33.1950,33.2000,700.0000,33.1986,7
2026-08-18 20:51:25,AMLX,33.2000,33.2000,33.2000,33.2000,404.0000,33.2000,3
2026-08-18 20:51:30,AMLX,33.1800,33.1800,33.1800,33.1800,361.0000,33.1800,3
2026-08-18 20:51:35,AMLX,33.1700,33.1800,33.1700,33.1800,214.0000,33.1753,2
2026-08-18 20:51:40,AMLX,33.1800,33.1800,33.1800,33.1800,0.0000,33.1800,0
2026-08-18 20:51:45,AMLX,33.1700,33.1800,33.1700,33.1797,700.0000,33.1784,3
2026-08-18 20:51:50,AMLX,33.1800,33.1800,33.1800,33.1800,100.0000,33.1800,1
2026-08-18 20:51:55,AMLX,33.1800,33.1800,33.1700,33.1700,900.0000,33.1711,7
2026-08-18 20:52:00,AMLX,33.1700,33.1700,33.1700,33.1700,0.0000,33.1700,0
2026-08-18 20:52:05,AMLX,33.1600,33.1700,33.1600,33.1700,400.0000,33.1675,4
2026-08-18 20:52:10,AMLX,33.1700,33.1700,33.1600,33.1700,1476.0000,33.1686,9
2026-08-18 20:52:15,AMLX,33.1800,33.1800,33.1800,33.1800,100.0000,33.1800,1
2026-08-18 20:52:20,AMLX,33.1800,33.1800,33.1800,33.1800,1000.0000,33.1800,6
2026-08-18 20:52:25,AMLX,33.2305,33.2305,33.2305,33.2305,601.0000,33.2305,1
2026-08-18 20:52:30,AMLX,33.2050,33.2050,33.1833,33.2050,500.0000,33.1920,3
2026-08-18 20:52:35,AMLX,33.2050,33.2050,33.2050,33.2050,0.0000,33.2050,0
2026-08-18 20:52:40,AMLX,33.1900,33.1900,33.1900,33.1900,110.0000,33.1900,1
2026-08-18 20:52:45,AMLX,33.2049,33.2049,33.2049,33.2049,400.0000,33.2049,1
2026-08-18 20:52:50,AMLX,33.2049,33.2049,33.2049,33.2049,0.0000,33.2049,0
2026-08-18 20:52:55,AMLX,33.2050,33.2050,33.2050,33.2050,300.0000,33.2050,1
2026-08-18 20:53:00,AMLX,33.1800,33.2050,33.1800,33.2050,400.0000,33.1987,4
2026-08-18 20:53:05,AMLX,33.1700,33.1700,33.1700,33.1700,100.0000,33.1700,1
2026-08-18 20:53:10,AMLX,33.1700,33.1700,33.1700,33.1700,0.0000,33.1700,0
2026-08-18 20:53:15,AMLX,33.1975,33.1975,33.1975,33.1975,100.0000,33.1975,1
2026-08-18 20:53:20,AMLX,33.1854,33.1854,33.1854,33.1854,601.0000,33.1854,1
2026-08-18 20:53:25,AMLX,33.2300,33.2300,33.2300,33.2300,300.0000,33.2300,3
2026-08-18 20:53:30,AMLX,33.2100,33.2300,33.2100,33.2300,402.0000,33.2199,2
2026-08-18 20:53:35,AMLX,33.2100,33.2316,33.1879,33.1879,832.0000,33.2212,4
2026-08-18 20:53:40,AMLX,33.1879,33.1880,33.1879,33.1879,0.0000,33.1879,0
2026-08-18 20:53:45,AMLX,33.2400,33.2400,33.2400,33.2400,600.0000,33.2400,2
2026-08-18 20:53:50,AMLX,33.2300,33.2300,33.2300,33.2300,300.0000,33.2300,3
2026-08-18 20:53:55,AMLX,33.2200,33.2200,33.1900,33.1900,2260.0000,33.2117,17
2026-08-18 20:54:00,AMLX,33.1800,33.1800,33.1300,33.1400,4404.0000,33.1518,32
2026-08-18 20:54:05,AMLX,33.1200,33.1326,33.1200,33.1326,632.0000,33.1306,2
2026-08-18 20:54:10,AMLX,33.1326,33.1326,33.1326,33.1326,0.0000,33.1326,0
2026-08-18 20:54:15,AMLX,33.1400,33.1400,33.1400,33.1400,100.0000,33.1400,1
2026-08-18 20:54:20,AMLX,33.1500,33.1500,33.1400,33.1400,600.0000,33.1417,2
2026-08-18 20:54:25,AMLX,33.1201,33.1201,33.1201,33.1201,200.0000,33.1201,1
2026-08-18 20:54:30,AMLX,33.1375,33.1375,33.1200,33.1200,700.0000,33.1225,3
2026-08-18 20:54:35,AMLX,33.1399,33.1399,33.1200,33.1200,200.0000,33.1300,2
2026-08-18 20:54:40,AMLX,33.1200,33.1250,33.0900,33.0900,8090.0000,33.1129,30
2026-08-18 20:54:45,AMLX,33.0800,33.1350,33.0650,33.1000,5183.0000,33.0782,21
2026-08-18 20:54:50,AMLX,33.1000,33.1000,33.1000,33.1000,0.0000,33.1000,0
2026-08-18 20:54:55,AMLX,33.1000,33.1000,33.1000,33.1000,100.0000,33.1000,1
2026-08-18 20:55:00,AMLX,33.1000,33.1000,33.1000,33.1000,0.0000,33.1000,0
2026-08-18 20:55:05,AMLX,33.1000,33.1400,33.1000,33.1400,700.0000,33.1257,5
2026-08-18 20:55:10,AMLX,33.1400,33.1400,33.1400,33.1400,0.0000,33.1400,0
2026-08-18 20:55:15,AMLX,33.1050,33.1200,33.1050,33.1200,500.0000,33.1110,3
2026-08-18 20:55:20,AMLX,33.1050,33.1150,33.1050,33.1150,371.0000,33.1090,3
2026-08-18 20:55:25,AMLX,33.1300,33.1300,33.1100,33.1100,1625.0000,33.1195,10
2026-08-18 20:55:30,AMLX,33.1050,33.1050,33.1050,33.1050,153.0000,33.1050,1
2026-08-18 20:55:35,AMLX,33.0700,33.0700,33.0700,33.0700,100.0000,33.0700,1
2026-08-18 20:55:40,AMLX,33.1100,33.1100,33.1044,33.1044,342.0000,33.1084,3
2026-08-18 20:55:45,AMLX,33.0800,33.0800,33.0800,33.0800,100.0000,33.0800,1
2026-08-18 20:55:50,AMLX,33.1200,33.1650,33.1000,33.1650,2728.0000,33.1337,17
2026-08-18 20:55:55,AMLX,33.1400,33.1400,33.1400,33.1400,100.0000,33.1400,1
2026-08-18 20:56:00,AMLX,33.1600,33.1600,33.1600,33.1600,130.0000,33.1600,1
2026-08-18 20:56:05,AMLX,33.1600,33.1600,33.1600,33.1600,0.0000,33.1600,0
2026-08-18 20:56:10,AMLX,33.1540,33.1540,33.1500,33.1500,366.0000,33.1522,2
2026-08-18 20:56:15,AMLX,33.1500,33.1500,33.1500,33.1500,100.0000,33.1500,1
2026-08-18 20:56:20,AMLX,33.1500,33.1500,33.1500,33.1500,0.0000,33.1500,0
2026-08-18 20:56:25,AMLX,33.1500,33.1700,33.1500,33.1600,1385.0000,33.1598,9
2026-08-18 20:56:30,AMLX,33.1700,33.2500,33.1700,33.2500,5713.0000,33.1968,44
2026-08-18 20:56:35,AMLX,33.2000,33.2800,33.2000,33.2702,900.0000,33.2579,5
2026-08-18 20:56:40,AMLX,33.2800,33.2800,33.2301,33.2800,1895.0000,33.2472,8
2026-08-18 20:56:45,AMLX,33.2800,33.2800,33.2300,33.2550,2800.0000,33.2389,5
2026-08-18 20:56:50,AMLX,33.2576,33.2576,33.2576,33.2576,100.0000,33.2576,1
2026-08-18 20:56:55,AMLX,33.2400,33.3102,33.2300,33.3100,11601.0000,33.2631,11
2026-08-18 20:57:00,AMLX,33.2701,33.3500,33.2500,33.3360,6368.0000,33.2829,42
2026-08-18 20:57:05,AMLX,33.3500,33.3500,33.2401,33.3324,3750.0000,33.3085,19
2026-08-18 20:57:10,AMLX,33.3324,33.3324,33.3324,33.3324,0.0000,33.3324,0
2026-08-18 20:57:15,AMLX,33.3400,33.3400,33.3163,33.3300,1944.0000,33.3296,7
2026-08-18 20:57:20,AMLX,33.3163,33.3300,33.2000,33.2200,4674.0000,33.2306,32
2026-08-18 20:57:25,AMLX,33.2300,33.2900,33.2300,33.2900,550.0000,33.2791,5
2026-08-18 20:57:30,AMLX,33.2900,33.2900,33.2275,33.2275,400.0000,33.2606,4
2026-08-18 20:57:35,AMLX,33.2275,33.2275,33.2275,33.2275,0.0000,33.2275,0
2026-08-18 20:57:40,AMLX,33.2300,33.2500,33.2300,33.2500,1970.0000,33.2419,5
2026-08-18 20:57:45,AMLX,33.2500,33.2500,33.2500,33.2500,116.0000,33.2500,1
2026-08-18 20:57:50,AMLX,33.2550,33.2550,33.2550,33.2550,128.0000,33.2550,1
2026-08-18 20:57:55,AMLX,33.2884,33.2884,33.2884,33.2884,200.0000,33.2884,1
2026-08-18 20:58:00,AMLX,33.2650,33.3100,33.2200,33.2200,3304.0000,33.2684,11
2026-08-18 20:58:05,AMLX,33.2300,33.2300,33.2200,33.2200,300.0000,33.2267,3
2026-08-18 20:58:10,AMLX,33.2200,33.2200,33.2200,33.2200,0.0000,33.2200,0
2026-08-18 20:58:15,AMLX,33.2100,33.2100,33.2100,33.2100,300.0000,33.2100,3
2026-08-18 20:58:20,AMLX,33.2150,33.2150,33.2150,33.2150,592.0000,33.2150,2
2026-08-18 20:58:25,AMLX,33.2150,33.2150,33.2117,33.2117,200.0000,33.2133,2
2026-08-18 20:58:30,AMLX,33.2117,33.2117,33.2117,33.2117,0.0000,33.2117,0
2026-08-18 20:58:35,AMLX,33.2150,33.2150,33.2050,33.2050,429.0000,33.2127,2
2026-08-18 20:58:40,AMLX,33.2200,33.2550,33.2200,33.2550,7400.0000,33.2445,17
2026-08-18 20:58:45,AMLX,33.2600,33.2600,33.2600,33.2600,900.0000,33.2600,9
2026-08-18 20:58:50,AMLX,33.2200,33.2200,33.2200,33.2200,400.0000,33.2200,1
2026-08-18 20:58:55,AMLX,33.2800,33.2800,33.2650,33.2650,399.0000,33.2762,3
2026-08-18 20:59:00,AMLX,33.2650,33.2650,33.2650,33.2650,0.0000,33.2650,0
2026-08-18 20:59:05,AMLX,33.2733,33.2733,33.2733,33.2733,100.0000,33.2733,1
2026-08-18 20:59:10,AMLX,33.3200,33.3300,33.3200,33.3300,200.0000,33.3250,2
2026-08-18 20:59:15,AMLX,33.3300,33.3300,33.3300,33.3300,0.0000,33.3300,0
2026-08-18 20:59:20,AMLX,33.3499,33.3499,33.3200,33.3200,397.0000,33.3311,3
2026-08-18 20:59:25,AMLX,33.3200,33.3200,33.2974,33.3200,2800.0000,33.3160,23
2026-08-18 20:59:30,AMLX,33.3026,33.3026,33.2900,33.2950,1400.0000,33.2913,11
2026-08-18 20:59:35,AMLX,33.3150,33.3150,33.3150,33.3150,150.0000,33.3150,1
2026-08-18 20:59:40,AMLX,33.2800,33.3220,33.2800,33.3125,3279.0000,33.2925,5
2026-08-18 20:59:45,AMLX,33.3000,33.3000,33.3000,33.3000,1000.0000,33.3000,1
2026-08-18 20:59:50,AMLX,33.3250,33.3250,33.3250,33.3250,100.0000,33.3250,1
2026-08-18 20:59:55,AMLX,33.3250,33.3250,33.3250,33.3250,300.0000,33.3250,3
2026-08-18 21:00:00,AMLX,33.3250,33.3250,33.3250,33.3250,287.0000,33.3250,2
2026-08-18 21:00:05,AMLX,33.3250,33.3250,33.3250,33.3250,0.0000,33.3250,0
2026-08-18 21:00:10,AMLX,33.3250,33.3250,33.3250,33.3250,0.0000,33.3250,0
2026-08-18 21:00:15,AMLX,33.3250,33.3250,33.3250,33.3250,0.0000,33.3250,0
2026-08-18 21:00:20,AMLX,33.3200,33.3200,33.3100,33.3100,1200.0000,33.3125,9
2026-08-18 21:00:25,AMLX,33.3100,33.3100,33.3100,33.3100,0.0000,33.3100,0
2026-08-18 21:00:30,AMLX,33.3100,33.3100,33.3100,33.3100,0.0000,33.3100,0
2026-08-18 21:00:35,AMLX,33.3300,33.3300,33.3300,33.3300,200.0000,33.3300,1
2026-08-18 21:00:40,AMLX,33.3200,33.3200,33.3200,33.3200,999.0000,33.3200,1
2026-08-18 21:00:45,AMLX,33.3350,33.3350,33.3350,33.3350,100.0000,33.3350,1
2026-08-18 21:00:50,AMLX,33.3200,33.3300,33.3200,33.3300,1206.0000,33.3221,10
2026-08-18 21:00:55,AMLX,33.3402,33.3500,33.3300,33.3300,1200.0000,33.3375,9
2026-08-18 21:01:00,AMLX,33.3100,33.3300,33.2600,33.2700,4028.0000,33.2921,25
2026-08-18 21:01:05,AMLX,33.2800,33.2800,33.2500,33.2500,500.0000,33.2739,3
2026-08-18 21:01:10,AMLX,33.2500,33.2500,33.2500,33.2500,0.0000,33.2500,0
2026-08-18 21:01:15,AMLX,33.2600,33.2950,33.2500,33.2907,3371.0000,33.2775,12
2026-08-18 21:01:20,AMLX,33.2600,33.2600,33.2600,33.2600,100.0000,33.2600,1
2026-08-18 21:01:25,AMLX,33.2800,33.2900,33.2800,33.2900,700.0000,33.2843,7
2026-08-18 21:01:30,AMLX,33.2900,33.2900,33.2600,33.2600,400.0000,33.2825,4
2026-08-18 21:01:35,AMLX,33.2900,33.3700,33.2900,33.3300,5041.0000,33.3240,31
2026-08-18 21:01:40,AMLX,33.3300,33.3300,33.2900,33.2900,400.0000,33.3200,4
2026-08-18 21:01:45,AMLX,33.2900,33.2900,33.2900,33.2900,0.0000,33.2900,0
2026-08-18 21:01:50,AMLX,33.3000,33.3000,33.3000,33.3000,200.0000,33.3000,1
2026-08-18 21:01:55,AMLX,33.3000,33.3000,33.3000,33.3000,550.0000,33.3000,5
2026-08-18 21:02:00,AMLX,33.2900,33.3100,33.2900,33.3100,350.0000,33.3000,3
2026-08-18 21:02:05,AMLX,33.3100,33.3100,33.2900,33.2900,700.0000,33.3043,7
2026-08-18 21:02:10,AMLX,33.2900,33.2900,33.2900,33.2900,200.0000,33.2900,2
2026-08-18 21:02:15,AMLX,33.2900,33.2900,33.2900,33.2900,200.0000,33.2900,2
2026-08-18 21:02:20,AMLX,33.2900,33.2900,33.2900,33.2900,200.0000,33.2900,2
2026-08-18 21:02:25,AMLX,33.3100,33.3250,33.3100,33.3250,700.0000,33.3229,7
2026-08-18 21:02:30,AMLX,33.3100,33.3100,33.3001,33.3001,200.0000,33.3051,2
2026-08-18 21:02:35,AMLX,33.3300,33.3800,33.3300,33.3800,13300.0000,33.3407,24
2026-08-18 21:02:40,AMLX,33.3802,33.3802,33.3601,33.3800,500.0000,33.3721,4
2026-08-18 21:02:45,AMLX,33.3800,33.3800,33.3654,33.3654,800.0000,33.3782,8
2026-08-18 21:02:50,AMLX,33.3748,33.3748,33.3748,33.3748,500.0000,33.3748,1
2026-08-18 21:02:55,AMLX,33.3815,33.3815,33.3800,33.3800,400.0000,33.3811,2
2026-08-18 21:03:00,AMLX,33.3656,33.3800,33.3656,33.3745,1036.0000,33.3741,5
2026-08-18 21:03:05,AMLX,33.3944,33.3944,33.3600,33.3800,4966.0000,33.3703,33
2026-08-18 21:03:10,AMLX,33.3832,33.3832,33.3832,33.3832,325.0000,33.3832,1
2026-08-18 21:03:15,AMLX,33.3800,33.3800,33.3734,33.3734,424.0000,33.3781,2
2026-08-18 21:03:20,AMLX,33.3800,33.3800,33.3800,33.3800,300.0000,33.3800,1
2026-08-18 21:03:25,AMLX,33.3900,33.4200,33.3900,33.4200,4449.0000,33.3983,12
2026-08-18 21:03:30,AMLX,33.4400,33.4619,33.4100,33.4101,1548.0000,33.4308,7
2026-08-18 21:03:35,AMLX,33.4101,33.4101,33.4101,33.4101,0.0000,33.4101,0
2026-08-18 21:03:40,AMLX,33.4450,33.4450,33.4450,33.4450,400.0000,33.4450,4
2026-08-18 21:03:45,AMLX,33.4600,33.4700,33.4600,33.4700,900.0000,33.4667,9
2026-08-18 21:03:50,AMLX,33.4505,33.4505,33.4450,33.4450,400.0000,33.4491,2
2026-08-18 21:03:55,AMLX,33.4639,33.4700,33.4200,33.4400,5924.0000,33.4475,43
2026-08-18 21:04:00,AMLX,33.4500,33.4550,33.4500,33.4500,935.0000,33.4505,6
2026-08-18 21:04:05,AMLX,33.4300,33.4300,33.4300,33.4300,1408.0000,33.4300,6
2026-08-18 21:04:10,AMLX,33.4300,33.4300,33.4300,33.4300,200.0000,33.4300,2
2026-08-18 21:04:15,AMLX,33.4292,33.4350,33.4201,33.4350,300.0000,33.4281,3
2026-08-18 21:04:20,AMLX,33.4472,33.4500,33.4472,33.4500,3500.0000,33.4489,8
2026-08-18 21:04:25,AMLX,33.4500,33.4500,33.4200,33.4250,1500.0000,33.4383,14
2026-08-18 21:04:30,AMLX,33.4250,33.4400,33.4250,33.4300,800.0000,33.4342,7
2026-08-18 21:04:35,AMLX,33.4300,33.4300,33.4300,33.4300,200.0000,33.4300,2
2026-08-18 21:04:40,AMLX,33.4116,33.4200,33.4100,33.4200,1932.0000,33.4118,7
2026-08-18 21:04:45,AMLX,33.4000,33.4000,33.2900,33.3200,4844.0000,33.3541,35
2026-08-18 21:04:50,AMLX,33.3100,33.3250,33.3100,33.3250,700.0000,33.3143,6
2026-08-18 21:04:55,AMLX,33.3720,33.3800,33.3250,33.3250,2050.0000,33.3617,7
2026-08-18 21:05:00,AMLX,33.2800,33.2800,33.2800,33.2800,200.0000,33.2800,1
2026-08-18 21:05:05,AMLX,33.3500,33.3500,33.3500,33.3500,300.0000,33.3500,3
2026-08-18 21:05:10,AMLX,33.3623,33.3800,33.3375,33.3375,300.0000,33.3599,3
2026-08-18 21:05:15,AMLX,33.3700,33.3800,33.3600,33.3800,400.0000,33.3700,3
2026-08-18 21:05:20,AMLX,33.3800,33.3800,33.3800,33.3800,500.0000,33.3800,5
2026-08-18 21:05:25,AMLX,33.3800,33.3800,33.3800,33.3800,0.0000,33.3800,0
2026-08-18 21:05:30,AMLX,33.3200,33.3600,33.3200,33.3600,400.0000,33.3375,3
2026-08-18 21:05:35,AMLX,33.3600,33.3600,33.3600,33.3600,0.0000,33.3600,0
2026-08-18 21:05:40,AMLX,33.3600,33.3600,33.3600,33.3600,0.0000,33.3600,0
2026-08-18 21:05:45,AMLX,33.3500,33.3500,33.3500,33.3500,600.0000,33.3500,6
2026-08-18 21:05:50,AMLX,33.3500,33.3500,33.3500,33.3500,100.0000,33.3500,1
2026-08-18 21:05:55,AMLX,33.3500,33.3500,33.3500,33.3500,0.0000,33.3500,0
2026-08-18 21:06:00,AMLX,33.3500,33.3500,33.3500,33.3500,100.0000,33.3500,1
2026-08-18 21:06:05,AMLX,33.3500,33.3500,33.3500,33.3500,0.0000,33.3500,0
2026-08-18 21:06:10,AMLX,33.3300,33.3300,33.3300,33.3300,125.0000,33.3300,1
2026-08-18 21:06:15,AMLX,33.3500,33.3500,33.3201,33.3201,200.0000,33.3351,2
2026-08-18 21:06:20,AMLX,33.3438,33.3550,33.3438,33.3550,200.0000,33.3494,2
2026-08-18 21:06:25,AMLX,33.3310,33.3550,33.3310,33.3550,700.0000,33.3447,5
2026-08-18 21:06:30,AMLX,33.3600,33.3600,33.3450,33.3600,1100.0000,33.3518,7
2026-08-18 21:06:35,AMLX,33.3600,33.3600,33.3411,33.3411,200.0000,33.3505,2
2026-08-18 21:06:40,AMLX,33.3450,33.3450,33.3450,33.3450,100.0000,33.3450,1
2026-08-18 21:06:45,AMLX,33.3450,33.3600,33.3200,33.3400,2250.0000,33.3316,20
2026-08-18 21:06:50,AMLX,33.3100,33.3100,33.2900,33.3100,1058.0000,33.3053,10
2026-08-18 21:06:55,AMLX,33.2600,33.3200,33.2600,33.3200,2288.0000,33.2873,6
2026-08-18 21:07:00,AMLX,33.2700,33.2700,33.2700,33.2700,200.0000,33.2700,2
2026-08-18 21:07:05,AMLX,33.2950,33.2950,33.2950,33.2950,200.0000,33.2950,2
2026-08-18 21:07:10,AMLX,33.2700,33.3200,33.2700,33.3200,400.0000,33.2950,4
2026-08-18 21:07:15,AMLX,33.2950,33.2950,33.2950,33.2950,100.0000,33.2950,1
2026-08-18 21:07:20,AMLX,33.2950,33.3400,33.2950,33.3200,3467.0000,33.3199,18
2026-08-18 21:07:25,AMLX,33.3400,33.3400,33.3400,33.3400,100.0000,33.3400,1
2026-08-18 21:07:30,AMLX,33.3400,33.3400,33.3200,33.3400,3770.0000,33.3261,29
2026-08-18 21:07:35,AMLX,33.3600,33.3600,33.3300,33.3300,1200.0000,33.3350,3
2026-08-18 21:07:40,AMLX,33.3300,33.3300,33.3300,33.3300,100.0000,33.3300,1
2026-08-18 21:07:45,AMLX,33.3300,33.3300,33.3300,33.3300,600.0000,33.3300,6
2026-08-18 21:07:50,AMLX,33.3300,33.3300,33.3300,33.3300,0.0000,33.3300,0
2026-08-18 21:07:55,AMLX,33.3300,33.3300,33.3300,33.3300,0.0000,33.3300,0
2026-08-18 21:08:00,AMLX,33.3300,33.3300,33.3300,33.3300,1414.0000,33.3300,2
2026-08-18 21:08:05,AMLX,33.3171,33.3171,33.3171,33.3171,100.0000,33.3171,1
2026-08-18 21:08:10,AMLX,33.3000,33.3000,33.2400,33.2650,11509.0000,33.2554,40
2026-08-18 21:08:15,AMLX,33.2650,33.2650,33.2500,33.2500,600.0000,33.2625,5
2026-08-18 21:08:20,AMLX,33.2650,33.3050,33.2650,33.3050,1100.0000,33.2959,11
2026-08-18 21:08:25,AMLX,33.3050,33.3050,33.3050,33.3050,0.0000,33.3050,0
2026-08-18 21:08:30,AMLX,33.3200,33.3250,33.3200,33.3200,1101.0000,33.3205,7
2026-08-18 21:08:35,AMLX,33.3200,33.3200,33.3200,33.3200,0.0000,33.3200,0
2026-08-18 21:08:40,AMLX,33.3200,33.3200,33.3200,33.3200,0.0000,33.3200,0
2026-08-18 21:08:45,AMLX,33.3200,33.3300,33.3200,33.3300,200.0000,33.3250,2
2026-08-18 21:08:50,AMLX,33.3300,33.3300,33.3300,33.3300,0.0000,33.3300,0
2026-08-18 21:08:55,AMLX,33.3000,33.3000,33.3000,33.3000,216.0000,33.3000,1
2026-08-18 21:09:00,AMLX,33.3050,33.3050,33.3050,33.3050,150.0000,33.3050,1
2026-08-18 21:09:05,AMLX,33.3229,33.3400,33.3150,33.3200,3176.0000,33.3306,17
2026-08-18 21:09:10,AMLX,33.3550,33.3700,33.3550,33.3650,1200.0000,33.3646,3
2026-08-18 21:09:15,AMLX,33.3772,33.3800,33.3772,33.3800,2100.0000,33.3780,3
2026-08-18 21:09:20,AMLX,33.3650,33.3650,33.3650,33.3650,2000.0000,33.3650,1
2026-08-18 21:09:25,AMLX,33.3800,33.3900,33.3800,33.3900,700.0000,33.3814,4
2026-08-18 21:09:30,AMLX,33.3550,33.3850,33.3550,33.3850,355.0000,33.3639,2
2026-08-18 21:09:35,AMLX,33.3850,33.3850,33.3850,33.3850,0.0000,33.3850,0
2026-08-18 21:09:40,AMLX,33.3800,33.3800,33.3800,33.3800,100.0000,33.3800,1
2026-08-18 21:09:45,AMLX,33.3799,33.3800,33.3799,33.3800,210.0000,33.3800,2
2026-08-18 21:09:50,AMLX,33.3800,33.3800,33.3650,33.3650,1100.0000,33.3664,2
2026-08-18 21:09:55,AMLX,33.3650,33.3650,33.3650,33.3650,0.0000,33.3650,0
2026-08-18 21:10:00,AMLX,33.3763,33.4000,33.3763,33.4000,1600.0000,33.3859,11
2026-08-18 21:10:05,AMLX,33.4100,33.4300,33.4000,33.4050,7249.0000,33.4247,33
2026-08-18 21:10:10,AMLX,33.4000,33.4000,33.3700,33.3700,2344.0000,33.3773,19
2026-08-18 21:10:15,AMLX,33.3700,33.3700,33.3700,33.3700,0.0000,33.3700,0
2026-08-18 21:10:20,AMLX,33.3800,33.3800,33.3800,33.3800,250.0000,33.3800,1
2026-08-18 21:10:25,AMLX,33.4050,33.4050,33.3800,33.3800,2200.0000,33.3991,18
2026-08-18 21:10:30,AMLX,33.4050,33.4050,33.3950,33.3950,300.0000,33.4017,3
2026-08-18 21:10:35,AMLX,33.3950,33.3950,33.3950,33.3950,0.0000,33.3950,0
2026-08-18 21:10:40,AMLX,33.3900,33.4050,33.3900,33.3900,1725.0000,33.3925,4
2026-08-18 21:10:45,AMLX,33.3900,33.3900,33.3900,33.3900,0.0000,33.3900,0
2026-08-18 21:10:50,AMLX,33.4000,33.4000,33.3900,33.3900,300.0000,33.3933,2
2026-08-18 21:10:55,AMLX,33.3900,33.3900,33.3900,33.3900,0.0000,33.3900,0
2026-08-18 21:11:00,AMLX,33.4000,33.4600,33.4000,33.4600,3774.0000,33.4334,16
2026-08-18 21:11:05,AMLX,33.4600,33.4600,33.4600,33.4600,0.0000,33.4600,0
2026-08-18 21:11:10,AMLX,33.4600,33.4600,33.4600,33.4600,0.0000,33.4600,0
2026-08-18 21:11:15,AMLX,33.4500,33.4600,33.4300,33.4450,3510.0000,33.4441,20
2026-08-18 21:11:20,AMLX,33.4450,33.4483,33.4306,33.4450,1510.0000,33.4357,6
2026-08-18 21:11:25,AMLX,33.4450,33.4450,33.4450,33.4450,100.0000,33.4450,1
2026-08-18 21:11:30,AMLX,33.4450,33.4800,33.4450,33.4800,500.0000,33.4660,2
2026-08-18 21:11:35,AMLX,33.4800,33.4800,33.4800,33.4800,0.0000,33.4800,0
2026-08-18 21:11:40,AMLX,33.4500,33.4500,33.4500,33.4500,200.0000,33.4500,2
2026-08-18 21:11:45,AMLX,33.4500,33.4500,33.4300,33.4500,1728.0000,33.4465,14
2026-08-18 21:11:50,AMLX,33.4500,33.4500,33.4300,33.4300,240.0000,33.4417,2
2026-08-18 21:11:55,AMLX,33.4300,33.4300,33.4300,33.4300,0.0000,33.4300,0
2026-08-18 21:12:00,AMLX,33.4650,33.4650,33.4500,33.4500,1405.0000,33.4585,11
2026-08-18 21:12:05,AMLX,33.4550,33.4550,33.4301,33.4550,750.0000,33.4467,3
2026-08-18 21:12:10,AMLX,33.4550,33.4550,33.4550,33.4550,300.0000,33.4550,3
2026-08-18 21:12:15,AMLX,33.4550,33.4550,33.4550,33.4550,0.0000,33.4550,0
2026-08-18 21:12:20,AMLX,33.4550,33.4550,33.4100,33.4101,3269.0000,33.4184,19
2026-08-18 21:12:25,AMLX,33.4000,33.4000,33.4000,33.4000,400.0000,33.4000,1
2026-08-18 21:12:30,AMLX,33.4000,33.4175,33.4000,33.4175,850.0000,33.4021,2
2026-08-18 21:12:35,AMLX,33.4200,33.4200,33.4200,33.4200,100.0000,33.4200,1
2026-08-18 21:12:40,AMLX,33.4200,33.4200,33.4200,33.4200,400.0000,33.4200,1
2026-08-18 21:12:45,AMLX,33.4200,33.4200,33.4200,33.4200,0.0000,33.4200,0
2026-08-18 21:12:50,AMLX,33.4200,33.4200,33.4200,33.4200,0.0000,33.4200,0
2026-08-18 21:12:55,AMLX,33.4200,33.4200,33.4200,33.4200,0.0000,33.4200,0
2026-08-18 21:13:00,AMLX,33.4400,33.4400,33.4400,33.4400,100.0000,33.4400,1
2026-08-18 21:13:05,AMLX,33.4303,33.4400,33.4303,33.4400,700.0000,33.4345,4
2026-08-18 21:13:10,AMLX,33.4500,33.4700,33.4500,33.4700,240.0000,33.4583,2
2026-08-18 21:13:15,AMLX,33.4600,33.4600,33.4550,33.4550,600.0000,33.4575,2
2026-08-18 21:13:20,AMLX,33.4700,33.4700,33.4600,33.4600,300.0000,33.4667,3
2026-08-18 21:13:25,AMLX,33.4600,33.4600,33.4600,33.4600,0.0000,33.4600,0
2026-08-18 21:13:30,AMLX,33.4550,33.4550,33.4550,33.4550,100.0000,33.4550,1
2026-08-18 21:13:35,AMLX,33.4700,33.5500,33.4600,33.5400,16897.0000,33.5166,68
2026-08-18 21:13:40,AMLX,33.5050,33.5100,33.5000,33.5100,400.0000,33.5063,4
2026-08-18 21:13:45,AMLX,33.5200,33.5200,33.4900,33.5100,700.0000,33.5000,7
2026-08-18 21:13:50,AMLX,33.4950,33.5025,33.4700,33.4800,3499.0000,33.4825,21
2026-08-18 21:13:55,AMLX,33.4850,33.5100,33.4850,33.5100,800.0000,33.4975,8
2026-08-18 21:14:00,AMLX,33.4600,33.4700,33.4400,33.4400,3275.0000,33.4487,25
2026-08-18 21:14:05,AMLX,33.4500,33.4500,33.4400,33.4500,777.0000,33.4481,3
2026-08-18 21:14:10,AMLX,33.4404,33.4500,33.4400,33.4400,1500.0000,33.4408,11
2026-08-18 21:14:15,AMLX,33.4500,33.5000,33.3700,33.3700,6861.0000,33.4140,44
2026-08-18 21:14:20,AMLX,33.3601,33.3601,33.3601,33.3601,500.0000,33.3601,1
2026-08-18 21:14:25,AMLX,33.3601,33.3601,33.3601,33.3601,0.0000,33.3601,0
2026-08-18 21:14:30,AMLX,33.3601,33.3601,33.3601,33.3601,0.0000,33.3601,0
2026-08-18 21:14:35,AMLX,33.4064,33.4064,33.4064,33.4064,500.0000,33.4064,1
2026-08-18 21:14:40,AMLX,33.4400,33.4400,33.4100,33.4100,350.0000,33.4214,3
2026-08-18 21:14:45,AMLX,33.4150,33.4225,33.4150,33.4225,500.0000,33.4165,2
2026-08-18 21:14:50,AMLX,33.4106,33.4106,33.4106,33.4106,250.0000,33.4106,1
2026-08-18 21:14:55,AMLX,33.4106,33.4106,33.4106,33.4106,0.0000,33.4106,0
2026-08-18 21:15:00,AMLX,33.4000,33.4000,33.4000,33.4000,200.0000,33.4000,2
2026-08-18 21:15:05,AMLX,33.4000,33.4000,33.4000,33.4000,0.0000,33.4000,0
2026-08-18 21:15:10,AMLX,33.4100,33.4100,33.3800,33.3800,1390.0000,33.3907,11
2026-08-18 21:15:15,AMLX,33.3750,33.3900,33.3750,33.3900,2600.0000,33.3865,21
2026-08-18 21:15:20,AMLX,33.3900,33.4068,33.3800,33.4068,2863.0000,33.3907,6
2026-08-18 21:15:25,AMLX,33.4320,33.4320,33.4050,33.4050,1345.0000,33.4251,3
2026-08-18 21:15:30,AMLX,33.4050,33.4050,33.4050,33.4050,0.0000,33.4050,0
2026-08-18 21:15:35,AMLX,33.4082,33.4240,33.3800,33.4240,3800.0000,33.4128,5
2026-08-18 21:15:40,AMLX,33.4240,33.4240,33.4240,33.4240,0.0000,33.4240,0
2026-08-18 21:15:45,AMLX,33.3800,33.4082,33.3800,33.4082,1500.0000,33.4063,2
2026-08-18 21:15:50,AMLX,33.4050,33.4158,33.4050,33.4157,1600.0000,33.4151,2
2026-08-18 21:15:55,AMLX,33.3900,33.4194,33.3900,33.4193,1800.0000,33.4151,7
2026-08-18 21:16:00,AMLX,33.4193,33.4194,33.4193,33.4193,0.0000,33.4193,0
2026-08-18 21:16:05,AMLX,33.4400,33.5000,33.4400,33.5000,4175.0000,33.4718,16
2026-08-18 21:16:10,AMLX,33.4780,33.4780,33.4399,33.4722,2175.0000,33.4627,11
2026-08-18 21:16:15,AMLX,33.5000,33.5000,33.5000,33.5000,1200.0000,33.5000,6
2026-08-18 21:16:20,AMLX,33.5000,33.5000,33.5000,33.5000,600.0000,33.5000,1
2026-08-18 21:16:25,AMLX,33.5000,33.5000,33.5000,33.5000,1000.0000,33.5000,4
2026-08-18 21:16:30,AMLX,33.5100,33.5100,33.4500,33.5000,1070.0000,33.4909,5
2026-08-18 21:16:35,AMLX,33.5300,33.5300,33.5000,33.5000,720.0000,33.5042,6
2026-08-18 21:16:40,AMLX,33.5000,33.5000,33.4601,33.4601,700.0000,33.4772,4
2026-08-18 21:16:45,AMLX,33.5000,33.5000,33.5000,33.5000,400.0000,33.5000,2
2026-08-18 21:16:50,AMLX,33.5000,33.5000,33.5000,33.5000,100.0000,33.5000,1
2026-08-18 21:16:55,AMLX,33.4901,33.5378,33.4901,33.5150,5320.0000,33.5354,3
2026-08-18 21:17:00,AMLX,33.5400,33.5400,33.5000,33.5200,4530.0000,33.5076,28
2026-08-18 21:17:05,AMLX,33.5200,33.5200,33.5200,33.5200,300.0000,33.5200,2
2026-08-18 21:17:10,AMLX,33.5200,33.5200,33.4910,33.5200,15650.0000,33.4944,10
2026-08-18 21:17:15,AMLX,33.5499,33.5499,33.5200,33.5200,500.0000,33.5260,2
2026-08-18 21:17:20,AMLX,33.5200,33.5390,33.4900,33.5390,5406.0000,33.5026,37
2026-08-18 21:17:25,AMLX,33.5150,33.5391,33.4801,33.5150,1275.0000,33.5078,7
2026-08-18 21:17:30,AMLX,33.5150,33.5150,33.5150,33.5150,0.0000,33.5150,0
2026-08-18 21:17:35,AMLX,33.4800,33.5499,33.4800,33.4800,1559.0000,33.5122,7
2026-08-18 21:17:40,AMLX,33.4800,33.4800,33.4800,33.4800,0.0000,33.4800,0
2026-08-18 21:17:45,AMLX,33.5100,33.5320,33.5100,33.5320,420.0000,33.5152,4
2026-08-18 21:17:50,AMLX,33.5000,33.5000,33.5000,33.5000,100.0000,33.5000,1
2026-08-18 21:17:55,AMLX,33.5000,33.5000,33.5000,33.5000,0.0000,33.5000,0
2026-08-18 21:18:00,AMLX,33.4900,33.4900,33.4700,33.4700,2100.0000,33.4805,19
2026-08-18 21:18:05,AMLX,33.4850,33.4850,33.4850,33.4850,100.0000,33.4850,1
2026-08-18 21:18:10,AMLX,33.4850,33.4850,33.4850,33.4850,0.0000,33.4850,0
2026-08-18 21:18:15,AMLX,33.4850,33.4850,33.4850,33.4850,0.0000,33.4850,0
2026-08-18 21:18:20,AMLX,33.4600,33.4650,33.4500,33.4650,1734.0000,33.4559,12
2026-08-18 21:18:25,AMLX,33.4650,33.4650,33.4650,33.4650,120.0000,33.4650,1
2026-08-18 21:18:30,AMLX,33.4650,33.4650,33.4650,33.4650,200.0000,33.4650,2
2026-08-18 21:18:35,AMLX,33.4650,33.4650,33.4650,33.4650,0.0000,33.4650,0
2026-08-18 21:18:40,AMLX,33.4600,33.4600,33.4600,33.4600,200.0000,33.4600,2
2026-08-18 21:18:45,AMLX,33.4600,33.4637,33.4600,33.4637,200.0000,33.4618,2
2026-08-18 21:18:50,AMLX,33.4600,33.4600,33.4500,33.4500,300.0000,33.4567,3
2026-08-18 21:18:55,AMLX,33.4500,33.4500,33.4400,33.4400,200.0000,33.4450,2
2026-08-18 21:19:00,AMLX,33.4300,33.4300,33.4300,33.4300,200.0000,33.4300,1
2026-08-18 21:19:05,AMLX,33.4600,33.4900,33.4599,33.4749,6474.0000,33.4698,33
2026-08-18 21:19:10,AMLX,33.4900,33.5500,33.4796,33.4796,7116.0000,33.5127,37
2026-08-18 21:19:15,AMLX,33.4800,33.5199,33.4800,33.5199,1647.0000,33.5090,5
2026-08-18 21:19:20,AMLX,33.5200,33.5300,33.5000,33.5000,800.0000,33.5087,8
2026-08-18 21:19:25,AMLX,33.5599,33.5599,33.4900,33.5200,2933.0000,33.5318,6
2026-08-18 21:19:30,AMLX,33.5100,33.5100,33.5100,33.5100,100.0000,33.5100,1
2026-08-18 21:19:35,AMLX,33.5100,33.5100,33.5100,33.5100,0.0000,33.5100,0
2026-08-18 21:19:40,AMLX,33.5000,33.5000,33.5000,33.5000,100.0000,33.5000,1
2026-08-18 21:19:45,AMLX,33.4900,33.5058,33.4900,33.4950,3980.0000,33.4940,20
2026-08-18 21:19:50,AMLX,33.5000,33.5100,33.5000,33.5100,1114.0000,33.5055,2
2026-08-18 21:19:55,AMLX,33.5142,33.5142,33.5100,33.5100,1750.0000,33.5102,17
2026-08-18 21:20:00,AMLX,33.5100,33.5100,33.5100,33.5100,507.0000,33.5100,2
2026-08-18 21:20:05,AMLX,33.5099,33.5200,33.4550,33.4550,5817.0000,33.4915,35
2026-08-18 21:20:10,AMLX,33.4690,33.4690,33.4690,33.4690,1124.0000,33.4690,1
2026-08-18 21:20:15,AMLX,33.4650,33.4650,33.4650,33.4650,1000.0000,33.4650,1
2026-08-18 21:20:20,AMLX,33.4990,33.4990,33.4500,33.4500,1246.0000,33.4912,2
2026-08-18 21:20:25,AMLX,33.4500,33.4700,33.4300,33.4670,1917.0000,33.4598,12
2026-08-18 21:20:30,AMLX,33.4700,33.4750,33.4600,33.4750,1327.0000,33.4684,5
2026-08-18 21:20:35,AMLX,33.4571,33.4999,33.4500,33.4999,1093.0000,33.4778,5
2026-08-18 21:20:40,AMLX,33.4999,33.4999,33.4999,33.4999,0.0000,33.4999,0
2026-08-18 21:20:45,AMLX,33.4700,33.4700,33.4700,33.4700,300.0000,33.4700,3
2026-08-18 21:20:50,AMLX,33.4940,33.4940,33.4700,33.4700,1228.0000,33.4920,2
2026-08-18 21:20:55,AMLX,33.4700,33.4700,33.4700,33.4700,1349.0000,33.4700,3
2026-08-18 21:21:00,AMLX,33.4700,33.4700,33.4700,33.4700,0.0000,33.4700,0
2026-08-18 21:21:05,AMLX,33.4700,33.4944,33.4700,33.4850,2563.0000,33.4814,5
2026-08-18 21:21:10,AMLX,33.4850,33.4850,33.4850,33.4850,1232.0000,33.4850,2
2026-08-18 21:21:15,AMLX,33.4850,33.4850,33.4850,33.4850,1133.0000,33.4850,1
2026-08-18 21:21:20,AMLX,33.4850,33.5000,33.4850,33.5000,2369.0000,33.4928,3
2026-08-18 21:21:25,AMLX,33.4700,33.4850,33.4700,33.4700,3315.0000,33.4727,14
2026-08-18 21:21:30,AMLX,33.4999,33.5000,33.4850,33.4951,2685.0000,33.4962,13
2026-08-18 21:21:35,AMLX,33.5100,33.5100,33.5099,33.5099,300.0000,33.5100,3
2026-08-18 21:21:40,AMLX,33.5282,33.5282,33.5100,33.5100,1637.0000,33.5226,2
2026-08-18 21:21:45,AMLX,33.5100,33.5269,33.5100,33.5269,850.0000,33.5229,2
2026-08-18 21:21:50,AMLX,33.5100,33.5100,33.4901,33.4901,1067.0000,33.4994,5
2026-08-18 21:21:55,AMLX,33.5100,33.5100,33.5100,33.5100,100.0000,33.5100,1
2026-08-18 21:22:00,AMLX,33.5100,33.5100,33.5100,33.5100,0.0000,33.5100,0
2026-08-18 21:22:05,AMLX,33.5003,33.5003,33.5003,33.5003,500.0000,33.5003,1
2026-08-18 21:22:10,AMLX,33.5100,33.5100,33.5100,33.5100,1100.0000,33.5100,2
2026-08-18 21:22:15,AMLX,33.5150,33.5150,33.5000,33.5150,1214.0000,33.5026,7
2026-08-18 21:22:20,AMLX,33.5100,33.5100,33.5100,33.5100,200.0000,33.5100,2
2026-08-18 21:22:25,AMLX,33.5000,33.5100,33.5000,33.5100,380.0000,33.5047,2
2026-08-18 21:22:30,AMLX,33.5100,33.5100,33.5100,33.5100,500.0000,33.5100,1
2026-08-18 21:22:35,AMLX,33.5100,33.5100,33.5100,33.5100,100.0000,33.5100,1
2026-08-18 21:22:40,AMLX,33.5100,33.5300,33.5000,33.5300,2119.0000,33.5229,7
2026-08-18 21:22:45,AMLX,33.5300,33.5400,33.5000,33.5226,7769.0000,33.5220,36
2026-08-18 21:22:50,AMLX,33.5150,33.5500,33.5000,33.5000,9494.0000,33.5183,27
2026-08-18 21:22:55,AMLX,33.5000,33.5200,33.5000,33.5100,1694.0000,33.5132,6
2026-08-18 21:23:00,AMLX,33.5150,33.5400,33.5000,33.5177,6623.0000,33.5257,47
2026-08-18 21:23:05,AMLX,33.5100,33.5300,33.5100,33.5300,5388.0000,33.5181,27
2026-08-18 21:23:10,AMLX,33.5100,33.5300,33.5000,33.5200,3145.0000,33.5072,16
2026-08-18 21:23:15,AMLX,33.5200,33.5200,33.5200,33.5200,488.0000,33.5200,1
2026-08-18 21:23:20,AMLX,33.5200,33.5200,33.5200,33.5200,600.0000,33.5200,6
2026-08-18 21:23:25,AMLX,33.5100,33.5499,33.5100,33.5300,700.0000,33.5243,7
2026-08-18 21:23:30,AMLX,33.5250,33.5250,33.5250,33.5250,200.0000,33.5250,2
2026-08-18 21:23:35,AMLX,33.5250,33.5250,33.5200,33.5250,1742.0000,33.5221,9
2026-08-18 21:23:40,AMLX,33.5200,33.5200,33.5100,33.5100,200.0000,33.5150,2
2026-08-18 21:23:45,AMLX,33.5250,33.5250,33.5000,33.5000,1931.0000,33.5029,14
2026-08-18 21:23:50,AMLX,33.5050,33.5199,33.4900,33.5000,7926.0000,33.4972,18
2026-08-18 21:23:55,AMLX,33.5200,33.5338,33.5200,33.5338,600.0000,33.5246,3
2026-08-18 21:24:00,AMLX,33.5500,33.5500,33.5400,33.5400,200.0000,33.5450,2
2026-08-18 21:24:05,AMLX,33.5550,33.5550,33.5100,33.5100,855.0000,33.5300,8
2026-08-18 21:24:10,AMLX,33.5150,33.5150,33.5150,33.5150,300.0000,33.5150,1
2026-08-18 21:24:15,AMLX,33.5150,33.5250,33.5150,33.5250,667.0000,33.5224,2
2026-08-18 21:24:20,AMLX,33.5250,33.5250,33.5250,33.5250,100.0000,33.5250,1
2026-08-18 21:24:25,AMLX,33.5250,33.5250,33.5250,33.5250,100.0000,33.5250,1
2026-08-18 21:24:30,AMLX,33.5250,33.5250,33.5250,33.5250,0.0000,33.5250,0
2026-08-18 21:24:35,AMLX,33.5250,33.5250,33.5100,33.5250,608.0000,33.5223,6
2026-08-18 21:24:40,AMLX,33.5250,33.5250,33.5250,33.5250,1100.0000,33.5250,2
2026-08-18 21:24:45,AMLX,33.5250,33.5250,33.5250,33.5250,200.0000,33.5250,2
2026-08-18 21:24:50,AMLX,33.5218,33.5400,33.5100,33.5400,2292.0000,33.5167,14
2026-08-18 21:24:55,AMLX,33.5525,33.5525,33.5525,33.5525,100.0000,33.5525,1
2026-08-18 21:25:00,AMLX,33.5307,33.5550,33.5307,33.5550,600.0000,33.5429,2
2026-08-18 21:25:05,AMLX,33.5550,33.5550,33.5550,33.5550,263.0000,33.5550,2
2026-08-18 21:25:10,AMLX,33.5550,33.5794,33.5200,33.5352,3980.0000,33.5479,7
2026-08-18 21:25:15,AMLX,33.5200,33.5274,33.5200,33.5274,500.0000,33.5215,5
2026-08-18 21:25:20,AMLX,33.5092,33.5092,33.5092,33.5092,100.0000,33.5092,1
2026-08-18 21:25:25,AMLX,33.5092,33.5092,33.5092,33.5092,0.0000,33.5092,0
2026-08-18 21:25:30,AMLX,33.5050,33.5050,33.5000,33.5000,320.0000,33.5016,3
2026-08-18 21:25:35,AMLX,33.5000,33.5000,33.5000,33.5000,100.0000,33.5000,1
2026-08-18 21:25:40,AMLX,33.5200,33.5200,33.5200,33.5200,863.0000,33.5200,1
2026-08-18 21:25:45,AMLX,33.5150,33.5150,33.4800,33.5025,5543.0000,33.4977,33
2026-08-18 21:25:50,AMLX,33.5025,33.5025,33.5025,33.5025,0.0000,33.5025,0
2026-08-18 21:25:55,AMLX,33.4800,33.4800,33.4700,33.4700,2699.0000,33.4759,19
2026-08-18 21:26:00,AMLX,33.4538,33.4700,33.4538,33.4700,1700.0000,33.4586,3
2026-08-18 21:26:05,AMLX,33.4700,33.4700,33.4600,33.4600,600.0000,33.4683,2
2026-08-18 21:26:10,AMLX,33.4500,33.4500,33.4500,33.4500,100.0000,33.4500,1
2026-08-18 21:26:15,AMLX,33.4900,33.5100,33.4501,33.4750,4777.0000,33.4790,25
2026-08-18 21:26:20,AMLX,33.4750,33.4750,33.4750,33.4750,100.0000,33.4750,1
2026-08-18 21:26:25,AMLX,33.4750,33.4750,33.4750,33.4750,0.0000,33.4750,0
2026-08-18 21:26:30,AMLX,33.4750,33.4750,33.4750,33.4750,300.0000,33.4750,3
2026-08-18 21:26:35,AMLX,33.4600,33.4600,33.4300,33.4400,1176.0000,33.4515,10
2026-08-18 21:26:40,AMLX,33.4500,33.4600,33.4500,33.4600,900.0000,33.4522,7
2026-08-18 21:26:45,AMLX,33.4600,33.4600,33.4600,33.4600,700.0000,33.4600,7
2026-08-18 21:26:50,AMLX,33.4550,33.4550,33.4500,33.4500,300.0000,33.4517,3
2026-08-18 21:26:55,AMLX,33.4301,33.4301,33.4301,33.4301,118.0000,33.4301,1
2026-08-18 21:27:00,AMLX,33.4450,33.4850,33.4450,33.4800,1405.0000,33.4593,6
2026-08-18 21:27:05,AMLX,33.4665,33.4665,33.4665,33.4665,500.0000,33.4665,1
2026-08-18 21:27:10,AMLX,33.4800,33.4800,33.4800,33.4800,378.0000,33.4800,1
2026-08-18 21:27:15,AMLX,33.4680,33.4682,33.4680,33.4682,2016.0000,33.4682,2
2026-08-18 21:27:20,AMLX,33.4413,33.4625,33.4413,33.4625,300.0000,33.4554,2
2026-08-18 21:27:25,AMLX,33.4625,33.4625,33.4625,33.4625,0.0000,33.4625,0
2026-08-18 21:27:30,AMLX,33.4850,33.4850,33.4400,33.4400,669.0000,33.4581,5
2026-08-18 21:27:35,AMLX,33.4800,33.4800,33.4800,33.4800,118.0000,33.4800,1
2026-08-18 21:27:40,AMLX,33.4800,33.4800,33.4800,33.4800,0.0000,33.4800,0
2026-08-18 21:27:45,AMLX,33.4800,33.4800,33.4800,33.4800,0.0000,33.4800,0
2026-08-18 21:27:50,AMLX,33.4503,33.4503,33.4503,33.4503,250.0000,33.4503,1
2026-08-18 21:27:55,AMLX,33.4850,33.4850,33.4400,33.4750,889.0000,33.4594,5
2026-08-18 21:28:00,AMLX,33.4750,33.4750,33.4750,33.4750,0.0000,33.4750,0
2026-08-18 21:28:05,AMLX,33.4500,33.5100,33.4500,33.5100,946.0000,33.4936,5
2026-08-18 21:28:10,AMLX,33.4500,33.4500,33.4500,33.4500,100.0000,33.4500,1
2026-08-18 21:28:15,AMLX,33.4400,33.4700,33.4400,33.4700,542.0000,33.4487,5
2026-08-18 21:28:20,AMLX,33.4700,33.4700,33.4700,33.4700,0.0000,33.4700,0
2026-08-18 21:28:25,AMLX,33.4753,33.4753,33.4700,33.4700,300.0000,33.4718,3
2026-08-18 21:28:30,AMLX,33.4700,33.4700,33.4700,33.4700,100.0000,33.4700,1
2026-08-18 21:28:35,AMLX,33.4500,33.4500,33.4500,33.4500,125.0000,33.4500,1
2026-08-18 21:28:40,AMLX,33.4500,33.4500,33.4500,33.4500,0.0000,33.4500,0
2026-08-18 21:28:45,AMLX,33.4800,33.4800,33.4800,33.4800,100.0000,33.4800,1
2026-08-18 21:28:50,AMLX,33.4650,33.4650,33.4500,33.4500,400.0000,33.4537,4
2026-08-18 21:28:55,AMLX,33.4600,33.4600,33.4600,33.4600,500.0000,33.4600,5
2026-08-18 21:29:00,AMLX,33.4600,33.4600,33.4600,33.4600,0.0000,33.4600,0
2026-08-18 21:29:05,AMLX,33.4700,33.4780,33.4700,33.4780,720.0000,33.4758,3
2026-08-18 21:29:10,AMLX,33.4850,33.4850,33.4850,33.4850,100.0000,33.4850,1
2026-08-18 21:29:15,AMLX,33.4800,33.4900,33.4800,33.4800,1072.0000,33.4809,6
2026-08-18 21:29:20,AMLX,33.4800,33.4900,33.4800,33.4900,214.0000,33.4847,2
2026-08-18 21:29:25,AMLX,33.4800,33.4800,33.4800,33.4800,100.0000,33.4800,1
2026-08-18 21:29:30,AMLX,33.5000,33.5000,33.5000,33.5000,100.0000,33.5000,1
2026-08-18 21:29:35,AMLX,33.4899,33.4999,33.4700,33.4900,875.0000,33.4888,4
2026-08-18 21:29:40,AMLX,33.4900,33.4900,33.4900,33.4900,0.0000,33.4900,0
2026-08-18 21:29:45,AMLX,33.4900,33.4900,33.4832,33.4832,215.0000,33.4868,2
2026-08-18 21:29:50,AMLX,33.4832,33.4832,33.4832,33.4832,0.0000,33.4832,0
2026-08-18 21:29:55,AMLX,33.4900,33.5000,33.4900,33.5000,500.0000,33.4940,4
2026-08-18 21:30:00,AMLX,33.4900,33.5500,33.4800,33.5500,5602.0000,33.5076,25
2026-08-18 21:30:05,AMLX,33.5499,33.5499,33.5350,33.5350,250.0000,33.5410,2
2026-08-18 21:30:10,AMLX,33.5500,33.5500,33.5500,33.5500,241.0000,33.5500,2
2026-08-18 21:30:15,AMLX,33.5650,33.5650,33.5600,33.5600,4558.0000,33.5646,8
2026-08-18 21:30:20,AMLX,33.5600,33.5764,33.5600,33.5764,200.0000,33.5682,2
2026-08-18 21:30:25,AMLX,33.5445,33.5850,33.5445,33.5800,1300.0000,33.5535,3
2026-08-18 21:30:30,AMLX,33.5800,33.5800,33.5800,33.5800,0.0000,33.5800,0
2026-08-18 21:30:35,AMLX,33.5401,33.5401,33.5401,33.5401,150.0000,33.5401,1
2026-08-18 21:30:40,AMLX,33.5650,33.6100,33.5650,33.5900,700.0000,33.5979,4
2026-08-18 21:30:45,AMLX,33.5900,33.5900,33.5900,33.5900,0.0000,33.5900,0
2026-08-18 21:30:50,AMLX,33.5850,33.6200,33.5810,33.5810,7300.0000,33.5892,6
2026-08-18 21:30:55,AMLX,33.5911,33.5911,33.5850,33.5850,300.0000,33.5870,3
2026-08-18 21:31:00,AMLX,33.5850,33.5850,33.5850,33.5850,0.0000,33.5850,0
2026-08-18 21:31:05,AMLX,33.6100,33.6100,33.5950,33.5950,1300.0000,33.5981,4
2026-08-18 21:31:10,AMLX,33.5950,33.5950,33.5950,33.5950,0.0000,33.5950,0
2026-08-18 21:31:15,AMLX,33.6100,33.6100,33.6000,33.6100,2021.0000,33.6038,14
2026-08-18 21:31:20,AMLX,33.6048,33.6048,33.5901,33.5901,578.0000,33.5986,3
2026-08-18 21:31:25,AMLX,33.5901,33.5901,33.5901,33.5901,0.0000,33.5901,0
2026-08-18 21:31:30,AMLX,33.6000,33.6000,33.5900,33.5900,1700.0000,33.5935,13
2026-08-18 21:31:35,AMLX,33.5900,33.5900,33.5900,33.5900,0.0000,33.5900,0
2026-08-18 21:31:40,AMLX,33.5900,33.5900,33.5900,33.5900,0.0000,33.5900,0
2026-08-18 21:31:45,AMLX,33.5990,33.5990,33.5990,33.5990,300.0000,33.5990,1
2026-08-18 21:31:50,AMLX,33.5900,33.6000,33.5900,33.6000,1300.0000,33.5988,4
2026-08-18 21:31:55,AMLX,33.6000,33.6000,33.6000,33.6000,0.0000,33.6000,0
2026-08-18 21:32:00,AMLX,33.6000,33.6100,33.6000,33.6100,600.0000,33.6017,2
2026-08-18 21:32:05,AMLX,33.6100,33.6500,33.6100,33.6350,4601.0000,33.6247,20
2026-08-18 21:32:10,AMLX,33.6400,33.6400,33.5900,33.5900,3640.0000,33.6168,27
2026-08-18 21:32:15,AMLX,33.5900,33.6200,33.5900,33.6200,1700.0000,33.6103,6
2026-08-18 21:32:20,AMLX,33.6400,33.6400,33.6400,33.6400,1713.0000,33.6400,2
2026-08-18 21:32:25,AMLX,33.6250,33.6250,33.5950,33.5950,2915.0000,33.6051,16
2026-08-18 21:32:30,AMLX,33.6100,33.6150,33.5900,33.6150,1300.0000,33.6123,4
2026-08-18 21:32:35,AMLX,33.5900,33.6099,33.5500,33.5600,2615.0000,33.5885,13
2026-08-18 21:32:40,AMLX,33.5600,33.5600,33.5600,33.5600,2200.0000,33.5600,2
2026-08-18 21:32:45,AMLX,33.5700,33.5700,33.5600,33.5600,1500.0000,33.5607,6
2026-08-18 21:32:50,AMLX,33.5600,33.5600,33.5600,33.5600,2000.0000,33.5600,2
2026-08-18 21:32:55,AMLX,33.5600,33.5600,33.5600,33.5600,400.0000,33.5600,4
2026-08-18 21:33:00,AMLX,33.5755,33.5755,33.5750,33.5750,1200.0000,33.5750,3
2026-08-18 21:33:05,AMLX,33.5750,33.5800,33.5750,33.5750,1300.0000,33.5758,4
2026-08-18 21:33:10,AMLX,33.6000,33.6600,33.5999,33.6500,4092.0000,33.6398,23
2026-08-18 21:33:15,AMLX,33.6500,33.6600,33.6400,33.6600,2464.0000,33.6583,5
2026-08-18 21:33:20,AMLX,33.6500,33.6882,33.6500,33.6700,1328.0000,33.6780,6
2026-08-18 21:33:25,AMLX,33.6637,33.6700,33.6500,33.6500,1251.0000,33.6568,8
2026-08-18 21:33:30,AMLX,33.6470,33.6470,33.6470,33.6470,1500.0000,33.6470,1
2026-08-18 21:33:35,AMLX,33.6550,33.6699,33.6200,33.6699,2880.0000,33.6439,16
2026-08-18 21:33:40,AMLX,33.6600,33.6600,33.6600,33.6600,150.0000,33.6600,1
2026-08-18 21:33:45,AMLX,33.6600,33.6600,33.6600,33.6600,622.0000,33.6600,3
2026-08-18 21:33:50,AMLX,33.6825,33.6825,33.6600,33.6600,600.0000,33.6788,2
2026-08-18 21:33:55,AMLX,33.6600,33.6700,33.6600,33.6700,550.0000,33.6618,4
2026-08-18 21:34:00,AMLX,33.6600,33.6600,33.6600,33.6600,400.0000,33.6600,4
2026-08-18 21:34:05,AMLX,33.6300,33.6600,33.6201,33.6201,1055.0000,33.6342,7
2026-08-18 21:34:10,AMLX,33.6201,33.6201,33.6201,33.6201,0.0000,33.6201,0
2026-08-18 21:34:15,AMLX,33.6500,33.6500,33.6500,33.6500,100.0000,33.6500,1
2026-08-18 21:34:20,AMLX,33.6500,33.6500,33.6500,33.6500,100.0000,33.6500,1
2026-08-18 21:34:25,AMLX,33.6500,33.6500,33.6300,33.6302,1415.0000,33.6444,5
2026-08-18 21:34:30,AMLX,33.6459,33.6459,33.6459,33.6459,365.0000,33.6459,1
2026-08-18 21:34:35,AMLX,33.6500,33.6500,33.6500,33.6500,100.0000,33.6500,1
2026-08-18 21:34:40,AMLX,33.6700,33.6700,33.6499,33.6499,200.0000,33.6600,2
2026-08-18 21:34:45,AMLX,33.6500,33.6500,33.6500,33.6500,700.0000,33.6500,5
2026-08-18 21:34:50,AMLX,33.6692,33.6692,33.6692,33.6692,183.0000,33.6692,1
2026-08-18 21:34:55,AMLX,33.6700,33.6800,33.6700,33.6798,1358.0000,33.6781,5
2026-08-18 21:35:00,AMLX,33.6700,33.6860,33.6700,33.6860,200.0000,33.6780,2
2026-08-18 21:35:05,AMLX,33.6751,33.6900,33.6751,33.6900,215.0000,33.6820,2
2026-08-18 21:35:10,AMLX,33.6899,33.7132,33.6899,33.7000,1441.0000,33.6949,10
2026-08-18 21:35:15,AMLX,33.7067,33.7067,33.7067,33.7067,100.0000,33.7067,1
2026-08-18 21:35:20,AMLX,33.6900,33.7000,33.6900,33.7000,306.0000,33.6965,3
2026-08-18 21:35:25,AMLX,33.6800,33.7000,33.6800,33.7000,1550.0000,33.6861,13
2026-08-18 21:35:30,AMLX,33.6837,33.6974,33.6837,33.6974,1200.0000,33.6907,3
2026-08-18 21:35:35,AMLX,33.7100,33.7500,33.7100,33.7400,5475.0000,33.7317,24
2026-08-18 21:35:40,AMLX,33.7400,33.7600,33.7000,33.7000,10552.0000,33.7422,30
2026-08-18 21:35:45,AMLX,33.7499,33.7600,33.7426,33.7600,2300.0000,33.7451,6
2026-08-18 21:35:50,AMLX,33.7600,33.7600,33.7201,33.7400,2555.0000,33.7483,9
2026-08-18 21:35:55,AMLX,33.7600,33.7600,33.7101,33.7101,1075.0000,33.7342,5
2026-08-18 21:36:00,AMLX,33.7110,33.7200,33.7110,33.7200,600.0000,33.7125,2
2026-08-18 21:36:05,AMLX,33.7350,33.7350,33.7300,33.7350,2032.0000,33.7345,5
2026-08-18 21:36:10,AMLX,33.7100,33.7200,33.7000,33.7186,7277.0000,33.7084,15
2026-08-18 21:36:15,AMLX,33.7200,33.7200,33.6916,33.7200,1794.0000,33.7121,8
2026-08-18 21:36:20,AMLX,33.7100,33.7291,33.7100,33.7291,1813.0000,33.7245,3
2026-08-18 21:36:25,AMLX,33.7489,33.7489,33.7489,33.7489,1116.0000,33.7489,1
2026-08-18 21:36:30,AMLX,33.7500,33.7580,33.7100,33.7299,4074.0000,33.7322,11
2026-08-18 21:36:35,AMLX,33.7300,33.7300,33.7037,33.7037,600.0000,33.7081,2
2026-08-18 21:36:40,AMLX,33.7038,33.7200,33.7038,33.7200,1300.0000,33.7163,2
2026-08-18 21:36:45,AMLX,33.7280,33.7600,33.7200,33.7600,4000.0000,33.7351,16
2026-08-18 21:36:50,AMLX,33.7700,33.7700,33.7300,33.7400,2947.0000,33.7422,8
2026-08-18 21:36:55,AMLX,33.7400,33.7400,33.7400,33.7400,0.0000,33.7400,0
2026-08-18 21:37:00,AMLX,33.7400,33.7639,33.7400,33.7400,1250.0000,33.7448,3
2026-08-18 21:37:05,AMLX,33.7450,33.7450,33.7450,33.7450,100.0000,33.7450,1
2026-08-18 21:37:10,AMLX,33.7500,33.7500,33.7400,33.7500,882.0000,33.7489,5
2026-08-18 21:37:15,AMLX,33.7699,33.7699,33.7699,33.7699,150.0000,33.7699,1
2026-08-18 21:37:20,AMLX,33.7500,33.7700,33.7500,33.7600,4644.0000,33.7530,28
2026-08-18 21:37:25,AMLX,33.7584,33.7584,33.7500,33.7544,777.0000,33.7567,3
2026-08-18 21:37:30,AMLX,33.7500,33.7576,33.7400,33.7400,730.0000,33.7497,5
2026-08-18 21:37:35,AMLX,33.7500,33.7500,33.7421,33.7421,300.0000,33.7447,2
2026-08-18 21:37:40,AMLX,33.7421,33.7421,33.7421,33.7421,0.0000,33.7421,0
2026-08-18 21:37:45,AMLX,33.7500,33.7500,33.7500,33.7500,200.0000,33.7500,1
2026-08-18 21:37:50,AMLX,33.7600,33.7600,33.7600,33.7600,100.0000,33.7600,1
2026-08-18 21:37:55,AMLX,33.7421,33.7700,33.7421,33.7700,4323.0000,33.7534,31
2026-08-18 21:38:00,AMLX,33.7400,33.7401,33.6300,33.7000,34977.0000,33.6729,124
2026-08-18 21:38:05,AMLX,33.7150,33.7150,33.7150,33.7150,1900.0000,33.7150,2
2026-08-18 21:38:10,AMLX,33.6900,33.7250,33.6900,33.7250,258.0000,33.7114,2
2026-08-18 21:38:15,AMLX,33.7250,33.7250,33.7250,33.7250,0.0000,33.7250,0
2026-08-18 21:38:20,AMLX,33.7200,33.7200,33.6900,33.6900,299.0000,33.7000,2
2026-08-18 21:38:25,AMLX,33.7150,33.7150,33.7150,33.7150,200.0000,33.7150,1
2026-08-18 21:38:30,AMLX,33.6901,33.6901,33.6900,33.6900,620.0000,33.6901,2
2026-08-18 21:38:35,AMLX,33.6901,33.7082,33.6901,33.7082,200.0000,33.6992,2
2026-08-18 21:38:40,AMLX,33.7082,33.7082,33.7082,33.7082,0.0000,33.7082,0
2026-08-18 21:38:45,AMLX,33.7000,33.7200,33.7000,33.7100,1386.0000,33.7107,12
2026-08-18 21:38:50,AMLX,33.7132,33.7132,33.7132,33.7132,100.0000,33.7132,1
2026-08-18 21:38:55,AMLX,33.7050,33.7050,33.7050,33.7050,525.0000,33.7050,2
2026-08-18 21:39:00,AMLX,33.7150,33.7150,33.7150,33.7150,400.0000,33.7150,2
2026-08-18 21:39:05,AMLX,33.7250,33.7250,33.7000,33.7000,1176.0000,33.7102,4
2026-08-18 21:39:10,AMLX,33.7150,33.7150,33.7150,33.7150,250.0000,33.7150,2
2026-08-18 21:39:15,AMLX,33.6900,33.7100,33.6900,33.7057,1275.0000,33.7011,7
2026-08-18 21:39:20,AMLX,33.7093,33.7093,33.7093,33.7093,100.0000,33.7093,1
2026-08-18 21:39:25,AMLX,33.6940,33.7199,33.6940,33.7199,2500.0000,33.7089,11
2026-08-18 21:39:30,AMLX,33.7050,33.7050,33.7050,33.7050,1644.0000,33.7050,3
2026-08-18 21:39:35,AMLX,33.7200,33.7200,33.6901,33.7150,1572.0000,33.7122,6
2026-08-18 21:39:40,AMLX,33.7150,33.7300,33.7150,33.7200,1102.0000,33.7213,7
2026-08-18 21:39:45,AMLX,33.7100,33.7100,33.7100,33.7100,2000.0000,33.7100,2
2026-08-18 21:39:50,AMLX,33.7200,33.7200,33.7000,33.7200,2310.0000,33.7159,10
2026-08-18 21:39:55,AMLX,33.7086,33.7200,33.7086,33.7200,2584.0000,33.7135,3
2026-08-18 21:40:00,AMLX,33.7200,33.7400,33.7200,33.7272,3181.0000,33.7303,21
2026-08-18 21:40:05,AMLX,33.7300,33.7300,33.7200,33.7200,1358.0000,33.7211,9
2026-08-18 21:40:10,AMLX,33.7300,33.7350,33.7300,33.7350,600.0000,33.7308,5
2026-08-18 21:40:15,AMLX,33.7350,33.7350,33.7350,33.7350,100.0000,33.7350,1
2026-08-18 21:40:20,AMLX,33.7350,33.7350,33.7350,33.7350,0.0000,33.7350,0
2026-08-18 21:40:25,AMLX,33.7200,33.7400,33.7200,33.7350,745.0000,33.7340,4
2026-08-18 21:40:30,AMLX,33.7350,33.7350,33.7350,33.7350,0.0000,33.7350,0
2026-08-18 21:40:35,AMLX,33.7400,33.7500,33.7050,33.7150,5267.0000,33.7329,28
2026-08-18 21:40:40,AMLX,33.7000,33.7000,33.7000,33.7000,300.0000,33.7000,2
2026-08-18 21:40:45,AMLX,33.6900,33.6900,33.6400,33.6400,3989.0000,33.6716,20
2026-08-18 21:40:50,AMLX,33.6700,33.6700,33.6400,33.6500,1100.0000,33.6491,7
2026-08-18 21:40:55,AMLX,33.6500,33.6799,33.6320,33.6600,4680.0000,33.6500,22
2026-08-18 21:41:00,AMLX,33.6700,33.6700,33.6470,33.6470,300.0000,33.6623,3
2026-08-18 21:41:05,AMLX,33.6400,33.6400,33.6400,33.6400,200.0000,33.6400,1
2026-08-18 21:41:10,AMLX,33.6400,33.6500,33.6400,33.6500,1985.0000,33.6440,7
2026-08-18 21:41:15,AMLX,33.6400,33.6500,33.6400,33.6500,302.0000,33.6466,3
2026-08-18 21:41:20,AMLX,33.6315,33.6315,33.6315,33.6315,325.0000,33.6315,1
2026-08-18 21:41:25,AMLX,33.6700,33.6700,33.6700,33.6700,500.0000,33.6700,2
2026-08-18 21:41:30,AMLX,33.6600,33.6755,33.6550,33.6755,1500.0000,33.6693,4
2026-08-18 21:41:35,AMLX,33.6500,33.6500,33.6500,33.6500,165.0000,33.6500,1
2026-08-18 21:41:40,AMLX,33.6500,33.6500,33.6500,33.6500,0.0000,33.6500,0
2026-08-18 21:41:45,AMLX,33.6550,33.6550,33.6550,33.6550,200.0000,33.6550,1
2026-08-18 21:41:50,AMLX,33.6550,33.6550,33.6550,33.6550,0.0000,33.6550,0
2026-08-18 21:41:55,AMLX,33.6500,33.6500,33.6500,33.6500,500.0000,33.6500,1
2026-08-18 21:42:00,AMLX,33.6500,33.6500,33.6500,33.6500,0.0000,33.6500,0
2026-08-18 21:42:05,AMLX,33.6800,33.6800,33.6800,33.6800,200.0000,33.6800,2
2026-08-18 21:42:10,AMLX,33.6800,33.6800,33.6800,33.6800,0.0000,33.6800,0
2026-08-18 21:42:15,AMLX,33.6571,33.7000,33.6571,33.6800,700.0000,33.6796,3
2026-08-18 21:42:20,AMLX,33.6800,33.6800,33.6800,33.6800,815.0000,33.6800,1
2026-08-18 21:42:25,AMLX,33.6800,33.6800,33.5800,33.5900,7439.0000,33.6375,29
2026-08-18 21:42:30,AMLX,33.5900,33.5900,33.5900,33.5900,169.0000,33.5900,1
2026-08-18 21:42:35,AMLX,33.6000,33.6001,33.6000,33.6001,1114.0000,33.6001,5
2026-08-18 21:42:40,AMLX,33.6400,33.6500,33.6400,33.6450,2687.0000,33.6460,13
2026-08-18 21:42:45,AMLX,33.6450,33.6450,33.6337,33.6337,500.0000,33.6360,2
2026-08-18 21:42:50,AMLX,33.6337,33.6337,33.6337,33.6337,0.0000,33.6337,0
2026-08-18 21:42:55,AMLX,33.6300,33.6400,33.6000,33.6200,1813.0000,33.6170,18
2026-08-18 21:43:00,AMLX,33.6200,33.6200,33.6200,33.6200,0.0000,33.6200,0
2026-08-18 21:43:05,AMLX,33.6300,33.6750,33.6300,33.6750,1700.0000,33.6444,10
2026-08-18 21:43:10,AMLX,33.6999,33.7000,33.6750,33.7000,1050.0000,33.6957,5
2026-08-18 21:43:15,AMLX,33.6800,33.6800,33.6800,33.6800,100.0000,33.6800,1
2026-08-18 21:43:20,AMLX,33.6800,33.6800,33.6800,33.6800,200.0000,33.6800,2
2026-08-18 21:43:25,AMLX,33.6854,33.6854,33.6854,33.6854,100.0000,33.6854,1
2026-08-18 21:43:30,AMLX,33.6800,33.6800,33.6800,33.6800,1300.0000,33.6800,1
2026-08-18 21:43:35,AMLX,33.7100,33.7100,33.6800,33.6800,485.0000,33.6903,3
2026-08-18 21:43:40,AMLX,33.7000,33.7000,33.7000,33.7000,606.0000,33.7000,6
2026-08-18 21:43:45,AMLX,33.6800,33.6800,33.6800,33.6800,1750.0000,33.6800,12
2026-08-18 21:43:50,AMLX,33.6850,33.6850,33.6850,33.6850,587.0000,33.6850,2
2026-08-18 21:43:55,AMLX,33.6740,33.6740,33.6740,33.6740,100.0000,33.6740,1
2026-08-18 21:44:00,AMLX,33.6740,33.6740,33.6740,33.6740,0.0000,33.6740,0
2026-08-18 21:44:05,AMLX,33.6700,33.7000,33.6700,33.7000,1814.0000,33.6950,4
2026-08-18 21:44:10,AMLX,33.7200,33.7200,33.7100,33.7200,2197.0000,33.7169,11
2026-08-18 21:44:15,AMLX,33.7200,33.7200,33.7200,33.7200,0.0000,33.7200,0
2026-08-18 21:44:20,AMLX,33.7350,33.7400,33.7200,33.7200,951.0000,33.7289,7
2026-08-18 21:44:25,AMLX,33.7200,33.7200,33.7200,33.7200,0.0000,33.7200,0
2026-08-18 21:44:30,AMLX,33.7200,33.7200,33.7200,33.7200,0.0000,33.7200,0
2026-08-18 21:44:35,AMLX,33.7300,33.7300,33.7300,33.7300,1036.0000,33.7300,2
2026-08-18 21:44:40,AMLX,33.7001,33.7001,33.7001,33.7001,240.0000,33.7001,1
2026-08-18 21:44:45,AMLX,33.7000,33.7000,33.7000,33.7000,357.0000,33.7000,1
2026-08-18 21:44:50,AMLX,33.7324,33.7324,33.7300,33.7300,957.0000,33.7313,4
2026-08-18 21:44:55,AMLX,33.7300,33.7300,33.7300,33.7300,0.0000,33.7300,0
2026-08-18 21:45:00,AMLX,33.7300,33.7300,33.7300,33.7300,0.0000,33.7300,0
2026-08-18 21:45:05,AMLX,33.7300,33.7600,33.7300,33.7400,4900.0000,33.7380,5
2026-08-18 21:45:10,AMLX,33.7400,33.7400,33.7400,33.7400,0.0000,33.7400,0
2026-08-18 21:45:15,AMLX,33.7600,33.7600,33.7450,33.7600,306.0000,33.7548,3
2026-08-18 21:45:20,AMLX,33.7450,33.7500,33.7450,33.7450,1225.0000,33.7459,12
2026-08-18 21:45:25,AMLX,33.7450,33.7450,33.7449,33.7449,1200.0000,33.7450,10
2026-08-18 21:45:30,AMLX,33.7450,33.7450,33.7420,33.7420,500.0000,33.7426,2
2026-08-18 21:45:35,AMLX,33.7500,33.7500,33.7450,33.7450,608.0000,33.7475,4
2026-08-18 21:45:40,AMLX,33.7450,33.7600,33.7450,33.7450,1965.0000,33.7510,9
2026-08-18 21:45:45,AMLX,33.7600,33.7600,33.7500,33.7500,400.0000,33.7550,2
2026-08-18 21:45:50,AMLX,33.7700,33.7700,33.7500,33.7700,3544.0000,33.7567,25
2026-08-18 21:45:55,AMLX,33.7700,33.7700,33.7700,33.7700,2113.0000,33.7700,11
2026-08-18 21:46:00,AMLX,33.7600,33.7600,33.7288,33.7300,2996.0000,33.7367,20
2026-08-18 21:46:05,AMLX,33.7500,33.7500,33.7500,33.7500,450.0000,33.7500,1
2026-08-18 21:46:10,AMLX,33.7550,33.7700,33.7550,33.7700,400.0000,33.7625,3
2026-08-18 21:46:15,AMLX,33.7700,33.7700,33.7700,33.7700,0.0000,33.7700,0
2026-08-18 21:46:20,AMLX,33.7550,33.7800,33.7500,33.7800,6043.0000,33.7596,35
2026-08-18 21:46:25,AMLX,33.7500,33.7650,33.7500,33.7650,300.0000,33.7600,3
2026-08-18 21:46:30,AMLX,33.7800,33.7800,33.7500,33.7550,1440.0000,33.7627,11
2026-08-18 21:46:35,AMLX,33.7700,33.7700,33.7700,33.7700,100.0000,33.7700,1
2026-08-18 21:46:40,AMLX,33.7700,33.7700,33.7500,33.7500,505.0000,33.7581,4
2026-08-18 21:46:45,AMLX,33.7500,33.7700,33.7400,33.7500,2823.0000,33.7472,10
2026-08-18 21:46:50,AMLX,33.7550,33.7663,33.7531,33.7531,700.0000,33.7628,3
2026-08-18 21:46:55,AMLX,33.7550,33.7550,33.7512,33.7512,300.0000,33.7537,3
2026-08-18 21:47:00,AMLX,33.7512,33.7512,33.7512,33.7512,0.0000,33.7512,0
2026-08-18 21:47:05,AMLX,33.7400,33.7408,33.7400,33.7408,900.0000,33.7401,9
2026-08-18 21:47:10,AMLX,33.7450,33.7999,33.7450,33.7600,5131.0000,33.7672,29
2026-08-18 21:47:15,AMLX,33.7552,33.7552,33.7552,33.7552,100.0000,33.7552,1
2026-08-18 21:47:20,AMLX,33.7400,33.7700,33.7400,33.7700,450.0000,33.7511,3
2026-08-18 21:47:25,AMLX,33.7700,33.7700,33.7700,33.7700,0.0000,33.7700,0
2026-08-18 21:47:30,AMLX,33.7700,33.7700,33.7700,33.7700,500.0000,33.7700,1
2026-08-18 21:47:35,AMLX,33.7700,33.7700,33.7700,33.7700,0.0000,33.7700,0
2026-08-18 21:47:40,AMLX,33.7700,33.7700,33.7700,33.7700,0.0000,33.7700,0
2026-08-18 21:47:45,AMLX,33.7742,33.7750,33.7500,33.7500,1600.0000,33.7599,9
2026-08-18 21:47:50,AMLX,33.7700,33.7700,33.7700,33.7700,100.0000,33.7700,1
2026-08-18 21:47:55,AMLX,33.7451,33.7451,33.7451,33.7451,149.0000,33.7451,1
2026-08-18 21:48:00,AMLX,33.7800,33.8590,33.7500,33.8400,19194.0000,33.7707,130
2026-08-18 21:48:05,AMLX,33.8500,33.9300,33.8200,33.9050,19536.0000,33.8745,61
2026-08-18 21:48:10,AMLX,33.8900,33.9026,33.8900,33.9026,908.0000,33.9012,2
2026-08-18 21:48:15,AMLX,33.8600,33.8601,33.8600,33.8601,250.0000,33.8601,2
2026-08-18 21:48:20,AMLX,33.9200,33.9300,33.9200,33.9300,599.0000,33.9217,2
2026-08-18 21:48:25,AMLX,33.8750,33.8750,33.8627,33.8627,2176.0000,33.8667,2
2026-08-18 21:48:30,AMLX,33.8950,33.9199,33.8800,33.8900,1869.0000,33.8919,11
2026-08-18 21:48:35,AMLX,33.9100,33.9100,33.8400,33.8450,4725.0000,33.8675,29
2026-08-18 21:48:40,AMLX,33.8300,33.8400,33.8300,33.8400,600.0000,33.8350,5
2026-08-18 21:48:45,AMLX,33.8400,33.8450,33.8400,33.8450,1300.0000,33.8415,3
2026-08-18 21:48:50,AMLX,33.8500,33.8600,33.8500,33.8600,700.0000,33.8529,3
2026-08-18 21:48:55,AMLX,33.8550,33.8550,33.8550,33.8550,100.0000,33.8550,1
2026-08-18 21:49:00,AMLX,33.8745,33.8800,33.8745,33.8800,1840.0000,33.8779,5
2026-08-18 21:49:05,AMLX,33.8750,33.8750,33.8750,33.8750,100.0000,33.8750,1
2026-08-18 21:49:10,AMLX,33.8800,33.8800,33.8800,33.8800,1300.0000,33.8800,1
2026-08-18 21:49:15,AMLX,33.8800,33.8800,33.8800,33.8800,100.0000,33.8800,1
2026-08-18 21:49:20,AMLX,33.8850,33.8850,33.8850,33.8850,100.0000,33.8850,1
2026-08-18 21:49:25,AMLX,33.8850,33.8850,33.8850,33.8850,6200.0000,33.8850,5
2026-08-18 21:49:30,AMLX,33.8800,33.8800,33.8500,33.8577,54785.0000,33.8794,33
2026-08-18 21:49:35,AMLX,33.8600,33.8700,33.8600,33.8700,414.0000,33.8676,4
2026-08-18 21:49:40,AMLX,33.8800,33.8900,33.8800,33.8900,750.0000,33.8853,4
2026-08-18 21:49:45,AMLX,33.8900,33.8900,33.8600,33.8800,1796.0000,33.8778,5
2026-08-18 21:49:50,AMLX,33.8800,33.9113,33.8600,33.9113,900.0000,33.8736,3
2026-08-18 21:49:55,AMLX,33.8850,33.8850,33.8500,33.8550,2000.0000,33.8805,10
2026-08-18 21:50:00,AMLX,33.8500,33.8850,33.8100,33.8100,2999.0000,33.8362,24
2026-08-18 21:50:05,AMLX,33.8100,33.8200,33.8100,33.8100,4899.0000,33.8155,11
2026-08-18 21:50:10,AMLX,33.8300,33.8300,33.8200,33.8200,1100.0000,33.8291,2
2026-08-18 21:50:15,AMLX,33.8200,33.8200,33.8200,33.8200,210.0000,33.8200,1
2026-08-18 21:50:20,AMLX,33.8224,33.8224,33.8100,33.8100,1313.0000,33.8183,6
2026-08-18 21:50:25,AMLX,33.8020,33.8150,33.8020,33.8150,395.0000,33.8068,2
2026-08-18 21:50:30,AMLX,33.8000,33.8000,33.7800,33.7900,2411.0000,33.7888,11
2026-08-18 21:50:35,AMLX,33.8100,33.8100,33.8100,33.8100,100.0000,33.8100,1
2026-08-18 21:50:40,AMLX,33.7950,33.7950,33.7950,33.7950,1500.0000,33.7950,4
2026-08-18 21:50:45,AMLX,33.7800,33.7800,33.7600,33.7600,900.0000,33.7756,7
2026-08-18 21:50:50,AMLX,33.7700,33.7700,33.7700,33.7700,200.0000,33.7700,2
2026-08-18 21:50:55,AMLX,33.7700,33.7700,33.7700,33.7700,100.0000,33.7700,1
2026-08-18 21:51:00,AMLX,33.7500,33.7650,33.7300,33.7300,3222.0000,33.7497,19
2026-08-18 21:51:05,AMLX,33.7300,33.7300,33.7153,33.7153,2100.0000,33.7160,2
2026-08-18 21:51:10,AMLX,33.7153,33.7153,33.7153,33.7153,0.0000,33.7153,0
2026-08-18 21:51:15,AMLX,33.7400,33.7400,33.7400,33.7400,1200.0000,33.7400,3
2026-08-18 21:51:20,AMLX,33.7400,33.7400,33.7100,33.7100,300.0000,33.7300,3
2026-08-18 21:51:25,AMLX,33.7173,33.7173,33.7173,33.7173,500.0000,33.7173,1
2026-08-18 21:51:30,AMLX,33.7100,33.7400,33.7100,33.7328,678.0000,33.7271,4
2026-08-18 21:51:35,AMLX,33.7422,33.7422,33.7200,33.7400,400.0000,33.7306,4
2026-08-18 21:51:40,AMLX,33.7100,33.7100,33.6900,33.7100,1650.0000,33.7052,15
2026-08-18 21:51:45,AMLX,33.7100,33.7100,33.7100,33.7100,0.0000,33.7100,0
2026-08-18 21:51:50,AMLX,33.7400,33.7400,33.7400,33.7400,2750.0000,33.7400,7
2026-08-18 21:51:55,AMLX,33.7400,33.7400,33.7400,33.7400,725.0000,33.7400,5
2026-08-18 21:52:00,AMLX,33.7400,33.7550,33.7100,33.7400,1230.0000,33.7397,8
2026-08-18 21:52:05,AMLX,33.7400,33.7400,33.7400,33.7400,0.0000,33.7400,0
2026-08-18 21:52:10,AMLX,33.7400,33.7400,33.7400,33.7400,100.0000,33.7400,1
2026-08-18 21:52:15,AMLX,33.7500,33.7500,33.7200,33.7450,300.0000,33.7383,3
2026-08-18 21:52:20,AMLX,33.7450,33.7450,33.7450,33.7450,100.0000,33.7450,1
2026-08-18 21:52:25,AMLX,33.7450,33.7450,33.7400,33.7450,1172.0000,33.7409,3
2026-08-18 21:52:30,AMLX,33.7450,33.7450,33.7450,33.7450,0.0000,33.7450,0
2026-08-18 21:52:35,AMLX,33.7450,33.7450,33.7200,33.7268,450.0000,33.7326,4
2026-08-18 21:52:40,AMLX,33.7200,33.7350,33.7000,33.7350,1100.0000,33.7209,11
2026-08-18 21:52:45,AMLX,33.7253,33.7400,33.7253,33.7400,200.0000,33.7326,2
2026-08-18 21:52:50,AMLX,33.7200,33.7200,33.6850,33.6850,1586.0000,33.7013,9
2026-08-18 21:52:55,AMLX,33.6800,33.6800,33.6800,33.6800,1000.0000,33.6800,1
2026-08-18 21:53:00,AMLX,33.6850,33.6999,33.6700,33.6700,751.0000,33.6793,6
2026-08-18 21:53:05,AMLX,33.6750,33.6750,33.6750,33.6750,296.0000,33.6750,1
2026-08-18 21:53:10,AMLX,33.6709,33.6900,33.6709,33.6850,4099.0000,33.6784,8
2026-08-18 21:53:15,AMLX,33.6850,33.6850,33.6850,33.6850,0.0000,33.6850,0
2026-08-18 21:53:20,AMLX,33.6850,33.6850,33.6850,33.6850,100.0000,33.6850,1
2026-08-18 21:53:25,AMLX,33.6800,33.6800,33.6100,33.6100,5596.0000,33.6268,31
2026-08-18 21:53:30,AMLX,33.6207,33.6500,33.6207,33.6450,1600.0000,33.6377,3
2026-08-18 21:53:35,AMLX,33.6400,33.6400,33.6400,33.6400,1232.0000,33.6400,3
2026-08-18 21:53:40,AMLX,33.6400,33.6400,33.6400,33.6400,100.0000,33.6400,1
2026-08-18 21:53:45,AMLX,33.6200,33.6300,33.6200,33.6300,884.0000,33.6257,2
2026-08-18 21:53:50,AMLX,33.6200,33.6399,33.6150,33.6399,3109.0000,33.6312,5
2026-08-18 21:53:55,AMLX,33.5900,33.6299,33.5900,33.6200,930.0000,33.6031,6
2026-08-18 21:54:00,AMLX,33.6178,33.6200,33.6000,33.6200,1595.0000,33.6183,6
2026-08-18 21:54:05,AMLX,33.6250,33.6250,33.6000,33.6000,3033.0000,33.6049,18
2026-08-18 21:54:10,AMLX,33.5900,33.5900,33.5600,33.5600,3481.0000,33.5787,25
2026-08-18 21:54:15,AMLX,33.5700,33.6100,33.5700,33.6100,3750.0000,33.5836,35
2026-08-18 21:54:20,AMLX,33.6100,33.6100,33.6100,33.6100,0.0000,33.6100,0
2026-08-18 21:54:25,AMLX,33.5700,33.6050,33.5700,33.6050,200.0000,33.5875,2
2026-08-18 21:54:30,AMLX,33.6050,33.6050,33.6050,33.6050,0.0000,33.6050,0
2026-08-18 21:54:35,AMLX,33.5700,33.5798,33.5700,33.5795,300.0000,33.5764,3
2026-08-18 21:54:40,AMLX,33.6100,33.6150,33.6100,33.6100,850.0000,33.6106,6
2026-08-18 21:54:45,AMLX,33.6100,33.6100,33.6100,33.6100,0.0000,33.6100,0
2026-08-18 21:54:50,AMLX,33.5901,33.5901,33.5901,33.5901,150.0000,33.5901,1
2026-08-18 21:54:55,AMLX,33.6150,33.6900,33.6150,33.6550,5096.0000,33.6587,29
2026-08-18 21:55:00,AMLX,33.6400,33.6800,33.6400,33.6600,600.0000,33.6700,3
2026-08-18 21:55:05,AMLX,33.6500,33.6500,33.6500,33.6500,100.0000,33.6500,1
2026-08-18 21:55:10,AMLX,33.6500,33.6500,33.6500,33.6500,0.0000,33.6500,0
2026-08-18 21:55:15,AMLX,33.6500,33.6500,33.6500,33.6500,0.0000,33.6500,0
2026-08-18 21:55:20,AMLX,33.6300,33.8100,33.6300,33.8100,8515.0000,33.7234,40
2026-08-18 21:55:25,AMLX,33.8350,33.8400,33.8200,33.8200,1003.0000,33.8260,6
2026-08-18 21:55:30,AMLX,33.8400,33.9600,33.8400,33.9585,5262.0000,33.9281,35
2026-08-18 21:55:35,AMLX,33.9301,34.0650,33.9301,34.0500,19924.0000,34.0068,88
2026-08-18 21:55:40,AMLX,34.0300,34.0400,33.9300,33.9875,8619.0000,33.9989,23
2026-08-18 21:55:45,AMLX,33.9875,33.9875,33.9875,33.9875,0.0000,33.9875,0
2026-08-18 21:55:50,AMLX,33.9732,33.9900,33.8801,33.9900,528.0000,33.9450,3
2026-08-18 21:55:55,AMLX,33.9900,33.9900,33.9900,33.9900,300.0000,33.9900,1
2026-08-18 21:56:00,AMLX,33.9900,34.0999,33.9800,33.9800,700.0000,34.0036,7
2026-08-18 21:56:05,AMLX,33.9565,33.9900,33.9565,33.9850,1157.0000,33.9701,9
2026-08-18 21:56:10,AMLX,33.9700,34.0300,33.9700,33.9700,1700.0000,34.0071,8
2026-08-18 21:56:15,AMLX,33.9700,34.0238,33.9185,34.0238,3972.0000,33.9708,8
2026-08-18 21:56:20,AMLX,33.9600,34.0000,33.9530,33.9700,10510.0000,33.9783,46
2026-08-18 21:56:25,AMLX,33.9750,33.9750,33.9750,33.9750,700.0000,33.9750,4
2026-08-18 21:56:30,AMLX,33.9600,33.9800,33.9550,33.9700,9407.0000,33.9630,34
2026-08-18 21:56:35,AMLX,33.9800,33.9919,33.9500,33.9919,1943.0000,33.9667,17
2026-08-18 21:56:40,AMLX,34.0000,34.0100,33.9702,34.0000,5243.0000,33.9866,24
2026-08-18 21:56:45,AMLX,34.0000,34.0000,33.9400,33.9700,1594.0000,33.9678,15
2026-08-18 21:56:50,AMLX,33.9675,33.9675,33.9400,33.9550,567.0000,33.9524,4
2026-08-18 21:56:55,AMLX,33.9400,33.9799,33.9400,33.9799,1200.0000,33.9766,2
2026-08-18 21:57:00,AMLX,33.9781,33.9781,33.9550,33.9550,482.0000,33.9733,2
2026-08-18 21:57:05,AMLX,33.9600,33.9600,33.9600,33.9600,337.0000,33.9600,3
2026-08-18 21:57:10,AMLX,33.9600,33.9600,33.9600,33.9600,0.0000,33.9600,0
2026-08-18 21:57:15,AMLX,33.9500,33.9600,33.9200,33.9600,3000.0000,33.9376,15
2026-08-18 21:57:20,AMLX,33.9400,33.9400,33.9400,33.9400,250.0000,33.9400,2
2026-08-18 21:57:25,AMLX,33.9416,33.9416,33.9416,33.9416,500.0000,33.9416,1
2026-08-18 21:57:30,AMLX,33.9201,33.9350,33.9201,33.9350,200.0000,33.9275,2
2026-08-18 21:57:35,AMLX,33.9350,33.9350,33.8650,33.8700,4011.0000,33.9001,36
2026-08-18 21:57:40,AMLX,33.8700,33.8700,33.8700,33.8700,100.0000,33.8700,1
2026-08-18 21:57:45,AMLX,33.8700,33.8700,33.8700,33.8700,0.0000,33.8700,0
2026-08-18 21:57:50,AMLX,33.8750,33.8750,33.7700,33.8300,11885.0000,33.8584,57
2026-08-18 21:57:55,AMLX,33.8200,33.8450,33.8200,33.8450,750.0000,33.8400,3
2026-08-18 21:58:00,AMLX,33.8450,33.8600,33.8200,33.8450,2432.0000,33.8390,7
2026-08-18 21:58:05,AMLX,33.8150,33.8400,33.8100,33.8250,2855.0000,33.8194,17
2026-08-18 21:58:10,AMLX,33.8100,33.8650,33.6800,33.8650,20183.0000,33.7665,98
2026-08-18 21:58:15,AMLX,33.8650,33.8650,33.8400,33.8650,6200.0000,33.8416,6
2026-08-18 21:58:20,AMLX,33.8650,33.8650,33.8301,33.8301,750.0000,33.8603,7
2026-08-18 21:58:25,AMLX,33.8650,33.8650,33.8400,33.8650,900.0000,33.8511,3
2026-08-18 21:58:30,AMLX,33.8650,33.8650,33.8650,33.8650,0.0000,33.8650,0
2026-08-18 21:58:35,AMLX,33.8800,33.8800,33.8728,33.8728,300.0000,33.8752,2
2026-08-18 21:58:40,AMLX,33.8800,33.8800,33.8600,33.8601,550.0000,33.8673,3
2026-08-18 21:58:45,AMLX,33.8800,33.8800,33.8800,33.8800,300.0000,33.8800,3
2026-08-18 21:58:50,AMLX,33.8900,33.8900,33.8900,33.8900,100.0000,33.8900,1
2026-08-18 21:58:55,AMLX,33.8900,33.8900,33.8900,33.8900,0.0000,33.8900,0
2026-08-18 21:59:00,AMLX,33.8600,33.8850,33.8600,33.8850,300.0000,33.8683,2
2026-08-18 21:59:05,AMLX,33.8700,33.8800,33.8700,33.8700,3269.0000,33.8714,17
2026-08-18 21:59:10,AMLX,33.8625,33.8800,33.8600,33.8600,2105.0000,33.8690,12
2026-08-18 21:59:15,AMLX,33.8600,33.9000,33.8600,33.8800,6164.0000,33.8740,39
2026-08-18 21:59:20,AMLX,33.9100,33.9100,33.8900,33.8900,600.0000,33.8939,5
2026-08-18 21:59:25,AMLX,33.8900,33.8900,33.8900,33.8900,0.0000,33.8900,0
2026-08-18 21:59:30,AMLX,33.9250,33.9450,33.9250,33.9305,1600.0000,33.9316,3
2026-08-18 21:59:35,AMLX,33.9400,33.9999,33.9400,33.9999,250.0000,33.9759,2
2026-08-18 21:59:40,AMLX,33.9999,33.9999,33.9999,33.9999,0.0000,33.9999,0
2026-08-18 21:59:45,AMLX,33.9600,33.9600,33.9600,33.9600,1000.0000,33.9600,1
2026-08-18 21:59:50,AMLX,33.9600,33.9700,33.9600,33.9700,1799.0000,33.9650,6
2026-08-18 21:59:55,AMLX,33.9500,33.9600,33.8900,33.9300,5609.0000,33.9337,33
2026-08-18 22:00:00,AMLX,33.8800,33.8800,33.8750,33.8750,400.0000,33.8775,4
2026-08-18 22:00:05,AMLX,33.9350,33.9350,33.8600,33.9075,4613.0000,33.8812,19
2026-08-18 22:00:10,AMLX,33.9075,33.9075,33.9075,33.9075,0.0000,33.9075,0
2026-08-18 22:00:15,AMLX,33.8600,33.8600,33.8080,33.8110,2357.0000,33.8359,6
2026-08-18 22:00:20,AMLX,33.8100,33.8100,33.8100,33.8100,100.0000,33.8100,1
2026-08-18 22:00:25,AMLX,33.8377,33.8377,33.8377,33.8377,100.0000,33.8377,1
2026-08-18 22:00:30,AMLX,33.8000,33.8100,33.7700,33.7950,2700.0000,33.7974,14
2026-08-18 22:00:35,AMLX,33.7950,33.7950,33.7950,33.7950,0.0000,33.7950,0
2026-08-18 22:00:40,AMLX,33.7950,33.7950,33.7950,33.7950,0.0000,33.7950,0
2026-08-18 22:00:45,AMLX,33.7950,33.7950,33.7950,33.7950,0.0000,33.7950,0
2026-08-18 22:00:50,AMLX,33.7850,33.7850,33.7850,33.7850,100.0000,33.7850,1
2026-08-18 22:00:55,AMLX,33.7400,33.7400,33.7100,33.7100,1236.0000,33.7268,8
2026-08-18 22:01:00,AMLX,33.7150,33.7150,33.7150,33.7150,100.0000,33.7150,1
2026-08-18 22:01:05,AMLX,33.7799,33.7799,33.6501,33.7150,1594.0000,33.7051,5
2026-08-18 22:01:10,AMLX,33.7150,33.7800,33.7120,33.7150,1478.0000,33.7224,5
2026-08-18 22:01:15,AMLX,33.7150,33.7150,33.7150,33.7150,0.0000,33.7150,0
2026-08-18 22:01:20,AMLX,33.7799,33.7799,33.7799,33.7799,100.0000,33.7799,1
2026-08-18 22:01:25,AMLX,33.7150,33.7700,33.6500,33.6651,16267.0000,33.6666,18
2026-08-18 22:01:30,AMLX,33.7100,33.7100,33.7100,33.7100,1100.0000,33.7100,2
2026-08-18 22:01:35,AMLX,33.7600,33.7600,33.7600,33.7600,100.0000,33.7600,1
2026-08-18 22:01:40,AMLX,33.7000,33.7000,33.6800,33.6800,1800.0000,33.6811,2
2026-08-18 22:01:45,AMLX,33.7499,33.7500,33.7050,33.7500,1498.0000,33.7454,3
2026-08-18 22:01:50,AMLX,33.6600,33.6700,33.6600,33.6700,500.0000,33.6660,2
2026-08-18 22:01:55,AMLX,33.7050,33.7050,33.6100,33.6100,6056.0000,33.6859,21
2026-08-18 22:02:00,AMLX,33.6000,33.6000,33.5100,33.5437,2707.0000,33.5474,15
2026-08-18 22:02:05,AMLX,33.5950,33.5950,33.5950,33.5950,142.0000,33.5950,1
2026-08-18 22:02:10,AMLX,33.5900,33.5900,33.4500,33.4540,9056.0000,33.4814,45
2026-08-18 22:02:15,AMLX,33.5900,33.5950,33.5900,33.5950,200.0000,33.5925,2
2026-08-18 22:02:20,AMLX,33.5871,33.5950,33.5500,33.5500,1705.0000,33.5695,7
2026-08-18 22:02:25,AMLX,33.6000,33.6000,33.5600,33.6000,551.0000,33.5922,3
2026-08-18 22:02:30,AMLX,33.6050,33.6050,33.5700,33.5800,385.0000,33.5863,3
2026-08-18 22:02:35,AMLX,33.5800,33.6050,33.5800,33.5997,600.0000,33.5986,4
2026-08-18 22:02:40,AMLX,33.5800,33.5800,33.5600,33.5600,1050.0000,33.5705,9
2026-08-18 22:02:45,AMLX,33.5300,33.5300,33.5300,33.5300,100.0000,33.5300,1
2026-08-18 22:02:50,AMLX,33.5350,33.5350,33.5100,33.5100,600.0000,33.5142,2
2026-08-18 22:02:55,AMLX,33.5350,33.5350,33.5100,33.5350,5638.0000,33.5312,7
2026-08-18 22:03:00,AMLX,33.5100,33.5100,33.4300,33.4401,1750.0000,33.4554,14
2026-08-18 22:03:05,AMLX,33.4474,33.4650,33.4400,33.4600,2906.0000,33.4530,9
2026-08-18 22:03:10,AMLX,33.4300,33.4599,33.4300,33.4599,397.0000,33.4402,3
2026-08-18 22:03:15,AMLX,33.4400,33.4400,33.3210,33.3700,4454.0000,33.3728,19
2026-08-18 22:03:20,AMLX,33.4050,33.4455,33.3508,33.4455,647.0000,33.3777,3
2026-08-18 22:03:25,AMLX,33.4600,33.4600,33.4600,33.4600,200.0000,33.4600,1
2026-08-18 22:03:30,AMLX,33.4400,33.4400,33.4050,33.4150,2801.0000,33.4358,21
2026-08-18 22:03:35,AMLX,33.3700,33.4150,33.3500,33.3700,3500.0000,33.3728,29
2026-08-18 22:03:40,AMLX,33.4100,33.4100,33.3700,33.3950,1702.0000,33.3906,7
2026-08-18 22:03:45,AMLX,33.3950,33.3950,33.3950,33.3950,0.0000,33.3950,0
2026-08-18 22:03:50,AMLX,33.3700,33.4400,33.3700,33.4400,2413.0000,33.4121,16
2026-08-18 22:03:55,AMLX,33.4400,33.4400,33.4400,33.4400,0.0000,33.4400,0
2026-08-18 22:04:00,AMLX,33.4700,33.4900,33.4650,33.4650,754.0000,33.4756,6
2026-08-18 22:04:05,AMLX,33.4833,33.4833,33.4650,33.4650,400.0000,33.4696,4
2026-08-18 22:04:10,AMLX,33.4650,33.4650,33.4650,33.4650,0.0000,33.4650,0
2026-08-18 22:04:15,AMLX,33.4500,33.4650,33.4500,33.4650,800.0000,33.4603,6
2026-08-18 22:04:20,AMLX,33.4651,33.4651,33.4020,33.4020,3126.0000,33.4475,13
2026-08-18 22:04:25,AMLX,33.4399,33.4400,33.3800,33.4300,4606.0000,33.4181,32
2026-08-18 22:04:30,AMLX,33.4000,33.4150,33.4000,33.4150,200.0000,33.4075,2
2026-08-18 22:04:35,AMLX,33.4000,33.4200,33.3600,33.3600,4200.0000,33.3840,10
2026-08-18 22:04:40,AMLX,33.3600,33.3600,33.3600,33.3600,0.0000,33.3600,0
2026-08-18 22:04:45,AMLX,33.3600,33.3700,33.3500,33.3500,3935.0000,33.3581,8
2026-08-18 22:04:50,AMLX,33.3550,33.3600,33.3500,33.3500,800.0000,33.3553,4
2026-08-18 22:04:55,AMLX,33.3450,33.4184,33.3450,33.4184,3520.0000,33.3911,10
2026-08-18 22:05:00,AMLX,33.4184,33.4184,33.4184,33.4184,0.0000,33.4184,0
2026-08-18 22:05:05,AMLX,33.4350,33.4400,33.4000,33.4000,500.0000,33.4310,5
2026-08-18 22:05:10,AMLX,33.4150,33.4850,33.4150,33.4500,6826.0000,33.4410,16
2026-08-18 22:05:15,AMLX,33.4300,33.4300,33.4300,33.4300,147.0000,33.4300,1
2026-08-18 22:05:20,AMLX,33.4900,33.5175,33.4800,33.5150,8804.0000,33.5095,22
2026-08-18 22:05:25,AMLX,33.4800,33.5150,33.4800,33.5150,600.0000,33.5033,2
2026-08-18 22:05:30,AMLX,33.4982,33.4982,33.4982,33.4982,350.0000,33.4982,1
2026-08-18 22:05:35,AMLX,33.4982,33.4982,33.4982,33.4982,0.0000,33.4982,0
2026-08-18 22:05:40,AMLX,33.5200,33.5200,33.4500,33.4500,1765.0000,33.4894,10
2026-08-18 22:05:45,AMLX,33.4700,33.5600,33.4600,33.4700,2900.0000,33.5352,7
2026-08-18 22:05:50,AMLX,33.4700,33.4700,33.4700,33.4700,0.0000,33.4700,0
2026-08-18 22:05:55,AMLX,33.4750,33.4750,33.4750,33.4750,135.0000,33.4750,1
2026-08-18 22:06:00,AMLX,33.5100,33.5100,33.4400,33.4402,2925.0000,33.4502,11
2026-08-18 22:06:05,AMLX,33.4742,33.4800,33.4742,33.4800,200.0000,33.4771,2
2026-08-18 22:06:10,AMLX,33.5000,33.5150,33.5000,33.5150,200.0000,33.5075,2
2026-08-18 22:06:15,AMLX,33.4900,33.4900,33.4700,33.4700,493.0000,33.4859,4
2026-08-18 22:06:20,AMLX,33.4713,33.5000,33.4700,33.5000,1840.0000,33.4961,4
2026-08-18 22:06:25,AMLX,33.4600,33.4600,33.4200,33.4200,1250.0000,33.4368,9
2026-08-18 22:06:30,AMLX,33.4200,33.4200,33.4200,33.4200,0.0000,33.4200,0
2026-08-18 22:06:35,AMLX,33.4150,33.4333,33.4050,33.4050,1383.0000,33.4132,8
2026-08-18 22:06:40,AMLX,33.4250,33.4250,33.4200,33.4250,700.0000,33.4243,7
2026-08-18 22:06:45,AMLX,33.4400,33.4400,33.4400,33.4400,500.0000,33.4400,1
2026-08-18 22:06:50,AMLX,33.4200,33.4200,33.4150,33.4150,350.0000,33.4186,3
2026-08-18 22:06:55,AMLX,33.4100,33.4100,33.4100,33.4100,634.0000,33.4100,4
2026-08-18 22:07:00,AMLX,33.4222,33.4280,33.4100,33.4200,1082.0000,33.4208,4
2026-08-18 22:07:05,AMLX,33.4200,33.4300,33.4200,33.4300,500.0000,33.4240,5
2026-08-18 22:07:10,AMLX,33.4200,33.4600,33.4200,33.4600,2420.0000,33.4373,15
2026-08-18 22:07:15,AMLX,33.5200,33.5200,33.5000,33.5000,992.0000,33.5039,2
2026-08-18 22:07:20,AMLX,33.5000,33.5000,33.5000,33.5000,0.0000,33.5000,0
2026-08-18 22:07:25,AMLX,33.5000,33.5000,33.5000,33.5000,100.0000,33.5000,1
2026-08-18 22:07:30,AMLX,33.5000,33.5000,33.5000,33.5000,0.0000,33.5000,0
2026-08-18 22:07:35,AMLX,33.5000,33.5000,33.4800,33.4800,900.0000,33.4956,4
2026-08-18 22:07:40,AMLX,33.4700,33.4900,33.4601,33.4900,834.0000,33.4767,6
2026-08-18 22:07:45,AMLX,33.4900,33.4900,33.4900,33.4900,100.0000,33.4900,1
2026-08-18 22:07:50,AMLX,33.4850,33.4850,33.4700,33.4800,505.0000,33.4810,5
2026-08-18 22:07:55,AMLX,33.4800,33.4800,33.4800,33.4800,0.0000,33.4800,0
2026-08-18 22:08:00,AMLX,33.4700,33.4700,33.4700,33.4700,300.0000,33.4700,1
2026-08-18 22:08:05,AMLX,33.4600,33.4600,33.4300,33.4300,1936.0000,33.4496,10
2026-08-18 22:08:10,AMLX,33.4450,33.4450,33.4450,33.4450,124.0000,33.4450,1
2026-08-18 22:08:15,AMLX,33.4500,33.4500,33.4100,33.4100,1231.0000,33.4189,7
2026-08-18 22:08:20,AMLX,33.4100,33.4400,33.3700,33.3700,2000.0000,33.4104,15
2026-08-18 22:08:25,AMLX,33.3700,33.3700,33.3700,33.3700,0.0000,33.3700,0
2026-08-18 22:08:30,AMLX,33.4300,33.4300,33.4300,33.4300,394.0000,33.4300,3
2026-08-18 22:08:35,AMLX,33.4450,33.4450,33.4450,33.4450,191.0000,33.4450,1
2026-08-18 22:08:40,AMLX,33.4491,33.4491,33.4250,33.4250,229.0000,33.4355,2
2026-08-18 22:08:45,AMLX,33.4250,33.4250,33.4250,33.4250,0.0000,33.4250,0
2026-08-18 22:08:50,AMLX,33.4250,33.4345,33.4250,33.4250,300.0000,33.4282,3
2026-08-18 22:08:55,AMLX,33.4250,33.4250,33.4250,33.4250,114.0000,33.4250,1
2026-08-18 22:09:00,AMLX,33.4000,33.4200,33.3911,33.3911,2850.0000,33.3976,9
2026-08-18 22:09:05,AMLX,33.4150,33.6400,33.4150,33.6300,13432.0000,33.4684,65
2026-08-18 22:09:10,AMLX,33.5950,33.5950,33.5950,33.5950,1950.0000,33.5950,2
2026-08-18 22:09:15,AMLX,33.5501,33.5501,33.5501,33.5501,200.0000,33.5501,1
2026-08-18 22:09:20,AMLX,33.6000,33.6000,33.6000,33.6000,100.0000,33.6000,1
2026-08-18 22:09:25,AMLX,33.6384,33.6384,33.6384,33.6384,2000.0000,33.6384,1
2026-08-18 22:09:30,AMLX,33.6000,33.6200,33.6000,33.6200,500.0000,33.6080,2
2026-08-18 22:09:35,AMLX,33.5900,33.6000,33.4500,33.5000,12319.0000,33.5691,41
2026-08-18 22:09:40,AMLX,33.5386,33.5386,33.4500,33.4500,900.0000,33.5103,4
2026-08-18 22:09:45,AMLX,33.4919,33.4919,33.4919,33.4919,100.0000,33.4919,1
2026-08-18 22:09:50,AMLX,33.4400,33.4400,33.4400,33.4400,100.0000,33.4400,1
2026-08-18 22:09:55,AMLX,33.4994,33.4994,33.4994,33.4994,150.0000,33.4994,1
2026-08-18 22:10:00,AMLX,33.5000,33.5000,33.5000,33.5000,100.0000,33.5000,1
2026-08-18 22:10:05,AMLX,33.5000,33.5000,33.5000,33.5000,800.0000,33.5000,5
2026-08-18 22:10:10,AMLX,33.5200,33.5200,33.5200,33.5200,458.0000,33.5200,4
2026-08-18 22:10:15,AMLX,33.5200,33.5200,33.5200,33.5200,300.0000,33.5200,3
2026-08-18 22:10:20,AMLX,33.5200,33.5200,33.5200,33.5200,550.0000,33.5200,5
2026-08-18 22:10:25,AMLX,33.5200,33.5499,33.5200,33.5499,261.0000,33.5372,2
2026-08-18 22:10:30,AMLX,33.5248,33.5248,33.5200,33.5200,600.0000,33.5216,4
2026-08-18 22:10:35,AMLX,33.5004,33.5200,33.4900,33.5200,1071.0000,33.5054,5
2026-08-18 22:10:40,AMLX,33.5200,33.5200,33.5200,33.5200,0.0000,33.5200,0
2026-08-18 22:10:45,AMLX,33.5200,33.5200,33.5150,33.5150,1357.0000,33.5163,6
2026-08-18 22:10:50,AMLX,33.5000,33.5237,33.5000,33.5150,900.0000,33.5129,4
2026-08-18 22:10:55,AMLX,33.5150,33.5150,33.5100,33.5100,554.0000,33.5114,3
2026-08-18 22:11:00,AMLX,33.5100,33.5100,33.4900,33.5100,430.0000,33.5053,4
2026-08-18 22:11:05,AMLX,33.5299,33.5299,33.4900,33.4900,854.0000,33.5065,8
2026-08-18 22:11:10,AMLX,33.5299,33.5299,33.5299,33.5299,100.0000,33.5299,1
2026-08-18 22:11:15,AMLX,33.5100,33.5100,33.5100,33.5100,395.0000,33.5100,1
2026-08-18 22:11:20,AMLX,33.5100,33.5100,33.5100,33.5100,100.0000,33.5100,1
2026-08-18 22:11:25,AMLX,33.5300,33.5300,33.4954,33.5185,602.0000,33.5162,4
2026-08-18 22:11:30,AMLX,33.5100,33.5100,33.5100,33.5100,400.0000,33.5100,4
2026-08-18 22:11:35,AMLX,33.4900,33.5100,33.4900,33.5100,2324.0000,33.4983,13
2026-08-18 22:11:40,AMLX,33.5050,33.5050,33.5050,33.5050,200.0000,33.5050,1
2026-08-18 22:11:45,AMLX,33.5000,33.5000,33.5000,33.5000,350.0000,33.5000,2
2026-08-18 22:11:50,AMLX,33.5083,33.5083,33.4900,33.4900,650.0000,33.5027,2
2026-08-18 22:11:55,AMLX,33.4900,33.4900,33.4900,33.4900,0.0000,33.4900,0
2026-08-18 22:12:00,AMLX,33.5000,33.5000,33.4500,33.4500,1500.0000,33.4900,7
2026-08-18 22:12:05,AMLX,33.4400,33.4747,33.4400,33.4400,600.0000,33.4458,5
2026-08-18 22:12:10,AMLX,33.4400,33.4700,33.4400,33.4700,2640.0000,33.4434,7
2026-08-18 22:12:15,AMLX,33.4650,33.5500,33.4650,33.5250,50813.0000,33.5207,19
2026-08-18 22:12:20,AMLX,33.5000,33.5000,33.5000,33.5000,1000.0000,33.5000,1
2026-08-18 22:12:25,AMLX,33.5000,33.5000,33.4850,33.4850,1180.0000,33.4918,7
2026-08-18 22:12:30,AMLX,33.4850,33.5100,33.4850,33.5000,1895.0000,33.4895,8
2026-08-18 22:12:35,AMLX,33.5150,33.5150,33.5150,33.5150,100.0000,33.5150,1
2026-08-18 22:12:40,AMLX,33.5400,33.5400,33.5400,33.5400,148.0000,33.5400,1
2026-08-18 22:12:45,AMLX,33.5831,33.5831,33.5831,33.5831,500.0000,33.5831,1
2026-08-18 22:12:50,AMLX,33.5400,33.5400,33.4886,33.4886,1741.0000,33.4941,3
2026-08-18 22:12:55,AMLX,33.4886,33.4886,33.4886,33.4886,0.0000,33.4886,0
2026-08-18 22:13:00,AMLX,33.5350,33.5350,33.5350,33.5350,100.0000,33.5350,1
2026-08-18 22:13:05,AMLX,33.5350,33.5350,33.5350,33.5350,0.0000,33.5350,0
2026-08-18 22:13:10,AMLX,33.5350,33.5350,33.5350,33.5350,0.0000,33.5350,0
2026-08-18 22:13:15,AMLX,33.5177,33.5177,33.5177,33.5177,1000.0000,33.5177,1
2026-08-18 22:13:20,AMLX,33.5177,33.5177,33.5177,33.5177,0.0000,33.5177,0
2026-08-18 22:13:25,AMLX,33.5000,33.5260,33.5000,33.5250,500.0000,33.5204,3
2026-08-18 22:13:30,AMLX,33.5500,33.5700,33.5500,33.5700,700.0000,33.5542,5
2026-08-18 22:13:35,AMLX,33.5400,33.5800,33.5400,33.5525,7426.0000,33.5553,25
2026-08-18 22:13:40,AMLX,33.5375,33.8990,33.5100,33.8900,28072.0000,33.6697,148
2026-08-18 22:13:45,AMLX,33.8778,33.9000,33.8301,33.8650,2800.0000,33.8605,5
2026-08-18 22:13:50,AMLX,33.8900,33.8900,33.8900,33.8900,200.0000,33.8900,1
2026-08-18 22:13:55,AMLX,33.8650,33.8650,33.8650,33.8650,600.0000,33.8650,3
2026-08-18 22:14:00,AMLX,33.8724,33.8724,33.8650,33.8650,300.0000,33.8675,2
2026-08-18 22:14:05,AMLX,33.8650,33.9499,33.8650,33.9499,2058.0000,33.9224,7
2026-08-18 22:14:10,AMLX,33.9150,33.9150,33.9150,33.9150,100.0000,33.9150,1
2026-08-18 22:14:15,AMLX,33.9400,33.9500,33.8900,33.9500,1600.0000,33.9100,7
2026-08-18 22:14:20,AMLX,33.9500,34.0600,33.9500,34.0100,9271.0000,34.0045,47
2026-08-18 22:14:25,AMLX,34.0399,34.0399,33.9808,34.0100,4355.0000,34.0137,10
2026-08-18 22:14:30,AMLX,34.0000,34.0450,33.9906,34.0000,5919.0000,34.0084,43
2026-08-18 22:14:35,AMLX,34.0300,34.0300,33.9900,34.0000,3800.0000,34.0010,10
2026-08-18 22:14:40,AMLX,33.9900,34.0550,33.9900,34.0000,8008.0000,34.0204,56
2026-08-18 22:14:45,AMLX,34.0250,34.0450,33.9900,33.9900,11102.0000,34.0083,74
2026-08-18 22:14:50,AMLX,33.9900,34.0100,33.9900,34.0000,900.0000,33.9956,9
2026-08-18 22:14:55,AMLX,34.0000,34.0080,34.0000,34.0000,1777.0000,34.0008,4
2026-08-18 22:15:00,AMLX,34.0999,34.0999,34.0200,34.0200,600.0000,34.0866,2
2026-08-18 22:15:05,AMLX,34.0450,34.0450,34.0450,34.0450,1532.0000,34.0450,2
2026-08-18 22:15:10,AMLX,34.0400,34.0400,34.0000,34.0000,1500.0000,34.0193,12
2026-08-18 22:15:15,AMLX,34.0000,34.1295,34.0000,34.1293,5475.0000,34.0733,32
2026-08-18 22:15:20,AMLX,34.1250,34.1400,34.1000,34.1190,6253.0000,34.1207,27
2026-08-18 22:15:25,AMLX,34.1200,34.2369,34.1200,34.2250,5031.0000,34.1894,21
2026-08-18 22:15:30,AMLX,34.2250,34.3000,34.2200,34.2486,22273.0000,34.2567,118
2026-08-18 22:15:35,AMLX,34.2550,34.2700,34.2200,34.2341,2850.0000,34.2425,18
2026-08-18 22:15:40,AMLX,34.2499,34.3000,34.2499,34.2651,10634.0000,34.2529,41
2026-08-18 22:15:45,AMLX,34.2650,34.2700,34.2550,34.2550,4960.0000,34.2648,11
2026-08-18 22:15:50,AMLX,34.2650,34.2650,34.2500,34.2600,900.0000,34.2533,5
2026-08-18 22:15:55,AMLX,34.2500,34.2691,34.2500,34.2691,879.0000,34.2533,6
2026-08-18 22:16:00,AMLX,34.2799,34.2799,34.2400,34.2750,2100.0000,34.2626,10
2026-08-18 22:16:05,AMLX,34.2600,34.2600,34.2401,34.2401,300.0000,34.2467,3
2026-08-18 22:16:10,AMLX,34.2500,34.2800,34.2000,34.2650,6570.0000,34.2309,25
2026-08-18 22:16:15,AMLX,34.2650,34.2912,34.2650,34.2912,245.0000,34.2805,2
2026-08-18 22:16:20,AMLX,34.2650,34.2650,34.2386,34.2650,1000.0000,34.2518,5
2026-08-18 22:16:25,AMLX,34.2650,34.2682,34.2650,34.2650,300.0000,34.2661,3
2026-08-18 22:16:30,AMLX,34.2700,34.3000,34.2500,34.2950,4450.0000,34.2671,16
2026-08-18 22:16:35,AMLX,34.2650,34.3000,34.2500,34.2794,2821.0000,34.2722,7
2026-08-18 22:16:40,AMLX,34.2700,34.2900,34.2600,34.2900,2549.0000,34.2840,7
2026-08-18 22:16:45,AMLX,34.2900,34.2900,34.2900,34.2900,0.0000,34.2900,0
2026-08-18 22:16:50,AMLX,34.2700,34.2700,34.2500,34.2700,500.0000,34.2620,3
2026-08-18 22:16:55,AMLX,34.2700,34.2700,34.2700,34.2700,625.0000,34.2700,2
2026-08-18 22:17:00,AMLX,34.2700,34.3000,34.2700,34.3000,500.0000,34.2880,2
2026-08-18 22:17:05,AMLX,34.3000,34.3000,34.2600,34.2750,2648.0000,34.2694,15
2026-08-18 22:17:10,AMLX,34.2750,34.2750,34.2750,34.2750,0.0000,34.2750,0
2026-08-18 22:17:15,AMLX,34.2700,34.2700,34.2600,34.2600,300.0000,34.2667,3
2026-08-18 22:17:20,AMLX,34.2700,34.2800,34.2600,34.2800,711.0000,34.2644,3
2026-08-18 22:17:25,AMLX,34.2500,34.2800,34.2500,34.2800,4571.0000,34.2639,36
2026-08-18 22:17:30,AMLX,34.3000,34.3500,34.2500,34.3500,5493.0000,34.2860,37
2026-08-18 22:17:35,AMLX,34.3814,34.3814,34.3712,34.3712,550.0000,34.3740,2
2026-08-18 22:17:40,AMLX,34.3731,34.4150,34.3550,34.4000,2615.0000,34.3764,12
2026-08-18 22:17:45,AMLX,34.4300,34.4300,34.4100,34.4200,2200.0000,34.4248,11
2026-08-18 22:17:50,AMLX,34.4349,34.4349,34.4200,34.4300,2299.0000,34.4248,14
2026-08-18 22:17:55,AMLX,34.4200,34.4393,34.4100,34.4200,1867.0000,34.4260,10
2026-08-18 22:18:00,AMLX,34.4269,34.4300,34.4200,34.4250,1145.0000,34.4264,4
2026-08-18 22:18:05,AMLX,34.4118,34.4400,34.4100,34.4250,2729.0000,34.4218,7
2026-08-18 22:18:10,AMLX,34.4300,34.4653,34.4300,34.4540,4209.0000,34.4570,15
2026-08-18 22:18:15,AMLX,34.4650,34.4899,34.4613,34.4700,858.0000,34.4727,6
2026-08-18 22:18:20,AMLX,34.4899,34.4899,34.4501,34.4815,500.0000,34.4683,4
2026-08-18 22:18:25,AMLX,34.4800,34.6200,34.4800,34.5550,22660.0000,34.5079,98
2026-08-18 22:18:30,AMLX,34.5300,34.5662,34.5300,34.5662,1496.0000,34.5454,8
2026-08-18 22:18:35,AMLX,34.5700,34.5880,34.5400,34.5477,3425.0000,34.5577,24
2026-08-18 22:18:40,AMLX,34.5900,34.5900,34.5000,34.5200,12505.0000,34.5091,60
2026-08-18 22:18:45,AMLX,34.5200,34.5200,34.4600,34.5050,9209.0000,34.4964,58
2026-08-18 22:18:50,AMLX,34.5100,34.5299,34.4500,34.5299,2700.0000,34.4856,13
2026-08-18 22:18:55,AMLX,34.4900,34.5400,34.4900,34.5400,654.0000,34.5018,3
2026-08-18 22:19:00,AMLX,34.4800,34.4900,34.4800,34.4900,300.0000,34.4833,2
2026-08-18 22:19:05,AMLX,34.5100,34.5100,34.5100,34.5100,111.0000,34.5100,1
2026-08-18 22:19:10,AMLX,34.5100,34.5100,34.4400,34.5100,3360.0000,34.4732,20
2026-08-18 22:19:15,AMLX,34.5699,34.5699,34.4100,34.4500,875.0000,34.4583,5
2026-08-18 22:19:20,AMLX,34.4500,34.4500,34.4345,34.4345,727.0000,34.4465,6
2026-08-18 22:19:25,AMLX,34.4250,34.4250,34.4062,34.4062,1216.0000,34.4173,6
2026-08-18 22:19:30,AMLX,34.4500,34.4500,34.4300,34.4500,2948.0000,34.4436,11
2026-08-18 22:19:35,AMLX,34.4600,34.5100,34.4600,34.5100,603.0000,34.4934,5
2026-08-18 22:19:40,AMLX,34.5662,34.5662,34.4600,34.4850,5080.0000,34.5287,10
2026-08-18 22:19:45,AMLX,34.5099,34.5099,34.4600,34.4600,273.0000,34.4783,2
2026-08-18 22:19:50,AMLX,34.5200,34.5485,34.5200,34.5485,489.0000,34.5368,3
2026-08-18 22:19:55,AMLX,34.5492,34.5492,34.5100,34.5100,800.0000,34.5243,8
2026-08-18 22:20:00,AMLX,34.5199,34.5199,34.5199,34.5199,100.0000,34.5199,1
2026-08-18 22:20:05,AMLX,34.4903,34.5100,34.4822,34.4900,4118.0000,34.4935,9
2026-08-18 22:20:10,AMLX,34.4915,34.5000,34.4728,34.4728,2743.0000,34.4817,9
2026-08-18 22:20:15,AMLX,34.4728,34.4728,34.4728,34.4728,0.0000,34.4728,0
2026-08-18 22:20:20,AMLX,34.4728,34.4728,34.4728,34.4728,0.0000,34.4728,0
2026-08-18 22:20:25,AMLX,34.4800,34.4800,34.4400,34.4410,3857.0000,34.4558,18
2026-08-18 22:20:30,AMLX,34.4550,34.4700,34.4400,34.4700,3094.0000,34.4521,10
2026-08-18 22:20:35,AMLX,34.4500,34.4500,34.4400,34.4400,425.0000,34.4453,4
2026-08-18 22:20:40,AMLX,34.4350,34.4369,34.4350,34.4369,417.0000,34.4359,3
2026-08-18 22:20:45,AMLX,34.4500,34.4500,34.4499,34.4499,350.0000,34.4500,2
2026-08-18 22:20:50,AMLX,34.4325,34.4325,34.4325,34.4325,100.0000,34.4325,1
2026-08-18 22:20:55,AMLX,34.4350,34.4700,34.4350,34.4600,4565.0000,34.4554,25
2026-08-18 22:21:00,AMLX,34.4600,34.4700,34.4600,34.4700,550.0000,34.4618,3
2026-08-18 22:21:05,AMLX,34.4700,34.4900,34.4700,34.4900,920.0000,34.4811,6
2026-08-18 22:21:10,AMLX,34.4900,34.4900,34.4900,34.4900,0.0000,34.4900,0
2026-08-18 22:21:15,AMLX,34.4900,34.4900,34.4900,34.4900,0.0000,34.4900,0
2026-08-18 22:21:20,AMLX,34.4850,34.5100,34.4850,34.5100,2732.0000,34.4949,8
2026-08-18 22:21:25,AMLX,34.5100,34.5200,34.4900,34.5100,3617.0000,34.5071,20
2026-08-18 22:21:30,AMLX,34.5100,34.5100,34.5100,34.5100,0.0000,34.5100,0
2026-08-18 22:21:35,AMLX,34.5100,34.5100,34.5100,34.5100,0.0000,34.5100,0
2026-08-18 22:21:40,AMLX,34.4900,34.4900,34.4850,34.4850,920.0000,34.4884,7
2026-08-18 22:21:45,AMLX,34.4850,34.4950,34.4600,34.4600,1319.0000,34.4783,7
2026-08-18 22:21:50,AMLX,34.4589,34.4675,34.4589,34.4599,630.0000,34.4613,4
2026-08-18 22:21:55,AMLX,34.4683,34.4683,34.4600,34.4600,600.0000,34.4614,2
2026-08-18 22:22:00,AMLX,34.4600,34.4600,34.4600,34.4600,0.0000,34.4600,0
2026-08-18 22:22:05,AMLX,34.4520,34.5000,34.4503,34.4999,8986.0000,34.4712,21
2026-08-18 22:22:10,AMLX,34.4637,34.4651,34.4637,34.4651,780.0000,34.4641,2
2026-08-18 22:22:15,AMLX,34.4651,34.4651,34.4651,34.4651,0.0000,34.4651,0
2026-08-18 22:22:20,AMLX,34.5000,34.5000,34.4950,34.5000,500.0000,34.4990,3
2026-08-18 22:22:25,AMLX,34.5200,34.5200,34.5200,34.5200,100.0000,34.5200,1
2026-08-18 22:22:30,AMLX,34.5200,34.5200,34.5200,34.5200,0.0000,34.5200,0
2026-08-18 22:22:35,AMLX,34.5000,34.5050,34.4920,34.5000,617.0000,34.5005,6
2026-08-18 22:22:40,AMLX,34.5000,34.5000,34.5000,34.5000,1100.0000,34.5000,10
2026-08-18 22:22:45,AMLX,34.4900,34.4900,34.4800,34.4800,1418.0000,34.4845,6
2026-08-18 22:22:50,AMLX,34.4725,34.4725,34.4700,34.4700,500.0000,34.4705,4
2026-08-18 22:22:55,AMLX,34.4600,34.4600,34.4600,34.4600,600.0000,34.4600,2
2026-08-18 22:23:00,AMLX,34.4700,34.4700,34.4600,34.4600,520.0000,34.4647,5
2026-08-18 22:23:05,AMLX,34.4600,34.4650,34.4600,34.4650,548.0000,34.4631,3
2026-08-18 22:23:10,AMLX,34.4799,34.4800,34.4700,34.4700,300.0000,34.4766,3
2026-08-18 22:23:15,AMLX,34.4700,34.4700,34.4700,34.4700,0.0000,34.4700,0
2026-08-18 22:23:20,AMLX,34.4900,34.4900,34.4700,34.4700,1150.0000,34.4809,9
2026-08-18 22:23:25,AMLX,34.4758,34.4758,34.4500,34.4587,595.0000,34.4661,5
2026-08-18 22:23:30,AMLX,34.4700,34.4700,34.4700,34.4700,462.0000,34.4700,2
2026-08-18 22:23:35,AMLX,34.4800,34.4900,34.4800,34.4900,4700.0000,34.4813,5
2026-08-18 22:23:40,AMLX,34.4900,34.5199,34.4750,34.5199,4748.0000,34.4992,19
2026-08-18 22:23:45,AMLX,34.5000,34.5247,34.5000,34.5247,800.0000,34.5118,4
2026-08-18 22:23:50,AMLX,34.5168,34.5200,34.4500,34.5200,16661.0000,34.4827,85
2026-08-18 22:23:55,AMLX,34.5000,34.5000,34.5000,34.5000,109.0000,34.5000,1
2026-08-18 22:24:00,AMLX,34.5200,34.5200,34.5200,34.5200,150.0000,34.5200,1
2026-08-18 22:24:05,AMLX,34.5300,34.5600,34.5000,34.5600,11320.0000,34.5184,68
2026-08-18 22:24:10,AMLX,34.5524,34.5897,34.5524,34.5897,4500.0000,34.5668,9
2026-08-18 22:24:15,AMLX,34.5700,34.5750,34.5501,34.5650,1480.0000,34.5562,4
2026-08-18 22:24:20,AMLX,34.5700,34.6400,34.5650,34.6400,15512.0000,34.5771,21
2026-08-18 22:24:25,AMLX,34.6600,34.7500,34.6300,34.7100,8817.0000,34.6834,54
2026-08-18 22:24:30,AMLX,34.7500,34.7500,34.7001,34.7067,922.0000,34.7228,7
2026-08-18 22:24:35,AMLX,34.7236,34.7319,34.7213,34.7213,2800.0000,34.7247,3
2026-08-18 22:24:40,AMLX,34.7100,34.7272,34.7100,34.7150,5509.0000,34.7208,7
2026-08-18 22:24:45,AMLX,34.7150,34.7150,34.6410,34.6647,2668.0000,34.6797,19
2026-08-18 22:24:50,AMLX,34.6800,34.6999,34.6700,34.6999,4127.0000,34.6890,19
2026-08-18 22:24:55,AMLX,34.6650,34.6650,34.6650,34.6650,100.0000,34.6650,1
2026-08-18 22:25:00,AMLX,34.6950,34.7000,34.6860,34.6900,400.0000,34.6927,4
2026-08-18 22:25:05,AMLX,34.6900,34.7600,34.6900,34.7500,3810.0000,34.7101,15
2026-08-18 22:25:10,AMLX,34.6900,34.7800,34.6800,34.7800,6711.0000,34.7420,46
2026-08-18 22:25:15,AMLX,34.7700,34.8000,34.7250,34.7999,7465.0000,34.7651,36
2026-08-18 22:25:20,AMLX,34.7900,34.7950,34.7301,34.7450,2130.0000,34.7610,14
2026-08-18 22:25:25,AMLX,34.7500,34.7700,34.7450,34.7500,3102.0000,34.7563,10
2026-08-18 22:25:30,AMLX,34.7500,34.7600,34.7300,34.7600,881.0000,34.7482,3
2026-08-18 22:25:35,AMLX,34.7576,34.7700,34.7450,34.7700,1319.0000,34.7571,6
2026-08-18 22:25:40,AMLX,34.7700,34.7700,34.7500,34.7550,2600.0000,34.7593,10
2026-08-18 22:25:45,AMLX,34.7700,34.7700,34.7437,34.7600,3980.0000,34.7589,25
2026-08-18 22:25:50,AMLX,34.7600,34.7900,34.7400,34.7650,3100.0000,34.7645,8
2026-08-18 22:25:55,AMLX,34.7833,34.8000,34.7500,34.7750,5972.0000,34.7781,38
2026-08-18 22:26:00,AMLX,34.7500,34.8000,34.7500,34.7700,4055.0000,34.7711,15
2026-08-18 22:26:05,AMLX,34.7650,34.7899,34.6900,34.7000,3920.0000,34.7247,23
2026-08-18 22:26:10,AMLX,34.6937,34.7100,34.6937,34.7000,3789.0000,34.7015,20
2026-08-18 22:26:15,AMLX,34.7050,34.7050,34.7050,34.7050,100.0000,34.7050,1
2026-08-18 22:26:20,AMLX,34.7103,34.7299,34.6800,34.7299,450.0000,34.7079,3
2026-08-18 22:26:25,AMLX,34.7000,34.7200,34.7000,34.7000,1400.0000,34.7014,3
2026-08-18 22:26:30,AMLX,34.7100,34.7180,34.6800,34.6900,981.0000,34.6996,8
2026-08-18 22:26:35,AMLX,34.7000,34.7000,34.7000,34.7000,100.0000,34.7000,1
2026-08-18 22:26:40,AMLX,34.7001,34.7001,34.7001,34.7001,100.0000,34.7001,1
2026-08-18 22:26:45,AMLX,34.7037,34.7100,34.7037,34.7100,500.0000,34.7075,4
2026-08-18 22:26:50,AMLX,34.7019,34.7100,34.7019,34.7100,993.0000,34.7092,5
2026-08-18 22:26:55,AMLX,34.7025,34.7025,34.6270,34.6400,8785.0000,34.6640,24
2026-08-18 22:27:00,AMLX,34.6300,34.6400,34.5500,34.6250,6354.0000,34.6177,38
2026-08-18 22:27:05,AMLX,34.6300,34.6300,34.6300,34.6300,100.0000,34.6300,1
2026-08-18 22:27:10,AMLX,34.6300,34.7600,34.6300,34.7300,5450.0000,34.6843,31
2026-08-18 22:27:15,AMLX,34.7400,34.8300,34.7300,34.7700,31128.0000,34.7612,166
2026-08-18 22:27:20,AMLX,34.8050,34.8400,34.8050,34.8100,1573.0000,34.8327,7
2026-08-18 22:27:25,AMLX,34.8178,34.8600,34.8100,34.8300,5182.0000,34.8343,21
2026-08-18 22:27:30,AMLX,34.8500,34.8700,34.8500,34.8600,4700.0000,34.8594,10
2026-08-18 22:27:35,AMLX,34.8600,34.8800,34.8500,34.8704,3013.0000,34.8692,8
2026-08-18 22:27:40,AMLX,34.8800,34.8900,34.8600,34.8850,3820.0000,34.8784,15
2026-08-18 22:27:45,AMLX,34.8900,34.8900,34.8735,34.8735,1071.0000,34.8811,9
2026-08-18 22:27:50,AMLX,34.8800,34.8835,34.8775,34.8800,3150.0000,34.8796,18
2026-08-18 22:27:55,AMLX,34.8800,34.8900,34.7350,34.7600,15280.0000,34.8275,85
2026-08-18 22:28:00,AMLX,34.6814,34.7700,34.6814,34.7400,1150.0000,34.7207,5
2026-08-18 22:28:05,AMLX,34.7400,34.7600,34.7400,34.7600,1100.0000,34.7418,2
2026-08-18 22:28:10,AMLX,34.7900,34.8000,34.7580,34.7580,2800.0000,34.7846,10
2026-08-18 22:28:15,AMLX,34.8700,34.8700,34.8000,34.8700,7870.0000,34.8439,37
2026-08-18 22:28:20,AMLX,34.8450,34.8450,34.8317,34.8450,500.0000,34.8423,3
2026-08-18 22:28:25,AMLX,34.8500,34.8900,34.8500,34.8900,840.0000,34.8724,5
2026-08-18 22:28:30,AMLX,34.8880,34.8880,34.8700,34.8700,800.0000,34.8768,2
2026-08-18 22:28:35,AMLX,34.8800,34.8900,34.8800,34.8850,2880.0000,34.8851,12
2026-08-18 22:28:40,AMLX,34.8900,34.9200,34.8700,34.9050,5740.0000,34.8962,26
2026-08-18 22:28:45,AMLX,34.9050,34.9400,34.9050,34.9250,2500.0000,34.9276,12
2026-08-18 22:28:50,AMLX,34.9101,34.9399,34.9100,34.9399,2400.0000,34.9220,6
2026-08-18 22:28:55,AMLX,34.9250,34.9400,34.9250,34.9400,600.0000,34.9300,3
2026-08-18 22:29:00,AMLX,34.9250,34.9500,34.9139,34.9500,3085.0000,34.9383,13
2026-08-18 22:29:05,AMLX,34.9500,34.9600,34.9300,34.9300,6398.0000,34.9530,21
2026-08-18 22:29:10,AMLX,34.9391,34.9400,34.9391,34.9400,1300.0000,34.9393,3
2026-08-18 22:29:15,AMLX,34.9400,34.9400,34.9100,34.9100,1703.0000,34.9194,14
2026-08-18 22:29:20,AMLX,34.8675,34.9200,34.8675,34.9020,4759.0000,34.8939,11
2026-08-18 22:29:25,AMLX,34.9200,34.9300,34.9001,34.9300,4300.0000,34.9235,9
2026-08-18 22:29:30,AMLX,34.9346,34.9346,34.9249,34.9249,614.0000,34.9328,2
2026-08-18 22:29:35,AMLX,34.9250,34.9400,34.8700,34.9350,13839.0000,34.8996,45
2026-08-18 22:29:40,AMLX,34.9277,34.9350,34.9277,34.9350,200.0000,34.9314,2
2026-08-18 22:29:45,AMLX,34.9463,34.9463,34.9200,34.9200,1025.0000,34.9328,3
2026-08-18 22:29:50,AMLX,34.9000,34.9000,34.9000,34.9000,1280.0000,34.9000,5
2026-08-18 22:29:55,AMLX,34.8900,34.9000,34.8800,34.8800,1100.0000,34.8873,10
2026-08-18 22:30:00,AMLX,34.8600,34.8750,34.7500,34.7600,17688.0000,34.8236,106
2026-08-18 22:30:05,AMLX,34.8700,34.8700,34.8200,34.8200,500.0000,34.8386,5
2026-08-18 22:30:10,AMLX,34.8802,34.8900,34.8802,34.8900,390.0000,34.8830,2
2026-08-18 22:30:15,AMLX,34.8500,34.8500,34.7500,34.8000,7366.0000,34.8099,44
2026-08-18 22:30:20,AMLX,34.8059,34.8150,34.7800,34.7801,650.0000,34.7971,6
2026-08-18 22:30:25,AMLX,34.8150,34.9000,34.7801,34.9000,5035.0000,34.8473,29
2026-08-18 22:30:30,AMLX,34.8700,34.9000,34.8600,34.8700,5084.0000,34.8828,12
2026-08-18 22:30:35,AMLX,34.9000,34.9400,34.8600,34.9050,1641.0000,34.9034,15
2026-08-18 22:30:40,AMLX,34.9200,34.9400,34.9000,34.9150,4668.0000,34.9184,20
2026-08-18 22:30:45,AMLX,34.9150,34.9400,34.9150,34.9300,3906.0000,34.9211,17
2026-08-18 22:30:50,AMLX,34.9367,35.1000,34.8900,34.9900,50506.0000,35.0050,240
2026-08-18 22:30:55,AMLX,35.0700,35.2000,35.0136,35.1876,17182.0000,35.0738,97
2026-08-18 22:31:00,AMLX,35.0300,35.2199,35.0300,35.1600,11521.0000,35.1662,51
2026-08-18 22:31:05,AMLX,35.1700,35.1700,35.0700,35.1000,7780.0000,35.1385,26
2026-08-18 22:31:10,AMLX,35.0800,35.1200,35.0745,35.1150,3129.0000,35.1028,8
2026-08-18 22:31:15,AMLX,35.1150,35.1600,35.0749,35.1350,3250.0000,35.1198,16
2026-08-18 22:31:20,AMLX,35.1699,35.1700,35.1300,35.1300,1835.0000,35.1570,16
2026-08-18 22:31:25,AMLX,35.1300,35.1813,35.1201,35.1300,1900.0000,35.1513,11
2026-08-18 22:31:30,AMLX,35.1500,35.1800,35.0600,35.1200,7682.0000,35.1128,37
2026-08-18 22:31:35,AMLX,35.1200,35.1800,35.0900,35.0900,1100.0000,35.1323,9
2026-08-18 22:31:40,AMLX,35.1800,35.1800,35.0800,35.1400,3274.0000,35.1133,13
2026-08-18 22:31:45,AMLX,35.1020,35.1499,35.1020,35.1300,3442.0000,35.1291,9
2026-08-18 22:31:50,AMLX,35.1500,35.2500,35.1000,35.2050,7650.0000,35.1941,40
2026-08-18 22:31:55,AMLX,35.1900,35.2300,35.1693,35.1700,7478.0000,35.1897,23
2026-08-18 22:32:00,AMLX,35.2000,35.2265,35.2000,35.2200,5151.0000,35.2210,10
2026-08-18 22:32:05,AMLX,35.2200,35.2399,35.1314,35.1450,7279.0000,35.2082,38
2026-08-18 22:32:10,AMLX,35.1300,35.1700,35.1100,35.1700,4587.0000,35.1351,30
2026-08-18 22:32:15,AMLX,35.1300,35.1300,34.9501,35.0000,7534.0000,35.0401,43
2026-08-18 22:32:20,AMLX,35.0000,35.0400,35.0000,35.0100,500.0000,35.0100,5
2026-08-18 22:32:25,AMLX,34.9699,35.0150,34.9699,35.0000,2529.0000,34.9936,16
2026-08-18 22:32:30,AMLX,34.9900,35.0000,34.9657,34.9900,1305.0000,34.9834,12
2026-08-18 22:32:35,AMLX,35.0000,35.0127,34.9683,35.0000,1000.0000,35.0032,6
2026-08-18 22:32:40,AMLX,34.9900,35.0200,34.9712,34.9900,700.0000,34.9959,7
2026-08-18 22:32:45,AMLX,34.9900,34.9900,34.8694,34.8750,6676.0000,34.9173,32
2026-08-18 22:32:50,AMLX,34.8300,34.9200,34.8300,34.8800,4096.0000,34.8927,10
2026-08-18 22:32:55,AMLX,34.9052,34.9100,34.8850,34.8900,1054.0000,34.8948,7
2026-08-18 22:33:00,AMLX,34.8850,34.9200,34.8850,34.9100,1000.0000,34.9105,10
2026-08-18 22:33:05,AMLX,34.8900,35.0000,34.8900,34.9450,4498.0000,34.9427,32
2026-08-18 22:33:10,AMLX,35.0000,35.2270,35.0000,35.1700,9271.0000,35.0758,57
2026-08-18 22:33:15,AMLX,35.1900,35.2800,35.1900,35.2100,5651.0000,35.2393,49
2026-08-18 22:33:20,AMLX,35.2430,35.2500,35.2350,35.2350,650.0000,35.2428,6
2026-08-18 22:33:25,AMLX,35.1701,35.2529,35.1701,35.2250,2100.0000,35.2044,5
2026-08-18 22:33:30,AMLX,35.2605,35.2700,35.2092,35.2350,1920.0000,35.2429,9
2026-08-18 22:33:35,AMLX,35.2613,35.2613,35.2200,35.2400,4771.0000,35.2444,20
2026-08-18 22:33:40,AMLX,35.2500,35.2800,35.2300,35.2600,5831.0000,35.2462,39
2026-08-18 22:33:45,AMLX,35.2600,35.2900,35.2300,35.2650,10922.0000,35.2600,24
2026-08-18 22:33:50,AMLX,35.2600,35.3600,35.2400,35.3420,34026.0000,35.3206,214
2026-08-18 22:33:55,AMLX,35.3500,35.3700,35.3261,35.3645,3731.0000,35.3467,20
2026-08-18 22:34:00,AMLX,35.3600,35.3700,35.3200,35.3450,10672.0000,35.3408,26
2026-08-18 22:34:05,AMLX,35.3450,35.3700,35.3200,35.3700,1309.0000,35.3444,7
2026-08-18 22:34:10,AMLX,35.3450,35.3625,35.2500,35.2900,11929.0000,35.3034,87
2026-08-18 22:34:15,AMLX,35.2908,35.3850,35.2500,35.3850,9040.0000,35.3129,59
2026-08-18 22:34:20,AMLX,35.3400,35.3800,35.3400,35.3700,4220.0000,35.3749,6
2026-08-18 22:34:25,AMLX,35.3600,35.3643,35.3600,35.3643,870.0000,35.3605,7
2026-08-18 22:34:30,AMLX,35.3797,35.3797,35.3501,35.3501,804.0000,35.3706,5
2026-08-18 22:34:35,AMLX,35.3600,35.3900,35.3600,35.3800,3188.0000,35.3744,15
2026-08-18 22:34:40,AMLX,35.3900,35.3900,35.2900,35.3000,3915.0000,35.3509,28
2026-08-18 22:34:45,AMLX,35.2600,35.3100,35.2150,35.2600,6121.0000,35.2672,35
2026-08-18 22:34:50,AMLX,35.2500,35.2500,35.2475,35.2500,400.0000,35.2494,3
2026-08-18 22:34:55,AMLX,35.2500,35.2800,35.2400,35.2700,2430.0000,35.2510,9
2026-08-18 22:35:00,AMLX,35.3000,35.3700,35.2400,35.2800,8298.0000,35.3385,59
2026-08-18 22:35:05,AMLX,35.2507,35.2800,35.2500,35.2500,1241.0000,35.2664,5
2026-08-18 22:35:10,AMLX,35.2626,35.2900,35.2400,35.2800,1972.0000,35.2625,16
2026-08-18 22:35:15,AMLX,35.2650,35.2906,35.2650,35.2906,331.0000,35.2743,2
2026-08-18 22:35:20,AMLX,35.2601,35.3000,35.2601,35.3000,595.0000,35.2859,5
2026-08-18 22:35:25,AMLX,35.3020,35.3199,35.3020,35.3100,3600.0000,35.3093,6
2026-08-18 22:35:30,AMLX,35.3100,35.3200,35.2900,35.2900,2547.0000,35.3042,22
2026-08-18 22:35:35,AMLX,35.2600,35.2650,35.2200,35.2650,1800.0000,35.2419,15
2026-08-18 22:35:40,AMLX,35.2600,35.2600,35.1901,35.2350,2810.0000,35.2218,13
2026-08-18 22:35:45,AMLX,35.2000,35.2500,35.2000,35.2200,6885.0000,35.2167,9
2026-08-18 22:35:50,AMLX,35.2150,35.2150,35.2100,35.2100,1700.0000,35.2110,8
2026-08-18 22:35:55,AMLX,35.2300,35.2300,35.1950,35.1950,240.0000,35.2096,2
2026-08-18 22:36:00,AMLX,35.2300,35.3200,35.1550,35.2400,16437.0000,35.2655,107
2026-08-18 22:36:05,AMLX,35.2247,35.2400,35.2000,35.2000,655.0000,35.2167,6
2026-08-18 22:36:10,AMLX,35.3000,35.3000,35.2400,35.2400,317.0000,35.2659,3
2026-08-18 22:36:15,AMLX,35.2446,35.2446,35.2100,35.2200,450.0000,35.2220,3
2026-08-18 22:36:20,AMLX,35.2400,35.2425,35.2250,35.2250,650.0000,35.2385,6
2026-08-18 22:36:25,AMLX,35.2400,35.2600,35.2000,35.2500,5199.0000,35.2479,35
2026-08-18 22:36:30,AMLX,35.2500,35.2500,35.2499,35.2499,500.0000,35.2500,4
2026-08-18 22:36:35,AMLX,35.2499,35.2499,35.2499,35.2499,0.0000,35.2499,0
2026-08-18 22:36:40,AMLX,35.2301,35.2800,35.2200,35.2800,5850.0000,35.2436,49
2026-08-18 22:36:45,AMLX,35.2650,35.3200,35.2650,35.3000,7968.0000,35.2684,12
2026-08-18 22:36:50,AMLX,35.3400,35.3400,35.3400,35.3400,200.0000,35.3400,1
2026-08-18 22:36:55,AMLX,35.3200,35.3200,35.2900,35.3146,3650.0000,35.3073,16
2026-08-18 22:37:00,AMLX,35.2800,35.2917,35.2350,35.2350,1786.0000,35.2642,13
2026-08-18 22:37:05,AMLX,35.2350,35.2350,35.2350,35.2350,0.0000,35.2350,0
2026-08-18 22:37:10,AMLX,35.2500,35.2800,35.2500,35.2600,3092.0000,35.2599,16
2026-08-18 22:37:15,AMLX,35.2900,35.2999,35.2500,35.2500,1313.0000,35.2794,8
2026-08-18 22:37:20,AMLX,35.2450,35.2800,35.2450,35.2800,1551.0000,35.2687,9
2026-08-18 22:37:25,AMLX,35.2800,35.2800,35.2800,35.2800,0.0000,35.2800,0
2026-08-18 22:37:30,AMLX,35.2700,35.2799,35.2700,35.2799,795.0000,35.2740,6
2026-08-18 22:37:35,AMLX,35.2784,35.2784,35.2601,35.2700,1000.0000,35.2757,3
2026-08-18 22:37:40,AMLX,35.2800,35.3450,35.2800,35.3450,20444.0000,35.3138,75
2026-08-18 22:37:45,AMLX,35.3450,35.3551,35.3400,35.3400,3041.0000,35.3427,25
2026-08-18 22:37:50,AMLX,35.3400,35.3400,35.2900,35.2900,2760.0000,35.3287,13
2026-08-18 22:37:55,AMLX,35.3050,35.3050,35.3050,35.3050,650.0000,35.3050,2
2026-08-18 22:38:00,AMLX,35.3050,35.3050,35.2900,35.2900,886.0000,35.2996,5
2026-08-18 22:38:05,AMLX,35.2700,35.2800,35.2500,35.2650,4342.0000,35.2599,24
2026-08-18 22:38:10,AMLX,35.2600,35.2700,35.1637,35.1637,3508.0000,35.1922,21
2026-08-18 22:38:15,AMLX,35.1850,35.1850,35.1700,35.1700,200.0000,35.1775,2
2026-08-18 22:38:20,AMLX,35.2033,35.2033,35.1601,35.1601,1250.0000,35.1757,4
2026-08-18 22:38:25,AMLX,35.1850,35.2050,35.1800,35.2050,4500.0000,35.1901,19
2026-08-18 22:38:30,AMLX,35.1950,35.1950,35.1750,35.1900,800.0000,35.1873,5
2026-08-18 22:38:35,AMLX,35.2000,35.2800,35.2000,35.2150,15455.0000,35.2458,100
2026-08-18 22:38:40,AMLX,35.2100,35.2100,35.2100,35.2100,300.0000,35.2100,3
2026-08-18 22:38:45,AMLX,35.2000,35.2200,35.2000,35.2200,4243.0000,35.2148,15
2026-08-18 22:38:50,AMLX,35.2351,35.2400,35.2000,35.2400,1850.0000,35.2241,8
2026-08-18 22:38:55,AMLX,35.2226,35.2350,35.2226,35.2350,450.0000,35.2281,3
2026-08-18 22:39:00,AMLX,35.2350,35.2350,35.2350,35.2350,600.0000,35.2350,6
2026-08-18 22:39:05,AMLX,35.2350,35.2350,35.2250,35.2250,500.0000,35.2330,5
2026-08-18 22:39:10,AMLX,35.2250,35.2400,35.2200,35.2400,2743.0000,35.2272,10
2026-08-18 22:39:15,AMLX,35.2300,35.2300,35.1828,35.1943,2011.0000,35.1985,10
2026-08-18 22:39:20,AMLX,35.1956,35.1956,35.1956,35.1956,500.0000,35.1956,1
2026-08-18 22:39:25,AMLX,35.2100,35.2250,35.2100,35.2250,5570.0000,35.2234,10
2026-08-18 22:39:30,AMLX,35.2250,35.2250,35.2250,35.2250,450.0000,35.2250,3
2026-08-18 22:39:35,AMLX,35.2300,35.2300,35.2300,35.2300,100.0000,35.2300,1
2026-08-18 22:39:40,AMLX,35.2300,35.2300,35.2300,35.2300,4744.0000,35.2300,16
2026-08-18 22:39:45,AMLX,35.2350,35.2500,35.2203,35.2203,3675.0000,35.2477,5
2026-08-18 22:39:50,AMLX,35.2400,35.2400,35.1700,35.1700,2686.0000,35.1948,15
2026-08-18 22:39:55,AMLX,35.1700,35.2300,35.1573,35.2100,4870.0000,35.1858,33
2026-08-18 22:40:00,AMLX,35.2400,35.2500,35.0500,35.1500,17756.0000,35.1689,75
2026-08-18 22:40:05,AMLX,35.0644,35.1500,35.0644,35.0900,1097.0000,35.1042,8
2026-08-18 22:40:10,AMLX,35.1000,35.1050,35.0400,35.0800,2474.0000,35.0747,12
2026-08-18 22:40:15,AMLX,35.0800,35.0900,35.0550,35.0550,8095.0000,35.0684,13
2026-08-18 22:40:20,AMLX,35.0550,35.0550,35.0400,35.0400,1306.0000,35.0537,2
2026-08-18 22:40:25,AMLX,35.0450,35.0450,35.0400,35.0450,1718.0000,35.0446,8
2026-08-18 22:40:30,AMLX,35.0450,35.0500,34.8600,34.8601,34348.0000,34.9863,166
2026-08-18 22:40:35,AMLX,34.8715,35.0030,34.8400,34.8450,5248.0000,34.8745,25
2026-08-18 22:40:40,AMLX,34.8457,34.9500,34.8447,34.9350,7608.0000,34.9073,48
2026-08-18 22:40:45,AMLX,34.9500,35.0500,34.9500,35.0150,6623.0000,35.0031,30
2026-08-18 22:40:50,AMLX,34.9827,35.0000,34.9700,34.9800,21117.0000,34.9757,138
2026-08-18 22:40:55,AMLX,34.9700,35.0000,34.9700,35.0000,2426.0000,34.9815,7
2026-08-18 22:41:00,AMLX,34.9868,35.0300,34.9700,35.0300,6151.0000,34.9781,15
2026-08-18 22:41:05,AMLX,35.0050,35.1000,34.9701,35.0550,8537.0000,35.0662,42
2026-08-18 22:41:10,AMLX,35.0200,35.0800,35.0001,35.0500,2773.0000,35.0208,10
2026-08-18 22:41:15,AMLX,35.0500,35.0899,35.0500,35.0899,239.0000,35.0667,2
2026-08-18 22:41:20,AMLX,35.0250,35.0400,35.0250,35.0400,696.0000,35.0358,6
2026-08-18 22:41:25,AMLX,35.0800,35.0800,35.0450,35.0705,700.0000,35.0736,3
2026-08-18 22:41:30,AMLX,35.0400,35.0400,35.0100,35.0100,1572.0000,35.0272,13
2026-08-18 22:41:35,AMLX,35.0250,35.0250,35.0250,35.0250,578.0000,35.0250,4
2026-08-18 22:41:40,AMLX,35.0250,35.0251,35.0001,35.0200,850.0000,35.0195,5
2026-08-18 22:41:45,AMLX,35.0300,35.0715,35.0300,35.0715,2128.0000,35.0527,18
2026-08-18 22:41:50,AMLX,35.0700,35.0820,35.0650,35.0820,3260.0000,35.0769,18
2026-08-18 22:41:55,AMLX,35.0800,35.0900,35.0500,35.0800,7494.0000,35.0827,16
2026-08-18 22:42:00,AMLX,35.0800,35.0832,35.0800,35.0832,350.0000,35.0809,2
2026-08-18 22:42:05,AMLX,35.0800,35.1091,35.0800,35.1091,3138.0000,35.0910,5
2026-08-18 22:42:10,AMLX,35.1100,35.2000,35.1100,35.1550,8006.0000,35.1551,32
2026-08-18 22:42:15,AMLX,35.1600,35.1600,35.1200,35.1200,300.0000,35.1335,3
2026-08-18 22:42:20,AMLX,35.1600,35.1600,35.1600,35.1600,100.0000,35.1600,1
2026-08-18 22:42:25,AMLX,35.1550,35.1550,35.1550,35.1550,800.0000,35.1550,3
2026-08-18 22:42:30,AMLX,35.1899,35.1899,35.1550,35.1550,1400.0000,35.1874,2
2026-08-18 22:42:35,AMLX,35.1201,35.1500,35.1200,35.1500,3164.0000,35.1281,23
2026-08-18 22:42:40,AMLX,35.1500,35.1500,35.1500,35.1500,0.0000,35.1500,0
2026-08-18 22:42:45,AMLX,35.1700,35.1750,35.1000,35.1150,6774.0000,35.1563,29
2026-08-18 22:42:50,AMLX,35.1200,35.1200,35.1150,35.1150,670.0000,35.1170,3
2026-08-18 22:42:55,AMLX,35.0900,35.1000,35.0800,35.0984,1094.0000,35.0946,5
2026-08-18 22:43:00,AMLX,35.1000,35.1100,35.1000,35.1100,6510.0000,35.1009,29
2026-08-18 22:43:05,AMLX,35.0950,35.1050,35.0950,35.1050,4066.0000,35.0953,2
2026-08-18 22:43:10,AMLX,35.0864,35.1150,35.0864,35.1150,923.0000,35.0974,6
2026-08-18 22:43:15,AMLX,35.0950,35.0950,35.0700,35.0800,756.0000,35.0828,6
2026-08-18 22:43:20,AMLX,35.0600,35.0750,35.0600,35.0700,300.0000,35.0683,3
2026-08-18 22:43:25,AMLX,35.0750,35.0750,35.0750,35.0750,387.0000,35.0750,1
2026-08-18 22:43:30,AMLX,35.0700,35.0700,35.0700,35.0700,200.0000,35.0700,2
2026-08-18 22:43:35,AMLX,35.0620,35.1300,35.0620,35.1250,6813.0000,35.0974,53
2026-08-18 22:43:40,AMLX,35.1400,35.1500,35.1400,35.1450,1858.0000,35.1424,10
2026-08-18 22:43:45,AMLX,35.1450,35.1450,35.1450,35.1450,0.0000,35.1450,0
2026-08-18 22:43:50,AMLX,35.1400,35.1600,35.1300,35.1450,2459.0000,35.1413,11
2026-08-18 22:43:55,AMLX,35.1600,35.1600,35.1462,35.1462,1420.0000,35.1517,6
2026-08-18 22:44:00,AMLX,35.1600,35.1600,35.1100,35.1101,6578.0000,35.1348,33
2026-08-18 22:44:05,AMLX,35.1250,35.1250,35.0700,35.0750,1840.0000,35.0963,13
2026-08-18 22:44:10,AMLX,35.0500,35.0800,35.0401,35.0550,2814.0000,35.0640,13
2026-08-18 22:44:15,AMLX,35.0500,35.0500,35.0500,35.0500,300.0000,35.0500,2
2026-08-18 22:44:20,AMLX,35.0550,35.0700,35.0550,35.0700,1200.0000,35.0562,2
2026-08-18 22:44:25,AMLX,35.0600,35.0600,35.0441,35.0441,700.0000,35.0549,5
2026-08-18 22:44:30,AMLX,35.0550,35.0550,35.0200,35.0300,2714.0000,35.0410,18
2026-08-18 22:44:35,AMLX,35.0100,35.0600,35.0000,35.0550,6474.0000,35.0148,32
2026-08-18 22:44:40,AMLX,35.0600,35.0650,35.0420,35.0420,1113.0000,35.0546,8
2026-08-18 22:44:45,AMLX,35.0500,35.0500,35.0500,35.0500,100.0000,35.0500,1
2026-08-18 22:44:50,AMLX,35.0500,35.0600,35.0500,35.0500,2033.0000,35.0570,9
2026-08-18 22:44:55,AMLX,35.0600,35.0700,35.0441,35.0700,3238.0000,35.0626,18
2026-08-18 22:45:00,AMLX,35.0700,35.1000,35.0700,35.0700,11225.0000,35.0822,87
2026-08-18 22:45:05,AMLX,35.0650,35.0791,35.0650,35.0763,1929.0000,35.0724,4
2026-08-18 22:45:10,AMLX,35.0800,35.0900,35.0800,35.0900,1000.0000,35.0820,10
2026-08-18 22:45:15,AMLX,35.0900,35.1100,35.0900,35.1100,723.0000,35.0955,7
2026-08-18 22:45:20,AMLX,35.1153,35.1197,35.1153,35.1197,1487.0000,35.1194,2
2026-08-18 22:45:25,AMLX,35.1050,35.1200,35.1050,35.1200,799.0000,35.1106,4
2026-08-18 22:45:30,AMLX,35.1200,35.1200,35.1200,35.1200,480.0000,35.1200,3
2026-08-18 22:45:35,AMLX,35.1150,35.1200,35.1000,35.1000,2863.0000,35.1144,9
2026-08-18 22:45:40,AMLX,35.1000,35.1000,35.1000,35.1000,0.0000,35.1000,0
2026-08-18 22:45:45,AMLX,35.0900,35.0900,35.0850,35.0850,500.0000,35.0890,5
2026-08-18 22:45:50,AMLX,35.0850,35.0850,35.0850,35.0850,0.0000,35.0850,0
2026-08-18 22:45:55,AMLX,35.0750,35.0750,35.0600,35.0600,1042.0000,35.0668,4
2026-08-18 22:46:00,AMLX,35.0700,35.0717,35.0500,35.0500,3100.0000,35.0575,19
2026-08-18 22:46:05,AMLX,35.0600,35.0600,35.0550,35.0550,350.0000,35.0564,2
2026-08-18 22:46:10,AMLX,35.0400,35.1200,35.0400,35.0700,7979.0000,35.0878,56
2026-08-18 22:46:15,AMLX,35.0400,35.0400,35.0200,35.0200,1408.0000,35.0345,11
2026-08-18 22:46:20,AMLX,35.0250,35.0600,35.0250,35.0600,2030.0000,35.0427,15
2026-08-18 22:46:25,AMLX,35.0293,35.0294,35.0293,35.0293,100.0000,35.0293,1
2026-08-18 22:46:30,AMLX,35.0293,35.0294,35.0293,35.0293,0.0000,35.0293,0
2026-08-18 22:46:35,AMLX,35.0600,35.0900,35.0386,35.0767,3797.0000,35.0736,22
2026-08-18 22:46:40,AMLX,35.0650,35.0900,35.0650,35.0900,5100.0000,35.0655,2
2026-08-18 22:46:45,AMLX,35.0644,35.0644,35.0644,35.0644,200.0000,35.0644,1
2026-08-18 22:46:50,AMLX,35.0400,35.0400,35.0400,35.0400,125.0000,35.0400,1
2026-08-18 22:46:55,AMLX,35.0400,35.0400,35.0400,35.0400,0.0000,35.0400,0
2026-08-18 22:47:00,AMLX,35.0400,35.0400,35.0100,35.0200,1661.0000,35.0213,14
2026-08-18 22:47:05,AMLX,35.0200,35.0200,35.0100,35.0100,1250.0000,35.0112,5
2026-08-18 22:47:10,AMLX,35.0000,35.0300,35.0000,35.0300,700.0000,35.0214,2
2026-08-18 22:47:15,AMLX,35.0100,35.0300,34.8200,34.8400,29681.0000,34.9672,170
2026-08-18 22:47:20,AMLX,34.8294,34.8863,34.8100,34.8194,5307.0000,34.8572,11
2026-08-18 22:47:25,AMLX,34.8300,34.8300,34.8100,34.8100,200.0000,34.8200,2
2026-08-18 22:47:30,AMLX,34.8400,34.8400,34.8400,34.8400,210.0000,34.8400,1
2026-08-18 22:47:35,AMLX,34.8450,34.8450,34.8107,34.8107,1060.0000,34.8334,2
2026-08-18 22:47:40,AMLX,34.8400,34.8800,34.8400,34.8800,1817.0000,34.8611,17
2026-08-18 22:47:45,AMLX,34.8538,34.8538,34.8538,34.8538,150.0000,34.8538,1
2026-08-18 22:47:50,AMLX,34.8700,34.9600,34.8700,34.9250,4635.0000,34.9045,37
2026-08-18 22:47:55,AMLX,34.8996,34.9250,34.8964,34.9250,800.0000,34.9004,3
2026-08-18 22:48:00,AMLX,34.9200,34.9200,34.9100,34.9100,368.0000,34.9173,2
2026-08-18 22:48:05,AMLX,34.8950,34.9100,34.8950,34.9100,200.0000,34.9025,2
2026-08-18 22:48:10,AMLX,34.9100,34.9100,34.8850,34.8850,579.0000,34.8992,3
2026-08-18 22:48:15,AMLX,34.8850,34.8850,34.8845,34.8845,650.0000,34.8849,3
2026-08-18 22:48:20,AMLX,34.8600,34.8750,34.7400,34.7550,6571.0000,34.8148,34
2026-08-18 22:48:25,AMLX,34.7700,34.7700,34.7500,34.7522,1450.0000,34.7621,6
2026-08-18 22:48:30,AMLX,34.7116,34.7500,34.7101,34.7101,1713.0000,34.7324,13
2026-08-18 22:48:35,AMLX,34.7242,34.7486,34.7112,34.7214,4063.0000,34.7263,12
2026-08-18 22:48:40,AMLX,34.7500,34.8200,34.7450,34.8200,6179.0000,34.7751,54
2026-08-18 22:48:45,AMLX,34.8025,34.8400,34.8025,34.8400,300.0000,34.8275,2
2026-08-18 22:48:50,AMLX,34.8300,34.9150,34.8300,34.9150,5095.0000,34.8832,23
2026-08-18 22:48:55,AMLX,34.8400,34.8400,34.8400,34.8400,240.0000,34.8400,1
2026-08-18 22:49:00,AMLX,34.8750,34.8750,34.8600,34.8600,1057.0000,34.8702,6
2026-08-18 22:49:05,AMLX,34.8600,34.8700,34.8600,34.8600,2115.0000,34.8605,4
2026-08-18 22:49:10,AMLX,34.8792,34.9000,34.8561,34.9000,4126.0000,34.8819,14
2026-08-18 22:49:15,AMLX,34.9099,34.9500,34.8700,34.9100,5311.0000,34.9365,22
2026-08-18 22:49:20,AMLX,34.8800,34.8800,34.8800,34.8800,100.0000,34.8800,1
2026-08-18 22:49:25,AMLX,34.8800,34.8800,34.8800,34.8800,0.0000,34.8800,0
2026-08-18 22:49:30,AMLX,34.8800,34.8800,34.8606,34.8606,6200.0000,34.8675,5
2026-08-18 22:49:35,AMLX,34.8800,34.8800,34.8450,34.8450,1200.0000,34.8596,9
2026-08-18 22:49:40,AMLX,34.8200,34.8200,34.8200,34.8200,120.0000,34.8200,1
2026-08-18 22:49:45,AMLX,34.8200,34.8200,34.8200,34.8200,0.0000,34.8200,0
2026-08-18 22:49:50,AMLX,34.8450,34.8450,34.8450,34.8450,1432.0000,34.8450,1
2026-08-18 22:49:55,AMLX,34.8450,34.8450,34.8450,34.8450,394.0000,34.8450,3
2026-08-18 22:50:00,AMLX,34.7800,34.8300,34.6000,34.6200,11684.0000,34.7030,66
2026-08-18 22:50:05,AMLX,34.6584,34.6634,34.6250,34.6634,2650.0000,34.6555,3
2026-08-18 22:50:10,AMLX,34.6300,34.8350,34.6300,34.8000,20502.0000,34.7439,94
2026-08-18 22:50:15,AMLX,34.8000,34.8000,34.7400,34.7655,4285.0000,34.7620,24
2026-08-18 22:50:20,AMLX,34.7633,34.7633,34.7633,34.7633,1000.0000,34.7633,1
2026-08-18 22:50:25,AMLX,34.7500,34.7850,34.7500,34.7650,2753.0000,34.7651,17
2026-08-18 22:50:30,AMLX,34.7800,34.8100,34.7800,34.8100,1344.0000,34.7901,12
2026-08-18 22:50:35,AMLX,34.7900,34.8100,34.7900,34.8100,600.0000,34.8058,4
2026-08-18 22:50:40,AMLX,34.8400,34.8999,34.8350,34.8700,5620.0000,34.8561,24
2026-08-18 22:50:45,AMLX,34.8750,34.8750,34.8501,34.8501,3941.0000,34.8700,13
2026-08-18 22:50:50,AMLX,34.8750,34.8755,34.8637,34.8637,2900.0000,34.8743,4
2026-08-18 22:50:55,AMLX,34.8800,34.9099,34.8766,34.8900,5954.0000,34.8903,23
2026-08-18 22:51:00,AMLX,34.9000,34.9500,34.8900,34.9100,3668.0000,34.9068,27
2026-08-18 22:51:05,AMLX,34.9300,34.9900,34.9201,34.9647,3750.0000,34.9798,10
2026-08-18 22:51:10,AMLX,34.9800,34.9800,34.9600,34.9600,1155.0000,34.9634,2
2026-08-18 22:51:15,AMLX,34.9675,34.9700,34.9554,34.9554,420.0000,34.9652,3
2026-08-18 22:51:20,AMLX,34.9700,34.9700,34.9300,34.9450,11800.0000,34.9625,59
2026-08-18 22:51:25,AMLX,34.9493,34.9600,34.9200,34.9200,4123.0000,34.9410,25
2026-08-18 22:51:30,AMLX,34.9100,34.9100,34.9100,34.9100,100.0000,34.9100,1
2026-08-18 22:51:35,AMLX,34.9100,34.9100,34.8410,34.8410,2600.0000,34.8799,16
2026-08-18 22:51:40,AMLX,34.8420,34.8575,34.8420,34.8575,1100.0000,34.8561,2
2026-08-18 22:51:45,AMLX,34.8566,34.9000,34.8500,34.8950,3600.0000,34.8729,26
2026-08-18 22:51:50,AMLX,34.8840,34.8840,34.8800,34.8800,500.0000,34.8808,3
2026-08-18 22:51:55,AMLX,34.8601,34.8900,34.8601,34.8850,1999.0000,34.8773,8
2026-08-18 22:52:00,AMLX,34.8700,34.8700,34.8600,34.8600,994.0000,34.8628,6
2026-08-18 22:52:05,AMLX,34.8500,34.8680,34.7700,34.7900,5290.0000,34.8039,20
2026-08-18 22:52:10,AMLX,34.7400,34.7700,34.6100,34.7600,9250.0000,34.7480,44
2026-08-18 22:52:15,AMLX,34.7500,34.8700,34.6271,34.8550,20868.0000,34.7870,137
2026-08-18 22:52:20,AMLX,34.9000,34.9490,34.8101,34.8101,7882.0000,34.8627,23
2026-08-18 22:52:25,AMLX,34.9500,34.9500,34.8100,34.9100,5080.0000,34.9029,28
2026-08-18 22:52:30,AMLX,34.9400,34.9807,34.9300,34.9700,3408.0000,34.9523,26
2026-08-18 22:52:35,AMLX,34.9500,35.0400,34.9500,35.0350,18181.0000,34.9692,115
2026-08-18 22:52:40,AMLX,35.0371,35.0371,34.9900,34.9900,1893.0000,35.0228,10
2026-08-18 22:52:45,AMLX,34.9600,35.0000,34.9500,35.0000,2009.0000,34.9657,13
2026-08-18 22:52:50,AMLX,34.9850,35.0400,34.9661,35.0000,10180.0000,35.0030,61
2026-08-18 22:52:55,AMLX,34.9771,35.0100,34.9700,35.0050,3868.0000,34.9800,8
2026-08-18 22:53:00,AMLX,35.0050,35.0050,34.9701,35.0050,1610.0000,34.9958,9
2026-08-18 22:53:05,AMLX,35.0300,35.0300,35.0050,35.0200,742.0000,35.0138,6
2026-08-18 22:53:10,AMLX,35.0100,35.0150,35.0100,35.0150,400.0000,35.0138,3
2026-08-18 22:53:15,AMLX,35.0300,35.1700,34.9900,35.1615,19554.0000,35.0653,88
2026-08-18 22:53:20,AMLX,35.0673,35.1800,35.0400,35.1150,18095.0000,35.1012,95
2026-08-18 22:53:25,AMLX,35.1150,35.1150,35.0750,35.0801,7416.0000,35.0915,32
2026-08-18 22:53:30,AMLX,35.0900,35.1062,35.0900,35.0900,450.0000,35.0972,3
2026-08-18 22:53:35,AMLX,35.0928,35.0928,35.0700,35.0800,300.0000,35.0809,3
2026-08-18 22:53:40,AMLX,35.1000,35.1000,35.0606,35.0800,2114.0000,35.0770,19
2026-08-18 22:53:45,AMLX,35.0800,35.0800,35.0793,35.0793,242.0000,35.0797,2
2026-08-18 22:53:50,AMLX,35.0800,35.1100,35.0500,35.0800,6470.0000,35.0633,12
2026-08-18 22:53:55,AMLX,35.0500,35.0600,35.0200,35.0450,4136.0000,35.0302,18
2026-08-18 22:54:00,AMLX,35.0100,35.0400,35.0000,35.0400,4731.0000,35.0221,28
2026-08-18 22:54:05,AMLX,35.0200,35.0400,35.0200,35.0400,700.0000,35.0369,3
2026-08-18 22:54:10,AMLX,35.0200,35.0700,35.0075,35.0300,6108.0000,35.0369,50
2026-08-18 22:54:15,AMLX,35.0300,35.0350,35.0300,35.0350,905.0000,35.0320,5
2026-08-18 22:54:20,AMLX,35.0100,35.0700,35.0000,35.0600,8351.0000,35.0426,43
2026-08-18 22:54:25,AMLX,35.0550,35.1100,35.0550,35.0900,3823.0000,35.0793,25
2026-08-18 22:54:30,AMLX,35.0800,35.1100,35.0750,35.1000,5094.0000,35.0922,37
2026-08-18 22:54:35,AMLX,35.0975,35.1099,35.0600,35.1099,4900.0000,35.0947,16
2026-08-18 22:54:40,AMLX,35.0400,35.1050,35.0400,35.1000,3203.0000,35.0786,19
2026-08-18 22:54:45,AMLX,35.0950,35.1300,35.0801,35.1300,4409.0000,35.0988,37
2026-08-18 22:54:50,AMLX,35.1250,35.1700,35.1250,35.1488,3187.0000,35.1493,10
2026-08-18 22:54:55,AMLX,35.1500,35.1550,35.1500,35.1550,963.0000,35.1516,3
2026-08-18 22:55:00,AMLX,35.1200,35.1700,35.0100,35.1250,12091.0000,35.1147,61
2026-08-18 22:55:05,AMLX,35.1250,35.1738,35.1250,35.1420,4290.0000,35.1460,28
2026-08-18 22:55:10,AMLX,35.1500,35.1738,35.1500,35.1550,5100.0000,35.1562,14
2026-08-18 22:55:15,AMLX,35.1732,35.3000,35.1700,35.2605,28852.0000,35.2252,146
2026-08-18 22:55:20,AMLX,35.2400,35.2400,35.1400,35.1488,2250.0000,35.1901,12
2026-08-18 22:55:25,AMLX,35.1400,35.1600,35.1300,35.1400,3316.0000,35.1430,23
2026-08-18 22:55:30,AMLX,35.1300,35.1300,35.1081,35.1250,3016.0000,35.1132,7
2026-08-18 22:55:35,AMLX,35.1300,35.1300,35.1200,35.1200,855.0000,35.1213,8
2026-08-18 22:55:40,AMLX,35.1294,35.1600,35.1200,35.1300,7353.0000,35.1396,54
2026-08-18 22:55:45,AMLX,35.1350,35.1600,35.1300,35.1400,2584.0000,35.1489,21
2026-08-18 22:55:50,AMLX,35.1350,35.1400,35.1350,35.1350,1388.0000,35.1357,11
2026-08-18 22:55:55,AMLX,35.1350,35.1700,35.1350,35.1650,5763.0000,35.1549,43
2026-08-18 22:56:00,AMLX,35.1650,35.1800,35.1600,35.1600,5018.0000,35.1606,26
2026-08-18 22:56:05,AMLX,35.1600,35.1700,35.1500,35.1600,2000.0000,35.1585,18
2026-08-18 22:56:10,AMLX,35.1600,35.1646,35.1400,35.1500,13196.0000,35.1536,56
2026-08-18 22:56:15,AMLX,35.1600,35.1600,35.1550,35.1550,600.0000,35.1558,5
2026-08-18 22:56:20,AMLX,35.1500,35.2250,35.1500,35.2250,15953.0000,35.1823,92
2026-08-18 22:56:25,AMLX,35.2250,35.2250,35.2000,35.2200,3602.0000,35.2193,20
2026-08-18 22:56:30,AMLX,35.2200,35.2400,35.2054,35.2300,3800.0000,35.2265,28
2026-08-18 22:56:35,AMLX,35.2267,35.2267,35.2267,35.2267,100.0000,35.2267,1
2026-08-18 22:56:40,AMLX,35.2200,35.2346,35.1800,35.1800,3655.0000,35.2078,24
2026-08-18 22:56:45,AMLX,35.1700,35.1700,35.1700,35.1700,1236.0000,35.1700,2
2026-08-18 22:56:50,AMLX,35.1800,35.1850,35.1700,35.1800,1830.0000,35.1797,16
2026-08-18 22:56:55,AMLX,35.1800,35.1800,35.1710,35.1738,1540.0000,35.1724,3
2026-08-18 22:57:00,AMLX,35.1800,35.2150,35.1400,35.1600,31771.0000,35.1895,145
2026-08-18 22:57:05,AMLX,35.1550,35.1550,35.1500,35.1505,1579.0000,35.1528,6
2026-08-18 22:57:10,AMLX,35.1500,35.2399,35.0600,35.1700,18751.0000,35.1400,86
2026-08-18 22:57:15,AMLX,35.1700,35.1700,35.1350,35.1350,4254.0000,35.1519,33
2026-08-18 22:57:20,AMLX,35.1600,35.1800,35.1350,35.1700,11650.0000,35.1650,75
2026-08-18 22:57:25,AMLX,35.1800,35.1800,35.1500,35.1520,1875.0000,35.1574,12
2026-08-18 22:57:30,AMLX,35.1600,35.1900,35.1501,35.1850,4636.0000,35.1726,29
2026-08-18 22:57:35,AMLX,35.1850,35.2100,35.1850,35.1950,8103.0000,35.1941,45
2026-08-18 22:57:40,AMLX,35.2200,35.2290,35.1710,35.1900,5485.0000,35.2146,27
2026-08-18 22:57:45,AMLX,35.1900,35.2100,35.1850,35.1850,3939.0000,35.1931,24
2026-08-18 22:57:50,AMLX,35.2000,35.2000,35.1800,35.1800,1836.0000,35.1938,8
2026-08-18 22:57:55,AMLX,35.1800,35.1800,35.1650,35.1650,3657.0000,35.1721,24
2026-08-18 22:58:00,AMLX,35.1650,35.2000,35.1500,35.1600,25441.0000,35.1769,113
2026-08-18 22:58:05,AMLX,35.1501,35.1900,35.1501,35.1750,3334.0000,35.1743,22
2026-08-18 22:58:10,AMLX,35.1750,35.1775,35.1650,35.1650,1980.0000,35.1699,15
2026-08-18 22:58:15,AMLX,35.1650,35.1650,35.1600,35.1600,3348.0000,35.1608,16
2026-08-18 22:58:20,AMLX,35.1500,35.1600,35.1421,35.1600,9008.0000,35.1551,48
2026-08-18 22:58:25,AMLX,35.1600,35.1800,35.1550,35.1600,14152.0000,35.1651,75
2026-08-18 22:58:30,AMLX,35.1550,35.1800,35.1550,35.1650,9063.0000,35.1608,63
2026-08-18 22:58:35,AMLX,35.1650,35.1750,35.0800,35.1700,36123.0000,35.1116,104
2026-08-18 22:58:40,AMLX,35.1800,35.1800,35.1350,35.1450,9886.0000,35.1592,34
2026-08-18 22:58:45,AMLX,35.1450,35.1459,35.1201,35.1300,5617.0000,35.1337,23
2026-08-18 22:58:50,AMLX,35.1300,35.1300,35.1050,35.1300,10851.0000,35.1235,50
2026-08-18 22:58:55,AMLX,35.1300,35.1300,35.1250,35.1250,3132.0000,35.1264,21
2026-08-18 22:59:00,AMLX,35.1200,35.1400,35.1200,35.1350,17715.0000,35.1311,113
2026-08-18 22:59:05,AMLX,35.1400,35.1600,35.1300,35.1600,28271.0000,35.1451,91
2026-08-18 22:59:10,AMLX,35.1500,35.1900,35.1500,35.1900,23742.0000,35.1664,98
2026-08-18 22:59:15,AMLX,35.1850,35.1900,35.1800,35.1900,6199.0000,35.1869,39
2026-08-18 22:59:20,AMLX,35.1900,35.1950,35.1800,35.1900,9875.0000,35.1895,70
2026-08-18 22:59:25,AMLX,35.1900,35.1900,35.1850,35.1900,5658.0000,35.1870,29
2026-08-18 22:59:30,AMLX,35.1900,35.2000,35.1850,35.1950,13872.0000,35.1902,77
2026-08-18 22:59:35,AMLX,35.1950,35.2000,35.1000,35.1650,14356.0000,35.1635,79
2026-08-18 22:59:40,AMLX,35.1625,35.1688,35.1100,35.1200,17172.0000,35.1429,60
2026-08-18 22:59:45,AMLX,35.1200,35.1200,35.0500,35.0800,12261.0000,35.0934,72
2026-08-18 22:59:50,AMLX,35.0800,35.1100,35.0400,35.0850,20926.0000,35.0767,119
2026-08-18 22:59:55,AMLX,35.1100,35.1400,35.0700,35.1400,10108.0000,35.1020,54
