time,symbol,open,high,low,close,volume,wap,count
2026-07-30 16:30:00,BE,186.2500,187.5000,184.8800,187.5000,23462.0000,186.8940,170
2026-07-30 16:30:05,BE,186.5400,187.5000,186.1900,186.5000,2276.0000,186.9650,16
2026-07-30 16:30:10,BE,186.5700,187.1900,186.5300,187.1900,2090.0000,186.7680,9
2026-07-30 16:30:15,BE,187.8400,187.8400,187.6500,187.6500,497.0000,187.7520,3
2026-07-30 16:30:20,BE,187.7400,187.8500,187.3700,187.8500,1138.0000,187.7340,8
2026-07-30 16:30:25,BE,187.2200,187.7100,187.1200,187.1200,721.0000,187.2690,5
2026-07-30 16:30:30,BE,187.5700,188.1800,187.4600,188.1800,14143.0000,187.9820,25
2026-07-30 16:30:35,BE,188.1800,188.4500,187.2100,187.2100,3084.0000,188.1030,25
2026-07-30 16:30:40,BE,188.0500,188.0500,188.0500,188.0500,100.0000,188.0500,1
2026-07-30 16:30:45,BE,188.4500,188.4500,188.3400,188.3400,205.0000,188.3940,2
2026-07-30 16:30:50,BE,188.3900,188.5500,188.0100,188.3100,1200.0000,188.3380,11
2026-07-30 16:30:55,BE,188.4500,189.2000,188.4500,189.2000,4041.0000,188.9990,18
2026-07-30 16:31:00,BE,189.4200,190.0000,189.4200,189.9700,3900.0000,189.9820,17
2026-07-30 16:31:05,BE,189.9800,190.0000,189.4600,189.6100,2414.0000,189.7550,16
2026-07-30 16:31:10,BE,189.8700,190.0000,188.8900,189.5900,8245.0000,189.6850,48
2026-07-30 16:31:15,BE,189.5000,189.7400,189.4400,189.5900,1963.0000,189.5270,8
2026-07-30 16:31:20,BE,189.5900,190.0000,189.5900,190.0000,14376.0000,189.8960,53
2026-07-30 16:31:25,BE,190.0000,190.0000,189.7100,189.7100,7878.0000,189.8370,21
2026-07-30 16:31:30,BE,189.4400,189.7900,189.0300,189.0700,4478.0000,189.5040,32
2026-07-30 16:31:35,BE,188.7300,189.5000,188.7300,189.1300,4278.0000,189.0410,29
2026-07-30 16:31:40,BE,188.6100,188.8100,188.0000,188.4600,8759.0000,188.1620,33
2026-07-30 16:31:45,BE,188.8800,188.9200,188.7000,188.9200,700.0000,188.7630,6
2026-07-30 16:31:50,BE,188.9600,189.4800,188.9600,189.3200,1684.0000,189.0500,8
2026-07-30 16:31:55,BE,189.5000,189.5000,188.4600,188.6600,5935.0000,188.6650,49
2026-07-30 16:32:00,BE,189.4700,189.4700,188.4600,188.5000,3547.0000,188.8440,25
2026-07-30 16:32:05,BE,189.0000,189.4900,188.9600,188.9600,4943.0000,189.0500,32
2026-07-30 16:32:10,BE,189.0000,189.3600,188.8100,189.3600,1943.0000,189.1130,18
2026-07-30 16:32:15,BE,189.4100,189.4100,188.9000,188.9000,2198.0000,189.1900,20
2026-07-30 16:32:20,BE,189.0500,189.1100,189.0500,189.1100,750.0000,189.0610,7
2026-07-30 16:32:25,BE,189.2300,189.9800,189.2200,189.3400,2759.0000,189.4350,16
2026-07-30 16:32:30,BE,189.5600,189.7500,189.5600,189.7500,600.0000,189.6870,3
2026-07-30 16:32:35,BE,189.9900,189.9900,189.7500,189.7500,680.0000,189.9480,4
2026-07-30 16:32:40,BE,189.5300,190.0000,189.5200,190.0000,2416.0000,189.9450,8
2026-07-30 16:32:45,BE,190.0000,190.0000,189.6300,189.6300,2664.0000,189.9140,16
2026-07-30 16:32:50,BE,189.9800,189.9800,189.8400,189.8400,537.0000,189.9540,5
2026-07-30 16:32:55,BE,190.4700,190.8700,189.0800,190.0000,8586.0000,189.8250,43
2026-07-30 16:33:00,BE,190.0000,190.1300,189.2600,189.3200,1865.0000,189.7240,13
2026-07-30 16:33:05,BE,189.4700,189.5500,189.4700,189.5500,200.0000,189.5100,2
2026-07-30 16:33:10,BE,189.7000,189.7000,189.7000,189.7000,100.0000,189.7000,1
2026-07-30 16:33:15,BE,189.7800,189.7800,189.2000,189.5600,2006.0000,189.5690,15
2026-07-30 16:33:20,BE,189.1800,189.5200,189.1800,189.5200,200.0000,189.3480,2
2026-07-30 16:33:25,BE,189.5200,189.5200,189.5100,189.5200,0.0000,189.5200,0
2026-07-30 16:33:30,BE,189.5100,189.6500,189.0000,189.1800,7647.0000,189.2440,44
2026-07-30 16:33:35,BE,189.4100,190.0000,189.4100,189.6200,2955.0000,189.7200,24
2026-07-30 16:33:40,BE,188.8900,189.5400,188.8800,189.5400,1327.0000,189.1420,11
2026-07-30 16:33:45,BE,189.0500,189.4000,189.0400,189.4000,2326.0000,189.1940,21
2026-07-30 16:33:50,BE,189.5900,189.5900,189.4400,189.4400,200.0000,189.5150,2
2026-07-30 16:33:55,BE,189.6100,189.7200,189.6100,189.6500,1142.0000,189.6870,10
2026-07-30 16:34:00,BE,189.7300,190.1900,189.0200,189.4400,15844.0000,189.3280,69
2026-07-30 16:34:05,BE,189.4300,196.8500,189.4300,192.8800,686154.0000,190.9480,556
2026-07-30 16:34:10,BE,193.0100,196.4600,192.8900,194.0500,75311.0000,194.3750,355
2026-07-30 16:34:15,BE,194.0500,195.3600,193.5000,195.1100,27170.0000,194.2440,140
2026-07-30 16:34:20,BE,195.2400,196.0000,195.0000,195.4100,19658.0000,195.5970,113
2026-07-30 16:34:25,BE,195.2300,196.8800,195.2300,196.6200,37336.0000,196.0800,175
2026-07-30 16:34:30,BE,196.6400,197.8500,196.0300,197.6100,49377.0000,196.8640,226
2026-07-30 16:34:35,BE,197.6100,197.6100,196.1600,196.1600,65641.0000,196.8730,288
2026-07-30 16:34:40,BE,196.1900,196.7900,195.9000,196.7900,30017.0000,196.3300,140
2026-07-30 16:34:45,BE,196.6700,197.6900,196.2600,197.1700,21321.0000,196.8020,134
2026-07-30 16:34:50,BE,197.2000,197.6900,196.8500,197.6900,21471.0000,197.3080,108
2026-07-30 16:34:55,BE,197.0200,197.8800,197.0000,197.8700,26735.0000,197.4770,123
2026-07-30 16:35:00,BE,197.8000,198.8000,197.7000,197.8800,36926.0000,198.1740,195
2026-07-30 16:35:05,BE,198.0100,198.8800,197.7000,198.6100,21036.0000,198.3640,112
2026-07-30 16:35:10,BE,198.7200,199.2900,198.6400,199.1000,40167.0000,198.9760,221
2026-07-30 16:35:15,BE,199.2500,199.2800,198.4900,198.9200,53385.0000,198.9930,214
2026-07-30 16:35:20,BE,198.9200,199.0800,197.0900,198.8700,52259.0000,198.2410,210
2026-07-30 16:35:25,BE,199.2700,199.2700,197.3000,197.7500,43459.0000,198.1790,180
2026-07-30 16:35:30,BE,197.5500,198.5500,197.5400,198.5000,17463.0000,198.1280,76
2026-07-30 16:35:35,BE,198.2700,198.8100,197.9800,198.4100,17383.0000,198.3260,65
2026-07-30 16:35:40,BE,198.4100,198.4900,197.6500,197.9900,31737.0000,198.0830,140
2026-07-30 16:35:45,BE,197.3000,197.6600,196.4700,196.5700,28284.0000,197.1440,102
2026-07-30 16:35:50,BE,196.3500,196.9100,196.1900,196.6000,15469.0000,196.4740,86
2026-07-30 16:35:55,BE,196.4000,197.5200,196.4000,197.0000,24098.0000,197.0210,82
2026-07-30 16:36:00,BE,197.2100,197.8800,196.8400,197.2100,33726.0000,197.3410,141
2026-07-30 16:36:05,BE,197.2100,198.3000,197.1400,197.9400,26987.0000,197.8620,121
2026-07-30 16:36:10,BE,197.8000,198.3600,197.7200,198.0500,15874.0000,198.0250,92
2026-07-30 16:36:15,BE,198.0300,198.0500,197.5000,197.6300,14091.0000,197.7070,78
2026-07-30 16:36:20,BE,197.4900,197.7000,197.2000,197.6500,26188.0000,197.4030,119
2026-07-30 16:36:25,BE,197.4500,197.6500,197.0400,197.2600,11690.0000,197.3570,56
2026-07-30 16:36:30,BE,197.0600,198.5000,197.0600,198.3000,25568.0000,197.9890,133
2026-07-30 16:36:35,BE,198.2500,198.5000,197.4400,197.6200,13434.0000,198.1350,77
2026-07-30 16:36:40,BE,197.5700,197.9900,197.2800,197.3600,10911.0000,197.6590,46
2026-07-30 16:36:45,BE,197.5400,197.6600,196.6000,196.6900,15553.0000,196.9670,84
2026-07-30 16:36:50,BE,196.9500,197.2600,196.7000,197.1900,12636.0000,196.8590,60
2026-07-30 16:36:55,BE,197.1200,197.4500,196.7500,197.4500,12346.0000,197.0010,72
2026-07-30 16:37:00,BE,197.4500,198.3900,197.4300,198.1800,19386.0000,197.9130,94
2026-07-30 16:37:05,BE,198.1200,198.3700,197.8600,198.3500,12941.0000,198.1220,61
2026-07-30 16:37:10,BE,198.3700,199.2800,198.1200,198.7600,30586.0000,198.8310,203
2026-07-30 16:37:15,BE,198.8700,198.8900,198.1900,198.4500,21274.0000,198.6100,101
2026-07-30 16:37:20,BE,198.6200,199.9500,198.3200,199.9500,19450.0000,199.1680,108
2026-07-30 16:37:25,BE,199.8600,199.9000,199.2100,199.4900,14268.0000,199.5540,91
2026-07-30 16:37:30,BE,199.4300,199.5400,198.7700,198.8800,26229.0000,199.2370,168
2026-07-30 16:37:35,BE,198.7100,198.7900,197.6000,197.7200,19320.0000,198.2850,151
2026-07-30 16:37:40,BE,197.7600,198.1200,197.5500,197.6900,12719.0000,197.8200,68
2026-07-30 16:37:45,BE,197.6900,197.8300,197.0000,197.5400,15762.0000,197.4810,101
2026-07-30 16:37:50,BE,197.5400,197.8000,197.0300,197.5700,17932.0000,197.4580,61
2026-07-30 16:37:55,BE,197.7900,197.9900,197.1800,197.7200,17520.0000,197.4220,65
2026-07-30 16:38:00,BE,197.7800,197.7800,197.0700,197.4900,4671.0000,197.4860,36
2026-07-30 16:38:05,BE,197.4800,197.4800,196.0200,196.4600,34871.0000,196.6330,199
2026-07-30 16:38:10,BE,196.2500,196.5900,196.0100,196.3000,15807.0000,196.3210,96
2026-07-30 16:38:15,BE,196.2500,197.1800,195.8000,197.1400,19950.0000,196.5020,129
2026-07-30 16:38:20,BE,197.1900,197.3900,196.4500,196.7400,12209.0000,197.0430,80
2026-07-30 16:38:25,BE,196.7400,197.3700,196.3200,197.1100,17417.0000,196.8200,118
2026-07-30 16:38:30,BE,196.8400,197.1800,196.6200,196.8900,12794.0000,196.8950,73
2026-07-30 16:38:35,BE,196.8300,197.2100,196.6700,197.2100,12497.0000,197.0100,57
2026-07-30 16:38:40,BE,197.3500,197.7900,196.8100,197.7800,27392.0000,197.4330,107
2026-07-30 16:38:45,BE,197.9700,198.5900,197.5900,198.5000,57819.0000,197.9800,136
2026-07-30 16:38:50,BE,198.1400,198.8900,198.0100,198.6300,12756.0000,198.4290,76
2026-07-30 16:38:55,BE,198.4000,198.7000,198.2500,198.5100,7287.0000,198.5300,42
2026-07-30 16:39:00,BE,198.6200,199.7100,198.4000,199.6300,13213.0000,198.9860,61
2026-07-30 16:39:05,BE,199.7100,199.7700,199.2000,199.6900,17564.0000,199.5890,63
2026-07-30 16:39:10,BE,199.6000,199.6600,199.0900,199.1400,12829.0000,199.3490,73
2026-07-30 16:39:15,BE,199.3700,199.9800,199.1200,199.9800,19202.0000,199.6040,79
2026-07-30 16:39:20,BE,199.7500,200.0500,199.2600,199.6400,78771.0000,199.8380,334
2026-07-30 16:39:25,BE,199.5300,199.9200,199.3100,199.6000,10343.0000,199.5960,77
2026-07-30 16:39:30,BE,199.5800,199.6700,198.8000,198.9200,15266.0000,199.1420,104
2026-07-30 16:39:35,BE,198.6700,198.9600,198.0000,198.6400,30615.0000,198.4630,119
2026-07-30 16:39:40,BE,198.6000,199.3100,198.3300,199.3100,3770.0000,198.8960,30
2026-07-30 16:39:45,BE,199.2900,199.8500,199.0900,199.2700,17242.0000,199.3500,97
2026-07-30 16:39:50,BE,199.2600,199.5500,198.9800,199.4400,10938.0000,199.1320,77
2026-07-30 16:39:55,BE,199.3800,199.6200,199.1800,199.3400,5904.0000,199.4020,39
2026-07-30 16:40:00,BE,199.3400,199.7300,198.5000,198.7700,43943.0000,199.2590,89
2026-07-30 16:40:05,BE,198.5300,199.0600,198.2000,198.2900,13459.0000,198.4660,93
2026-07-30 16:40:10,BE,198.1900,199.1700,197.6900,199.1100,15698.0000,198.3670,97
2026-07-30 16:40:15,BE,199.1300,200.3300,199.1300,199.9900,29713.0000,199.9160,173
2026-07-30 16:40:20,BE,199.9900,200.6800,199.8200,200.2600,26823.0000,200.2040,167
2026-07-30 16:40:25,BE,200.2600,200.8100,200.2300,200.6900,11622.0000,200.4720,65
2026-07-30 16:40:30,BE,200.8400,200.9500,200.0600,200.1700,13565.0000,200.5130,90
2026-07-30 16:40:35,BE,200.1700,200.4900,199.5400,199.5700,14961.0000,200.0270,106
2026-07-30 16:40:40,BE,199.7700,200.0500,199.5700,199.8600,7833.0000,199.8770,37
2026-07-30 16:40:45,BE,199.7300,201.5000,199.7100,201.2300,12834.0000,200.6020,54
2026-07-30 16:40:50,BE,201.7300,201.7300,199.9300,199.9400,11714.0000,200.6550,73
2026-07-30 16:40:55,BE,199.8300,200.1900,198.8200,198.8400,16744.0000,199.5320,82
2026-07-30 16:41:00,BE,199.0800,199.8000,198.8200,198.8600,18004.0000,199.3440,102
2026-07-30 16:41:05,BE,198.6100,198.6100,198.0100,198.3300,5305.0000,198.3900,36
2026-07-30 16:41:10,BE,198.3300,198.6300,197.9200,197.9200,10275.0000,198.2140,69
2026-07-30 16:41:15,BE,198.2000,198.4100,197.9800,198.3000,8772.0000,198.2140,59
2026-07-30 16:41:20,BE,198.1600,198.6400,198.1000,198.3000,5066.0000,198.3420,37
2026-07-30 16:41:25,BE,198.4600,198.5900,198.0100,198.2500,17087.0000,198.2490,56
2026-07-30 16:41:30,BE,198.2500,198.5000,197.7400,197.7700,16733.0000,198.0810,108
2026-07-30 16:41:35,BE,197.7400,198.3900,197.7300,198.0400,6849.0000,198.0780,47
2026-07-30 16:41:40,BE,198.2900,199.0000,197.6800,198.5800,12079.0000,198.3560,47
2026-07-30 16:41:45,BE,198.3600,198.9900,198.2800,198.6200,6483.0000,198.6100,27
2026-07-30 16:41:50,BE,198.6200,198.8800,198.2100,198.3500,10565.0000,198.4880,57
2026-07-30 16:41:55,BE,198.3700,198.4100,198.1000,198.1700,4694.0000,198.2300,42
2026-07-30 16:42:00,BE,198.3400,199.0400,198.3300,199.0000,8077.0000,198.8020,43
2026-07-30 16:42:05,BE,199.1800,199.9600,198.9900,199.9400,15371.0000,199.4310,89
2026-07-30 16:42:10,BE,199.9000,199.9400,199.2300,199.4800,6572.0000,199.5790,46
2026-07-30 16:42:15,BE,199.3000,199.5900,199.2800,199.4100,4511.0000,199.4470,22
2026-07-30 16:42:20,BE,199.4100,200.2700,199.0900,200.1700,20671.0000,199.6480,109
2026-07-30 16:42:25,BE,200.4700,200.7700,200.1700,200.7500,16708.0000,200.5900,120
2026-07-30 16:42:30,BE,200.7700,200.9100,200.3800,200.4600,17157.0000,200.7410,76
2026-07-30 16:42:35,BE,200.8900,200.9100,200.5400,200.5400,11301.0000,200.7380,57
2026-07-30 16:42:40,BE,200.7100,201.1800,200.0900,201.0900,17976.0000,200.7170,117
2026-07-30 16:42:45,BE,201.0700,201.1900,200.4400,200.8100,7370.0000,200.8540,44
2026-07-30 16:42:50,BE,200.8600,200.9800,200.3300,200.6800,14656.0000,200.6920,83
2026-07-30 16:42:55,BE,200.7100,200.9700,200.6600,200.8500,2169.0000,200.7970,15
2026-07-30 16:43:00,BE,200.9700,200.9800,200.0500,200.3100,6739.0000,200.5690,38
2026-07-30 16:43:05,BE,200.3100,200.4400,199.5500,199.9700,10258.0000,199.9730,52
2026-07-30 16:43:10,BE,199.8000,200.1500,199.7200,199.8200,4958.0000,199.9620,31
2026-07-30 16:43:15,BE,199.8200,199.8200,199.2200,199.5700,8546.0000,199.4800,62
2026-07-30 16:43:20,BE,199.1700,199.3700,198.8300,198.8400,14243.0000,199.0990,93
2026-07-30 16:43:25,BE,198.7300,199.1100,198.5000,198.9400,8540.0000,198.8080,60
2026-07-30 16:43:30,BE,199.0100,199.4800,198.8500,199.4600,3976.0000,199.2740,31
2026-07-30 16:43:35,BE,199.2000,199.4400,198.9100,199.2300,3459.0000,199.0800,19
2026-07-30 16:43:40,BE,199.2400,199.7900,199.2100,199.7900,4178.0000,199.4970,26
2026-07-30 16:43:45,BE,199.9900,201.2100,199.6400,201.2000,28124.0000,200.4870,141
2026-07-30 16:43:50,BE,201.1900,201.4200,200.7100,200.9300,39007.0000,200.9830,223
2026-07-30 16:43:55,BE,201.1500,202.2200,201.1500,202.1100,22968.0000,201.7730,91
2026-07-30 16:44:00,BE,201.9900,203.0400,201.9900,203.0400,29051.0000,202.7010,164
2026-07-30 16:44:05,BE,203.2000,204.1300,203.1000,204.0100,34180.0000,203.7070,143
2026-07-30 16:44:10,BE,204.2100,204.3600,203.8400,203.9600,24373.0000,204.1330,114
2026-07-30 16:44:15,BE,203.8800,204.7200,203.8800,204.6600,16992.0000,204.4350,72
2026-07-30 16:44:20,BE,204.6400,205.4000,204.5600,205.2000,35426.0000,205.0390,202
2026-07-30 16:44:25,BE,205.0600,205.6500,204.8600,205.4200,27171.0000,205.2550,130
2026-07-30 16:44:30,BE,205.5700,205.5800,204.6900,204.7300,44420.0000,205.0690,168
2026-07-30 16:44:35,BE,204.8800,205.5700,204.7200,205.1600,19791.0000,205.1340,80
2026-07-30 16:44:40,BE,205.0800,205.9500,205.0800,205.6000,27061.0000,205.5320,120
2026-07-30 16:44:45,BE,205.7600,205.9700,205.0800,205.5000,31138.0000,205.6280,134
2026-07-30 16:44:50,BE,205.5000,205.5600,205.1600,205.3800,22947.0000,205.4600,73
2026-07-30 16:44:55,BE,205.1900,205.5100,204.4400,204.6200,48667.0000,204.8960,232
2026-07-30 16:45:00,BE,204.6200,204.8700,204.0000,204.8700,16745.0000,204.4450,88
2026-07-30 16:45:05,BE,204.5900,205.1700,204.3100,204.9900,14865.0000,204.9010,89
2026-07-30 16:45:10,BE,205.0300,205.3800,205.0000,205.2000,12027.0000,205.2170,72
2026-07-30 16:45:15,BE,205.2000,206.4200,205.0800,206.0700,32091.0000,205.9810,64
2026-07-30 16:45:20,BE,206.0700,207.0000,205.9700,206.9700,26111.0000,206.5410,95
2026-07-30 16:45:25,BE,207.0000,207.5000,206.8200,207.4900,16592.0000,207.2770,68
2026-07-30 16:45:30,BE,207.2500,207.4200,207.0000,207.2200,12096.0000,207.1920,71
2026-07-30 16:45:35,BE,207.2500,207.4800,206.8300,207.1700,13350.0000,207.0220,70
2026-07-30 16:45:40,BE,207.1600,207.7800,206.8400,207.7700,27981.0000,207.3310,92
2026-07-30 16:45:45,BE,207.5000,207.7800,207.1000,207.3800,8211.0000,207.4560,59
2026-07-30 16:45:50,BE,207.3800,207.6600,206.9900,207.5400,60835.0000,207.4210,298
2026-07-30 16:45:55,BE,207.4900,207.4900,206.3900,206.7700,17330.0000,206.9190,102
2026-07-30 16:46:00,BE,206.9800,207.1200,206.5900,206.7100,12937.0000,206.8550,73
2026-07-30 16:46:05,BE,206.8200,207.1600,206.8200,207.1600,36886.0000,207.0410,43
2026-07-30 16:46:10,BE,207.1800,207.5500,207.0000,207.2700,22936.0000,207.2510,123
2026-07-30 16:46:15,BE,207.2700,207.4800,206.8300,207.1100,15872.0000,207.0550,90
2026-07-30 16:46:20,BE,207.1100,207.2200,206.4900,206.8000,20644.0000,206.8540,105
2026-07-30 16:46:25,BE,206.6300,206.9600,206.4000,206.8600,13608.0000,206.6800,80
2026-07-30 16:46:30,BE,206.7500,207.0000,205.6000,205.9400,20841.0000,206.4530,125
2026-07-30 16:46:35,BE,205.9400,206.5000,205.6300,206.2300,14867.0000,206.1870,105
2026-07-30 16:46:40,BE,206.2300,206.4500,205.7200,206.4500,21474.0000,206.1600,161
2026-07-30 16:46:45,BE,206.4500,206.9200,206.3600,206.6400,16767.0000,206.6630,85
2026-07-30 16:46:50,BE,206.6400,206.6600,206.0400,206.2700,9322.0000,206.4100,64
2026-07-30 16:46:55,BE,206.0400,206.8500,206.0300,206.2800,13189.0000,206.3180,58
2026-07-30 16:47:00,BE,206.5300,207.0600,206.0300,207.0600,16888.0000,206.6220,78
2026-07-30 16:47:05,BE,207.0600,207.4000,206.8900,207.1500,18395.0000,207.1310,99
2026-07-30 16:47:10,BE,206.9200,207.1600,206.7900,206.7900,7423.0000,206.9220,52
2026-07-30 16:47:15,BE,206.8900,207.4000,206.6200,207.3400,14051.0000,207.0160,88
2026-07-30 16:47:20,BE,207.3400,207.4500,206.7400,206.8500,7829.0000,207.0020,56
2026-07-30 16:47:25,BE,206.8900,207.4000,206.8500,207.0300,8551.0000,206.9990,48
2026-07-30 16:47:30,BE,207.2100,207.5000,206.8500,207.1200,9424.0000,207.3090,52
2026-07-30 16:47:35,BE,207.2100,207.2500,206.4800,206.4900,24617.0000,206.9140,136
2026-07-30 16:47:40,BE,206.4900,206.9400,206.3500,206.3700,5355.0000,206.6220,36
2026-07-30 16:47:45,BE,206.4200,207.0000,205.7800,205.7900,15221.0000,206.5430,128
2026-07-30 16:47:50,BE,205.9500,206.3300,205.7800,205.8700,11961.0000,205.9980,47
2026-07-30 16:47:55,BE,206.0500,206.3400,205.5800,206.0300,14313.0000,206.0310,68
2026-07-30 16:48:00,BE,206.0800,206.7200,205.8800,206.4600,10596.0000,206.0960,71
2026-07-30 16:48:05,BE,206.6000,207.3500,206.4500,206.8700,14130.0000,206.9030,78
2026-07-30 16:48:10,BE,206.8400,207.1700,206.5100,207.0400,6737.0000,206.7960,52
2026-07-30 16:48:15,BE,207.0600,207.4500,206.7200,207.2900,7557.0000,207.1200,49
2026-07-30 16:48:20,BE,207.3000,207.5000,207.1000,207.4900,13511.0000,207.2970,77
2026-07-30 16:48:25,BE,207.5000,208.1200,207.3400,208.1100,64886.0000,207.6110,278
2026-07-30 16:48:30,BE,207.9000,208.6600,207.7700,208.5300,16578.0000,208.3100,88
2026-07-30 16:48:35,BE,208.6600,209.4100,208.4400,209.0300,15208.0000,208.9780,102
2026-07-30 16:48:40,BE,209.2800,209.4000,208.7300,209.1000,26127.0000,209.0140,121
2026-07-30 16:48:45,BE,209.0900,209.1000,208.1900,208.5300,32862.0000,208.6850,174
2026-07-30 16:48:50,BE,208.5300,208.5300,207.4500,207.7300,47731.0000,207.9970,244
2026-07-30 16:48:55,BE,207.6900,208.2100,207.2900,207.6800,20478.0000,207.7210,149
2026-07-30 16:49:00,BE,207.6800,207.9600,207.2900,207.5300,9103.0000,207.6240,55
2026-07-30 16:49:05,BE,207.7400,207.7600,207.3300,207.7300,8527.0000,207.5740,44
2026-07-30 16:49:10,BE,207.7400,208.0000,207.3500,207.4600,6098.0000,207.6510,41
2026-07-30 16:49:15,BE,207.6100,208.0000,206.7900,206.9200,13945.0000,207.3660,99
2026-07-30 16:49:20,BE,207.2200,207.7600,206.5800,207.4700,11922.0000,207.1690,53
2026-07-30 16:49:25,BE,207.1700,207.9100,207.1600,207.8500,3804.0000,207.7120,28
2026-07-30 16:49:30,BE,207.8900,208.4500,207.5300,208.3900,6526.0000,208.0400,49
2026-07-30 16:49:35,BE,208.0800,208.4400,207.5500,208.0000,11808.0000,208.0100,55
2026-07-30 16:49:40,BE,207.8800,208.1900,207.5100,208.1900,10884.0000,207.7230,58
2026-07-30 16:49:45,BE,208.1400,208.1400,207.7100,207.9900,6276.0000,207.8780,48
2026-07-30 16:49:50,BE,207.7500,208.1900,207.3500,207.5700,16366.0000,207.6950,65
2026-07-30 16:49:55,BE,207.7000,208.8000,207.5600,208.6800,15046.0000,208.2560,89
2026-07-30 16:50:00,BE,208.8100,209.7700,208.2200,209.5700,31056.0000,209.1220,134
2026-07-30 16:50:05,BE,209.5600,209.7700,208.3000,208.3700,21947.0000,209.0480,112
2026-07-30 16:50:10,BE,208.8400,209.3500,208.4000,209.1300,7091.0000,208.9590,48
2026-07-30 16:50:15,BE,209.4300,209.4800,208.4200,208.8400,14024.0000,208.9880,96
2026-07-30 16:50:20,BE,208.5000,209.2800,208.5000,208.9500,18211.0000,208.9550,121
2026-07-30 16:50:25,BE,209.0700,209.2800,208.4700,208.6000,6655.0000,208.7670,44
2026-07-30 16:50:30,BE,208.6000,208.9600,208.4800,208.7100,7515.0000,208.7100,51
2026-07-30 16:50:35,BE,208.7100,208.8400,208.0000,208.0100,7978.0000,208.4160,49
2026-07-30 16:50:40,BE,208.0400,208.2100,207.8200,207.8400,8833.0000,207.9460,44
2026-07-30 16:50:45,BE,208.1600,208.6800,207.8400,208.3900,8064.0000,208.3150,54
2026-07-30 16:50:50,BE,208.3100,209.0000,208.2500,208.9200,5139.0000,208.5540,36
2026-07-30 16:50:55,BE,208.8600,209.0000,208.5000,208.7700,8164.0000,208.8060,59
2026-07-30 16:51:00,BE,208.7800,208.8000,208.3900,208.4800,5746.0000,208.6300,37
2026-07-30 16:51:05,BE,208.4800,208.5100,208.1900,208.2000,5836.0000,208.3020,43
2026-07-30 16:51:10,BE,208.2000,208.3000,208.0000,208.1700,15704.0000,208.1130,76
2026-07-30 16:51:15,BE,208.1000,208.9000,207.8500,208.7000,10592.0000,208.3300,72
2026-07-30 16:51:20,BE,208.5700,208.8900,208.2300,208.2700,9353.0000,208.4690,57
2026-07-30 16:51:25,BE,208.1300,208.5700,207.0000,207.4600,11404.0000,208.0480,80
2026-07-30 16:51:30,BE,207.2700,207.3400,206.8500,207.1000,13145.0000,207.0100,78
2026-07-30 16:51:35,BE,207.3400,207.4400,206.8500,207.0800,18493.0000,207.1480,89
2026-07-30 16:51:40,BE,206.9200,207.1200,206.4600,206.6700,15551.0000,206.8060,99
2026-07-30 16:51:45,BE,206.6500,206.9800,206.3300,206.8700,13612.0000,206.5760,73
2026-07-30 16:51:50,BE,206.9200,207.1000,206.6800,206.8600,3663.0000,206.9340,23
2026-07-30 16:51:55,BE,206.8900,206.9900,206.6400,206.7700,5303.0000,206.8040,26
2026-07-30 16:52:00,BE,206.9700,207.2800,206.3500,206.4500,20355.0000,206.7770,113
2026-07-30 16:52:05,BE,206.3100,206.4400,205.7100,205.8400,19611.0000,205.9840,96
2026-07-30 16:52:10,BE,205.9700,206.2100,205.6900,205.7100,12793.0000,205.8100,61
2026-07-30 16:52:15,BE,205.8700,206.2000,205.6200,206.1500,9045.0000,205.9310,59
2026-07-30 16:52:20,BE,206.0600,207.0000,205.8700,206.5700,9077.0000,206.2210,40
2026-07-30 16:52:25,BE,206.5600,206.7700,206.2000,206.7500,8164.0000,206.3910,43
2026-07-30 16:52:30,BE,206.7500,206.7500,205.5200,205.8000,18834.0000,206.0710,95
2026-07-30 16:52:35,BE,205.9000,206.1400,205.3100,206.1400,29404.0000,205.6920,154
2026-07-30 16:52:40,BE,206.1000,206.1000,205.3200,205.6000,12680.0000,205.6780,71
2026-07-30 16:52:45,BE,205.7600,206.2000,205.3100,206.1900,29821.0000,205.8780,132
2026-07-30 16:52:50,BE,206.1300,206.2700,205.4500,205.8600,11069.0000,205.7790,58
2026-07-30 16:52:55,BE,206.0000,206.6000,205.8300,206.1700,13781.0000,206.2490,60
2026-07-30 16:53:00,BE,206.3600,206.6100,205.8800,205.9300,4867.0000,206.2130,36
2026-07-30 16:53:05,BE,205.9300,206.3500,205.7000,206.0000,7782.0000,205.9690,39
2026-07-30 16:53:10,BE,206.0700,206.6500,205.9700,206.4700,7594.0000,206.2520,44
2026-07-30 16:53:15,BE,206.5000,207.0700,206.0200,206.8500,12304.0000,206.5730,83
2026-07-30 16:53:20,BE,206.8500,207.6000,206.7400,207.2400,11379.0000,207.1790,69
2026-07-30 16:53:25,BE,207.1900,207.8800,207.1200,207.2400,16559.0000,207.4960,112
2026-07-30 16:53:30,BE,207.2400,208.2800,207.1200,208.2200,11779.0000,207.7460,45
2026-07-30 16:53:35,BE,208.3000,208.5000,208.0100,208.5000,4150.0000,208.3060,26
2026-07-30 16:53:40,BE,208.5900,208.7900,208.1900,208.3400,11219.0000,208.4830,51
2026-07-30 16:53:45,BE,208.3400,208.6200,208.2400,208.6200,8638.0000,208.4140,45
2026-07-30 16:53:50,BE,208.5000,208.6200,208.2500,208.5100,8452.0000,208.4710,61
2026-07-30 16:53:55,BE,208.3800,208.8400,208.3300,208.5000,7427.0000,208.5650,47
2026-07-30 16:54:00,BE,208.5000,208.7600,208.3100,208.7000,7584.0000,208.6190,33
2026-07-30 16:54:05,BE,208.5600,209.3400,208.4500,209.2000,37415.0000,209.0040,103
2026-07-30 16:54:10,BE,209.3100,209.4000,208.9000,209.2200,9120.0000,209.1700,63
2026-07-30 16:54:15,BE,209.1200,209.3400,208.9100,209.1500,8313.0000,209.1870,48
2026-07-30 16:54:20,BE,209.3000,209.4300,209.0000,209.3200,11435.0000,209.2170,76
2026-07-30 16:54:25,BE,209.1800,209.1800,208.5000,208.6700,9582.0000,208.9180,55
2026-07-30 16:54:30,BE,208.6700,209.8700,208.6600,209.7700,25238.0000,209.4540,128
2026-07-30 16:54:35,BE,209.8300,209.8700,209.2400,209.6100,7093.0000,209.6520,38
2026-07-30 16:54:40,BE,209.8600,210.4500,209.7300,209.8800,38511.0000,210.0200,201
2026-07-30 16:54:45,BE,209.8000,210.1700,209.7300,210.1700,6222.0000,209.9380,44
2026-07-30 16:54:50,BE,210.1700,210.3600,209.9000,210.1700,15292.0000,210.0850,88
2026-07-30 16:54:55,BE,210.1900,210.3800,209.0000,209.2300,19271.0000,209.8020,107
2026-07-30 16:55:00,BE,209.1000,210.4700,209.1000,210.4400,21846.0000,210.0650,71
2026-07-30 16:55:05,BE,210.4400,210.5200,209.4500,209.7100,10355.0000,210.2670,79
2026-07-30 16:55:10,BE,209.8100,209.8100,209.4000,209.5900,8100.0000,209.5960,53
2026-07-30 16:55:15,BE,209.8500,210.0200,209.4600,209.9200,3077.0000,209.7340,17
2026-07-30 16:55:20,BE,209.9100,210.3500,209.7900,209.8000,11533.0000,210.0460,56
2026-07-30 16:55:25,BE,209.9500,209.9600,209.3800,209.7000,4989.0000,209.6310,33
2026-07-30 16:55:30,BE,209.7000,209.9200,209.4800,209.6400,6824.0000,209.7050,39
2026-07-30 16:55:35,BE,209.7000,209.7900,209.3400,209.6600,15934.0000,209.4880,94
2026-07-30 16:55:40,BE,209.6600,210.3100,209.6500,210.1300,6963.0000,209.9850,41
2026-07-30 16:55:45,BE,210.0700,210.8300,210.0000,210.7200,9016.0000,210.3200,55
2026-07-30 16:55:50,BE,210.7600,211.5000,210.3500,210.7700,34902.0000,210.8020,214
2026-07-30 16:55:55,BE,210.7100,210.9200,210.4000,210.6100,7449.0000,210.7220,51
2026-07-30 16:56:00,BE,210.7900,210.8000,210.0000,210.1700,14400.0000,210.3950,108
2026-07-30 16:56:05,BE,210.6100,210.6500,210.0100,210.2700,6567.0000,210.2720,26
2026-07-30 16:56:10,BE,210.2700,210.8100,210.2000,210.5700,30534.0000,210.4490,138
2026-07-30 16:56:15,BE,210.6600,211.7500,210.5200,211.5400,11059.0000,211.1610,47
2026-07-30 16:56:20,BE,211.5400,211.8000,211.2200,211.7400,18315.0000,211.4720,74
2026-07-30 16:56:25,BE,211.4900,211.7500,211.0100,211.1900,13577.0000,211.3880,78
2026-07-30 16:56:30,BE,211.3000,211.4400,210.9000,211.4400,7893.0000,211.2250,40
2026-07-30 16:56:35,BE,211.2500,211.4300,211.2400,211.3600,4456.0000,211.3230,21
2026-07-30 16:56:40,BE,211.2900,211.3600,210.7200,210.7500,12674.0000,211.1590,75
2026-07-30 16:56:45,BE,210.5200,211.0900,210.5200,210.8800,5107.0000,210.8050,35
2026-07-30 16:56:50,BE,210.9900,211.0000,210.8200,210.9500,5800.0000,210.9230,43
2026-07-30 16:56:55,BE,210.9500,210.9700,210.5300,210.6500,12156.0000,210.7410,78
2026-07-30 16:57:00,BE,210.6700,211.0800,210.4800,210.9500,13140.0000,210.7820,65
2026-07-30 16:57:05,BE,210.9500,211.0000,210.6100,210.7600,7854.0000,210.8510,62
2026-07-30 16:57:10,BE,210.4600,210.5000,210.2000,210.4800,4668.0000,210.3740,27
2026-07-30 16:57:15,BE,210.5200,210.7400,210.3700,210.7300,3967.0000,210.5530,20
2026-07-30 16:57:20,BE,210.6200,210.8000,209.1100,209.6400,34021.0000,209.9440,136
2026-07-30 16:57:25,BE,209.5300,209.7500,209.1100,209.5700,9504.0000,209.3560,43
2026-07-30 16:57:30,BE,209.5800,210.3500,209.0900,210.1000,53767.0000,209.6430,339
2026-07-30 16:57:35,BE,210.2000,210.4900,209.8200,210.4900,18428.0000,210.2380,53
2026-07-30 16:57:40,BE,210.5000,210.6700,209.8200,210.0300,13727.0000,210.2620,97
2026-07-30 16:57:45,BE,210.0300,210.0300,209.3800,209.7700,10369.0000,209.6510,76
2026-07-30 16:57:50,BE,209.6500,210.0000,209.4400,209.9200,10593.0000,209.6720,67
2026-07-30 16:57:55,BE,209.9200,210.0300,209.7300,209.7300,3963.0000,209.8600,24
2026-07-30 16:58:00,BE,209.8500,209.9400,209.6200,209.6200,8560.0000,209.7560,61
2026-07-30 16:58:05,BE,209.5000,209.9900,209.4000,209.5300,8231.0000,209.5610,48
2026-07-30 16:58:10,BE,209.6500,209.7800,209.5300,209.6800,9617.0000,209.7030,51
2026-07-30 16:58:15,BE,209.8300,210.4300,209.6400,210.2300,9187.0000,210.1420,52
2026-07-30 16:58:20,BE,210.3300,210.3400,209.6100,209.9200,10431.0000,209.9480,55
2026-07-30 16:58:25,BE,209.9000,209.9100,209.5200,209.7300,8990.0000,209.7280,49
2026-07-30 16:58:30,BE,209.8900,210.0500,209.1900,209.4600,11000.0000,209.6780,77
2026-07-30 16:58:35,BE,209.5000,209.9800,208.9400,209.7400,18424.0000,209.3090,105
2026-07-30 16:58:40,BE,209.5000,210.0800,209.4900,210.0000,7097.0000,209.8420,48
2026-07-30 16:58:45,BE,210.1000,210.7300,209.5000,209.7500,29517.0000,210.2500,120
2026-07-30 16:58:50,BE,209.3000,210.1900,209.3000,210.1500,6432.0000,209.7620,46
2026-07-30 16:58:55,BE,209.9300,209.9300,209.2400,209.7200,8609.0000,209.5950,54
2026-07-30 16:59:00,BE,209.4300,209.9100,209.1400,209.9100,7537.0000,209.4850,56
2026-07-30 16:59:05,BE,209.5700,210.2100,208.9800,210.1400,43288.0000,209.2140,130
2026-07-30 16:59:10,BE,210.1100,210.1100,209.4600,209.6000,7047.0000,209.7010,51
2026-07-30 16:59:15,BE,209.6700,210.4000,209.4600,210.1900,5659.0000,209.8860,31
2026-07-30 16:59:20,BE,210.1900,210.8000,210.0300,210.2100,11114.0000,210.4700,70
2026-07-30 16:59:25,BE,210.2100,210.5000,210.2100,210.5000,3336.0000,210.4610,18
2026-07-30 16:59:30,BE,210.5000,210.8300,210.4300,210.8300,9588.0000,210.5990,67
2026-07-30 16:59:35,BE,210.9900,211.0000,210.2200,210.5400,40130.0000,210.4690,114
2026-07-30 16:59:40,BE,210.5800,210.8300,210.5100,210.6900,2925.0000,210.6510,28
2026-07-30 16:59:45,BE,210.7900,210.8000,210.4800,210.6800,6163.0000,210.6470,32
2026-07-30 16:59:50,BE,210.6700,210.9500,210.4200,210.9500,16490.0000,210.5810,58
2026-07-30 16:59:55,BE,210.9700,211.3600,210.9000,211.0500,11360.0000,211.0540,71
2026-07-30 17:00:00,BE,211.0300,211.1800,210.1800,210.3200,20239.0000,210.8010,105
2026-07-30 17:00:05,BE,210.3000,210.8100,209.0000,209.2300,12533.0000,209.6020,91
2026-07-30 17:00:10,BE,209.1500,209.3400,208.0000,209.0400,35972.0000,208.4800,192
2026-07-30 17:00:15,BE,208.8500,209.2700,208.8200,209.0400,8230.0000,209.0200,42
2026-07-30 17:00:20,BE,209.2500,209.5000,208.8200,209.4800,7623.0000,209.0850,59
2026-07-30 17:00:25,BE,209.1700,209.5300,209.0700,209.2600,4964.0000,209.3450,34
2026-07-30 17:00:30,BE,209.0800,209.6000,209.0800,209.6000,5961.0000,209.3030,45
2026-07-30 17:00:35,BE,209.7200,209.7500,209.2000,209.5000,5133.0000,209.4160,34
2026-07-30 17:00:40,BE,209.5900,210.4000,209.3100,210.1700,12982.0000,209.8480,61
2026-07-30 17:00:45,BE,210.4000,210.4000,210.1000,210.1800,10628.0000,210.2710,66
2026-07-30 17:00:50,BE,209.9600,210.5400,209.5200,210.1300,10872.0000,210.1870,36
2026-07-30 17:00:55,BE,210.0100,211.4900,210.0000,211.3600,7820.0000,210.9570,51
2026-07-30 17:01:00,BE,211.5000,212.6500,211.4600,211.9700,28634.0000,212.1490,158
2026-07-30 17:01:05,BE,212.3200,212.3200,211.7100,212.1500,13699.0000,212.0700,87
2026-07-30 17:01:10,BE,212.1500,212.5100,212.1500,212.2200,12093.0000,212.3480,80
2026-07-30 17:01:15,BE,212.4300,212.7900,212.1300,212.4100,14625.0000,212.3460,110
2026-07-30 17:01:20,BE,212.5200,213.2900,212.1000,213.2800,29316.0000,212.7430,155
2026-07-30 17:01:25,BE,213.2800,213.7100,212.9800,213.2900,23926.0000,213.3970,155
2026-07-30 17:01:30,BE,213.3400,213.5800,212.5200,212.6700,16504.0000,213.2090,101
2026-07-30 17:01:35,BE,212.5000,212.9900,212.2800,212.8000,12494.0000,212.6080,57
2026-07-30 17:01:40,BE,212.9300,212.9300,212.2300,212.4900,12147.0000,212.5100,82
2026-07-30 17:01:45,BE,212.4900,212.6800,211.5700,211.6200,13193.0000,212.1390,77
2026-07-30 17:01:50,BE,211.5600,212.3000,211.2900,211.7100,8331.0000,211.8020,45
2026-07-30 17:01:55,BE,211.7500,212.0500,211.3600,211.9900,6415.0000,211.8450,33
2026-07-30 17:02:00,BE,212.0300,212.9900,212.0200,212.3900,8397.0000,212.4150,53
2026-07-30 17:02:05,BE,212.5700,212.7000,212.3800,212.4500,8093.0000,212.4630,50
2026-07-30 17:02:10,BE,212.4400,212.7500,212.2100,212.6600,12500.0000,212.5180,54
2026-07-30 17:02:15,BE,212.6100,212.7600,212.2700,212.2900,4134.0000,212.5230,33
2026-07-30 17:02:20,BE,212.3900,212.7400,212.0900,212.3400,16401.0000,212.4440,101
2026-07-30 17:02:25,BE,212.6100,212.6200,211.7300,211.7400,16135.0000,212.0150,117
2026-07-30 17:02:30,BE,211.7400,212.2000,211.5000,212.1700,16965.0000,211.9340,101
2026-07-30 17:02:35,BE,211.8200,211.9700,211.0200,211.3800,15091.0000,211.5380,107
2026-07-30 17:02:40,BE,211.3700,211.7100,210.9000,211.5400,10882.0000,211.2090,64
2026-07-30 17:02:45,BE,211.3000,211.9500,211.2300,211.7500,9927.0000,211.4570,62
2026-07-30 17:02:50,BE,211.7500,211.7900,211.2000,211.6500,5824.0000,211.4420,34
2026-07-30 17:02:55,BE,211.6400,211.7100,211.0000,211.2200,13197.0000,211.2480,81
2026-07-30 17:03:00,BE,211.3100,211.5700,210.9000,211.5700,13098.0000,211.2800,85
2026-07-30 17:03:05,BE,211.5500,211.6700,211.2100,211.5000,7515.0000,211.3170,48
2026-07-30 17:03:10,BE,211.3600,211.6700,211.0000,211.2000,11358.0000,211.3280,63
2026-07-30 17:03:15,BE,211.0700,211.4900,210.8300,211.0900,13223.0000,211.1370,62
2026-07-30 17:03:20,BE,211.4800,211.7900,211.0200,211.2000,17128.0000,211.3080,88
2026-07-30 17:03:25,BE,211.4000,211.5000,211.1300,211.2400,3373.0000,211.3620,19
2026-07-30 17:03:30,BE,211.1900,211.4100,210.7900,210.9800,6810.0000,210.9930,37
2026-07-30 17:03:35,BE,210.9400,211.5000,210.8700,211.4500,7948.0000,211.1990,47
2026-07-30 17:03:40,BE,211.4500,211.4500,210.8900,210.9100,5970.0000,211.0970,36
2026-07-30 17:03:45,BE,210.7800,211.7300,210.5400,211.7100,18289.0000,211.0600,76
2026-07-30 17:03:50,BE,211.9100,212.2600,211.5600,212.2600,9425.0000,211.8820,47
2026-07-30 17:03:55,BE,212.1200,212.5600,212.0200,212.2300,13624.0000,212.2210,67
2026-07-30 17:04:00,BE,212.2300,212.2300,211.5900,211.7600,5186.0000,211.8250,38
2026-07-30 17:04:05,BE,211.7100,211.7100,210.9900,210.9900,6706.0000,211.2910,41
2026-07-30 17:04:10,BE,211.0300,211.4200,210.8000,211.4200,7683.0000,211.0440,48
2026-07-30 17:04:15,BE,211.6000,211.6000,210.7200,211.3200,16947.0000,211.0570,101
2026-07-30 17:04:20,BE,210.6300,210.9800,210.0300,210.9600,20148.0000,210.4870,79
2026-07-30 17:04:25,BE,210.7500,210.9300,210.6100,210.7400,900.0000,210.7480,9
2026-07-30 17:04:30,BE,210.7400,210.9000,210.5900,210.7500,2095.0000,210.7220,17
2026-07-30 17:04:35,BE,210.8000,211.1900,210.7900,210.8300,3910.0000,210.9350,26
2026-07-30 17:04:40,BE,210.8500,211.0500,210.5200,210.6600,15675.0000,210.7230,78
2026-07-30 17:04:45,BE,210.8300,211.1700,210.5500,211.0800,7232.0000,210.7970,26
2026-07-30 17:04:50,BE,210.8700,210.8700,210.2900,210.2900,4553.0000,210.5970,42
2026-07-30 17:04:55,BE,210.2800,210.4200,210.0700,210.2900,2645.0000,210.2820,16
2026-07-30 17:05:00,BE,210.2900,210.6900,210.2400,210.6900,8072.0000,210.4230,31
2026-07-30 17:05:05,BE,210.2900,210.7500,210.2300,210.3000,9122.0000,210.5430,54
2026-07-30 17:05:10,BE,210.5000,210.8800,210.1600,210.8100,22939.0000,210.6620,121
2026-07-30 17:05:15,BE,210.6100,210.8100,209.5100,209.7000,25023.0000,210.0540,166
2026-07-30 17:05:20,BE,209.6000,209.6900,209.3000,209.6700,7941.0000,209.5120,50
2026-07-30 17:05:25,BE,209.5600,209.5600,209.1600,209.1600,16246.0000,209.2920,57
2026-07-30 17:05:30,BE,209.2400,209.8000,209.1900,209.6000,11993.0000,209.5980,54
2026-07-30 17:05:35,BE,209.3400,209.7200,209.2100,209.6200,9971.0000,209.4740,73
2026-07-30 17:05:40,BE,209.6100,209.9900,209.3500,209.8000,16904.0000,209.7050,128
2026-07-30 17:05:45,BE,209.6700,210.3800,209.3500,209.6800,9806.0000,210.0120,65
2026-07-30 17:05:50,BE,209.6700,209.9800,209.4300,209.4700,2628.0000,209.6830,22
2026-07-30 17:05:55,BE,209.6700,210.3000,209.4700,209.9800,4514.0000,209.8480,33
2026-07-30 17:06:00,BE,210.0400,210.4400,209.3500,209.5000,9789.0000,209.9370,73
2026-07-30 17:06:05,BE,209.3800,209.6500,208.8000,209.0000,16730.0000,209.0600,79
2026-07-30 17:06:10,BE,209.3100,209.3100,208.3900,208.5000,21573.0000,208.7630,97
2026-07-30 17:06:15,BE,208.5000,209.0000,208.2200,208.9200,25009.0000,208.6350,114
2026-07-30 17:06:20,BE,208.7300,208.7300,207.5000,207.7700,20003.0000,207.9990,132
2026-07-30 17:06:25,BE,207.7500,208.0000,206.5900,206.9400,47733.0000,207.0370,286
2026-07-30 17:06:30,BE,207.1200,207.2500,206.3800,206.7600,35844.0000,206.9630,203
2026-07-30 17:06:35,BE,206.6800,206.7600,206.2300,206.2300,21629.0000,206.4300,94
2026-07-30 17:06:40,BE,206.3700,206.5100,205.7200,205.8300,34453.0000,206.2210,193
2026-07-30 17:06:45,BE,206.0300,206.2100,205.7700,206.1600,35036.0000,205.9640,94
2026-07-30 17:06:50,BE,205.9800,206.1300,205.6400,205.9400,31090.0000,205.8900,146
2026-07-30 17:06:55,BE,205.9500,206.0100,205.7500,205.9400,17580.0000,205.8710,69
2026-07-30 17:07:00,BE,205.9400,207.6000,205.9400,207.1400,19831.0000,206.6210,135
2026-07-30 17:07:05,BE,207.1300,208.0000,207.1300,207.8800,16200.0000,207.6210,99
2026-07-30 17:07:10,BE,207.8800,208.0600,207.6800,207.8600,13497.0000,207.8520,82
2026-07-30 17:07:15,BE,208.0300,208.2500,207.7100,207.8900,12019.0000,207.9920,76
2026-07-30 17:07:20,BE,208.0000,208.2500,207.8400,208.0600,4396.0000,208.0390,26
2026-07-30 17:07:25,BE,208.0200,208.1900,207.6500,208.0900,10267.0000,207.9510,73
2026-07-30 17:07:30,BE,208.1000,208.4100,207.3500,207.3600,9119.0000,208.0780,56
2026-07-30 17:07:35,BE,207.5200,207.8100,207.2000,207.7200,7546.0000,207.5570,44
2026-07-30 17:07:40,BE,207.5800,208.4600,207.5800,208.4600,6807.0000,208.0100,49
2026-07-30 17:07:45,BE,208.1500,208.5300,207.9700,208.3800,8239.0000,208.2070,49
2026-07-30 17:07:50,BE,208.2300,208.2600,207.6200,207.7200,10825.0000,208.0250,69
2026-07-30 17:07:55,BE,207.8000,207.9400,207.3000,207.6500,6012.0000,207.6230,41
2026-07-30 17:08:00,BE,207.8100,207.9400,207.3000,207.4500,6843.0000,207.6440,50
2026-07-30 17:08:05,BE,207.4400,207.6500,207.1900,207.3800,4819.0000,207.4120,31
2026-07-30 17:08:10,BE,207.2500,207.3100,206.4800,207.0600,10417.0000,206.9880,63
2026-07-30 17:08:15,BE,207.2900,207.5300,206.8500,206.9300,6702.0000,207.1630,53
2026-07-30 17:08:20,BE,207.0000,207.2300,206.6200,206.9700,5639.0000,206.9160,32
2026-07-30 17:08:25,BE,206.7700,207.2500,206.7700,206.9900,4880.0000,207.0610,39
2026-07-30 17:08:30,BE,207.3500,207.3900,206.5400,206.7100,11035.0000,206.9630,69
2026-07-30 17:08:35,BE,206.5900,206.5900,206.0100,206.3600,6785.0000,206.3090,46
2026-07-30 17:08:40,BE,206.5200,207.0000,206.2100,206.8300,8168.0000,206.5980,57
2026-07-30 17:08:45,BE,206.8100,206.8100,206.2500,206.4200,6707.0000,206.5370,47
2026-07-30 17:08:50,BE,206.4200,206.6600,206.1700,206.3500,16750.0000,206.3730,123
2026-07-30 17:08:55,BE,206.4000,206.7500,206.1500,206.7500,26943.0000,206.4070,126
2026-07-30 17:09:00,BE,206.7500,207.0000,206.4500,206.8700,9096.0000,206.8210,54
2026-07-30 17:09:05,BE,206.8200,206.8200,206.1800,206.4100,12550.0000,206.5480,81
2026-07-30 17:09:10,BE,206.6500,206.9500,206.5400,206.5400,8192.0000,206.7380,59
2026-07-30 17:09:15,BE,206.6800,206.8900,206.5400,206.7200,5097.0000,206.7070,27
2026-07-30 17:09:20,BE,206.7200,206.9600,206.5800,206.7300,6807.0000,206.6850,29
2026-07-30 17:09:25,BE,206.7300,206.7300,206.2100,206.3200,8206.0000,206.4910,65
2026-07-30 17:09:30,BE,206.2000,206.4700,206.2000,206.3300,6107.0000,206.2840,31
2026-07-30 17:09:35,BE,206.3300,207.0800,206.2000,206.9500,7772.0000,206.5900,44
2026-07-30 17:09:40,BE,206.8400,207.1100,206.8200,207.0000,2746.0000,206.9960,19
2026-07-30 17:09:45,BE,207.0900,207.0900,206.2400,206.3000,13394.0000,206.5610,84
2026-07-30 17:09:50,BE,206.4600,206.6100,206.3400,206.3400,1750.0000,206.5280,16
2026-07-30 17:09:55,BE,206.5700,206.7400,206.5000,206.6100,4104.0000,206.5440,21
2026-07-30 17:10:00,BE,206.5200,207.0000,206.5200,206.9900,7067.0000,206.7470,56
2026-07-30 17:10:05,BE,206.8700,207.3000,206.7100,206.9600,12950.0000,207.0210,91
2026-07-30 17:10:10,BE,206.8000,207.0800,206.6000,207.0200,11522.0000,206.8180,53
2026-07-30 17:10:15,BE,207.1400,207.3000,206.7200,206.7300,7600.0000,207.0260,66
2026-07-30 17:10:20,BE,206.8000,207.2700,206.5000,207.1000,9609.0000,206.7930,65
2026-07-30 17:10:25,BE,206.9800,207.9800,206.9700,207.9800,12283.0000,207.4580,80
2026-07-30 17:10:30,BE,207.9500,207.9700,207.0100,207.1600,14985.0000,207.4330,114
2026-07-30 17:10:35,BE,207.1500,207.1600,206.6000,206.7900,12145.0000,207.0290,63
2026-07-30 17:10:40,BE,206.9700,207.5500,206.9000,207.5500,9488.0000,207.1130,64
2026-07-30 17:10:45,BE,207.5000,207.8800,207.1800,207.6900,4048.0000,207.6140,28
2026-07-30 17:10:50,BE,207.6700,207.6800,207.4700,207.4800,1558.0000,207.5030,14
2026-07-30 17:10:55,BE,207.2100,207.2700,206.3100,206.6900,9109.0000,206.8130,67
2026-07-30 17:11:00,BE,206.6900,206.9900,206.6200,206.8500,3389.0000,206.8010,22
2026-07-30 17:11:05,BE,206.9400,207.0300,206.3400,206.7400,7588.0000,206.6040,61
2026-07-30 17:11:10,BE,206.6000,206.9100,206.3600,206.7600,5500.0000,206.6530,39
2026-07-30 17:11:15,BE,206.8400,206.9600,206.4700,206.8900,13450.0000,206.7280,64
2026-07-30 17:11:20,BE,206.6900,206.9400,206.4900,206.7400,7416.0000,206.7210,48
2026-07-30 17:11:25,BE,206.7400,206.9800,206.7400,206.9700,2225.0000,206.8730,13
2026-07-30 17:11:30,BE,206.8100,206.8700,206.3200,206.7200,17983.0000,206.7030,102
2026-07-30 17:11:35,BE,206.7600,206.8200,206.3200,206.6200,5130.0000,206.6490,41
2026-07-30 17:11:40,BE,206.6400,206.9900,206.6200,206.8400,4359.0000,206.8040,33
2026-07-30 17:11:45,BE,206.8400,207.4600,206.7000,207.2100,9257.0000,207.1400,51
2026-07-30 17:11:50,BE,207.1900,207.4900,207.0500,207.0600,6014.0000,207.2380,46
2026-07-30 17:11:55,BE,207.1300,207.4900,207.0000,207.1200,15602.0000,207.3300,78
2026-07-30 17:12:00,BE,207.2300,207.5900,206.9800,207.0000,8931.0000,207.2240,63
2026-07-30 17:12:05,BE,207.2600,207.2700,206.8400,207.1800,7039.0000,207.1120,31
2026-07-30 17:12:10,BE,207.0200,207.1800,206.8400,207.0100,6003.0000,206.9600,24
2026-07-30 17:12:15,BE,207.0400,207.3000,207.0100,207.2000,5272.0000,207.1650,37
2026-07-30 17:12:20,BE,207.3000,207.9500,207.2000,207.9000,7455.0000,207.6540,55
2026-07-30 17:12:25,BE,207.6200,208.4500,207.6200,208.3400,21407.0000,208.2060,105
2026-07-30 17:12:30,BE,208.6000,208.8900,208.2500,208.8200,9159.0000,208.6620,50
2026-07-30 17:12:35,BE,208.6700,208.8000,208.5100,208.6000,6624.0000,208.6840,16
2026-07-30 17:12:40,BE,208.8100,209.4300,208.6600,209.1600,14244.0000,208.9280,74
2026-07-30 17:12:45,BE,209.2000,209.4000,208.9200,209.0200,2333.0000,209.1220,16
2026-07-30 17:12:50,BE,209.0900,209.1900,207.4100,208.0000,17902.0000,208.4770,127
2026-07-30 17:12:55,BE,208.2700,208.8100,208.0600,208.8100,5640.0000,208.4170,33
2026-07-30 17:13:00,BE,208.7200,208.7200,207.6000,207.7200,5485.0000,208.0170,46
2026-07-30 17:13:05,BE,207.6900,208.1500,207.6000,208.0300,8249.0000,207.8920,31
2026-07-30 17:13:10,BE,207.8200,207.8300,207.2200,207.8300,2900.0000,207.4870,19
2026-07-30 17:13:15,BE,207.8300,208.2100,207.0500,207.1300,8079.0000,207.7120,53
2026-07-30 17:13:20,BE,207.1300,208.2600,207.1300,207.9700,6804.0000,207.6430,41
2026-07-30 17:13:25,BE,208.2300,208.2600,207.8000,207.8000,4204.0000,207.9380,31
2026-07-30 17:13:30,BE,207.9200,208.3900,207.8800,208.3900,2902.0000,208.0540,24
2026-07-30 17:13:35,BE,208.3800,208.4300,207.7000,207.9900,6393.0000,208.0290,48
2026-07-30 17:13:40,BE,208.1100,208.5700,208.0700,208.2800,5886.0000,208.3330,22
2026-07-30 17:13:45,BE,208.4100,208.5300,208.2000,208.5200,2920.0000,208.3390,24
2026-07-30 17:13:50,BE,208.2900,209.1900,208.2900,208.8100,4900.0000,208.8330,39
2026-07-30 17:13:55,BE,208.7500,208.8900,208.0700,208.2200,5281.0000,208.3900,36
2026-07-30 17:14:00,BE,208.2500,209.1700,208.2500,209.1700,5801.0000,208.7070,33
2026-07-30 17:14:05,BE,209.1700,209.2000,208.9100,209.0900,2240.0000,209.0870,12
2026-07-30 17:14:10,BE,208.9700,209.0600,208.6700,208.8400,5242.0000,208.8880,44
2026-07-30 17:14:15,BE,208.9900,209.3300,208.0700,208.0700,12522.0000,208.7840,70
2026-07-30 17:14:20,BE,208.2000,208.2000,208.0700,208.1100,4688.0000,208.1080,19
2026-07-30 17:14:25,BE,208.2000,208.7300,208.1900,208.4500,3888.0000,208.3680,24
2026-07-30 17:14:30,BE,208.7100,209.0000,208.4900,209.0000,4811.0000,208.7610,33
2026-07-30 17:14:35,BE,208.9600,209.3000,208.8100,208.9900,9044.0000,209.1150,61
2026-07-30 17:14:40,BE,208.9800,209.5700,208.7000,209.2100,19563.0000,209.2520,108
2026-07-30 17:14:45,BE,209.1900,209.4900,209.0300,209.4700,2885.0000,209.3220,16
2026-07-30 17:14:50,BE,209.3800,209.7400,209.3100,209.4800,2700.0000,209.5080,14
2026-07-30 17:14:55,BE,209.6200,209.6200,208.7900,208.9400,4105.0000,209.3350,29
2026-07-30 17:15:00,BE,209.2000,209.9100,209.2000,209.3700,6126.0000,209.6530,39
2026-07-30 17:15:05,BE,209.8700,210.3200,209.7500,209.9400,26420.0000,209.9940,171
2026-07-30 17:15:10,BE,209.9400,210.1200,209.1100,209.5900,11751.0000,209.6780,64
2026-07-30 17:15:15,BE,209.5900,210.3200,209.5900,209.7500,13316.0000,209.9710,79
2026-07-30 17:15:20,BE,209.9500,210.0000,209.5200,209.7500,4467.0000,209.8560,30
2026-07-30 17:15:25,BE,209.7500,209.9800,209.4500,209.6300,6495.0000,209.6960,45
2026-07-30 17:15:30,BE,209.6300,209.7600,209.3400,209.4500,3457.0000,209.5550,28
2026-07-30 17:15:35,BE,209.4300,209.4400,209.0000,209.4300,1752.0000,209.2830,14
2026-07-30 17:15:40,BE,209.4400,209.6700,209.2400,209.4300,6781.0000,209.3940,27
2026-07-30 17:15:45,BE,209.3400,210.0000,209.1300,209.3800,14259.0000,209.4610,85
2026-07-30 17:15:50,BE,209.5000,209.6300,209.2500,209.6300,13966.0000,209.4890,82
2026-07-30 17:15:55,BE,209.4500,209.8100,208.7900,208.8000,14017.0000,209.2540,61
2026-07-30 17:16:00,BE,208.7900,209.3300,208.7800,209.2400,2005.0000,209.1060,14
2026-07-30 17:16:05,BE,209.0900,209.3300,208.6500,208.9500,10608.0000,208.8350,51
2026-07-30 17:16:10,BE,208.8100,209.0800,208.8000,209.0000,3983.0000,208.9800,24
2026-07-30 17:16:15,BE,208.8400,208.9300,208.6300,208.8700,6096.0000,208.7270,41
2026-07-30 17:16:20,BE,208.9000,208.9600,208.6500,208.6900,3675.0000,208.7930,30
2026-07-30 17:16:25,BE,208.7500,208.9200,208.6000,208.8000,3465.0000,208.7720,21
2026-07-30 17:16:30,BE,208.7400,208.8900,207.8500,207.9000,12661.0000,208.2290,76
2026-07-30 17:16:35,BE,207.9000,208.4600,207.9000,208.4400,3019.0000,208.2170,23
2026-07-30 17:16:40,BE,208.1700,208.3100,207.9200,207.9800,7553.0000,208.1180,56
2026-07-30 17:16:45,BE,207.8500,208.4100,207.5000,208.2500,6445.0000,207.9640,51
2026-07-30 17:16:50,BE,208.3400,208.7900,208.2500,208.7500,2858.0000,208.5690,19
2026-07-30 17:16:55,BE,208.7500,209.0800,208.7500,208.9000,5888.0000,208.9360,32
2026-07-30 17:17:00,BE,209.0000,209.2400,208.7500,208.7600,28889.0000,208.8680,102
2026-07-30 17:17:05,BE,208.7600,209.1800,208.5000,209.1800,10490.0000,208.7300,57
2026-07-30 17:17:10,BE,209.0800,209.6800,208.8700,209.6700,4596.0000,209.4010,28
2026-07-30 17:17:15,BE,209.7500,209.7500,209.3500,209.5700,2035.0000,209.5440,17
2026-07-30 17:17:20,BE,209.7100,209.7500,209.3400,209.5800,3111.0000,209.5930,9
2026-07-30 17:17:25,BE,209.3200,209.5500,209.1400,209.3900,5266.0000,209.3320,46
2026-07-30 17:17:30,BE,209.5300,209.7100,209.2500,209.6000,4930.0000,209.4340,24
2026-07-30 17:17:35,BE,209.7400,209.8100,209.6900,209.7500,400.0000,209.7490,4
2026-07-30 17:17:40,BE,209.6900,210.2900,209.6900,209.8900,12111.0000,209.9600,66
2026-07-30 17:17:45,BE,209.8000,210.2000,209.6400,209.7900,6930.0000,210.0240,47
2026-07-30 17:17:50,BE,209.9400,210.1300,209.6500,210.1300,3400.0000,209.9690,16
2026-07-30 17:17:55,BE,209.9800,210.1100,209.7600,209.7600,3233.0000,209.9910,14
2026-07-30 17:18:00,BE,209.7300,210.2800,209.7200,210.2800,11472.0000,209.9740,57
2026-07-30 17:18:05,BE,210.3000,210.3000,210.1500,210.1800,2359.0000,210.2050,16
2026-07-30 17:18:10,BE,210.1600,210.1600,209.7800,209.8900,7894.0000,210.0630,54
2026-07-30 17:18:15,BE,209.8900,210.1500,209.4500,209.6400,24613.0000,209.6530,163
2026-07-30 17:18:20,BE,209.5000,209.6900,208.8600,209.4500,16597.0000,209.1970,104
2026-07-30 17:18:25,BE,209.2700,209.2700,208.6300,208.8400,3557.0000,208.9870,28
2026-07-30 17:18:30,BE,208.6200,208.9600,208.6200,208.8800,1859.0000,208.8150,10
2026-07-30 17:18:35,BE,208.8400,209.2700,208.6400,209.1000,3862.0000,208.9290,32
2026-07-30 17:18:40,BE,209.1900,209.5000,209.0200,209.5000,3041.0000,209.3090,14
2026-07-30 17:18:45,BE,209.3000,209.8200,209.1100,209.8200,1420.0000,209.4160,12
2026-07-30 17:18:50,BE,209.8300,209.8300,209.5900,209.6100,801.0000,209.6740,7
2026-07-30 17:18:55,BE,209.8800,210.2500,209.6900,210.2500,10915.0000,209.9430,44
2026-07-30 17:19:00,BE,210.2300,210.6600,209.9700,210.5600,12895.0000,210.3940,91
2026-07-30 17:19:05,BE,210.5700,210.5700,210.1500,210.4100,6721.0000,210.3900,44
2026-07-30 17:19:10,BE,210.4100,210.9700,210.1600,210.9600,6912.0000,210.4610,39
2026-07-30 17:19:15,BE,210.9500,210.9900,210.6800,210.8600,4040.0000,210.8600,29
2026-07-30 17:19:20,BE,210.6800,211.4200,210.6700,210.7900,33866.0000,211.0810,148
2026-07-30 17:19:25,BE,211.3500,211.4000,210.6800,210.8600,4450.0000,210.9070,36
2026-07-30 17:19:30,BE,210.9800,210.9900,210.5900,210.7000,7238.0000,210.7440,52
2026-07-30 17:19:35,BE,210.7500,210.7500,210.1000,210.5200,2325.0000,210.5770,19
2026-07-30 17:19:40,BE,210.4500,210.7600,210.4500,210.6800,2092.0000,210.6450,16
2026-07-30 17:19:45,BE,210.7500,210.7500,210.0000,210.2000,9161.0000,210.3540,21
2026-07-30 17:19:50,BE,210.3300,210.5900,210.2200,210.5900,2237.0000,210.4140,20
2026-07-30 17:19:55,BE,210.5700,210.7500,210.5600,210.7400,3629.0000,210.6330,16
2026-07-30 17:20:00,BE,210.7400,211.1700,210.6200,211.1700,6363.0000,210.9450,35
2026-07-30 17:20:05,BE,211.0200,211.4400,210.8600,211.3100,8849.0000,211.1560,68
2026-07-30 17:20:10,BE,211.4400,211.4400,210.5500,210.9900,7664.0000,210.8460,61
2026-07-30 17:20:15,BE,210.7600,210.8200,210.3800,210.3900,2348.0000,210.6340,15
2026-07-30 17:20:20,BE,210.5300,210.7700,210.3900,210.7700,1500.0000,210.5960,13
2026-07-30 17:20:25,BE,210.8100,210.9200,210.7700,210.8800,3570.0000,210.8910,11
2026-07-30 17:20:30,BE,210.8200,210.8800,210.4800,210.6900,3410.0000,210.7100,28
2026-07-30 17:20:35,BE,210.8000,210.9900,210.7100,210.8500,4804.0000,210.8720,29
2026-07-30 17:20:40,BE,210.9200,210.9200,210.3400,210.5000,6850.0000,210.7150,46
2026-07-30 17:20:45,BE,210.3900,210.5200,210.2500,210.4600,3726.0000,210.4080,26
2026-07-30 17:20:50,BE,210.2600,210.2600,210.0300,210.2600,700.0000,210.2210,5
2026-07-30 17:20:55,BE,210.4800,210.7200,210.1900,210.5200,5071.0000,210.4130,23
2026-07-30 17:21:00,BE,210.8200,211.1000,210.7100,210.8000,9674.0000,210.9410,59
2026-07-30 17:21:05,BE,210.9900,211.0000,210.8100,210.9900,900.0000,210.9100,8
2026-07-30 17:21:10,BE,211.0500,211.0500,210.7600,210.9600,5329.0000,210.8690,44
2026-07-30 17:21:15,BE,210.9200,210.9300,210.4700,210.8100,8222.0000,210.6970,54
2026-07-30 17:21:20,BE,210.8000,210.9900,210.6100,210.7700,3389.0000,210.8540,10
2026-07-30 17:21:25,BE,210.9300,211.0000,210.8000,210.9800,7001.0000,210.9670,22
2026-07-30 17:21:30,BE,210.8700,210.9100,210.3500,210.6400,7764.0000,210.7410,59
2026-07-30 17:21:35,BE,210.5600,211.4200,210.5500,211.4100,10210.0000,210.8480,33
2026-07-30 17:21:40,BE,211.2200,211.4200,210.7900,210.9700,6565.0000,210.9960,44
2026-07-30 17:21:45,BE,211.1700,211.4100,210.9600,211.3900,2920.0000,211.2810,18
2026-07-30 17:21:50,BE,211.2300,211.4200,210.9600,211.0200,9020.0000,211.1200,54
2026-07-30 17:21:55,BE,210.9700,211.1100,210.8900,211.0300,3613.0000,210.9610,32
2026-07-30 17:22:00,BE,211.1100,211.2800,210.9000,211.2800,9643.0000,211.0490,65
2026-07-30 17:22:05,BE,211.2800,211.4600,211.1200,211.2100,13986.0000,211.2740,106
2026-07-30 17:22:10,BE,211.3300,211.3500,210.9200,211.0200,5618.0000,211.1310,37
2026-07-30 17:22:15,BE,210.9200,211.0100,210.6100,210.6100,12410.0000,210.8700,85
2026-07-30 17:22:20,BE,210.5400,210.9500,210.5400,210.8400,5245.0000,210.7280,26
2026-07-30 17:22:25,BE,210.8700,210.8700,210.4000,210.5300,5497.0000,210.5650,36
2026-07-30 17:22:30,BE,210.7700,210.8800,210.6100,210.6900,3994.0000,210.7500,26
2026-07-30 17:22:35,BE,210.6900,211.0500,210.6800,210.9000,31148.0000,210.8460,187
2026-07-30 17:22:40,BE,210.9200,211.0200,210.3100,210.8300,10153.0000,210.7400,77
2026-07-30 17:22:45,BE,210.7900,210.7900,210.4800,210.5100,2549.0000,210.6040,23
2026-07-30 17:22:50,BE,210.5000,210.6900,210.3300,210.4400,4223.0000,210.4630,30
2026-07-30 17:22:55,BE,210.5400,210.8300,210.5300,210.8300,4007.0000,210.5940,31
2026-07-30 17:23:00,BE,210.9500,211.0100,210.7600,211.0000,3830.0000,210.9530,26
2026-07-30 17:23:05,BE,210.9800,211.1000,210.9300,210.9300,1700.0000,211.0520,7
2026-07-30 17:23:10,BE,210.9700,211.0500,210.2100,210.4900,11661.0000,210.6350,87
2026-07-30 17:23:15,BE,210.4800,211.1200,210.4700,211.0500,4567.0000,210.8210,32
2026-07-30 17:23:20,BE,210.9800,211.0700,210.8400,210.9000,3987.0000,210.9990,26
2026-07-30 17:23:25,BE,210.9800,211.0900,210.8400,210.8400,3986.0000,210.8860,35
2026-07-30 17:23:30,BE,210.7800,211.2900,210.7300,211.2900,13665.0000,211.0370,53
2026-07-30 17:23:35,BE,211.2900,211.4700,210.9800,211.3800,4063.0000,211.1490,22
2026-07-30 17:23:40,BE,211.4700,211.4700,211.2700,211.2800,900.0000,211.3240,5
2026-07-30 17:23:45,BE,211.1200,211.1600,211.0100,211.1600,3219.0000,211.1220,24
2026-07-30 17:23:50,BE,211.1300,211.3100,210.5900,210.7400,6997.0000,210.9650,45
2026-07-30 17:23:55,BE,210.6600,211.0800,210.6600,211.0800,4744.0000,210.9530,28
2026-07-30 17:24:00,BE,211.1200,211.7400,210.8800,211.4300,9937.0000,211.2640,60
2026-07-30 17:24:05,BE,211.6600,212.2700,211.3800,212.2700,15577.0000,212.0000,59
2026-07-30 17:24:10,BE,212.1200,212.5000,212.1200,212.5000,4247.0000,212.3460,24
2026-07-30 17:24:15,BE,212.3500,212.4900,212.1700,212.3300,7187.0000,212.3880,35
2026-07-30 17:24:20,BE,212.2300,212.6600,212.2300,212.6100,5474.0000,212.5040,34
2026-07-30 17:24:25,BE,212.6600,212.6600,212.1800,212.6400,6473.0000,212.5450,53
2026-07-30 17:24:30,BE,212.6300,212.8600,212.5700,212.7300,17054.0000,212.7070,88
2026-07-30 17:24:35,BE,212.6000,212.8000,212.4200,212.7500,9824.0000,212.5770,61
2026-07-30 17:24:40,BE,212.8900,212.9000,212.4500,212.5900,8003.0000,212.6980,55
2026-07-30 17:24:45,BE,212.5000,212.6000,212.4200,212.4800,5744.0000,212.5040,41
2026-07-30 17:24:50,BE,212.4900,212.6000,212.1500,212.2200,9097.0000,212.3030,57
2026-07-30 17:24:55,BE,212.2200,212.3100,212.1200,212.1200,6575.0000,212.2510,19
2026-07-30 17:25:00,BE,212.3100,212.7000,212.2200,212.7000,11560.0000,212.4960,62
2026-07-30 17:25:05,BE,212.5500,212.7100,212.4000,212.7000,9845.0000,212.5500,45
2026-07-30 17:25:10,BE,212.6100,213.8800,212.5900,213.5500,32165.0000,213.0810,213
2026-07-30 17:25:15,BE,213.7300,214.3700,213.6700,213.8700,27947.0000,214.0170,150
2026-07-30 17:25:20,BE,214.2700,214.3500,213.7800,214.2700,11790.0000,214.1780,68
2026-07-30 17:25:25,BE,214.1300,214.6600,214.0000,214.6500,14551.0000,214.3240,99
2026-07-30 17:25:30,BE,214.4400,214.9100,214.2300,214.8300,14666.0000,214.6820,71
2026-07-30 17:25:35,BE,214.7800,214.8800,214.3100,214.7000,17963.0000,214.5040,140
2026-07-30 17:25:40,BE,214.8900,214.8900,214.6900,214.8800,3087.0000,214.7640,16
2026-07-30 17:25:45,BE,214.7900,215.2500,214.7100,215.2500,25409.0000,214.9630,105
2026-07-30 17:25:50,BE,215.2400,215.7400,215.2400,215.5400,19254.0000,215.4850,133
2026-07-30 17:25:55,BE,215.7100,215.7100,215.3000,215.3000,31529.0000,215.4000,176
2026-07-30 17:26:00,BE,215.3700,215.4100,214.5300,214.5300,37007.0000,215.0940,190
2026-07-30 17:26:05,BE,214.5300,214.9700,214.5300,214.7300,7646.0000,214.7330,43
2026-07-30 17:26:10,BE,214.5400,214.7000,214.3300,214.4700,8111.0000,214.5140,48
2026-07-30 17:26:15,BE,214.3600,214.4700,213.9200,214.0800,13559.0000,214.1480,86
2026-07-30 17:26:20,BE,214.1300,214.1800,213.7100,213.8800,8825.0000,213.9520,47
2026-07-30 17:26:25,BE,213.8200,214.3800,213.6900,214.3700,4430.0000,214.0940,29
2026-07-30 17:26:30,BE,214.2200,214.3700,214.2200,214.2400,1383.0000,214.2990,9
2026-07-30 17:26:35,BE,214.3700,214.4000,214.0800,214.2600,5635.0000,214.1930,45
2026-07-30 17:26:40,BE,214.3900,214.6100,214.3500,214.6100,1927.0000,214.4760,16
2026-07-30 17:26:45,BE,214.5800,214.6000,214.1800,214.2600,3632.0000,214.4030,22
2026-07-30 17:26:50,BE,214.2600,214.2600,213.2400,213.6600,9002.0000,213.6670,69
2026-07-30 17:26:55,BE,213.6600,213.6700,213.3200,213.6400,8746.0000,213.4610,37
2026-07-30 17:27:00,BE,213.6400,213.6700,213.3500,213.4600,4775.0000,213.5700,32
2026-07-30 17:27:05,BE,213.8300,213.9000,213.6000,213.7800,4497.0000,213.7940,34
2026-07-30 17:27:10,BE,214.0700,214.4700,213.9400,214.3500,7248.0000,214.1720,50
2026-07-30 17:27:15,BE,214.3900,214.4700,214.1500,214.3000,11685.0000,214.3090,79
2026-07-30 17:27:20,BE,214.4800,214.7800,214.2800,214.6300,10788.0000,214.5570,59
2026-07-30 17:27:25,BE,214.4900,214.7300,214.2500,214.3600,4906.0000,214.4910,46
2026-07-30 17:27:30,BE,214.2300,214.5800,214.2300,214.5800,6058.0000,214.4140,45
2026-07-30 17:27:35,BE,214.4600,214.4600,214.1000,214.2400,23615.0000,214.2890,148
2026-07-30 17:27:40,BE,214.2400,214.7800,213.4800,213.4900,37644.0000,214.1480,219
2026-07-30 17:27:45,BE,213.4800,213.9400,213.4800,213.6800,4199.0000,213.7620,21
2026-07-30 17:27:50,BE,213.8400,214.1400,213.7300,214.0900,3380.0000,213.9960,31
2026-07-30 17:27:55,BE,214.1700,214.1900,213.8800,213.9400,1940.0000,214.0190,19
2026-07-30 17:28:00,BE,214.0500,214.2600,214.0000,214.0100,2011.0000,214.0530,17
2026-07-30 17:28:05,BE,214.0600,214.3900,214.0000,214.1800,5205.0000,214.1830,30
2026-07-30 17:28:10,BE,214.1800,214.8000,214.1800,214.7500,15735.0000,214.5590,74
2026-07-30 17:28:15,BE,214.5800,214.5800,214.1300,214.1900,1819.0000,214.3600,17
2026-07-30 17:28:20,BE,214.1900,214.5300,214.1900,214.5200,2694.0000,214.4510,18
2026-07-30 17:28:25,BE,214.3400,214.5100,214.3400,214.3600,1375.0000,214.3960,10
2026-07-30 17:28:30,BE,214.3700,214.4300,214.0000,214.1000,8204.0000,214.1720,59
2026-07-30 17:28:35,BE,214.2500,214.4900,214.2400,214.4900,569.0000,214.4050,3
2026-07-30 17:28:40,BE,214.3600,214.5000,214.2500,214.3000,3642.0000,214.3830,11
2026-07-30 17:28:45,BE,214.4900,214.6800,214.3000,214.6800,3284.0000,214.5030,19
2026-07-30 17:28:50,BE,214.6900,214.8500,214.5100,214.7200,6699.0000,214.6660,34
2026-07-30 17:28:55,BE,214.8300,214.8900,214.5400,214.7300,8224.0000,214.7310,29
2026-07-30 17:29:00,BE,214.5300,214.9200,214.5200,214.7200,4399.0000,214.7050,37
2026-07-30 17:29:05,BE,214.9100,215.4800,214.9100,215.0200,9160.0000,215.0480,36
2026-07-30 17:29:10,BE,215.1600,215.2600,214.5500,214.6800,5766.0000,214.9530,42
2026-07-30 17:29:15,BE,214.6800,214.6800,214.3100,214.4900,3128.0000,214.5870,29
2026-07-30 17:29:20,BE,214.5300,214.5300,214.3000,214.4100,1750.0000,214.4530,13
2026-07-30 17:29:25,BE,214.4100,214.4100,214.1100,214.1100,907.0000,214.3120,8
2026-07-30 17:29:30,BE,214.2700,214.4300,214.1100,214.2700,2952.0000,214.3270,14
2026-07-30 17:29:35,BE,214.2700,214.4200,214.2500,214.2800,1420.0000,214.3240,7
2026-07-30 17:29:40,BE,214.3600,214.4900,214.2600,214.4600,2916.0000,214.4190,26
2026-07-30 17:29:45,BE,214.5000,214.5400,214.4000,214.4100,4475.0000,214.4830,32
2026-07-30 17:29:50,BE,214.4700,214.4900,214.2700,214.3700,3669.0000,214.4420,25
2026-07-30 17:29:55,BE,214.3700,214.4500,214.3000,214.3800,15433.0000,214.4360,34
2026-07-30 17:30:00,BE,214.3700,214.4500,214.1000,214.3600,6767.0000,214.3030,49
2026-07-30 17:30:05,BE,214.5800,214.6000,213.8500,214.0100,5941.0000,214.1080,30
2026-07-30 17:30:10,BE,213.9000,214.8000,213.8500,214.3100,7301.0000,214.1950,40
2026-07-30 17:30:15,BE,214.5300,214.5400,214.3500,214.5000,2672.0000,214.4930,12
2026-07-30 17:30:20,BE,214.2800,214.2900,213.9800,214.0800,5000.0000,214.1260,36
2026-07-30 17:30:25,BE,214.0700,214.0700,213.5500,213.8600,17934.0000,213.8010,35
2026-07-30 17:30:30,BE,213.5500,213.8600,213.4900,213.7000,13941.0000,213.6600,114
2026-07-30 17:30:35,BE,213.6600,213.7700,213.4900,213.5300,2824.0000,213.6270,22
2026-07-30 17:30:40,BE,213.6000,214.6000,213.5900,214.4800,15045.0000,214.0500,114
2026-07-30 17:30:45,BE,214.5200,214.7300,214.5200,214.5900,1900.0000,214.6230,15
2026-07-30 17:30:50,BE,214.6700,214.8900,214.6400,214.6500,1678.0000,214.7430,13
2026-07-30 17:30:55,BE,214.6500,214.6500,214.3000,214.4800,6834.0000,214.5050,50
2026-07-30 17:31:00,BE,214.4800,214.7500,214.4300,214.5900,3281.0000,214.5360,18
2026-07-30 17:31:05,BE,214.6000,214.7500,214.4900,214.7500,2188.0000,214.6730,14
2026-07-30 17:31:10,BE,214.5900,214.5900,214.2000,214.3000,3616.0000,214.4180,24
2026-07-30 17:31:15,BE,214.3000,214.7400,214.2900,214.4300,2538.0000,214.5090,18
2026-07-30 17:31:20,BE,214.4300,214.4400,214.4000,214.4400,607.0000,214.4280,6
2026-07-30 17:31:25,BE,214.4400,214.5400,213.7500,213.9400,10787.0000,214.2110,69
2026-07-30 17:31:30,BE,214.0200,214.3300,213.8700,213.8900,16802.0000,214.0190,85
2026-07-30 17:31:35,BE,213.8700,213.8700,212.8000,213.0600,17374.0000,213.1510,120
2026-07-30 17:31:40,BE,213.3000,213.9900,213.0500,213.7200,11050.0000,213.6830,80
2026-07-30 17:31:45,BE,213.9500,213.9500,213.4700,213.7200,1959.0000,213.6410,13
2026-07-30 17:31:50,BE,213.7400,214.0000,213.3200,213.4300,11267.0000,213.5760,61
2026-07-30 17:31:55,BE,213.5000,213.7700,213.1100,213.6300,6838.0000,213.5140,29
2026-07-30 17:32:00,BE,213.6300,213.7700,213.5000,213.5000,2571.0000,213.6580,17
2026-07-30 17:32:05,BE,213.7100,213.7900,213.3400,213.7200,5886.0000,213.6010,32
2026-07-30 17:32:10,BE,213.5800,213.9200,213.3400,213.5900,5158.0000,213.6560,21
2026-07-30 17:32:15,BE,213.5900,214.0000,213.4800,214.0000,5583.0000,213.7690,18
2026-07-30 17:32:20,BE,214.0000,214.0000,213.7600,213.7700,1347.0000,213.8960,11
2026-07-30 17:32:25,BE,213.7800,213.9600,213.5600,213.5800,2599.0000,213.6250,10
2026-07-30 17:32:30,BE,213.7100,213.7100,213.5900,213.6000,1000.0000,213.6590,5
2026-07-30 17:32:35,BE,213.6800,213.8400,213.6300,213.8400,4406.0000,213.7650,14
2026-07-30 17:32:40,BE,213.7100,213.9300,213.6600,213.9300,2197.0000,213.7510,16
2026-07-30 17:32:45,BE,213.6600,213.9700,213.6400,213.9700,2418.0000,213.7260,17
2026-07-30 17:32:50,BE,213.9000,214.1200,213.8200,214.1200,1914.0000,213.9810,14
2026-07-30 17:32:55,BE,214.1200,214.2300,213.9400,214.2100,7913.0000,214.0390,20
2026-07-30 17:33:00,BE,213.9500,214.1600,213.9400,214.0500,4527.0000,214.0190,31
2026-07-30 17:33:05,BE,214.0200,214.0300,213.7400,213.7400,1100.0000,213.9490,10
2026-07-30 17:33:10,BE,213.7900,213.9600,213.6800,213.6800,900.0000,213.7520,9
2026-07-30 17:33:15,BE,213.9500,213.9600,213.8800,213.8900,1507.0000,213.9130,11
2026-07-30 17:33:20,BE,213.7000,214.2600,213.7000,214.0600,2969.0000,214.0810,19
2026-07-30 17:33:25,BE,214.3100,214.3600,214.1000,214.2800,41263.0000,214.2600,61
2026-07-30 17:33:30,BE,214.1600,214.1900,213.6600,214.0600,23895.0000,213.8850,53
2026-07-30 17:33:35,BE,214.0500,214.3800,213.7500,214.0900,2851.0000,214.1040,11
2026-07-30 17:33:40,BE,213.7900,214.2900,213.7900,214.0200,1717.0000,214.0910,6
2026-07-30 17:33:45,BE,214.0000,214.1500,213.7300,213.8100,3264.0000,213.9340,22
2026-07-30 17:33:50,BE,213.9100,213.9500,213.6000,213.9000,5349.0000,213.7560,28
2026-07-30 17:33:55,BE,213.7700,214.0900,213.7700,213.8400,1157.0000,213.9230,7
2026-07-30 17:34:00,BE,213.8400,213.8700,213.6000,213.7800,2511.0000,213.6830,17
2026-07-30 17:34:05,BE,213.8100,213.8900,213.6500,213.8900,5002.0000,213.8050,35
2026-07-30 17:34:10,BE,213.9700,214.0600,213.9000,213.9100,6413.0000,214.0020,25
2026-07-30 17:34:15,BE,213.9900,214.0100,213.5700,213.5700,3599.0000,213.9270,22
2026-07-30 17:34:20,BE,213.6800,213.6800,213.3800,213.4100,10054.0000,213.4100,48
2026-07-30 17:34:25,BE,213.4100,213.4900,213.3300,213.4600,8357.0000,213.4050,62
2026-07-30 17:34:30,BE,213.4200,213.4600,213.2200,213.3000,7203.0000,213.3370,56
2026-07-30 17:34:35,BE,213.3400,213.4400,213.1800,213.3700,3990.0000,213.3670,28
2026-07-30 17:34:40,BE,213.3700,213.5100,213.1000,213.2700,28303.0000,213.3550,123
2026-07-30 17:34:45,BE,213.5000,213.7500,213.3400,213.5100,13054.0000,213.5580,64
2026-07-30 17:34:50,BE,213.4400,213.4400,213.2800,213.3600,2433.0000,213.3520,18
2026-07-30 17:34:55,BE,213.3600,213.7100,213.3500,213.6500,6327.0000,213.6130,30
2026-07-30 17:35:00,BE,213.6500,213.9300,213.5000,213.5500,3525.0000,213.6910,26
2026-07-30 17:35:05,BE,213.8900,213.8900,213.5600,213.6900,1500.0000,213.7100,12
2026-07-30 17:35:10,BE,213.8600,213.8600,213.4500,213.5200,1610.0000,213.5650,15
2026-07-30 17:35:15,BE,213.3700,213.3800,213.1500,213.1600,5343.0000,213.2470,31
2026-07-30 17:35:20,BE,213.2200,213.2200,212.4700,212.9500,7527.0000,212.8920,46
2026-07-30 17:35:25,BE,212.9700,212.9700,212.4600,212.6100,2969.0000,212.7190,24
2026-07-30 17:35:30,BE,212.6100,212.7000,212.4000,212.6300,3493.0000,212.5930,11
2026-07-30 17:35:35,BE,212.4500,212.7000,212.4000,212.5100,3475.0000,212.5660,17
2026-07-30 17:35:40,BE,212.7900,213.4900,212.7900,213.1200,4052.0000,213.0650,23
2026-07-30 17:35:45,BE,213.0900,213.1700,212.8900,212.9000,3000.0000,213.0410,6
2026-07-30 17:35:50,BE,212.8000,212.8100,212.5100,212.7900,1460.0000,212.7530,14
2026-07-30 17:35:55,BE,212.5500,212.7500,212.5100,212.5100,2400.0000,212.5640,11
2026-07-30 17:36:00,BE,212.5100,212.6400,212.1600,212.2900,5503.0000,212.3950,44
2026-07-30 17:36:05,BE,212.2900,212.7600,212.1700,212.5500,13898.0000,212.3570,54
2026-07-30 17:36:10,BE,212.5500,212.6100,212.2900,212.4900,994.0000,212.4490,5
2026-07-30 17:36:15,BE,212.4900,212.5500,212.0900,212.1500,4285.0000,212.2620,24
2026-07-30 17:36:20,BE,212.3000,212.8800,212.0300,212.5900,7587.0000,212.4770,37
2026-07-30 17:36:25,BE,212.9900,213.6400,212.9700,213.6000,5303.0000,213.3130,32
2026-07-30 17:36:30,BE,213.6600,213.9300,213.5200,213.7100,5116.0000,213.7320,36
2026-07-30 17:36:35,BE,213.8700,213.8700,213.6500,213.8300,1466.0000,213.7720,11
2026-07-30 17:36:40,BE,213.7300,213.7300,213.3800,213.3900,1101.0000,213.5710,11
2026-07-30 17:36:45,BE,213.3600,213.6700,213.3100,213.6600,6796.0000,213.5560,33
2026-07-30 17:36:50,BE,213.5000,213.5000,213.1500,213.3000,7404.0000,213.1930,17
2026-07-30 17:36:55,BE,213.3400,213.8900,213.2700,213.6100,7039.0000,213.4380,55
2026-07-30 17:37:00,BE,213.7900,214.0100,213.6000,213.6700,6552.0000,213.8880,49
2026-07-30 17:37:05,BE,213.7600,213.9500,213.5100,213.5800,3522.0000,213.7490,29
2026-07-30 17:37:10,BE,213.5900,213.7700,213.4300,213.7600,5340.0000,213.5890,30
2026-07-30 17:37:15,BE,213.5800,213.7600,213.4000,213.5800,2257.0000,213.5400,21
2026-07-30 17:37:20,BE,213.5100,213.6300,213.3000,213.3300,5266.0000,213.4830,40
2026-07-30 17:37:25,BE,213.2600,213.5000,213.2500,213.5000,5157.0000,213.4030,27
2026-07-30 17:37:30,BE,213.4300,213.6000,213.2600,213.3400,2445.0000,213.4040,18
2026-07-30 17:37:35,BE,213.4300,213.5800,213.3100,213.4300,2085.0000,213.4340,13
2026-07-30 17:37:40,BE,213.2900,213.4000,213.1500,213.3200,4628.0000,213.2990,20
2026-07-30 17:37:45,BE,213.3200,213.5000,213.3200,213.3200,6681.0000,213.4120,34
2026-07-30 17:37:50,BE,213.2400,213.3500,213.1800,213.2200,2934.0000,213.2530,22
2026-07-30 17:37:55,BE,213.4100,213.5600,213.3000,213.5600,2740.0000,213.4210,23
2026-07-30 17:38:00,BE,213.4800,213.6400,213.2500,213.3700,3150.0000,213.4220,15
2026-07-30 17:38:05,BE,213.2000,213.2000,212.8500,212.9600,9360.0000,213.0040,54
2026-07-30 17:38:10,BE,212.8300,212.9800,212.7100,212.9300,7255.0000,212.8490,45
2026-07-30 17:38:15,BE,212.7900,212.8500,212.5000,212.5000,2080.0000,212.6630,14
2026-07-30 17:38:20,BE,212.5900,212.7700,212.5800,212.7000,1650.0000,212.6230,10
2026-07-30 17:38:25,BE,212.7600,212.7800,212.5000,212.7100,6554.0000,212.6540,30
2026-07-30 17:38:30,BE,212.6900,212.7800,212.6700,212.7000,1719.0000,212.7180,14
2026-07-30 17:38:35,BE,212.7100,212.7100,212.6000,212.6300,1083.0000,212.6590,10
2026-07-30 17:38:40,BE,212.5200,212.5800,211.6800,211.7300,8627.0000,212.0430,53
2026-07-30 17:38:45,BE,211.8900,212.2900,211.7300,212.0200,6134.0000,211.9110,45
2026-07-30 17:38:50,BE,212.0100,212.1300,211.5300,211.6300,3090.0000,211.7980,25
2026-07-30 17:38:55,BE,211.7000,211.7100,211.5200,211.6800,2748.0000,211.6220,16
2026-07-30 17:39:00,BE,211.6200,211.8100,211.4500,211.7300,12317.0000,211.5830,80
2026-07-30 17:39:05,BE,211.7300,211.9900,211.7200,211.7400,1904.0000,211.8340,16
2026-07-30 17:39:10,BE,211.6100,211.7800,211.5900,211.6800,6702.0000,211.6670,28
2026-07-30 17:39:15,BE,211.6800,211.8200,211.6100,211.8000,2756.0000,211.7140,23
2026-07-30 17:39:20,BE,211.8500,212.1200,211.8500,211.9300,4596.0000,211.9640,33
2026-07-30 17:39:25,BE,211.8700,212.1200,211.6600,211.7300,8375.0000,211.8650,44
2026-07-30 17:39:30,BE,211.7300,212.1500,211.7200,211.9300,1616.0000,211.9140,12
2026-07-30 17:39:35,BE,211.9300,211.9300,211.3500,211.5500,11864.0000,211.5990,55
2026-07-30 17:39:40,BE,211.5500,211.7500,211.4500,211.5600,2615.0000,211.5740,20
2026-07-30 17:39:45,BE,211.5600,211.9000,211.5600,211.8000,4766.0000,211.6950,41
2026-07-30 17:39:50,BE,211.6300,211.9300,211.6300,211.7600,4759.0000,211.7490,30
2026-07-30 17:39:55,BE,211.7700,211.8700,211.7600,211.7600,500.0000,211.7860,5
2026-07-30 17:40:00,BE,211.7500,211.8200,211.4700,211.5600,2858.0000,211.6040,25
2026-07-30 17:40:05,BE,211.5900,211.7600,211.4100,211.4400,1993.0000,211.5160,12
2026-07-30 17:40:10,BE,211.4400,211.4500,211.2000,211.3700,4386.0000,211.3510,23
2026-07-30 17:40:15,BE,211.4900,211.4900,211.2400,211.2400,1300.0000,211.4230,8
2026-07-30 17:40:20,BE,211.4100,211.5600,211.3300,211.5500,1742.0000,211.4750,16
2026-07-30 17:40:25,BE,211.2500,211.3400,210.8900,211.0000,12517.0000,211.0690,67
2026-07-30 17:40:30,BE,211.0000,211.3300,210.9800,211.1000,7860.0000,211.0610,23
2026-07-30 17:40:35,BE,211.1000,211.1200,210.9800,211.1200,2507.0000,211.0590,18
2026-07-30 17:40:40,BE,211.1200,211.1500,210.9900,211.1500,2652.0000,211.0860,21
2026-07-30 17:40:45,BE,211.0800,211.0900,210.5000,210.7600,7736.0000,211.0010,60
2026-07-30 17:40:50,BE,210.7300,210.7500,210.5500,210.6700,3108.0000,210.6430,15
2026-07-30 17:40:55,BE,210.6100,210.6500,210.2200,210.6300,13235.0000,210.5520,42
2026-07-30 17:41:00,BE,210.4300,210.8100,210.4200,210.7700,7507.0000,210.6660,45
2026-07-30 17:41:05,BE,210.7400,210.7400,210.5300,210.7300,1300.0000,210.7110,12
2026-07-30 17:41:10,BE,210.7300,210.8400,210.6700,210.7200,2051.0000,210.7540,14
2026-07-30 17:41:15,BE,210.8100,210.8100,210.5300,210.6200,1913.0000,210.6680,15
2026-07-30 17:41:20,BE,210.7000,210.7000,210.5900,210.6300,1539.0000,210.6200,7
2026-07-30 17:41:25,BE,210.7400,211.3600,210.7200,211.1400,6199.0000,210.9940,36
2026-07-30 17:41:30,BE,211.1300,211.1400,210.8900,210.9300,1838.0000,211.0500,14
2026-07-30 17:41:35,BE,210.9500,211.1400,210.9400,210.9500,1107.0000,210.9660,8
2026-07-30 17:41:40,BE,210.9600,211.4600,210.8600,211.4600,1947.0000,211.2150,16
2026-07-30 17:41:45,BE,211.3700,211.3800,211.3700,211.3800,300.0000,211.3730,3
2026-07-30 17:41:50,BE,211.3400,211.5900,211.2500,211.5900,1310.0000,211.4870,12
2026-07-30 17:41:55,BE,211.5100,211.5900,211.0300,211.0600,6213.0000,211.3480,28
2026-07-30 17:42:00,BE,211.0500,211.0800,211.0500,211.0800,400.0000,211.0700,3
2026-07-30 17:42:05,BE,211.0500,211.0800,211.0500,211.0700,1076.0000,211.0580,4
2026-07-30 17:42:10,BE,211.2100,211.2100,210.9000,211.0500,4600.0000,211.1670,9
2026-07-30 17:42:15,BE,210.9000,211.0300,210.6200,210.6200,4578.0000,210.8490,31
2026-07-30 17:42:20,BE,210.7300,210.7900,210.6500,210.7200,1689.0000,210.7210,15
2026-07-30 17:42:25,BE,210.7200,210.7200,210.5000,210.5500,2715.0000,210.5270,16
2026-07-30 17:42:30,BE,210.5400,210.6300,210.3000,210.3000,3554.0000,210.4530,26
2026-07-30 17:42:35,BE,210.3200,210.4600,210.2400,210.3700,3035.0000,210.3470,21
2026-07-30 17:42:40,BE,210.2100,210.2600,209.6100,209.7900,15280.0000,209.9540,89
2026-07-30 17:42:45,BE,209.7900,209.7900,209.6200,209.7100,6870.0000,209.7180,44
2026-07-30 17:42:50,BE,209.8300,209.9000,209.7100,209.7600,2287.0000,209.7500,21
2026-07-30 17:42:55,BE,209.7500,209.8700,209.6200,209.8700,3300.0000,209.7150,17
2026-07-30 17:43:00,BE,209.7400,210.0000,209.7300,209.8600,4595.0000,209.8440,35
2026-07-30 17:43:05,BE,209.8300,209.8400,209.8100,209.8100,226.0000,209.8210,2
2026-07-30 17:43:10,BE,209.9400,210.0300,209.6600,209.6600,3915.0000,209.8870,34
2026-07-30 17:43:15,BE,209.8300,210.0000,209.6000,210.0000,6886.0000,209.8470,23
2026-07-30 17:43:20,BE,209.7100,210.0900,209.7100,209.7500,1818.0000,209.8300,9
2026-07-30 17:43:25,BE,209.7300,209.8900,209.7100,209.7800,2425.0000,209.7790,21
2026-07-30 17:43:30,BE,209.8600,210.0700,209.7800,209.8900,1394.0000,209.9090,9
2026-07-30 17:43:35,BE,209.9100,209.9900,209.9000,209.9100,1600.0000,209.9250,7
2026-07-30 17:43:40,BE,210.0000,210.0000,209.5000,209.6300,8435.0000,209.7730,42
2026-07-30 17:43:45,BE,209.6300,209.6600,209.5000,209.5000,5622.0000,209.5580,31
2026-07-30 17:43:50,BE,209.5900,209.6000,209.4000,209.5500,1999.0000,209.5340,15
2026-07-30 17:43:55,BE,209.4000,209.6000,209.2200,209.3300,5594.0000,209.4380,40
2026-07-30 17:44:00,BE,209.3100,209.4900,209.2900,209.4500,3099.0000,209.3800,19
2026-07-30 17:44:05,BE,209.3600,209.3900,209.2200,209.2800,6232.0000,209.3190,42
2026-07-30 17:44:10,BE,209.3400,209.5300,209.2200,209.2200,4513.0000,209.4190,27
2026-07-30 17:44:15,BE,209.2200,209.3300,209.0100,209.0200,9854.0000,209.1600,50
2026-07-30 17:44:20,BE,209.0500,209.0500,208.6900,208.7600,15084.0000,208.8890,70
2026-07-30 17:44:25,BE,208.8200,208.9200,208.6300,208.6700,3612.0000,208.7530,23
2026-07-30 17:44:30,BE,208.6300,209.1000,208.6300,209.0100,3743.0000,208.8810,32
2026-07-30 17:44:35,BE,209.1500,209.1500,209.0000,209.0900,3452.0000,209.1110,19
2026-07-30 17:44:40,BE,209.0700,209.2400,209.0000,209.2400,2643.0000,209.1120,19
2026-07-30 17:44:45,BE,209.1200,209.3900,209.0000,209.3800,5491.0000,209.2430,33
2026-07-30 17:44:50,BE,209.3400,209.4900,209.2100,209.2500,1400.0000,209.3420,11
2026-07-30 17:44:55,BE,209.3700,209.4700,209.1600,209.1800,2195.0000,209.2630,20
2026-07-30 17:45:00,BE,209.1800,209.4200,209.0200,209.2800,2340.0000,209.2670,18
2026-07-30 17:45:05,BE,209.3500,209.5000,209.0200,209.0300,7360.0000,209.2690,29
2026-07-30 17:45:10,BE,208.9600,208.9600,208.7700,208.8200,2096.0000,208.8380,18
2026-07-30 17:45:15,BE,208.8200,209.1100,208.8200,209.0900,4840.0000,208.9840,34
2026-07-30 17:45:20,BE,209.0000,209.2200,208.9900,209.1900,2319.0000,209.1490,18
2026-07-30 17:45:25,BE,209.0000,209.1900,208.8100,208.9700,1800.0000,209.0880,8
2026-07-30 17:45:30,BE,208.8100,208.8100,208.6500,208.7500,2079.0000,208.7380,13
2026-07-30 17:45:35,BE,208.7500,208.7500,208.0100,208.1900,11950.0000,208.3960,66
2026-07-30 17:45:40,BE,208.2800,208.4800,208.1700,208.1700,10004.0000,208.3250,61
2026-07-30 17:45:45,BE,208.2700,208.4400,208.0900,208.2800,2544.0000,208.2870,22
2026-07-30 17:45:50,BE,208.2800,208.3000,208.1300,208.2900,2666.0000,208.1870,13
2026-07-30 17:45:55,BE,208.2700,208.4200,208.1000,208.3100,6248.0000,208.1870,39
2026-07-30 17:46:00,BE,208.3800,208.5400,208.2700,208.3400,3321.0000,208.4040,23
2026-07-30 17:46:05,BE,208.5800,208.6500,208.3100,208.3100,5052.0000,208.5050,33
2026-07-30 17:46:10,BE,208.4700,208.5900,208.3100,208.4700,4375.0000,208.4580,19
2026-07-30 17:46:15,BE,208.4700,208.5600,208.4500,208.4900,1157.0000,208.4650,10
2026-07-30 17:46:20,BE,208.3100,208.4500,208.2000,208.3200,3102.0000,208.2890,17
2026-07-30 17:46:25,BE,208.2400,208.2500,207.8100,207.9500,14173.0000,208.0180,68
2026-07-30 17:46:30,BE,207.9900,207.9900,207.7100,207.8000,3319.0000,207.8280,20
2026-07-30 17:46:35,BE,207.7000,207.7900,207.4700,207.6300,5251.0000,207.6860,22
2026-07-30 17:46:40,BE,207.7900,207.9600,207.7500,207.9600,6769.0000,207.8160,30
2026-07-30 17:46:45,BE,207.9600,208.0000,207.6800,208.0000,7425.0000,207.8560,34
2026-07-30 17:46:50,BE,207.9600,207.9600,207.6800,207.8300,14815.0000,207.7760,65
2026-07-30 17:46:55,BE,207.6800,208.0000,207.6800,207.8100,10453.0000,207.8140,40
2026-07-30 17:47:00,BE,207.7900,208.2900,207.7900,207.9000,5704.0000,207.9980,43
2026-07-30 17:47:05,BE,207.7000,208.2100,207.7000,208.0300,8116.0000,208.0050,33
2026-07-30 17:47:10,BE,207.8600,208.2200,207.7400,207.8700,6065.0000,207.9070,31
2026-07-30 17:47:15,BE,207.8700,208.0600,207.8600,207.9100,2657.0000,207.9450,21
2026-07-30 17:47:20,BE,208.0700,208.3000,208.0000,208.2100,2190.0000,208.1340,21
2026-07-30 17:47:25,BE,208.0300,208.2300,207.9300,208.0100,1700.0000,208.0520,17
2026-07-30 17:47:30,BE,208.1300,208.1300,208.0000,208.0000,1145.0000,208.1140,7
2026-07-30 17:47:35,BE,208.1300,208.2500,208.0000,208.1300,6939.0000,208.0940,21
2026-07-30 17:47:40,BE,208.1300,208.6800,208.1300,208.5500,6640.0000,208.5260,32
2026-07-30 17:47:45,BE,208.5500,208.6800,208.3300,208.3400,4631.0000,208.5090,26
2026-07-30 17:47:50,BE,208.3400,208.5500,208.3300,208.4000,3347.0000,208.4470,23
2026-07-30 17:47:55,BE,208.4000,208.6200,208.3900,208.5800,8037.0000,208.5000,30
2026-07-30 17:48:00,BE,208.4900,209.0000,208.4900,208.8100,7813.0000,208.7300,32
2026-07-30 17:48:05,BE,208.7400,209.0000,208.6600,209.0000,12191.0000,208.8010,53
2026-07-30 17:48:10,BE,208.9000,208.9900,208.7900,208.9000,19037.0000,208.9050,73
2026-07-30 17:48:15,BE,208.8600,209.1400,208.8500,209.1000,17622.0000,209.0410,110
2026-07-30 17:48:20,BE,209.0500,209.1900,208.8600,208.9700,21999.0000,209.0130,86
2026-07-30 17:48:25,BE,208.8000,208.8000,208.3100,208.4200,6503.0000,208.6100,26
2026-07-30 17:48:30,BE,208.4200,208.4200,208.0000,208.1600,12096.0000,208.1380,47
2026-07-30 17:48:35,BE,208.1600,208.3100,208.0000,208.0100,3413.0000,208.1880,20
2026-07-30 17:48:40,BE,208.1500,208.4600,208.0100,208.4500,11153.0000,208.2010,64
2026-07-30 17:48:45,BE,208.4500,208.4500,208.2300,208.3600,9424.0000,208.3700,20
2026-07-30 17:48:50,BE,208.3800,208.5700,208.3700,208.5700,1956.0000,208.5010,16
2026-07-30 17:48:55,BE,208.7100,208.9800,208.5500,208.9400,5053.0000,208.7890,20
2026-07-30 17:49:00,BE,208.7800,209.1300,208.6500,208.9000,19657.0000,208.8740,42
2026-07-30 17:49:05,BE,208.6500,208.7100,208.2100,208.6200,16481.0000,208.5960,48
2026-07-30 17:49:10,BE,208.6500,208.7900,208.5800,208.6700,3960.0000,208.6770,15
2026-07-30 17:49:15,BE,208.5700,208.7800,208.2100,208.5700,44926.0000,208.4080,62
2026-07-30 17:49:20,BE,208.5300,208.8500,208.3800,208.8400,5628.0000,208.7740,23
2026-07-30 17:49:25,BE,208.8400,208.9800,208.6900,208.6900,600.0000,208.8830,4
2026-07-30 17:49:30,BE,208.9700,209.1200,208.8700,208.8800,2918.0000,209.0060,16
2026-07-30 17:49:35,BE,209.0100,209.1900,208.9000,209.1800,700.0000,209.0610,7
2026-07-30 17:49:40,BE,209.2100,209.4900,209.0100,209.4900,3580.0000,209.3430,26
2026-07-30 17:49:45,BE,209.4200,209.7700,209.3500,209.7700,21477.0000,209.4220,30
2026-07-30 17:49:50,BE,209.6200,209.9200,209.4900,209.7500,15173.0000,209.7370,46
2026-07-30 17:49:55,BE,209.6800,209.6900,209.3200,209.3200,11461.0000,209.4760,39
2026-07-30 17:50:00,BE,209.3700,209.5800,209.3200,209.3200,4594.0000,209.4880,15
2026-07-30 17:50:05,BE,209.4600,209.5700,209.2900,209.3600,20710.0000,209.3870,33
2026-07-30 17:50:10,BE,209.2500,209.5800,209.1400,209.3300,6662.0000,209.2880,43
2026-07-30 17:50:15,BE,209.3300,209.3300,209.1800,209.2200,2157.0000,209.2790,10
2026-07-30 17:50:20,BE,209.1800,209.3500,209.1400,209.3500,4458.0000,209.2450,15
2026-07-30 17:50:25,BE,209.3200,209.4300,209.2200,209.3600,3141.0000,209.3490,16
2026-07-30 17:50:30,BE,209.3700,209.4900,209.3600,209.3900,300.0000,209.4150,3
2026-07-30 17:50:35,BE,209.4100,209.5000,209.3000,209.3900,9328.0000,209.4320,38
2026-07-30 17:50:40,BE,209.3900,209.3900,209.0000,209.2200,17820.0000,209.1490,36
2026-07-30 17:50:45,BE,209.2000,209.5400,209.1800,209.4100,7095.0000,209.3230,27
2026-07-30 17:50:50,BE,209.4100,209.4200,209.1900,209.2000,12435.0000,209.3910,23
2026-07-30 17:50:55,BE,209.3200,209.3200,208.0000,208.1500,30277.0000,208.7520,80
2026-07-30 17:51:00,BE,208.1400,208.3100,208.0000,208.1500,10526.0000,208.0770,46
2026-07-30 17:51:05,BE,208.3000,208.5100,208.0100,208.5100,25246.0000,208.1430,70
2026-07-30 17:51:10,BE,208.0000,208.1200,207.4500,207.5700,23764.0000,207.6720,76
2026-07-30 17:51:15,BE,207.5700,207.5700,207.3600,207.3600,6657.0000,207.4450,26
2026-07-30 17:51:20,BE,207.3100,207.3100,206.8800,207.0000,23740.0000,207.1130,78
2026-07-30 17:51:25,BE,207.1600,207.4100,206.9000,206.9000,2260.0000,207.0890,6
2026-07-30 17:51:30,BE,207.4000,207.5800,207.3700,207.4100,1769.0000,207.4150,14
2026-07-30 17:51:35,BE,207.4200,207.4200,207.4000,207.4000,1175.0000,207.4130,7
2026-07-30 17:51:40,BE,207.3200,207.5700,207.2700,207.5700,1112.0000,207.4510,8
2026-07-30 17:51:45,BE,207.3500,207.4500,207.1900,207.1900,10569.0000,207.3720,51
2026-07-30 17:51:50,BE,207.3800,207.3800,207.1000,207.1000,2330.0000,207.1960,13
2026-07-30 17:51:55,BE,207.0700,207.4300,207.0500,207.4300,4075.0000,207.2660,23
2026-07-30 17:52:00,BE,207.3000,207.9700,207.2600,207.9700,4989.0000,207.6010,32
2026-07-30 17:52:05,BE,207.8600,207.8800,207.5000,207.5000,3423.0000,207.6820,17
2026-07-30 17:52:10,BE,207.5000,207.6600,207.5000,207.6300,2604.0000,207.5380,16
2026-07-30 17:52:15,BE,207.6300,207.6400,207.3300,207.4700,4398.0000,207.4940,22
2026-07-30 17:52:20,BE,207.5600,207.6400,207.4300,207.5300,2302.0000,207.5240,13
2026-07-30 17:52:25,BE,207.5100,207.5200,207.3100,207.5200,1950.0000,207.4260,8
2026-07-30 17:52:30,BE,207.4000,207.4400,207.3100,207.3900,1652.0000,207.3780,9
2026-07-30 17:52:35,BE,207.3300,208.1800,207.3100,207.7500,8558.0000,207.6340,56
2026-07-30 17:52:40,BE,207.4900,207.9900,207.4900,207.7400,4819.0000,207.7080,12
2026-07-30 17:52:45,BE,207.8800,207.8800,207.0000,207.1300,14343.0000,207.3690,87
2026-07-30 17:52:50,BE,207.2200,207.2500,207.1200,207.1400,3656.0000,207.1640,6
2026-07-30 17:52:55,BE,207.2400,207.2400,206.8500,207.0000,4882.0000,207.0940,24
2026-07-30 17:53:00,BE,206.9100,207.0000,206.6800,206.8000,15041.0000,206.8010,51
2026-07-30 17:53:05,BE,206.6500,206.9300,206.6400,206.6400,3679.0000,206.7850,23
2026-07-30 17:53:10,BE,206.6800,206.9700,206.6400,206.8200,8281.0000,206.7810,31
2026-07-30 17:53:15,BE,206.8200,207.0300,206.7300,206.8500,5298.0000,206.9300,34
2026-07-30 17:53:20,BE,206.8500,206.8900,206.6400,206.7900,3597.0000,206.7600,29
2026-07-30 17:53:25,BE,206.8500,206.9700,206.6500,206.8500,1130.0000,206.8500,10
2026-07-30 17:53:30,BE,206.9800,207.1500,206.9100,207.1000,4384.0000,207.0560,24
2026-07-30 17:53:35,BE,207.1500,207.2400,206.7700,206.9000,3803.0000,207.0620,34
2026-07-30 17:53:40,BE,206.7100,206.9000,206.7100,206.8000,1374.0000,206.8010,10
2026-07-30 17:53:45,BE,206.8500,206.8500,206.6600,206.6600,3309.0000,206.7620,24
2026-07-30 17:53:50,BE,206.6600,206.6700,206.1500,206.1500,12001.0000,206.3510,75
2026-07-30 17:53:55,BE,206.3100,206.3100,206.1500,206.1600,2875.0000,206.2610,28
2026-07-30 17:54:00,BE,206.2800,206.4300,206.2000,206.2500,5895.0000,206.3420,31
2026-07-30 17:54:05,BE,206.2100,206.4400,206.1100,206.3300,9397.0000,206.2860,62
2026-07-30 17:54:10,BE,206.2100,206.3100,205.8000,205.8000,10581.0000,206.0110,56
2026-07-30 17:54:15,BE,205.8000,206.1100,205.8000,205.9600,2325.0000,205.9630,16
2026-07-30 17:54:20,BE,205.9600,205.9900,205.8200,205.8300,2261.0000,205.8600,12
2026-07-30 17:54:25,BE,205.9700,206.1600,205.8100,206.0800,3663.0000,205.9370,28
2026-07-30 17:54:30,BE,206.2000,206.5200,206.0300,206.3600,3579.0000,206.2250,17
2026-07-30 17:54:35,BE,206.4200,206.4900,206.2600,206.3100,3040.0000,206.3780,16
2026-07-30 17:54:40,BE,206.2900,206.3100,206.0100,206.0600,4301.0000,206.1540,38
2026-07-30 17:54:45,BE,206.0300,206.0300,205.7900,205.8700,12071.0000,205.8740,45
2026-07-30 17:54:50,BE,205.8700,206.7100,205.8700,206.6800,12748.0000,206.1820,59
2026-07-30 17:54:55,BE,206.6800,206.8300,206.0700,206.3100,8349.0000,206.4560,49
2026-07-30 17:55:00,BE,206.3100,206.4600,206.1200,206.1800,2339.0000,206.2970,14
2026-07-30 17:55:05,BE,206.5300,206.5300,206.0800,206.1900,1885.0000,206.2510,12
2026-07-30 17:55:10,BE,206.1300,206.2000,205.8100,205.8300,5952.0000,205.9770,42
2026-07-30 17:55:15,BE,205.7600,205.7700,205.3600,205.3600,3971.0000,205.5610,27
2026-07-30 17:55:20,BE,205.4400,205.7400,205.4300,205.7000,5676.0000,205.5760,44
2026-07-30 17:55:25,BE,205.6000,205.7200,205.6000,205.6400,2080.0000,205.6500,17
2026-07-30 17:55:30,BE,205.6000,205.7000,205.4300,205.4400,5241.0000,205.5520,35
2026-07-30 17:55:35,BE,205.4000,205.5500,205.2500,205.4000,5634.0000,205.3330,43
2026-07-30 17:55:40,BE,205.5200,205.7000,205.4200,205.4300,4956.0000,205.5610,30
2026-07-30 17:55:45,BE,205.4100,205.4200,205.2500,205.2600,4040.0000,205.3380,35
2026-07-30 17:55:50,BE,205.2900,205.3200,205.2000,205.2000,3008.0000,205.2770,21
2026-07-30 17:55:55,BE,205.1400,205.2800,205.0900,205.0900,2435.0000,205.2010,19
2026-07-30 17:56:00,BE,205.0500,205.0500,204.5900,204.6300,42727.0000,204.8200,194
2026-07-30 17:56:05,BE,204.5300,204.6900,204.5200,204.5900,1760.0000,204.5800,14
2026-07-30 17:56:10,BE,204.4900,204.6800,204.2200,204.2900,6323.0000,204.4630,35
2026-07-30 17:56:15,BE,204.3500,204.3600,204.0100,204.0100,5415.0000,204.2330,29
2026-07-30 17:56:20,BE,204.0200,204.0800,203.9100,204.0000,9332.0000,204.0040,40
2026-07-30 17:56:25,BE,203.9700,204.5000,203.9600,204.4400,16748.0000,204.1910,92
2026-07-30 17:56:30,BE,204.4900,204.6800,204.4200,204.5600,6302.0000,204.5590,49
2026-07-30 17:56:35,BE,204.6200,204.6600,204.4000,204.5000,3368.0000,204.4930,27
2026-07-30 17:56:40,BE,204.5900,204.8200,204.5100,204.7400,4591.0000,204.6600,33
2026-07-30 17:56:45,BE,204.7500,204.7500,204.3800,204.5700,9805.0000,204.5590,81
2026-07-30 17:56:50,BE,204.3900,204.6400,204.3900,204.6000,3097.0000,204.5040,19
2026-07-30 17:56:55,BE,204.6200,204.6200,204.5400,204.6200,700.0000,204.6080,5
2026-07-30 17:57:00,BE,204.6200,204.6200,204.3900,204.5700,5967.0000,204.5080,35
2026-07-30 17:57:05,BE,204.5700,204.8300,204.5600,204.6200,9594.0000,204.7430,75
2026-07-30 17:57:10,BE,204.8400,204.8600,204.7300,204.7300,8721.0000,204.7950,35
2026-07-30 17:57:15,BE,204.7500,204.7500,204.5800,204.6500,3438.0000,204.6440,24
2026-07-30 17:57:20,BE,204.5700,204.7500,204.5700,204.7100,5582.0000,204.6730,33
2026-07-30 17:57:25,BE,204.6600,205.3900,204.6600,205.2900,72471.0000,204.9330,316
2026-07-30 17:57:30,BE,205.1800,205.7800,205.1600,205.6600,12025.0000,205.6110,62
2026-07-30 17:57:35,BE,205.5600,205.7400,205.2000,205.4600,6992.0000,205.5460,40
2026-07-30 17:57:40,BE,205.2200,205.5300,205.1900,205.5200,4494.0000,205.3230,21
2026-07-30 17:57:45,BE,205.6000,206.0000,205.4200,205.8600,9337.0000,205.8940,33
2026-07-30 17:57:50,BE,205.9700,206.4200,205.8700,206.0800,7574.0000,206.1460,43
2026-07-30 17:57:55,BE,206.5000,206.9200,206.0700,206.4700,9354.0000,206.5020,73
2026-07-30 17:58:00,BE,206.5600,206.5900,206.2900,206.2900,1850.0000,206.4260,14
2026-07-30 17:58:05,BE,206.4500,206.5600,206.3000,206.4500,2100.0000,206.4190,10
2026-07-30 17:58:10,BE,206.3900,206.6200,206.2000,206.4600,7018.0000,206.3620,52
2026-07-30 17:58:15,BE,206.6800,206.8600,206.2600,206.3800,9413.0000,206.5670,66
2026-07-30 17:58:20,BE,206.3100,206.7200,206.1000,206.4300,10321.0000,206.5130,52
2026-07-30 17:58:25,BE,206.3600,206.7100,206.3600,206.5600,2000.0000,206.5920,10
2026-07-30 17:58:30,BE,206.4600,206.9200,206.4600,206.8800,3232.0000,206.7270,22
2026-07-30 17:58:35,BE,206.8800,206.9300,206.5600,206.7300,11619.0000,206.6890,85
2026-07-30 17:58:40,BE,206.6000,206.8500,206.4600,206.4600,10073.0000,206.6640,61
2026-07-30 17:58:45,BE,206.4000,206.5700,206.1500,206.4500,3617.0000,206.3600,20
2026-07-30 17:58:50,BE,206.4500,206.5000,206.3300,206.4300,2158.0000,206.4130,13
2026-07-30 17:58:55,BE,206.3600,206.5400,206.2600,206.2600,6463.0000,206.4380,49
2026-07-30 17:59:00,BE,206.3000,206.4000,206.2600,206.3900,1897.0000,206.3330,15
2026-07-30 17:59:05,BE,206.3700,206.5000,205.6200,206.5000,7743.0000,206.0980,46
2026-07-30 17:59:10,BE,206.6200,206.8000,206.3700,206.8000,585.0000,206.5790,5
2026-07-30 17:59:15,BE,206.9900,207.1600,206.6700,206.9300,6681.0000,206.9620,25
2026-07-30 17:59:20,BE,206.8900,206.9700,206.6700,206.7300,1763.0000,206.8210,14
2026-07-30 17:59:25,BE,206.8200,206.8200,206.6600,206.6600,2800.0000,206.7670,13
2026-07-30 17:59:30,BE,206.6700,207.0000,206.6100,206.7500,1500.0000,206.7980,11
2026-07-30 17:59:35,BE,206.8300,207.1600,206.8300,207.1600,5903.0000,207.0490,14
2026-07-30 17:59:40,BE,207.0600,207.1400,206.9200,206.9300,2284.0000,207.0200,17
2026-07-30 17:59:45,BE,206.9200,207.1700,206.8200,207.0000,5897.0000,206.9190,40
2026-07-30 17:59:50,BE,207.1600,207.1600,206.9900,206.9900,594.0000,207.0460,5
2026-07-30 17:59:55,BE,206.9900,207.1500,206.8500,207.0300,1799.0000,207.0090,12
2026-07-30 18:00:00,BE,206.9900,207.3900,206.6900,206.6900,3995.0000,206.9080,35
2026-07-30 18:00:05,BE,206.8600,207.0100,206.8600,206.8600,1300.0000,206.9000,10
2026-07-30 18:00:10,BE,207.0400,207.3100,207.0400,207.1700,4757.0000,207.1850,24
2026-07-30 18:00:15,BE,207.1700,207.2700,206.9700,207.0300,5797.0000,207.1040,36
2026-07-30 18:00:20,BE,207.1000,207.3600,207.0200,207.0300,2030.0000,207.1640,18
2026-07-30 18:00:25,BE,207.0800,207.3300,206.9700,207.3100,4599.0000,207.1790,27
2026-07-30 18:00:30,BE,207.3100,207.6100,207.1800,207.5800,5511.0000,207.3710,26
2026-07-30 18:00:35,BE,207.4400,207.5800,207.0300,207.1100,5779.0000,207.2640,29
2026-07-30 18:00:40,BE,207.0200,207.0600,206.9400,206.9400,7656.0000,206.9910,40
2026-07-30 18:00:45,BE,206.8000,206.8100,206.6500,206.7600,4055.0000,206.6920,27
2026-07-30 18:00:50,BE,206.7700,206.9200,206.5300,206.5400,2507.0000,206.6920,24
2026-07-30 18:00:55,BE,206.6700,206.6700,206.5000,206.6400,4591.0000,206.6260,10
2026-07-30 18:01:00,BE,206.5200,206.8400,206.2800,206.8100,2361.0000,206.6640,14
2026-07-30 18:01:05,BE,207.0000,207.1500,206.7400,206.7400,2343.0000,206.9620,12
2026-07-30 18:01:10,BE,206.6200,206.6200,206.3700,206.5100,2644.0000,206.4660,8
2026-07-30 18:01:15,BE,206.4600,206.6800,206.3700,206.4700,6101.0000,206.4720,22
2026-07-30 18:01:20,BE,206.7300,207.0500,206.5500,206.9200,2411.0000,206.8820,17
2026-07-30 18:01:25,BE,206.9200,206.9300,206.6600,206.6600,3889.0000,206.8520,29
2026-07-30 18:01:30,BE,206.5100,206.6300,206.2700,206.2700,2615.0000,206.4280,22
2026-07-30 18:01:35,BE,206.3300,206.3300,206.1600,206.1600,1500.0000,206.1750,11
2026-07-30 18:01:40,BE,206.1700,206.4500,206.0700,206.1300,1669.0000,206.2490,13
2026-07-30 18:01:45,BE,206.2700,206.4300,206.2700,206.2800,431.0000,206.3430,3
2026-07-30 18:01:50,BE,206.3400,206.5200,206.3400,206.5200,1700.0000,206.4810,11
2026-07-30 18:01:55,BE,206.5900,206.7200,206.3400,206.6600,3226.0000,206.6540,17
2026-07-30 18:02:00,BE,206.7200,206.7400,206.6000,206.6000,2770.0000,206.6430,14
2026-07-30 18:02:05,BE,206.4900,206.4900,206.4700,206.4700,200.0000,206.4780,2
2026-07-30 18:02:10,BE,206.3300,206.6100,206.3300,206.4900,793.0000,206.4880,6
2026-07-30 18:02:15,BE,206.4000,206.4000,206.2000,206.3500,1793.0000,206.2990,14
2026-07-30 18:02:20,BE,206.3400,206.5700,206.3300,206.5700,700.0000,206.4380,5
2026-07-30 18:02:25,BE,206.3000,206.6000,206.2600,206.6000,4865.0000,206.5230,19
2026-07-30 18:02:30,BE,206.7400,207.1400,206.7400,207.1200,5702.0000,206.9910,28
2026-07-30 18:02:35,BE,207.1400,207.4700,207.0800,207.0800,4429.0000,207.1960,32
2026-07-30 18:02:40,BE,207.0300,207.2200,207.0000,207.0300,1781.0000,207.0600,9
2026-07-30 18:02:45,BE,207.0300,207.3700,207.0300,207.3700,3175.0000,207.2360,20
2026-07-30 18:02:50,BE,207.4000,207.8900,207.2700,207.7400,4745.0000,207.5940,30
2026-07-30 18:02:55,BE,207.5800,207.9700,207.5800,207.9700,8809.0000,207.8810,21
2026-07-30 18:03:00,BE,207.8500,208.5000,207.7300,208.2700,12596.0000,208.1130,59
2026-07-30 18:03:05,BE,208.3900,208.5800,208.3400,208.4000,4644.0000,208.4300,28
2026-07-30 18:03:10,BE,208.5800,208.5800,208.2200,208.4000,10096.0000,208.4090,54
2026-07-30 18:03:15,BE,208.5700,208.7700,208.3400,208.5000,6781.0000,208.5440,42
2026-07-30 18:03:20,BE,208.3700,208.7800,208.2700,208.4300,5733.0000,208.5340,21
2026-07-30 18:03:25,BE,208.5700,209.0000,208.4300,209.0000,8009.0000,208.7140,54
2026-07-30 18:03:30,BE,209.0000,209.1200,208.8100,208.9000,8212.0000,208.9910,54
2026-07-30 18:03:35,BE,208.8200,209.0000,208.6400,208.7500,3296.0000,208.8120,20
2026-07-30 18:03:40,BE,208.8500,209.0200,208.8200,208.9700,4030.0000,208.9210,20
2026-07-30 18:03:45,BE,209.0600,209.3600,209.0600,209.2400,3289.0000,209.2270,14
2026-07-30 18:03:50,BE,209.2700,209.5000,209.2100,209.4700,5747.0000,209.3550,27
2026-07-30 18:03:55,BE,209.4000,209.5300,209.3600,209.5000,3694.0000,209.4350,27
2026-07-30 18:04:00,BE,209.5300,209.5700,209.4100,209.5100,7174.0000,209.4930,20
2026-07-30 18:04:05,BE,209.4900,209.5100,209.3000,209.3300,7149.0000,209.3980,47
2026-07-30 18:04:10,BE,209.3900,209.4700,209.3200,209.4200,2644.0000,209.4150,13
2026-07-30 18:04:15,BE,209.4900,209.5700,209.1000,209.1000,4275.0000,209.4240,28
2026-07-30 18:04:20,BE,209.0000,209.2000,209.0000,209.1000,2899.0000,209.0880,12
2026-07-30 18:04:25,BE,209.0900,209.1500,208.8600,209.0200,3843.0000,209.0290,21
2026-07-30 18:04:30,BE,209.0000,209.1500,208.8900,208.8900,1784.0000,208.9710,9
2026-07-30 18:04:35,BE,209.2400,209.2900,209.0300,209.2300,800.0000,209.2110,8
2026-07-30 18:04:40,BE,209.1500,209.1500,209.0200,209.1000,2330.0000,209.0800,7
2026-07-30 18:04:45,BE,209.0100,209.0800,208.8600,208.8700,1800.0000,208.9540,16
2026-07-30 18:04:50,BE,208.9400,208.9900,208.8000,208.9300,950.0000,208.9040,7
2026-07-30 18:04:55,BE,208.8600,209.2700,208.7200,209.1400,2388.0000,209.0610,19
2026-07-30 18:05:00,BE,208.9900,209.3500,208.9900,209.3100,1400.0000,209.2180,14
2026-07-30 18:05:05,BE,209.1900,209.4300,209.1400,209.4300,1389.0000,209.3440,10
2026-07-30 18:05:10,BE,209.4200,209.4200,209.1200,209.1800,2107.0000,209.2470,16
2026-07-30 18:05:15,BE,209.1800,209.2300,209.1100,209.1500,2077.0000,209.1710,13
2026-07-30 18:05:20,BE,209.0300,209.2000,209.0300,209.1200,1859.0000,209.1480,12
2026-07-30 18:05:25,BE,209.0200,209.5000,209.0200,209.5000,2300.0000,209.1890,13
2026-07-30 18:05:30,BE,209.3400,209.3600,209.2000,209.3300,1430.0000,209.2890,12
2026-07-30 18:05:35,BE,209.4000,209.6500,209.4000,209.6400,2020.0000,209.5360,18
2026-07-30 18:05:40,BE,209.6500,209.7000,209.5900,209.7000,2493.0000,209.6320,14
2026-07-30 18:05:45,BE,209.6300,209.8100,209.4500,209.5000,4650.0000,209.5920,29
2026-07-30 18:05:50,BE,209.4600,209.5900,209.4300,209.5900,1460.0000,209.5050,13
2026-07-30 18:05:55,BE,209.3900,209.7500,209.3800,209.7300,1643.0000,209.6340,11
2026-07-30 18:06:00,BE,209.7600,209.9200,209.6200,209.9000,5326.0000,209.7260,35
2026-07-30 18:06:05,BE,209.8600,209.8600,209.5400,209.5800,8625.0000,209.6600,34
2026-07-30 18:06:10,BE,209.6500,209.8800,209.5500,209.8800,2850.0000,209.7190,20
2026-07-30 18:06:15,BE,209.8000,209.8000,209.5000,209.6200,1631.0000,209.6190,14
2026-07-30 18:06:20,BE,209.5000,209.7200,209.2600,209.7200,4418.0000,209.5130,30
2026-07-30 18:06:25,BE,209.7100,209.9100,209.7100,209.9100,9485.0000,209.8380,17
2026-07-30 18:06:30,BE,209.9200,210.0400,209.8000,209.8700,9504.0000,209.9670,49
2026-07-30 18:06:35,BE,209.8600,209.8600,209.6100,209.7600,2182.0000,209.7330,18
2026-07-30 18:06:40,BE,209.8300,209.9100,209.7200,209.7200,545.0000,209.8050,5
2026-07-30 18:06:45,BE,209.7500,209.8800,209.7000,209.7700,2130.0000,209.7710,9
2026-07-30 18:06:50,BE,209.6500,209.8700,209.5200,209.7300,10669.0000,209.6710,37
2026-07-30 18:06:55,BE,209.8100,210.1200,209.7200,209.8800,4137.0000,209.9060,32
2026-07-30 18:07:00,BE,209.8800,210.1200,209.8200,209.8800,3332.0000,209.9380,26
2026-07-30 18:07:05,BE,209.8200,209.9200,209.7700,209.8100,1728.0000,209.8250,15
2026-07-30 18:07:10,BE,209.8100,209.9900,209.6500,209.6500,2799.0000,209.8270,22
2026-07-30 18:07:15,BE,209.6500,209.9500,209.4000,209.5900,14885.0000,209.5350,71
2026-07-30 18:07:20,BE,209.7000,209.8500,209.5600,209.8000,2471.0000,209.6970,16
2026-07-30 18:07:25,BE,209.4800,209.7300,209.4800,209.7200,1200.0000,209.5210,3
2026-07-30 18:07:30,BE,209.7100,209.8800,209.6200,209.7100,1246.0000,209.6800,12
2026-07-30 18:07:35,BE,209.7100,209.7100,209.4000,209.4000,10304.0000,209.5770,34
2026-07-30 18:07:40,BE,209.2900,209.3600,209.2900,209.3600,500.0000,209.3450,4
2026-07-30 18:07:45,BE,209.3600,209.6000,209.3500,209.6000,1915.0000,209.4880,11
2026-07-30 18:07:50,BE,209.5900,209.7000,209.4000,209.7000,7369.0000,209.5140,15
2026-07-30 18:07:55,BE,209.3300,209.6900,209.3300,209.4900,1201.0000,209.5630,8
2026-07-30 18:08:00,BE,209.3700,209.4700,209.3700,209.4700,1219.0000,209.4430,6
2026-07-30 18:08:05,BE,209.4000,209.4000,209.3600,209.3700,200.0000,209.3830,2
2026-07-30 18:08:10,BE,209.3700,209.3700,208.9900,209.0400,8192.0000,209.0990,51
2026-07-30 18:08:15,BE,208.9900,209.2000,208.9900,209.1900,5483.0000,209.0990,39
2026-07-30 18:08:20,BE,209.1900,209.6000,209.1800,209.3400,5248.0000,209.3850,38
2026-07-30 18:08:25,BE,209.5300,209.5300,209.0800,209.1400,2400.0000,209.2560,16
2026-07-30 18:08:30,BE,209.3700,209.3700,209.3200,209.3200,2200.0000,209.3660,2
2026-07-30 18:08:35,BE,209.2000,209.5400,209.2000,209.5400,4637.0000,209.3660,38
2026-07-30 18:08:40,BE,209.5800,209.5800,209.2300,209.3700,4694.0000,209.3320,27
2026-07-30 18:08:45,BE,209.3900,209.3900,208.5700,209.1100,3816.0000,209.0860,28
2026-07-30 18:08:50,BE,209.1100,209.2000,208.9700,208.9800,1250.0000,209.0950,11
2026-07-30 18:08:55,BE,209.2000,209.4900,209.1500,209.4700,2180.0000,209.3610,20
2026-07-30 18:09:00,BE,209.5900,209.6800,209.5200,209.6800,2926.0000,209.6080,18
2026-07-30 18:09:05,BE,209.3600,210.0600,209.3600,210.0000,6381.0000,209.9370,39
2026-07-30 18:09:10,BE,209.9200,209.9500,209.3900,209.9500,4750.0000,209.7670,24
2026-07-30 18:09:15,BE,209.8400,209.8600,209.6100,209.6100,2200.0000,209.7630,17
2026-07-30 18:09:20,BE,209.6500,209.7700,209.6200,209.7400,2938.0000,209.7080,22
2026-07-30 18:09:25,BE,209.8300,209.9100,209.6700,209.8400,6350.0000,209.8010,54
2026-07-30 18:09:30,BE,209.9900,209.9900,209.6200,209.6200,4000.0000,209.8350,19
2026-07-30 18:09:35,BE,209.7000,209.7700,209.7000,209.7700,1297.0000,209.7400,6
2026-07-30 18:09:40,BE,209.7800,210.0500,209.6900,209.9500,8235.0000,209.9340,27
2026-07-30 18:09:45,BE,210.0000,210.0400,209.7300,209.7300,1920.0000,209.9310,14
2026-07-30 18:09:50,BE,209.8700,209.8700,208.5300,208.5800,9125.0000,209.2760,65
2026-07-30 18:09:55,BE,208.6600,208.8100,208.5600,208.6800,5150.0000,208.7080,47
2026-07-30 18:10:00,BE,208.6800,209.0000,208.6400,208.7400,7678.0000,208.7420,58
2026-07-30 18:10:05,BE,208.7900,209.0600,208.6600,208.7500,13573.0000,208.7610,62
2026-07-30 18:10:10,BE,208.5400,208.5700,208.0000,208.1100,3699.0000,208.2850,31
2026-07-30 18:10:15,BE,208.0800,208.2700,207.7700,207.7800,6731.0000,207.8720,42
2026-07-30 18:10:20,BE,207.6900,207.8800,207.5000,207.5100,7422.0000,207.5610,21
2026-07-30 18:10:25,BE,207.6500,207.6600,207.4500,207.4600,1040.0000,207.5350,8
2026-07-30 18:10:30,BE,207.6700,207.9400,207.5600,207.5600,7439.0000,207.6360,23
2026-07-30 18:10:35,BE,207.7500,207.7500,207.3400,207.3400,2366.0000,207.5190,12
2026-07-30 18:10:40,BE,207.4400,207.4400,207.0000,207.2100,7893.0000,207.2170,35
2026-07-30 18:10:45,BE,207.0300,207.1000,206.6400,207.0000,3130.0000,206.8960,22
2026-07-30 18:10:50,BE,206.8800,207.3300,206.8800,207.0200,8279.0000,207.0150,44
2026-07-30 18:10:55,BE,207.2500,207.3200,207.1600,207.3200,917.0000,207.2270,9
2026-07-30 18:11:00,BE,207.3000,207.3000,207.1700,207.3000,3630.0000,207.2180,17
2026-07-30 18:11:05,BE,207.3000,207.3000,207.1700,207.3000,2967.0000,207.2430,11
2026-07-30 18:11:10,BE,207.1800,207.2100,207.1300,207.1500,1700.0000,207.1660,17
2026-07-30 18:11:15,BE,207.0200,207.0200,206.6300,206.8700,2700.0000,206.8970,22
2026-07-30 18:11:20,BE,206.5600,206.7300,206.4200,206.4200,5722.0000,206.5800,19
2026-07-30 18:11:25,BE,206.5800,206.5800,206.2500,206.4600,2961.0000,206.4300,13
2026-07-30 18:11:30,BE,206.2500,206.2500,205.9500,205.9500,5854.0000,206.1070,27
2026-07-30 18:11:35,BE,205.9300,205.9900,205.5800,205.6600,8744.0000,205.7000,63
2026-07-30 18:11:40,BE,205.8000,205.8100,205.6400,205.7500,8627.0000,205.7290,54
2026-07-30 18:11:45,BE,205.7500,205.7500,205.3300,205.3300,3268.0000,205.5130,24
2026-07-30 18:11:50,BE,205.2800,205.2800,205.1200,205.2300,2390.0000,205.2090,16
2026-07-30 18:11:55,BE,205.2300,205.8600,205.2200,205.8600,6378.0000,205.5820,47
2026-07-30 18:12:00,BE,205.7100,205.7100,205.5500,205.6200,4567.0000,205.5960,20
2026-07-30 18:12:05,BE,205.5000,205.5000,205.5000,205.5000,213.0000,205.5000,2
2026-07-30 18:12:10,BE,205.5000,205.8100,205.4700,205.5600,5350.0000,205.6120,41
2026-07-30 18:12:15,BE,205.6100,205.6200,205.5100,205.5100,1619.0000,205.5660,12
2026-07-30 18:12:20,BE,205.6400,206.1800,205.5500,206.0600,7573.0000,205.9340,53
2026-07-30 18:12:25,BE,206.0600,206.2000,205.9600,206.0600,1708.0000,206.0700,15
2026-07-30 18:12:30,BE,205.9300,206.1800,205.9300,206.0500,1400.0000,206.1340,5
2026-07-30 18:12:35,BE,206.0600,206.1900,206.0200,206.1100,5548.0000,206.0910,40
2026-07-30 18:12:40,BE,206.1100,206.3200,206.0500,206.3100,4372.0000,206.1240,14
2026-07-30 18:12:45,BE,206.1600,206.2900,206.1300,206.2500,2142.0000,206.2450,18
2026-07-30 18:12:50,BE,206.2100,206.4000,206.2100,206.4000,400.0000,206.3020,4
2026-07-30 18:12:55,BE,206.2700,206.5000,206.2700,206.4300,460.0000,206.3980,4
2026-07-30 18:13:00,BE,206.3500,206.5500,205.9700,206.1100,5278.0000,206.1590,46
2026-07-30 18:13:05,BE,206.1400,206.1900,205.5700,205.5700,6118.0000,205.9010,54
2026-07-30 18:13:10,BE,205.6100,205.9600,205.5000,205.8600,10510.0000,205.7270,77
2026-07-30 18:13:15,BE,205.8600,206.0900,205.8600,206.0800,2428.0000,206.0050,19
2026-07-30 18:13:20,BE,206.0800,206.0800,206.0000,206.0800,619.0000,206.0540,4
2026-07-30 18:13:25,BE,206.0800,206.0800,205.6800,205.6800,2588.0000,205.8750,23
2026-07-30 18:13:30,BE,205.7100,205.8500,205.6000,205.8500,1081.0000,205.6630,6
2026-07-30 18:13:35,BE,205.8500,205.9100,205.6500,205.6500,6160.0000,205.7970,45
2026-07-30 18:13:40,BE,205.6500,205.7600,205.3800,205.4700,4305.0000,205.5760,23
2026-07-30 18:13:45,BE,205.4700,205.5800,205.3500,205.5300,3525.0000,205.4960,23
2026-07-30 18:13:50,BE,205.3500,205.4400,205.3500,205.4300,738.0000,205.3720,4
2026-07-30 18:13:55,BE,205.3600,205.3800,205.0500,205.1700,5014.0000,205.2130,32
2026-07-30 18:14:00,BE,205.1800,205.3400,205.1600,205.1700,1461.0000,205.2110,10
2026-07-30 18:14:05,BE,205.0300,205.0300,204.6300,204.7800,10695.0000,204.8680,66
2026-07-30 18:14:10,BE,204.7800,205.0300,204.6400,204.9800,3255.0000,204.8960,26
2026-07-30 18:14:15,BE,205.0000,205.0000,204.8700,204.9900,2178.0000,204.9210,15
2026-07-30 18:14:20,BE,204.9400,204.9900,204.5300,204.7200,3953.0000,204.8020,29
2026-07-30 18:14:25,BE,204.8900,205.0900,204.6600,205.0600,8353.0000,204.9500,62
2026-07-30 18:14:30,BE,204.9200,204.9800,204.7400,204.9800,3325.0000,204.8470,23
2026-07-30 18:14:35,BE,204.8300,204.9800,204.6600,204.6700,3821.0000,204.8170,19
2026-07-30 18:14:40,BE,204.9500,205.0500,204.8300,204.9500,900.0000,204.9360,9
2026-07-30 18:14:45,BE,205.0400,205.1700,204.9700,205.0500,11588.0000,205.0160,69
2026-07-30 18:14:50,BE,204.8500,205.1600,204.8500,205.1400,3275.0000,205.0500,20
2026-07-30 18:14:55,BE,205.1500,205.2000,205.1500,205.2000,850.0000,205.1820,5
2026-07-30 18:15:00,BE,205.1800,205.4500,205.0100,205.0800,2941.0000,205.1400,21
2026-07-30 18:15:05,BE,205.2400,205.2400,205.0000,205.2400,3280.0000,205.1830,15
2026-07-30 18:15:10,BE,205.4300,205.7900,205.4200,205.7300,3603.0000,205.6140,23
2026-07-30 18:15:15,BE,205.7300,206.1500,205.7200,206.1500,3470.0000,205.9690,15
2026-07-30 18:15:20,BE,205.9300,206.1200,205.7300,205.7900,5772.0000,206.0060,15
2026-07-30 18:15:25,BE,205.8100,205.8100,205.8100,205.8100,100.0000,205.8100,1
2026-07-30 18:15:30,BE,205.9300,206.1300,205.9300,206.1300,2700.0000,206.0360,18
2026-07-30 18:15:35,BE,206.2400,206.4500,206.0300,206.0300,3985.0000,206.2050,21
2026-07-30 18:15:40,BE,206.2700,206.2700,206.1200,206.1500,1475.0000,206.2050,13
2026-07-30 18:15:45,BE,206.1500,206.1600,206.0300,206.1500,1050.0000,206.1350,9
2026-07-30 18:15:50,BE,206.1500,206.2500,205.9700,206.1200,2796.0000,206.0730,17
2026-07-30 18:15:55,BE,206.1200,206.2600,205.8700,206.1700,5525.0000,206.0320,47
2026-07-30 18:16:00,BE,206.1600,206.2500,206.0700,206.2100,2931.0000,206.1350,21
2026-07-30 18:16:05,BE,206.1100,206.1800,205.9000,206.0000,2708.0000,206.0640,17
2026-07-30 18:16:10,BE,206.0000,206.1100,206.0000,206.0500,6000.0000,206.0150,10
2026-07-30 18:16:15,BE,206.0500,206.1600,205.9100,206.0400,800.0000,206.0460,8
2026-07-30 18:16:20,BE,206.0400,206.2700,206.0400,206.1800,4960.0000,206.1860,39
2026-07-30 18:16:25,BE,206.1300,206.2200,206.0300,206.2100,2357.0000,206.1290,11
2026-07-30 18:16:30,BE,206.0900,206.2100,206.0300,206.0300,1109.0000,206.1080,5
2026-07-30 18:16:35,BE,205.9300,206.0700,205.7700,206.0700,4301.0000,205.9060,25
2026-07-30 18:16:40,BE,206.1000,206.2900,205.7100,205.7100,3225.0000,206.0360,31
2026-07-30 18:16:45,BE,205.7400,205.8900,205.5400,205.7400,8762.0000,205.8530,24
2026-07-30 18:16:50,BE,205.5800,205.8900,205.5400,205.7200,1275.0000,205.6860,8
2026-07-30 18:16:55,BE,205.8400,205.8500,205.5900,205.8100,851.0000,205.7220,5
2026-07-30 18:17:00,BE,205.7200,205.8800,205.7100,205.8500,600.0000,205.8080,5
2026-07-30 18:17:05,BE,205.8500,205.8500,205.8500,205.8500,0.0000,205.8500,0
2026-07-30 18:17:10,BE,205.7200,205.7800,205.5100,205.5700,3080.0000,205.6080,23
2026-07-30 18:17:15,BE,205.6200,205.9900,205.6200,205.8900,5267.0000,205.8040,34
2026-07-30 18:17:20,BE,205.8900,205.8900,205.7900,205.8000,1892.0000,205.8030,7
2026-07-30 18:17:25,BE,205.7900,205.7900,205.2000,205.3500,4688.0000,205.4680,28
2026-07-30 18:17:30,BE,205.4300,205.4600,205.2000,205.4500,1763.0000,205.3540,16
2026-07-30 18:17:35,BE,205.3700,205.3700,205.2000,205.2500,2562.0000,205.2280,16
2026-07-30 18:17:40,BE,205.2800,205.2800,205.1400,205.2700,1066.0000,205.2450,6
2026-07-30 18:17:45,BE,205.1300,205.1900,205.0300,205.0300,818.0000,205.1200,3
2026-07-30 18:17:50,BE,205.2400,205.2500,204.9000,204.9200,7128.0000,205.0040,33
2026-07-30 18:17:55,BE,205.0000,205.0600,204.8600,205.0500,2862.0000,204.9890,23
2026-07-30 18:18:00,BE,205.2400,205.2700,204.8600,205.1400,1511.0000,205.1400,12
2026-07-30 18:18:05,BE,205.3300,205.4000,205.2000,205.4000,2446.0000,205.2870,10
2026-07-30 18:18:10,BE,205.2100,205.6100,205.2000,205.6100,2694.0000,205.4410,21
2026-07-30 18:18:15,BE,205.5900,205.7600,205.3300,205.7600,8549.0000,205.3990,21
2026-07-30 18:18:20,BE,205.5100,205.7300,205.3400,205.6100,800.0000,205.5580,8
2026-07-30 18:18:25,BE,205.4100,205.5500,205.4100,205.5500,1036.0000,205.5110,7
2026-07-30 18:18:30,BE,205.3900,205.6900,205.2700,205.5800,1700.0000,205.4960,11
2026-07-30 18:18:35,BE,205.4700,205.6100,205.4600,205.6100,753.0000,205.5470,5
2026-07-30 18:18:40,BE,205.6500,205.9400,205.6100,205.7900,7362.0000,205.7580,54
2026-07-30 18:18:45,BE,205.7500,205.9800,205.6100,205.8000,6978.0000,205.8450,39
2026-07-30 18:18:50,BE,205.8000,205.9400,205.8000,205.8000,2300.0000,205.8060,16
2026-07-30 18:18:55,BE,205.9800,206.0000,205.8200,205.8200,3117.0000,205.9290,19
2026-07-30 18:19:00,BE,205.9200,205.9200,205.7700,205.8000,700.0000,205.8040,7
2026-07-30 18:19:05,BE,205.6600,205.8900,205.6600,205.7900,3629.0000,205.7640,14
2026-07-30 18:19:10,BE,205.7900,205.8800,205.6700,205.7700,645.0000,205.7840,6
2026-07-30 18:19:15,BE,205.7700,205.7700,205.5700,205.6500,2501.0000,205.6630,23
2026-07-30 18:19:20,BE,205.5800,205.5800,205.4300,205.4800,5100.0000,205.4940,22
2026-07-30 18:19:25,BE,205.3900,205.4600,205.2700,205.3500,2201.0000,205.3520,19
2026-07-30 18:19:30,BE,205.3500,205.4200,205.2200,205.2300,5098.0000,205.2990,37
2026-07-30 18:19:35,BE,205.0700,205.3700,205.0700,205.0700,730.0000,205.1740,5
2026-07-30 18:19:40,BE,205.0700,205.1500,204.8400,204.8500,3209.0000,204.9970,28
2026-07-30 18:19:45,BE,204.8000,204.8200,204.7700,204.8200,2133.0000,204.7890,12
2026-07-30 18:19:50,BE,204.7800,204.8800,204.6000,204.6500,4556.0000,204.7420,20
2026-07-30 18:19:55,BE,204.6000,204.8100,204.2500,204.2600,2340.0000,204.5110,18
2026-07-30 18:20:00,BE,204.2500,204.7800,204.2500,204.6500,14315.0000,204.6640,28
2026-07-30 18:20:05,BE,204.8000,204.8600,204.4400,204.7200,5363.0000,204.5250,12
2026-07-30 18:20:10,BE,204.6100,205.0000,204.5900,204.7900,3881.0000,204.8040,30
2026-07-30 18:20:15,BE,204.6100,204.6300,204.2700,204.2800,2691.0000,204.4860,18
2026-07-30 18:20:20,BE,204.3400,204.4000,204.2400,204.2700,2793.0000,204.2870,16
2026-07-30 18:20:25,BE,204.3200,204.3300,204.2300,204.3300,662.0000,204.2980,5
2026-07-30 18:20:30,BE,204.2300,204.4900,204.1200,204.2200,2730.0000,204.2470,17
2026-07-30 18:20:35,BE,204.1200,204.2600,204.1100,204.2000,15421.0000,204.1980,23
2026-07-30 18:20:40,BE,204.2000,204.2400,204.1200,204.2000,1924.0000,204.2000,12
2026-07-30 18:20:45,BE,204.2000,204.5000,204.2000,204.4700,7068.0000,204.3520,54
2026-07-30 18:20:50,BE,204.4100,204.7400,204.4100,204.6300,2963.0000,204.5710,25
2026-07-30 18:20:55,BE,204.6600,204.6600,204.5000,204.6200,2040.0000,204.6290,11
2026-07-30 18:21:00,BE,204.4300,204.6000,204.3300,204.6000,4071.0000,204.4070,15
2026-07-30 18:21:05,BE,204.5400,204.8000,204.4800,204.6700,2351.0000,204.6360,18
2026-07-30 18:21:10,BE,204.6600,204.7900,204.5400,204.6100,3410.0000,204.6810,22
2026-07-30 18:21:15,BE,204.6200,205.0800,204.6200,204.9500,5268.0000,204.9520,33
2026-07-30 18:21:20,BE,204.9200,205.2000,204.9200,205.1800,2366.0000,205.1340,14
2026-07-30 18:21:25,BE,205.3300,205.7000,205.3100,205.5400,1780.0000,205.5150,17
2026-07-30 18:21:30,BE,205.5600,205.6500,205.4500,205.6400,3600.0000,205.5950,16
2026-07-30 18:21:35,BE,205.6400,205.7100,205.3600,205.4100,6388.0000,205.5510,39
2026-07-30 18:21:40,BE,205.4100,205.5100,205.4000,205.4100,700.0000,205.4490,7
2026-07-30 18:21:45,BE,205.2200,205.5500,204.9000,204.9000,4219.0000,205.1670,23
2026-07-30 18:21:50,BE,204.8900,205.0700,204.7900,204.9200,8959.0000,204.9230,53
2026-07-30 18:21:55,BE,204.6800,204.7600,204.6000,204.6900,1000.0000,204.6830,6
2026-07-30 18:22:00,BE,204.8000,204.8500,204.5800,204.7300,6972.0000,204.8130,17
2026-07-30 18:22:05,BE,204.7300,204.8500,204.4700,204.6300,3820.0000,204.6290,27
2026-07-30 18:22:10,BE,204.6000,204.8200,204.4400,204.4500,1100.0000,204.5790,9
2026-07-30 18:22:15,BE,204.6100,204.6800,204.6000,204.6800,937.0000,204.6440,9
2026-07-30 18:22:20,BE,204.5500,205.0000,204.5500,204.9500,4102.0000,204.8720,22
2026-07-30 18:22:25,BE,204.8600,205.0900,204.8600,205.0900,815.0000,204.9520,4
2026-07-30 18:22:30,BE,205.0000,205.1200,204.9400,205.1100,1120.0000,205.0740,11
2026-07-30 18:22:35,BE,205.1100,205.3100,205.0300,205.0800,3590.0000,205.1940,29
2026-07-30 18:22:40,BE,205.0700,205.1000,204.9700,205.0700,1640.0000,205.0620,7
2026-07-30 18:22:45,BE,205.0300,205.0600,204.8900,204.9300,2795.0000,204.9790,24
2026-07-30 18:22:50,BE,204.9600,204.9700,204.8300,204.9000,2681.0000,204.9450,7
2026-07-30 18:22:55,BE,204.9500,205.0200,204.8500,205.0200,1567.0000,204.9300,14
2026-07-30 18:23:00,BE,204.8500,204.9900,204.8000,204.9000,4995.0000,204.8920,33
2026-07-30 18:23:05,BE,205.1100,205.2000,204.8000,204.8700,7597.0000,205.0160,50
2026-07-30 18:23:10,BE,204.8100,204.8100,204.7100,204.7500,1550.0000,204.7690,9
2026-07-30 18:23:15,BE,204.7400,204.8700,204.7400,204.8700,700.0000,204.7910,4
2026-07-30 18:23:20,BE,204.8900,204.8900,204.7100,204.7200,1400.0000,204.7910,13
2026-07-30 18:23:25,BE,204.7500,204.8800,204.7000,204.7000,3921.0000,204.7670,20
2026-07-30 18:23:30,BE,204.7000,204.8500,204.5500,204.7000,4771.0000,204.6950,30
2026-07-30 18:23:35,BE,204.6100,204.6700,204.4000,204.6700,6585.0000,204.5670,33
2026-07-30 18:23:40,BE,204.6000,204.7100,204.5900,204.6000,1350.0000,204.6340,8
2026-07-30 18:23:45,BE,204.6300,204.6300,204.4000,204.4000,2510.0000,204.4870,14
2026-07-30 18:23:50,BE,204.4000,204.4000,204.2900,204.3100,1100.0000,204.3260,11
2026-07-30 18:23:55,BE,204.2000,204.3100,204.2000,204.2500,843.0000,204.2620,8
2026-07-30 18:24:00,BE,204.0900,204.2200,203.9000,204.0000,7783.0000,203.9960,41
2026-07-30 18:24:05,BE,203.9000,203.9600,203.8300,203.8300,3198.0000,203.8960,26
2026-07-30 18:24:10,BE,203.8900,204.2200,203.7800,204.0800,19729.0000,204.1190,45
2026-07-30 18:24:15,BE,203.8400,204.1200,203.8100,204.1100,2570.0000,203.9170,12
2026-07-30 18:24:20,BE,203.9300,204.0200,203.7700,203.9000,1525.0000,203.9220,6
2026-07-30 18:24:25,BE,203.9000,204.0300,203.8300,203.9200,2036.0000,203.9660,19
2026-07-30 18:24:30,BE,203.9900,203.9900,203.7000,203.8500,5738.0000,203.9150,27
2026-07-30 18:24:35,BE,203.7800,204.0000,203.7000,203.7000,3284.0000,203.9070,29
2026-07-30 18:24:40,BE,203.7000,203.7000,203.3300,203.3300,1600.0000,203.4590,11
2026-07-30 18:24:45,BE,203.5600,203.6800,203.4900,203.6800,2275.0000,203.5820,15
2026-07-30 18:24:50,BE,203.5800,203.5800,203.3300,203.4200,1800.0000,203.3920,11
2026-07-30 18:24:55,BE,203.4200,203.5000,203.0400,203.1400,8365.0000,203.1590,30
2026-07-30 18:25:00,BE,203.2000,203.3600,203.0500,203.3400,5136.0000,203.2040,38
2026-07-30 18:25:05,BE,203.2000,203.4600,203.0400,203.4600,4626.0000,203.2970,32
2026-07-30 18:25:10,BE,203.5200,203.7800,203.4700,203.7800,7917.0000,203.5790,62
2026-07-30 18:25:15,BE,203.6900,203.6900,203.3100,203.3200,2950.0000,203.4530,21
2026-07-30 18:25:20,BE,203.2500,203.3500,203.0900,203.1000,1979.0000,203.2200,11
2026-07-30 18:25:25,BE,203.0200,203.0600,202.6700,202.7700,17357.0000,202.8690,73
2026-07-30 18:25:30,BE,202.8600,203.0100,202.7000,203.0000,1545.0000,202.8510,11
2026-07-30 18:25:35,BE,202.9500,203.0800,202.8800,202.9100,8073.0000,202.9930,46
2026-07-30 18:25:40,BE,202.9500,203.0100,202.8700,202.8900,2872.0000,202.9510,19
2026-07-30 18:25:45,BE,202.7200,202.9200,202.7000,202.8700,1515.0000,202.8240,7
2026-07-30 18:25:50,BE,202.8900,203.2900,202.8800,203.1900,5705.0000,203.0870,46
2026-07-30 18:25:55,BE,203.1500,203.3900,203.1500,203.3800,900.0000,203.3010,8
2026-07-30 18:26:00,BE,203.3100,203.3700,202.7000,202.7000,9051.0000,203.1060,65
2026-07-30 18:26:05,BE,202.6000,202.6500,202.3000,202.3500,7855.0000,202.5250,63
2026-07-30 18:26:10,BE,202.3500,202.5600,202.1300,202.3800,6214.0000,202.3050,42
2026-07-30 18:26:15,BE,202.4400,202.4400,202.1100,202.3000,4604.0000,202.1750,11
2026-07-30 18:26:20,BE,202.3000,202.6400,202.2900,202.5400,3258.0000,202.4550,29
2026-07-30 18:26:25,BE,202.5900,203.0700,202.4600,203.0700,11734.0000,202.7390,45
2026-07-30 18:26:30,BE,203.0700,203.1700,203.0100,203.0200,4352.0000,203.1060,27
2026-07-30 18:26:35,BE,202.9500,202.9700,202.7200,202.7500,5024.0000,202.8100,25
2026-07-30 18:26:40,BE,202.9400,203.1000,202.9000,202.9600,1976.0000,202.9560,16
2026-07-30 18:26:45,BE,203.1700,203.5800,203.1700,203.4200,2895.0000,203.3990,18
2026-07-30 18:26:50,BE,203.5900,203.5900,203.2200,203.2200,308.0000,203.4180,3
2026-07-30 18:26:55,BE,203.2600,203.6000,203.2600,203.5500,6272.0000,203.4520,31
2026-07-30 18:27:00,BE,203.5500,203.8600,203.5500,203.8300,2150.0000,203.7600,19
2026-07-30 18:27:05,BE,203.8700,203.8700,203.4800,203.5600,4043.0000,203.7050,30
2026-07-30 18:27:10,BE,203.6200,203.6200,203.2300,203.2300,1590.0000,203.4690,12
2026-07-30 18:27:15,BE,203.1700,203.1700,202.9000,202.9000,7531.0000,203.0070,26
2026-07-30 18:27:20,BE,203.0600,203.1200,202.9000,202.9700,5300.0000,202.9930,24
2026-07-30 18:27:25,BE,203.0000,203.1900,202.9600,203.1900,3529.0000,203.0620,27
2026-07-30 18:27:30,BE,203.1200,203.1200,203.0000,203.0000,1300.0000,203.0680,12
2026-07-30 18:27:35,BE,202.9900,203.1100,202.7900,203.0800,2910.0000,202.9470,25
2026-07-30 18:27:40,BE,203.0000,203.1100,202.8800,202.9900,3399.0000,202.9590,22
2026-07-30 18:27:45,BE,202.9800,203.0500,202.9800,202.9800,603.0000,203.0130,4
2026-07-30 18:27:50,BE,202.9400,202.9700,202.8800,202.9500,2500.0000,202.9150,20
2026-07-30 18:27:55,BE,203.0500,203.0500,202.7200,202.7200,3032.0000,202.8970,20
2026-07-30 18:28:00,BE,202.7300,202.9300,202.5300,202.8900,3700.0000,202.7890,18
2026-07-30 18:28:05,BE,202.8400,202.8400,202.7500,202.7700,300.0000,202.7870,3
2026-07-30 18:28:10,BE,202.7200,202.8900,202.6900,202.7000,1757.0000,202.7470,14
2026-07-30 18:28:15,BE,202.6800,202.8000,202.5000,202.6800,3400.0000,202.5670,11
2026-07-30 18:28:20,BE,202.6600,203.1100,202.6600,202.9900,9259.0000,202.9120,59
2026-07-30 18:28:25,BE,202.8700,203.0300,202.8700,202.9400,1555.0000,202.9700,10
2026-07-30 18:28:30,BE,203.0900,203.2800,202.9800,203.2800,2282.0000,203.1020,17
2026-07-30 18:28:35,BE,203.1800,203.4100,203.0700,203.2900,2510.0000,203.1580,24
2026-07-30 18:28:40,BE,203.2900,203.4400,203.2900,203.3000,1640.0000,203.3410,14
2026-07-30 18:28:45,BE,203.2900,203.4700,203.2000,203.2000,2258.0000,203.3760,16
2026-07-30 18:28:50,BE,203.6500,203.6500,203.2400,203.4300,3618.0000,203.4760,24
2026-07-30 18:28:55,BE,203.4300,203.4400,203.4200,203.4400,1000.0000,203.4340,5
2026-07-30 18:29:00,BE,203.5000,203.8700,203.5000,203.7900,4855.0000,203.6390,39
2026-07-30 18:29:05,BE,203.7000,203.7300,203.5600,203.6900,6391.0000,203.6610,29
2026-07-30 18:29:10,BE,203.5700,203.6100,203.5300,203.6100,324.0000,203.5680,3
2026-07-30 18:29:15,BE,203.6200,203.7800,203.5900,203.6000,3814.0000,203.6480,23
2026-07-30 18:29:20,BE,203.7000,203.8700,203.7000,203.8300,3639.0000,203.7820,21
2026-07-30 18:29:25,BE,203.8600,204.0000,203.8600,203.9900,4194.0000,203.9340,22
2026-07-30 18:29:30,BE,203.9600,203.9600,203.8900,203.9400,1257.0000,203.9080,3
2026-07-30 18:29:35,BE,203.9800,204.3600,203.9800,204.3400,3879.0000,204.1660,28
2026-07-30 18:29:40,BE,204.3700,204.5200,204.1100,204.4900,8643.0000,204.3340,48
2026-07-30 18:29:45,BE,204.5000,204.5000,204.2900,204.3600,1366.0000,204.3960,9
2026-07-30 18:29:50,BE,204.3600,204.8800,204.3600,204.6900,5545.0000,204.6010,33
2026-07-30 18:29:55,BE,204.7000,204.9300,204.4300,204.4300,14925.0000,204.7860,73
2026-07-30 18:30:00,BE,204.4700,204.7500,204.2400,204.7500,4901.0000,204.3680,25
2026-07-30 18:30:05,BE,204.7800,204.7800,204.5000,204.6400,3700.0000,204.6180,13
2026-07-30 18:30:10,BE,204.9100,205.2900,204.7000,205.2100,13461.0000,205.1440,63
2026-07-30 18:30:15,BE,205.1100,205.2600,205.0400,205.1600,7285.0000,205.2260,20
2026-07-30 18:30:20,BE,205.1100,205.1900,204.8200,204.9800,5772.0000,205.0000,44
2026-07-30 18:30:25,BE,205.0000,205.0000,204.4500,204.5100,5424.0000,204.6580,34
2026-07-30 18:30:30,BE,204.7500,204.8200,204.2800,204.8200,1550.0000,204.6250,10
2026-07-30 18:30:35,BE,204.2900,204.5700,204.2900,204.5700,1200.0000,204.5380,3
2026-07-30 18:30:40,BE,204.3000,204.5600,203.6800,203.7000,11051.0000,204.1050,56
2026-07-30 18:30:45,BE,203.8000,203.9200,203.4700,203.9200,6754.0000,203.6450,6
2026-07-30 18:30:50,BE,203.6400,203.9200,203.6400,203.8000,700.0000,203.8290,6
2026-07-30 18:30:55,BE,203.7900,204.1300,203.7900,204.1300,700.0000,203.9460,6
2026-07-30 18:31:00,BE,204.1200,204.3000,203.9600,204.3000,4944.0000,204.1900,20
2026-07-30 18:31:05,BE,204.1500,204.4800,204.0700,204.4800,2182.0000,204.2080,20
2026-07-30 18:31:10,BE,204.4500,204.4500,203.9800,204.0500,1912.0000,204.1830,10
2026-07-30 18:31:15,BE,204.1900,204.2300,204.0800,204.0900,2826.0000,204.1530,9
2026-07-30 18:31:20,BE,204.0500,204.2400,204.0500,204.2200,642.0000,204.1050,3
2026-07-30 18:31:25,BE,204.3700,204.5800,204.3500,204.5100,4116.0000,204.4380,21
2026-07-30 18:31:30,BE,204.5100,204.5200,204.4900,204.5200,875.0000,204.5110,4
2026-07-30 18:31:35,BE,204.3000,204.5000,204.2900,204.5000,2023.0000,204.3790,17
2026-07-30 18:31:40,BE,204.2400,204.8300,204.2000,204.5000,8522.0000,204.6020,65
2026-07-30 18:31:45,BE,204.5500,204.6100,204.2400,204.3900,4738.0000,204.4960,28
2026-07-30 18:31:50,BE,204.4400,204.5300,204.3400,204.5100,2862.0000,204.4330,23
2026-07-30 18:31:55,BE,204.6500,204.7300,204.5300,204.7200,2200.0000,204.6530,16
2026-07-30 18:32:00,BE,204.7200,204.8200,204.6100,204.8100,2184.0000,204.7640,10
2026-07-30 18:32:05,BE,204.6400,204.6900,204.5700,204.6900,690.0000,204.5960,3
2026-07-30 18:32:10,BE,204.7100,204.7100,204.5700,204.6300,1644.0000,204.6270,12
2026-07-30 18:32:15,BE,204.6800,205.0300,204.6300,205.0300,4196.0000,204.8970,30
2026-07-30 18:32:20,BE,205.1100,205.1900,205.0200,205.0200,2003.0000,205.1030,15
2026-07-30 18:32:25,BE,205.1000,205.1200,204.9300,205.0700,3686.0000,205.0280,22
2026-07-30 18:32:30,BE,205.0700,205.2200,205.0700,205.0700,3959.0000,205.1510,26
2026-07-30 18:32:35,BE,205.0600,205.1000,204.8000,204.8000,4704.0000,204.9950,28
2026-07-30 18:32:40,BE,204.8800,205.0000,204.8800,205.0000,1504.0000,204.9180,7
2026-07-30 18:32:45,BE,204.8100,204.9300,204.8000,204.9100,1324.0000,204.8780,10
2026-07-30 18:32:50,BE,204.9600,205.3300,204.9600,205.3300,3409.0000,205.1480,20
2026-07-30 18:32:55,BE,205.3700,205.4200,205.1100,205.1100,2369.0000,205.2470,19
2026-07-30 18:33:00,BE,205.1500,205.1900,205.0900,205.1000,4214.0000,205.1330,17
2026-07-30 18:33:05,BE,205.1900,205.3600,205.0100,205.2800,1992.0000,205.2060,13
2026-07-30 18:33:10,BE,205.2800,205.2800,205.1200,205.2300,4491.0000,205.2040,26
2026-07-30 18:33:15,BE,205.2200,205.2300,205.1600,205.1700,1640.0000,205.2010,12
2026-07-30 18:33:20,BE,205.1700,205.3500,205.1600,205.2800,4060.0000,205.2250,17
2026-07-30 18:33:25,BE,205.2800,205.4300,205.2700,205.4000,1950.0000,205.3050,15
2026-07-30 18:33:30,BE,205.4300,205.4900,205.2800,205.3100,2175.0000,205.3760,16
2026-07-30 18:33:35,BE,205.3100,205.3300,205.1900,205.3300,700.0000,205.2310,3
2026-07-30 18:33:40,BE,205.3300,205.3300,205.1900,205.1900,4848.0000,205.2740,24
2026-07-30 18:33:45,BE,205.3200,205.3200,205.3200,205.3200,3589.0000,205.3200,13
2026-07-30 18:33:50,BE,205.3000,205.5000,205.2900,205.4900,2549.0000,205.4140,19
2026-07-30 18:33:55,BE,205.4700,205.5000,205.4100,205.4400,2104.0000,205.4880,10
2026-07-30 18:34:00,BE,205.5000,205.8000,205.4500,205.5500,4298.0000,205.6940,26
2026-07-30 18:34:05,BE,205.6400,205.7700,205.1800,205.3400,5221.0000,205.3890,38
2026-07-30 18:34:10,BE,205.1500,205.1500,204.7400,204.9000,6827.0000,204.9600,46
2026-07-30 18:34:15,BE,204.9000,204.9000,204.7200,204.7200,3846.0000,204.8000,30
2026-07-30 18:34:20,BE,204.9200,205.1400,204.8700,204.9800,3138.0000,205.0210,14
2026-07-30 18:34:25,BE,204.9700,205.0800,204.7500,204.7500,550.0000,204.8490,4
2026-07-30 18:34:30,BE,204.7500,204.9600,204.5600,204.5600,6129.0000,204.7740,27
2026-07-30 18:34:35,BE,204.7600,204.8900,204.5000,204.8800,725.0000,204.7210,6
2026-07-30 18:34:40,BE,204.7600,204.9600,204.7000,204.7700,2504.0000,204.8180,20
2026-07-30 18:34:45,BE,204.7900,204.8800,204.5400,204.8000,1557.0000,204.7830,14
2026-07-30 18:34:50,BE,204.9900,205.0000,204.9800,204.9900,525.0000,204.9930,5
2026-07-30 18:34:55,BE,205.2000,205.2000,205.1900,205.2000,100.0000,205.2000,1
2026-07-30 18:35:00,BE,205.1900,205.4000,205.0000,205.1100,8970.0000,205.1670,53
2026-07-30 18:35:05,BE,205.2100,205.3600,205.2100,205.2300,2295.0000,205.2700,13
2026-07-30 18:35:10,BE,205.2000,205.3600,205.1200,205.1900,6117.0000,205.2560,35
2026-07-30 18:35:15,BE,205.2000,205.3600,205.2000,205.3200,4892.0000,205.2780,31
2026-07-30 18:35:20,BE,205.4000,205.4000,205.2500,205.2800,2371.0000,205.3170,7
2026-07-30 18:35:25,BE,205.4000,205.5700,205.2700,205.4000,5222.0000,205.3530,22
2026-07-30 18:35:30,BE,205.4000,205.4500,205.2900,205.4000,1350.0000,205.3910,10
2026-07-30 18:35:35,BE,205.5600,206.1100,205.3200,205.7100,5617.0000,205.7890,40
2026-07-30 18:35:40,BE,205.7400,205.9000,205.4000,205.4300,2609.0000,205.5500,20
2026-07-30 18:35:45,BE,205.4600,205.4700,205.4400,205.4500,650.0000,205.4560,3
2026-07-30 18:35:50,BE,205.4500,205.4900,205.4400,205.4900,500.0000,205.4540,2
2026-07-30 18:35:55,BE,205.4900,205.4900,205.1400,205.2000,5375.0000,205.2710,41
2026-07-30 18:36:00,BE,205.3500,205.3500,205.2500,205.3400,700.0000,205.2780,4
2026-07-30 18:36:05,BE,205.4200,205.5700,205.3600,205.5400,12440.0000,205.4400,24
2026-07-30 18:36:10,BE,205.4500,205.8700,205.4400,205.7400,600.0000,205.6460,5
2026-07-30 18:36:15,BE,205.9500,206.0000,205.8600,205.9600,2675.0000,205.9520,15
2026-07-30 18:36:20,BE,205.8700,205.8700,205.7400,205.7500,2536.0000,205.8060,13
2026-07-30 18:36:25,BE,205.7500,205.9200,205.7000,205.7100,4513.0000,205.8180,28
2026-07-30 18:36:30,BE,205.6700,205.6800,205.5000,205.5900,3286.0000,205.5990,15
2026-07-30 18:36:35,BE,205.5900,206.1900,205.5900,206.1900,2603.0000,205.9600,15
2026-07-30 18:36:40,BE,206.2200,206.3800,206.1200,206.2200,3475.0000,206.3230,10
2026-07-30 18:36:45,BE,206.0400,206.2100,206.0000,206.0400,3604.0000,206.1490,10
2026-07-30 18:36:50,BE,206.0400,206.0400,206.0300,206.0400,350.0000,206.0350,3
2026-07-30 18:36:55,BE,206.2000,206.5000,206.2000,206.4000,3196.0000,206.3130,24
2026-07-30 18:37:00,BE,206.4000,206.4900,206.3000,206.3800,4331.0000,206.3860,24
2026-07-30 18:37:05,BE,206.3300,206.4900,205.8700,206.4900,10995.0000,206.1320,50
2026-07-30 18:37:10,BE,206.1000,206.1200,206.0800,206.1000,700.0000,206.1030,6
2026-07-30 18:37:15,BE,206.0000,206.2500,205.8600,206.1200,2730.0000,206.0050,21
2026-07-30 18:37:20,BE,206.1200,206.1200,205.2200,205.6700,14004.0000,205.7950,81
2026-07-30 18:37:25,BE,205.5400,206.0100,205.5400,205.7400,1037.0000,205.8140,7
2026-07-30 18:37:30,BE,205.9700,206.2500,205.9700,206.2500,2073.0000,206.0370,14
2026-07-30 18:37:35,BE,206.1200,206.1200,205.8000,205.8000,2700.0000,205.9910,11
2026-07-30 18:37:40,BE,205.8100,205.8900,205.5700,205.8400,3000.0000,205.7890,24
2026-07-30 18:37:45,BE,205.7300,205.8600,205.5200,205.6700,4650.0000,205.8120,8
2026-07-30 18:37:50,BE,205.6900,205.7500,205.5200,205.6400,5055.0000,205.6450,43
2026-07-30 18:37:55,BE,205.5900,205.7700,205.5900,205.6800,500.0000,205.6610,4
2026-07-30 18:38:00,BE,205.5900,205.6700,205.3600,205.6700,1776.0000,205.5340,17
2026-07-30 18:38:05,BE,205.4100,205.4400,205.1000,205.1000,1900.0000,205.2890,15
2026-07-30 18:38:10,BE,205.1400,205.6000,205.0900,205.5900,2459.0000,205.2040,12
2026-07-30 18:38:15,BE,205.3500,205.6300,205.3500,205.6300,1675.0000,205.4850,13
2026-07-30 18:38:20,BE,205.6200,206.1000,205.6200,206.0800,4588.0000,205.9270,25
2026-07-30 18:38:25,BE,206.0700,206.0700,205.4000,205.4000,1955.0000,205.6330,18
2026-07-30 18:38:30,BE,205.2900,205.6600,205.0000,205.1700,4454.0000,205.1710,25
2026-07-30 18:38:35,BE,205.0700,205.1200,204.7600,204.8800,2594.0000,204.9370,21
2026-07-30 18:38:40,BE,204.7600,204.9700,204.5500,204.5500,969.0000,204.7590,7
2026-07-30 18:38:45,BE,204.5200,204.7300,204.5100,204.6800,1185.0000,204.6400,11
2026-07-30 18:38:50,BE,204.5900,204.8200,204.5800,204.8200,1370.0000,204.6900,8
2026-07-30 18:38:55,BE,204.8100,204.9700,204.6800,204.9700,1841.0000,204.8200,9
2026-07-30 18:39:00,BE,205.0500,205.5100,204.9600,205.0000,4604.0000,205.2820,41
2026-07-30 18:39:05,BE,204.7900,205.0900,204.7900,205.0700,1743.0000,204.9340,13
2026-07-30 18:39:10,BE,204.8400,205.1000,204.8400,205.0500,1918.0000,204.9680,11
2026-07-30 18:39:15,BE,204.8400,205.0700,204.8000,204.8800,1511.0000,204.8930,11
2026-07-30 18:39:20,BE,204.8800,204.8800,204.8800,204.8800,0.0000,204.8800,0
2026-07-30 18:39:25,BE,204.8300,204.9600,204.7000,204.7900,1200.0000,204.8180,9
2026-07-30 18:39:30,BE,204.8800,205.0000,204.7600,204.8100,2450.0000,204.8910,10
2026-07-30 18:39:35,BE,204.8200,204.9900,204.5700,204.9200,2158.0000,204.7630,6
2026-07-30 18:39:40,BE,204.9900,205.1300,204.9200,205.1300,2400.0000,204.9780,20
2026-07-30 18:39:45,BE,205.1300,205.1500,205.0400,205.1500,856.0000,205.1140,8
2026-07-30 18:39:50,BE,204.9700,205.3900,204.9700,205.2600,2952.0000,205.1790,13
2026-07-30 18:39:55,BE,205.2500,205.4100,205.1900,205.1900,2442.0000,205.3480,15
2026-07-30 18:40:00,BE,205.4100,205.5500,205.3000,205.3900,3280.0000,205.4610,14
2026-07-30 18:40:05,BE,205.5500,205.5500,205.1100,205.4100,8734.0000,205.3120,64
2026-07-30 18:40:10,BE,205.3600,205.9900,205.3600,205.9700,14850.0000,205.5400,53
2026-07-30 18:40:15,BE,205.5900,205.8800,205.3800,205.5700,1999.0000,205.5960,8
2026-07-30 18:40:20,BE,205.6000,205.6000,205.6000,205.6000,386.0000,205.6000,1
2026-07-30 18:40:25,BE,205.6100,205.6100,204.9300,205.2700,5034.0000,205.4030,34
2026-07-30 18:40:30,BE,205.1200,205.1700,204.9200,205.1500,3750.0000,205.0550,32
2026-07-30 18:40:35,BE,204.9200,205.1000,204.9200,205.1000,516.0000,205.0080,2
2026-07-30 18:40:40,BE,204.9200,205.0700,204.9000,205.0700,2825.0000,204.9460,16
2026-07-30 18:40:45,BE,204.8800,204.8800,204.8800,204.8800,350.0000,204.8800,2
2026-07-30 18:40:50,BE,204.7500,204.8800,204.7500,204.8800,511.0000,204.7790,3
2026-07-30 18:40:55,BE,204.8800,204.8800,204.7100,204.7500,750.0000,204.8050,4
2026-07-30 18:41:00,BE,204.8900,204.8900,204.6300,204.6300,2500.0000,204.7420,12
2026-07-30 18:41:05,BE,204.8100,204.9700,204.6300,204.9600,10322.0000,204.7370,55
2026-07-30 18:41:10,BE,204.9700,204.9700,204.7400,204.8300,3884.0000,204.8220,24
2026-07-30 18:41:15,BE,204.9200,204.9200,204.9000,204.9000,300.0000,204.9070,3
2026-07-30 18:41:20,BE,204.9700,205.3300,204.9700,205.3000,2318.0000,205.1150,21
2026-07-30 18:41:25,BE,205.0100,205.1300,205.0000,205.0700,886.0000,205.0520,7
2026-07-30 18:41:30,BE,205.0700,205.0700,204.9600,204.9900,2900.0000,204.9710,16
2026-07-30 18:41:35,BE,204.9800,205.0800,204.9800,204.9800,600.0000,204.9970,3
2026-07-30 18:41:40,BE,204.9900,205.0000,204.9800,205.0000,450.0000,204.9890,3
2026-07-30 18:41:45,BE,204.9800,205.0800,204.9400,204.9800,500.0000,204.9920,5
2026-07-30 18:41:50,BE,205.1200,205.1200,205.0200,205.0200,480.0000,205.0450,4
2026-07-30 18:41:55,BE,205.0900,205.0900,204.9700,205.0700,915.0000,205.0210,7
2026-07-30 18:42:00,BE,204.9700,204.9700,204.8700,204.8700,712.0000,204.9240,6
2026-07-30 18:42:05,BE,205.0100,205.0400,204.9500,204.9500,1140.0000,205.0000,8
2026-07-30 18:42:10,BE,204.8600,205.0400,204.6800,204.6800,9017.0000,204.8880,57
2026-07-30 18:42:15,BE,204.6800,204.8600,204.6800,204.8600,723.0000,204.7300,3
2026-07-30 18:42:20,BE,204.6900,204.9900,204.6900,204.9900,200.0000,204.8400,2
2026-07-30 18:42:25,BE,204.9800,204.9900,204.9300,204.9600,1300.0000,204.9750,4
2026-07-30 18:42:30,BE,204.7900,204.7900,204.5300,204.5300,1740.0000,204.6580,13
2026-07-30 18:42:35,BE,204.6300,204.8200,204.4600,204.4700,4538.0000,204.6730,27
2026-07-30 18:42:40,BE,204.5300,204.6100,204.0600,204.1800,5050.0000,204.2820,29
2026-07-30 18:42:45,BE,204.3300,204.3800,204.3100,204.3200,2100.0000,204.3290,4
2026-07-30 18:42:50,BE,204.2700,204.4700,204.1700,204.4600,1900.0000,204.3570,13
2026-07-30 18:42:55,BE,204.3200,204.4900,204.2900,204.4900,4300.0000,204.2970,6
2026-07-30 18:43:00,BE,204.4900,204.5800,204.3200,204.3800,2686.0000,204.5210,22
2026-07-30 18:43:05,BE,204.2900,204.3800,204.2300,204.2700,1765.0000,204.3290,8
2026-07-30 18:43:10,BE,204.5200,204.7800,204.4100,204.7800,3400.0000,204.5220,21
2026-07-30 18:43:15,BE,204.4800,204.5200,204.3800,204.3800,432.0000,204.4680,3
2026-07-30 18:43:20,BE,204.5900,204.8200,204.5800,204.8000,3004.0000,204.7210,25
2026-07-30 18:43:25,BE,204.5400,204.6100,204.2500,204.6100,2100.0000,204.4820,17
2026-07-30 18:43:30,BE,204.3300,204.3300,204.2600,204.2700,200.0000,204.2980,2
2026-07-30 18:43:35,BE,204.3200,204.3200,204.2600,204.2700,325.0000,204.2970,3
2026-07-30 18:43:40,BE,204.4300,204.5700,204.3800,204.5300,2412.0000,204.5110,10
2026-07-30 18:43:45,BE,204.7600,204.8800,204.6400,204.7300,1061.0000,204.7330,7
2026-07-30 18:43:50,BE,204.7300,204.7300,204.7300,204.7300,200.0000,204.7300,2
2026-07-30 18:43:55,BE,204.6300,204.7000,204.6200,204.6600,1089.0000,204.6400,10
2026-07-30 18:44:00,BE,204.6900,205.1000,204.6300,205.1000,2926.0000,204.8130,22
2026-07-30 18:44:05,BE,204.9400,205.3200,204.9400,205.3200,1600.0000,205.1370,14
2026-07-30 18:44:10,BE,205.4400,205.4400,205.3100,205.3200,300.0000,205.3560,3
2026-07-30 18:44:15,BE,205.2500,205.4700,205.2300,205.2600,3188.0000,205.3030,18
2026-07-30 18:44:20,BE,205.2600,205.3500,205.1100,205.2300,3122.0000,205.2510,14
2026-07-30 18:44:25,BE,205.2600,205.3300,205.1100,205.1200,3246.0000,205.1990,23
2026-07-30 18:44:30,BE,205.2200,205.2200,205.1200,205.2200,2935.0000,205.2150,5
2026-07-30 18:44:35,BE,205.2200,205.2200,205.1000,205.1700,1100.0000,205.1610,8
2026-07-30 18:44:40,BE,205.1700,205.2900,205.1600,205.1700,300.0000,205.2080,3
2026-07-30 18:44:45,BE,205.1700,205.1700,205.1500,205.1600,845.0000,205.1660,3
2026-07-30 18:44:50,BE,205.1700,205.3200,205.1000,205.3200,2787.0000,205.2510,14
2026-07-30 18:44:55,BE,205.1600,205.1900,204.8600,205.0700,3155.0000,205.0630,23
2026-07-30 18:45:00,BE,205.0600,205.2500,204.8400,205.0500,1500.0000,205.0650,5
2026-07-30 18:45:05,BE,205.0500,205.3700,205.0500,205.2900,3049.0000,205.2420,17
2026-07-30 18:45:10,BE,205.1900,205.5600,205.1900,205.5500,2873.0000,205.5160,11
2026-07-30 18:45:15,BE,205.5500,205.5500,205.5300,205.5400,700.0000,205.5400,5
2026-07-30 18:45:20,BE,205.3400,205.5500,205.3400,205.3500,797.0000,205.4740,4
2026-07-30 18:45:25,BE,205.2300,205.9300,205.2300,205.7700,4801.0000,205.6420,31
2026-07-30 18:45:30,BE,205.7700,205.7700,205.6000,205.7700,1980.0000,205.6780,10
2026-07-30 18:45:35,BE,205.9300,205.9400,205.6000,205.6000,1734.0000,205.9180,5
2026-07-30 18:45:40,BE,205.9300,205.9300,205.7200,205.9300,500.0000,205.8340,5
2026-07-30 18:45:45,BE,205.8200,205.9400,205.7400,205.9400,4079.0000,205.8190,18
2026-07-30 18:45:50,BE,205.7800,205.7800,205.4700,205.5200,3143.0000,205.6770,22
2026-07-30 18:45:55,BE,205.5300,205.5300,205.4100,205.5200,912.0000,205.5080,5
2026-07-30 18:46:00,BE,205.5200,205.5200,205.5200,205.5200,200.0000,205.5200,2
2026-07-30 18:46:05,BE,205.6000,205.7100,205.6000,205.7100,200.0000,205.6550,2
2026-07-30 18:46:10,BE,205.5300,205.6000,205.2000,205.4100,3695.0000,205.3850,33
2026-07-30 18:46:15,BE,205.6100,205.7200,205.4500,205.7200,2156.0000,205.6170,17
2026-07-30 18:46:20,BE,205.6100,205.6100,205.6100,205.6100,100.0000,205.6100,1
2026-07-30 18:46:25,BE,205.7900,205.9500,205.7000,205.9400,1235.0000,205.8680,10
2026-07-30 18:46:30,BE,205.9200,205.9600,205.8500,205.8500,1685.0000,205.9220,13
2026-07-30 18:46:35,BE,205.8500,206.1000,205.8500,206.0800,6987.0000,205.9670,29
2026-07-30 18:46:40,BE,206.1000,206.1000,205.7000,205.7000,2653.0000,205.9990,18
2026-07-30 18:46:45,BE,205.7200,205.8300,205.6500,205.6500,1869.0000,205.7020,10
2026-07-30 18:46:50,BE,205.6500,205.6500,205.2200,205.3900,8250.0000,205.4800,69
2026-07-30 18:46:55,BE,205.1600,205.3800,205.1600,205.3800,300.0000,205.3070,3
2026-07-30 18:47:00,BE,205.3800,205.3900,205.3700,205.3700,2518.0000,205.3790,15
2026-07-30 18:47:05,BE,205.3900,205.3900,205.3700,205.3700,200.0000,205.3800,2
2026-07-30 18:47:10,BE,205.3300,205.4300,205.3300,205.4300,880.0000,205.3820,7
2026-07-30 18:47:15,BE,205.2000,205.4200,205.1900,205.4200,597.0000,205.3090,2
2026-07-30 18:47:20,BE,205.1900,205.4200,205.1800,205.4200,1495.0000,205.2250,3
2026-07-30 18:47:25,BE,205.2900,205.3000,205.2000,205.2700,6400.0000,205.2840,59
2026-07-30 18:47:30,BE,205.1700,205.1800,205.0200,205.1800,1450.0000,205.1520,9
2026-07-30 18:47:35,BE,205.1700,205.1700,205.1700,205.1700,100.0000,205.1700,1
2026-07-30 18:47:40,BE,205.0600,205.1800,205.0100,205.0200,2205.0000,205.1230,19
2026-07-30 18:47:45,BE,205.0300,205.1200,205.0100,205.1200,1684.0000,205.0480,5
2026-07-30 18:47:50,BE,205.0000,205.1600,204.9700,205.1600,1619.0000,205.0320,11
2026-07-30 18:47:55,BE,204.9900,205.1600,204.9000,205.0200,1800.0000,204.9680,13
2026-07-30 18:48:00,BE,204.9100,205.0200,204.9000,204.9700,4020.0000,204.9440,34
2026-07-30 18:48:05,BE,205.0000,205.0000,204.8000,204.8500,2955.0000,204.9100,26
2026-07-30 18:48:10,BE,205.0000,205.0000,204.8000,204.9300,1677.0000,204.8890,11
2026-07-30 18:48:15,BE,205.0500,205.0500,204.5900,204.7600,4291.0000,204.8920,14
2026-07-30 18:48:20,BE,204.5800,204.7500,204.5800,204.7100,1000.0000,204.6460,8
2026-07-30 18:48:25,BE,204.7200,204.7600,204.6200,204.7300,1016.0000,204.7020,8
2026-07-30 18:48:30,BE,204.8600,204.8600,204.7500,204.8100,637.0000,204.8180,5
2026-07-30 18:48:35,BE,204.7700,205.0000,204.7700,204.9000,3210.0000,204.8850,21
2026-07-30 18:48:40,BE,204.8500,204.8500,204.8500,204.8500,200.0000,204.8500,2
2026-07-30 18:48:45,BE,204.9500,204.9500,204.7500,204.8600,2190.0000,204.8550,20
2026-07-30 18:48:50,BE,204.9300,205.1100,204.9300,204.9500,1626.0000,205.0090,13
2026-07-30 18:48:55,BE,204.9400,204.9400,204.9300,204.9400,425.0000,204.9350,2
2026-07-30 18:49:00,BE,205.0400,205.0400,204.9300,204.9400,310.0000,204.9900,3
2026-07-30 18:49:05,BE,204.8100,204.8100,204.8100,204.8100,100.0000,204.8100,1
2026-07-30 18:49:10,BE,204.9700,204.9800,204.9000,204.9400,840.0000,204.9340,8
2026-07-30 18:49:15,BE,204.9400,204.9400,204.9300,204.9400,333.0000,204.9350,3
2026-07-30 18:49:20,BE,204.9300,205.0600,204.9300,204.9500,413.0000,204.9690,3
2026-07-30 18:49:25,BE,204.8500,204.9200,204.8500,204.9000,360.0000,204.8920,3
2026-07-30 18:49:30,BE,204.9000,204.9000,204.8000,204.8000,400.0000,204.8250,4
2026-07-30 18:49:35,BE,204.8600,204.8600,204.8600,204.8600,200.0000,204.8600,2
2026-07-30 18:49:40,BE,204.9800,205.1700,204.9800,205.1400,850.0000,205.0620,8
2026-07-30 18:49:45,BE,205.2600,205.5000,205.1000,205.1000,1248.0000,205.2720,5
2026-07-30 18:49:50,BE,205.2500,205.8000,205.0400,205.8000,3097.0000,205.5460,19
2026-07-30 18:49:55,BE,205.8100,205.9000,205.4300,205.6300,5649.0000,205.6530,16
2026-07-30 18:50:00,BE,205.5900,205.5900,205.4500,205.5800,2140.0000,205.5120,7
2026-07-30 18:50:05,BE,205.5000,205.5000,205.5000,205.5000,500.0000,205.5000,1
2026-07-30 18:50:10,BE,205.6600,205.7100,205.4200,205.5800,2236.0000,205.5970,13
2026-07-30 18:50:15,BE,205.5800,205.7400,205.4200,205.5000,2444.0000,205.5220,18
2026-07-30 18:50:20,BE,205.3800,205.6300,205.3700,205.6300,1486.0000,205.5050,9
2026-07-30 18:50:25,BE,205.5700,205.6900,205.5600,205.6900,300.0000,205.6070,3
2026-07-30 18:50:30,BE,205.5700,205.5700,205.5000,205.5500,800.0000,205.5530,7
2026-07-30 18:50:35,BE,205.4900,205.5500,205.4900,205.5500,200.0000,205.5200,2
2026-07-30 18:50:40,BE,205.4500,205.6400,205.0600,205.6000,5096.0000,205.2860,34
2026-07-30 18:50:45,BE,205.3900,205.3900,205.3900,205.3900,100.0000,205.3900,1
2026-07-30 18:50:50,BE,205.4500,205.4500,204.6000,204.6100,4023.0000,205.0570,29
2026-07-30 18:50:55,BE,204.6100,204.7500,204.4300,204.6400,2541.0000,204.6110,16
2026-07-30 18:51:00,BE,204.4300,204.4300,204.1700,204.4000,1100.0000,204.3670,4
2026-07-30 18:51:05,BE,204.6500,204.6600,204.4200,204.6000,1574.0000,204.6150,11
2026-07-30 18:51:10,BE,204.4600,205.1400,204.4500,204.9700,3300.0000,204.7760,20
2026-07-30 18:51:15,BE,205.1200,205.5500,205.1200,205.5500,4556.0000,205.3780,11
2026-07-30 18:51:20,BE,205.4000,205.7100,205.3900,205.6700,1863.0000,205.5310,12
2026-07-30 18:51:25,BE,205.7900,205.9700,205.6900,205.7000,2984.0000,205.8640,19
2026-07-30 18:51:30,BE,205.6300,205.8800,205.6300,205.7100,2615.0000,205.7330,25
2026-07-30 18:51:35,BE,205.8800,205.8800,205.6800,205.8100,3240.0000,205.7290,28
2026-07-30 18:51:40,BE,205.8800,206.2100,205.8800,206.2100,3842.0000,206.0410,31
2026-07-30 18:51:45,BE,206.1200,206.2800,206.1200,206.1400,1633.0000,206.2110,16
2026-07-30 18:51:50,BE,206.2800,206.4400,206.2100,206.3800,2500.0000,206.2910,9
2026-07-30 18:51:55,BE,206.4600,206.7500,206.3800,206.7500,6910.0000,206.5240,32
2026-07-30 18:52:00,BE,206.7900,206.9700,206.5600,206.8000,5718.0000,206.7910,19
2026-07-30 18:52:05,BE,206.5600,206.6800,206.1100,206.1100,7975.0000,206.3140,74
2026-07-30 18:52:10,BE,206.3000,206.3000,206.0000,206.1200,3290.0000,206.0810,27
2026-07-30 18:52:15,BE,206.1800,206.2600,206.0500,206.0500,1120.0000,206.1510,9
2026-07-30 18:52:20,BE,206.2400,206.2400,205.7300,205.8100,3380.0000,205.9570,29
2026-07-30 18:52:25,BE,205.7700,206.0000,205.6100,205.8000,2319.0000,205.7490,16
2026-07-30 18:52:30,BE,205.8000,205.9700,205.5300,205.6800,9009.0000,205.8540,29
2026-07-30 18:52:35,BE,205.6800,205.8700,205.6700,205.8700,300.0000,205.7780,3
2026-07-30 18:52:40,BE,205.6800,205.8700,205.6700,205.8700,1553.0000,205.8090,4
2026-07-30 18:52:45,BE,205.4800,205.4800,204.7300,204.7300,4775.0000,205.1350,40
2026-07-30 18:52:50,BE,204.8600,205.1300,204.8500,205.1300,400.0000,204.9920,3
2026-07-30 18:52:55,BE,205.1300,205.3100,204.7500,205.0300,2847.0000,205.0910,20
2026-07-30 18:53:00,BE,205.3000,205.3000,205.0000,205.0500,1350.0000,205.0990,11
2026-07-30 18:53:05,BE,205.0200,205.3600,204.9500,205.3600,3939.0000,205.1660,33
2026-07-30 18:53:10,BE,205.1700,205.4500,205.1700,205.4500,500.0000,205.2780,3
2026-07-30 18:53:15,BE,205.4300,205.4300,205.4300,205.4300,200.0000,205.4300,2
2026-07-30 18:53:20,BE,205.1900,205.4300,205.1200,205.1200,1200.0000,205.1810,8
2026-07-30 18:53:25,BE,205.2000,205.2000,205.1900,205.2000,750.0000,205.1950,2
2026-07-30 18:53:30,BE,205.3300,205.4300,205.3300,205.4300,1066.0000,205.3610,10
2026-07-30 18:53:35,BE,205.6000,205.6000,205.5900,205.6000,388.0000,205.5960,1
2026-07-30 18:53:40,BE,205.5500,205.5500,205.5400,205.5400,200.0000,205.5450,2
2026-07-30 18:53:45,BE,205.4600,205.4700,205.4500,205.4600,1900.0000,205.4560,13
2026-07-30 18:53:50,BE,205.6500,205.7100,205.6300,205.6400,1669.0000,205.6500,15
2026-07-30 18:53:55,BE,205.6300,205.6900,205.6300,205.6900,870.0000,205.6360,4
2026-07-30 18:54:00,BE,205.6900,205.6900,205.4700,205.6100,1466.0000,205.5670,13
2026-07-30 18:54:05,BE,205.4700,205.6300,205.4700,205.4800,700.0000,205.5860,6
2026-07-30 18:54:10,BE,205.5100,205.6100,205.5100,205.6100,250.0000,205.5510,2
2026-07-30 18:54:15,BE,205.5100,206.0000,205.5100,205.7900,7912.0000,205.7440,59
2026-07-30 18:54:20,BE,205.7500,206.0100,205.7500,205.7500,1247.0000,205.8060,7
2026-07-30 18:54:25,BE,205.7400,205.7400,205.3900,205.3900,1598.0000,205.5360,12
2026-07-30 18:54:30,BE,205.3800,205.5300,205.3800,205.5300,919.0000,205.4090,8
2026-07-30 18:54:35,BE,205.4900,205.4900,205.4800,205.4900,200.0000,205.4880,2
2026-07-30 18:54:40,BE,205.4100,205.8400,205.4100,205.5800,3146.0000,205.6280,21
2026-07-30 18:54:45,BE,205.6900,205.6900,205.5600,205.5900,800.0000,205.6010,6
2026-07-30 18:54:50,BE,205.6900,205.7900,205.5900,205.6600,5264.0000,205.6310,13
2026-07-30 18:54:55,BE,205.6600,205.9700,205.6500,205.7300,1979.0000,205.8120,15
2026-07-30 18:55:00,BE,205.7200,205.8300,205.5900,205.6600,3836.0000,205.6790,31
2026-07-30 18:55:05,BE,205.8200,206.2500,205.8200,206.1600,2297.0000,205.9940,21
2026-07-30 18:55:10,BE,206.1200,206.1200,205.8800,206.0400,8415.0000,205.9950,57
2026-07-30 18:55:15,BE,206.0400,206.0500,206.0400,206.0500,400.0000,206.0430,3
2026-07-30 18:55:20,BE,205.9500,206.0400,205.9400,206.0400,644.0000,206.0060,4
2026-07-30 18:55:25,BE,205.9200,206.2700,205.9100,206.2500,5357.0000,206.1020,30
2026-07-30 18:55:30,BE,206.1200,206.3200,206.1200,206.2600,2191.0000,206.2840,8
2026-07-30 18:55:35,BE,206.3300,206.5000,206.2900,206.3100,8441.0000,206.3310,49
2026-07-30 18:55:40,BE,206.3000,206.4200,206.2900,206.4100,2222.0000,206.3680,22
2026-07-30 18:55:45,BE,206.3800,206.5900,206.3800,206.5600,1466.0000,206.4770,13
2026-07-30 18:55:50,BE,206.4600,206.7800,206.3000,206.7800,8684.0000,206.4720,55
2026-07-30 18:55:55,BE,206.8500,206.8500,206.5900,206.5900,2207.0000,206.7340,18
2026-07-30 18:56:00,BE,206.6700,206.8200,206.6700,206.6800,1050.0000,206.6920,8
2026-07-30 18:56:05,BE,206.6700,206.6700,206.4100,206.4100,2651.0000,206.5080,22
2026-07-30 18:56:10,BE,206.3700,206.5500,206.3700,206.5400,1000.0000,206.4780,10
2026-07-30 18:56:15,BE,206.5400,206.5600,206.5000,206.5100,650.0000,206.5260,5
2026-07-30 18:56:20,BE,206.6700,206.6800,206.6700,206.6800,858.0000,206.6790,3
2026-07-30 18:56:25,BE,206.5000,206.7200,206.5000,206.6000,3292.0000,206.6220,15
2026-07-30 18:56:30,BE,206.6500,207.1100,206.6500,207.0600,4400.0000,206.9650,29
2026-07-30 18:56:35,BE,206.9700,207.1900,206.9200,207.1600,3755.0000,207.0870,24
2026-07-30 18:56:40,BE,207.1700,207.2400,207.1100,207.1200,8523.0000,207.1460,58
2026-07-30 18:56:45,BE,207.1500,207.3100,207.1200,207.1500,3257.0000,207.2240,16
2026-07-30 18:56:50,BE,207.3000,207.3600,207.1700,207.1700,4735.0000,207.2850,32
2026-07-30 18:56:55,BE,207.1200,207.2600,207.1100,207.2600,4211.0000,207.1300,39
2026-07-30 18:57:00,BE,207.2800,207.4800,207.2800,207.2800,4536.0000,207.3710,25
2026-07-30 18:57:05,BE,207.2800,207.4100,207.1700,207.3000,5619.0000,207.3370,26
2026-07-30 18:57:10,BE,207.3000,207.4500,207.2800,207.3400,890.0000,207.3240,4
2026-07-30 18:57:15,BE,207.2000,207.3500,207.1500,207.1500,1991.0000,207.2370,12
2026-07-30 18:57:20,BE,207.2800,207.2800,206.8900,206.9200,9895.0000,207.0870,73
2026-07-30 18:57:25,BE,207.0000,207.1800,206.9900,207.0500,2347.0000,207.0990,16
2026-07-30 18:57:30,BE,207.0000,207.0500,206.8400,206.9700,3793.0000,206.9240,31
2026-07-30 18:57:35,BE,206.8400,206.8400,206.5800,206.7200,5035.0000,206.7940,31
2026-07-30 18:57:40,BE,206.7200,206.9500,206.7200,206.9500,890.0000,206.8190,8
2026-07-30 18:57:45,BE,206.8400,206.8400,206.6900,206.7400,1666.0000,206.7320,11
2026-07-30 18:57:50,BE,206.7400,206.7400,206.6500,206.6900,1872.0000,206.6740,13
2026-07-30 18:57:55,BE,206.7000,206.7900,206.7000,206.7500,1000.0000,206.7520,8
2026-07-30 18:58:00,BE,206.7500,206.7800,206.4800,206.4800,5203.0000,206.6410,29
2026-07-30 18:58:05,BE,206.4200,206.4200,206.0600,206.2900,1900.0000,206.2920,19
2026-07-30 18:58:10,BE,206.0600,206.2900,205.7000,205.9900,3978.0000,206.0060,21
2026-07-30 18:58:15,BE,206.2600,206.4600,206.2400,206.4500,1790.0000,206.3650,14
2026-07-30 18:58:20,BE,206.5900,207.4900,206.4400,207.1500,5612.0000,207.0510,49
2026-07-30 18:58:25,BE,207.4600,207.7600,207.2200,207.5300,11895.0000,207.4950,66
2026-07-30 18:58:30,BE,207.8300,207.8300,207.3200,207.5800,9879.0000,207.6960,52
2026-07-30 18:58:35,BE,207.3200,207.5400,207.1100,207.2600,5650.0000,207.2890,44
2026-07-30 18:58:40,BE,207.1900,207.1900,206.8900,207.1100,4093.0000,207.0860,22
2026-07-30 18:58:45,BE,207.1300,207.3200,206.9800,207.3000,4730.0000,207.1890,23
2026-07-30 18:58:50,BE,207.1000,207.3200,206.9000,207.2900,2953.0000,207.0730,27
2026-07-30 18:58:55,BE,207.2800,207.4300,207.1600,207.2600,3827.0000,207.3030,25
2026-07-30 18:59:00,BE,207.2800,207.2800,206.9600,207.0700,3557.0000,207.0540,28
2026-07-30 18:59:05,BE,207.0200,207.1200,206.9000,206.9000,1206.0000,206.9960,8
2026-07-30 18:59:10,BE,207.0100,207.0100,206.8900,206.9000,2743.0000,206.9070,15
2026-07-30 18:59:15,BE,206.9900,206.9900,206.8900,206.8900,1215.0000,206.9490,8
2026-07-30 18:59:20,BE,206.8700,206.9500,206.3700,206.4100,6083.0000,206.7750,44
2026-07-30 18:59:25,BE,206.5200,206.6500,206.0000,206.2900,14415.0000,206.3680,102
2026-07-30 18:59:30,BE,206.2800,206.6200,206.2800,206.4700,2700.0000,206.4560,24
2026-07-30 18:59:35,BE,206.3900,206.6300,206.3800,206.4600,963.0000,206.4640,8
2026-07-30 18:59:40,BE,206.2800,206.6200,206.2800,206.4600,2100.0000,206.5170,15
2026-07-30 18:59:45,BE,206.4500,206.4500,206.2700,206.4200,5750.0000,206.3670,22
2026-07-30 18:59:50,BE,206.4100,206.5000,206.3000,206.3000,3936.0000,206.3810,26
2026-07-30 18:59:55,BE,206.2900,206.6800,206.2900,206.5900,3535.0000,206.4870,27
2026-07-30 19:00:00,BE,206.5600,206.5600,206.5500,206.5600,150.0000,206.5550,1
2026-07-30 19:00:05,BE,206.5600,206.8900,206.5600,206.7800,2806.0000,206.8000,24
2026-07-30 19:00:10,BE,206.8200,207.1200,206.7300,207.1200,5954.0000,206.9290,42
2026-07-30 19:00:15,BE,207.0100,207.0100,206.5600,206.5900,4518.0000,206.7450,35
2026-07-30 19:00:20,BE,206.7100,206.7100,206.3300,206.3500,2314.0000,206.5350,11
2026-07-30 19:00:25,BE,206.4800,206.5600,206.3200,206.4600,3879.0000,206.4380,15
2026-07-30 19:00:30,BE,206.3600,206.4600,206.3200,206.4500,4996.0000,206.3610,24
2026-07-30 19:00:35,BE,206.4500,206.4500,206.3300,206.4300,2693.0000,206.3880,19
2026-07-30 19:00:40,BE,206.4300,206.4300,206.2800,206.2900,1598.0000,206.3150,14
2026-07-30 19:00:45,BE,206.2900,206.5900,206.0000,206.5900,7469.0000,206.2530,53
2026-07-30 19:00:50,BE,206.7200,206.7200,206.4100,206.6000,2433.0000,206.5520,18
2026-07-30 19:00:55,BE,206.5700,206.5700,206.3000,206.3000,600.0000,206.3450,2
2026-07-30 19:01:00,BE,206.5100,206.7100,206.5000,206.5000,1300.0000,206.5550,10
2026-07-30 19:01:05,BE,206.5000,206.5000,205.8400,205.9400,5761.0000,206.1100,33
2026-07-30 19:01:10,BE,206.0800,206.3900,206.0700,206.2300,1979.0000,206.1990,14
2026-07-30 19:01:15,BE,206.0700,206.5100,206.0700,206.5100,6667.0000,206.3670,53
2026-07-30 19:01:20,BE,206.3000,206.5000,206.3000,206.3800,900.0000,206.4160,7
2026-07-30 19:01:25,BE,206.5400,206.9800,206.5400,206.6900,2100.0000,206.7760,19
2026-07-30 19:01:30,BE,206.7100,206.8200,206.5400,206.6300,1309.0000,206.6750,11
2026-07-30 19:01:35,BE,206.7100,207.0000,206.7000,206.9300,2725.0000,206.9470,24
2026-07-30 19:01:40,BE,207.0900,207.0900,207.0800,207.0900,100.0000,207.0900,1
2026-07-30 19:01:45,BE,207.0900,207.4600,207.0700,207.4600,8067.0000,207.1150,7
2026-07-30 19:01:50,BE,207.3700,207.4800,206.9900,207.1700,4600.0000,207.2820,29
2026-07-30 19:01:55,BE,207.3800,207.4800,207.0800,207.4800,500.0000,207.3190,5
2026-07-30 19:02:00,BE,207.3200,207.4700,207.3200,207.4600,1325.0000,207.4200,7
2026-07-30 19:02:05,BE,207.4700,207.8000,207.4700,207.7000,5359.0000,207.6020,30
2026-07-30 19:02:10,BE,207.6900,207.8000,207.6900,207.7900,2229.0000,207.7630,13
2026-07-30 19:02:15,BE,207.6900,207.8300,207.6800,207.6800,1241.0000,207.7440,10
2026-07-30 19:02:20,BE,207.7300,207.8200,207.6000,207.6500,3350.0000,207.6930,33
2026-07-30 19:02:25,BE,207.7400,207.7900,207.7300,207.7500,563.0000,207.7640,5
2026-07-30 19:02:30,BE,207.8100,207.8600,207.7000,207.7700,1895.0000,207.7690,17
2026-07-30 19:02:35,BE,207.7900,207.7900,207.6400,207.7500,1525.0000,207.7220,15
2026-07-30 19:02:40,BE,207.7500,207.7500,207.1300,207.3600,6648.0000,207.5740,50
2026-07-30 19:02:45,BE,207.5700,207.6000,207.2700,207.3600,855.0000,207.4050,6
2026-07-30 19:02:50,BE,207.6000,207.8100,207.5800,207.8100,3750.0000,207.6430,23
2026-07-30 19:02:55,BE,207.7000,207.8800,207.7000,207.8800,2749.0000,207.8280,16
2026-07-30 19:03:00,BE,207.6900,207.9100,207.6900,207.7000,2065.0000,207.7820,14
2026-07-30 19:03:05,BE,207.8800,207.9200,207.6400,207.6600,5011.0000,207.7250,24
2026-07-30 19:03:10,BE,207.5800,207.6700,207.5700,207.5800,1777.0000,207.6330,7
2026-07-30 19:03:15,BE,207.4800,207.5300,207.4200,207.5200,900.0000,207.4890,8
2026-07-30 19:03:20,BE,207.3800,207.6100,207.3600,207.4900,1259.0000,207.4480,10
2026-07-30 19:03:25,BE,207.3600,207.4900,207.3600,207.4900,825.0000,207.4660,7
2026-07-30 19:03:30,BE,207.6100,207.6900,207.5900,207.6800,1120.0000,207.6340,9
2026-07-30 19:03:35,BE,207.7600,207.9200,207.7600,207.9200,905.0000,207.8590,9
2026-07-30 19:03:40,BE,207.9300,208.3400,207.8100,208.2000,9234.0000,208.0370,52
2026-07-30 19:03:45,BE,208.3700,208.3700,208.0300,208.2000,2035.0000,208.2020,14
2026-07-30 19:03:50,BE,208.2400,208.2500,208.1400,208.1400,535.0000,208.2210,5
2026-07-30 19:03:55,BE,208.1800,208.4000,208.1800,208.3300,6278.0000,208.3470,31
2026-07-30 19:04:00,BE,208.3500,208.6000,208.3400,208.5900,2929.0000,208.5230,16
2026-07-30 19:04:05,BE,208.5100,208.5100,208.2300,208.2800,3944.0000,208.3650,30
2026-07-30 19:04:10,BE,208.3500,208.5800,208.2800,208.4300,1300.0000,208.4270,9
2026-07-30 19:04:15,BE,208.4900,208.6700,208.3500,208.4400,3297.0000,208.4840,24
2026-07-30 19:04:20,BE,208.4300,208.5100,208.4300,208.5000,800.0000,208.4390,4
2026-07-30 19:04:25,BE,208.4400,208.5000,208.3300,208.3800,1830.0000,208.4170,15
2026-07-30 19:04:30,BE,208.4100,208.4400,208.3300,208.3500,3057.0000,208.3630,17
2026-07-30 19:04:35,BE,208.3100,208.4800,208.3100,208.4100,1000.0000,208.3890,8
2026-07-30 19:04:40,BE,208.4700,208.4700,208.1400,208.1400,6011.0000,208.2700,35
2026-07-30 19:04:45,BE,208.2200,208.4000,208.0300,208.2000,3520.0000,208.1680,24
2026-07-30 19:04:50,BE,208.2000,208.2200,208.0500,208.2000,1876.0000,208.1470,13
2026-07-30 19:04:55,BE,208.2100,208.2200,208.2100,208.2200,200.0000,208.2150,2
2026-07-30 19:05:00,BE,208.2000,208.3300,208.0800,208.1000,840.0000,208.1820,8
2026-07-30 19:05:05,BE,208.3300,208.4700,208.3300,208.3500,2400.0000,208.3850,17
2026-07-30 19:05:10,BE,208.3500,208.3500,208.2400,208.2400,300.0000,208.3130,3
2026-07-30 19:05:15,BE,208.4900,208.4900,208.2500,208.2500,400.0000,208.3640,4
2026-07-30 19:05:20,BE,208.3200,208.4600,208.3200,208.4400,7583.0000,208.4040,34
2026-07-30 19:05:25,BE,208.4100,208.6000,208.3800,208.5000,2860.0000,208.4780,19
2026-07-30 19:05:30,BE,208.6700,209.0000,208.6700,208.8800,6398.0000,208.8960,37
2026-07-30 19:05:35,BE,208.7600,208.7800,208.5800,208.7400,3118.0000,208.6900,27
2026-07-30 19:05:40,BE,208.7500,208.8500,208.7100,208.7200,800.0000,208.7820,8
2026-07-30 19:05:45,BE,208.7200,208.8200,208.7200,208.8200,1117.0000,208.7610,3
2026-07-30 19:05:50,BE,208.7200,208.8600,208.7200,208.7200,820.0000,208.7940,7
2026-07-30 19:05:55,BE,208.8600,208.8900,208.7700,208.7700,1300.0000,208.8420,12
2026-07-30 19:06:00,BE,208.7600,208.7600,208.7600,208.7600,100.0000,208.7600,1
2026-07-30 19:06:05,BE,208.6200,208.8800,208.6100,208.8700,1956.0000,208.8290,8
2026-07-30 19:06:10,BE,208.7000,208.7800,208.6900,208.7800,500.0000,208.7150,2
2026-07-30 19:06:15,BE,208.8000,208.9200,208.7600,208.7600,1673.0000,208.8290,9
2026-07-30 19:06:20,BE,208.7700,209.0000,208.7600,209.0000,1967.0000,208.8670,12
2026-07-30 19:06:25,BE,208.8500,208.9300,208.8100,208.8200,1280.0000,208.8580,6
2026-07-30 19:06:30,BE,208.7500,208.8900,208.6600,208.7500,2975.0000,208.7890,18
2026-07-30 19:06:35,BE,208.6700,208.7700,208.4300,208.5400,8153.0000,208.5790,52
2026-07-30 19:06:40,BE,208.5400,208.7600,208.4000,208.7600,1382.0000,208.6350,9
2026-07-30 19:06:45,BE,208.6400,208.8800,208.6000,208.8400,5902.0000,208.6280,9
2026-07-30 19:06:50,BE,208.8400,208.8400,208.7100,208.7200,1868.0000,208.7660,15
2026-07-30 19:06:55,BE,208.7200,208.8300,208.6000,208.7400,1000.0000,208.7530,10
2026-07-30 19:07:00,BE,208.7500,208.8300,208.5400,208.5500,3919.0000,208.6370,25
2026-07-30 19:07:05,BE,208.5500,208.6700,208.4600,208.6700,1637.0000,208.5500,10
2026-07-30 19:07:10,BE,208.4400,208.7400,208.4400,208.6000,533.0000,208.6570,3
2026-07-30 19:07:15,BE,208.6000,208.6000,208.3200,208.4700,4150.0000,208.4530,26
2026-07-30 19:07:20,BE,208.4800,208.5300,208.3100,208.4500,2209.0000,208.3870,7
2026-07-30 19:07:25,BE,208.4800,208.4900,208.2000,208.2100,4466.0000,208.4050,19
2026-07-30 19:07:30,BE,208.3800,208.3800,208.0600,208.1900,4144.0000,208.1750,8
2026-07-30 19:07:35,BE,208.1800,208.1800,208.0200,208.1000,1615.0000,208.0840,13
2026-07-30 19:07:40,BE,208.0300,208.3400,207.9700,208.3400,5727.0000,208.1110,39
2026-07-30 19:07:45,BE,208.2500,208.2500,208.1100,208.1600,1786.0000,208.1530,16
2026-07-30 19:07:50,BE,208.2400,208.4400,208.2100,208.2900,1847.0000,208.2680,14
2026-07-30 19:07:55,BE,208.4300,208.4300,208.4300,208.4300,300.0000,208.4300,3
2026-07-30 19:08:00,BE,208.4800,208.4900,208.3800,208.4600,1400.0000,208.4610,6
2026-07-30 19:08:05,BE,208.4000,208.4800,208.2000,208.2100,1800.0000,208.3080,13
2026-07-30 19:08:10,BE,208.1700,208.3800,208.1700,208.2800,1250.0000,208.2300,6
2026-07-30 19:08:15,BE,208.3100,208.3700,208.1900,208.2700,1200.0000,208.2820,9
2026-07-30 19:08:20,BE,208.2700,208.2700,208.2700,208.2700,0.0000,208.2700,0
2026-07-30 19:08:25,BE,208.3700,208.4800,208.3700,208.4800,600.0000,208.4230,6
2026-07-30 19:08:30,BE,208.3200,208.4900,208.3100,208.4900,925.0000,208.4000,6
2026-07-30 19:08:35,BE,208.4600,208.4600,208.4500,208.4600,260.0000,208.4550,2
2026-07-30 19:08:40,BE,208.4700,208.4700,208.3000,208.3600,1115.0000,208.3600,11
2026-07-30 19:08:45,BE,208.3500,208.4500,208.3200,208.3600,1488.0000,208.3620,9
2026-07-30 19:08:50,BE,208.3200,208.4800,208.3200,208.4800,5758.0000,208.4270,29
2026-07-30 19:08:55,BE,208.5100,208.5100,208.4300,208.4800,2230.0000,208.4650,15
2026-07-30 19:09:00,BE,208.5000,208.5000,208.4000,208.4000,844.0000,208.4490,6
2026-07-30 19:09:05,BE,208.4500,208.4600,208.3500,208.4600,800.0000,208.4390,8
2026-07-30 19:09:10,BE,208.3500,208.4000,208.3200,208.4000,4792.0000,208.3750,8
2026-07-30 19:09:15,BE,208.3600,208.3600,208.2600,208.2900,1805.0000,208.3010,16
2026-07-30 19:09:20,BE,208.2900,208.3400,207.8700,207.8700,3455.0000,208.1950,27
2026-07-30 19:09:25,BE,207.7900,207.9400,207.6300,207.7300,2225.0000,207.7500,15
2026-07-30 19:09:30,BE,207.7500,207.8900,207.7100,207.8900,1133.0000,207.8110,5
2026-07-30 19:09:35,BE,207.7200,207.7400,207.7100,207.7300,300.0000,207.7210,3
2026-07-30 19:09:40,BE,207.8700,207.8700,207.7400,207.7400,855.0000,207.8020,8
2026-07-30 19:09:45,BE,207.7600,207.7600,207.6800,207.6900,300.0000,207.7180,3
2026-07-30 19:09:50,BE,207.5200,207.8500,207.5200,207.8500,1000.0000,207.6930,8
2026-07-30 19:09:55,BE,207.8500,208.0000,207.8500,207.9600,4120.0000,207.9110,31
2026-07-30 19:10:00,BE,207.9400,207.9400,207.8700,207.9300,410.0000,207.9150,4
2026-07-30 19:10:05,BE,207.9200,207.9300,207.7900,207.8500,2300.0000,207.8470,15
2026-07-30 19:10:10,BE,207.8400,207.8400,207.6000,207.7000,6953.0000,207.7030,32
2026-07-30 19:10:15,BE,207.6100,207.7100,207.5800,207.5800,1400.0000,207.6770,5
2026-07-30 19:10:20,BE,207.5200,207.5600,207.2900,207.4100,1677.0000,207.4570,9
2026-07-30 19:10:25,BE,207.4100,207.5200,207.2900,207.4200,2435.0000,207.4030,13
2026-07-30 19:10:30,BE,207.3300,207.5500,207.3300,207.5500,1000.0000,207.4450,6
2026-07-30 19:10:35,BE,207.5500,207.5800,207.5500,207.5800,700.0000,207.5610,7
2026-07-30 19:10:40,BE,207.4400,207.6900,207.4400,207.6100,513.0000,207.6160,5
2026-07-30 19:10:45,BE,207.6000,207.6000,207.3700,207.3700,2123.0000,207.5390,15
2026-07-30 19:10:50,BE,207.4700,207.4700,207.3300,207.4600,1400.0000,207.4120,9
2026-07-30 19:10:55,BE,207.4300,207.4500,207.4200,207.4300,300.0000,207.4330,3
2026-07-30 19:11:00,BE,207.4200,207.5400,207.3000,207.3300,1450.0000,207.4370,6
2026-07-30 19:11:05,BE,207.3000,207.3000,207.1300,207.2300,2807.0000,207.2390,24
2026-07-30 19:11:10,BE,207.1100,207.2300,207.0000,207.0000,2650.0000,207.1050,15
2026-07-30 19:11:15,BE,207.0500,207.1600,207.0100,207.0300,2369.0000,207.0810,20
2026-07-30 19:11:20,BE,206.9900,207.1600,206.9900,207.1600,300.0000,207.0470,2
2026-07-30 19:11:25,BE,207.2600,207.3800,207.1300,207.2500,1403.0000,207.2250,11
2026-07-30 19:11:30,BE,207.2300,207.2300,207.0600,207.1900,1705.0000,207.1780,9
2026-07-30 19:11:35,BE,207.1900,207.1900,207.0100,207.1500,1269.0000,207.0920,8
2026-07-30 19:11:40,BE,207.1500,207.3000,207.1400,207.3000,1693.0000,207.2260,12
2026-07-30 19:11:45,BE,207.3900,207.7200,207.3800,207.7200,3125.0000,207.5180,19
2026-07-30 19:11:50,BE,207.7600,207.8400,207.6100,207.8400,1850.0000,207.7280,14
2026-07-30 19:11:55,BE,207.8100,207.8200,207.6400,207.6400,1100.0000,207.7120,6
2026-07-30 19:12:00,BE,207.7100,207.7900,207.5800,207.6000,1594.0000,207.6350,14
2026-07-30 19:12:05,BE,207.6600,207.7900,207.6500,207.7800,1498.0000,207.7220,10
2026-07-30 19:12:10,BE,207.7600,207.8300,207.7400,207.7400,326.0000,207.7720,3
2026-07-30 19:12:15,BE,207.7200,207.8400,207.7100,207.8400,657.0000,207.7640,2
2026-07-30 19:12:20,BE,207.8000,207.8000,207.7200,207.7200,400.0000,207.7400,2
2026-07-30 19:12:25,BE,207.6600,207.7100,207.5900,207.5900,3535.0000,207.6290,34
2026-07-30 19:12:30,BE,207.6900,207.8100,207.6900,207.8100,671.0000,207.7880,5
2026-07-30 19:12:35,BE,207.7300,207.7300,207.7200,207.7300,210.0000,207.7250,2
2026-07-30 19:12:40,BE,207.6600,207.7300,207.6600,207.7100,600.0000,207.6880,6
2026-07-30 19:12:45,BE,207.8000,208.1600,207.6700,208.1500,12378.0000,208.0720,56
2026-07-30 19:12:50,BE,207.8700,208.3200,207.8600,208.2800,2335.0000,208.1980,18
2026-07-30 19:12:55,BE,208.3400,208.3500,208.0800,208.0900,2584.0000,208.2310,12
2026-07-30 19:13:00,BE,208.3400,208.6500,208.1600,208.5100,7831.0000,208.4690,45
2026-07-30 19:13:05,BE,208.6500,208.7900,208.4500,208.7300,3800.0000,208.6310,20
2026-07-30 19:13:10,BE,208.8400,208.8900,208.4100,208.4100,6443.0000,208.6250,49
2026-07-30 19:13:15,BE,208.4500,208.6800,208.4200,208.5300,8397.0000,208.5720,24
2026-07-30 19:13:20,BE,208.6500,208.6500,208.5000,208.6100,1900.0000,208.6000,5
2026-07-30 19:13:25,BE,208.3800,208.6200,208.3200,208.4000,2826.0000,208.4930,23
2026-07-30 19:13:30,BE,208.5200,208.6400,208.4300,208.5700,2728.0000,208.5360,18
2026-07-30 19:13:35,BE,208.4300,208.4400,208.2800,208.3300,3220.0000,208.3620,25
2026-07-30 19:13:40,BE,208.2200,208.2200,208.1500,208.2000,640.0000,208.1970,6
2026-07-30 19:13:45,BE,208.1100,208.1600,208.1100,208.1600,505.0000,208.1190,2
2026-07-30 19:13:50,BE,208.1100,208.1600,207.9300,207.9300,1500.0000,208.0780,15
2026-07-30 19:13:55,BE,207.8700,208.0000,207.8700,208.0000,1284.0000,207.8800,2
2026-07-30 19:14:00,BE,208.0600,208.1000,208.0000,208.0600,1100.0000,208.0670,6
2026-07-30 19:14:05,BE,207.9900,208.1000,207.9800,208.0600,1100.0000,208.0460,8
2026-07-30 19:14:10,BE,208.0100,208.0100,207.8100,207.8600,1633.0000,207.8590,11
2026-07-30 19:14:15,BE,207.8600,207.8600,207.6100,207.6900,6395.0000,207.7170,43
2026-07-30 19:14:20,BE,207.5500,207.7700,207.5500,207.6700,1250.0000,207.6750,5
2026-07-30 19:14:25,BE,207.5500,207.5900,207.5500,207.5900,400.0000,207.5700,2
2026-07-30 19:14:30,BE,207.7800,207.8400,207.7000,207.8400,2202.0000,207.7790,14
2026-07-30 19:14:35,BE,207.7500,207.7500,207.7500,207.7500,200.0000,207.7500,2
2026-07-30 19:14:40,BE,207.6700,207.6700,207.6100,207.6500,1375.0000,207.6190,13
2026-07-30 19:14:45,BE,207.6500,207.6500,207.6400,207.6500,0.0000,207.6500,0
2026-07-30 19:14:50,BE,207.6500,207.6500,207.6400,207.6500,200.0000,207.6450,1
2026-07-30 19:14:55,BE,207.6500,207.7400,207.6400,207.7000,1001.0000,207.7020,10
2026-07-30 19:15:00,BE,207.7000,207.7000,207.7000,207.7000,100.0000,207.7000,1
2026-07-30 19:15:05,BE,207.6400,207.8700,207.6000,207.8700,2457.0000,207.7640,20
2026-07-30 19:15:10,BE,207.8900,207.9200,207.6400,207.6400,1108.0000,207.8140,7
2026-07-30 19:15:15,BE,207.9300,207.9300,207.7600,207.8700,1000.0000,207.8110,10
2026-07-30 19:15:20,BE,207.6400,207.7700,207.6300,207.7500,1300.0000,207.7340,3
2026-07-30 19:15:25,BE,207.9100,207.9100,207.3300,207.3300,6089.0000,207.5370,31
2026-07-30 19:15:30,BE,207.3900,207.5300,207.3500,207.3700,1686.0000,207.4170,9
2026-07-30 19:15:35,BE,207.3500,207.3500,207.3400,207.3500,400.0000,207.3450,4
2026-07-30 19:15:40,BE,207.4300,207.4300,207.3400,207.3700,707.0000,207.3730,4
2026-07-30 19:15:45,BE,207.3700,207.5000,207.2500,207.3100,3227.0000,207.3270,8
2026-07-30 19:15:50,BE,207.3600,207.3600,207.1800,207.1800,1040.0000,207.3070,6
2026-07-30 19:15:55,BE,207.2100,207.2100,207.0300,207.0300,1561.0000,207.1280,7
2026-07-30 19:16:00,BE,207.0000,207.0700,206.9600,207.0100,1780.0000,207.0200,11
2026-07-30 19:16:05,BE,207.1600,207.1700,207.0100,207.1100,1802.0000,207.0790,8
2026-07-30 19:16:10,BE,207.0500,207.2100,207.0400,207.2100,2050.0000,207.1340,17
2026-07-30 19:16:15,BE,207.1500,207.1500,206.9900,206.9900,1308.0000,207.0370,9
2026-07-30 19:16:20,BE,207.0800,207.0900,207.0800,207.0800,100.0000,207.0830,1
2026-07-30 19:16:25,BE,207.0900,207.2200,207.0800,207.2100,1402.0000,207.1710,9
2026-07-30 19:16:30,BE,207.2900,207.3000,207.2500,207.2500,643.0000,207.2700,6
2026-07-30 19:16:35,BE,207.2500,207.2500,207.2500,207.2500,254.0000,207.2500,1
2026-07-30 19:16:40,BE,207.2500,207.3600,207.2100,207.3500,1486.0000,207.2720,11
2026-07-30 19:16:45,BE,207.3500,207.3700,207.2300,207.3700,2310.0000,207.3250,18
2026-07-30 19:16:50,BE,207.4700,207.5000,207.4700,207.5000,543.0000,207.4940,4
2026-07-30 19:16:55,BE,207.6000,207.6400,207.6000,207.6400,200.0000,207.6200,2
2026-07-30 19:17:00,BE,207.5400,207.5400,207.4200,207.4200,700.0000,207.4560,7
2026-07-30 19:17:05,BE,207.4600,207.5300,207.4100,207.5300,1125.0000,207.4540,10
2026-07-30 19:17:10,BE,207.6100,207.6100,207.6000,207.6000,200.0000,207.6050,2
2026-07-30 19:17:15,BE,207.5300,207.6100,207.4800,207.5300,1153.0000,207.5280,6
2026-07-30 19:17:20,BE,207.4500,207.5200,207.3500,207.5000,8000.0000,207.4090,35
2026-07-30 19:17:25,BE,207.5100,207.5100,207.3800,207.4000,1810.0000,207.4500,14
2026-07-30 19:17:30,BE,207.3600,207.3900,207.3200,207.3400,1493.0000,207.3500,12
2026-07-30 19:17:35,BE,207.4000,207.5400,207.3900,207.5300,700.0000,207.5140,7
2026-07-30 19:17:40,BE,207.4900,208.4700,207.4900,208.4700,8673.0000,208.0240,52
2026-07-30 19:17:45,BE,208.2500,208.2600,208.2500,208.2600,400.0000,208.2530,2
2026-07-30 19:17:50,BE,208.4800,208.4800,208.1700,208.2300,850.0000,208.3500,6
2026-07-30 19:17:55,BE,208.2500,208.4900,208.2400,208.2400,1630.0000,208.3220,13
2026-07-30 19:18:00,BE,208.2700,208.3100,208.1500,208.1500,3922.0000,208.2420,25
2026-07-30 19:18:05,BE,208.2500,208.2600,207.9100,207.9500,4903.0000,208.1070,38
2026-07-30 19:18:10,BE,207.8200,208.1800,207.8100,208.0300,5314.0000,208.0130,40
2026-07-30 19:18:15,BE,207.8500,207.9400,207.6200,207.7400,7845.0000,207.8100,57
2026-07-30 19:18:20,BE,207.6200,207.7000,207.4500,207.6100,1903.0000,207.6170,16
2026-07-30 19:18:25,BE,207.6100,207.6100,207.6000,207.6100,500.0000,207.6050,1
2026-07-30 19:18:30,BE,207.7600,207.9700,207.7500,207.8800,2672.0000,207.8000,15
2026-07-30 19:18:35,BE,207.9500,207.9900,207.9500,207.9900,1500.0000,207.9830,6
2026-07-30 19:18:40,BE,207.8700,207.9900,207.8700,207.8800,1063.0000,207.9130,7
2026-07-30 19:18:45,BE,207.8800,207.9400,207.7100,207.8400,2868.0000,207.8460,21
2026-07-30 19:18:50,BE,207.8600,208.0300,207.7100,207.9600,2500.0000,207.8170,17
2026-07-30 19:18:55,BE,207.9200,208.1800,207.9200,208.1800,1148.0000,208.0450,10
2026-07-30 19:19:00,BE,208.0500,208.0500,207.9900,208.0400,1953.0000,208.0420,16
2026-07-30 19:19:05,BE,208.0800,208.1200,207.9100,208.0100,5995.0000,208.0050,12
2026-07-30 19:19:10,BE,207.9900,208.1000,207.8900,207.9800,1722.0000,208.0120,14
2026-07-30 19:19:15,BE,207.9500,208.0400,207.9400,208.0300,2045.0000,208.0090,9
2026-07-30 19:19:20,BE,208.0900,208.0900,208.0100,208.0100,300.0000,208.0630,2
2026-07-30 19:19:25,BE,207.9900,208.0800,207.9800,207.9800,650.0000,208.0120,6
2026-07-30 19:19:30,BE,208.0800,208.0800,207.7700,207.8700,1767.0000,207.8900,13
2026-07-30 19:19:35,BE,207.8700,207.8700,207.6800,207.8700,3960.0000,207.7360,26
2026-07-30 19:19:40,BE,207.7200,207.8800,207.7000,207.7000,700.0000,207.7590,7
2026-07-30 19:19:45,BE,207.6900,207.6900,207.6600,207.6600,1440.0000,207.6740,12
2026-07-30 19:19:50,BE,207.5500,207.6200,207.2800,207.4600,4403.0000,207.5750,24
2026-07-30 19:19:55,BE,207.4600,207.6200,207.4500,207.4700,420.0000,207.4980,4
2026-07-30 19:20:00,BE,207.5000,207.6200,207.4600,207.5800,2180.0000,207.5520,14
2026-07-30 19:20:05,BE,207.6800,207.6800,207.5100,207.5200,1796.0000,207.5500,7
2026-07-30 19:20:10,BE,207.3700,207.4900,207.3300,207.3300,901.0000,207.3680,8
2026-07-30 19:20:15,BE,207.3900,207.6500,207.2200,207.5400,4291.0000,207.4050,30
2026-07-30 19:20:20,BE,207.4700,207.6100,207.4700,207.6100,2086.0000,207.5540,7
2026-07-30 19:20:25,BE,207.7000,207.7200,207.4700,207.5600,899.0000,207.6610,5
2026-07-30 19:20:30,BE,207.5600,207.6500,207.5500,207.6500,703.0000,207.5860,3
2026-07-30 19:20:35,BE,207.6400,207.6400,207.6400,207.6400,100.0000,207.6400,1
2026-07-30 19:20:40,BE,207.6300,207.7400,207.5800,207.7400,1200.0000,207.6580,11
2026-07-30 19:20:45,BE,207.7500,207.7500,207.5900,207.5900,1900.0000,207.7030,15
2026-07-30 19:20:50,BE,207.5900,207.5900,206.9400,206.9600,5923.0000,207.1710,43
2026-07-30 19:20:55,BE,207.0900,207.0900,207.0900,207.0900,155.0000,207.0900,1
2026-07-30 19:21:00,BE,206.9800,206.9800,206.5600,206.8300,2380.0000,206.7440,17
2026-07-30 19:21:05,BE,206.5100,206.6500,206.3000,206.6500,4430.0000,206.4660,23
2026-07-30 19:21:10,BE,206.4000,206.8100,206.4000,206.7400,3423.0000,206.6860,22
2026-07-30 19:21:15,BE,206.8000,206.9000,206.6900,206.6900,16851.0000,206.7220,9
2026-07-30 19:21:20,BE,206.8000,206.8000,206.7900,206.8000,448.0000,206.7950,4
2026-07-30 19:21:25,BE,206.7900,207.0000,206.4400,206.7500,19438.0000,206.8340,43
2026-07-30 19:21:30,BE,206.7500,206.9800,206.7400,206.7500,500.0000,206.7930,5
2026-07-30 19:21:35,BE,206.9400,207.2700,206.9400,207.1700,1300.0000,207.1430,12
2026-07-30 19:21:40,BE,207.1700,207.1700,207.1700,207.1700,100.0000,207.1700,1
2026-07-30 19:21:45,BE,207.2000,207.2100,207.0600,207.0700,349.0000,207.1030,3
2026-07-30 19:21:50,BE,207.0700,207.0700,207.0600,207.0700,450.0000,207.0650,3
2026-07-30 19:21:55,BE,207.1700,207.1700,206.7800,206.9700,2526.0000,206.9900,14
2026-07-30 19:22:00,BE,206.7900,206.9900,206.7900,206.9900,1449.0000,206.9210,9
2026-07-30 19:22:05,BE,206.9900,207.0100,206.9900,207.0100,515.0000,206.9960,4
2026-07-30 19:22:10,BE,207.1400,207.1400,206.8800,207.0100,6025.0000,206.9080,15
2026-07-30 19:22:15,BE,206.9000,206.9000,206.5200,206.6300,2146.0000,206.7850,19
2026-07-30 19:22:20,BE,206.6000,206.6400,206.5300,206.6300,450.0000,206.5690,4
2026-07-30 19:22:25,BE,206.6300,206.6300,206.6200,206.6300,100.0000,206.6250,1
2026-07-30 19:22:30,BE,206.7400,206.7400,206.5900,206.6200,953.0000,206.6440,6
2026-07-30 19:22:35,BE,206.6600,206.6700,206.4300,206.6700,7490.0000,206.5700,33
2026-07-30 19:22:40,BE,206.5600,206.7000,206.4000,206.4100,4428.0000,206.5310,29
2026-07-30 19:22:45,BE,206.3800,206.5200,206.3600,206.3600,2487.0000,206.4230,19
2026-07-30 19:22:50,BE,206.5700,206.7600,206.4700,206.4700,2318.0000,206.5180,7
2026-07-30 19:22:55,BE,206.6100,206.6100,206.4600,206.5300,950.0000,206.4860,4
2026-07-30 19:23:00,BE,206.6000,206.7800,206.5200,206.6700,3688.0000,206.6730,19
2026-07-30 19:23:05,BE,206.5600,206.6500,206.4600,206.4600,3414.0000,206.5940,13
2026-07-30 19:23:10,BE,206.3000,206.5000,206.3000,206.3800,2331.0000,206.3350,19
2026-07-30 19:23:15,BE,206.3000,206.5000,206.3000,206.5000,1400.0000,206.4100,9
2026-07-30 19:23:20,BE,206.4900,206.6600,206.4900,206.5000,4648.0000,206.6420,13
2026-07-30 19:23:25,BE,206.6700,206.6900,206.5000,206.6400,2683.0000,206.6230,18
2026-07-30 19:23:30,BE,206.6300,206.7000,206.6000,206.7000,1180.0000,206.6860,9
2026-07-30 19:23:35,BE,206.6900,206.8200,206.6900,206.8200,800.0000,206.7840,7
2026-07-30 19:23:40,BE,206.8900,206.9000,206.8700,206.8800,1870.0000,206.8830,16
2026-07-30 19:23:45,BE,206.8300,206.8800,206.8100,206.8100,600.0000,206.8600,3
2026-07-30 19:23:50,BE,206.7900,206.8400,206.7700,206.8400,1632.0000,206.8020,16
2026-07-30 19:23:55,BE,206.8000,206.8000,206.7700,206.7800,700.0000,206.7760,4
2026-07-30 19:24:00,BE,206.8300,206.8500,206.8300,206.8500,360.0000,206.8390,3
2026-07-30 19:24:05,BE,206.8200,207.1300,206.8100,207.0500,4345.0000,207.0080,30
2026-07-30 19:24:10,BE,207.0700,207.0700,206.8700,206.8700,2122.0000,206.9720,18
2026-07-30 19:24:15,BE,206.8100,206.8100,206.7100,206.8000,1400.0000,206.7810,8
2026-07-30 19:24:20,BE,206.7000,206.7900,206.6000,206.7000,900.0000,206.7140,7
2026-07-30 19:24:25,BE,206.5800,206.7000,206.5800,206.7000,1500.0000,206.6210,3
2026-07-30 19:24:30,BE,206.5800,206.5800,206.5000,206.5000,400.0000,206.5430,4
2026-07-30 19:24:35,BE,206.5100,206.5600,206.4100,206.5600,1000.0000,206.5080,9
2026-07-30 19:24:40,BE,206.4800,206.5600,206.4500,206.5600,890.0000,206.4820,7
2026-07-30 19:24:45,BE,206.6000,206.6000,206.4500,206.4500,300.0000,206.5500,3
2026-07-30 19:24:50,BE,206.5000,206.5700,206.4300,206.4300,1200.0000,206.4650,10
2026-07-30 19:24:55,BE,206.4000,206.4800,206.3600,206.4500,1050.0000,206.4290,7
2026-07-30 19:25:00,BE,206.4200,206.4200,206.4100,206.4100,400.0000,206.4150,4
2026-07-30 19:25:05,BE,206.4400,206.4800,206.4100,206.4800,500.0000,206.4550,3
2026-07-30 19:25:10,BE,206.4800,206.4800,206.4700,206.4800,300.0000,206.4750,3
2026-07-30 19:25:15,BE,206.4800,206.4800,206.4700,206.4800,1100.0000,206.4750,4
2026-07-30 19:25:20,BE,206.4700,206.5000,206.4000,206.5000,1699.0000,206.4410,15
2026-07-30 19:25:25,BE,206.4800,206.5100,206.4200,206.4400,1516.0000,206.4570,11
2026-07-30 19:25:30,BE,206.4300,206.4300,206.3500,206.3900,1260.0000,206.4000,12
2026-07-30 19:25:35,BE,206.3900,206.4300,206.3800,206.4300,600.0000,206.4230,6
2026-07-30 19:25:40,BE,206.4100,206.4800,206.4000,206.4000,1220.0000,206.4250,11
2026-07-30 19:25:45,BE,206.4400,206.5500,206.4300,206.4400,3620.0000,206.4750,8
2026-07-30 19:25:50,BE,206.5500,206.5500,206.4700,206.4800,300.0000,206.5250,2
2026-07-30 19:25:55,BE,206.4800,206.4800,206.2400,206.2400,4597.0000,206.3950,19
2026-07-30 19:26:00,BE,206.2800,206.4000,206.1800,206.2900,1750.0000,206.2720,13
2026-07-30 19:26:05,BE,206.1700,206.2900,206.1700,206.2900,3628.0000,206.2500,24
2026-07-30 19:26:10,BE,206.2900,206.2900,206.2900,206.2900,100.0000,206.2900,1
2026-07-30 19:26:15,BE,206.2500,206.3000,206.2400,206.3000,408.0000,206.2620,3
2026-07-30 19:26:20,BE,206.1700,206.2500,206.1100,206.1200,900.0000,206.1750,7
2026-07-30 19:26:25,BE,206.1300,206.1400,206.0400,206.0500,1111.0000,206.0900,8
2026-07-30 19:26:30,BE,206.0100,206.1900,205.7500,205.8400,5652.0000,205.9620,34
2026-07-30 19:26:35,BE,206.1100,206.3000,206.1000,206.2600,1385.0000,206.2650,8
2026-07-30 19:26:40,BE,206.2600,206.4100,206.2600,206.4100,900.0000,206.3270,7
2026-07-30 19:26:45,BE,206.4900,206.4900,206.3100,206.4900,502.0000,206.4550,4
2026-07-30 19:26:50,BE,206.4600,206.4600,206.3300,206.3300,600.0000,206.3960,6
2026-07-30 19:26:55,BE,206.4100,206.4200,206.2700,206.3500,2700.0000,206.3550,25
2026-07-30 19:27:00,BE,206.3400,206.3400,206.3400,206.3400,100.0000,206.3400,1
2026-07-30 19:27:05,BE,206.4100,206.4100,206.3600,206.3600,600.0000,206.3680,5
2026-07-30 19:27:10,BE,206.4900,206.7300,206.4900,206.6600,2670.0000,206.6390,19
2026-07-30 19:27:15,BE,206.7600,207.0000,206.7600,206.9600,1728.0000,206.9070,16
2026-07-30 19:27:20,BE,206.9000,206.9900,206.8500,206.9900,2200.0000,206.9220,20
2026-07-30 19:27:25,BE,206.9900,207.2200,206.8300,207.1000,4509.0000,207.0660,35
2026-07-30 19:27:30,BE,207.0000,207.1800,206.9600,207.1000,1600.0000,207.0180,6
2026-07-30 19:27:35,BE,207.1000,207.1700,207.0000,207.0100,731.0000,207.0400,6
2026-07-30 19:27:40,BE,206.9100,207.0000,206.9000,207.0000,400.0000,206.9770,3
2026-07-30 19:27:45,BE,207.1600,207.3300,207.0500,207.1700,6212.0000,207.1720,30
2026-07-30 19:27:50,BE,207.3000,207.3000,207.0300,207.2700,2475.0000,207.1690,22
2026-07-30 19:27:55,BE,207.2900,207.4500,207.1900,207.4200,2712.0000,207.3500,13
2026-07-30 19:28:00,BE,207.3100,207.4500,207.3000,207.4100,916.0000,207.3920,9
2026-07-30 19:28:05,BE,207.4100,207.4100,207.3600,207.3700,300.0000,207.3930,3
2026-07-30 19:28:10,BE,207.3700,207.4000,207.2500,207.3000,3383.0000,207.3210,29
2026-07-30 19:28:15,BE,207.2200,207.2500,207.2000,207.2400,905.0000,207.2270,7
2026-07-30 19:28:20,BE,207.2300,207.2900,207.0900,207.2900,3559.0000,207.1650,21
2026-07-30 19:28:25,BE,207.1800,207.2400,207.1700,207.1700,1057.0000,207.2090,8
2026-07-30 19:28:30,BE,207.2800,207.2800,207.0600,207.2600,3396.0000,207.1530,30
2026-07-30 19:28:35,BE,207.1900,207.2700,207.1800,207.2500,1500.0000,207.2220,13
2026-07-30 19:28:40,BE,207.2200,207.3000,207.2100,207.3000,425.0000,207.2750,4
2026-07-30 19:28:45,BE,207.3100,207.4200,207.2600,207.2800,1120.0000,207.3350,9
2026-07-30 19:28:50,BE,207.2600,207.3000,207.1500,207.2800,945.0000,207.2340,9
2026-07-30 19:28:55,BE,207.3700,207.4500,207.3500,207.4500,800.0000,207.3780,7
2026-07-30 19:29:00,BE,207.4500,207.4800,207.3400,207.3400,400.0000,207.4250,4
2026-07-30 19:29:05,BE,207.3900,207.4800,207.3700,207.3700,2198.0000,207.4350,6
2026-07-30 19:29:10,BE,207.2700,207.4000,207.2700,207.3800,765.0000,207.3360,6
2026-07-30 19:29:15,BE,207.3800,207.4300,207.3300,207.3800,822.0000,207.3750,8
2026-07-30 19:29:20,BE,207.3800,207.3800,207.0000,207.0900,8038.0000,207.1290,55
2026-07-30 19:29:25,BE,207.0900,207.3300,207.0900,207.3300,500.0000,207.2820,2
2026-07-30 19:29:30,BE,207.0900,207.1000,207.0900,207.1000,1486.0000,207.0910,11
2026-07-30 19:29:35,BE,207.0900,207.1900,206.9000,207.1900,1400.0000,206.9650,3
2026-07-30 19:29:40,BE,207.1400,207.3100,207.0900,207.1000,1300.0000,207.1730,12
2026-07-30 19:29:45,BE,207.1900,207.1900,206.8800,206.8800,1200.0000,206.9240,3
2026-07-30 19:29:50,BE,207.2000,207.2000,206.9700,206.9800,500.0000,207.0890,5
2026-07-30 19:29:55,BE,207.2000,207.2000,206.9100,206.9100,3020.0000,207.0250,21
2026-07-30 19:30:00,BE,206.9000,206.9100,206.6700,206.9000,3135.0000,206.8220,27
2026-07-30 19:30:05,BE,206.7300,206.8800,206.7200,206.8800,3360.0000,206.7840,11
2026-07-30 19:30:10,BE,206.8800,207.0600,206.8700,207.0600,950.0000,206.8980,3
2026-07-30 19:30:15,BE,206.9000,207.0600,206.9000,207.0400,950.0000,206.9830,7
2026-07-30 19:30:20,BE,207.1000,207.1000,207.1000,207.1000,137.0000,207.1000,1
2026-07-30 19:30:25,BE,207.0200,207.0600,206.9100,207.0600,900.0000,206.9880,9
2026-07-30 19:30:30,BE,206.9000,207.0000,206.8600,207.0000,2390.0000,206.9200,9
2026-07-30 19:30:35,BE,207.0000,207.0000,207.0000,207.0000,0.0000,207.0000,0
2026-07-30 19:30:40,BE,206.8700,206.9000,206.7100,206.9000,2244.0000,206.8110,12
2026-07-30 19:30:45,BE,206.7100,206.7100,206.6300,206.6300,1206.0000,206.6920,10
2026-07-30 19:30:50,BE,206.5500,206.5500,206.5100,206.5100,849.0000,206.5320,8
2026-07-30 19:30:55,BE,206.4400,206.4400,206.3200,206.3200,790.0000,206.4030,5
2026-07-30 19:31:00,BE,206.4200,206.5100,205.8600,206.1900,3566.0000,206.2930,29
2026-07-30 19:31:05,BE,206.2900,206.2900,206.0600,206.1700,650.0000,206.1620,5
2026-07-30 19:31:10,BE,206.2500,206.2500,206.2000,206.2400,538.0000,206.2280,3
2026-07-30 19:31:15,BE,206.1300,206.1300,205.8900,206.1300,4190.0000,206.0450,19
2026-07-30 19:31:20,BE,206.0600,206.0600,205.8900,205.8900,1200.0000,206.0180,8
2026-07-30 19:31:25,BE,205.9900,206.1300,205.9700,206.1000,1640.0000,206.0660,14
2026-07-30 19:31:30,BE,206.2100,206.3900,206.2100,206.3900,1448.0000,206.2410,12
2026-07-30 19:31:35,BE,206.4100,206.4100,206.1800,206.4000,983.0000,206.2710,6
2026-07-30 19:31:40,BE,206.4000,206.4600,206.2500,206.4600,1251.0000,206.3260,7
2026-07-30 19:31:45,BE,206.4500,206.5100,206.3300,206.5100,1222.0000,206.4390,11
2026-07-30 19:31:50,BE,206.5000,206.5100,206.4300,206.4400,801.0000,206.4680,8
2026-07-30 19:31:55,BE,206.5100,206.6000,206.4300,206.5900,4077.0000,206.4960,21
2026-07-30 19:32:00,BE,206.4300,206.5200,206.2600,206.2600,2350.0000,206.3890,15
2026-07-30 19:32:05,BE,206.3400,206.3400,206.2000,206.2400,2619.0000,206.3020,18
2026-07-30 19:32:10,BE,206.3200,206.4300,206.2000,206.4200,1025.0000,206.2660,10
2026-07-30 19:32:15,BE,206.3400,206.4100,206.2800,206.4100,1000.0000,206.3530,7
2026-07-30 19:32:20,BE,206.2700,206.5500,206.2700,206.4300,1428.0000,206.3330,6
2026-07-30 19:32:25,BE,206.4400,206.5500,206.4300,206.4400,762.0000,206.4700,6
2026-07-30 19:32:30,BE,206.4400,206.5600,206.3300,206.3300,1408.0000,206.4850,12
2026-07-30 19:32:35,BE,206.4500,206.5400,206.4500,206.5400,200.0000,206.4950,2
2026-07-30 19:32:40,BE,206.4700,206.5600,206.2000,206.2500,3210.0000,206.3650,25
2026-07-30 19:32:45,BE,206.1700,206.3900,206.1700,206.2700,3300.0000,206.2900,24
2026-07-30 19:32:50,BE,206.2600,206.2700,206.1300,206.2000,1987.0000,206.1980,12
2026-07-30 19:32:55,BE,206.2700,206.3200,206.1700,206.2700,3636.0000,206.2690,34
2026-07-30 19:33:00,BE,206.3100,206.3100,206.3000,206.3100,300.0000,206.3050,1
2026-07-30 19:33:05,BE,206.3800,206.3900,206.0700,206.1900,2185.0000,206.2290,17
2026-07-30 19:33:10,BE,206.1600,206.1900,206.0700,206.1200,4123.0000,206.1460,36
2026-07-30 19:33:15,BE,206.0300,206.2400,206.0200,206.1500,2800.0000,206.1470,26
2026-07-30 19:33:20,BE,206.2700,206.4100,206.0300,206.0300,2616.0000,206.1790,15
2026-07-30 19:33:25,BE,206.2200,206.2200,206.1900,206.2100,600.0000,206.2060,5
2026-07-30 19:33:30,BE,206.2000,206.2100,206.1800,206.2100,1000.0000,206.2010,8
2026-07-30 19:33:35,BE,206.2000,206.3600,206.1900,206.2900,720.0000,206.3030,5
2026-07-30 19:33:40,BE,206.1900,206.3500,206.1900,206.3500,927.0000,206.3020,6
2026-07-30 19:33:45,BE,206.2000,206.3700,206.2000,206.3700,760.0000,206.2590,5
2026-07-30 19:33:50,BE,206.3900,206.3900,206.1800,206.1800,2049.0000,206.2170,13
2026-07-30 19:33:55,BE,206.2000,206.3500,206.2000,206.3500,500.0000,206.2300,2
2026-07-30 19:34:00,BE,206.3400,206.3400,206.1000,206.1000,700.0000,206.1810,3
2026-07-30 19:34:05,BE,206.1800,206.1800,206.1500,206.1600,300.0000,206.1680,3
2026-07-30 19:34:10,BE,206.1500,206.2200,206.0400,206.2200,3256.0000,206.1440,18
2026-07-30 19:34:15,BE,206.1800,206.1800,206.1700,206.1800,665.0000,206.1790,6
2026-07-30 19:34:20,BE,206.1800,206.1800,206.1800,206.1800,0.0000,206.1800,0
2026-07-30 19:34:25,BE,206.3100,206.3500,206.2300,206.2300,966.0000,206.3080,6
2026-07-30 19:34:30,BE,206.1900,206.1900,206.1700,206.1700,200.0000,206.1780,2
2026-07-30 19:34:35,BE,206.1700,206.2800,206.0100,206.2800,2210.0000,206.0750,18
2026-07-30 19:34:40,BE,206.1300,206.1300,206.1300,206.1300,300.0000,206.1300,3
2026-07-30 19:34:45,BE,206.0000,206.1300,205.9800,205.9800,2131.0000,206.0230,18
2026-07-30 19:34:50,BE,206.0700,206.1300,205.8800,206.1300,620.0000,206.0540,6
2026-07-30 19:34:55,BE,206.0600,206.1300,205.8800,206.1300,639.0000,206.0710,4
2026-07-30 19:35:00,BE,206.0500,206.3200,206.0400,206.2600,3201.0000,206.1970,15
2026-07-30 19:35:05,BE,206.2500,206.4400,206.2300,206.3900,924.0000,206.3680,9
2026-07-30 19:35:10,BE,206.3700,206.4700,206.3600,206.3600,1035.0000,206.3870,9
2026-07-30 19:35:15,BE,206.3700,206.3700,206.3000,206.3700,300.0000,206.3430,3
2026-07-30 19:35:20,BE,206.4400,206.4700,206.2600,206.4500,1100.0000,206.3600,11
2026-07-30 19:35:25,BE,206.3700,206.5000,206.3500,206.3700,2700.0000,206.4520,16
2026-07-30 19:35:30,BE,206.4900,206.5900,206.4900,206.5700,840.0000,206.5270,4
2026-07-30 19:35:35,BE,206.6900,206.7400,206.5400,206.5900,3564.0000,206.6870,17
2026-07-30 19:35:40,BE,206.4900,206.5700,205.8900,205.8900,6322.0000,206.3060,52
2026-07-30 19:35:45,BE,206.1700,206.1700,206.0300,206.0300,1100.0000,206.1530,2
2026-07-30 19:35:50,BE,206.0700,206.1600,206.0200,206.0300,700.0000,206.0510,4
2026-07-30 19:35:55,BE,205.8900,206.0200,205.8900,206.0200,1384.0000,205.9090,3
2026-07-30 19:36:00,BE,206.1300,206.2900,206.1200,206.2900,1846.0000,206.1520,14
2026-07-30 19:36:05,BE,206.3400,206.3400,206.0100,206.1300,3541.0000,206.1590,13
2026-07-30 19:36:10,BE,206.2100,206.2100,206.2100,206.2100,100.0000,206.2100,1
2026-07-30 19:36:15,BE,206.1200,206.2100,206.1100,206.1200,800.0000,206.1400,7
2026-07-30 19:36:20,BE,206.2300,206.2300,206.2300,206.2300,200.0000,206.2300,1
2026-07-30 19:36:25,BE,206.1800,206.1800,206.1700,206.1700,300.0000,206.1730,3
2026-07-30 19:36:30,BE,206.1900,206.2100,206.1200,206.1200,1171.0000,206.1610,10
2026-07-30 19:36:35,BE,206.2000,206.2000,206.1100,206.1200,500.0000,206.1480,4
2026-07-30 19:36:40,BE,206.0300,206.1000,205.8600,206.0800,5462.0000,206.0130,41
2026-07-30 19:36:45,BE,206.0600,206.0600,206.0500,206.0600,400.0000,206.0580,4
2026-07-30 19:36:50,BE,206.1800,206.4600,206.1100,206.4600,4360.0000,206.2090,24
2026-07-30 19:36:55,BE,206.4600,206.5500,206.2100,206.2100,2885.0000,206.3800,24
2026-07-30 19:37:00,BE,206.2200,206.3600,206.2100,206.2200,600.0000,206.2390,3
2026-07-30 19:37:05,BE,206.2200,206.2200,206.2100,206.2200,0.0000,206.2100,0
2026-07-30 19:37:10,BE,206.2100,206.2100,206.1800,206.1900,400.0000,206.1980,4
2026-07-30 19:37:15,BE,206.1800,206.1800,206.1700,206.1800,1000.0000,206.1750,7
2026-07-30 19:37:20,BE,206.1800,206.1800,206.1700,206.1800,0.0000,206.1800,0
2026-07-30 19:37:25,BE,206.1800,206.1800,206.0800,206.1300,650.0000,206.1270,6
2026-07-30 19:37:30,BE,206.1300,206.2500,206.1200,206.2500,2016.0000,206.1830,11
2026-07-30 19:37:35,BE,206.1000,206.2500,206.1000,206.2500,300.0000,206.1780,3
2026-07-30 19:37:40,BE,206.2700,206.2700,206.2700,206.2700,100.0000,206.2700,1
2026-07-30 19:37:45,BE,206.1900,206.2700,206.1800,206.1900,625.0000,206.2020,3
2026-07-30 19:37:50,BE,206.1700,206.1800,206.0900,206.0900,1500.0000,206.1060,3
2026-07-30 19:37:55,BE,206.1800,206.2500,206.1700,206.2400,1570.0000,206.1930,4
2026-07-30 19:38:00,BE,206.1800,206.1800,206.1800,206.1800,200.0000,206.1800,2
2026-07-30 19:38:05,BE,206.1700,206.1800,206.0900,206.1100,2722.0000,206.1370,27
2026-07-30 19:38:10,BE,206.1800,206.3000,206.1700,206.2900,3708.0000,206.2690,28
2026-07-30 19:38:15,BE,206.3500,206.5000,206.3500,206.4900,1902.0000,206.4500,11
2026-07-30 19:38:20,BE,206.3600,206.3800,206.2000,206.2400,2589.0000,206.3030,17
2026-07-30 19:38:25,BE,206.2400,206.2500,206.1700,206.2400,1749.0000,206.2280,10
2026-07-30 19:38:30,BE,206.1900,206.3900,206.1800,206.3900,400.0000,206.2610,4
2026-07-30 19:38:35,BE,206.2400,206.3200,206.2400,206.3200,231.0000,206.2750,2
2026-07-30 19:38:40,BE,206.1400,206.2900,206.1400,206.2600,5382.0000,206.1920,18
2026-07-30 19:38:45,BE,206.3200,206.4200,206.2600,206.4200,1934.0000,206.3110,12
2026-07-30 19:38:50,BE,206.4000,206.4100,206.3000,206.4100,2600.0000,206.3890,6
2026-07-30 19:38:55,BE,206.2100,206.4300,206.2000,206.2600,2170.0000,206.2740,16
2026-07-30 19:39:00,BE,206.3000,206.3000,206.2900,206.3000,500.0000,206.2980,5
2026-07-30 19:39:05,BE,206.4000,206.4800,206.3800,206.4300,3100.0000,206.4300,14
2026-07-30 19:39:10,BE,206.4500,206.4700,206.3500,206.3600,400.0000,206.4080,4
2026-07-30 19:39:15,BE,206.3500,206.3600,206.3500,206.3600,200.0000,206.3530,2
2026-07-30 19:39:20,BE,206.4000,206.4000,206.4000,206.4000,200.0000,206.4000,2
2026-07-30 19:39:25,BE,206.5000,206.6400,206.4000,206.6400,5793.0000,206.4960,18
2026-07-30 19:39:30,BE,206.4100,206.5300,206.4100,206.5300,392.0000,206.4410,3
2026-07-30 19:39:35,BE,206.5500,206.5500,206.5500,206.5500,300.0000,206.5500,3
2026-07-30 19:39:40,BE,206.5700,206.5700,206.4700,206.4700,1909.0000,206.4870,17
2026-07-30 19:39:45,BE,206.5000,206.5000,206.4300,206.4800,900.0000,206.4590,6
2026-07-30 19:39:50,BE,206.4900,206.4900,206.4500,206.4800,1100.0000,206.4810,9
2026-07-30 19:39:55,BE,206.4900,206.4900,206.2900,206.3500,3285.0000,206.3910,25
2026-07-30 19:40:00,BE,206.3400,206.3400,206.2000,206.2100,1798.0000,206.2290,17
2026-07-30 19:40:05,BE,206.1400,206.1800,206.1400,206.1800,300.0000,206.1530,3
2026-07-30 19:40:10,BE,206.2500,206.2600,206.0000,206.0000,5659.0000,206.1130,36
2026-07-30 19:40:15,BE,206.0000,206.2200,205.9700,206.1400,1000.0000,206.0620,10
2026-07-30 19:40:20,BE,206.1000,206.1000,206.0900,206.1000,145.0000,206.0950,1
2026-07-30 19:40:25,BE,206.0900,206.1200,206.0800,206.0900,1400.0000,206.0990,9
2026-07-30 19:40:30,BE,206.0800,206.0800,205.9400,205.9600,2932.0000,205.9770,15
2026-07-30 19:40:35,BE,206.0200,206.1000,205.9400,205.9600,3438.0000,205.9760,28
2026-07-30 19:40:40,BE,205.9500,206.0300,205.9400,206.0000,3138.0000,205.9740,26
2026-07-30 19:40:45,BE,206.0700,206.0700,205.8800,205.9000,3936.0000,205.9400,12
2026-07-30 19:40:50,BE,205.9700,206.0600,205.8700,205.8700,1750.0000,205.9230,8
2026-07-30 19:40:55,BE,205.9700,206.0500,205.8700,205.9700,3643.0000,205.9420,13
2026-07-30 19:41:00,BE,205.9700,205.9700,205.8400,205.8900,7579.0000,205.9020,37
2026-07-30 19:41:05,BE,205.9100,205.9100,205.8200,205.8700,5975.0000,205.8460,27
2026-07-30 19:41:10,BE,205.8100,205.9700,205.8100,205.8300,1800.0000,205.8770,12
2026-07-30 19:41:15,BE,205.8100,205.9000,205.8100,205.8600,4123.0000,205.8820,13
2026-07-30 19:41:20,BE,205.8300,205.8600,205.8100,205.8300,2755.0000,205.8320,22
2026-07-30 19:41:25,BE,205.8000,205.9700,205.8000,205.9000,2065.0000,205.8630,13
2026-07-30 19:41:30,BE,205.9800,205.9900,205.8700,205.9900,2896.0000,205.9450,21
2026-07-30 19:41:35,BE,206.0300,206.1200,206.0200,206.0400,981.0000,206.0600,7
2026-07-30 19:41:40,BE,206.1300,206.1300,205.9000,205.9400,4912.0000,205.9800,32
2026-07-30 19:41:45,BE,205.9400,205.9900,205.9300,205.9700,618.0000,205.9610,5
2026-07-30 19:41:50,BE,205.9700,206.0500,205.9700,206.0500,1015.0000,206.0250,8
2026-07-30 19:41:55,BE,205.9800,206.0800,205.9000,206.0200,6349.0000,205.9500,24
2026-07-30 19:42:00,BE,206.0200,206.1300,206.0200,206.0200,1233.0000,206.0580,9
2026-07-30 19:42:05,BE,206.0300,206.1000,206.0300,206.1000,900.0000,206.0750,5
2026-07-30 19:42:10,BE,206.0900,206.1000,205.8300,205.9400,3651.0000,205.9570,26
2026-07-30 19:42:15,BE,205.9700,206.0900,205.9700,205.9800,1424.0000,205.9890,5
2026-07-30 19:42:20,BE,205.9700,206.1100,205.6200,205.7200,7427.0000,205.8420,51
2026-07-30 19:42:25,BE,205.6900,205.7600,205.6300,205.7300,5297.0000,205.7150,30
2026-07-30 19:42:30,BE,205.7300,205.7300,205.5000,205.5600,4000.0000,205.5820,31
2026-07-30 19:42:35,BE,205.6000,205.6600,205.5500,205.5600,3445.0000,205.5770,24
2026-07-30 19:42:40,BE,205.5900,205.6100,205.5400,205.6100,783.0000,205.5880,4
2026-07-30 19:42:45,BE,205.6500,205.7100,205.4300,205.4900,11296.0000,205.5200,47
2026-07-30 19:42:50,BE,205.4300,205.4500,205.3200,205.4000,2543.0000,205.4110,17
2026-07-30 19:42:55,BE,205.4100,205.4100,205.1800,205.1900,1677.0000,205.2600,12
2026-07-30 19:43:00,BE,205.1900,205.1900,204.7000,204.7700,12676.0000,204.9570,84
2026-07-30 19:43:05,BE,204.8700,204.8700,204.6500,204.8200,4462.0000,204.7490,26
2026-07-30 19:43:10,BE,204.8200,204.8600,204.7500,204.7500,906.0000,204.8030,9
2026-07-30 19:43:15,BE,204.8700,204.9100,204.7600,204.9100,4580.0000,204.8410,27
2026-07-30 19:43:20,BE,204.9100,205.0800,204.8100,205.0800,2558.0000,204.8770,22
2026-07-30 19:43:25,BE,205.0000,205.0600,204.9900,205.0000,2626.0000,205.0190,12
2026-07-30 19:43:30,BE,204.8900,205.0000,204.8400,204.9400,1400.0000,204.9390,9
2026-07-30 19:43:35,BE,204.9800,205.2100,204.9600,205.2100,7991.0000,205.0720,22
2026-07-30 19:43:40,BE,205.0900,205.2200,205.0900,205.2100,1203.0000,205.1780,10
2026-07-30 19:43:45,BE,205.1900,205.4000,205.1200,205.3100,4179.0000,205.2080,25
2026-07-30 19:43:50,BE,205.2300,205.4000,205.1600,205.1600,2939.0000,205.2650,11
2026-07-30 19:43:55,BE,205.2700,205.3700,205.2600,205.2600,1000.0000,205.3060,7
2026-07-30 19:44:00,BE,205.2400,205.3200,205.2400,205.2400,1900.0000,205.2650,7
2026-07-30 19:44:05,BE,205.2400,205.3800,205.2400,205.2900,1825.0000,205.2870,13
2026-07-30 19:44:10,BE,205.3000,205.4900,205.3000,205.3800,758.0000,205.3650,3
2026-07-30 19:44:15,BE,205.3800,205.3800,205.2600,205.2900,1200.0000,205.3150,6
2026-07-30 19:44:20,BE,205.2800,205.2800,205.0900,205.1500,2503.0000,205.1560,16
2026-07-30 19:44:25,BE,205.1900,205.2900,205.0300,205.2100,2201.0000,205.1560,14
2026-07-30 19:44:30,BE,205.2700,205.2700,205.1500,205.1500,3853.0000,205.1570,5
2026-07-30 19:44:35,BE,205.0300,205.1500,205.0300,205.0300,2475.0000,205.0720,4
2026-07-30 19:44:40,BE,205.1500,205.1500,205.0300,205.0300,732.0000,205.1290,4
2026-07-30 19:44:45,BE,205.1500,205.1500,205.0300,205.0700,6187.0000,205.0670,29
2026-07-30 19:44:50,BE,205.0400,205.1600,204.9300,204.9300,5431.0000,205.0440,33
2026-07-30 19:44:55,BE,204.9300,205.0000,204.8200,204.9600,2729.0000,204.9290,18
2026-07-30 19:45:00,BE,204.9600,205.1500,204.9600,205.1500,1578.0000,205.0040,8
2026-07-30 19:45:05,BE,205.0900,205.4900,205.0900,205.4400,3188.0000,205.3010,26
2026-07-30 19:45:10,BE,205.6000,205.6600,205.6000,205.6600,620.0000,205.6290,3
2026-07-30 19:45:15,BE,205.7100,205.7500,205.6600,205.7500,700.0000,205.7100,7
2026-07-30 19:45:20,BE,205.8800,206.2100,205.7700,205.9400,2701.0000,205.9770,15
2026-07-30 19:45:25,BE,205.8800,205.8900,205.7900,205.7900,2800.0000,205.8730,16
2026-07-30 19:45:30,BE,205.7600,205.8800,205.7200,205.8000,3646.0000,205.8070,13
2026-07-30 19:45:35,BE,205.8200,205.8200,205.6900,205.7000,900.0000,205.7380,6
2026-07-30 19:45:40,BE,205.8100,206.4600,205.8000,206.1900,8305.0000,206.0740,30
2026-07-30 19:45:45,BE,206.3000,206.4500,206.2300,206.4500,850.0000,206.3630,5
2026-07-30 19:45:50,BE,206.3600,206.4600,206.3500,206.3800,1884.0000,206.4170,5
2026-07-30 19:45:55,BE,206.3200,206.4300,206.1700,206.4300,4703.0000,206.3210,27
2026-07-30 19:46:00,BE,206.3000,206.3600,206.2600,206.2600,1100.0000,206.3080,8
2026-07-30 19:46:05,BE,206.4300,206.4300,205.9700,206.1200,12036.0000,206.1420,51
2026-07-30 19:46:10,BE,206.1200,206.2000,206.1100,206.1200,3065.0000,206.1460,18
2026-07-30 19:46:15,BE,206.2900,206.4300,206.1200,206.2100,2369.0000,206.2540,19
2026-07-30 19:46:20,BE,206.1400,206.1400,205.6900,205.8200,2420.0000,206.0380,12
2026-07-30 19:46:25,BE,206.0400,206.0400,206.0300,206.0300,200.0000,206.0350,2
2026-07-30 19:46:30,BE,206.0800,206.0800,205.6700,205.7400,4333.0000,205.9410,33
2026-07-30 19:46:35,BE,205.6500,205.7000,205.6500,205.7000,400.0000,205.6880,2
2026-07-30 19:46:40,BE,205.9200,205.9200,205.6500,205.7600,700.0000,205.8130,4
2026-07-30 19:46:45,BE,205.7600,205.7600,205.7600,205.7600,100.0000,205.7600,1
2026-07-30 19:46:50,BE,205.7900,205.7900,205.7800,205.7900,150.0000,205.7850,1
2026-07-30 19:46:55,BE,205.8800,205.8800,205.7800,205.7900,750.0000,205.8160,4
2026-07-30 19:47:00,BE,205.8300,205.8300,205.7000,205.7000,2545.0000,205.7640,17
2026-07-30 19:47:05,BE,205.6600,205.8900,205.6600,205.7800,1711.0000,205.7930,9
2026-07-30 19:47:10,BE,205.8300,205.8300,205.5700,205.5800,2626.0000,205.7170,17
2026-07-30 19:47:15,BE,205.6100,205.7400,205.5700,205.7400,1685.0000,205.6630,15
2026-07-30 19:47:20,BE,205.8700,205.9200,205.8700,205.9200,950.0000,205.9010,4
2026-07-30 19:47:25,BE,205.7400,205.8300,205.7300,205.7300,1000.0000,205.7790,7
2026-07-30 19:47:30,BE,205.7200,205.7200,205.6200,205.6200,300.0000,205.6620,3
2026-07-30 19:47:35,BE,205.7200,205.7200,205.7100,205.7200,330.0000,205.7130,3
2026-07-30 19:47:40,BE,205.6200,205.6200,205.4600,205.5200,4290.0000,205.5350,20
2026-07-30 19:47:45,BE,205.5200,205.5300,205.4000,205.4000,4076.0000,205.4680,18
2026-07-30 19:47:50,BE,205.4100,205.6700,205.3500,205.6700,1386.0000,205.4590,12
2026-07-30 19:47:55,BE,205.6000,205.6000,205.6000,205.6000,700.0000,205.6000,4
2026-07-30 19:48:00,BE,205.5900,205.6700,205.5600,205.6300,1800.0000,205.6110,13
2026-07-30 19:48:05,BE,205.6400,205.6500,205.5600,205.5800,1988.0000,205.6010,13
2026-07-30 19:48:10,BE,205.6300,205.7100,205.6300,205.6500,1200.0000,205.6610,8
2026-07-30 19:48:15,BE,205.5400,205.7600,205.5400,205.7600,427.0000,205.5920,2
2026-07-30 19:48:20,BE,205.6800,205.6800,205.6600,205.6800,775.0000,205.6750,4
2026-07-30 19:48:25,BE,205.6700,205.7300,205.6400,205.7300,1258.0000,205.6930,5
2026-07-30 19:48:30,BE,205.7400,205.8400,205.7300,205.7700,1980.0000,205.7780,14
2026-07-30 19:48:35,BE,205.7700,205.7700,205.4500,205.5500,7433.0000,205.6380,31
2026-07-30 19:48:40,BE,205.4600,205.4600,205.3000,205.3800,1317.0000,205.3350,9
2026-07-30 19:48:45,BE,205.3500,205.3500,205.3400,205.3500,700.0000,205.3430,6
2026-07-30 19:48:50,BE,205.2900,205.6000,205.2900,205.6000,1000.0000,205.5130,8
2026-07-30 19:48:55,BE,205.7100,205.7400,205.7100,205.7400,504.0000,205.7280,4
2026-07-30 19:49:00,BE,205.7300,205.7600,205.6100,205.7500,653.0000,205.6850,6
2026-07-30 19:49:05,BE,205.8200,205.8300,205.7300,205.7400,1900.0000,205.7920,8
2026-07-30 19:49:10,BE,205.7900,205.9000,205.7900,205.9000,1132.0000,205.8190,8
2026-07-30 19:49:15,BE,205.9100,205.9100,205.8400,205.8400,400.0000,205.8580,2
2026-07-30 19:49:20,BE,205.8800,205.9400,205.8800,205.9300,1218.0000,205.9010,11
2026-07-30 19:49:25,BE,205.9400,205.9400,205.8200,205.8600,1742.0000,205.8810,15
2026-07-30 19:49:30,BE,205.8600,206.4500,205.8500,206.4500,10372.0000,205.9610,47
2026-07-30 19:49:35,BE,206.1300,206.3500,206.1100,206.3000,4284.0000,206.2050,17
2026-07-30 19:49:40,BE,206.3600,206.3600,206.1800,206.1900,800.0000,206.2620,4
2026-07-30 19:49:45,BE,206.1900,206.1900,205.8000,205.8400,5892.0000,205.9640,38
2026-07-30 19:49:50,BE,205.8400,205.8400,205.8400,205.8400,500.0000,205.8400,2
2026-07-30 19:49:55,BE,205.8800,205.9000,205.8300,205.8700,2900.0000,205.8700,16
2026-07-30 19:50:00,BE,205.8500,205.9300,205.7300,205.7300,7488.0000,205.8530,52
2026-07-30 19:50:05,BE,205.5200,205.5900,205.2100,205.5100,3730.0000,205.4490,23
2026-07-30 19:50:10,BE,205.3700,205.6300,205.3700,205.3700,500.0000,205.4740,3
2026-07-30 19:50:15,BE,205.2800,205.3200,205.1600,205.1700,710.0000,205.2520,6
2026-07-30 19:50:20,BE,205.3500,205.4200,205.0000,205.1000,2411.0000,205.2260,22
2026-07-30 19:50:25,BE,205.0500,205.1500,205.0100,205.0800,1728.0000,205.0700,9
2026-07-30 19:50:30,BE,205.0100,205.0100,204.8000,204.9900,5128.0000,204.9090,31
2026-07-30 19:50:35,BE,205.0000,205.2600,204.9800,205.2600,2906.0000,205.0330,17
2026-07-30 19:50:40,BE,205.2000,205.2000,204.9600,205.0900,900.0000,205.0850,8
2026-07-30 19:50:45,BE,205.1600,205.1600,204.9900,205.1200,500.0000,205.0510,4
2026-07-30 19:50:50,BE,205.1200,205.1200,204.8300,204.8900,1300.0000,204.9620,13
2026-07-30 19:50:55,BE,204.9400,204.9600,204.9300,204.9600,668.0000,204.9460,5
2026-07-30 19:51:00,BE,204.9600,204.9600,204.9500,204.9600,0.0000,204.9600,0
2026-07-30 19:51:05,BE,204.9300,205.0300,204.8600,204.9200,1570.0000,204.9820,15
2026-07-30 19:51:10,BE,205.0100,205.1700,204.9200,205.1700,1764.0000,205.0440,12
2026-07-30 19:51:15,BE,205.2200,205.2200,205.0800,205.0900,800.0000,205.1610,8
2026-07-30 19:51:20,BE,205.0900,205.0900,205.0900,205.0900,0.0000,205.0900,0
2026-07-30 19:51:25,BE,205.2100,205.2400,205.1900,205.2400,1050.0000,205.2180,10
2026-07-30 19:51:30,BE,205.2600,205.4700,205.2000,205.2000,510.0000,205.3370,4
2026-07-30 19:51:35,BE,205.2900,205.5300,205.2800,205.5000,1128.0000,205.4570,10
2026-07-30 19:51:40,BE,205.6200,205.6200,205.4500,205.5300,1924.0000,205.5600,7
2026-07-30 19:51:45,BE,205.4300,205.6100,205.2700,205.3300,1450.0000,205.4310,14
2026-07-30 19:51:50,BE,205.2500,205.3000,205.2500,205.3000,625.0000,205.2660,6
2026-07-30 19:51:55,BE,205.3600,205.4400,205.3100,205.4300,1129.0000,205.3890,11
2026-07-30 19:52:00,BE,205.5500,205.6300,205.4700,205.6300,657.0000,205.5760,5
2026-07-30 19:52:05,BE,205.6700,205.8200,205.6100,205.8100,1198.0000,205.7210,9
2026-07-30 19:52:10,BE,205.7800,205.7800,205.6000,205.6000,1519.0000,205.6730,6
2026-07-30 19:52:15,BE,205.6000,205.6000,205.6000,205.6000,0.0000,205.6000,0
2026-07-30 19:52:20,BE,205.4600,205.5400,205.4300,205.4300,635.0000,205.4960,5
2026-07-30 19:52:25,BE,205.5500,205.5600,205.5500,205.5500,250.0000,205.5540,1
2026-07-30 19:52:30,BE,205.5300,205.6500,205.4700,205.5600,3605.0000,205.5430,13
2026-07-30 19:52:35,BE,205.6000,205.6600,205.6000,205.6500,802.0000,205.6260,6
2026-07-30 19:52:40,BE,205.6600,205.7700,205.6500,205.7700,1601.0000,205.7170,15
2026-07-30 19:52:45,BE,205.7200,205.7200,205.7100,205.7200,100.0000,205.7150,1
2026-07-30 19:52:50,BE,205.7100,205.7700,205.7100,205.7200,1359.0000,205.7270,7
2026-07-30 19:52:55,BE,205.8100,205.8900,205.8000,205.8100,1484.0000,205.8660,4
2026-07-30 19:53:00,BE,205.8900,205.8900,205.8000,205.8000,1000.0000,205.8720,7
2026-07-30 19:53:05,BE,205.7300,205.7800,205.4500,205.4600,3557.0000,205.6510,31
2026-07-30 19:53:10,BE,205.4200,205.4700,205.4200,205.4700,324.0000,205.4480,2
2026-07-30 19:53:15,BE,205.4900,205.5200,205.4900,205.5200,874.0000,205.5070,8
2026-07-30 19:53:20,BE,205.4500,205.4600,205.2900,205.3000,1200.0000,205.3870,10
2026-07-30 19:53:25,BE,205.1300,205.3100,205.0500,205.2500,2882.0000,205.1810,21
2026-07-30 19:53:30,BE,205.2900,205.3500,205.2900,205.3500,400.0000,205.3200,4
2026-07-30 19:53:35,BE,205.1400,205.3100,205.1400,205.2800,700.0000,205.2310,3
2026-07-30 19:53:40,BE,205.1400,205.2800,205.1300,205.2800,600.0000,205.1600,2
2026-07-30 19:53:45,BE,205.2800,205.2800,205.0800,205.0800,300.0000,205.2120,3
2026-07-30 19:53:50,BE,205.4700,205.4700,205.3500,205.3600,960.0000,205.4520,3
2026-07-30 19:53:55,BE,205.3500,205.3500,205.2400,205.3500,900.0000,205.3140,9
2026-07-30 19:54:00,BE,205.3500,205.5800,205.3500,205.5800,2160.0000,205.4550,17
2026-07-30 19:54:05,BE,205.5000,205.5000,205.4000,205.4100,624.0000,205.4510,6
2026-07-30 19:54:10,BE,205.4800,205.6000,205.4700,205.6000,999.0000,205.5140,7
2026-07-30 19:54:15,BE,205.6000,205.6000,205.6000,205.6000,0.0000,205.6000,0
2026-07-30 19:54:20,BE,205.6000,205.6000,205.6000,205.6000,0.0000,205.6000,0
2026-07-30 19:54:25,BE,205.5600,205.5600,205.3500,205.3600,1337.0000,205.4370,13
2026-07-30 19:54:30,BE,205.3400,205.3700,205.2900,205.3700,500.0000,205.3410,4
2026-07-30 19:54:35,BE,205.2800,205.2800,205.2700,205.2800,500.0000,205.2790,5
2026-07-30 19:54:40,BE,205.2500,205.3800,205.2300,205.2600,12899.0000,205.3150,29
2026-07-30 19:54:45,BE,205.2600,205.2900,205.2600,205.2900,630.0000,205.2710,3
2026-07-30 19:54:50,BE,205.2900,205.2900,204.9400,204.9400,2600.0000,205.1420,26
2026-07-30 19:54:55,BE,204.8700,205.0200,204.8700,204.8700,1803.0000,204.9370,15
2026-07-30 19:55:00,BE,204.9400,205.2300,204.9000,205.2000,2704.0000,205.0050,23
2026-07-30 19:55:05,BE,205.2000,205.2000,205.2000,205.2000,0.0000,205.2000,0
2026-07-30 19:55:10,BE,205.0700,205.0700,205.0700,205.0700,100.0000,205.0700,1
2026-07-30 19:55:15,BE,205.0800,205.0800,205.0700,205.0800,414.0000,205.0750,4
2026-07-30 19:55:20,BE,205.0500,205.0900,205.0200,205.0900,1238.0000,205.0680,10
2026-07-30 19:55:25,BE,205.0900,205.1400,205.0100,205.0600,800.0000,205.0870,8
2026-07-30 19:55:30,BE,205.1600,205.2600,205.0200,205.0200,3074.0000,205.0740,20
2026-07-30 19:55:35,BE,205.0800,205.0800,205.0200,205.0400,1000.0000,205.0440,6
2026-07-30 19:55:40,BE,205.1300,205.2800,205.0800,205.2800,1684.0000,205.1550,15
2026-07-30 19:55:45,BE,205.1300,205.2900,205.0800,205.1500,1830.0000,205.2170,7
2026-07-30 19:55:50,BE,205.1500,205.2800,205.1400,205.2500,1724.0000,205.2200,10
2026-07-30 19:55:55,BE,205.2700,205.5600,205.2700,205.5600,1580.0000,205.3630,12
2026-07-30 19:56:00,BE,205.4800,205.7900,205.4800,205.6400,700.0000,205.6310,7
2026-07-30 19:56:05,BE,205.7900,205.7900,205.6300,205.6300,1425.0000,205.7420,2
2026-07-30 19:56:10,BE,205.6300,205.6300,205.4800,205.6300,1425.0000,205.5330,6
2026-07-30 19:56:15,BE,205.6300,205.6300,205.4800,205.6300,9000.0000,205.4960,11
2026-07-30 19:56:20,BE,205.6300,205.8200,205.6200,205.7000,1472.0000,205.7650,11
2026-07-30 19:56:25,BE,205.7400,205.8200,205.7400,205.8200,1845.0000,205.7970,6
2026-07-30 19:56:30,BE,205.8200,205.9500,205.8100,205.8600,1230.0000,205.8600,8
2026-07-30 19:56:35,BE,205.8800,205.8800,205.8500,205.8500,1544.0000,205.8620,9
2026-07-30 19:56:40,BE,205.8600,205.8600,205.8500,205.8600,400.0000,205.8550,2
2026-07-30 19:56:45,BE,205.8600,205.8600,205.8500,205.8500,300.0000,205.8530,3
2026-07-30 19:56:50,BE,205.8600,206.0900,205.8500,206.0900,2945.0000,205.9400,22
2026-07-30 19:56:55,BE,206.0900,206.2400,205.9000,206.0000,2733.0000,206.0910,9
2026-07-30 19:57:00,BE,206.1200,206.3500,206.1100,206.3500,1500.0000,206.2560,14
2026-07-30 19:57:05,BE,206.2900,206.3600,206.2100,206.3600,1720.0000,206.2700,14
2026-07-30 19:57:10,BE,206.4000,206.4600,206.3100,206.3100,650.0000,206.3510,4
2026-07-30 19:57:15,BE,206.4000,206.7400,206.4000,206.6300,5226.0000,206.5250,34
2026-07-30 19:57:20,BE,206.4800,206.8500,206.4800,206.7500,6166.0000,206.7200,36
2026-07-30 19:57:25,BE,206.6400,206.7100,206.4000,206.4000,3773.0000,206.5060,36
2026-07-30 19:57:30,BE,206.3800,206.4500,206.3400,206.4400,1442.0000,206.4080,13
2026-07-30 19:57:35,BE,206.3300,206.5100,206.3300,206.4000,2910.0000,206.4730,8
2026-07-30 19:57:40,BE,206.3900,206.4300,206.3900,206.4200,800.0000,206.4140,8
2026-07-30 19:57:45,BE,206.4200,206.5000,206.4100,206.4200,5221.0000,206.4880,6
2026-07-30 19:57:50,BE,206.4200,206.4200,206.3700,206.3700,470.0000,206.3990,3
2026-07-30 19:57:55,BE,206.4000,206.5400,206.3700,206.5400,1617.0000,206.4200,13
2026-07-30 19:58:00,BE,206.4700,206.5500,206.4500,206.4600,1737.0000,206.4710,16
2026-07-30 19:58:05,BE,206.5000,206.5000,206.3600,206.4200,1250.0000,206.4160,12
2026-07-30 19:58:10,BE,206.4400,206.5900,206.4300,206.5000,2287.0000,206.5090,15
2026-07-30 19:58:15,BE,206.5000,206.5000,206.4400,206.4400,729.0000,206.4920,4
2026-07-30 19:58:20,BE,206.5800,206.5900,206.5200,206.5200,1100.0000,206.5830,9
2026-07-30 19:58:25,BE,206.6100,206.6100,206.4500,206.5600,1700.0000,206.5600,8
2026-07-30 19:58:30,BE,206.5600,206.5600,206.5600,206.5600,0.0000,206.5600,0
2026-07-30 19:58:35,BE,206.4000,206.5300,206.4000,206.5200,410.0000,206.4600,3
2026-07-30 19:58:40,BE,206.3900,206.4800,206.3800,206.4800,1071.0000,206.3970,9
2026-07-30 19:58:45,BE,206.4800,206.7400,206.4700,206.5500,2734.0000,206.6260,15
2026-07-30 19:58:50,BE,206.4900,206.7400,206.4700,206.6200,6280.0000,206.6710,13
2026-07-30 19:58:55,BE,206.6700,206.6900,206.5900,206.6900,3629.0000,206.6330,24
2026-07-30 19:59:00,BE,206.6300,206.6400,206.5000,206.5000,2093.0000,206.5880,18
2026-07-30 19:59:05,BE,206.6200,206.6200,206.4500,206.4700,1628.0000,206.5080,15
2026-07-30 19:59:10,BE,206.4700,206.5100,206.3600,206.3600,2200.0000,206.3720,3
2026-07-30 19:59:15,BE,206.5000,206.5800,206.4900,206.5400,760.0000,206.5520,7
2026-07-30 19:59:20,BE,206.5800,206.6000,206.3500,206.3500,1951.0000,206.4600,18
2026-07-30 19:59:25,BE,206.4100,206.5000,206.3400,206.4900,1825.0000,206.4300,10
2026-07-30 19:59:30,BE,206.4900,206.6400,206.4900,206.5600,1050.0000,206.5980,7
2026-07-30 19:59:35,BE,206.5600,206.5600,206.5500,206.5600,0.0000,206.5600,0
2026-07-30 19:59:40,BE,206.5900,206.6200,206.5900,206.6000,400.0000,206.5990,4
2026-07-30 19:59:45,BE,206.5800,206.6500,206.4300,206.4700,3095.0000,206.5450,18
2026-07-30 19:59:50,BE,206.5000,206.5900,206.3800,206.5900,306.0000,206.4910,3
2026-07-30 19:59:55,BE,206.3700,206.4700,206.3100,206.4500,3266.0000,206.3870,26
2026-07-30 20:00:00,BE,206.5900,207.4000,206.4000,206.4000,8394.0000,206.8030,66
2026-07-30 20:00:05,BE,206.3800,206.8100,206.3800,206.8000,1181.0000,206.4760,11
2026-07-30 20:00:10,BE,206.6000,206.6600,206.3700,206.5000,725.0000,206.4660,5
2026-07-30 20:00:15,BE,206.9000,206.9000,206.4100,206.4800,1030.0000,206.5410,9
2026-07-30 20:00:20,BE,206.4200,206.4900,206.4200,206.4900,250.0000,206.4460,2
2026-07-30 20:00:25,BE,206.4600,206.5000,206.3800,206.3800,1149.0000,206.4240,11
2026-07-30 20:00:30,BE,206.3700,206.5200,206.3700,206.5200,1592.0000,206.4500,14
2026-07-30 20:00:35,BE,206.5500,206.5900,206.4900,206.4900,700.0000,206.5440,7
2026-07-30 20:00:40,BE,206.3700,206.3700,206.3500,206.3500,620.0000,206.3600,6
2026-07-30 20:00:45,BE,206.3400,206.3900,206.3400,206.3700,987.0000,206.3600,9
2026-07-30 20:00:50,BE,206.2800,206.2800,206.2500,206.2500,600.0000,206.2650,5
2026-07-30 20:00:55,BE,206.2800,206.2800,206.1200,206.1200,1000.0000,206.2040,9
2026-07-30 20:01:00,BE,206.0100,206.0100,205.8400,205.9200,3004.0000,205.9710,13
2026-07-30 20:01:05,BE,205.8800,205.9300,205.8100,205.8100,800.0000,205.8710,8
2026-07-30 20:01:10,BE,205.8200,205.8200,205.6600,205.6600,638.0000,205.7530,6
2026-07-30 20:01:15,BE,205.6300,205.6400,205.4300,205.4300,1352.0000,205.5150,6
2026-07-30 20:01:20,BE,205.2900,205.4800,205.2900,205.4700,1812.0000,205.4250,12
2026-07-30 20:01:25,BE,205.4900,205.5000,205.4900,205.5000,200.0000,205.4950,2
2026-07-30 20:01:30,BE,205.6100,205.7500,205.6100,205.7500,700.0000,205.6590,7
2026-07-30 20:01:35,BE,205.8500,206.0400,205.8500,205.9800,928.0000,205.9050,9
2026-07-30 20:01:40,BE,205.9500,206.0400,205.9400,205.9600,610.0000,205.9840,5
2026-07-30 20:01:45,BE,206.0600,206.2700,205.7600,205.8000,2836.0000,205.9250,27
2026-07-30 20:01:50,BE,205.5800,205.7900,205.5800,205.7800,1416.0000,205.7640,12
2026-07-30 20:01:55,BE,205.8200,205.8200,205.8100,205.8200,125.0000,205.8150,1
2026-07-30 20:02:00,BE,205.8200,205.9200,205.8100,205.8100,400.0000,205.8400,4
2026-07-30 20:02:05,BE,205.9300,205.9300,205.8100,205.8100,1200.0000,205.9090,3
2026-07-30 20:02:10,BE,205.6700,205.7900,205.6500,205.6600,977.0000,205.6770,9
2026-07-30 20:02:15,BE,205.7900,205.7900,205.7700,205.7800,500.0000,205.7810,3
2026-07-30 20:02:20,BE,205.7800,205.8800,205.6600,205.7800,3457.0000,205.8510,8
2026-07-30 20:02:25,BE,205.8800,205.8900,205.6500,205.7100,6580.0000,205.7750,31
2026-07-30 20:02:30,BE,205.7400,205.7400,205.4900,205.4900,5757.0000,205.6820,26
2026-07-30 20:02:35,BE,205.5100,205.5500,205.4000,205.4800,3136.0000,205.4870,25
2026-07-30 20:02:40,BE,205.3300,205.3900,205.2500,205.3600,2242.0000,205.3000,13
2026-07-30 20:02:45,BE,205.3600,205.3600,205.0000,205.0300,3056.0000,205.1700,23
2026-07-30 20:02:50,BE,204.9400,204.9400,204.9400,204.9400,100.0000,204.9400,1
2026-07-30 20:02:55,BE,204.9400,204.9400,204.8200,204.8600,1760.0000,204.8530,11
2026-07-30 20:03:00,BE,204.9300,204.9400,204.8000,204.8000,1726.0000,204.8570,13
2026-07-30 20:03:05,BE,204.6700,204.6700,204.5000,204.5000,1762.0000,204.5760,14
2026-07-30 20:03:10,BE,204.5400,204.5500,204.4600,204.4700,925.0000,204.5180,7
2026-07-30 20:03:15,BE,204.3800,204.4700,204.3800,204.4600,600.0000,204.4370,6
2026-07-30 20:03:20,BE,204.5300,204.7100,204.4500,204.7100,3173.0000,204.5350,22
2026-07-30 20:03:25,BE,204.5500,204.8600,204.5400,204.7700,1360.0000,204.7270,11
2026-07-30 20:03:30,BE,204.6700,204.8500,204.6600,204.6600,801.0000,204.6860,5
2026-07-30 20:03:35,BE,204.7000,204.7100,204.7000,204.7000,489.0000,204.7040,1
2026-07-30 20:03:40,BE,204.6700,204.6700,204.6000,204.6000,344.0000,204.6190,2
2026-07-30 20:03:45,BE,204.6100,204.6200,204.4800,204.6200,600.0000,204.5900,5
2026-07-30 20:03:50,BE,204.6300,204.6300,204.5800,204.5800,300.0000,204.6130,3
2026-07-30 20:03:55,BE,204.5800,204.5800,204.5200,204.5800,472.0000,204.5550,4
2026-07-30 20:04:00,BE,204.6400,205.0000,204.6400,204.8600,2384.0000,204.8000,20
2026-07-30 20:04:05,BE,204.8600,205.0600,204.8600,204.9900,615.0000,204.9780,6
2026-07-30 20:04:10,BE,204.9900,205.0000,204.9800,205.0000,996.0000,204.9900,4
2026-07-30 20:04:15,BE,204.9900,204.9900,204.9300,204.9300,208.0000,204.9570,2
2026-07-30 20:04:20,BE,204.9900,204.9900,204.9100,204.9400,492.0000,204.9350,4
2026-07-30 20:04:25,BE,204.8900,204.9300,204.8900,204.9200,500.0000,204.9160,5
2026-07-30 20:04:30,BE,204.8700,204.8700,204.8700,204.8700,600.0000,204.8700,6
2026-07-30 20:04:35,BE,204.8100,205.0700,204.8000,205.0700,1525.0000,204.9640,15
2026-07-30 20:04:40,BE,205.1900,205.1900,205.1800,205.1900,175.0000,205.1900,1
2026-07-30 20:04:45,BE,205.0700,205.0700,205.0700,205.0700,240.0000,205.0700,2
2026-07-30 20:04:50,BE,205.0700,205.1100,204.9800,204.9900,900.0000,205.0320,4
2026-07-30 20:04:55,BE,205.1000,205.3100,205.0300,205.3100,1466.0000,205.1830,11
2026-07-30 20:05:00,BE,205.4200,205.6600,205.4100,205.6600,1614.0000,205.5230,11
2026-07-30 20:05:05,BE,205.6500,205.6800,205.3400,205.4600,3243.0000,205.5310,29
2026-07-30 20:05:10,BE,205.3100,205.3100,205.1900,205.1900,725.0000,205.2480,6
2026-07-30 20:05:15,BE,205.1900,205.2600,205.1900,205.2500,744.0000,205.2360,6
2026-07-30 20:05:20,BE,205.3800,205.3800,205.3700,205.3800,100.0000,205.3750,1
2026-07-30 20:05:25,BE,205.3000,205.3000,205.0900,205.1000,840.0000,205.1600,7
2026-07-30 20:05:30,BE,205.0700,205.1300,205.0700,205.1300,300.0000,205.0920,3
2026-07-30 20:05:35,BE,205.1500,205.1500,205.1200,205.1300,400.0000,205.1310,3
2026-07-30 20:05:40,BE,205.1200,205.1400,205.1200,205.1400,406.0000,205.1260,4
2026-07-30 20:05:45,BE,205.1400,205.1600,205.0600,205.1400,927.0000,205.1150,9
2026-07-30 20:05:50,BE,205.0300,205.0800,204.9000,204.9000,2010.0000,204.9750,8
2026-07-30 20:05:55,BE,204.9900,205.0900,204.9900,205.0100,1290.0000,205.0150,8
2026-07-30 20:06:00,BE,205.0900,205.2500,205.0700,205.1600,3373.0000,205.1680,15
2026-07-30 20:06:05,BE,205.1100,205.2500,205.1100,205.2100,554.0000,205.1740,4
2026-07-30 20:06:10,BE,205.2600,205.2600,205.1700,205.1700,200.0000,205.2130,2
2026-07-30 20:06:15,BE,205.2600,205.2600,205.1600,205.1600,776.0000,205.1920,4
2026-07-30 20:06:20,BE,205.2700,205.4200,205.2700,205.4200,1108.0000,205.3680,10
2026-07-30 20:06:25,BE,205.4400,205.4400,205.4400,205.4400,1000.0000,205.4400,1
2026-07-30 20:06:30,BE,205.4200,205.4700,205.3900,205.4100,3007.0000,205.4090,12
2026-07-30 20:06:35,BE,205.4500,205.5700,205.4500,205.5700,1317.0000,205.5210,13
2026-07-30 20:06:40,BE,205.5700,205.5700,205.3900,205.3900,1674.0000,205.4660,15
2026-07-30 20:06:45,BE,205.3200,205.3900,205.2000,205.2800,3374.0000,205.3580,9
2026-07-30 20:06:50,BE,205.1900,205.1900,205.1200,205.1200,3652.0000,205.1390,30
2026-07-30 20:06:55,BE,205.1100,205.1500,205.1000,205.1200,1503.0000,205.1050,11
2026-07-30 20:07:00,BE,205.1200,205.4000,205.1200,205.3900,1309.0000,205.2530,13
2026-07-30 20:07:05,BE,205.4800,205.4900,205.2000,205.2000,500.0000,205.4250,2
2026-07-30 20:07:10,BE,205.2000,205.5300,205.2000,205.3800,2284.0000,205.4670,11
2026-07-30 20:07:15,BE,205.4100,205.4800,205.3300,205.4600,600.0000,205.4160,6
2026-07-30 20:07:20,BE,205.4300,205.6200,205.4100,205.6000,1642.0000,205.5560,16
2026-07-30 20:07:25,BE,205.5100,205.5500,205.4300,205.4300,600.0000,205.4690,3
2026-07-30 20:07:30,BE,205.5500,205.5500,205.0900,205.0900,1951.0000,205.4250,10
2026-07-30 20:07:35,BE,205.0800,205.0800,204.9500,204.9500,2070.0000,205.0170,17
2026-07-30 20:07:40,BE,204.9500,205.2100,204.9400,205.1900,5220.0000,205.0930,38
2026-07-30 20:07:45,BE,205.1900,205.1900,205.1900,205.1900,100.0000,205.1900,1
2026-07-30 20:07:50,BE,205.1900,205.6000,205.1900,205.5400,1294.0000,205.4290,11
2026-07-30 20:07:55,BE,205.6200,205.6200,205.6200,205.6200,100.0000,205.6200,1
2026-07-30 20:08:00,BE,205.7900,205.7900,205.6300,205.6300,1684.0000,205.7420,6
2026-07-30 20:08:05,BE,205.6300,205.6300,205.6300,205.6300,0.0000,205.6300,0
2026-07-30 20:08:10,BE,205.7300,205.9700,205.6400,205.8400,2211.0000,205.7960,18
2026-07-30 20:08:15,BE,205.9700,205.9700,205.8400,205.9700,500.0000,205.8920,3
2026-07-30 20:08:20,BE,205.8300,205.9400,205.7100,205.7200,1754.0000,205.7480,7
2026-07-30 20:08:25,BE,205.7300,205.8200,205.7300,205.8200,400.0000,205.7980,4
2026-07-30 20:08:30,BE,205.8200,205.8200,205.7200,205.7200,850.0000,205.7600,7
2026-07-30 20:08:35,BE,205.8200,205.8200,205.8100,205.8200,200.0000,205.8150,2
2026-07-30 20:08:40,BE,205.9000,205.9200,205.8200,205.8800,1000.0000,205.8730,9
2026-07-30 20:08:45,BE,205.9400,205.9400,205.8500,205.8500,1378.0000,205.9240,6
2026-07-30 20:08:50,BE,205.8500,205.8500,205.8500,205.8500,100.0000,205.8500,1
2026-07-30 20:08:55,BE,205.8500,205.9500,205.6600,205.6600,2623.0000,205.8240,24
2026-07-30 20:09:00,BE,205.6500,205.7800,205.6400,205.7800,1447.0000,205.6790,11
2026-07-30 20:09:05,BE,205.6400,205.6400,205.4400,205.4400,1220.0000,205.5780,12
2026-07-30 20:09:10,BE,205.4300,205.6900,205.4300,205.6900,1500.0000,205.5810,14
2026-07-30 20:09:15,BE,205.6900,205.8400,205.6900,205.8400,2813.0000,205.7940,19
2026-07-30 20:09:20,BE,205.9200,205.9500,205.6800,205.8400,868.0000,205.8520,7
2026-07-30 20:09:25,BE,205.8400,205.8400,205.8300,205.8300,500.0000,205.8310,4
2026-07-30 20:09:30,BE,205.9200,205.9200,205.6800,205.6800,600.0000,205.7760,5
2026-07-30 20:09:35,BE,205.7500,205.7500,205.6700,205.6700,900.0000,205.7000,7
2026-07-30 20:09:40,BE,205.7600,205.7600,205.6800,205.7500,900.0000,205.7440,8
2026-07-30 20:09:45,BE,205.7600,205.9900,205.7500,205.9200,3685.0000,205.8370,33
2026-07-30 20:09:50,BE,205.9200,206.1000,205.8700,206.0300,8071.0000,206.0020,25
2026-07-30 20:09:55,BE,206.1100,206.1500,206.0700,206.1500,984.0000,206.1080,7
2026-07-30 20:10:00,BE,206.1500,206.3500,206.1500,206.2900,2209.0000,206.2530,15
2026-07-30 20:10:05,BE,206.3600,206.5200,206.3200,206.5000,4748.0000,206.4550,25
2026-07-30 20:10:10,BE,206.5000,206.5700,206.5000,206.5400,1745.0000,206.5270,8
2026-07-30 20:10:15,BE,206.5200,206.5200,206.4600,206.4900,1046.0000,206.4710,7
2026-07-30 20:10:20,BE,206.4100,206.4200,206.2900,206.4200,4300.0000,206.3970,19
2026-07-30 20:10:25,BE,206.5000,206.5100,206.4200,206.4200,544.0000,206.4510,4
2026-07-30 20:10:30,BE,206.3500,206.4400,206.3000,206.4400,1408.0000,206.3830,11
2026-07-30 20:10:35,BE,206.4200,206.4200,206.2900,206.4200,300.0000,206.3730,3
2026-07-30 20:10:40,BE,206.2900,206.2900,206.1500,206.1900,2254.0000,206.2230,21
2026-07-30 20:10:45,BE,206.0800,206.3500,206.0800,206.2000,1001.0000,206.1770,7
2026-07-30 20:10:50,BE,206.1900,206.2600,206.1900,206.2500,300.0000,206.2110,2
2026-07-30 20:10:55,BE,206.2000,206.2200,206.0400,206.1900,782.0000,206.1030,4
2026-07-30 20:11:00,BE,206.2700,206.2700,206.0900,206.1200,1168.0000,206.2090,5
2026-07-30 20:11:05,BE,206.1200,206.1200,206.0000,206.0300,1455.0000,206.0400,13
2026-07-30 20:11:10,BE,206.0300,206.0400,206.0300,206.0300,800.0000,206.0310,8
2026-07-30 20:11:15,BE,206.0600,206.0700,205.9500,205.9500,1745.0000,206.0150,12
2026-07-30 20:11:20,BE,206.0800,206.1000,206.0100,206.1000,1600.0000,206.0450,11
2026-07-30 20:11:25,BE,206.0700,206.1800,206.0600,206.1800,538.0000,206.0970,5
2026-07-30 20:11:30,BE,206.1100,206.1100,206.0600,206.0700,518.0000,206.0740,2
2026-07-30 20:11:35,BE,206.0600,206.0600,206.0600,206.0600,300.0000,206.0600,3
2026-07-30 20:11:40,BE,206.0600,206.0600,206.0600,206.0600,1084.0000,206.0600,6
2026-07-30 20:11:45,BE,206.0900,206.0900,205.8300,205.8900,2840.0000,205.9500,27
2026-07-30 20:11:50,BE,205.8700,206.1700,205.8400,206.1600,3926.0000,205.9790,29
2026-07-30 20:11:55,BE,206.1600,206.3800,206.1600,206.3100,3988.0000,206.2480,33
2026-07-30 20:12:00,BE,206.3100,206.3100,206.1900,206.1900,512.0000,206.2710,5
2026-07-30 20:12:05,BE,206.2100,206.2500,205.6500,205.9300,4191.0000,205.9800,35
2026-07-30 20:12:10,BE,205.9800,206.1400,205.9000,206.0100,1489.0000,205.9990,12
2026-07-30 20:12:15,BE,206.0900,206.1000,205.9500,206.0900,2108.0000,206.0270,19
2026-07-30 20:12:20,BE,206.1400,206.3500,206.0900,206.1100,3306.0000,206.2140,26
2026-07-30 20:12:25,BE,206.0900,206.0900,205.8100,205.8200,1200.0000,205.9650,11
2026-07-30 20:12:30,BE,205.9800,206.1800,205.9700,205.9700,991.0000,205.9940,8
2026-07-30 20:12:35,BE,205.9700,205.9700,205.9700,205.9700,200.0000,205.9700,2
2026-07-30 20:12:40,BE,206.1700,206.1700,205.9000,206.0000,300.0000,206.0230,3
2026-07-30 20:12:45,BE,205.9100,205.9200,205.8800,205.8800,500.0000,205.8960,5
2026-07-30 20:12:50,BE,205.8900,206.0600,205.8700,205.8900,3090.0000,205.9640,23
2026-07-30 20:12:55,BE,205.9000,205.9000,205.8900,205.9000,300.0000,205.8970,3
2026-07-30 20:13:00,BE,205.8900,206.0000,205.8800,206.0000,215.0000,205.9470,2
2026-07-30 20:13:05,BE,205.8800,205.9200,205.8800,205.8800,500.0000,205.8960,4
2026-07-30 20:13:10,BE,205.8000,205.9700,205.7500,205.8300,3750.0000,205.7920,22
2026-07-30 20:13:15,BE,205.8400,205.8900,205.7400,205.8900,1800.0000,205.7930,8
2026-07-30 20:13:20,BE,205.8100,206.0800,205.8100,206.0800,1988.0000,205.9240,15
2026-07-30 20:13:25,BE,206.0400,206.0400,206.0400,206.0400,100.0000,206.0400,1
2026-07-30 20:13:30,BE,206.0500,206.0500,205.9400,205.9500,1585.0000,206.0240,10
2026-07-30 20:13:35,BE,206.0500,206.0500,205.8200,205.8200,1800.0000,205.9500,14
2026-07-30 20:13:40,BE,205.9500,205.9800,205.9500,205.9800,400.0000,205.9580,3
2026-07-30 20:13:45,BE,206.0800,206.0800,205.8400,205.9600,1300.0000,205.8830,4
2026-07-30 20:13:50,BE,205.9500,206.0400,205.9400,205.9500,1300.0000,205.9560,13
2026-07-30 20:13:55,BE,206.0500,206.1000,205.9500,206.0600,1206.0000,206.0530,12
2026-07-30 20:14:00,BE,205.9500,205.9500,205.8200,205.9300,1500.0000,205.8890,14
2026-07-30 20:14:05,BE,206.0000,206.0100,205.9300,205.9300,333.0000,205.9600,3
2026-07-30 20:14:10,BE,205.9100,206.0000,205.8200,205.9900,1271.0000,205.9600,11
2026-07-30 20:14:15,BE,205.9900,206.0100,205.9900,205.9900,1000.0000,205.9920,9
2026-07-30 20:14:20,BE,205.9900,206.0300,205.9800,206.0300,1565.0000,206.0190,5
2026-07-30 20:14:25,BE,206.0300,206.0300,206.0200,206.0300,0.0000,206.0300,0
2026-07-30 20:14:30,BE,206.0300,206.0300,206.0200,206.0300,345.0000,206.0290,3
2026-07-30 20:14:35,BE,206.0300,206.0300,206.0300,206.0300,200.0000,206.0300,1
2026-07-30 20:14:40,BE,206.0300,206.1500,206.0300,206.1000,830.0000,206.1190,7
2026-07-30 20:14:45,BE,206.1200,206.4100,206.0400,206.2600,6851.0000,206.2850,44
2026-07-30 20:14:50,BE,206.4000,206.4000,206.2000,206.2100,3243.0000,206.3200,30
2026-07-30 20:14:55,BE,206.2100,206.2100,206.1800,206.1800,200.0000,206.1930,2
2026-07-30 20:15:00,BE,206.0400,206.1400,205.9700,205.9700,500.0000,206.0860,4
2026-07-30 20:15:05,BE,206.3100,206.5700,206.2900,206.3000,4861.0000,206.3740,22
2026-07-30 20:15:10,BE,206.4900,206.4900,206.1100,206.3000,1550.0000,206.3020,8
2026-07-30 20:15:15,BE,206.3900,206.5700,206.3800,206.5600,15130.0000,206.5240,30
2026-07-30 20:15:20,BE,206.2800,206.3800,206.1300,206.1300,1974.0000,206.2600,19
2026-07-30 20:15:25,BE,206.2300,206.2500,206.1700,206.2100,2049.0000,206.2290,8
2026-07-30 20:15:30,BE,206.2500,206.4100,206.2300,206.4100,4825.0000,206.2790,29
2026-07-30 20:15:35,BE,206.3700,206.4800,206.3000,206.4800,1030.0000,206.3640,7
2026-07-30 20:15:40,BE,206.5100,206.7500,206.5100,206.6100,2829.0000,206.6100,19
2026-07-30 20:15:45,BE,206.5500,206.5600,206.5500,206.5600,300.0000,206.5530,2
2026-07-30 20:15:50,BE,206.7000,206.7000,206.6900,206.7000,300.0000,206.7000,2
2026-07-30 20:15:55,BE,206.5200,206.5600,206.3900,206.5200,3055.0000,206.4470,26
2026-07-30 20:16:00,BE,206.6600,206.6600,206.3900,206.3900,400.0000,206.4570,4
2026-07-30 20:16:05,BE,206.3800,206.5400,206.1800,206.2200,3666.0000,206.2880,31
2026-07-30 20:16:10,BE,206.1300,206.2100,206.1200,206.2100,1100.0000,206.1830,8
2026-07-30 20:16:15,BE,206.2100,206.3500,206.2000,206.3500,4157.0000,206.2910,26
2026-07-30 20:16:20,BE,206.3400,206.3900,206.2600,206.3900,652.0000,206.3620,6
2026-07-30 20:16:25,BE,206.3100,206.3200,206.3100,206.3100,100.0000,206.3150,1
2026-07-30 20:16:30,BE,206.5200,206.6600,206.5100,206.6500,1534.0000,206.5480,11
2026-07-30 20:16:35,BE,206.6500,206.6600,206.6500,206.6500,0.0000,206.6500,0
2026-07-30 20:16:40,BE,206.6800,206.6800,206.6500,206.6500,636.0000,206.6750,3
2026-07-30 20:16:45,BE,206.6800,206.6800,206.6000,206.6700,3557.0000,206.6360,34
2026-07-30 20:16:50,BE,206.6000,206.6300,206.5300,206.6300,2000.0000,206.5850,14
2026-07-30 20:16:55,BE,206.7000,206.7500,206.6400,206.6900,5207.0000,206.7270,19
2026-07-30 20:17:00,BE,206.6900,206.9500,206.6900,206.9500,1790.0000,206.7760,13
2026-07-30 20:17:05,BE,206.8900,207.0100,206.8300,206.9500,3156.0000,206.9330,18
2026-07-30 20:17:10,BE,207.0100,207.0400,206.9200,206.9200,712.0000,206.9800,5
2026-07-30 20:17:15,BE,206.9500,206.9800,206.8600,206.9700,2500.0000,206.9610,6
2026-07-30 20:17:20,BE,206.9300,207.0800,206.9300,207.0400,1879.0000,207.0190,12
2026-07-30 20:17:25,BE,207.1300,207.2300,207.1100,207.1300,3272.0000,207.1590,26
2026-07-30 20:17:30,BE,207.0800,207.1900,207.0700,207.1900,2784.0000,207.1420,8
2026-07-30 20:17:35,BE,207.0700,207.1200,206.9400,207.0700,2175.0000,207.0780,18
2026-07-30 20:17:40,BE,206.9400,207.0700,206.9400,207.0700,200.0000,207.0030,2
2026-07-30 20:17:45,BE,207.0700,207.0700,207.0600,207.0700,0.0000,207.0700,0
2026-07-30 20:17:50,BE,207.0700,207.0700,206.8200,206.8200,4262.0000,206.9540,30
2026-07-30 20:17:55,BE,206.9500,206.9500,206.7900,206.7900,1958.0000,206.8810,10
2026-07-30 20:18:00,BE,206.8000,206.8000,206.7400,206.7500,1100.0000,206.7640,8
2026-07-30 20:18:05,BE,206.7000,206.8300,206.7000,206.8300,1697.0000,206.7890,13
2026-07-30 20:18:10,BE,206.8900,206.8900,206.8200,206.8900,1775.0000,206.8840,9
2026-07-30 20:18:15,BE,206.9700,206.9900,206.9300,206.9400,900.0000,206.9640,8
2026-07-30 20:18:20,BE,206.9600,206.9600,206.9500,206.9600,100.0000,206.9550,1
2026-07-30 20:18:25,BE,206.9600,206.9600,206.8300,206.9600,2277.0000,206.9370,14
2026-07-30 20:18:30,BE,206.9300,206.9600,206.9300,206.9600,232.0000,206.9470,2
2026-07-30 20:18:35,BE,206.9300,206.9300,206.8900,206.9000,523.0000,206.9060,5
2026-07-30 20:18:40,BE,206.8600,207.0100,206.8500,207.0000,2105.0000,206.8960,8
2026-07-30 20:18:45,BE,207.0000,207.1200,206.9600,206.9600,3590.0000,207.0500,24
2026-07-30 20:18:50,BE,207.1100,207.1500,207.0300,207.0400,1572.0000,207.0780,12
2026-07-30 20:18:55,BE,207.0200,207.0500,206.8300,206.9000,4496.0000,206.9680,38
2026-07-30 20:19:00,BE,206.8600,206.9100,206.7300,206.8900,3050.0000,206.8530,22
2026-07-30 20:19:05,BE,206.8900,206.8900,206.8900,206.8900,100.0000,206.8900,1
2026-07-30 20:19:10,BE,206.9700,206.9700,206.2400,206.3900,1643.0000,206.5400,12
2026-07-30 20:19:15,BE,206.3900,206.5400,206.2900,206.5400,1200.0000,206.4750,10
2026-07-30 20:19:20,BE,206.7300,206.7300,206.5000,206.5000,1200.0000,206.5450,11
2026-07-30 20:19:25,BE,206.7000,206.7000,206.6900,206.7000,250.0000,206.7000,1
2026-07-30 20:19:30,BE,206.5300,206.5700,206.3800,206.5000,3815.0000,206.4510,6
2026-07-30 20:19:35,BE,206.6800,206.7900,206.6000,206.7100,2894.0000,206.6670,17
2026-07-30 20:19:40,BE,206.7200,206.8400,206.6100,206.8400,850.0000,206.7420,6
2026-07-30 20:19:45,BE,206.8800,206.8800,206.7800,206.8700,2600.0000,206.8300,22
2026-07-30 20:19:50,BE,206.8400,207.0200,206.8300,206.9500,3845.0000,206.9330,27
2026-07-30 20:19:55,BE,206.9500,206.9600,206.9000,206.9600,614.0000,206.9420,5
2026-07-30 20:20:00,BE,206.8900,206.9600,206.8600,206.9200,1205.0000,206.9010,11
2026-07-30 20:20:05,BE,206.9000,206.9000,206.8800,206.8800,425.0000,206.8900,4
2026-07-30 20:20:10,BE,206.9400,207.0000,206.9000,206.9500,1750.0000,206.9500,12
2026-07-30 20:20:15,BE,206.9700,206.9700,206.9400,206.9400,200.0000,206.9530,2
2026-07-30 20:20:20,BE,206.9400,206.9500,206.8900,206.9300,2558.0000,206.9170,21
2026-07-30 20:20:25,BE,206.9700,206.9800,206.9500,206.9700,1687.0000,206.9700,13
2026-07-30 20:20:30,BE,207.0400,207.6800,206.9300,207.6300,8005.0000,207.1420,49
2026-07-30 20:20:35,BE,207.6100,207.8700,207.4900,207.4900,8305.0000,207.6510,62
2026-07-30 20:20:40,BE,207.5800,207.7700,207.5000,207.7300,3384.0000,207.6480,15
2026-07-30 20:20:45,BE,207.6300,207.7200,207.5100,207.5500,2033.0000,207.6040,10
2026-07-30 20:20:50,BE,207.7200,207.7400,207.6200,207.6400,2431.0000,207.6960,14
2026-07-30 20:20:55,BE,207.6600,207.7700,207.5500,207.6500,7749.0000,207.7260,9
2026-07-30 20:21:00,BE,207.6500,207.7600,207.5500,207.6500,2769.0000,207.6450,12
2026-07-30 20:21:05,BE,207.6400,207.6500,207.1300,207.2500,8280.0000,207.5130,55
2026-07-30 20:21:10,BE,207.2500,207.2500,207.1300,207.1300,1208.0000,207.1660,12
2026-07-30 20:21:15,BE,207.0600,207.1200,206.9700,207.0000,1740.0000,207.0570,17
2026-07-30 20:21:20,BE,207.1200,207.3700,207.0700,207.2900,2856.0000,207.1850,22
2026-07-30 20:21:25,BE,207.2900,207.2900,207.2900,207.2900,0.0000,207.2900,0
2026-07-30 20:21:30,BE,207.3600,207.6500,207.2700,207.2700,6154.0000,207.2900,11
2026-07-30 20:21:35,BE,207.2200,207.3000,207.2100,207.3000,1149.0000,207.2860,2
2026-07-30 20:21:40,BE,207.3200,207.6600,207.2200,207.4600,5642.0000,207.4290,29
2026-07-30 20:21:45,BE,207.3100,207.3500,207.3000,207.3100,531.0000,207.3320,3
2026-07-30 20:21:50,BE,207.3300,207.3300,207.3200,207.3300,255.0000,207.3300,1
2026-07-30 20:21:55,BE,207.2500,207.2800,207.1500,207.2800,2697.0000,207.1910,24
2026-07-30 20:22:00,BE,207.3200,207.3200,207.1100,207.2200,617.0000,207.2100,6
2026-07-30 20:22:05,BE,207.2100,207.2100,206.9700,207.0000,3956.0000,207.1150,28
2026-07-30 20:22:10,BE,206.9800,207.0600,206.9800,207.0600,500.0000,207.0400,5
2026-07-30 20:22:15,BE,207.1200,207.1400,206.9600,207.0200,2475.0000,207.0160,17
2026-07-30 20:22:20,BE,207.0800,207.1200,207.0200,207.0300,1600.0000,207.0830,16
2026-07-30 20:22:25,BE,206.9100,207.0200,206.9100,206.9800,1017.0000,206.9870,8
2026-07-30 20:22:30,BE,207.0400,207.1200,206.7400,206.7400,5077.0000,206.9450,33
2026-07-30 20:22:35,BE,206.7200,206.7200,206.6200,206.6700,1050.0000,206.6670,4
2026-07-30 20:22:40,BE,206.6000,206.6800,206.2700,206.4800,2281.0000,206.4750,16
2026-07-30 20:22:45,BE,206.5600,206.6100,206.4800,206.4800,600.0000,206.5630,4
2026-07-30 20:22:50,BE,206.4800,206.5000,206.4800,206.4800,450.0000,206.4910,3
2026-07-30 20:22:55,BE,206.5800,206.6100,206.5800,206.5800,792.0000,206.5900,4
2026-07-30 20:23:00,BE,206.5800,206.6600,206.5600,206.5700,1150.0000,206.6140,9
2026-07-30 20:23:05,BE,206.5700,206.6800,206.2900,206.4500,5000.0000,206.5480,35
2026-07-30 20:23:10,BE,206.3000,206.3800,206.2900,206.3000,2379.0000,206.3020,13
2026-07-30 20:23:15,BE,206.3300,206.4100,206.1800,206.3300,2375.0000,206.2510,8
2026-07-30 20:23:20,BE,206.3100,206.8500,206.2900,206.8200,5295.0000,206.6270,37
2026-07-30 20:23:25,BE,206.8300,206.8300,206.7100,206.7200,234.0000,206.7650,2
2026-07-30 20:23:30,BE,206.7200,206.7200,206.7100,206.7200,0.0000,206.7200,0
2026-07-30 20:23:35,BE,206.8400,206.8600,206.8400,206.8600,700.0000,206.8480,5
2026-07-30 20:23:40,BE,206.8600,206.8600,206.8500,206.8600,200.0000,206.8550,2
2026-07-30 20:23:45,BE,206.9800,206.9800,206.8200,206.8600,4800.0000,206.9570,6
2026-07-30 20:23:50,BE,206.9000,206.9000,206.9000,206.9000,100.0000,206.9000,1
2026-07-30 20:23:55,BE,206.9000,206.9000,206.9000,206.9000,0.0000,206.9000,0
2026-07-30 20:24:00,BE,206.7800,206.8400,206.6500,206.6900,3900.0000,206.7120,32
2026-07-30 20:24:05,BE,206.6800,206.7100,206.6700,206.7100,800.0000,206.6930,6
2026-07-30 20:24:10,BE,206.7100,206.7100,206.7100,206.7100,100.0000,206.7100,1
2026-07-30 20:24:15,BE,206.7900,206.8300,206.7900,206.8100,1850.0000,206.8170,17
2026-07-30 20:24:20,BE,206.7600,206.8200,206.7500,206.8200,587.0000,206.7650,3
2026-07-30 20:24:25,BE,206.7500,206.7900,206.6700,206.6700,1008.0000,206.7540,5
2026-07-30 20:24:30,BE,206.6900,206.6900,206.6800,206.6900,200.0000,206.6850,2
2026-07-30 20:24:35,BE,206.6900,206.6900,206.5900,206.6000,1100.0000,206.6510,10
2026-07-30 20:24:40,BE,206.5500,206.5600,206.5200,206.5500,850.0000,206.5400,7
2026-07-30 20:24:45,BE,206.5500,206.5500,206.5500,206.5500,100.0000,206.5500,1
2026-07-30 20:24:50,BE,206.5500,206.6400,206.5100,206.5700,3111.0000,206.5810,20
2026-07-30 20:24:55,BE,206.5700,206.6300,206.5100,206.5700,2655.0000,206.5820,19
2026-07-30 20:25:00,BE,206.6400,206.6600,206.6400,206.6600,300.0000,206.6530,2
2026-07-30 20:25:05,BE,206.6600,206.6700,206.6600,206.6600,100.0000,206.6610,1
2026-07-30 20:25:10,BE,206.7300,206.7300,206.3900,206.4400,4862.0000,206.5800,42
2026-07-30 20:25:15,BE,206.4800,206.4800,206.3700,206.4500,1781.0000,206.3960,15
2026-07-30 20:25:20,BE,206.3800,206.3800,206.0900,206.2400,3010.0000,206.2960,24
2026-07-30 20:25:25,BE,206.3100,206.3100,205.8200,205.8200,1741.0000,206.0950,12
2026-07-30 20:25:30,BE,206.0300,206.1600,205.9900,206.0000,1003.0000,206.0320,7
2026-07-30 20:25:35,BE,205.9000,206.0100,205.8300,206.0100,4400.0000,205.8480,5
2026-07-30 20:25:40,BE,206.0100,206.0100,205.9900,206.0000,2470.0000,205.9950,5
2026-07-30 20:25:45,BE,205.9900,205.9900,205.9800,205.9900,100.0000,205.9850,1
2026-07-30 20:25:50,BE,205.9900,205.9900,205.8800,205.8800,600.0000,205.9630,3
2026-07-30 20:25:55,BE,205.9600,205.9700,205.9600,205.9600,700.0000,205.9620,5
2026-07-30 20:26:00,BE,205.8600,205.9600,205.7900,205.7900,7346.0000,205.9280,19
2026-07-30 20:26:05,BE,205.7900,205.8500,205.7300,205.8200,4569.0000,205.7580,12
2026-07-30 20:26:10,BE,205.8200,205.9700,205.7300,205.9700,1740.0000,205.8660,17
2026-07-30 20:26:15,BE,205.6900,205.6900,205.6900,205.6900,100.0000,205.6900,1
2026-07-30 20:26:20,BE,205.6900,205.7500,205.6400,205.7500,990.0000,205.7000,6
2026-07-30 20:26:25,BE,205.6000,205.7900,205.6000,205.6800,400.0000,205.6870,4
2026-07-30 20:26:30,BE,205.6000,205.6600,205.6000,205.6600,700.0000,205.6390,7
2026-07-30 20:26:35,BE,205.6100,205.7000,205.1200,205.1200,3819.0000,205.5310,25
2026-07-30 20:26:40,BE,205.1200,205.3900,205.1200,205.3200,1300.0000,205.2450,6
2026-07-30 20:26:45,BE,205.2100,205.3100,205.2100,205.3100,200.0000,205.2600,2
2026-07-30 20:26:50,BE,205.4100,205.4100,205.3000,205.3000,400.0000,205.3340,4
2026-07-30 20:26:55,BE,205.3000,205.3900,205.3000,205.3100,500.0000,205.3400,3
2026-07-30 20:27:00,BE,205.3000,205.3800,205.2100,205.2900,800.0000,205.3090,7
2026-07-30 20:27:05,BE,205.2100,205.2200,205.1100,205.1200,1417.0000,205.1690,12
2026-07-30 20:27:10,BE,205.1800,205.1900,205.0500,205.0500,3626.0000,205.1150,11
2026-07-30 20:27:15,BE,205.0600,205.0600,205.0400,205.0400,1300.0000,205.0500,5
2026-07-30 20:27:20,BE,205.0200,205.1200,205.0200,205.0700,1653.0000,205.0930,13
2026-07-30 20:27:25,BE,205.0900,205.2600,205.0900,205.1800,1829.0000,205.1710,14
2026-07-30 20:27:30,BE,205.2400,205.2400,205.2300,205.2300,415.0000,205.2340,4
2026-07-30 20:27:35,BE,205.2100,205.3500,205.2100,205.2800,300.0000,205.2800,3
2026-07-30 20:27:40,BE,205.2800,205.2800,205.2800,205.2800,400.0000,205.2800,4
2026-07-30 20:27:45,BE,205.3400,205.3400,205.3400,205.3400,110.0000,205.3400,1
2026-07-30 20:27:50,BE,205.2800,205.2800,205.2000,205.2000,1019.0000,205.2320,9
2026-07-30 20:27:55,BE,205.1700,205.1700,205.0800,205.0900,2518.0000,205.1150,18
2026-07-30 20:28:00,BE,205.0700,205.1000,205.0600,205.0600,1344.0000,205.0920,5
2026-07-30 20:28:05,BE,205.0500,205.0500,204.9400,204.9900,4069.0000,205.0020,30
2026-07-30 20:28:10,BE,204.8800,204.9800,204.8800,204.9600,1925.0000,204.9550,14
2026-07-30 20:28:15,BE,204.9600,204.9600,204.9600,204.9600,0.0000,204.9600,0
2026-07-30 20:28:20,BE,204.9800,204.9800,204.9500,204.9800,669.0000,204.9700,5
2026-07-30 20:28:25,BE,204.9200,204.9200,204.8000,204.8500,2311.0000,204.8670,16
2026-07-30 20:28:30,BE,204.8500,204.8500,204.7000,204.7000,1599.0000,204.7670,12
2026-07-30 20:28:35,BE,204.6900,204.8900,204.6900,204.8100,3305.0000,204.7720,17
2026-07-30 20:28:40,BE,204.8800,204.9800,204.8300,204.8900,1425.0000,204.8810,12
2026-07-30 20:28:45,BE,204.7500,204.9700,204.7500,204.9700,600.0000,204.8910,6
2026-07-30 20:28:50,BE,204.8300,205.0000,204.8300,204.9500,1361.0000,204.9560,9
2026-07-30 20:28:55,BE,204.9600,204.9600,204.9600,204.9600,325.0000,204.9600,1
2026-07-30 20:29:00,BE,204.9600,204.9600,204.8400,204.8600,1210.0000,204.8850,11
2026-07-30 20:29:05,BE,204.7900,204.8800,204.7900,204.8800,534.0000,204.8630,3
2026-07-30 20:29:10,BE,204.8600,204.8800,204.5900,204.5900,3098.0000,204.8080,18
2026-07-30 20:29:15,BE,204.7000,204.8200,204.6300,204.7400,4200.0000,204.7120,32
2026-07-30 20:29:20,BE,204.7300,204.7300,204.7300,204.7300,200.0000,204.7300,2
2026-07-30 20:29:25,BE,204.7900,204.9200,204.6500,204.9200,1482.0000,204.7880,6
2026-07-30 20:29:30,BE,204.8300,204.8300,204.7200,204.7500,300.0000,204.7650,3
2026-07-30 20:29:35,BE,204.7500,204.7500,204.6500,204.6500,1964.0000,204.7400,17
2026-07-30 20:29:40,BE,204.7300,204.7300,204.7300,204.7300,100.0000,204.7300,1
2026-07-30 20:29:45,BE,204.6500,204.8000,204.6500,204.7200,1030.0000,204.7190,10
2026-07-30 20:29:50,BE,204.7800,204.7800,204.7800,204.7800,100.0000,204.7800,1
2026-07-30 20:29:55,BE,204.7200,204.7200,204.4600,204.4600,2750.0000,204.5600,21
2026-07-30 20:30:00,BE,204.5800,204.7300,204.4500,204.5800,2390.0000,204.5590,13
2026-07-30 20:30:05,BE,204.5800,204.8600,204.5200,204.7400,3918.0000,204.6570,32
2026-07-30 20:30:10,BE,204.6600,204.8600,204.6500,204.8500,1442.0000,204.7940,7
2026-07-30 20:30:15,BE,204.7400,204.7400,204.6300,204.6300,200.0000,204.6850,2
2026-07-30 20:30:20,BE,204.7400,204.7600,204.7400,204.7500,402.0000,204.7430,4
2026-07-30 20:30:25,BE,204.7500,204.7500,204.7400,204.7500,100.0000,204.7450,1
2026-07-30 20:30:30,BE,204.7500,204.7500,204.5000,204.6000,700.0000,204.6410,7
2026-07-30 20:30:35,BE,204.6200,204.7700,204.5100,204.7700,1638.0000,204.6490,9
2026-07-30 20:30:40,BE,204.7700,204.9000,204.7700,204.7800,4283.0000,204.8630,16
2026-07-30 20:30:45,BE,204.7800,204.7800,204.7700,204.7800,0.0000,204.7800,0
2026-07-30 20:30:50,BE,204.8400,204.8900,204.8300,204.8400,600.0000,204.8600,6
2026-07-30 20:30:55,BE,204.9000,204.9200,204.7700,204.9000,3244.0000,204.8480,23
2026-07-30 20:31:00,BE,204.9000,205.0700,204.8900,204.9700,2802.0000,204.9640,22
2026-07-30 20:31:05,BE,205.0600,205.3600,205.0500,205.3200,3004.0000,205.1980,23
2026-07-30 20:31:10,BE,205.3200,205.3200,205.0900,205.0900,1445.0000,205.2230,12
2026-07-30 20:31:15,BE,205.0600,205.1600,205.0000,205.1000,1867.0000,205.0870,11
2026-07-30 20:31:20,BE,205.1000,205.1800,205.0000,205.1800,300.0000,205.0930,3
2026-07-30 20:31:25,BE,205.1100,205.2700,205.0700,205.2700,2771.0000,205.1650,22
2026-07-30 20:31:30,BE,205.1600,205.1600,205.1600,205.1600,100.0000,205.1600,1
2026-07-30 20:31:35,BE,205.1500,205.2600,205.1500,205.2200,933.0000,205.2130,8
2026-07-30 20:31:40,BE,205.3000,205.3000,205.2900,205.3000,500.0000,205.2940,4
2026-07-30 20:31:45,BE,205.2100,205.2400,205.1500,205.2100,1000.0000,205.2030,9
2026-07-30 20:31:50,BE,205.2900,205.3600,205.1900,205.3600,2683.0000,205.2630,10
2026-07-30 20:31:55,BE,205.3800,205.4600,205.3100,205.3800,2367.0000,205.3760,16
2026-07-30 20:32:00,BE,205.3100,205.3500,205.3100,205.3500,700.0000,205.3210,3
2026-07-30 20:32:05,BE,205.3400,205.6400,205.3300,205.4600,3036.0000,205.4500,16
2026-07-30 20:32:10,BE,205.4500,205.4800,205.3800,205.4800,1128.0000,205.4410,11
2026-07-30 20:32:15,BE,205.4300,205.5800,205.4300,205.5800,3190.0000,205.5170,22
2026-07-30 20:32:20,BE,205.5200,205.5300,205.3100,205.3100,4152.0000,205.4770,36
2026-07-30 20:32:25,BE,205.4000,205.4000,205.2800,205.3500,950.0000,205.3200,9
2026-07-30 20:32:30,BE,205.4000,205.4200,205.2200,205.2600,3325.0000,205.3090,31
2026-07-30 20:32:35,BE,205.1900,205.3100,205.1900,205.3100,400.0000,205.2560,4
2026-07-30 20:32:40,BE,205.2500,205.2500,205.1600,205.2200,1716.0000,205.1990,14
2026-07-30 20:32:45,BE,205.1600,205.1600,205.1400,205.1400,323.0000,205.1460,2
2026-07-30 20:32:50,BE,205.2000,205.3000,205.1500,205.3000,3005.0000,205.2250,19
2026-07-30 20:32:55,BE,205.2300,205.3100,205.2300,205.3100,1324.0000,205.2840,10
2026-07-30 20:33:00,BE,205.3200,205.4700,205.3100,205.4300,1900.0000,205.3880,14
2026-07-30 20:33:05,BE,205.4400,205.5400,205.4200,205.4400,1200.0000,205.4590,6
2026-07-30 20:33:10,BE,205.4300,205.4300,205.4200,205.4300,300.0000,205.4270,3
2026-07-30 20:33:15,BE,205.3900,205.4000,205.3100,205.3200,900.0000,205.3380,9
2026-07-30 20:33:20,BE,205.3300,205.3300,205.3300,205.3300,200.0000,205.3300,2
2026-07-30 20:33:25,BE,205.3300,205.6700,205.3200,205.6700,5135.0000,205.4690,40
2026-07-30 20:33:30,BE,205.6500,205.6500,205.6500,205.6500,200.0000,205.6500,2
2026-07-30 20:33:35,BE,205.6000,205.6400,205.4300,205.6400,2226.0000,205.5360,16
2026-07-30 20:33:40,BE,205.7800,205.7800,205.7800,205.7800,1015.0000,205.7800,1
2026-07-30 20:33:45,BE,205.6600,205.6600,205.6500,205.6600,100.0000,205.6550,1
2026-07-30 20:33:50,BE,205.7800,205.7800,205.7700,205.7800,200.0000,205.7800,1
2026-07-30 20:33:55,BE,205.6600,205.8600,205.6500,205.7700,2884.0000,205.8060,17
2026-07-30 20:34:00,BE,205.7500,205.7500,205.7100,205.7100,225.0000,205.7320,2
2026-07-30 20:34:05,BE,205.8100,205.8700,205.8100,205.8700,300.0000,205.8300,3
2026-07-30 20:34:10,BE,205.7500,205.8100,205.7300,205.8100,2401.0000,205.7550,22
2026-07-30 20:34:15,BE,205.8100,205.9600,205.6900,205.6900,4120.0000,205.8320,27
2026-07-30 20:34:20,BE,205.7700,205.8000,205.6700,205.7700,1200.0000,205.7200,12
2026-07-30 20:34:25,BE,205.7100,205.8400,205.7000,205.8400,625.0000,205.7360,6
2026-07-30 20:34:30,BE,205.7400,205.8300,205.7300,205.7500,1800.0000,205.7780,12
2026-07-30 20:34:35,BE,205.6700,205.7000,205.6400,205.6500,626.0000,205.6680,6
2026-07-30 20:34:40,BE,205.5300,205.5600,205.1300,205.1400,4524.0000,205.3380,27
2026-07-30 20:34:45,BE,205.2200,205.3200,205.1200,205.3100,2539.0000,205.2580,21
2026-07-30 20:34:50,BE,205.3700,205.3700,205.3300,205.3500,800.0000,205.3440,5
2026-07-30 20:34:55,BE,205.4000,205.4100,205.3000,205.3300,873.0000,205.3650,5
2026-07-30 20:35:00,BE,205.4100,205.4100,205.2900,205.4000,719.0000,205.3860,3
2026-07-30 20:35:05,BE,205.5000,205.6000,205.5000,205.6000,2599.0000,205.5360,17
2026-07-30 20:35:10,BE,205.6000,205.7500,205.6000,205.6300,2000.0000,205.6810,13
2026-07-30 20:35:15,BE,205.7600,205.8700,205.7300,205.8100,2959.0000,205.8290,16
2026-07-30 20:35:20,BE,205.7000,205.7000,205.6900,205.7000,100.0000,205.6950,1
2026-07-30 20:35:25,BE,205.5500,205.8300,205.5500,205.6500,686.0000,205.7640,3
2026-07-30 20:35:30,BE,205.6900,205.6900,205.6900,205.6900,400.0000,205.6900,1
2026-07-30 20:35:35,BE,205.7000,205.7200,205.6900,205.7100,1250.0000,205.7010,11
2026-07-30 20:35:40,BE,205.7100,205.7100,205.1200,205.1200,8878.0000,205.5330,44
2026-07-30 20:35:45,BE,205.1200,205.2200,205.0300,205.1200,4181.0000,205.1130,21
2026-07-30 20:35:50,BE,205.1200,205.3100,205.0700,205.2600,2245.0000,205.1920,18
2026-07-30 20:35:55,BE,205.2200,205.4400,205.2200,205.2900,2170.0000,205.3780,15
2026-07-30 20:36:00,BE,205.4300,205.5700,205.4300,205.5700,2700.0000,205.4750,17
2026-07-30 20:36:05,BE,205.6200,205.6200,205.3600,205.3600,1400.0000,205.4460,9
2026-07-30 20:36:10,BE,205.3700,205.3700,205.2000,205.3700,2404.0000,205.3020,21
2026-07-30 20:36:15,BE,205.3100,205.3100,205.2700,205.2800,455.0000,205.2840,3
2026-07-30 20:36:20,BE,205.2500,205.3100,205.0300,205.3000,5850.0000,205.1570,48
2026-07-30 20:36:25,BE,205.3200,205.3200,205.3200,205.3200,100.0000,205.3200,1
2026-07-30 20:36:30,BE,205.1500,205.1600,204.9300,204.9900,3486.0000,205.0560,29
2026-07-30 20:36:35,BE,204.9800,204.9900,204.8900,204.9000,600.0000,204.9240,5
2026-07-30 20:36:40,BE,204.9900,205.1100,204.9500,205.0500,2799.0000,205.0850,18
2026-07-30 20:36:45,BE,205.0500,205.1700,205.0000,205.0000,800.0000,205.0510,6
2026-07-30 20:36:50,BE,205.0000,205.0000,205.0000,205.0000,100.0000,205.0000,1
2026-07-30 20:36:55,BE,205.0000,205.0000,205.0000,205.0000,0.0000,205.0000,0
2026-07-30 20:37:00,BE,205.1400,205.4100,205.0200,205.1800,15517.0000,205.0640,20
2026-07-30 20:37:05,BE,205.2300,205.2300,205.0500,205.2200,2025.0000,205.1890,19
2026-07-30 20:37:10,BE,205.2200,205.2200,205.2100,205.2200,550.0000,205.2160,2
2026-07-30 20:37:15,BE,205.2100,205.2100,205.2100,205.2100,300.0000,205.2100,3
2026-07-30 20:37:20,BE,205.3300,205.3400,205.1400,205.1500,802.0000,205.2310,5
2026-07-30 20:37:25,BE,205.1400,205.2100,205.1000,205.2100,727.0000,205.1630,7
2026-07-30 20:37:30,BE,205.0900,205.2000,205.0000,205.0900,1841.0000,205.0810,17
2026-07-30 20:37:35,BE,205.0900,205.0900,205.0000,205.0100,900.0000,205.0410,8
2026-07-30 20:37:40,BE,204.9900,205.1400,204.9800,205.0300,500.0000,205.0320,5
2026-07-30 20:37:45,BE,204.9400,204.9800,204.8600,204.8600,1500.0000,204.9140,8
2026-07-30 20:37:50,BE,204.8500,204.9900,204.8000,204.8700,2813.0000,204.9300,18
2026-07-30 20:37:55,BE,204.9900,204.9900,204.9300,204.9400,721.0000,204.9660,7
2026-07-30 20:38:00,BE,204.9700,205.1300,204.9700,205.0900,2310.0000,205.0190,19
2026-07-30 20:38:05,BE,205.0200,205.0200,205.0100,205.0200,200.0000,205.0150,2
2026-07-30 20:38:10,BE,204.9000,205.1500,204.8900,205.0100,2902.0000,205.0290,28
2026-07-30 20:38:15,BE,205.0100,205.0100,204.9900,204.9900,1020.0000,205.0010,3
2026-07-30 20:38:20,BE,205.0100,205.0100,204.9000,204.9000,300.0000,204.9700,3
2026-07-30 20:38:25,BE,204.8400,204.8400,204.7900,204.7900,800.0000,204.8280,8
2026-07-30 20:38:30,BE,204.8800,204.8800,204.8600,204.8600,1000.0000,204.8770,2
2026-07-30 20:38:35,BE,204.7700,204.8400,204.6700,204.8400,1912.0000,204.7780,9
2026-07-30 20:38:40,BE,204.8400,204.8700,204.7600,204.8700,1674.0000,204.8210,13
2026-07-30 20:38:45,BE,204.8700,204.9400,204.8700,204.8900,600.0000,204.9000,6
2026-07-30 20:38:50,BE,204.8500,204.9600,204.8500,204.8800,1120.0000,204.8850,7
2026-07-30 20:38:55,BE,204.9100,204.9900,204.8800,204.8900,400.0000,204.9160,4
2026-07-30 20:39:00,BE,204.8900,204.8900,204.8800,204.8900,418.0000,204.8850,3
2026-07-30 20:39:05,BE,204.8800,204.9100,204.8300,204.9100,3873.0000,204.8740,10
2026-07-30 20:39:10,BE,204.9100,204.9100,204.6700,204.7500,1476.0000,204.7690,13
2026-07-30 20:39:15,BE,204.5600,204.6600,204.5500,204.6500,5771.0000,204.5730,26
2026-07-30 20:39:20,BE,204.7600,204.7600,204.6400,204.6400,430.0000,204.7030,3
2026-07-30 20:39:25,BE,204.7600,204.7600,204.7200,204.7300,774.0000,204.7560,7
2026-07-30 20:39:30,BE,204.7200,204.7200,204.7200,204.7200,359.0000,204.7200,3
2026-07-30 20:39:35,BE,204.6400,204.7900,204.6400,204.7800,1093.0000,204.7290,8
2026-07-30 20:39:40,BE,204.7800,204.7800,204.6400,204.7700,3084.0000,204.6840,14
2026-07-30 20:39:45,BE,204.7700,205.1800,204.7700,205.0500,5853.0000,205.0100,44
2026-07-30 20:39:50,BE,205.0500,205.0500,204.8600,204.8800,2824.0000,204.9420,14
2026-07-30 20:39:55,BE,204.8200,204.9800,204.7500,204.9100,2050.0000,204.8740,17
2026-07-30 20:40:00,BE,204.9100,205.3900,204.9000,205.3800,3339.0000,205.1130,18
2026-07-30 20:40:05,BE,205.4200,205.4200,205.2900,205.2900,1151.0000,205.3240,6
2026-07-30 20:40:10,BE,205.2900,205.4100,205.2900,205.4100,622.0000,205.3290,5
2026-07-30 20:40:15,BE,205.2900,205.2900,205.2700,205.2800,300.0000,205.2860,3
2026-07-30 20:40:20,BE,205.3000,205.4200,205.1700,205.2200,830.0000,205.2920,5
2026-07-30 20:40:25,BE,205.2400,205.3000,205.2400,205.3000,500.0000,205.2840,4
2026-07-30 20:40:30,BE,205.1700,205.2600,205.0300,205.1600,3150.0000,205.1280,20
2026-07-30 20:40:35,BE,205.1800,205.2400,205.1600,205.2400,500.0000,205.1800,5
2026-07-30 20:40:40,BE,205.2400,205.3800,205.2100,205.3600,1869.0000,205.2860,14
2026-07-30 20:40:45,BE,205.3800,205.3800,205.3800,205.3800,100.0000,205.3800,1
2026-07-30 20:40:50,BE,205.3900,205.4700,205.3300,205.4700,2392.0000,205.3990,19
2026-07-30 20:40:55,BE,205.4600,205.4600,205.3700,205.3800,746.0000,205.4180,5
2026-07-30 20:41:00,BE,205.3800,205.5000,205.2900,205.4700,7584.0000,205.4110,62
2026-07-30 20:41:05,BE,205.3800,205.4100,205.2700,205.2900,1192.0000,205.3440,11
2026-07-30 20:41:10,BE,205.3400,205.3600,205.3400,205.3600,489.0000,205.3550,4
2026-07-30 20:41:15,BE,205.3300,205.3800,205.2800,205.3800,3557.0000,205.3010,9
2026-07-30 20:41:20,BE,205.3800,205.3800,205.3800,205.3800,0.0000,205.3800,0
2026-07-30 20:41:25,BE,205.3900,205.3900,205.2000,205.2500,1100.0000,205.3050,6
2026-07-30 20:41:30,BE,205.3300,205.3300,205.1400,205.1500,2176.0000,205.2390,16
2026-07-30 20:41:35,BE,205.1300,205.1400,205.1300,205.1400,400.0000,205.1310,3
2026-07-30 20:41:40,BE,205.0300,205.0300,205.0000,205.0300,560.0000,205.0180,5
2026-07-30 20:41:45,BE,204.9500,205.0700,204.9500,205.0000,600.0000,205.0250,4
2026-07-30 20:41:50,BE,205.0700,205.3200,205.0600,205.3200,2730.0000,205.1590,24
2026-07-30 20:41:55,BE,205.3900,205.4000,205.2600,205.2600,400.0000,205.2930,4
2026-07-30 20:42:00,BE,205.3400,205.3800,205.3300,205.3700,620.0000,205.3480,4
2026-07-30 20:42:05,BE,205.3400,205.4000,205.3300,205.4000,430.0000,205.3550,3
2026-07-30 20:42:10,BE,205.3400,205.4600,205.2400,205.4400,411.0000,205.3710,4
2026-07-30 20:42:15,BE,205.4000,205.4000,205.3000,205.3100,1320.0000,205.3450,9
2026-07-30 20:42:20,BE,205.3800,205.4000,205.2600,205.3000,9202.0000,205.3820,12
2026-07-30 20:42:25,BE,205.4400,205.6000,205.4300,205.5000,9849.0000,205.4630,55
2026-07-30 20:42:30,BE,205.4500,205.6100,205.4500,205.4600,4596.0000,205.5960,4
2026-07-30 20:42:35,BE,205.6000,205.7100,205.5300,205.5900,2543.0000,205.6130,22
2026-07-30 20:42:40,BE,205.6700,205.6700,205.6600,205.6700,200.0000,205.6650,2
2026-07-30 20:42:45,BE,205.6900,205.6900,205.6300,205.6300,200.0000,205.6600,2
2026-07-30 20:42:50,BE,205.5400,205.5400,205.4600,205.4600,1400.0000,205.4960,9
2026-07-30 20:42:55,BE,205.4600,205.5200,205.4600,205.4600,4600.0000,205.4630,5
2026-07-30 20:43:00,BE,205.4600,205.6300,205.4600,205.5600,2475.0000,205.5800,17
2026-07-30 20:43:05,BE,205.6600,205.6600,205.5100,205.6300,1400.0000,205.5690,14
2026-07-30 20:43:10,BE,205.6100,205.7200,205.6000,205.6500,1420.0000,205.6580,10
2026-07-30 20:43:15,BE,205.5600,206.2800,205.5600,206.2400,17491.0000,205.9600,86
2026-07-30 20:43:20,BE,206.1600,206.2400,205.9800,205.9900,8368.0000,206.1420,34
2026-07-30 20:43:25,BE,206.2400,206.2500,206.0300,206.2500,4966.0000,206.1750,37
2026-07-30 20:43:30,BE,206.0400,206.0400,205.8800,205.9100,2938.0000,205.9070,26
2026-07-30 20:43:35,BE,206.0100,206.1200,205.7600,205.7600,1800.0000,205.8770,18
2026-07-30 20:43:40,BE,205.6700,205.6700,205.6600,205.6600,980.0000,205.6660,7
2026-07-30 20:43:45,BE,205.5600,205.6500,205.5500,205.6500,600.0000,205.6050,5
2026-07-30 20:43:50,BE,205.6500,205.6500,205.5600,205.6400,900.0000,205.6380,9
2026-07-30 20:43:55,BE,205.6700,205.8300,205.6400,205.7400,4986.0000,205.7570,36
2026-07-30 20:44:00,BE,205.6800,205.6900,205.6800,205.6900,400.0000,205.6880,3
2026-07-30 20:44:05,BE,205.6200,205.6800,205.5600,205.5700,1200.0000,205.5770,4
2026-07-30 20:44:10,BE,205.6800,205.7300,205.6800,205.7300,1000.0000,205.6850,10
2026-07-30 20:44:15,BE,205.6900,205.7200,205.6400,205.7200,869.0000,205.6880,5
2026-07-30 20:44:20,BE,205.7200,205.7200,205.6200,205.7200,2700.0000,205.6380,5
2026-07-30 20:44:25,BE,205.7200,205.7300,205.7100,205.7300,800.0000,205.7280,7
2026-07-30 20:44:30,BE,205.7200,205.7200,205.6000,205.6500,2500.0000,205.6700,20
2026-07-30 20:44:35,BE,205.6800,205.7900,205.6700,205.7900,2806.0000,205.7380,22
2026-07-30 20:44:40,BE,205.7900,206.2000,205.7900,205.8700,1966.0000,205.9370,16
2026-07-30 20:44:45,BE,205.9100,205.9100,205.7800,205.8700,1919.0000,205.8750,17
2026-07-30 20:44:50,BE,205.8600,205.8700,205.8600,205.8600,100.0000,205.8630,1
2026-07-30 20:44:55,BE,205.8700,205.8700,205.8600,205.8700,200.0000,205.8650,2
2026-07-30 20:45:00,BE,205.8800,205.9500,205.7600,205.9500,2569.0000,205.8670,22
2026-07-30 20:45:05,BE,205.9000,205.9900,205.8900,205.9900,1042.0000,205.9550,9
2026-07-30 20:45:10,BE,205.9900,206.0100,205.8500,205.8500,1492.0000,205.9470,13
2026-07-30 20:45:15,BE,205.9400,206.0000,205.9400,206.0000,1683.0000,205.9920,9
2026-07-30 20:45:20,BE,206.0600,206.0600,205.9900,206.0400,1325.0000,206.0160,12
2026-07-30 20:45:25,BE,206.1200,206.2000,206.0400,206.1800,1521.0000,206.1570,14
2026-07-30 20:45:30,BE,206.2300,206.2300,206.0500,206.0600,1851.0000,206.1710,17
2026-07-30 20:45:35,BE,206.0800,206.1200,206.0800,206.1200,3337.0000,206.1060,23
2026-07-30 20:45:40,BE,206.1200,206.1200,206.0400,206.0900,725.0000,206.0660,6
2026-07-30 20:45:45,BE,206.0600,206.0700,205.9900,206.0700,869.0000,206.0430,7
2026-07-30 20:45:50,BE,206.0700,206.1500,206.0500,206.0700,2384.0000,206.0900,12
2026-07-30 20:45:55,BE,206.0700,206.0700,205.9800,206.0700,2925.0000,206.0120,9
2026-07-30 20:46:00,BE,205.9800,206.0600,205.5200,205.7000,5455.0000,205.7670,42
2026-07-30 20:46:05,BE,205.7100,205.7100,205.5200,205.6900,2525.0000,205.5900,8
2026-07-30 20:46:10,BE,205.6900,205.7000,205.6700,205.6800,502.0000,205.6850,5
2026-07-30 20:46:15,BE,205.6800,205.6900,205.5500,205.6700,1415.0000,205.5830,5
2026-07-30 20:46:20,BE,205.6700,205.6700,205.6600,205.6700,400.0000,205.6650,4
2026-07-30 20:46:25,BE,205.6600,205.6600,205.5300,205.5900,701.0000,205.6280,7
2026-07-30 20:46:30,BE,205.6400,205.6400,205.6000,205.6100,300.0000,205.6170,3
2026-07-30 20:46:35,BE,205.6100,205.6100,205.6000,205.6100,100.0000,205.6050,1
2026-07-30 20:46:40,BE,205.6000,205.6000,205.6000,205.6000,100.0000,205.6000,1
2026-07-30 20:46:45,BE,205.6000,205.9200,205.6000,205.9200,5301.0000,205.7600,38
2026-07-30 20:46:50,BE,205.9400,205.9400,205.8100,205.8100,1076.0000,205.8480,6
2026-07-30 20:46:55,BE,205.9400,205.9400,205.7600,205.8000,1444.0000,205.8570,13
2026-07-30 20:47:00,BE,205.8900,205.8900,205.6800,205.7800,600.0000,205.7550,5
2026-07-30 20:47:05,BE,205.7800,205.7800,205.7600,205.7600,300.0000,205.7670,3
2026-07-30 20:47:10,BE,205.7700,205.7700,205.7600,205.7600,400.0000,205.7630,3
2026-07-30 20:47:15,BE,205.7600,205.9800,205.7600,205.9800,1280.0000,205.8230,11
2026-07-30 20:47:20,BE,205.7800,205.9800,205.7600,205.8000,760.0000,205.8390,7
2026-07-30 20:47:25,BE,205.7500,205.7500,205.7500,205.7500,500.0000,205.7500,2
2026-07-30 20:47:30,BE,205.7500,205.7500,205.6600,205.7100,1865.0000,205.6880,17
2026-07-30 20:47:35,BE,205.7500,205.7500,205.6400,205.7000,1070.0000,205.6870,9
2026-07-30 20:47:40,BE,205.6200,205.6200,205.5400,205.5400,325.0000,205.5630,3
2026-07-30 20:47:45,BE,205.5300,205.6000,205.5300,205.5900,1540.0000,205.5750,13
2026-07-30 20:47:50,BE,205.5400,205.6500,205.5000,205.6500,2128.0000,205.5410,18
2026-07-30 20:47:55,BE,205.7300,206.2300,205.6800,206.2200,6705.0000,206.0330,19
2026-07-30 20:48:00,BE,206.1600,206.3900,206.1500,206.3000,3863.0000,206.2520,23
2026-07-30 20:48:05,BE,206.2800,206.2800,206.1300,206.1300,2110.0000,206.2070,18
2026-07-30 20:48:10,BE,206.1000,206.1000,206.0400,206.0800,1452.0000,206.0770,12
2026-07-30 20:48:15,BE,206.2200,206.2200,206.1500,206.1600,523.0000,206.2010,4
2026-07-30 20:48:20,BE,206.1600,206.1600,206.1500,206.1500,300.0000,206.1520,3
2026-07-30 20:48:25,BE,206.1500,206.2000,206.0200,206.2000,2342.0000,206.1090,20
2026-07-30 20:48:30,BE,206.2100,206.2100,206.1200,206.2000,830.0000,206.1690,5
2026-07-30 20:48:35,BE,206.1200,206.1200,205.8300,206.0500,2305.0000,206.0150,19
2026-07-30 20:48:40,BE,205.9500,205.9500,205.9400,205.9500,200.0000,205.9450,2
2026-07-30 20:48:45,BE,205.8500,205.8500,205.8400,205.8400,300.0000,205.8470,3
2026-07-30 20:48:50,BE,205.8400,205.8500,205.7000,205.7500,2445.0000,205.7810,19
2026-07-30 20:48:55,BE,205.7500,205.7500,205.7400,205.7500,0.0000,205.7500,0
2026-07-30 20:49:00,BE,205.8200,205.8200,205.7100,205.7100,901.0000,205.7470,6
2026-07-30 20:49:05,BE,205.7600,205.7700,205.6800,205.7200,1748.0000,205.7220,15
2026-07-30 20:49:10,BE,205.6200,205.7200,205.6200,205.6200,960.0000,205.6480,8
2026-07-30 20:49:15,BE,205.6100,205.6200,205.6100,205.6200,300.0000,205.6130,3
2026-07-30 20:49:20,BE,205.6200,205.6200,205.6100,205.6200,380.0000,205.6160,3
2026-07-30 20:49:25,BE,205.6200,205.7000,205.5200,205.7000,3274.0000,205.6310,25
2026-07-30 20:49:30,BE,205.6700,205.7500,205.6700,205.7500,200.0000,205.7100,2
2026-07-30 20:49:35,BE,205.8000,205.8100,205.8000,205.8100,444.0000,205.8010,4
2026-07-30 20:49:40,BE,205.7200,205.7600,205.6700,205.6700,744.0000,205.7100,7
2026-07-30 20:49:45,BE,205.6700,205.7200,205.6500,205.6500,702.0000,205.6650,6
2026-07-30 20:49:50,BE,205.6600,205.6600,205.6500,205.6500,200.0000,205.6550,2
2026-07-30 20:49:55,BE,205.6300,205.6600,205.6300,205.6600,1650.0000,205.6580,4
2026-07-30 20:50:00,BE,205.6600,205.6600,205.6600,205.6600,200.0000,205.6600,1
2026-07-30 20:50:05,BE,205.5800,205.7400,205.4500,205.4500,2588.0000,205.6140,15
2026-07-30 20:50:10,BE,205.5300,205.5500,205.5300,205.5500,969.0000,205.5390,5
2026-07-30 20:50:15,BE,205.5100,205.5500,205.5100,205.5500,568.0000,205.5360,4
2026-07-30 20:50:20,BE,205.4400,205.6700,205.4400,205.6000,2350.0000,205.5780,16
2026-07-30 20:50:25,BE,205.5700,205.5700,205.5600,205.5600,200.0000,205.5630,2
2026-07-30 20:50:30,BE,205.5600,205.5600,205.5600,205.5600,0.0000,205.5600,0
2026-07-30 20:50:35,BE,205.5200,205.5200,205.5200,205.5200,300.0000,205.5200,3
2026-07-30 20:50:40,BE,205.5000,205.6000,205.5000,205.6000,776.0000,205.5510,6
2026-07-30 20:50:45,BE,205.6300,205.7000,205.5900,205.6700,5142.0000,205.6860,14
2026-07-30 20:50:50,BE,205.6100,205.6100,205.5900,205.6000,400.0000,205.6010,2
2026-07-30 20:50:55,BE,205.7100,205.8500,205.6100,205.8200,1978.0000,205.7600,19
2026-07-30 20:51:00,BE,205.7700,205.7700,205.7700,205.7700,200.0000,205.7700,2
2026-07-30 20:51:05,BE,205.7700,205.7700,205.7100,205.7700,870.0000,205.7510,7
2026-07-30 20:51:10,BE,205.8000,205.8000,205.7300,205.7400,343.0000,205.7690,3
2026-07-30 20:51:15,BE,205.7300,205.7300,205.7300,205.7300,300.0000,205.7300,3
2026-07-30 20:51:20,BE,205.7100,205.8300,205.7100,205.8300,249.0000,205.7820,2
2026-07-30 20:51:25,BE,205.7100,205.8400,205.7100,205.8300,3325.0000,205.7630,14
2026-07-30 20:51:30,BE,205.8700,206.0000,205.8700,205.9800,809.0000,205.9480,4
2026-07-30 20:51:35,BE,205.9100,205.9500,205.8900,205.8900,1568.0000,205.9110,11
2026-07-30 20:51:40,BE,205.9500,205.9500,205.9400,205.9500,150.0000,205.9450,1
2026-07-30 20:51:45,BE,205.9900,206.0000,205.9900,206.0000,393.0000,205.9950,3
2026-07-30 20:51:50,BE,205.9700,205.9700,205.9100,205.9200,510.0000,205.9400,5
2026-07-30 20:51:55,BE,205.8300,205.9200,205.7300,205.7300,2050.0000,205.8170,19
2026-07-30 20:52:00,BE,205.7300,205.7300,205.6500,205.6500,550.0000,205.6860,5
2026-07-30 20:52:05,BE,205.7000,205.7000,205.6500,205.6500,692.0000,205.6660,6
2026-07-30 20:52:10,BE,205.6700,205.6900,205.6600,205.6700,594.0000,205.6770,5
2026-07-30 20:52:15,BE,205.7500,205.7500,205.7500,205.7500,100.0000,205.7500,1
2026-07-30 20:52:20,BE,205.7000,205.7000,205.6300,205.7000,1000.0000,205.6700,10
2026-07-30 20:52:25,BE,205.6100,205.6100,205.5400,205.5500,400.0000,205.5890,4
2026-07-30 20:52:30,BE,205.5000,205.5000,205.4400,205.4400,1441.0000,205.4740,12
2026-07-30 20:52:35,BE,205.3900,205.3900,205.2100,205.2100,3806.0000,205.2720,22
2026-07-30 20:52:40,BE,205.2600,205.4000,205.2000,205.4000,2145.0000,205.3070,17
2026-07-30 20:52:45,BE,205.5500,205.5500,205.4100,205.4400,400.0000,205.4530,4
2026-07-30 20:52:50,BE,205.5100,205.5700,205.5100,205.5700,1041.0000,205.5370,9
2026-07-30 20:52:55,BE,205.5000,205.5000,205.4900,205.5000,400.0000,205.4950,3
2026-07-30 20:53:00,BE,205.4200,205.4300,205.4200,205.4200,1190.0000,205.4210,11
2026-07-30 20:53:05,BE,205.3100,205.3400,205.2400,205.2900,1630.0000,205.2790,14
2026-07-30 20:53:10,BE,205.2000,205.2700,205.1500,205.1500,1144.0000,205.2210,7
2026-07-30 20:53:15,BE,205.1400,205.2400,205.1400,205.2400,4983.0000,205.2060,24
2026-07-30 20:53:20,BE,205.2300,205.2300,205.2300,205.2300,100.0000,205.2300,1
2026-07-30 20:53:25,BE,205.1200,205.2400,205.0000,205.2400,11481.0000,205.0800,48
2026-07-30 20:53:30,BE,205.3400,205.5100,205.3400,205.5100,925.0000,205.3890,5
2026-07-30 20:53:35,BE,205.5100,205.5100,205.5100,205.5100,0.0000,205.5100,0
2026-07-30 20:53:40,BE,205.4500,205.5300,205.4500,205.5300,1878.0000,205.4860,15
2026-07-30 20:53:45,BE,205.5400,205.5500,205.4100,205.4100,2683.0000,205.4570,14
2026-07-30 20:53:50,BE,205.3500,205.3500,205.3500,205.3500,200.0000,205.3500,2
2026-07-30 20:53:55,BE,205.3500,205.3500,205.3100,205.3500,700.0000,205.3400,7
2026-07-30 20:54:00,BE,205.3000,205.3900,205.2500,205.2500,1200.0000,205.3280,9
2026-07-30 20:54:05,BE,205.2500,205.2600,205.2500,205.2500,0.0000,205.2500,0
2026-07-30 20:54:10,BE,205.3900,205.3900,205.3900,205.3900,100.0000,205.3900,1
2026-07-30 20:54:15,BE,205.3800,205.4400,205.3800,205.4400,1464.0000,205.4350,7
2026-07-30 20:54:20,BE,205.4400,205.4400,205.4300,205.4400,400.0000,205.4350,2
2026-07-30 20:54:25,BE,205.5000,205.5300,205.4400,205.5300,1300.0000,205.5020,9
2026-07-30 20:54:30,BE,205.5900,205.5900,205.4900,205.5000,400.0000,205.5190,2
2026-07-30 20:54:35,BE,205.5000,205.5000,205.4900,205.5000,300.0000,205.4950,2
2026-07-30 20:54:40,BE,205.5000,205.5000,205.4900,205.5000,200.0000,205.4950,2
2026-07-30 20:54:45,BE,205.5000,205.5000,205.4100,205.5000,900.0000,205.4590,7
2026-07-30 20:54:50,BE,205.5000,205.5100,205.4900,205.5100,200.0000,205.5000,2
2026-07-30 20:54:55,BE,205.5100,205.5100,205.4000,205.4900,1131.0000,205.4310,10
2026-07-30 20:55:00,BE,205.3500,205.4200,205.3500,205.4200,400.0000,205.3810,4
2026-07-30 20:55:05,BE,205.3500,205.3600,205.1100,205.1500,4897.0000,205.2190,30
2026-07-30 20:55:10,BE,205.1100,205.1100,204.7600,204.7600,3999.0000,204.9610,24
2026-07-30 20:55:15,BE,204.7600,204.7600,204.7600,204.7600,0.0000,204.7600,0
2026-07-30 20:55:20,BE,204.7500,204.7500,204.6900,204.7000,2276.0000,204.7160,10
2026-07-30 20:55:25,BE,204.6500,204.8500,204.6500,204.7500,2700.0000,204.7400,27
2026-07-30 20:55:30,BE,204.7100,205.0800,204.7100,204.9300,1979.0000,204.8960,13
2026-07-30 20:55:35,BE,204.9300,204.9300,204.9300,204.9300,0.0000,204.9300,0
2026-07-30 20:55:40,BE,205.0000,205.0700,204.9200,204.9200,900.0000,205.0100,7
2026-07-30 20:55:45,BE,204.9200,204.9200,204.8600,204.9200,1100.0000,204.8730,9
2026-07-30 20:55:50,BE,204.8500,204.9000,204.8500,204.8900,700.0000,204.8860,6
2026-07-30 20:55:55,BE,205.0600,205.0600,204.9200,204.9300,1498.0000,205.0160,4
2026-07-30 20:56:00,BE,204.9300,204.9300,204.9000,204.9000,345.0000,204.9120,3
2026-07-30 20:56:05,BE,204.9300,204.9300,204.9300,204.9300,200.0000,204.9300,2
2026-07-30 20:56:10,BE,204.9000,205.0200,204.8900,205.0200,1034.0000,204.9870,5
2026-07-30 20:56:15,BE,204.9500,204.9500,204.9500,204.9500,100.0000,204.9500,1
2026-07-30 20:56:20,BE,204.8400,204.8500,204.8400,204.8400,300.0000,204.8400,1
2026-07-30 20:56:25,BE,205.0000,205.0000,204.9200,204.9200,846.0000,204.9430,3
2026-07-30 20:56:30,BE,204.9200,204.9600,204.9200,204.9500,606.0000,204.9420,6
2026-07-30 20:56:35,BE,204.9800,205.1700,204.9600,205.1500,7022.0000,205.0640,56
2026-07-30 20:56:40,BE,205.2200,205.3100,205.1500,205.1500,1784.0000,205.2680,7
2026-07-30 20:56:45,BE,205.2300,205.3300,205.2200,205.2900,1100.0000,205.2780,9
2026-07-30 20:56:50,BE,205.2900,205.2900,205.2500,205.2600,922.0000,205.2580,7
2026-07-30 20:56:55,BE,205.2600,205.2900,205.2600,205.2900,600.0000,205.2700,5
2026-07-30 20:57:00,BE,205.3200,205.3200,205.2300,205.2400,1962.0000,205.2700,11
2026-07-30 20:57:05,BE,205.3100,205.3100,205.2400,205.3100,525.0000,205.2830,3
2026-07-30 20:57:10,BE,205.2500,205.3700,205.1900,205.2800,4230.0000,205.2590,17
2026-07-30 20:57:15,BE,205.3900,205.3900,205.3000,205.3000,500.0000,205.3510,5
2026-07-30 20:57:20,BE,205.3900,205.3900,205.3900,205.3900,100.0000,205.3900,1
2026-07-30 20:57:25,BE,205.3900,205.3900,205.3900,205.3900,0.0000,205.3900,0
2026-07-30 20:57:30,BE,205.3100,205.3100,205.3000,205.3100,100.0000,205.3050,1
2026-07-30 20:57:35,BE,205.3900,205.4800,205.3900,205.4000,1381.0000,205.4070,9
2026-07-30 20:57:40,BE,205.3900,205.4000,205.2500,205.3000,1422.0000,205.3280,13
2026-07-30 20:57:45,BE,205.2200,205.3000,205.2200,205.2900,10900.0000,205.2880,15
2026-07-30 20:57:50,BE,205.3600,205.4000,205.3000,205.4000,3146.0000,205.3560,27
2026-07-30 20:57:55,BE,205.4000,205.4000,205.3000,205.3900,1256.0000,205.3520,6
2026-07-30 20:58:00,BE,205.3000,205.3100,205.0700,205.1600,3132.0000,205.2140,30
2026-07-30 20:58:05,BE,205.0400,205.0700,204.6900,204.7400,8733.0000,204.8780,36
2026-07-30 20:58:10,BE,204.7400,204.7400,204.7300,204.7400,246.0000,204.7350,2
2026-07-30 20:58:15,BE,204.7000,204.7100,204.2500,204.2700,22379.0000,204.4550,56
2026-07-30 20:58:20,BE,204.4200,204.6700,204.4200,204.6200,1220.0000,204.5830,11
2026-07-30 20:58:25,BE,204.7200,204.7200,204.5300,204.6200,1750.0000,204.6240,10
2026-07-30 20:58:30,BE,204.5400,204.6100,204.4700,204.4700,2140.0000,204.5560,18
2026-07-30 20:58:35,BE,204.4500,204.5900,204.4500,204.5900,780.0000,204.5390,4
2026-07-30 20:58:40,BE,204.4500,204.5900,204.4500,204.4600,600.0000,204.5220,4
2026-07-30 20:58:45,BE,204.4500,204.4900,204.4500,204.4900,300.0000,204.4630,3
2026-07-30 20:58:50,BE,204.5300,204.5400,204.4500,204.5200,1921.0000,204.4580,8
2026-07-30 20:58:55,BE,204.4600,204.9700,204.4600,204.9700,3211.0000,204.6890,29
2026-07-30 20:59:00,BE,204.9900,205.2000,204.8800,205.2000,1600.0000,205.1500,12
2026-07-30 20:59:05,BE,205.1600,205.3500,205.1200,205.2300,5124.0000,205.2540,24
2026-07-30 20:59:10,BE,205.1000,205.1000,204.8900,204.8900,662.0000,204.9390,3
2026-07-30 20:59:15,BE,205.0300,205.0300,205.0300,205.0300,300.0000,205.0300,3
2026-07-30 20:59:20,BE,205.0400,205.1700,205.0200,205.0300,300.0000,205.0770,3
2026-07-30 20:59:25,BE,205.0200,205.2100,205.0200,205.2100,1597.0000,205.1600,15
2026-07-30 20:59:30,BE,205.2100,205.2100,205.1200,205.2100,1000.0000,205.1850,8
2026-07-30 20:59:35,BE,205.1100,205.1300,205.0800,205.1300,1026.0000,205.1000,10
2026-07-30 20:59:40,BE,205.0800,205.1000,204.9800,204.9800,3003.0000,205.0600,22
2026-07-30 20:59:45,BE,205.0700,205.0700,204.8000,204.8100,2167.0000,204.9140,16
2026-07-30 20:59:50,BE,204.7600,204.7700,204.5500,204.6200,3599.0000,204.6700,19
2026-07-30 20:59:55,BE,204.5500,204.8100,204.3900,204.6900,2838.0000,204.5520,23
2026-07-30 21:00:00,BE,204.7000,204.7000,204.7000,204.7000,1250.0000,204.7000,3
2026-07-30 21:00:05,BE,204.7100,204.9600,204.7000,204.9600,5706.0000,204.8530,26
2026-07-30 21:00:10,BE,205.1200,205.3200,205.1200,205.2300,1731.0000,205.1760,10
2026-07-30 21:00:15,BE,205.2400,205.2400,203.1700,203.3300,39898.0000,203.8390,207
2026-07-30 21:00:20,BE,203.4800,203.7700,202.7200,203.0700,16948.0000,203.1030,84
2026-07-30 21:00:25,BE,203.0700,203.4000,202.8400,202.9300,10091.0000,203.0830,66
2026-07-30 21:00:30,BE,203.1200,203.3800,202.7400,203.3200,10945.0000,203.0140,86
2026-07-30 21:00:35,BE,203.5200,204.0000,203.3200,203.5000,4740.0000,203.7140,24
2026-07-30 21:00:40,BE,203.6800,203.7100,203.5200,203.7000,1100.0000,203.6490,7
2026-07-30 21:00:45,BE,203.8000,204.1200,203.8000,203.8100,4963.0000,203.9480,37
2026-07-30 21:00:50,BE,203.9000,204.1300,203.8900,204.1000,1700.0000,204.0180,17
2026-07-30 21:00:55,BE,204.0800,204.0800,203.5800,203.7600,7925.0000,203.7680,57
2026-07-30 21:01:00,BE,203.8200,204.1200,203.6400,203.9600,1300.0000,203.8820,13
2026-07-30 21:01:05,BE,203.8500,204.0500,203.4000,203.4100,10179.0000,203.8000,59
2026-07-30 21:01:10,BE,203.3800,203.6500,203.3400,203.6500,15455.0000,203.5290,88
2026-07-30 21:01:15,BE,203.6400,203.6400,203.3300,203.4600,7396.0000,203.4340,43
2026-07-30 21:01:20,BE,203.3700,203.4600,203.1900,203.1900,3232.0000,203.3290,25
2026-07-30 21:01:25,BE,203.0400,203.4400,203.0400,203.3000,3889.0000,203.2290,30
2026-07-30 21:01:30,BE,203.5200,203.6600,203.5000,203.5300,9005.0000,203.5760,55
2026-07-30 21:01:35,BE,203.5300,203.8100,203.5000,203.5000,3750.0000,203.5650,21
2026-07-30 21:01:40,BE,203.4800,203.8800,203.4800,203.8600,8407.0000,203.6720,48
2026-07-30 21:01:45,BE,203.9800,204.2700,203.6500,204.2700,5277.0000,203.9960,24
2026-07-30 21:01:50,BE,204.2300,204.6500,204.2300,204.6500,2707.0000,204.4340,15
2026-07-30 21:01:55,BE,204.6500,205.0000,204.4800,205.0000,8909.0000,204.7150,56
2026-07-30 21:02:00,BE,205.0000,205.0000,204.6900,204.6900,3629.0000,204.8600,24
2026-07-30 21:02:05,BE,204.6900,204.6900,204.6900,204.6900,0.0000,204.6900,0
2026-07-30 21:02:10,BE,204.7000,204.7400,204.6000,204.6000,1500.0000,204.6990,13
2026-07-30 21:02:15,BE,204.6000,204.6300,204.4200,204.4200,1550.0000,204.4990,7
2026-07-30 21:02:20,BE,204.5900,204.6900,204.5900,204.5900,700.0000,204.6470,6
2026-07-30 21:02:25,BE,204.4900,204.7600,204.4900,204.6300,1160.0000,204.6380,5
2026-07-30 21:02:30,BE,204.5900,204.7900,204.5800,204.7800,1700.0000,204.7310,17
2026-07-30 21:02:35,BE,204.7800,204.9000,204.6600,204.7800,5470.0000,204.7620,35
2026-07-30 21:02:40,BE,204.8000,204.9300,204.5400,204.8100,7081.0000,204.7290,43
2026-07-30 21:02:45,BE,204.8900,205.2100,204.7900,205.0600,3503.0000,204.9890,26
2026-07-30 21:02:50,BE,205.0000,205.1900,204.8100,204.9700,1984.0000,205.0840,9
2026-07-30 21:02:55,BE,204.9700,205.0500,204.7900,204.7900,1561.0000,204.8780,13
2026-07-30 21:03:00,BE,204.8500,204.8500,204.8000,204.8500,455.0000,204.8310,4
2026-07-30 21:03:05,BE,204.7700,204.8600,204.6700,204.8600,3950.0000,204.7690,19
2026-07-30 21:03:10,BE,204.8600,204.9900,204.6400,204.8500,882.0000,204.8440,5
2026-07-30 21:03:15,BE,204.6900,204.7100,204.6400,204.7100,1500.0000,204.6920,8
2026-07-30 21:03:20,BE,204.8000,204.8000,204.4600,204.4700,4955.0000,204.7030,38
2026-07-30 21:03:25,BE,204.5100,204.5100,204.3500,204.3500,3542.0000,204.4180,20
2026-07-30 21:03:30,BE,204.5600,204.6000,204.3000,204.3200,3256.0000,204.3710,20
2026-07-30 21:03:35,BE,204.3200,204.3200,204.1700,204.2000,1231.0000,204.2170,12
2026-07-30 21:03:40,BE,204.2000,204.3500,204.1900,204.3500,1800.0000,204.2540,15
2026-07-30 21:03:45,BE,204.3200,204.4400,204.3200,204.4400,1394.0000,204.3610,7
2026-07-30 21:03:50,BE,204.4000,204.5100,204.3900,204.4400,900.0000,204.4730,5
2026-07-30 21:03:55,BE,204.4400,204.4400,204.1300,204.1300,3504.0000,204.2260,19
2026-07-30 21:04:00,BE,204.3000,204.3300,203.8800,203.8800,5368.0000,204.1040,36
2026-07-30 21:04:05,BE,203.8800,204.1500,203.8800,204.1400,1603.0000,204.0360,16
2026-07-30 21:04:10,BE,204.0000,204.0100,204.0000,204.0100,200.0000,204.0050,2
2026-07-30 21:04:15,BE,204.1300,204.1400,203.9500,203.9500,1700.0000,204.0800,10
2026-07-30 21:04:20,BE,203.9500,204.1400,203.9500,204.0900,1325.0000,204.0970,10
2026-07-30 21:04:25,BE,204.1200,204.1200,204.0800,204.0900,300.0000,204.0970,3
2026-07-30 21:04:30,BE,204.0000,204.0400,203.9300,204.0400,1450.0000,203.9930,8
2026-07-30 21:04:35,BE,204.0600,204.0800,204.0000,204.0800,329.0000,204.0430,3
2026-07-30 21:04:40,BE,204.0200,204.0200,204.0200,204.0200,100.0000,204.0200,1
2026-07-30 21:04:45,BE,204.0800,204.0800,204.0400,204.0400,1400.0000,204.0770,5
2026-07-30 21:04:50,BE,203.9700,203.9700,203.5300,203.5900,3036.0000,203.7840,20
2026-07-30 21:04:55,BE,203.5800,203.5800,203.1300,203.3600,2885.0000,203.4280,24
2026-07-30 21:05:00,BE,203.4300,203.5500,203.2700,203.5100,2090.0000,203.4110,13
2026-07-30 21:05:05,BE,203.4400,203.5200,203.1600,203.2500,8196.0000,203.3070,56
2026-07-30 21:05:10,BE,203.2100,203.4100,202.8700,203.4100,29474.0000,203.1420,132
2026-07-30 21:05:15,BE,203.4900,204.0000,203.3200,203.5700,6867.0000,203.5560,29
2026-07-30 21:05:20,BE,203.5700,203.6900,203.4200,203.6900,1434.0000,203.5190,10
2026-07-30 21:05:25,BE,203.5600,203.6900,203.5500,203.6900,1000.0000,203.6360,10
2026-07-30 21:05:30,BE,203.7200,203.9700,203.7200,203.8500,650.0000,203.8470,4
2026-07-30 21:05:35,BE,203.8500,203.8500,203.4900,203.5500,2766.0000,203.5830,19
2026-07-30 21:05:40,BE,203.5400,203.5400,203.4200,203.5400,6500.0000,203.5260,9
2026-07-30 21:05:45,BE,203.5100,203.5100,203.1900,203.3400,2516.0000,203.3680,23
2026-07-30 21:05:50,BE,203.4200,203.4900,203.3500,203.4100,643.0000,203.4300,5
2026-07-30 21:05:55,BE,203.3900,203.5100,203.3800,203.3800,1119.0000,203.4410,11
2026-07-30 21:06:00,BE,203.4900,203.5500,203.4800,203.4900,450.0000,203.4980,4
2026-07-30 21:06:05,BE,203.4900,203.5800,203.3800,203.4800,1400.0000,203.4240,5
2026-07-30 21:06:10,BE,203.4700,203.6600,203.4700,203.6500,2614.0000,203.5980,23
2026-07-30 21:06:15,BE,203.6300,203.6300,203.3100,203.4000,2055.0000,203.4580,17
2026-07-30 21:06:20,BE,203.4300,203.4300,203.4300,203.4300,100.0000,203.4300,1
2026-07-30 21:06:25,BE,203.3100,203.4300,203.3100,203.4300,917.0000,203.3730,6
2026-07-30 21:06:30,BE,203.5400,203.8500,203.5400,203.7900,11540.0000,203.8010,20
2026-07-30 21:06:35,BE,203.9300,204.2000,203.9300,204.0900,12766.0000,204.0430,37
2026-07-30 21:06:40,BE,204.0900,204.0900,203.9400,204.0600,3284.0000,204.0180,22
2026-07-30 21:06:45,BE,204.0800,204.0800,204.0700,204.0800,100.0000,204.0750,1
2026-07-30 21:06:50,BE,204.0900,204.0900,203.9700,204.0800,1655.0000,204.0680,6
2026-07-30 21:06:55,BE,204.1900,204.4800,204.1900,204.2800,4646.0000,204.3000,34
2026-07-30 21:07:00,BE,204.3900,204.3900,204.2200,204.2900,8674.0000,204.2770,28
2026-07-30 21:07:05,BE,204.2500,204.3600,204.2300,204.3100,5622.0000,204.2610,29
2026-07-30 21:07:10,BE,204.3000,204.3000,204.2200,204.2600,4889.0000,204.2680,9
2026-07-30 21:07:15,BE,204.2900,204.3800,204.2400,204.3400,5115.0000,204.2640,16
2026-07-30 21:07:20,BE,204.3400,204.4700,204.2100,204.2100,1360.0000,204.3040,11
2026-07-30 21:07:25,BE,204.2500,204.2500,204.1200,204.1600,2100.0000,204.1640,21
2026-07-30 21:07:30,BE,203.9500,204.1700,203.9300,204.1700,800.0000,204.0300,6
2026-07-30 21:07:35,BE,204.0600,204.0600,203.9400,203.9900,650.0000,203.9950,4
2026-07-30 21:07:40,BE,204.0600,204.0700,204.0000,204.0700,500.0000,204.0460,5
2026-07-30 21:07:45,BE,204.0800,204.1700,203.9400,204.1700,1450.0000,204.0590,12
2026-07-30 21:07:50,BE,204.1500,204.3200,204.0000,204.1600,1813.0000,204.1640,11
2026-07-30 21:07:55,BE,204.1700,204.1700,203.8100,203.8100,2159.0000,203.9720,21
2026-07-30 21:08:00,BE,203.7600,203.7700,203.6000,203.6000,4812.0000,203.6930,39
2026-07-30 21:08:05,BE,203.4700,203.6300,203.3800,203.4100,3968.0000,203.5080,13
2026-07-30 21:08:10,BE,203.3500,203.4600,203.3500,203.4600,1400.0000,203.3970,9
2026-07-30 21:08:15,BE,203.4600,203.4900,203.4600,203.4700,1305.0000,203.4670,12
2026-07-30 21:08:20,BE,203.5600,203.6000,203.4700,203.6000,700.0000,203.5640,6
2026-07-30 21:08:25,BE,203.4200,203.6000,203.4200,203.5700,940.0000,203.5370,5
2026-07-30 21:08:30,BE,203.5100,203.5100,203.2000,203.2900,1340.0000,203.3730,9
2026-07-30 21:08:35,BE,203.3500,203.3500,203.2000,203.2000,900.0000,203.2420,9
2026-07-30 21:08:40,BE,203.2100,203.2100,203.2100,203.2100,600.0000,203.2100,5
2026-07-30 21:08:45,BE,203.2100,203.3500,203.2100,203.2200,1100.0000,203.2390,10
2026-07-30 21:08:50,BE,203.3000,203.3000,202.8100,202.9900,2691.0000,203.0440,21
2026-07-30 21:08:55,BE,202.9800,203.2700,202.9700,203.0500,2170.0000,203.1400,15
2026-07-30 21:09:00,BE,203.0000,203.0100,202.8200,202.8200,2084.0000,202.8810,14
2026-07-30 21:09:05,BE,202.8400,202.8400,202.7600,202.7700,1140.0000,202.7790,8
2026-07-30 21:09:10,BE,202.7700,202.7700,202.2500,202.4300,11210.0000,202.3960,75
2026-07-30 21:09:15,BE,202.3900,202.4200,202.2900,202.2900,3093.0000,202.3090,5
2026-07-30 21:09:20,BE,202.4600,202.4600,202.2800,202.3400,3599.0000,202.3350,17
2026-07-30 21:09:25,BE,202.2500,202.2800,201.8000,201.9300,17355.0000,202.0000,93
2026-07-30 21:09:30,BE,201.9200,202.2800,201.6900,201.7400,13363.0000,201.9790,81
2026-07-30 21:09:35,BE,201.7400,201.7400,201.5300,201.6600,6120.0000,201.6420,31
2026-07-30 21:09:40,BE,201.7400,201.8600,201.6800,201.8300,5513.0000,201.7780,38
2026-07-30 21:09:45,BE,201.7300,201.8000,201.6000,201.6400,2460.0000,201.7120,14
2026-07-30 21:09:50,BE,201.6400,201.6400,201.5000,201.5300,1157.0000,201.5410,7
2026-07-30 21:09:55,BE,201.6300,201.6700,201.3800,201.5800,2900.0000,201.5670,19
2026-07-30 21:10:00,BE,201.6800,201.7000,201.5400,201.5700,1850.0000,201.6100,17
2026-07-30 21:10:05,BE,201.6400,201.6800,201.5300,201.6500,7728.0000,201.5970,34
2026-07-30 21:10:10,BE,201.5500,201.6300,201.5300,201.5300,1143.0000,201.5500,7
2026-07-30 21:10:15,BE,201.5000,201.7500,201.4500,201.5900,2704.0000,201.6140,24
2026-07-30 21:10:20,BE,201.4600,201.7100,201.4600,201.6100,2154.0000,201.6300,16
2026-07-30 21:10:25,BE,201.6100,201.8000,201.5100,201.5900,1300.0000,201.6950,9
2026-07-30 21:10:30,BE,201.5100,201.6500,201.5000,201.5100,1050.0000,201.5180,10
2026-07-30 21:10:35,BE,201.4600,201.4600,201.4600,201.4600,200.0000,201.4600,2
2026-07-30 21:10:40,BE,201.4500,201.4600,201.2900,201.4200,7965.0000,201.3260,19
2026-07-30 21:10:45,BE,201.2200,201.5700,201.1900,201.1900,17593.0000,201.3520,104
2026-07-30 21:10:50,BE,201.3300,201.4700,201.1800,201.4700,3117.0000,201.3290,18
2026-07-30 21:10:55,BE,201.3300,201.3300,201.2200,201.3300,2100.0000,201.3010,13
2026-07-30 21:11:00,BE,201.3200,201.4300,201.3200,201.3200,2600.0000,201.4000,6
2026-07-30 21:11:05,BE,201.4500,201.9500,201.4200,201.8400,6882.0000,201.6670,53
2026-07-30 21:11:10,BE,201.8400,201.8800,201.8400,201.8800,745.0000,201.8450,4
2026-07-30 21:11:15,BE,201.7400,201.9500,201.6900,201.8500,3537.0000,201.8270,23
2026-07-30 21:11:20,BE,201.9800,202.0000,201.8600,201.8600,3028.0000,201.9190,17
2026-07-30 21:11:25,BE,201.7600,201.8300,201.6900,201.7300,2173.0000,201.7880,16
2026-07-30 21:11:30,BE,201.6900,201.8600,201.6900,201.8600,960.0000,201.7790,3
2026-07-30 21:11:35,BE,201.8600,201.9600,201.7400,201.8400,3449.0000,201.8550,14
2026-07-30 21:11:40,BE,201.6900,202.0800,201.6900,201.9600,2163.0000,201.9490,20
2026-07-30 21:11:45,BE,201.8500,201.9900,201.8500,201.9900,1437.0000,201.9420,8
2026-07-30 21:11:50,BE,201.9200,202.0800,201.9200,202.0800,4654.0000,201.9550,18
2026-07-30 21:11:55,BE,202.0100,202.0900,202.0000,202.0100,1500.0000,202.0560,13
2026-07-30 21:12:00,BE,202.0100,202.2700,202.0100,202.2500,8576.0000,202.0830,36
2026-07-30 21:12:05,BE,202.0900,202.2100,201.9300,202.0600,1617.0000,202.0230,7
2026-07-30 21:12:10,BE,202.0500,202.0600,202.0000,202.0600,2700.0000,202.0490,12
2026-07-30 21:12:15,BE,202.0500,202.1100,202.0000,202.1100,700.0000,202.0470,5
2026-07-30 21:12:20,BE,202.0500,202.0500,201.9500,202.0500,2327.0000,202.0290,13
2026-07-30 21:12:25,BE,202.0500,202.0500,201.9200,201.9300,2281.0000,201.9540,21
2026-07-30 21:12:30,BE,201.9700,202.0200,201.9100,201.9200,2333.0000,201.9820,17
2026-07-30 21:12:35,BE,201.9800,202.0600,201.8400,201.8400,1846.0000,201.9790,9
2026-07-30 21:12:40,BE,201.8400,201.9700,201.8400,201.9000,1263.0000,201.8770,12
2026-07-30 21:12:45,BE,201.9000,202.0000,201.9000,201.9500,958.0000,201.9380,9
2026-07-30 21:12:50,BE,201.9500,202.0500,201.5100,201.5100,15670.0000,201.8280,71
2026-07-30 21:12:55,BE,201.5000,201.6400,201.3800,201.5100,3792.0000,201.4430,28
2026-07-30 21:13:00,BE,201.3800,201.4800,201.2900,201.2900,2218.0000,201.3580,10
2026-07-30 21:13:05,BE,201.2300,201.4500,201.2300,201.2300,7366.0000,201.3050,49
2026-07-30 21:13:10,BE,201.3600,201.3600,201.2400,201.2400,700.0000,201.3360,7
2026-07-30 21:13:15,BE,201.2900,201.3400,201.2300,201.2900,1577.0000,201.2910,14
2026-07-30 21:13:20,BE,201.3300,201.4700,201.2000,201.3900,4878.0000,201.3290,37
2026-07-30 21:13:25,BE,201.3000,201.3900,201.2300,201.2300,3460.0000,201.3300,18
2026-07-30 21:13:30,BE,201.4900,201.4900,201.0800,201.1500,1576.0000,201.1940,12
2026-07-30 21:13:35,BE,201.1300,201.3500,201.0600,201.1200,3404.0000,201.2080,24
2026-07-30 21:13:40,BE,201.4700,201.4700,201.1200,201.1800,1020.0000,201.2410,9
2026-07-30 21:13:45,BE,201.0200,201.0300,200.7300,200.7300,24147.0000,200.9180,109
2026-07-30 21:13:50,BE,200.8200,201.1300,200.7400,201.1300,2576.0000,200.9260,18
2026-07-30 21:13:55,BE,201.1300,201.3800,201.1100,201.3800,3846.0000,201.2200,27
2026-07-30 21:14:00,BE,201.2600,201.2600,201.2500,201.2600,650.0000,201.2550,5
2026-07-30 21:14:05,BE,201.2500,201.2500,201.1800,201.1800,200.0000,201.2150,2
2026-07-30 21:14:10,BE,201.1800,201.1900,201.1800,201.1800,0.0000,201.1800,0
2026-07-30 21:14:15,BE,201.2600,201.4900,201.2300,201.4900,4866.0000,201.3490,28
2026-07-30 21:14:20,BE,201.4100,201.5000,201.3100,201.3100,810.0000,201.3930,7
2026-07-30 21:14:25,BE,201.4900,201.4900,201.3200,201.4000,550.0000,201.3950,5
2026-07-30 21:14:30,BE,201.4800,201.4800,201.1800,201.1900,842.0000,201.3130,8
2026-07-30 21:14:35,BE,201.2600,201.2600,201.2500,201.2600,300.0000,201.2550,2
2026-07-30 21:14:40,BE,201.3100,201.3100,201.3100,201.3100,750.0000,201.3100,1
2026-07-30 21:14:45,BE,201.1300,201.2100,201.1300,201.2100,500.0000,201.1620,4
2026-07-30 21:14:50,BE,201.2900,201.4900,201.2000,201.2500,6171.0000,201.3250,40
2026-07-30 21:14:55,BE,201.2800,201.2900,201.2800,201.2900,300.0000,201.2840,3
2026-07-30 21:15:00,BE,201.2900,201.2900,201.2300,201.2300,500.0000,201.2430,2
2026-07-30 21:15:05,BE,201.2600,201.5000,201.2600,201.3800,3213.0000,201.3850,25
2026-07-30 21:15:10,BE,201.3700,201.3900,201.3200,201.3800,1100.0000,201.3790,6
2026-07-30 21:15:15,BE,201.2800,201.4900,201.2700,201.4900,392.0000,201.3440,3
2026-07-30 21:15:20,BE,201.3100,201.3100,201.1700,201.2000,3466.0000,201.2530,29
2026-07-30 21:15:25,BE,201.2000,201.2000,201.1400,201.2000,700.0000,201.1570,3
2026-07-30 21:15:30,BE,201.1400,201.1400,201.1300,201.1300,1146.0000,201.1310,11
2026-07-30 21:15:35,BE,201.0900,201.1100,201.0000,201.0000,2400.0000,201.0450,17
2026-07-30 21:15:40,BE,201.0100,201.0900,201.0000,201.0900,2750.0000,201.0250,4
2026-07-30 21:15:45,BE,201.0900,201.0900,200.8800,200.9600,2778.0000,200.9360,26
2026-07-30 21:15:50,BE,200.8500,201.1000,200.8500,201.0200,2700.0000,200.9980,20
2026-07-30 21:15:55,BE,201.0200,201.0200,200.8900,201.0200,494.0000,200.9790,4
2026-07-30 21:16:00,BE,201.0200,201.0200,201.0200,201.0200,0.0000,201.0200,0
2026-07-30 21:16:05,BE,201.0200,201.0200,200.8900,200.9000,205.0000,200.9560,2
2026-07-30 21:16:10,BE,201.0800,201.0800,200.9100,200.9600,548.0000,200.9570,4
2026-07-30 21:16:15,BE,201.0300,201.1600,201.0300,201.1600,500.0000,201.0560,5
2026-07-30 21:16:20,BE,200.9300,201.1400,200.9200,201.1400,300.0000,201.0290,3
2026-07-30 21:16:25,BE,201.0500,201.1600,201.0400,201.1400,500.0000,201.1220,5
2026-07-30 21:16:30,BE,201.1500,201.2900,201.1400,201.2500,5000.0000,201.2070,35
2026-07-30 21:16:35,BE,201.2600,201.4500,201.1600,201.2400,6583.0000,201.3060,27
2026-07-30 21:16:40,BE,201.2700,201.3700,201.0400,201.2400,1642.0000,201.1970,13
2026-07-30 21:16:45,BE,201.1000,201.2700,201.1000,201.1700,862.0000,201.1860,6
2026-07-30 21:16:50,BE,201.2200,201.2300,201.1200,201.1300,1619.0000,201.1690,16
2026-07-30 21:16:55,BE,201.0400,201.0500,201.0000,201.0500,1411.0000,201.0230,10
2026-07-30 21:17:00,BE,201.0500,201.1400,201.0000,201.0500,2158.0000,201.0470,8
2026-07-30 21:17:05,BE,201.0900,201.2500,201.0900,201.2500,1845.0000,201.1560,18
2026-07-30 21:17:10,BE,201.2500,201.3100,201.2100,201.2800,1100.0000,201.2680,11
2026-07-30 21:17:15,BE,201.2800,201.3400,201.2800,201.3400,1655.0000,201.2930,3
2026-07-30 21:17:20,BE,201.3400,201.3800,201.3400,201.3800,1071.0000,201.3650,5
2026-07-30 21:17:25,BE,201.3800,201.3800,201.3800,201.3800,0.0000,201.3800,0
2026-07-30 21:17:30,BE,201.3700,201.4400,201.2200,201.2200,4662.0000,201.3490,29
2026-07-30 21:17:35,BE,201.2700,201.2700,201.1700,201.1900,1193.0000,201.2210,8
2026-07-30 21:17:40,BE,201.1800,201.1800,201.1000,201.1000,625.0000,201.1310,5
2026-07-30 21:17:45,BE,201.1800,201.1800,201.1000,201.1500,960.0000,201.1440,5
2026-07-30 21:17:50,BE,201.0500,201.1200,201.0000,201.1200,1100.0000,201.0530,11
2026-07-30 21:17:55,BE,201.2000,201.3400,201.0000,201.1900,4937.0000,201.2210,22
2026-07-30 21:18:00,BE,201.2800,201.3400,201.2500,201.2500,1550.0000,201.3050,9
2026-07-30 21:18:05,BE,201.3300,201.3300,201.2700,201.3300,400.0000,201.3130,4
2026-07-30 21:18:10,BE,201.2700,201.2700,201.2700,201.2700,100.0000,201.2700,1
2026-07-30 21:18:15,BE,201.2500,201.3400,201.2400,201.3000,852.0000,201.2790,8
2026-07-30 21:18:20,BE,201.3000,201.4100,201.3000,201.4100,1100.0000,201.3420,11
2026-07-30 21:18:25,BE,201.3900,201.4700,201.3500,201.3500,1283.0000,201.4340,10
2026-07-30 21:18:30,BE,201.4500,201.4500,201.3100,201.4000,557.0000,201.3880,5
2026-07-30 21:18:35,BE,201.4700,201.4700,201.3100,201.3100,3200.0000,201.3710,26
2026-07-30 21:18:40,BE,201.4000,201.4000,201.3900,201.3900,200.0000,201.3930,2
2026-07-30 21:18:45,BE,201.3700,201.3900,201.3700,201.3900,400.0000,201.3850,4
2026-07-30 21:18:50,BE,201.2600,201.2600,201.0300,201.2400,3899.0000,201.1640,30
2026-07-30 21:18:55,BE,201.0500,201.0600,201.0000,201.0000,1000.0000,201.0350,10
2026-07-30 21:19:00,BE,201.1000,201.1000,201.1000,201.1000,705.0000,201.1000,1
2026-07-30 21:19:05,BE,201.0100,201.1700,200.9100,200.9100,4032.0000,200.9990,32
2026-07-30 21:19:10,BE,200.9400,200.9400,200.7500,200.7600,2778.0000,200.8350,22
2026-07-30 21:19:15,BE,200.8500,200.9100,200.7600,200.7600,2728.0000,200.8350,22
2026-07-30 21:19:20,BE,200.8600,201.1000,200.8600,200.8700,1477.0000,200.9920,10
2026-07-30 21:19:25,BE,201.1000,201.1000,201.0000,201.0200,865.0000,201.0290,8
2026-07-30 21:19:30,BE,200.9800,201.0600,200.9500,201.0600,1966.0000,201.0420,3
2026-07-30 21:19:35,BE,200.8700,200.9200,200.7800,200.7800,898.0000,200.8820,7
2026-07-30 21:19:40,BE,200.7500,200.7500,200.6600,200.7200,5435.0000,200.7060,41
2026-07-30 21:19:45,BE,200.6800,200.7800,200.6000,200.6000,4299.0000,200.6810,20
2026-07-30 21:19:50,BE,200.6500,200.7600,200.6400,200.7600,1400.0000,200.7130,13
2026-07-30 21:19:55,BE,200.7300,200.9700,200.7000,200.8000,2090.0000,200.8240,17
2026-07-30 21:20:00,BE,200.9400,201.0000,200.9000,200.9100,2210.0000,200.9710,15
2026-07-30 21:20:05,BE,200.9000,200.9000,200.8900,200.9000,100.0000,200.8950,1
2026-07-30 21:20:10,BE,200.7900,200.9000,200.7900,200.9000,200.0000,200.8430,2
2026-07-30 21:20:15,BE,200.8600,200.9200,200.7900,200.7900,1058.0000,200.8310,10
2026-07-30 21:20:20,BE,200.7300,200.7600,200.6500,200.6500,1211.0000,200.7060,12
2026-07-30 21:20:25,BE,200.7400,201.0400,200.7200,201.0400,2749.0000,200.8830,21
2026-07-30 21:20:30,BE,200.9900,201.3000,200.9800,201.0500,1456.0000,201.1530,9
2026-07-30 21:20:35,BE,201.2800,201.2800,200.9900,201.0600,1078.0000,201.1130,7
2026-07-30 21:20:40,BE,201.1400,201.1400,201.1300,201.1400,968.0000,201.1350,3
2026-07-30 21:20:45,BE,201.0900,201.0900,200.9900,201.0500,800.0000,201.0160,8
2026-07-30 21:20:50,BE,200.9000,200.9300,200.8100,200.9200,1865.0000,200.8640,12
2026-07-30 21:20:55,BE,200.8800,200.8800,200.8800,200.8800,200.0000,200.8800,1
2026-07-30 21:21:00,BE,200.9200,200.9800,200.8900,200.9300,1300.0000,200.9310,11
2026-07-30 21:21:05,BE,200.9300,201.0900,200.9100,201.0900,2355.0000,201.0050,18
2026-07-30 21:21:10,BE,201.0900,201.0900,201.0900,201.0900,0.0000,201.0900,0
2026-07-30 21:21:15,BE,200.9900,201.3200,200.9900,201.2700,2023.0000,201.2540,15
2026-07-30 21:21:20,BE,201.2700,201.2700,201.2600,201.2600,952.0000,201.2640,4
2026-07-30 21:21:25,BE,201.2600,201.2700,201.1400,201.2700,781.0000,201.2310,6
2026-07-30 21:21:30,BE,201.2800,201.2800,201.2700,201.2800,100.0000,201.2750,1
2026-07-30 21:21:35,BE,201.4100,201.5300,201.4100,201.5300,1201.0000,201.4920,11
2026-07-30 21:21:40,BE,201.4900,201.6600,201.4700,201.6600,2396.0000,201.5000,9
2026-07-30 21:21:45,BE,201.7500,202.0000,201.6200,201.8000,11277.0000,201.8730,48
2026-07-30 21:21:50,BE,201.8000,201.8200,201.6400,201.6500,1713.0000,201.6740,15
2026-07-30 21:21:55,BE,201.6200,201.9200,201.5900,201.7100,3364.0000,201.7850,22
2026-07-30 21:22:00,BE,201.7500,201.8700,201.6400,201.7400,1000.0000,201.7220,10
2026-07-30 21:22:05,BE,201.7400,201.9800,201.6400,201.8900,5141.0000,201.8750,38
2026-07-30 21:22:10,BE,201.8800,201.9900,201.8000,201.8600,2672.0000,201.9350,13
2026-07-30 21:22:15,BE,201.7400,201.9800,201.7400,201.8600,2749.0000,201.9080,23
2026-07-30 21:22:20,BE,201.8600,201.8600,201.8600,201.8600,700.0000,201.8600,7
2026-07-30 21:22:25,BE,201.8500,202.5400,201.8500,202.3100,6395.0000,202.2590,29
2026-07-30 21:22:30,BE,202.2100,202.3300,202.0500,202.1000,4234.0000,202.1780,27
2026-07-30 21:22:35,BE,202.0500,202.1000,201.8900,201.8900,2200.0000,202.0400,17
2026-07-30 21:22:40,BE,201.9700,202.5100,201.9400,202.2300,6687.0000,202.2530,27
2026-07-30 21:22:45,BE,202.2300,202.3200,202.1900,202.2500,4442.0000,202.2570,23
2026-07-30 21:22:50,BE,202.3200,202.4600,202.1900,202.4600,2641.0000,202.3810,11
2026-07-30 21:22:55,BE,202.3900,202.4500,202.2600,202.4300,3603.0000,202.3480,23
2026-07-30 21:23:00,BE,202.4500,202.8400,202.4500,202.7400,3650.0000,202.6420,21
2026-07-30 21:23:05,BE,202.7400,202.8500,202.5900,202.6400,3139.0000,202.6560,22
2026-07-30 21:23:10,BE,202.6400,202.6400,202.3800,202.3800,12052.0000,202.5120,35
2026-07-30 21:23:15,BE,202.3800,202.5100,202.3800,202.5100,3033.0000,202.4160,15
2026-07-30 21:23:20,BE,202.3200,202.4500,202.3200,202.4500,400.0000,202.3850,2
2026-07-30 21:23:25,BE,202.4100,202.5700,202.4000,202.5700,2087.0000,202.4790,15
2026-07-30 21:23:30,BE,202.5200,202.6400,202.4900,202.6400,333.0000,202.5470,3
2026-07-30 21:23:35,BE,202.5900,202.5900,202.5100,202.5200,976.0000,202.5330,7
2026-07-30 21:23:40,BE,202.6000,202.6400,202.4700,202.6300,1357.0000,202.5920,9
2026-07-30 21:23:45,BE,202.5400,202.5400,202.3200,202.4100,2256.0000,202.4360,20
2026-07-30 21:23:50,BE,202.3200,202.3600,202.3200,202.3600,400.0000,202.3330,4
2026-07-30 21:23:55,BE,202.3200,202.4200,202.3200,202.3200,1458.0000,202.3790,9
2026-07-30 21:24:00,BE,202.4000,202.4100,202.3900,202.4000,1350.0000,202.3980,4
2026-07-30 21:24:05,BE,202.4100,202.4100,202.2900,202.3200,1776.0000,202.3500,15
2026-07-30 21:24:10,BE,202.3000,202.3000,202.2000,202.2600,1079.0000,202.2540,8
2026-07-30 21:24:15,BE,202.1600,202.6300,202.1600,202.3300,8114.0000,202.3510,43
2026-07-30 21:24:20,BE,202.3800,202.3800,202.2500,202.3400,2400.0000,202.3410,7
2026-07-30 21:24:25,BE,202.2000,202.3700,202.2000,202.3500,1054.0000,202.3210,5
2026-07-30 21:24:30,BE,202.3500,202.3700,202.3200,202.3200,300.0000,202.3430,3
2026-07-30 21:24:35,BE,202.3100,202.3200,202.3100,202.3200,800.0000,202.3160,8
2026-07-30 21:24:40,BE,202.2800,202.3700,202.2800,202.3000,1956.0000,202.3280,11
2026-07-30 21:24:45,BE,202.2800,202.3600,202.2700,202.2700,1200.0000,202.2860,9
2026-07-30 21:24:50,BE,202.2600,202.3600,202.2600,202.3500,1691.0000,202.3010,11
2026-07-30 21:24:55,BE,202.3000,202.3000,202.3000,202.3000,450.0000,202.3000,3
2026-07-30 21:25:00,BE,202.3000,202.3800,202.3000,202.3700,800.0000,202.3620,8
2026-07-30 21:25:05,BE,202.4400,202.4500,202.3900,202.4200,1245.0000,202.4170,3
2026-07-30 21:25:10,BE,202.3900,202.3900,202.3800,202.3900,724.0000,202.3860,5
2026-07-30 21:25:15,BE,202.4600,202.6700,202.4400,202.6700,2038.0000,202.5030,14
2026-07-30 21:25:20,BE,202.7200,202.7400,202.5300,202.6400,1748.0000,202.5960,10
2026-07-30 21:25:25,BE,202.7200,202.7300,202.5300,202.6300,1077.0000,202.6460,8
2026-07-30 21:25:30,BE,202.6300,202.6300,202.6300,202.6300,0.0000,202.6300,0
2026-07-30 21:25:35,BE,202.6200,202.7000,202.6200,202.6800,725.0000,202.6530,5
2026-07-30 21:25:40,BE,202.6800,202.6800,202.6800,202.6800,0.0000,202.6800,0
2026-07-30 21:25:45,BE,202.6200,202.6200,202.5500,202.6200,850.0000,202.5780,3
2026-07-30 21:25:50,BE,202.6300,202.6300,202.6200,202.6300,100.0000,202.6250,1
2026-07-30 21:25:55,BE,202.6600,202.6600,202.6600,202.6600,300.0000,202.6600,3
2026-07-30 21:26:00,BE,202.6200,202.7200,202.6200,202.6700,884.0000,202.6770,8
2026-07-30 21:26:05,BE,202.6100,202.6300,202.5000,202.5600,5111.0000,202.5310,30
2026-07-30 21:26:10,BE,202.5600,202.5600,202.5600,202.5600,200.0000,202.5600,1
2026-07-30 21:26:15,BE,202.5700,202.5700,202.3700,202.3800,2854.0000,202.4610,18
2026-07-30 21:26:20,BE,202.4800,202.4800,202.3700,202.4800,400.0000,202.4490,4
2026-07-30 21:26:25,BE,202.5800,202.5800,202.4700,202.4800,200.0000,202.5280,2
2026-07-30 21:26:30,BE,202.4800,202.5600,202.3700,202.4800,1600.0000,202.5190,7
2026-07-30 21:26:35,BE,202.5600,202.5600,202.3700,202.3700,300.0000,202.4330,2
2026-07-30 21:26:40,BE,202.5800,202.5800,202.3800,202.4800,888.0000,202.4880,7
2026-07-30 21:26:45,BE,202.4800,202.4800,202.4700,202.4800,100.0000,202.4750,1
2026-07-30 21:26:50,BE,202.4700,202.4900,202.4700,202.4700,400.0000,202.4800,3
2026-07-30 21:26:55,BE,202.4700,202.4700,202.4700,202.4700,300.0000,202.4700,2
2026-07-30 21:27:00,BE,202.5600,202.5600,202.4700,202.4700,361.0000,202.5230,2
2026-07-30 21:27:05,BE,202.3700,202.5900,202.3700,202.3800,4652.0000,202.4390,37
2026-07-30 21:27:10,BE,202.4600,202.4600,202.4600,202.4600,100.0000,202.4600,1
2026-07-30 21:27:15,BE,202.3700,202.3700,202.2400,202.3700,6951.0000,202.3320,26
2026-07-30 21:27:20,BE,202.3700,202.3700,202.1000,202.1000,6686.0000,202.2040,29
2026-07-30 21:27:25,BE,202.1300,202.1300,201.7000,201.7400,10327.0000,201.9960,58
2026-07-30 21:27:30,BE,201.6700,201.8600,201.6700,201.8000,1800.0000,201.7670,10
2026-07-30 21:27:35,BE,201.7700,201.7700,201.3600,201.3600,3892.0000,201.6370,29
2026-07-30 21:27:40,BE,201.4900,201.5100,201.3600,201.4300,1419.0000,201.4540,10
2026-07-30 21:27:45,BE,201.4200,201.4400,201.3600,201.4400,2914.0000,201.3880,20
2026-07-30 21:27:50,BE,201.4200,201.5400,201.3500,201.3700,5284.0000,201.4410,34
2026-07-30 21:27:55,BE,201.3000,201.3400,201.2600,201.2700,1900.0000,201.2970,13
2026-07-30 21:28:00,BE,201.2200,201.2600,201.2100,201.2100,600.0000,201.2330,3
2026-07-30 21:28:05,BE,201.2500,201.3900,201.2400,201.3600,1906.0000,201.3210,17
2026-07-30 21:28:10,BE,201.3800,201.4900,201.2800,201.4900,969.0000,201.3890,8
2026-07-30 21:28:15,BE,201.4200,201.4200,201.3500,201.3700,870.0000,201.3720,7
2026-07-30 21:28:20,BE,201.3000,201.4900,201.3000,201.4900,1220.0000,201.4140,10
2026-07-30 21:28:25,BE,201.4900,201.4900,201.4900,201.4900,100.0000,201.4900,1
2026-07-30 21:28:30,BE,201.4900,201.8700,201.3900,201.8600,5265.0000,201.5360,36
2026-07-30 21:28:35,BE,201.8400,201.8600,201.6700,201.8300,999.0000,201.8040,8
2026-07-30 21:28:40,BE,201.8300,201.8300,201.7300,201.7300,800.0000,201.8120,8
2026-07-30 21:28:45,BE,201.8000,201.9800,201.8000,201.9800,1975.0000,201.8890,19
2026-07-30 21:28:50,BE,201.9800,202.1100,201.9600,201.9600,700.0000,202.0400,5
2026-07-30 21:28:55,BE,201.9600,202.1100,201.8100,202.0800,800.0000,202.0080,7
2026-07-30 21:29:00,BE,201.9700,202.1200,201.9700,202.0200,1321.0000,202.0710,6
2026-07-30 21:29:05,BE,202.1900,202.2400,202.0500,202.1900,3291.0000,202.1030,20
2026-07-30 21:29:10,BE,202.3400,202.4100,202.2100,202.2100,2242.0000,202.3530,15
2026-07-30 21:29:15,BE,202.0400,202.1800,202.0300,202.1800,600.0000,202.1070,5
2026-07-30 21:29:20,BE,202.1800,202.1800,202.1100,202.1700,1100.0000,202.1400,8
2026-07-30 21:29:25,BE,202.1600,202.2800,202.1500,202.2600,1069.0000,202.2390,9
2026-07-30 21:29:30,BE,202.2800,202.2800,202.1500,202.1500,1700.0000,202.2350,13
2026-07-30 21:29:35,BE,202.1500,202.2100,202.1500,202.1500,612.0000,202.1600,5
2026-07-30 21:29:40,BE,202.0300,202.1500,202.0300,202.0800,960.0000,202.0840,8
2026-07-30 21:29:45,BE,202.1500,202.1500,202.1400,202.1500,200.0000,202.1450,2
2026-07-30 21:29:50,BE,202.2600,202.2600,202.2500,202.2600,100.0000,202.2600,1
2026-07-30 21:29:55,BE,202.2600,202.3300,202.2600,202.3300,1516.0000,202.2790,9
2026-07-30 21:30:00,BE,202.4000,202.4000,202.2400,202.2400,2238.0000,202.3550,10
2026-07-30 21:30:05,BE,202.2200,202.2200,202.2200,202.2200,100.0000,202.2200,1
2026-07-30 21:30:10,BE,202.3800,202.3800,202.2200,202.2200,350.0000,202.3340,2
2026-07-30 21:30:15,BE,202.3700,202.3700,202.2000,202.2100,1327.0000,202.2330,6
2026-07-30 21:30:20,BE,202.3500,203.1000,202.3400,203.0500,18982.0000,202.7380,108
2026-07-30 21:30:25,BE,203.0900,203.4700,202.9900,203.4000,4532.0000,203.3090,33
2026-07-30 21:30:30,BE,203.4600,203.6900,203.4000,203.5400,4112.0000,203.5690,27
2026-07-30 21:30:35,BE,203.6900,203.6900,203.5200,203.6000,3053.0000,203.6350,15
2026-07-30 21:30:40,BE,203.6800,203.8700,203.6800,203.7000,3092.0000,203.7490,23
2026-07-30 21:30:45,BE,203.7200,203.8200,203.6800,203.7100,991.0000,203.7280,9
2026-07-30 21:30:50,BE,203.6900,203.8200,203.6800,203.8100,1855.0000,203.7370,15
2026-07-30 21:30:55,BE,203.8100,203.8600,203.6100,203.7900,3462.0000,203.7590,30
2026-07-30 21:31:00,BE,203.7900,203.8700,203.6700,203.8500,2396.0000,203.7480,16
2026-07-30 21:31:05,BE,203.8100,203.9100,203.7200,203.7200,2598.0000,203.8240,21
2026-07-30 21:31:10,BE,203.7200,203.7700,203.5500,203.6800,5158.0000,203.6330,39
2026-07-30 21:31:15,BE,203.6800,203.8500,203.5500,203.8400,7346.0000,203.6910,45
2026-07-30 21:31:20,BE,203.8400,203.9000,203.7200,203.7200,4877.0000,203.8500,33
2026-07-30 21:31:25,BE,203.7000,203.7000,203.7000,203.7000,200.0000,203.7000,2
2026-07-30 21:31:30,BE,203.7100,203.8400,203.5400,203.8100,10436.0000,203.6770,62
2026-07-30 21:31:35,BE,203.8100,203.8100,203.5400,203.5700,7203.0000,203.6030,28
2026-07-30 21:31:40,BE,203.5800,203.5800,202.6600,202.7800,8489.0000,203.3370,56
2026-07-30 21:31:45,BE,202.6600,202.9300,202.6600,202.9200,1057.0000,202.8610,9
2026-07-30 21:31:50,BE,202.7400,202.9400,202.6600,202.9400,5153.0000,202.8510,30
2026-07-30 21:31:55,BE,202.9400,203.1400,202.6600,202.8900,7788.0000,202.8740,39
2026-07-30 21:32:00,BE,202.9100,203.0700,202.8700,202.8900,4201.0000,202.9360,28
2026-07-30 21:32:05,BE,202.8800,202.8800,202.8700,202.8800,300.0000,202.8750,2
2026-07-30 21:32:10,BE,202.9300,203.2800,202.7000,203.2400,5570.0000,203.0970,35
2026-07-30 21:32:15,BE,203.2300,203.4800,203.0900,203.4800,1690.0000,203.3490,12
2026-07-30 21:32:20,BE,203.6000,203.6600,203.4100,203.6600,1884.0000,203.6050,8
2026-07-30 21:32:25,BE,203.5400,203.6100,203.3600,203.5100,5557.0000,203.4690,45
2026-07-30 21:32:30,BE,203.4700,203.6400,203.4600,203.6400,200.0000,203.5530,2
2026-07-30 21:32:35,BE,203.7700,203.8400,203.4700,203.6300,800.0000,203.6610,7
2026-07-30 21:32:40,BE,203.6300,203.6300,203.6200,203.6300,200.0000,203.6250,2
2026-07-30 21:32:45,BE,203.6300,203.6300,203.2400,203.4500,5814.0000,203.4480,51
2026-07-30 21:32:50,BE,203.4500,203.4500,203.4500,203.4500,0.0000,203.4500,0
2026-07-30 21:32:55,BE,203.2700,203.5800,203.2700,203.3800,1917.0000,203.4680,7
2026-07-30 21:33:00,BE,203.3700,203.4100,203.1800,203.1800,900.0000,203.3520,5
2026-07-30 21:33:05,BE,203.5500,203.7500,203.5500,203.7300,1600.0000,203.6350,14
2026-07-30 21:33:10,BE,203.8100,203.8900,203.6900,203.7900,2025.0000,203.8120,15
2026-07-30 21:33:15,BE,203.9800,203.9800,203.8900,203.8900,893.0000,203.9000,4
2026-07-30 21:33:20,BE,203.9900,203.9900,203.7900,203.8700,3005.0000,203.8350,21
2026-07-30 21:33:25,BE,203.8700,203.8700,203.5500,203.6500,4100.0000,203.7740,38
2026-07-30 21:33:30,BE,203.6500,203.6500,203.5100,203.6500,517.0000,203.6060,3
2026-07-30 21:33:35,BE,203.6400,203.6900,203.3600,203.5000,3359.0000,203.5950,13
2026-07-30 21:33:40,BE,203.4600,203.5700,203.4500,203.4500,300.0000,203.4920,3
2026-07-30 21:33:45,BE,203.5000,203.5000,203.4500,203.4500,440.0000,203.4660,3
2026-07-30 21:33:50,BE,203.4500,203.4500,203.4500,203.4500,100.0000,203.4500,1
2026-07-30 21:33:55,BE,203.4500,203.4500,203.3300,203.4500,450.0000,203.3830,3
2026-07-30 21:34:00,BE,203.4100,203.4100,203.4000,203.4100,100.0000,203.4050,1
2026-07-30 21:34:05,BE,203.3900,203.7100,203.3300,203.5600,8286.0000,203.4930,66
2026-07-30 21:34:10,BE,203.3600,203.3600,203.3600,203.3600,100.0000,203.3600,1
2026-07-30 21:34:15,BE,203.4000,203.4000,203.3300,203.3300,206.0000,203.3630,2
2026-07-30 21:34:20,BE,203.4000,203.4000,203.3200,203.3200,400.0000,203.3800,2
2026-07-30 21:34:25,BE,203.5200,203.6800,203.5200,203.6800,1668.0000,203.6080,13
2026-07-30 21:34:30,BE,203.6800,203.6800,203.6700,203.6800,421.0000,203.6750,2
2026-07-30 21:34:35,BE,203.7500,203.7500,203.7500,203.7500,300.0000,203.7500,3
2026-07-30 21:34:40,BE,203.8500,203.8800,203.7200,203.8800,1375.0000,203.8280,6
2026-07-30 21:34:45,BE,203.8800,205.2800,203.8500,205.1900,59758.0000,204.5930,283
2026-07-30 21:34:50,BE,205.2600,205.4700,205.1800,205.3300,5921.0000,205.3230,40
2026-07-30 21:34:55,BE,205.3300,205.5400,205.2400,205.5100,7186.0000,205.4110,59
2026-07-30 21:35:00,BE,205.4800,205.5600,205.3000,205.4500,5210.0000,205.3990,37
2026-07-30 21:35:05,BE,205.4300,205.6000,205.3000,205.5100,8249.0000,205.4310,44
2026-07-30 21:35:10,BE,205.6000,205.6000,205.4000,205.4900,3708.0000,205.5390,30
2026-07-30 21:35:15,BE,205.5300,205.7300,204.8300,205.0800,16445.0000,205.4620,88
2026-07-30 21:35:20,BE,205.0800,205.5500,204.9900,205.5500,6331.0000,205.2200,41
2026-07-30 21:35:25,BE,205.2500,205.5700,205.2500,205.3900,5093.0000,205.4590,38
2026-07-30 21:35:30,BE,205.5700,205.5700,205.2600,205.3000,6686.0000,205.5250,21
2026-07-30 21:35:35,BE,205.4000,205.5500,205.2500,205.5400,2435.0000,205.3910,11
2026-07-30 21:35:40,BE,205.4000,205.4800,205.3700,205.4800,1776.0000,205.4060,12
2026-07-30 21:35:45,BE,205.3600,205.4600,205.3500,205.3600,965.0000,205.3680,4
2026-07-30 21:35:50,BE,205.4500,205.5000,205.3000,205.3000,8212.0000,205.4300,68
2026-07-30 21:35:55,BE,205.3900,205.4700,205.3200,205.3900,2247.0000,205.3840,11
2026-07-30 21:36:00,BE,205.3100,205.3900,205.2000,205.2900,12330.0000,205.2850,84
2026-07-30 21:36:05,BE,205.3100,205.3800,205.2400,205.3400,5138.0000,205.3090,40
2026-07-30 21:36:10,BE,205.3900,205.4700,205.2600,205.2600,3623.0000,205.3500,29
2026-07-30 21:36:15,BE,205.2100,205.3400,205.2100,205.3000,1889.0000,205.2860,17
2026-07-30 21:36:20,BE,205.3200,205.3200,205.1100,205.1600,9076.0000,205.1990,62
2026-07-30 21:36:25,BE,205.1200,205.2000,205.0500,205.1500,2802.0000,205.1470,23
2026-07-30 21:36:30,BE,205.1100,205.2300,205.1000,205.1000,7137.0000,205.1440,43
2026-07-30 21:36:35,BE,205.1000,205.1000,205.0400,205.0400,1250.0000,205.0670,6
2026-07-30 21:36:40,BE,205.1400,205.1500,205.0600,205.1200,1800.0000,205.1240,11
2026-07-30 21:36:45,BE,205.1400,205.1700,205.0500,205.1200,2640.0000,205.1170,15
2026-07-30 21:36:50,BE,205.1500,205.2400,205.1500,205.2000,3342.0000,205.1840,22
2026-07-30 21:36:55,BE,205.1400,205.2900,205.1400,205.2800,1540.0000,205.2290,10
2026-07-30 21:37:00,BE,205.2800,205.3200,205.2400,205.2800,2642.0000,205.2620,20
2026-07-30 21:37:05,BE,205.3000,205.3600,205.3000,205.3600,3710.0000,205.3250,28
2026-07-30 21:37:10,BE,205.3300,205.3300,205.0000,205.1400,14449.0000,205.2530,93
2026-07-30 21:37:15,BE,205.0900,205.1200,205.0600,205.0900,1075.0000,205.0970,9
2026-07-30 21:37:20,BE,205.1700,205.3100,205.1000,205.2100,4415.0000,205.1970,31
2026-07-30 21:37:25,BE,205.2000,205.2700,205.2000,205.2700,1000.0000,205.2210,4
2026-07-30 21:37:30,BE,205.2900,205.2900,205.2800,205.2900,150.0000,205.2900,1
2026-07-30 21:37:35,BE,205.2300,205.2800,205.1600,205.2800,4181.0000,205.2230,26
2026-07-30 21:37:40,BE,205.2700,205.2700,205.2700,205.2700,300.0000,205.2700,3
2026-07-30 21:37:45,BE,205.2500,205.5400,205.2200,205.3800,17936.0000,205.3610,55
2026-07-30 21:37:50,BE,205.4400,205.4400,205.4300,205.4400,100.0000,205.4400,1
2026-07-30 21:37:55,BE,205.3700,205.9900,205.3700,205.8300,7717.0000,205.7200,42
2026-07-30 21:38:00,BE,205.8500,205.8500,205.7400,205.7500,1000.0000,205.7650,6
2026-07-30 21:38:05,BE,205.8500,205.8600,205.7700,205.8600,600.0000,205.8270,6
2026-07-30 21:38:10,BE,205.7700,205.8400,205.7200,205.7700,1600.0000,205.7710,14
2026-07-30 21:38:15,BE,205.7700,205.8600,205.7600,205.7700,3579.0000,205.8140,31
2026-07-30 21:38:20,BE,205.8200,205.8200,205.6200,205.7000,4987.0000,205.7310,39
2026-07-30 21:38:25,BE,205.6600,205.9000,205.5600,205.8200,3964.0000,205.7310,22
2026-07-30 21:38:30,BE,205.8100,205.9000,205.8100,205.9000,2528.0000,205.8310,18
2026-07-30 21:38:35,BE,205.8500,205.9300,205.7800,205.8400,2358.0000,205.8360,17
2026-07-30 21:38:40,BE,205.7900,205.8400,205.7800,205.8400,500.0000,205.8190,5
2026-07-30 21:38:45,BE,205.9300,205.9300,205.8600,205.8600,3600.0000,205.8740,29
2026-07-30 21:38:50,BE,205.8600,205.8600,205.6200,205.6300,8207.0000,205.8030,46
2026-07-30 21:38:55,BE,205.5800,205.6600,205.5800,205.6200,1310.0000,205.6160,7
2026-07-30 21:39:00,BE,205.6800,205.6800,205.5500,205.6600,2604.0000,205.6100,24
2026-07-30 21:39:05,BE,205.6600,205.6600,205.5200,205.5500,5541.0000,205.5800,38
2026-07-30 21:39:10,BE,205.5600,205.6200,205.4800,205.5900,7452.0000,205.5590,32
2026-07-30 21:39:15,BE,205.4100,205.5100,205.4100,205.4700,1118.0000,205.4680,9
2026-07-30 21:39:20,BE,205.4700,205.5100,205.4100,205.5100,2001.0000,205.4490,17
2026-07-30 21:39:25,BE,205.5200,205.5800,205.4500,205.5500,4257.0000,205.5120,28
2026-07-30 21:39:30,BE,205.5500,205.6100,205.5400,205.5500,1413.0000,205.5530,14
2026-07-30 21:39:35,BE,205.5700,205.5900,205.4800,205.5800,5262.0000,205.5390,31
2026-07-30 21:39:40,BE,205.5900,205.8000,205.5800,205.8000,2008.0000,205.6750,14
2026-07-30 21:39:45,BE,205.7500,205.8300,205.5800,205.6800,1131.0000,205.7250,10
2026-07-30 21:39:50,BE,205.7400,205.7400,205.7400,205.7400,100.0000,205.7400,1
2026-07-30 21:39:55,BE,205.7400,205.7400,205.6200,205.6200,7078.0000,205.6840,48
2026-07-30 21:40:00,BE,205.5900,205.5900,205.3800,205.5700,5720.0000,205.5060,23
2026-07-30 21:40:05,BE,205.5000,205.5000,205.5000,205.5000,117.0000,205.5000,1
2026-07-30 21:40:10,BE,205.6000,205.6700,205.5000,205.6400,3385.0000,205.6070,23
2026-07-30 21:40:15,BE,205.6300,205.6300,205.6300,205.6300,2100.0000,205.6300,3
2026-07-30 21:40:20,BE,205.6300,205.6300,205.3200,205.3800,13659.0000,205.5200,88
2026-07-30 21:40:25,BE,205.2600,205.4800,205.2600,205.4800,1300.0000,205.3520,9
2026-07-30 21:40:30,BE,205.4300,205.5400,205.3400,205.5200,1200.0000,205.4840,10
2026-07-30 21:40:35,BE,205.5700,205.5700,205.5700,205.5700,300.0000,205.5700,2
2026-07-30 21:40:40,BE,205.5000,205.5000,205.4900,205.5000,1388.0000,205.4950,5
2026-07-30 21:40:45,BE,205.4200,205.5000,205.4200,205.5000,563.0000,205.4820,3
2026-07-30 21:40:50,BE,205.5700,205.6100,205.5000,205.5000,1900.0000,205.5360,9
2026-07-30 21:40:55,BE,205.5900,205.5900,205.5900,205.5900,640.0000,205.5900,4
2026-07-30 21:41:00,BE,205.5000,205.7000,205.3900,205.4800,4870.0000,205.5210,38
2026-07-30 21:41:05,BE,205.4800,205.5600,205.4400,205.4900,2575.0000,205.5050,22
2026-07-30 21:41:10,BE,205.4900,205.5000,205.4400,205.4700,1325.0000,205.4660,13
2026-07-30 21:41:15,BE,205.4100,205.4700,205.2900,205.3300,2000.0000,205.3600,12
2026-07-30 21:41:20,BE,205.3800,205.4700,205.3100,205.3600,1000.0000,205.3690,4
2026-07-30 21:41:25,BE,205.3600,205.4300,205.2800,205.3100,3965.0000,205.3780,32
2026-07-30 21:41:30,BE,205.2300,205.2500,205.2200,205.2500,1142.0000,205.2450,4
2026-07-30 21:41:35,BE,205.2400,205.2400,205.2300,205.2400,500.0000,205.2360,5
2026-07-30 21:41:40,BE,205.2400,205.3600,205.2300,205.3500,7303.0000,205.3100,19
2026-07-30 21:41:45,BE,205.3500,205.3500,205.0100,205.1300,12311.0000,205.2510,72
2026-07-30 21:41:50,BE,205.0700,205.1300,204.6300,204.7200,9002.0000,204.9650,59
2026-07-30 21:41:55,BE,204.7400,204.9200,204.6300,204.7700,1187.0000,204.7700,10
2026-07-30 21:42:00,BE,204.7700,205.1700,204.6300,205.1300,6886.0000,204.9050,48
2026-07-30 21:42:05,BE,205.2300,205.3500,205.2200,205.3500,1100.0000,205.2900,11
2026-07-30 21:42:10,BE,205.2800,205.3300,205.2000,205.3300,1400.0000,205.2350,12
2026-07-30 21:42:15,BE,205.2200,205.2200,205.1900,205.2200,4900.0000,205.2080,35
2026-07-30 21:42:20,BE,205.2200,205.2200,205.2100,205.2200,100.0000,205.2150,1
2026-07-30 21:42:25,BE,205.2200,205.2500,205.0500,205.2500,550.0000,205.1820,4
2026-07-30 21:42:30,BE,205.2100,205.3000,205.2100,205.3000,1200.0000,205.2260,7
2026-07-30 21:42:35,BE,205.2600,205.3400,205.2400,205.3400,1300.0000,205.2990,6
2026-07-30 21:42:40,BE,205.2500,205.2500,205.2400,205.2500,100.0000,205.2450,1
2026-07-30 21:42:45,BE,205.2500,205.3300,205.1800,205.2600,1233.0000,205.2500,10
2026-07-30 21:42:50,BE,205.1800,205.2500,205.1500,205.2100,6787.0000,205.1960,54
2026-07-30 21:42:55,BE,205.2700,205.3400,205.2700,205.3300,1868.0000,205.3270,16
2026-07-30 21:43:00,BE,205.3800,205.3900,205.3200,205.3200,900.0000,205.3760,5
2026-07-30 21:43:05,BE,205.4700,205.4700,205.3600,205.3600,400.0000,205.3880,3
2026-07-30 21:43:10,BE,205.4500,205.6500,205.4200,205.5000,4193.0000,205.5400,23
2026-07-30 21:43:15,BE,205.4900,205.5000,205.3900,205.4400,2221.0000,205.4390,19
2026-07-30 21:43:20,BE,205.4900,205.4900,205.4800,205.4900,200.0000,205.4890,1
2026-07-30 21:43:25,BE,205.4500,205.4500,205.4400,205.4500,100.0000,205.4450,1
2026-07-30 21:43:30,BE,205.4200,205.4500,205.3200,205.3300,2350.0000,205.3840,20
2026-07-30 21:43:35,BE,205.4000,205.4600,205.3200,205.3200,1386.0000,205.3620,11
2026-07-30 21:43:40,BE,205.3200,205.3700,205.3100,205.3100,450.0000,205.3320,4
2026-07-30 21:43:45,BE,205.2600,205.3500,205.2100,205.3100,3913.0000,205.2560,27
2026-07-30 21:43:50,BE,205.2800,205.3600,205.2700,205.2800,1881.0000,205.2950,13
2026-07-30 21:43:55,BE,205.2800,205.4100,205.2700,205.4000,2730.0000,205.3440,21
2026-07-30 21:44:00,BE,205.4700,205.5600,205.3700,205.4000,4835.0000,205.5010,29
2026-07-30 21:44:05,BE,205.4000,205.4900,205.4000,205.4900,500.0000,205.4180,2
2026-07-30 21:44:10,BE,205.4900,205.4900,205.4000,205.4000,1054.0000,205.4310,4
2026-07-30 21:44:15,BE,205.4000,205.4000,205.4000,205.4000,0.0000,205.4000,0
2026-07-30 21:44:20,BE,205.4100,205.4100,205.4000,205.4100,100.0000,205.4050,1
2026-07-30 21:44:25,BE,205.4100,205.4100,205.4000,205.4100,0.0000,205.4100,0
2026-07-30 21:44:30,BE,205.4900,205.6500,205.4700,205.5500,2699.0000,205.5320,24
2026-07-30 21:44:35,BE,205.5800,205.6300,205.4700,205.6000,1175.0000,205.5600,7
2026-07-30 21:44:40,BE,205.5800,205.5800,205.5800,205.5800,200.0000,205.5800,2
2026-07-30 21:44:45,BE,205.6400,205.6900,205.5900,205.6900,2534.0000,205.6610,14
2026-07-30 21:44:50,BE,205.5800,205.5800,205.5800,205.5800,899.0000,205.5800,7
2026-07-30 21:44:55,BE,205.6800,205.6800,205.6000,205.6100,1150.0000,205.6120,3
2026-07-30 21:45:00,BE,205.5400,205.6100,205.5200,205.5500,400.0000,205.5540,4
2026-07-30 21:45:05,BE,205.6900,205.8000,205.6600,205.6800,4313.0000,205.7410,21
2026-07-30 21:45:10,BE,205.6900,205.7900,205.5900,205.6900,4050.0000,205.6940,30
2026-07-30 21:45:15,BE,205.6000,205.7600,205.6000,205.6800,1210.0000,205.6770,7
2026-07-30 21:45:20,BE,205.6700,205.7200,205.4500,205.5200,9411.0000,205.6010,68
2026-07-30 21:45:25,BE,205.3500,205.4500,205.3500,205.4500,2038.0000,205.3920,4
2026-07-30 21:45:30,BE,205.3300,205.3300,205.3300,205.3300,100.0000,205.3300,1
2026-07-30 21:45:35,BE,205.4400,205.4500,205.4400,205.4500,200.0000,205.4440,2
2026-07-30 21:45:40,BE,205.4400,205.7300,205.4400,205.7300,4181.0000,205.5410,20
2026-07-30 21:45:45,BE,205.7200,205.9000,205.6600,205.7900,3182.0000,205.7540,21
2026-07-30 21:45:50,BE,205.8100,205.8200,205.7400,205.7600,2564.0000,205.7910,18
2026-07-30 21:45:55,BE,205.8100,205.8900,205.8100,205.8500,902.0000,205.8370,8
2026-07-30 21:46:00,BE,205.8800,205.9400,205.8300,205.8600,2020.0000,205.8680,11
2026-07-30 21:46:05,BE,205.8800,205.8800,205.6200,205.6900,4374.0000,205.7230,29
2026-07-30 21:46:10,BE,205.6800,205.6800,205.6700,205.6800,585.0000,205.6750,3
2026-07-30 21:46:15,BE,205.7400,205.8400,205.7400,205.8000,700.0000,205.7900,5
2026-07-30 21:46:20,BE,205.7900,205.7900,205.7900,205.7900,1296.0000,205.7900,7
2026-07-30 21:46:25,BE,205.8000,205.8000,205.8000,205.8000,300.0000,205.8000,1
2026-07-30 21:46:30,BE,205.8900,206.1300,205.8100,206.0500,5293.0000,205.9720,32
2026-07-30 21:46:35,BE,206.1200,206.1300,206.0000,206.0100,2682.0000,206.0660,19
2026-07-30 21:46:40,BE,206.0600,206.1200,206.0000,206.1200,1424.0000,206.0760,9
2026-07-30 21:46:45,BE,206.1800,206.3400,206.1300,206.1500,4632.0000,206.2160,27
2026-07-30 21:46:50,BE,206.1500,206.1500,206.0100,206.0400,2841.0000,206.0330,8
2026-07-30 21:46:55,BE,206.0700,206.2300,206.0600,206.1700,10297.0000,206.1340,59
2026-07-30 21:47:00,BE,206.0800,206.1000,206.0800,206.1000,558.0000,206.0920,4
2026-07-30 21:47:05,BE,206.0800,206.1100,205.9100,205.9600,7525.0000,206.0590,51
2026-07-30 21:47:10,BE,205.8800,205.9500,205.8800,205.8900,1636.0000,205.8930,13
2026-07-30 21:47:15,BE,205.9500,205.9500,205.8900,205.8900,1202.0000,205.9090,9
2026-07-30 21:47:20,BE,205.8900,205.9000,205.7900,205.7900,2361.0000,205.8610,13
2026-07-30 21:47:25,BE,205.8300,205.8900,205.7200,205.8400,2848.0000,205.8090,22
2026-07-30 21:47:30,BE,205.8400,205.8400,205.8000,205.8000,1275.0000,205.8060,6
2026-07-30 21:47:35,BE,205.8700,205.9600,205.6700,205.6700,6535.0000,205.8320,37
2026-07-30 21:47:40,BE,205.6700,205.6800,205.5400,205.6800,2524.0000,205.6050,13
2026-07-30 21:47:45,BE,205.5900,205.5900,205.2100,205.3300,11863.0000,205.5040,81
2026-07-30 21:47:50,BE,205.2000,205.3200,205.2000,205.2900,1200.0000,205.2780,7
2026-07-30 21:47:55,BE,205.4200,205.4800,205.2400,205.4200,4154.0000,205.4150,23
2026-07-30 21:48:00,BE,205.4200,205.4200,205.4100,205.4200,300.0000,205.4180,3
2026-07-30 21:48:05,BE,205.4900,205.5000,205.4100,205.4700,450.0000,205.4710,3
2026-07-30 21:48:10,BE,205.4500,205.4500,205.3200,205.4200,843.0000,205.4060,5
2026-07-30 21:48:15,BE,205.4200,205.5400,205.4200,205.5100,2399.0000,205.4810,19
2026-07-30 21:48:20,BE,205.5100,205.5100,205.3000,205.3900,1700.0000,205.4070,14
2026-07-30 21:48:25,BE,205.3900,205.4700,205.3900,205.4600,2541.0000,205.4340,15
2026-07-30 21:48:30,BE,205.4300,205.4300,205.3800,205.3900,833.0000,205.4030,5
2026-07-30 21:48:35,BE,205.4500,205.5100,205.4100,205.4200,2897.0000,205.4450,24
2026-07-30 21:48:40,BE,205.4600,205.5100,205.4100,205.4300,2873.0000,205.4490,24
2026-07-30 21:48:45,BE,205.5400,205.5400,205.4200,205.5000,900.0000,205.4430,3
2026-07-30 21:48:50,BE,205.4400,205.5100,205.4200,205.4700,1200.0000,205.4450,8
2026-07-30 21:48:55,BE,205.4700,205.4700,205.4200,205.4200,200.0000,205.4430,2
2026-07-30 21:49:00,BE,205.4900,205.4900,205.4800,205.4800,800.0000,205.4840,8
2026-07-30 21:49:05,BE,205.5000,205.5000,205.4000,205.4700,5292.0000,205.4520,48
2026-07-30 21:49:10,BE,205.4500,205.5400,205.4400,205.5400,2250.0000,205.5210,15
2026-07-30 21:49:15,BE,205.5700,205.5900,205.4700,205.4700,2187.0000,205.5290,10
2026-07-30 21:49:20,BE,205.5000,205.5500,205.4600,205.5500,850.0000,205.4940,3
2026-07-30 21:49:25,BE,205.5800,205.6400,205.5800,205.6100,1137.0000,205.5990,11
2026-07-30 21:49:30,BE,205.5900,205.6100,205.5200,205.5200,7854.0000,205.6000,33
2026-07-30 21:49:35,BE,205.6100,205.6900,205.5200,205.6100,3158.0000,205.5690,25
2026-07-30 21:49:40,BE,205.5300,205.5300,205.3500,205.4100,6091.0000,205.4330,40
2026-07-30 21:49:45,BE,205.3000,205.4100,205.3000,205.4100,2360.0000,205.3530,8
2026-07-30 21:49:50,BE,205.4100,205.4100,205.4000,205.4100,1100.0000,205.4060,8
2026-07-30 21:49:55,BE,205.5100,205.5400,205.3300,205.5400,1935.0000,205.4700,17
2026-07-30 21:50:00,BE,205.5600,205.5600,205.4500,205.5600,978.0000,205.5090,5
2026-07-30 21:50:05,BE,205.5600,205.5600,205.5600,205.5600,400.0000,205.5600,3
2026-07-30 21:50:10,BE,205.6500,205.6900,205.4600,205.5200,4325.0000,205.6190,29
2026-07-30 21:50:15,BE,205.5800,205.5800,205.5800,205.5800,200.0000,205.5800,1
2026-07-30 21:50:20,BE,205.5800,205.5800,205.5700,205.5800,100.0000,205.5750,1
2026-07-30 21:50:25,BE,205.5800,205.6400,205.4800,205.5600,1200.0000,205.5390,8
2026-07-30 21:50:30,BE,205.5600,205.6200,205.4800,205.5400,2896.0000,205.5240,21
2026-07-30 21:50:35,BE,205.5100,205.6300,205.5000,205.6200,3554.0000,205.5520,31
2026-07-30 21:50:40,BE,205.5200,205.5700,205.5000,205.5400,4162.0000,205.5270,24
2026-07-30 21:50:45,BE,205.5400,205.5400,205.4500,205.4500,7446.0000,205.5040,39
2026-07-30 21:50:50,BE,205.4500,205.5000,205.1800,205.2600,8096.0000,205.3880,55
2026-07-30 21:50:55,BE,205.2600,205.3300,205.1800,205.1800,5299.0000,205.2860,25
2026-07-30 21:51:00,BE,205.2200,205.3000,205.2000,205.2000,3382.0000,205.2200,10
2026-07-30 21:51:05,BE,205.2200,205.2700,205.2200,205.2200,1650.0000,205.2350,9
2026-07-30 21:51:10,BE,205.1600,205.2000,204.9100,205.0700,3083.0000,205.0740,28
2026-07-30 21:51:15,BE,204.9100,204.9100,204.6900,204.7600,2377.0000,204.8050,15
2026-07-30 21:51:20,BE,204.5600,204.6400,204.5600,204.5700,385.0000,204.5940,3
2026-07-30 21:51:25,BE,204.6900,204.7700,204.5600,204.6600,5388.0000,204.6860,44
2026-07-30 21:51:30,BE,204.7300,204.7600,204.6500,204.6500,1175.0000,204.7110,10
2026-07-30 21:51:35,BE,204.7300,204.8000,204.5500,204.5500,1716.0000,204.6690,12
2026-07-30 21:51:40,BE,204.5500,204.5500,204.5300,204.5300,700.0000,204.5470,6
2026-07-30 21:51:45,BE,204.4900,204.6400,204.4400,204.5700,1000.0000,204.5090,7
2026-07-30 21:51:50,BE,204.5700,204.5700,204.4100,204.4100,1385.0000,204.5000,11
2026-07-30 21:51:55,BE,204.3000,204.3600,204.2600,204.3600,2097.0000,204.3120,18
2026-07-30 21:52:00,BE,204.4100,204.5700,204.3700,204.5700,3878.0000,204.4710,23
2026-07-30 21:52:05,BE,204.5700,204.6800,204.5700,204.6700,1800.0000,204.6610,5
2026-07-30 21:52:10,BE,204.6600,204.9300,204.6600,204.9300,3064.0000,204.7980,26
2026-07-30 21:52:15,BE,204.7900,205.0700,204.7900,204.9300,800.0000,204.8460,6
2026-07-30 21:52:20,BE,204.9300,204.9300,204.9300,204.9300,400.0000,204.9300,3
2026-07-30 21:52:25,BE,204.9300,204.9300,204.9300,204.9300,175.0000,204.9300,1
2026-07-30 21:52:30,BE,204.9300,204.9400,204.7700,204.7900,2254.0000,204.8520,18
2026-07-30 21:52:35,BE,204.7300,204.7300,204.6800,204.6800,600.0000,204.7220,6
2026-07-30 21:52:40,BE,204.6800,204.7000,204.6600,204.7000,1100.0000,204.6770,11
2026-07-30 21:52:45,BE,204.6800,204.7900,204.6800,204.7200,835.0000,204.7360,7
2026-07-30 21:52:50,BE,204.7300,204.7500,204.6700,204.7500,900.0000,204.7300,9
2026-07-30 21:52:55,BE,204.7500,204.7500,204.7400,204.7500,800.0000,204.7450,4
2026-07-30 21:53:00,BE,204.7600,204.7900,204.7500,204.7900,400.0000,204.7640,4
2026-07-30 21:53:05,BE,204.7000,204.8400,204.6700,204.8300,1021.0000,204.7330,8
2026-07-30 21:53:10,BE,204.7900,204.7900,204.7900,204.7900,300.0000,204.7900,2
2026-07-30 21:53:15,BE,204.7100,204.7700,204.7100,204.7700,200.0000,204.7380,2
2026-07-30 21:53:20,BE,204.7700,204.7700,204.7600,204.7700,400.0000,204.7660,3
2026-07-30 21:53:25,BE,204.7700,204.7700,204.7600,204.7700,300.0000,204.7650,3
2026-07-30 21:53:30,BE,204.7200,204.7700,204.7000,204.7700,700.0000,204.7260,7
2026-07-30 21:53:35,BE,204.8300,204.9000,204.7700,204.9000,3094.0000,204.8530,25
2026-07-30 21:53:40,BE,204.9000,205.0700,204.9000,204.9300,4901.0000,204.9950,31
2026-07-30 21:53:45,BE,204.9300,204.9900,204.8800,204.8800,2780.0000,204.9690,26
2026-07-30 21:53:50,BE,204.9200,204.9300,204.9100,204.9300,900.0000,204.9170,4
2026-07-30 21:53:55,BE,204.9300,204.9500,204.8200,204.8900,2987.0000,204.8960,21
2026-07-30 21:54:00,BE,204.8200,204.8200,204.8100,204.8200,300.0000,204.8150,1
2026-07-30 21:54:05,BE,204.8200,204.8500,204.7200,204.8100,873.0000,204.8050,4
2026-07-30 21:54:10,BE,204.8100,204.9500,204.8100,204.9400,3186.0000,204.8730,21
2026-07-30 21:54:15,BE,204.9200,204.9400,204.9200,204.9400,1088.0000,204.9240,7
2026-07-30 21:54:20,BE,204.8500,204.8600,204.8500,204.8500,400.0000,204.8530,2
2026-07-30 21:54:25,BE,204.8500,204.8500,204.7200,204.7200,1954.0000,204.7980,16
2026-07-30 21:54:30,BE,204.7700,204.7800,204.6100,204.7400,3484.0000,204.6950,27
2026-07-30 21:54:35,BE,204.7400,204.7400,204.7300,204.7400,100.0000,204.7350,1
2026-07-30 21:54:40,BE,204.7400,204.7400,204.7300,204.7400,100.0000,204.7350,1
2026-07-30 21:54:45,BE,204.7400,204.7800,204.6700,204.7300,1700.0000,204.7330,16
2026-07-30 21:54:50,BE,204.6900,204.7100,204.6900,204.7100,400.0000,204.6960,4
2026-07-30 21:54:55,BE,204.7200,204.7200,204.6400,204.6500,810.0000,204.6850,5
2026-07-30 21:55:00,BE,204.5400,204.6100,204.4500,204.5400,2703.0000,204.5040,15
2026-07-30 21:55:05,BE,204.5000,204.6000,204.4800,204.5400,1650.0000,204.5220,11
2026-07-30 21:55:10,BE,204.5600,204.6300,204.5500,204.5500,600.0000,204.5650,6
2026-07-30 21:55:15,BE,204.5500,204.5900,204.5500,204.5700,700.0000,204.5590,7
2026-07-30 21:55:20,BE,204.5500,204.8000,204.5500,204.8000,2757.0000,204.6720,24
2026-07-30 21:55:25,BE,204.7500,204.7500,204.6800,204.7500,391.0000,204.7140,3
2026-07-30 21:55:30,BE,204.6800,204.8100,204.6800,204.6900,2384.0000,204.7720,13
2026-07-30 21:55:35,BE,204.7300,204.8300,204.7100,204.7200,2449.0000,204.7650,20
2026-07-30 21:55:40,BE,204.6900,204.8100,204.6300,204.7100,2100.0000,204.7310,20
2026-07-30 21:55:45,BE,204.8200,204.8300,204.8200,204.8200,143.0000,204.8240,1
2026-07-30 21:55:50,BE,204.7000,204.7800,204.6800,204.6800,600.0000,204.7030,6
2026-07-30 21:55:55,BE,204.7400,204.7400,204.6200,204.6300,1471.0000,204.6340,9
2026-07-30 21:56:00,BE,204.6300,204.6300,204.6300,204.6300,0.0000,204.6300,0
2026-07-30 21:56:05,BE,204.5600,204.5600,204.1600,204.1600,3209.0000,204.4220,19
2026-07-30 21:56:10,BE,204.0000,204.1000,203.8300,203.9800,3189.0000,203.9770,27
2026-07-30 21:56:15,BE,203.9800,203.9800,203.9700,203.9800,100.0000,203.9750,1
2026-07-30 21:56:20,BE,203.8600,203.9100,203.5600,203.5600,4623.0000,203.7780,28
2026-07-30 21:56:25,BE,203.6700,203.6700,203.5600,203.5700,421.0000,203.6150,4
2026-07-30 21:56:30,BE,203.5700,203.6600,203.5700,203.6600,923.0000,203.5800,9
2026-07-30 21:56:35,BE,203.6100,203.6100,203.4600,203.4900,2148.0000,203.5240,16
2026-07-30 21:56:40,BE,203.5000,203.7000,203.5000,203.7000,2745.0000,203.6430,19
2026-07-30 21:56:45,BE,203.6600,203.6600,203.6500,203.6600,407.0000,203.6580,4
2026-07-30 21:56:50,BE,203.6800,203.6800,203.6000,203.6000,1300.0000,203.6380,10
2026-07-30 21:56:55,BE,203.6000,203.8100,203.5600,203.8100,2262.0000,203.6230,12
2026-07-30 21:57:00,BE,203.5700,203.6000,203.5100,203.5800,1545.0000,203.5890,9
2026-07-30 21:57:05,BE,203.5800,203.5800,203.4300,203.4500,1003.0000,203.4980,9
2026-07-30 21:57:10,BE,203.4700,203.4700,203.1500,203.2000,1950.0000,203.2180,15
2026-07-30 21:57:15,BE,203.1800,203.3000,203.1800,203.1800,1400.0000,203.1960,5
2026-07-30 21:57:20,BE,203.1800,203.2900,202.9800,202.9900,1586.0000,203.0820,8
2026-07-30 21:57:25,BE,203.0900,203.1200,203.0000,203.0000,900.0000,203.0890,8
2026-07-30 21:57:30,BE,203.0600,203.2300,203.0200,203.1300,1496.0000,203.0630,6
2026-07-30 21:57:35,BE,203.1200,203.2300,203.0900,203.1100,7510.0000,203.1360,15
2026-07-30 21:57:40,BE,203.1800,203.1800,203.0000,203.0900,6083.0000,203.0100,6
2026-07-30 21:57:45,BE,203.0500,203.1800,203.0500,203.1600,1175.0000,203.1530,11
2026-07-30 21:57:50,BE,203.1500,203.3400,203.1500,203.3400,2705.0000,203.2320,22
2026-07-30 21:57:55,BE,203.2700,203.2700,203.1900,203.2700,362.0000,203.2440,3
2026-07-30 21:58:00,BE,203.3400,203.3700,203.3400,203.3700,400.0000,203.3530,4
2026-07-30 21:58:05,BE,203.3100,203.3800,203.3000,203.3000,467.0000,203.3360,4
2026-07-30 21:58:10,BE,203.4000,203.4000,203.3000,203.3000,1000.0000,203.3630,9
2026-07-30 21:58:15,BE,203.2200,203.3000,203.2200,203.3000,350.0000,203.2740,2
2026-07-30 21:58:20,BE,203.3700,203.3800,203.2100,203.3000,1743.0000,203.3170,4
2026-07-30 21:58:25,BE,203.3000,203.4000,203.2900,203.4000,1047.0000,203.3590,9
2026-07-30 21:58:30,BE,203.4600,203.9200,203.3600,203.7500,6026.0000,203.5990,28
2026-07-30 21:58:35,BE,203.7600,203.9100,203.7500,203.7600,1825.0000,203.8570,5
2026-07-30 21:58:40,BE,203.6100,203.7600,203.2900,203.2900,4628.0000,203.5540,26
2026-07-30 21:58:45,BE,203.2900,203.3000,203.2900,203.2900,0.0000,203.2900,0
2026-07-30 21:58:50,BE,203.5700,203.5700,203.4000,203.4100,1234.0000,203.4190,5
2026-07-30 21:58:55,BE,203.5800,203.6100,203.4900,203.5000,950.0000,203.5270,9
2026-07-30 21:59:00,BE,203.5200,203.5400,203.5200,203.5400,200.0000,203.5300,2
2026-07-30 21:59:05,BE,203.4800,203.6600,203.4000,203.5700,1880.0000,203.5840,14
2026-07-30 21:59:10,BE,203.5800,203.7400,203.5800,203.7400,300.0000,203.6870,3
2026-07-30 21:59:15,BE,203.7800,203.8600,203.7700,203.8500,675.0000,203.8070,6
2026-07-30 21:59:20,BE,203.8700,203.9400,203.7800,203.9400,3040.0000,203.8730,18
2026-07-30 21:59:25,BE,203.8500,203.8600,203.8500,203.8500,800.0000,203.8500,4
2026-07-30 21:59:30,BE,203.9100,204.1100,203.8600,204.1100,1152.0000,203.9890,10
2026-07-30 21:59:35,BE,204.0900,204.1000,203.9400,203.9400,1900.0000,203.9960,15
2026-07-30 21:59:40,BE,203.9400,204.1000,203.8600,203.9500,1200.0000,203.9440,8
2026-07-30 21:59:45,BE,203.9400,204.2400,203.7800,204.2400,3781.0000,203.9830,13
2026-07-30 21:59:50,BE,204.1200,204.2600,204.0900,204.2000,2099.0000,204.1560,16
2026-07-30 21:59:55,BE,204.1200,204.2300,204.0300,204.1200,2568.0000,204.0940,15
2026-07-30 22:00:00,BE,204.1100,204.9000,204.1100,204.9000,11504.0000,204.4400,99
2026-07-30 22:00:05,BE,204.9900,205.4000,204.9900,205.3400,6368.0000,205.2280,32
2026-07-30 22:00:10,BE,205.3400,205.5300,205.1800,205.1800,11520.0000,205.3250,84
2026-07-30 22:00:15,BE,205.3400,205.5100,204.5700,204.7400,9787.0000,205.0860,62
2026-07-30 22:00:20,BE,204.9700,205.0000,204.7200,204.7200,523.0000,204.8930,4
2026-07-30 22:00:25,BE,204.6100,204.8700,204.5900,204.7600,4155.0000,204.6750,23
2026-07-30 22:00:30,BE,204.5800,204.7600,204.5700,204.7600,4225.0000,204.6200,25
2026-07-30 22:00:35,BE,204.6800,204.6900,204.6800,204.6900,337.0000,204.6810,2
2026-07-30 22:00:40,BE,204.7500,204.7500,204.5900,204.6000,2902.0000,204.6740,15
2026-07-30 22:00:45,BE,204.6300,204.8400,204.6100,204.7400,2806.0000,204.7230,18
2026-07-30 22:00:50,BE,204.7900,204.7900,204.7300,204.7400,200.0000,204.7630,2
2026-07-30 22:00:55,BE,204.7400,204.7400,204.7300,204.7400,200.0000,204.7350,2
2026-07-30 22:01:00,BE,204.7400,204.7600,204.7300,204.7600,1400.0000,204.7370,7
2026-07-30 22:01:05,BE,204.8400,204.9800,204.8400,204.8400,2885.0000,204.8710,15
2026-07-30 22:01:10,BE,204.8400,204.8400,204.7900,204.7900,300.0000,204.8230,3
2026-07-30 22:01:15,BE,204.8700,204.9900,204.5800,204.6800,4134.0000,204.7650,26
2026-07-30 22:01:20,BE,204.6500,204.8000,204.6500,204.6800,434.0000,204.7070,4
2026-07-30 22:01:25,BE,204.6800,204.6900,204.5600,204.6900,2728.0000,204.6150,13
2026-07-30 22:01:30,BE,204.6900,204.7600,204.6900,204.7600,430.0000,204.7070,3
2026-07-30 22:01:35,BE,204.7900,204.8800,204.7400,204.8100,2400.0000,204.8240,23
2026-07-30 22:01:40,BE,204.8600,204.8600,204.7000,204.7000,1020.0000,204.7500,9
2026-07-30 22:01:45,BE,204.6700,204.7600,204.6100,204.7600,1573.0000,204.6650,15
2026-07-30 22:01:50,BE,204.7600,204.7700,204.6200,204.7700,600.0000,204.7160,5
2026-07-30 22:01:55,BE,204.7400,204.9600,204.6000,204.9600,5552.0000,204.7130,43
2026-07-30 22:02:00,BE,204.9600,204.9900,204.8400,204.8400,1864.0000,204.9010,17
2026-07-30 22:02:05,BE,204.7700,204.7700,204.6500,204.6500,505.0000,204.7180,5
2026-07-30 22:02:10,BE,204.6400,204.6400,204.6100,204.6200,1286.0000,204.6260,10
2026-07-30 22:02:15,BE,204.6900,205.0900,204.6800,205.0900,2200.0000,204.8130,22
2026-07-30 22:02:20,BE,205.0800,205.4100,205.0800,205.4100,2384.0000,205.2720,11
2026-07-30 22:02:25,BE,205.2500,205.4200,205.1200,205.1200,789.0000,205.3070,5
2026-07-30 22:02:30,BE,205.2800,205.3600,205.2700,205.3600,200.0000,205.3180,2
2026-07-30 22:02:35,BE,205.2800,205.4300,205.2800,205.4300,4129.0000,205.3120,25
2026-07-30 22:02:40,BE,205.2200,205.2900,204.9800,205.2000,3150.0000,205.1950,27
2026-07-30 22:02:45,BE,205.1700,205.1800,204.9200,205.0000,1971.0000,204.9990,17
2026-07-30 22:02:50,BE,204.8600,204.8900,204.6400,204.6500,3338.0000,204.7600,13
2026-07-30 22:02:55,BE,205.0200,205.0200,204.6700,204.6700,1339.0000,204.7990,12
2026-07-30 22:03:00,BE,204.8900,204.9900,204.8200,204.8200,1530.0000,204.9300,12
2026-07-30 22:03:05,BE,204.7100,204.9600,204.7000,204.8300,1325.0000,204.7900,4
2026-07-30 22:03:10,BE,204.9600,204.9600,204.8600,204.8700,950.0000,204.9160,3
2026-07-30 22:03:15,BE,204.8800,204.8900,204.7800,204.8600,2213.0000,204.8120,18
2026-07-30 22:03:20,BE,204.7400,204.8600,204.7400,204.8500,5840.0000,204.7870,44
2026-07-30 22:03:25,BE,204.8100,204.8100,204.8000,204.8100,1468.0000,204.8050,8
2026-07-30 22:03:30,BE,204.8200,204.9600,204.8100,204.8200,1100.0000,204.8420,11
2026-07-30 22:03:35,BE,204.9600,204.9600,204.9600,204.9600,105.0000,204.9600,1
2026-07-30 22:03:40,BE,204.8500,204.8500,204.8500,204.8500,600.0000,204.8500,3
2026-07-30 22:03:45,BE,204.9500,205.1100,204.8500,205.0300,6527.0000,204.9470,49
2026-07-30 22:03:50,BE,204.9700,205.1700,204.9700,204.9700,2800.0000,205.1230,8
2026-07-30 22:03:55,BE,205.0700,205.1600,204.9200,204.9200,3311.0000,205.0480,22
2026-07-30 22:04:00,BE,204.8300,204.9700,204.8200,204.9700,539.0000,204.9260,4
2026-07-30 22:04:05,BE,204.9100,204.9200,204.7100,204.9200,425.0000,204.8540,3
2026-07-30 22:04:10,BE,204.9400,205.3400,204.9300,205.1800,2509.0000,205.0920,18
2026-07-30 22:04:15,BE,205.3300,205.6900,205.1100,205.5000,8535.0000,205.5110,59
2026-07-30 22:04:20,BE,205.5700,205.5700,205.4200,205.5200,2237.0000,205.5060,21
2026-07-30 22:04:25,BE,205.5500,205.6500,205.5200,205.5500,3225.0000,205.5650,25
2026-07-30 22:04:30,BE,205.6700,205.6700,205.4200,205.5500,5281.0000,205.5730,11
2026-07-30 22:04:35,BE,205.5300,205.5400,205.1700,205.1700,5600.0000,205.4180,38
2026-07-30 22:04:40,BE,205.3900,205.5900,205.3400,205.4600,1150.0000,205.4090,8
2026-07-30 22:04:45,BE,205.5700,205.6300,205.3800,205.5600,2104.0000,205.5740,21
2026-07-30 22:04:50,BE,205.7500,205.7500,205.5600,205.6600,1625.0000,205.6270,16
2026-07-30 22:04:55,BE,205.6600,205.7500,205.5700,205.5700,1213.0000,205.6470,10
2026-07-30 22:05:00,BE,205.5700,205.5900,205.5300,205.5700,600.0000,205.5650,6
2026-07-30 22:05:05,BE,205.4500,205.7600,205.4500,205.6600,900.0000,205.6430,7
2026-07-30 22:05:10,BE,205.6600,205.7600,205.5600,205.7200,2996.0000,205.7280,23
2026-07-30 22:05:15,BE,205.7500,205.8200,205.6400,205.6500,1997.0000,205.7650,17
2026-07-30 22:05:20,BE,205.7900,205.9300,205.7900,205.8600,1477.0000,205.8540,14
2026-07-30 22:05:25,BE,205.8000,205.8600,205.8000,205.8600,1115.0000,205.8310,9
2026-07-30 22:05:30,BE,205.8100,205.8400,205.7500,205.8400,1837.0000,205.7740,7
2026-07-30 22:05:35,BE,205.8000,205.8700,205.6600,205.7800,7492.0000,205.7920,42
2026-07-30 22:05:40,BE,205.6300,205.8900,205.4600,205.6200,5499.0000,205.6590,23
2026-07-30 22:05:45,BE,205.5800,205.9100,205.5800,205.8000,1630.0000,205.8160,13
2026-07-30 22:05:50,BE,205.9400,205.9500,205.7800,205.9400,1600.0000,205.9160,8
2026-07-30 22:05:55,BE,205.8200,205.9400,205.8200,205.9200,2536.0000,205.8940,11
2026-07-30 22:06:00,BE,205.8800,205.8900,205.7200,205.7200,3407.0000,205.7960,14
2026-07-30 22:06:05,BE,205.7200,205.9100,205.7200,205.9100,650.0000,205.8040,6
2026-07-30 22:06:10,BE,205.8200,205.8600,205.7300,205.8600,3384.0000,205.8020,12
2026-07-30 22:06:15,BE,205.8000,205.8600,205.6000,205.7200,2614.0000,205.7280,17
2026-07-30 22:06:20,BE,205.7300,205.9700,205.7200,205.9700,4322.0000,205.8910,32
2026-07-30 22:06:25,BE,206.0000,206.3100,205.9800,206.1900,3087.0000,206.0550,22
2026-07-30 22:06:30,BE,206.1900,206.2500,206.1800,206.1800,927.0000,206.1950,5
2026-07-30 22:06:35,BE,206.1900,206.3100,206.1800,206.2000,2110.0000,206.2020,14
2026-07-30 22:06:40,BE,206.2000,206.2000,206.0700,206.0900,1436.0000,206.1180,12
2026-07-30 22:06:45,BE,206.0200,206.1200,206.0200,206.1200,300.0000,206.0870,3
2026-07-30 22:06:50,BE,206.1100,206.3500,206.0200,206.3400,7479.0000,206.1970,54
2026-07-30 22:06:55,BE,206.3100,206.3300,206.0500,206.3200,5784.0000,206.2410,29
2026-07-30 22:07:00,BE,206.1800,206.3000,206.1100,206.1100,2664.0000,206.2140,13
2026-07-30 22:07:05,BE,206.2700,206.3000,206.1900,206.3000,1226.0000,206.2560,10
2026-07-30 22:07:10,BE,206.2400,206.4000,206.1900,206.3800,5473.0000,206.3370,31
2026-07-30 22:07:15,BE,206.3400,206.4700,206.2900,206.4700,1964.0000,206.3750,18
2026-07-30 22:07:20,BE,206.3500,206.4600,206.3500,206.4200,1400.0000,206.3980,11
2026-07-30 22:07:25,BE,206.3300,206.4600,206.2500,206.2800,1060.0000,206.3350,9
2026-07-30 22:07:30,BE,206.3400,206.3800,206.0900,206.3500,5653.0000,206.2350,44
2026-07-30 22:07:35,BE,206.2400,206.4200,206.2400,206.2600,1962.0000,206.2910,10
2026-07-30 22:07:40,BE,206.2600,206.4000,206.2400,206.2500,1300.0000,206.2870,9
2026-07-30 22:07:45,BE,206.2600,206.3400,206.1200,206.1700,6649.0000,206.2010,40
2026-07-30 22:07:50,BE,206.2100,206.2600,206.1600,206.1600,2063.0000,206.2210,15
2026-07-30 22:07:55,BE,206.1000,206.1000,206.0000,206.0900,1363.0000,206.0850,10
2026-07-30 22:08:00,BE,206.0100,206.1000,206.0100,206.1000,2031.0000,206.0760,14
2026-07-30 22:08:05,BE,206.1500,206.2800,206.0800,206.2800,1400.0000,206.1660,10
2026-07-30 22:08:10,BE,206.2900,206.3600,206.2200,206.3100,2344.0000,206.3020,16
2026-07-30 22:08:15,BE,206.3100,206.7900,206.3000,206.7900,5781.0000,206.6300,42
2026-07-30 22:08:20,BE,206.8500,206.8700,206.7800,206.8700,1205.0000,206.8360,10
2026-07-30 22:08:25,BE,206.8900,206.9900,206.7600,206.9100,8833.0000,206.8360,35
2026-07-30 22:08:30,BE,206.9200,207.1100,206.9000,206.9000,6636.0000,206.9900,39
2026-07-30 22:08:35,BE,207.0600,207.1000,206.3300,206.3300,7282.0000,206.8280,43
2026-07-30 22:08:40,BE,206.5900,206.5900,206.2900,206.3700,550.0000,206.4250,4
2026-07-30 22:08:45,BE,206.5600,206.5700,206.5000,206.5000,743.0000,206.5370,4
2026-07-30 22:08:50,BE,206.5000,206.5000,206.5000,206.5000,100.0000,206.5000,1
2026-07-30 22:08:55,BE,206.4300,206.4400,206.3800,206.3800,250.0000,206.4000,2
2026-07-30 22:09:00,BE,206.5000,206.6200,206.3800,206.4100,2371.0000,206.5230,9
2026-07-30 22:09:05,BE,206.5000,206.6100,206.4900,206.5000,1500.0000,206.5560,6
2026-07-30 22:09:10,BE,206.5600,206.6000,206.4900,206.5300,2091.0000,206.5500,14
2026-07-30 22:09:15,BE,206.5300,206.5800,206.5300,206.5700,1708.0000,206.5740,6
2026-07-30 22:09:20,BE,206.5900,206.6000,206.2300,206.2300,5283.0000,206.4410,42
2026-07-30 22:09:25,BE,206.3600,206.3600,206.3600,206.3600,240.0000,206.3600,2
2026-07-30 22:09:30,BE,206.4900,206.5700,206.4800,206.5600,1408.0000,206.5310,9
2026-07-30 22:09:35,BE,206.6200,206.6200,206.4900,206.5500,1080.0000,206.5540,4
2026-07-30 22:09:40,BE,206.4900,206.6100,206.4900,206.6100,575.0000,206.5460,4
2026-07-30 22:09:45,BE,206.5600,206.5800,206.4900,206.4900,943.0000,206.5190,9
2026-07-30 22:09:50,BE,206.4900,206.5200,206.4200,206.4800,2986.0000,206.4810,25
2026-07-30 22:09:55,BE,206.4800,206.5200,206.4800,206.5200,200.0000,206.4980,2
2026-07-30 22:10:00,BE,206.4200,206.4700,206.2500,206.4500,2592.0000,206.3720,16
2026-07-30 22:10:05,BE,206.4500,206.8100,206.4200,206.8100,4214.0000,206.5400,23
2026-07-30 22:10:10,BE,206.7900,206.9600,206.7800,206.9600,510.0000,206.8380,4
2026-07-30 22:10:15,BE,206.9300,206.9300,206.6400,206.8100,3620.0000,206.7590,24
2026-07-30 22:10:20,BE,206.8100,206.9800,206.8000,206.9800,1100.0000,206.8330,10
2026-07-30 22:10:25,BE,206.9400,206.9400,206.7400,206.7800,1830.0000,206.8090,12
2026-07-30 22:10:30,BE,206.9300,207.0900,206.9300,207.0000,6605.0000,206.9760,54
2026-07-30 22:10:35,BE,207.0000,207.0000,206.6400,206.6800,4309.0000,206.7750,31
2026-07-30 22:10:40,BE,206.6400,206.7300,206.5000,206.5300,3265.0000,206.5990,31
2026-07-30 22:10:45,BE,206.5000,206.5700,206.4200,206.4200,400.0000,206.4850,4
2026-07-30 22:10:50,BE,206.5100,206.5100,206.4500,206.5000,1040.0000,206.4900,6
2026-07-30 22:10:55,BE,206.5800,206.5900,206.5800,206.5800,1000.0000,206.5800,1
2026-07-30 22:11:00,BE,206.6000,206.6600,206.5900,206.6300,1300.0000,206.6140,11
2026-07-30 22:11:05,BE,206.6600,206.7100,206.5000,206.5900,4264.0000,206.5650,28
2026-07-30 22:11:10,BE,206.7000,206.7100,206.5400,206.5400,700.0000,206.6540,7
2026-07-30 22:11:15,BE,206.7100,206.8900,206.6900,206.8900,9764.0000,206.8500,31
2026-07-30 22:11:20,BE,206.7700,206.8400,206.7700,206.8400,800.0000,206.8020,7
2026-07-30 22:11:25,BE,206.8300,206.9200,206.7800,206.7800,1925.0000,206.8840,14
2026-07-30 22:11:30,BE,206.7800,206.7800,206.7000,206.7000,1007.0000,206.7600,8
2026-07-30 22:11:35,BE,206.8100,206.8100,206.8100,206.8100,1500.0000,206.8100,14
2026-07-30 22:11:40,BE,206.8800,207.0900,206.8800,207.0600,4270.0000,206.9990,29
2026-07-30 22:11:45,BE,207.0000,207.1000,206.9900,207.0500,888.0000,207.0780,7
2026-07-30 22:11:50,BE,206.9900,207.1400,206.9400,207.0300,8782.0000,206.9910,43
2026-07-30 22:11:55,BE,207.0300,207.0300,206.9900,206.9900,300.0000,207.0130,3
2026-07-30 22:12:00,BE,206.9300,207.1600,206.8400,207.1600,1638.0000,206.9770,14
2026-07-30 22:12:05,BE,206.9100,207.1200,206.8400,207.0300,898.0000,206.9800,6
2026-07-30 22:12:10,BE,207.1000,207.2400,207.0600,207.2400,1850.0000,207.1460,15
2026-07-30 22:12:15,BE,207.2500,207.2500,207.1500,207.1500,2000.0000,207.1850,14
2026-07-30 22:12:20,BE,207.1900,207.3200,207.1700,207.3200,2900.0000,207.2200,24
2026-07-30 22:12:25,BE,207.2600,207.3800,207.2600,207.3800,1236.0000,207.3120,9
2026-07-30 22:12:30,BE,207.3400,207.3400,207.2200,207.3000,2975.0000,207.2570,19
2026-07-30 22:12:35,BE,207.3000,207.4800,207.2200,207.4600,7816.0000,207.3260,54
2026-07-30 22:12:40,BE,207.3400,207.4500,207.2200,207.3200,4484.0000,207.3020,36
2026-07-30 22:12:45,BE,207.4500,207.5300,207.2800,207.3800,12796.0000,207.4050,62
2026-07-30 22:12:50,BE,207.2300,207.4900,207.2300,207.4400,3312.0000,207.3800,18
2026-07-30 22:12:55,BE,207.3400,207.5100,207.3300,207.4200,1425.0000,207.4450,10
2026-07-30 22:13:00,BE,207.5600,207.5900,207.3500,207.4500,4057.0000,207.4920,20
2026-07-30 22:13:05,BE,207.4100,207.5000,207.4100,207.4400,880.0000,207.4450,6
2026-07-30 22:13:10,BE,207.4500,207.4500,207.3400,207.3400,250.0000,207.3820,2
2026-07-30 22:13:15,BE,207.5600,207.5600,207.4600,207.4700,245.0000,207.5130,2
2026-07-30 22:13:20,BE,207.5800,207.8500,207.5700,207.8300,5926.0000,207.7220,28
2026-07-30 22:13:25,BE,207.7400,207.8400,207.6000,207.6400,5237.0000,207.7320,38
2026-07-30 22:13:30,BE,207.7200,207.7600,207.6500,207.6600,1000.0000,207.6780,8
2026-07-30 22:13:35,BE,207.5800,207.7800,207.5800,207.7200,1900.0000,207.6970,6
2026-07-30 22:13:40,BE,207.6300,207.6600,207.5700,207.6600,742.0000,207.6300,7
2026-07-30 22:13:45,BE,207.7600,207.7700,207.6600,207.7300,967.0000,207.6940,5
2026-07-30 22:13:50,BE,207.6900,207.7800,207.6300,207.7400,1102.0000,207.7100,9
2026-07-30 22:13:55,BE,207.7800,207.8600,207.7000,207.8500,2272.0000,207.8080,13
2026-07-30 22:14:00,BE,207.8700,207.9700,207.7700,207.7700,5839.0000,207.8760,40
2026-07-30 22:14:05,BE,207.9700,208.1800,207.9200,208.0400,13885.0000,208.0110,51
2026-07-30 22:14:10,BE,208.1800,208.1900,207.9900,208.0400,1535.0000,208.1030,8
2026-07-30 22:14:15,BE,208.0400,208.0400,208.0300,208.0400,300.0000,208.0380,3
2026-07-30 22:14:20,BE,208.1000,208.1400,208.0100,208.1300,2469.0000,208.1000,13
2026-07-30 22:14:25,BE,208.0400,208.1700,207.9900,208.0300,5268.0000,208.0880,43
2026-07-30 22:14:30,BE,208.0300,208.1600,208.0300,208.1600,1237.0000,208.1390,5
2026-07-30 22:14:35,BE,208.1700,208.2200,208.0100,208.1500,5724.0000,208.1410,36
2026-07-30 22:14:40,BE,208.0900,208.2400,208.0600,208.2300,2853.0000,208.1760,16
2026-07-30 22:14:45,BE,208.2500,208.2500,208.1900,208.1900,800.0000,208.2060,5
2026-07-30 22:14:50,BE,208.1700,208.1700,208.0800,208.0800,602.0000,208.1100,5
2026-07-30 22:14:55,BE,208.0800,208.1500,208.0800,208.0800,604.0000,208.1030,4
2026-07-30 22:15:00,BE,208.0800,208.2200,208.0500,208.1700,11962.0000,208.1410,75
2026-07-30 22:15:05,BE,208.2500,208.2500,208.1600,208.1700,1250.0000,208.2170,4
2026-07-30 22:15:10,BE,208.1900,208.1900,208.1100,208.1100,300.0000,208.1570,3
2026-07-30 22:15:15,BE,208.1700,208.1700,208.1600,208.1700,599.0000,208.1650,4
2026-07-30 22:15:20,BE,208.2000,208.2000,207.8500,207.8600,10235.0000,208.0850,77
2026-07-30 22:15:25,BE,207.9300,207.9900,207.7100,207.8600,9156.0000,207.8380,43
2026-07-30 22:15:30,BE,207.7600,207.9900,207.7600,207.8500,3924.0000,207.8620,21
2026-07-30 22:15:35,BE,207.9600,207.9600,207.7600,207.7700,2050.0000,207.8010,16
2026-07-30 22:15:40,BE,207.8600,207.9200,207.7400,207.9200,1088.0000,207.8250,10
2026-07-30 22:15:45,BE,207.9300,207.9300,207.8300,207.8400,732.0000,207.8530,5
2026-07-30 22:15:50,BE,207.8400,207.8400,207.7800,207.8400,680.0000,207.8290,6
2026-07-30 22:15:55,BE,207.8400,207.9300,207.7500,207.9200,13414.0000,207.8500,90
2026-07-30 22:16:00,BE,207.8000,207.9500,207.8000,207.8800,3237.0000,207.8880,30
2026-07-30 22:16:05,BE,207.8600,208.1600,207.8600,208.0900,4627.0000,208.0140,32
2026-07-30 22:16:10,BE,208.1500,208.3000,208.1500,208.3000,1340.0000,208.1960,13
2026-07-30 22:16:15,BE,208.3600,208.5400,208.2700,208.5400,3045.0000,208.4100,23
2026-07-30 22:16:20,BE,208.4600,208.5000,208.3700,208.3800,5029.0000,208.4680,28
2026-07-30 22:16:25,BE,208.3800,208.4700,208.3800,208.4700,700.0000,208.3950,3
2026-07-30 22:16:30,BE,208.3600,208.3900,208.2100,208.2100,3324.0000,208.2490,24
2026-07-30 22:16:35,BE,208.2800,208.2800,208.2800,208.2800,886.0000,208.2800,6
2026-07-30 22:16:40,BE,208.3600,208.4600,208.3100,208.4500,2533.0000,208.3870,22
2026-07-30 22:16:45,BE,208.4500,208.5500,208.3800,208.3800,2491.0000,208.4810,18
2026-07-30 22:16:50,BE,208.5200,208.5400,208.4400,208.5300,2054.0000,208.4700,15
2026-07-30 22:16:55,BE,208.4300,208.8200,208.4300,208.5200,3778.0000,208.6550,19
2026-07-30 22:17:00,BE,208.7600,209.1800,208.7500,209.1200,19058.0000,209.0300,105
2026-07-30 22:17:05,BE,209.1200,209.2400,208.8600,209.1500,3142.0000,209.0910,19
2026-07-30 22:17:10,BE,209.1500,209.1500,208.9200,209.1000,8748.0000,209.0310,52
2026-07-30 22:17:15,BE,209.2000,209.2000,209.0300,209.1600,5047.0000,209.1440,28
2026-07-30 22:17:20,BE,209.0900,209.2100,209.0800,209.1400,3986.0000,209.1620,32
2026-07-30 22:17:25,BE,209.1800,209.2100,209.0800,209.1700,2030.0000,209.1670,14
2026-07-30 22:17:30,BE,209.0100,209.4000,208.8800,209.4000,5490.0000,209.1180,34
2026-07-30 22:17:35,BE,209.2900,209.4500,209.2800,209.3900,3682.0000,209.3870,22
2026-07-30 22:17:40,BE,209.4200,209.4500,209.3500,209.3500,1853.0000,209.4070,12
2026-07-30 22:17:45,BE,209.3500,209.4800,209.3500,209.4800,2831.0000,209.4650,9
2026-07-30 22:17:50,BE,209.4300,209.5100,209.3600,209.4900,4690.0000,209.4660,23
2026-07-30 22:17:55,BE,209.4900,209.7300,209.4900,209.6300,2875.0000,209.5570,15
2026-07-30 22:18:00,BE,209.6500,209.7500,209.4900,209.6200,6310.0000,209.6260,35
2026-07-30 22:18:05,BE,209.7200,209.7600,209.6100,209.6200,12325.0000,209.7030,72
2026-07-30 22:18:10,BE,209.6600,209.6600,209.6500,209.6600,400.0000,209.6550,1
2026-07-30 22:18:15,BE,209.7400,209.7400,209.5600,209.6900,3758.0000,209.7100,26
2026-07-30 22:18:20,BE,209.6900,209.8200,209.6600,209.6600,6502.0000,209.7380,28
2026-07-30 22:18:25,BE,209.6800,210.2800,209.6800,209.9600,28227.0000,210.0120,141
2026-07-30 22:18:30,BE,209.8700,210.3000,209.8700,210.2700,4015.0000,210.0990,29
2026-07-30 22:18:35,BE,210.2900,210.2900,210.1000,210.2600,4054.0000,210.2210,25
2026-07-30 22:18:40,BE,210.2600,210.2900,209.8600,209.9400,8796.0000,210.0830,56
2026-07-30 22:18:45,BE,209.9400,210.0500,209.6600,209.7900,7015.0000,209.8690,45
2026-07-30 22:18:50,BE,209.8800,209.8900,209.6600,209.7800,2860.0000,209.7600,18
2026-07-30 22:18:55,BE,209.7700,209.8000,209.7000,209.8000,1880.0000,209.7440,9
2026-07-30 22:19:00,BE,209.7500,209.7500,209.3100,209.4600,16563.0000,209.6010,72
2026-07-30 22:19:05,BE,209.4600,209.5800,209.3200,209.4500,1310.0000,209.3860,6
2026-07-30 22:19:10,BE,209.4800,209.7000,209.3500,209.4600,7884.0000,209.5510,34
2026-07-30 22:19:15,BE,209.5900,209.6000,209.3200,209.3300,6369.0000,209.4270,27
2026-07-30 22:19:20,BE,209.4400,209.4400,209.3500,209.3500,520.0000,209.4020,4
2026-07-30 22:19:25,BE,209.4400,209.4400,209.0000,209.2200,7651.0000,209.2210,57
2026-07-30 22:19:30,BE,209.2300,209.3400,209.1500,209.3100,5625.0000,209.2480,27
2026-07-30 22:19:35,BE,209.2000,209.2000,209.0200,209.0200,700.0000,209.1710,3
2026-07-30 22:19:40,BE,209.2000,209.3900,209.2000,209.3200,1675.0000,209.3360,13
2026-07-30 22:19:45,BE,209.4000,209.4000,209.2400,209.2600,1750.0000,209.3600,7
2026-07-30 22:19:50,BE,209.3900,209.4700,209.3300,209.4600,4384.0000,209.4070,26
2026-07-30 22:19:55,BE,209.4700,209.6700,209.3700,209.6400,3516.0000,209.5380,27
2026-07-30 22:20:00,BE,209.6300,209.6300,209.5700,209.6100,1177.0000,209.6020,8
2026-07-30 22:20:05,BE,209.6600,209.7000,209.4300,209.5000,4938.0000,209.5840,32
2026-07-30 22:20:10,BE,209.4700,209.5000,209.3500,209.3900,2641.0000,209.4160,18
2026-07-30 22:20:15,BE,209.4300,209.4900,209.4300,209.4600,750.0000,209.4600,7
2026-07-30 22:20:20,BE,209.4200,209.4600,209.3700,209.4100,2745.0000,209.4210,18
2026-07-30 22:20:25,BE,209.4700,209.6400,209.2600,209.6400,7769.0000,209.4460,45
2026-07-30 22:20:30,BE,209.4900,209.4900,209.3100,209.4200,1775.0000,209.3920,14
2026-07-30 22:20:35,BE,209.3900,209.4100,209.2000,209.2000,1485.0000,209.3380,9
2026-07-30 22:20:40,BE,209.2100,209.4000,209.2000,209.3300,4460.0000,209.3310,14
2026-07-30 22:20:45,BE,209.3300,209.3700,209.2300,209.3600,5070.0000,209.3040,33
2026-07-30 22:20:50,BE,209.3300,209.5000,209.3300,209.4200,2915.0000,209.4090,22
2026-07-30 22:20:55,BE,209.4700,209.4700,209.0900,209.1400,2289.0000,209.2370,19
2026-07-30 22:21:00,BE,209.2000,209.2600,209.0900,209.2000,1496.0000,209.1640,10
2026-07-30 22:21:05,BE,209.2100,209.2900,209.1500,209.2900,1932.0000,209.2000,15
2026-07-30 22:21:10,BE,209.1900,209.3500,209.1800,209.2400,2931.0000,209.2620,13
2026-07-30 22:21:15,BE,209.2100,209.2400,209.1800,209.2400,550.0000,209.1960,3
2026-07-30 22:21:20,BE,209.1800,209.3000,209.1800,209.2700,700.0000,209.2490,7
2026-07-30 22:21:25,BE,209.2900,209.2900,209.1800,209.2900,897.0000,209.2160,5
2026-07-30 22:21:30,BE,209.1900,209.2300,209.1800,209.1800,2509.0000,209.1930,21
2026-07-30 22:21:35,BE,209.1700,209.2400,209.1300,209.1800,2622.0000,209.2060,12
2026-07-30 22:21:40,BE,209.1800,209.1800,208.9400,209.1100,3610.0000,209.0540,25
2026-07-30 22:21:45,BE,209.1100,209.1500,209.0500,209.0900,2904.0000,209.0840,13
2026-07-30 22:21:50,BE,209.0200,209.2200,209.0200,209.2000,842.0000,209.1500,8
2026-07-30 22:21:55,BE,209.1500,209.2000,209.0400,209.0400,2086.0000,209.0890,16
2026-07-30 22:22:00,BE,208.9500,209.2000,208.9500,209.1100,2650.0000,209.0510,14
2026-07-30 22:22:05,BE,209.0400,209.2000,209.0300,209.0700,4550.0000,209.1090,30
2026-07-30 22:22:10,BE,209.0100,209.0500,208.9400,208.9600,2028.0000,208.9810,16
2026-07-30 22:22:15,BE,209.0200,209.0200,208.8000,208.9000,2982.0000,208.8990,24
2026-07-30 22:22:20,BE,208.8400,208.9100,208.8300,208.8700,710.0000,208.8670,6
2026-07-30 22:22:25,BE,208.8000,208.8500,208.7400,208.8500,1468.0000,208.7850,8
2026-07-30 22:22:30,BE,208.8500,208.8700,208.7400,208.7400,927.0000,208.8040,8
2026-07-30 22:22:35,BE,208.8100,208.8400,208.7400,208.7400,6060.0000,208.7670,43
2026-07-30 22:22:40,BE,208.8400,209.1500,208.7400,209.0700,4695.0000,208.8750,22
2026-07-30 22:22:45,BE,209.0700,209.1600,209.0500,209.1000,3086.0000,209.1200,15
2026-07-30 22:22:50,BE,209.0900,209.0900,209.0600,209.0600,1237.0000,209.0830,8
2026-07-30 22:22:55,BE,209.0000,209.0100,209.0000,209.0100,600.0000,209.0040,3
2026-07-30 22:23:00,BE,209.0400,209.2400,209.0400,209.1400,4324.0000,209.1510,32
2026-07-30 22:23:05,BE,209.1200,209.1200,208.9400,209.0500,1525.0000,209.0110,7
2026-07-30 22:23:10,BE,209.1100,209.1400,209.1000,209.1100,550.0000,209.1250,4
2026-07-30 22:23:15,BE,209.1400,209.2300,209.0500,209.0500,3212.0000,209.1490,21
2026-07-30 22:23:20,BE,209.1300,209.2000,208.8400,209.0500,4863.0000,208.9540,28
2026-07-30 22:23:25,BE,209.0900,209.1600,209.0900,209.0900,1650.0000,209.1110,10
2026-07-30 22:23:30,BE,209.1500,209.1800,209.0900,209.0900,2140.0000,209.1470,15
2026-07-30 22:23:35,BE,209.1600,209.2400,209.1600,209.2400,975.0000,209.1890,7
2026-07-30 22:23:40,BE,209.1600,209.2700,209.1500,209.1500,2168.0000,209.2280,15
2026-07-30 22:23:45,BE,209.1500,209.2600,209.1200,209.1300,2516.0000,209.1980,21
2026-07-30 22:23:50,BE,209.1300,209.2100,209.1300,209.1300,600.0000,209.1430,6
2026-07-30 22:23:55,BE,209.1100,209.1100,209.0500,209.0500,777.0000,209.0710,4
2026-07-30 22:24:00,BE,209.2000,209.2000,209.1100,209.1100,1502.0000,209.1810,11
2026-07-30 22:24:05,BE,209.0200,209.0400,208.7600,208.8100,3674.0000,208.8970,17
2026-07-30 22:24:10,BE,208.9400,209.0500,208.9300,208.9900,2248.0000,209.0040,21
2026-07-30 22:24:15,BE,208.9900,209.1000,208.9800,209.0200,3044.0000,209.0390,25
2026-07-30 22:24:20,BE,209.0200,209.0200,209.0000,209.0200,1126.0000,209.0110,7
2026-07-30 22:24:25,BE,209.0200,209.0200,208.7600,208.9700,2370.0000,208.9480,20
2026-07-30 22:24:30,BE,208.8000,208.8100,208.8000,208.8000,100.0000,208.8010,1
2026-07-30 22:24:35,BE,208.9400,208.9500,208.4900,208.5200,2352.0000,208.7060,22
2026-07-30 22:24:40,BE,208.6300,208.6300,208.5000,208.5300,800.0000,208.5280,5
2026-07-30 22:24:45,BE,208.3700,208.4500,208.3700,208.4400,358.0000,208.4090,2
2026-07-30 22:24:50,BE,208.5900,208.7400,208.5800,208.7300,1116.0000,208.6860,9
2026-07-30 22:24:55,BE,208.6200,208.8200,208.6200,208.6800,1706.0000,208.7060,15
2026-07-30 22:25:00,BE,208.5600,208.6500,208.5400,208.5900,625.0000,208.5720,6
2026-07-30 22:25:05,BE,208.5900,208.5900,208.5000,208.5400,341.0000,208.5400,3
2026-07-30 22:25:10,BE,208.5600,208.5700,208.4900,208.5000,545.0000,208.5330,3
2026-07-30 22:25:15,BE,208.5600,208.7500,208.5600,208.6300,2220.0000,208.6640,16
2026-07-30 22:25:20,BE,208.5900,208.6700,208.4600,208.6700,2452.0000,208.5630,21
2026-07-30 22:25:25,BE,208.7200,208.9000,208.7200,208.9000,1105.0000,208.7840,9
2026-07-30 22:25:30,BE,209.0200,209.3000,209.0100,209.3000,4040.0000,209.1650,27
2026-07-30 22:25:35,BE,209.1800,209.2400,208.9500,208.9500,2720.0000,209.1460,14
2026-07-30 22:25:40,BE,209.2400,209.2400,208.8800,209.0500,1629.0000,208.9740,12
2026-07-30 22:25:45,BE,209.0200,209.1000,208.8300,208.9900,2274.0000,208.9580,19
2026-07-30 22:25:50,BE,208.9100,208.9100,208.9000,208.9100,400.0000,208.9050,1
2026-07-30 22:25:55,BE,208.8800,208.9600,208.8800,208.9600,220.0000,208.9190,2
2026-07-30 22:26:00,BE,208.9000,208.9000,208.8200,208.8900,1200.0000,208.8450,11
2026-07-30 22:26:05,BE,208.7900,208.8700,208.6600,208.7700,1853.0000,208.7280,15
2026-07-30 22:26:10,BE,208.8100,208.8100,208.6600,208.8100,4096.0000,208.7450,18
2026-07-30 22:26:15,BE,208.7300,208.8000,208.7300,208.7500,800.0000,208.7520,6
2026-07-30 22:26:20,BE,208.8200,208.8300,208.8200,208.8200,1765.0000,208.8270,7
2026-07-30 22:26:25,BE,208.7900,208.8200,208.6600,208.6700,5742.0000,208.7870,32
2026-07-30 22:26:30,BE,208.7300,208.7300,208.6300,208.6400,700.0000,208.6900,4
2026-07-30 22:26:35,BE,208.6400,208.6400,208.6300,208.6400,0.0000,208.6400,0
2026-07-30 22:26:40,BE,208.6900,208.7300,208.6100,208.6400,1800.0000,208.6830,12
2026-07-30 22:26:45,BE,208.6900,208.8500,208.5500,208.5500,4247.0000,208.7510,27
2026-07-30 22:26:50,BE,208.7200,208.8800,208.7100,208.8800,1170.0000,208.8250,7
2026-07-30 22:26:55,BE,208.9000,208.9000,208.8200,208.8900,1263.0000,208.8630,6
2026-07-30 22:27:00,BE,208.8500,208.9500,208.8300,208.9400,3351.0000,208.8920,23
2026-07-30 22:27:05,BE,208.8200,208.9800,208.8200,208.8900,1666.0000,208.9230,13
2026-07-30 22:27:10,BE,208.8900,208.8900,208.7000,208.7000,2133.0000,208.8330,17
2026-07-30 22:27:15,BE,208.7400,208.8100,208.7400,208.8000,300.0000,208.7610,3
2026-07-30 22:27:20,BE,208.7600,208.7600,208.6800,208.6900,1545.0000,208.7220,11
2026-07-30 22:27:25,BE,208.7300,208.7300,208.6300,208.6700,1940.0000,208.6660,19
2026-07-30 22:27:30,BE,208.6700,208.6700,208.6700,208.6700,100.0000,208.6700,1
2026-07-30 22:27:35,BE,208.5800,208.6700,208.3700,208.3800,4662.0000,208.5050,33
2026-07-30 22:27:40,BE,208.4300,208.4500,208.3300,208.4000,2700.0000,208.4270,13
2026-07-30 22:27:45,BE,208.4600,208.4600,208.4500,208.4600,100.0000,208.4550,1
2026-07-30 22:27:50,BE,208.5500,208.7200,208.5100,208.6700,3088.0000,208.5850,18
2026-07-30 22:27:55,BE,208.6100,208.7000,208.6100,208.7000,903.0000,208.6750,8
2026-07-30 22:28:00,BE,208.6500,208.7200,208.6500,208.7200,3755.0000,208.7090,10
2026-07-30 22:28:05,BE,208.7100,208.8800,208.7000,208.8800,2481.0000,208.7700,20
2026-07-30 22:28:10,BE,208.8700,208.9300,208.7000,208.7000,3944.0000,208.8570,27
2026-07-30 22:28:15,BE,208.8000,208.8100,208.7500,208.7500,600.0000,208.7800,6
2026-07-30 22:28:20,BE,208.8500,208.8500,208.7900,208.7900,450.0000,208.8030,2
2026-07-30 22:28:25,BE,208.7600,208.7600,208.7100,208.7600,600.0000,208.7510,6
2026-07-30 22:28:30,BE,208.7100,208.7100,208.7000,208.7000,1359.0000,208.7030,9
2026-07-30 22:28:35,BE,208.7600,208.8300,208.7500,208.7900,2925.0000,208.8030,21
2026-07-30 22:28:40,BE,208.7700,208.7700,208.7700,208.7700,100.0000,208.7700,1
2026-07-30 22:28:45,BE,208.7900,208.7900,208.7900,208.7900,100.0000,208.7900,1
2026-07-30 22:28:50,BE,208.7900,208.7900,208.7900,208.7900,100.0000,208.7900,1
2026-07-30 22:28:55,BE,208.7900,208.8900,208.7900,208.8600,1700.0000,208.8420,15
2026-07-30 22:29:00,BE,208.8700,208.9700,208.8500,208.9200,4185.0000,208.8930,26
2026-07-30 22:29:05,BE,208.9600,209.0800,208.9300,208.9500,4919.0000,208.9890,37
2026-07-30 22:29:10,BE,208.8600,208.9600,208.7900,208.9600,1100.0000,208.8550,11
2026-07-30 22:29:15,BE,209.0400,209.0400,209.0400,209.0400,350.0000,209.0400,1
2026-07-30 22:29:20,BE,208.9600,208.9600,208.9600,208.9600,100.0000,208.9600,1
2026-07-30 22:29:25,BE,209.0200,209.0200,208.8400,208.8400,3534.0000,208.9400,29
2026-07-30 22:29:30,BE,208.8100,208.9000,208.7700,208.8400,6748.0000,208.8090,35
2026-07-30 22:29:35,BE,208.7700,208.8400,208.7700,208.8400,1350.0000,208.7940,9
2026-07-30 22:29:40,BE,208.8600,208.8600,208.8500,208.8600,695.0000,208.8550,1
2026-07-30 22:29:45,BE,208.7700,208.8300,208.7700,208.8000,3900.0000,208.7810,15
2026-07-30 22:29:50,BE,208.7100,208.7200,208.7100,208.7100,300.0000,208.7130,3
2026-07-30 22:29:55,BE,208.7300,208.7900,208.6500,208.7000,3450.0000,208.7010,27
2026-07-30 22:30:00,BE,208.7000,208.9400,208.6100,208.9400,6336.0000,208.7120,51
2026-07-30 22:30:05,BE,208.8400,208.8400,208.3700,208.3700,5213.0000,208.5490,37
2026-07-30 22:30:10,BE,208.5400,208.5500,208.5300,208.5500,840.0000,208.5450,7
2026-07-30 22:30:15,BE,208.5300,208.5700,208.4900,208.4900,2300.0000,208.5170,19
2026-07-30 22:30:20,BE,208.4400,208.5700,208.4300,208.5700,1344.0000,208.5070,5
2026-07-30 22:30:25,BE,208.5700,208.8000,208.5600,208.8000,1994.0000,208.6920,14
2026-07-30 22:30:30,BE,208.8500,209.0400,208.8500,209.0200,4793.0000,208.9580,23
2026-07-30 22:30:35,BE,209.0600,209.1800,209.0300,209.1700,8105.0000,209.1050,54
2026-07-30 22:30:40,BE,209.0800,209.1400,209.0300,209.1400,2287.0000,209.0730,12
2026-07-30 22:30:45,BE,209.1700,209.1800,209.0800,209.0900,827.0000,209.1090,8
2026-07-30 22:30:50,BE,209.0000,209.0000,209.0000,209.0000,168.0000,209.0000,1
2026-07-30 22:30:55,BE,209.1300,209.3000,209.1300,209.2400,2878.0000,209.2180,22
2026-07-30 22:31:00,BE,209.2600,209.2900,209.2300,209.2700,1350.0000,209.2630,7
2026-07-30 22:31:05,BE,209.2400,209.3100,209.0900,209.3100,5822.0000,209.2220,43
2026-07-30 22:31:10,BE,209.3900,209.4300,209.3400,209.4000,1631.0000,209.3940,13
2026-07-30 22:31:15,BE,209.4500,209.4500,209.3400,209.4100,1100.0000,209.3770,5
2026-07-30 22:31:20,BE,209.4000,209.4000,209.3000,209.3400,2389.0000,209.3440,16
2026-07-30 22:31:25,BE,209.3000,209.4200,209.3000,209.3500,2004.0000,209.3860,3
2026-07-30 22:31:30,BE,209.4200,209.4600,209.3600,209.3600,3379.0000,209.3980,26
2026-07-30 22:31:35,BE,209.3200,209.3900,209.3100,209.3500,2100.0000,209.3460,8
2026-07-30 22:31:40,BE,209.3900,209.4200,209.2300,209.2300,2703.0000,209.3450,23
2026-07-30 22:31:45,BE,209.2100,209.3100,209.2100,209.3100,300.0000,209.2570,3
2026-07-30 22:31:50,BE,209.2600,209.3100,209.2500,209.2500,1190.0000,209.2630,8
2026-07-30 22:31:55,BE,209.3100,209.4500,209.3000,209.4500,832.0000,209.3520,8
2026-07-30 22:32:00,BE,209.4100,209.6500,209.2900,209.3800,8019.0000,209.4460,32
2026-07-30 22:32:05,BE,209.3800,209.3800,209.2600,209.3200,5602.0000,209.3070,37
2026-07-30 22:32:10,BE,209.2600,209.3800,209.2000,209.2300,2766.0000,209.2870,15
2026-07-30 22:32:15,BE,209.3000,209.3100,209.1300,209.2000,1560.0000,209.2390,14
2026-07-30 22:32:20,BE,209.2000,209.2100,209.2000,209.2000,0.0000,209.2000,0
2026-07-30 22:32:25,BE,209.1000,209.1000,209.0700,209.0800,500.0000,209.0820,3
2026-07-30 22:32:30,BE,209.0600,209.1500,209.0600,209.1500,200.0000,209.1030,2
2026-07-30 22:32:35,BE,209.1500,209.1500,209.1400,209.1500,0.0000,209.1500,0
2026-07-30 22:32:40,BE,209.1500,209.2200,209.1500,209.1500,1400.0000,209.2000,5
2026-07-30 22:32:45,BE,209.2100,209.2800,209.1700,209.1800,7367.0000,209.2240,55
2026-07-30 22:32:50,BE,209.2200,209.2300,209.2200,209.2200,690.0000,209.2210,6
2026-07-30 22:32:55,BE,209.2500,209.3500,209.1900,209.3000,6100.0000,209.2440,52
2026-07-30 22:33:00,BE,209.3400,209.6500,209.3400,209.6500,2768.0000,209.4490,21
2026-07-30 22:33:05,BE,209.4600,209.6800,209.4600,209.6800,800.0000,209.5940,7
2026-07-30 22:33:10,BE,209.6600,209.7500,209.6600,209.7500,3469.0000,209.7180,18
2026-07-30 22:33:15,BE,209.7600,209.8400,209.6300,209.6300,5130.0000,209.7640,34
2026-07-30 22:33:20,BE,209.6800,209.6800,209.6300,209.6800,300.0000,209.6630,3
2026-07-30 22:33:25,BE,209.7200,209.8300,209.5900,209.8300,3652.0000,209.6620,32
2026-07-30 22:33:30,BE,209.8800,210.1400,209.8800,210.1400,7564.0000,209.9950,50
2026-07-30 22:33:35,BE,210.1300,210.4400,210.1100,210.1600,12597.0000,210.2190,72
2026-07-30 22:33:40,BE,210.1600,210.3200,210.1400,210.3200,4490.0000,210.2410,39
2026-07-30 22:33:45,BE,210.3100,210.3500,210.2400,210.2800,3106.0000,210.2820,17
2026-07-30 22:33:50,BE,210.3600,210.4700,210.3500,210.4100,2542.0000,210.4090,17
2026-07-30 22:33:55,BE,210.4700,210.4700,210.2200,210.2900,4228.0000,210.3250,30
2026-07-30 22:34:00,BE,210.3700,210.5500,210.2900,210.5500,6118.0000,210.4010,36
2026-07-30 22:34:05,BE,210.5400,210.7500,210.5400,210.6900,8461.0000,210.6820,62
2026-07-30 22:34:10,BE,210.5800,210.5800,210.1500,210.2700,8446.0000,210.3380,57
2026-07-30 22:34:15,BE,210.2900,210.6200,210.1800,210.4400,20820.0000,210.4200,121
2026-07-30 22:34:20,BE,210.4300,210.4800,210.3600,210.3900,2987.0000,210.4140,21
2026-07-30 22:34:25,BE,210.4500,210.6300,210.3800,210.6300,5557.0000,210.4610,31
2026-07-30 22:34:30,BE,210.6800,210.7200,210.5200,210.6300,16789.0000,210.6490,92
2026-07-30 22:34:35,BE,210.6200,210.8200,210.6200,210.8000,3330.0000,210.7320,28
2026-07-30 22:34:40,BE,210.8400,210.9000,210.6000,210.6800,4658.0000,210.7390,27
2026-07-30 22:34:45,BE,210.5800,210.7800,210.5800,210.7600,8440.0000,210.6770,56
2026-07-30 22:34:50,BE,210.5900,210.7500,210.5700,210.6300,2157.0000,210.6400,17
2026-07-30 22:34:55,BE,210.7000,210.7000,210.5600,210.6700,2911.0000,210.6330,13
2026-07-30 22:35:00,BE,210.6200,210.6400,210.4900,210.4900,4280.0000,210.5690,25
2026-07-30 22:35:05,BE,210.5200,210.6600,210.4900,210.6000,3076.0000,210.5670,19
2026-07-30 22:35:10,BE,210.6000,210.6800,210.5900,210.6500,2125.0000,210.6200,10
2026-07-30 22:35:15,BE,210.6400,210.7200,210.5800,210.7000,4251.0000,210.6500,27
2026-07-30 22:35:20,BE,210.6600,210.6700,210.4000,210.5600,4084.0000,210.5280,37
2026-07-30 22:35:25,BE,210.4600,210.4600,210.2300,210.2300,6183.0000,210.3310,27
2026-07-30 22:35:30,BE,210.2300,210.5600,210.1400,210.5600,10469.0000,210.3340,62
2026-07-30 22:35:35,BE,210.5400,210.6400,210.5200,210.6400,2801.0000,210.5620,22
2026-07-30 22:35:40,BE,210.6800,210.6900,210.2400,210.3400,20376.0000,210.5220,144
2026-07-30 22:35:45,BE,210.2300,210.3500,210.2300,210.3400,3100.0000,210.3330,5
2026-07-30 22:35:50,BE,210.3400,210.3500,210.2400,210.3500,5517.0000,210.2690,35
2026-07-30 22:35:55,BE,210.3400,210.3400,210.3400,210.3400,600.0000,210.3400,6
2026-07-30 22:36:00,BE,210.3800,210.3800,210.1600,210.2900,6636.0000,210.2570,50
2026-07-30 22:36:05,BE,210.2100,210.3100,210.1400,210.1400,3406.0000,210.2020,26
2026-07-30 22:36:10,BE,210.2200,210.2200,210.2000,210.2000,530.0000,210.2120,4
2026-07-30 22:36:15,BE,210.2000,210.2000,209.9500,210.0000,15730.0000,210.0620,102
2026-07-30 22:36:20,BE,210.0000,210.0800,209.8900,209.9000,10312.0000,209.9900,58
2026-07-30 22:36:25,BE,209.9400,210.0200,209.9400,209.9500,1340.0000,209.9670,8
2026-07-30 22:36:30,BE,209.9500,210.1100,209.8600,210.0700,5565.0000,209.9860,37
2026-07-30 22:36:35,BE,210.0700,210.1100,209.8600,209.8600,6582.0000,210.0020,45
2026-07-30 22:36:40,BE,209.9500,210.0000,209.6100,209.7000,4959.0000,209.8000,28
2026-07-30 22:36:45,BE,209.7200,209.8600,209.6700,209.8000,3857.0000,209.7970,31
2026-07-30 22:36:50,BE,209.8100,209.8200,209.7100,209.8200,2680.0000,209.8060,14
2026-07-30 22:36:55,BE,209.8300,209.8300,209.7100,209.7100,5762.0000,209.7660,43
2026-07-30 22:37:00,BE,209.8000,209.9900,209.7500,209.8800,3116.0000,209.8700,24
2026-07-30 22:37:05,BE,209.9500,210.0000,209.8700,209.8700,4947.0000,209.9840,25
2026-07-30 22:37:10,BE,209.9200,209.9200,209.9000,209.9000,1552.0000,209.9180,11
2026-07-30 22:37:15,BE,210.0000,210.0700,210.0000,210.0200,2300.0000,210.0260,13
2026-07-30 22:37:20,BE,209.9800,210.1100,209.9800,210.0900,2500.0000,210.0640,22
2026-07-30 22:37:25,BE,210.0300,210.1300,210.0300,210.1300,1965.0000,210.0930,12
2026-07-30 22:37:30,BE,210.1200,210.2500,210.0700,210.2000,3040.0000,210.1590,24
2026-07-30 22:37:35,BE,210.1100,210.1100,210.1000,210.1100,1000.0000,210.1080,7
2026-07-30 22:37:40,BE,210.1100,210.1100,210.0500,210.0500,800.0000,210.0980,4
2026-07-30 22:37:45,BE,210.1100,210.1100,209.6700,209.6700,3763.0000,209.9400,31
2026-07-30 22:37:50,BE,209.8000,209.8000,209.5800,209.7900,3664.0000,209.7490,12
2026-07-30 22:37:55,BE,209.7300,209.7300,209.6000,209.6800,530.0000,209.6640,5
2026-07-30 22:38:00,BE,209.7100,209.7100,209.7000,209.7000,200.0000,209.7050,2
2026-07-30 22:38:05,BE,209.7000,209.7000,209.6200,209.6300,5788.0000,209.6660,22
2026-07-30 22:38:10,BE,209.7000,209.7000,209.6800,209.6900,200.0000,209.6930,2
2026-07-30 22:38:15,BE,209.6900,209.9500,209.6800,209.9000,5221.0000,209.8070,37
2026-07-30 22:38:20,BE,209.8900,209.9500,209.8200,209.8500,4112.0000,209.8750,26
2026-07-30 22:38:25,BE,209.8700,209.9400,209.6100,209.9400,12166.0000,209.7310,76
2026-07-30 22:38:30,BE,209.9300,209.9500,209.8900,209.9400,1980.0000,209.9210,17
2026-07-30 22:38:35,BE,209.9300,209.9300,209.9200,209.9200,500.0000,209.9260,5
2026-07-30 22:38:40,BE,209.9200,209.9700,209.8100,209.8500,7011.0000,209.8600,30
2026-07-30 22:38:45,BE,209.8100,209.8700,209.7300,209.7400,5151.0000,209.7940,20
2026-07-30 22:38:50,BE,209.7300,209.7300,209.6200,209.6700,1319.0000,209.6840,13
2026-07-30 22:38:55,BE,209.5900,209.6900,209.5800,209.6100,2494.0000,209.6490,13
2026-07-30 22:39:00,BE,209.6600,209.7700,209.6200,209.6800,4275.0000,209.6860,31
2026-07-30 22:39:05,BE,209.5800,209.5800,209.4700,209.5200,1955.0000,209.5270,15
2026-07-30 22:39:10,BE,209.6400,209.6800,209.6300,209.6600,2384.0000,209.6440,13
2026-07-30 22:39:15,BE,209.5600,209.6400,209.5000,209.5100,1403.0000,209.5630,14
2026-07-30 22:39:20,BE,209.5200,209.6100,209.4200,209.4200,450.0000,209.5470,3
2026-07-30 22:39:25,BE,209.6100,209.7400,209.5500,209.7400,1253.0000,209.6630,8
2026-07-30 22:39:30,BE,209.6600,209.8200,209.6600,209.7600,3651.0000,209.7660,30
2026-07-30 22:39:35,BE,209.6800,209.6800,209.6700,209.6800,200.0000,209.6760,2
2026-07-30 22:39:40,BE,209.6800,209.7600,209.6100,209.6100,750.0000,209.6790,3
2026-07-30 22:39:45,BE,209.6900,209.8800,209.6100,209.8700,2915.0000,209.7500,21
2026-07-30 22:39:50,BE,209.9100,210.0800,209.8700,209.8800,4326.0000,209.9710,31
2026-07-30 22:39:55,BE,209.8300,209.9800,209.8300,209.9800,2618.0000,209.9690,6
2026-07-30 22:40:00,BE,209.9200,210.2000,209.9200,210.1600,9119.0000,210.1280,37
2026-07-30 22:40:05,BE,210.1100,210.1600,209.8200,209.8400,6196.0000,210.0030,47
2026-07-30 22:40:10,BE,209.8400,210.0100,209.7500,209.9400,6594.0000,209.9210,52
2026-07-30 22:40:15,BE,210.0300,210.0300,209.9600,210.0300,840.0000,210.0190,5
2026-07-30 22:40:20,BE,209.9400,209.9800,209.8400,209.9400,1000.0000,209.9410,6
2026-07-30 22:40:25,BE,209.9600,210.1000,209.9600,210.1000,2555.0000,210.0480,21
2026-07-30 22:40:30,BE,210.0100,210.0100,210.0100,210.0100,100.0000,210.0100,1
2026-07-30 22:40:35,BE,210.1100,210.2100,209.9700,210.0500,4240.0000,210.0460,32
2026-07-30 22:40:40,BE,209.9800,209.9900,209.7500,209.8600,13635.0000,209.8670,44
2026-07-30 22:40:45,BE,209.7300,209.7600,209.6000,209.6100,6712.0000,209.6830,48
2026-07-30 22:40:50,BE,209.6100,209.7000,209.5300,209.7000,4562.0000,209.5860,43
2026-07-30 22:40:55,BE,209.6500,209.6500,209.5300,209.6200,1954.0000,209.5960,16
2026-07-30 22:41:00,BE,209.6200,209.6200,209.4100,209.5400,2700.0000,209.5070,22
2026-07-30 22:41:05,BE,209.4600,209.4600,209.1700,209.3200,4809.0000,209.3380,31
2026-07-30 22:41:10,BE,209.1700,209.4300,209.1700,209.4100,3369.0000,209.3030,15
2026-07-30 22:41:15,BE,209.4200,209.5100,209.4100,209.4800,520.0000,209.4820,3
2026-07-30 22:41:20,BE,209.4400,209.6100,209.4300,209.6100,1739.0000,209.5190,15
2026-07-30 22:41:25,BE,209.6900,209.6900,209.6100,209.6200,598.0000,209.6340,4
2026-07-30 22:41:30,BE,209.6200,209.6900,209.5400,209.6200,1050.0000,209.6090,7
2026-07-30 22:41:35,BE,209.6100,209.6200,209.6100,209.6200,400.0000,209.6120,4
2026-07-30 22:41:40,BE,209.6000,209.6400,209.4800,209.6400,3435.0000,209.5540,24
2026-07-30 22:41:45,BE,209.5400,209.5900,209.4600,209.5300,4433.0000,209.5260,10
2026-07-30 22:41:50,BE,209.5700,209.6300,209.5600,209.6300,900.0000,209.5920,5
2026-07-30 22:41:55,BE,209.6000,209.6000,209.5500,209.5500,3862.0000,209.5610,32
2026-07-30 22:42:00,BE,209.5800,209.6900,209.5000,209.6800,6861.0000,209.6050,58
2026-07-30 22:42:05,BE,209.6800,209.7300,209.5900,209.6900,4184.0000,209.6740,21
2026-07-30 22:42:10,BE,209.6600,209.6800,209.5900,209.6700,1984.0000,209.6100,10
2026-07-30 22:42:15,BE,209.6100,209.6100,209.6100,209.6100,400.0000,209.6100,4
2026-07-30 22:42:20,BE,209.6100,209.8000,209.6100,209.7700,4019.0000,209.7330,23
2026-07-30 22:42:25,BE,209.7800,209.8200,209.6900,209.7100,3794.0000,209.7520,23
2026-07-30 22:42:30,BE,209.7000,209.7000,209.5900,209.6600,3667.0000,209.6720,33
2026-07-30 22:42:35,BE,209.6600,209.6600,209.6600,209.6600,500.0000,209.6600,4
2026-07-30 22:42:40,BE,209.6600,209.6900,209.6600,209.6900,600.0000,209.6650,6
2026-07-30 22:42:45,BE,209.6300,209.6300,209.5400,209.5600,2950.0000,209.5610,22
2026-07-30 22:42:50,BE,209.5900,209.5900,209.3800,209.4600,3853.0000,209.4460,27
2026-07-30 22:42:55,BE,209.3800,209.3900,209.3800,209.3900,302.0000,209.3830,3
2026-07-30 22:43:00,BE,209.4400,209.5300,209.4400,209.5200,600.0000,209.5050,6
2026-07-30 22:43:05,BE,209.4700,209.4900,209.4000,209.4700,1802.0000,209.4550,16
2026-07-30 22:43:10,BE,209.4000,209.4700,209.4000,209.4700,753.0000,209.4420,6
2026-07-30 22:43:15,BE,209.4000,209.5500,209.4000,209.5000,3774.0000,209.4750,18
2026-07-30 22:43:20,BE,209.5400,209.7700,209.5400,209.7000,6001.0000,209.6820,49
2026-07-30 22:43:25,BE,209.7400,210.1000,209.7200,209.9900,6335.0000,209.9460,46
2026-07-30 22:43:30,BE,210.0700,210.3300,210.0700,210.2900,9299.0000,210.2480,53
2026-07-30 22:43:35,BE,210.3400,210.4700,210.3000,210.4100,6751.0000,210.3790,45
2026-07-30 22:43:40,BE,210.4100,210.4700,210.2000,210.2100,6314.0000,210.3350,36
2026-07-30 22:43:45,BE,210.1200,210.3000,210.1200,210.2100,1500.0000,210.1640,5
2026-07-30 22:43:50,BE,210.2100,210.3000,210.2000,210.3000,1125.0000,210.2320,5
2026-07-30 22:43:55,BE,210.2100,210.3000,210.0900,210.1600,3216.0000,210.1320,20
2026-07-30 22:44:00,BE,210.1100,210.2000,210.0400,210.1300,9367.0000,210.1070,59
2026-07-30 22:44:05,BE,210.1500,210.2500,210.0800,210.1200,1184.0000,210.1440,9
2026-07-30 22:44:10,BE,210.1900,210.2500,210.1800,210.2500,518.0000,210.2110,3
2026-07-30 22:44:15,BE,210.2500,210.2800,210.0700,210.2700,8080.0000,210.1660,56
2026-07-30 22:44:20,BE,210.1600,210.1600,210.0400,210.0400,2894.0000,210.0760,23
2026-07-30 22:44:25,BE,210.1000,210.2100,210.0400,210.1500,4019.0000,210.0870,23
2026-07-30 22:44:30,BE,210.2000,210.2800,210.1400,210.1400,1565.0000,210.1980,12
2026-07-30 22:44:35,BE,210.2100,210.2800,210.2000,210.2400,1400.0000,210.2600,14
2026-07-30 22:44:40,BE,210.2800,210.3400,210.0900,210.0900,5672.0000,210.2280,37
2026-07-30 22:44:45,BE,210.2400,210.2500,209.8800,209.8800,5815.0000,210.0460,30
2026-07-30 22:44:50,BE,209.9100,209.9900,209.8500,209.9100,2429.0000,209.9080,13
2026-07-30 22:44:55,BE,209.9900,209.9900,209.8900,209.9000,850.0000,209.9240,8
2026-07-30 22:45:00,BE,209.9200,210.1500,209.8600,210.1500,2229.0000,209.9870,19
2026-07-30 22:45:05,BE,210.1600,210.2400,210.1600,210.1600,1310.0000,210.1740,8
2026-07-30 22:45:10,BE,210.1100,210.3300,210.1100,210.2400,3251.0000,210.2370,15
2026-07-30 22:45:15,BE,210.3800,210.4600,210.2400,210.2400,6365.0000,210.3510,34
2026-07-30 22:45:20,BE,210.2500,210.3200,210.1700,210.3200,2094.0000,210.2480,17
2026-07-30 22:45:25,BE,210.3300,210.3600,210.3100,210.3600,760.0000,210.3250,7
2026-07-30 22:45:30,BE,210.3800,210.4100,210.2800,210.2900,2929.0000,210.3380,25
2026-07-30 22:45:35,BE,210.3600,210.3600,210.0600,210.1100,6216.0000,210.1950,52
2026-07-30 22:45:40,BE,210.1000,210.1000,210.0600,210.0600,1600.0000,210.0690,8
2026-07-30 22:45:45,BE,210.0700,210.0700,210.0700,210.0700,100.0000,210.0700,1
2026-07-30 22:45:50,BE,210.0300,210.0600,210.0000,210.0600,603.0000,210.0450,6
2026-07-30 22:45:55,BE,210.0600,210.2400,210.0500,210.1900,12299.0000,210.1650,47
2026-07-30 22:46:00,BE,210.2400,210.2500,210.1500,210.1700,2417.0000,210.1670,9
2026-07-30 22:46:05,BE,210.1700,210.3100,210.1700,210.2600,2339.0000,210.2370,20
2026-07-30 22:46:10,BE,210.2800,210.2800,210.1400,210.1700,3165.0000,210.1960,21
2026-07-30 22:46:15,BE,210.1700,210.1700,210.1700,210.1700,0.0000,210.1700,0
2026-07-30 22:46:20,BE,210.1600,210.1600,209.8700,209.8700,8066.0000,210.0240,62
2026-07-30 22:46:25,BE,209.8700,209.8700,209.6400,209.6400,4120.0000,209.7510,35
2026-07-30 22:46:30,BE,209.6800,209.7400,209.5400,209.6100,3968.0000,209.6170,30
2026-07-30 22:46:35,BE,209.6100,209.6100,209.4400,209.5500,2335.0000,209.5280,19
2026-07-30 22:46:40,BE,209.4400,209.5500,209.3800,209.4700,3887.0000,209.4650,18
2026-07-30 22:46:45,BE,209.4700,209.5800,209.4700,209.5200,550.0000,209.4990,4
2026-07-30 22:46:50,BE,209.5700,209.6000,209.5400,209.5400,2591.0000,209.5640,21
2026-07-30 22:46:55,BE,209.4800,209.4800,209.4800,209.4800,700.0000,209.4800,6
2026-07-30 22:47:00,BE,209.4800,209.4800,209.3700,209.3700,1368.0000,209.4250,12
2026-07-30 22:47:05,BE,209.4600,209.4700,209.4200,209.4300,2429.0000,209.4540,17
2026-07-30 22:47:10,BE,209.4500,209.4500,209.4100,209.4500,1344.0000,209.4390,10
2026-07-30 22:47:15,BE,209.4900,209.5000,209.3600,209.4400,3137.0000,209.4390,27
2026-07-30 22:47:20,BE,209.4100,209.4100,209.3700,209.3800,200.0000,209.3910,2
2026-07-30 22:47:25,BE,209.4100,209.4700,209.4100,209.4700,3194.0000,209.4270,18
2026-07-30 22:47:30,BE,209.4300,209.5100,209.4300,209.4400,500.0000,209.4520,5
2026-07-30 22:47:35,BE,209.5100,209.5300,209.3700,209.3700,4515.0000,209.4690,26
2026-07-30 22:47:40,BE,209.4400,209.7300,209.4400,209.6700,3489.0000,209.5600,29
2026-07-30 22:47:45,BE,209.6700,209.9500,209.5900,209.8300,2626.0000,209.7700,20
2026-07-30 22:47:50,BE,209.9300,209.9300,209.7400,209.7700,2736.0000,209.8180,24
2026-07-30 22:47:55,BE,209.7400,209.8400,209.7400,209.8400,700.0000,209.8160,5
2026-07-30 22:48:00,BE,209.8400,209.9600,209.8200,209.8900,5594.0000,209.9060,43
2026-07-30 22:48:05,BE,209.8200,209.8800,209.6600,209.6600,7245.0000,209.7170,53
2026-07-30 22:48:10,BE,209.6600,209.7700,209.6200,209.7400,2330.0000,209.6960,20
2026-07-30 22:48:15,BE,209.6900,209.7900,209.6400,209.6800,5482.0000,209.7040,34
2026-07-30 22:48:20,BE,209.6800,209.7200,209.6400,209.6400,1344.0000,209.6550,9
2026-07-30 22:48:25,BE,209.7200,209.7300,209.6500,209.7200,2201.0000,209.7030,15
2026-07-30 22:48:30,BE,209.7200,209.7800,209.6500,209.6700,3819.0000,209.6910,19
2026-07-30 22:48:35,BE,209.6700,209.7500,209.5700,209.6600,3800.0000,209.6840,10
2026-07-30 22:48:40,BE,209.6500,209.7500,209.6500,209.7500,494.0000,209.6700,3
2026-07-30 22:48:45,BE,209.7500,209.7900,209.5800,209.6200,5039.0000,209.7120,37
2026-07-30 22:48:50,BE,209.6900,209.7000,209.6900,209.7000,1450.0000,209.6980,6
2026-07-30 22:48:55,BE,209.6900,209.6900,209.3600,209.3600,5758.0000,209.5640,54
2026-07-30 22:49:00,BE,209.3200,209.3300,209.2800,209.3100,1200.0000,209.3020,7
2026-07-30 22:49:05,BE,209.3200,209.7900,209.2300,209.7800,15028.0000,209.6140,119
2026-07-30 22:49:10,BE,209.7000,209.7400,209.4300,209.4600,10194.0000,209.5840,86
2026-07-30 22:49:15,BE,209.4200,209.5100,209.4100,209.4200,725.0000,209.4430,7
2026-07-30 22:49:20,BE,209.5100,209.5100,209.0500,209.0900,5937.0000,209.2740,45
2026-07-30 22:49:25,BE,209.1000,209.3500,209.0900,209.2100,3956.0000,209.1990,27
2026-07-30 22:49:30,BE,209.2000,209.2900,209.0200,209.1100,1935.0000,209.1100,10
2026-07-30 22:49:35,BE,209.2400,209.6700,209.2300,209.6100,7639.0000,209.4660,58
2026-07-30 22:49:40,BE,209.5600,209.6600,209.5600,209.6100,1220.0000,209.5940,12
2026-07-30 22:49:45,BE,209.6100,209.6100,209.4400,209.4500,2750.0000,209.5500,25
2026-07-30 22:49:50,BE,209.4500,209.5600,209.4400,209.4700,1200.0000,209.4860,10
2026-07-30 22:49:55,BE,209.4700,209.5600,209.3600,209.5000,1023.0000,209.4810,9
2026-07-30 22:50:00,BE,209.4200,209.4300,208.3100,208.6700,18498.0000,208.8660,101
2026-07-30 22:50:05,BE,208.4900,208.4900,207.7500,207.8700,5485.0000,208.1600,36
2026-07-30 22:50:10,BE,207.9400,208.1300,207.8300,208.0800,3082.0000,208.0000,23
2026-07-30 22:50:15,BE,208.1000,208.2300,208.0800,208.1800,3295.0000,208.1440,23
2026-07-30 22:50:20,BE,208.1200,208.3700,208.1200,208.3400,2425.0000,208.3010,18
2026-07-30 22:50:25,BE,208.2900,208.7100,208.2900,208.7100,2638.0000,208.4980,22
2026-07-30 22:50:30,BE,208.7700,208.9900,208.5800,208.5800,2987.0000,208.7480,27
2026-07-30 22:50:35,BE,208.5100,208.5900,208.4700,208.4700,1450.0000,208.5330,12
2026-07-30 22:50:40,BE,208.5500,208.6300,208.0800,208.0800,4840.0000,208.3410,44
2026-07-30 22:50:45,BE,208.1000,208.1300,208.0000,208.1300,2079.0000,208.0930,19
2026-07-30 22:50:50,BE,207.9900,208.1100,207.9600,208.0900,2521.0000,208.0260,21
2026-07-30 22:50:55,BE,208.0400,208.0700,207.9000,208.0000,5005.0000,207.9720,44
2026-07-30 22:51:00,BE,207.9700,208.0100,207.8000,207.8900,7774.0000,207.9360,60
2026-07-30 22:51:05,BE,207.8900,207.9400,207.5400,207.7900,3946.0000,207.7940,32
2026-07-30 22:51:10,BE,207.8000,207.8000,207.5000,207.5200,3465.0000,207.5750,26
2026-07-30 22:51:15,BE,207.5000,207.7500,207.5000,207.6300,8471.0000,207.5610,60
2026-07-30 22:51:20,BE,207.6300,207.6700,207.5400,207.6700,3107.0000,207.6080,29
2026-07-30 22:51:25,BE,207.7400,207.7700,207.6000,207.6000,6531.0000,207.6850,51
2026-07-30 22:51:30,BE,207.6000,207.6000,207.2700,207.3900,3520.0000,207.4400,28
2026-07-30 22:51:35,BE,207.2900,207.5100,207.2800,207.4700,3242.0000,207.4040,27
2026-07-30 22:51:40,BE,207.4400,207.5000,207.2000,207.2100,2837.0000,207.3240,27
2026-07-30 22:51:45,BE,207.2100,207.3600,207.1700,207.2000,2850.0000,207.2400,17
2026-07-30 22:51:50,BE,207.1800,207.2300,207.1200,207.1200,1506.0000,207.1890,15
2026-07-30 22:51:55,BE,207.1700,207.2400,207.0500,207.0500,4127.0000,207.1140,34
2026-07-30 22:52:00,BE,207.0300,207.8600,206.9300,207.8600,16465.0000,207.2850,132
2026-07-30 22:52:05,BE,207.6500,207.9400,207.6500,207.8300,900.0000,207.7580,3
2026-07-30 22:52:10,BE,207.9700,208.0500,207.8200,207.9500,12274.0000,207.8760,48
2026-07-30 22:52:15,BE,207.8500,207.9000,207.6500,207.6500,4662.0000,207.7980,45
2026-07-30 22:52:20,BE,207.6500,207.7100,207.5500,207.6200,4885.0000,207.6060,42
2026-07-30 22:52:25,BE,207.6200,207.7500,207.5700,207.6600,7521.0000,207.6870,71
2026-07-30 22:52:30,BE,207.7100,207.8800,207.7000,207.8700,4588.0000,207.7780,45
2026-07-30 22:52:35,BE,207.7800,208.0500,207.7800,208.0300,17195.0000,207.9450,131
2026-07-30 22:52:40,BE,208.0100,208.0200,207.7100,207.8500,6736.0000,207.9080,44
2026-07-30 22:52:45,BE,207.6900,207.8700,207.6500,207.6500,2100.0000,207.7190,20
2026-07-30 22:52:50,BE,207.6500,207.9200,207.6500,207.8800,6001.0000,207.8370,45
2026-07-30 22:52:55,BE,207.9000,208.0000,207.9000,208.0000,1985.0000,207.9670,17
2026-07-30 22:53:00,BE,208.0000,208.1500,208.0000,208.0100,6381.0000,208.0530,56
2026-07-30 22:53:05,BE,208.0500,208.1700,208.0400,208.0400,4413.0000,208.0930,37
2026-07-30 22:53:10,BE,208.0100,208.0800,207.9400,207.9400,2583.0000,208.0240,23
2026-07-30 22:53:15,BE,207.9800,207.9800,207.8600,207.8600,2303.0000,207.8940,20
2026-07-30 22:53:20,BE,207.8600,207.9200,207.5700,207.8100,4383.0000,207.7260,40
2026-07-30 22:53:25,BE,207.9900,208.1100,207.9000,208.0000,3659.0000,208.0450,30
2026-07-30 22:53:30,BE,207.9900,208.2100,207.9200,208.2100,8996.0000,208.1570,38
2026-07-30 22:53:35,BE,208.1700,208.3100,208.0800,208.1400,8242.0000,208.2270,49
2026-07-30 22:53:40,BE,208.1900,208.2300,208.0900,208.2300,4328.0000,208.1720,35
2026-07-30 22:53:45,BE,208.1300,208.2600,208.1300,208.2000,1143.0000,208.1950,11
2026-07-30 22:53:50,BE,208.2600,208.2600,208.1300,208.2100,3203.0000,208.1950,30
2026-07-30 22:53:55,BE,208.1400,208.2100,207.7900,207.8700,5176.0000,207.9970,43
2026-07-30 22:54:00,BE,207.8400,207.9800,207.7900,207.9200,4914.0000,207.8910,38
2026-07-30 22:54:05,BE,207.9800,207.9800,207.4600,207.5100,6500.0000,207.7980,52
2026-07-30 22:54:10,BE,207.3800,207.4800,207.3700,207.4700,2283.0000,207.4160,7
2026-07-30 22:54:15,BE,207.3700,207.5700,207.3500,207.4600,4711.0000,207.4170,39
2026-07-30 22:54:20,BE,207.4700,207.5500,207.0800,207.3800,7171.0000,207.3120,60
2026-07-30 22:54:25,BE,207.2500,207.2500,207.0800,207.1500,3583.0000,207.1460,24
2026-07-30 22:54:30,BE,207.1400,207.5900,207.1400,207.4600,13416.0000,207.3610,100
2026-07-30 22:54:35,BE,207.4000,207.8100,207.4000,207.6600,8415.0000,207.6220,72
2026-07-30 22:54:40,BE,207.6800,207.8200,207.6800,207.7400,2220.0000,207.7620,22
2026-07-30 22:54:45,BE,207.7400,207.8000,207.5500,207.5500,7241.0000,207.7320,67
2026-07-30 22:54:50,BE,207.5500,207.5500,207.2800,207.3700,3204.0000,207.4400,32
2026-07-30 22:54:55,BE,207.4500,207.5800,207.3400,207.3400,3470.0000,207.4500,28
2026-07-30 22:55:00,BE,207.2400,207.2400,206.8900,206.9800,10611.0000,207.0410,62
2026-07-30 22:55:05,BE,207.0000,207.0000,206.7000,206.9700,14668.0000,206.8210,79
2026-07-30 22:55:10,BE,206.8200,206.9400,206.8100,206.9400,6251.0000,206.8690,36
2026-07-30 22:55:15,BE,206.9400,207.0600,206.1100,206.2500,20723.0000,206.8220,165
2026-07-30 22:55:20,BE,206.1700,206.7900,206.0700,206.7300,11270.0000,206.5910,82
2026-07-30 22:55:25,BE,206.7300,206.8200,206.5700,206.6700,7051.0000,206.7120,61
2026-07-30 22:55:30,BE,206.6000,206.8100,206.4100,206.5700,14583.0000,206.6140,118
2026-07-30 22:55:35,BE,206.5000,206.6800,206.4900,206.5400,4944.0000,206.5920,37
2026-07-30 22:55:40,BE,206.4400,206.6600,206.4300,206.5500,5740.0000,206.4780,48
2026-07-30 22:55:45,BE,206.5500,206.6500,206.3500,206.3900,5058.0000,206.4610,45
2026-07-30 22:55:50,BE,206.3900,206.5000,206.3800,206.5000,7207.0000,206.4290,56
2026-07-30 22:55:55,BE,206.4600,206.4600,206.3000,206.3600,7552.0000,206.3690,56
2026-07-30 22:56:00,BE,206.3000,206.4100,206.2500,206.3500,3943.0000,206.3320,38
2026-07-30 22:56:05,BE,206.3600,206.5900,206.2500,206.2600,13420.0000,206.4150,92
2026-07-30 22:56:10,BE,206.2600,206.3300,206.2100,206.2100,6748.0000,206.2430,54
2026-07-30 22:56:15,BE,206.2100,206.2500,205.8000,206.2300,14242.0000,206.1050,103
2026-07-30 22:56:20,BE,206.1300,206.2300,206.0600,206.1000,3650.0000,206.1550,31
2026-07-30 22:56:25,BE,206.1700,206.3300,206.1300,206.1300,13722.0000,206.2350,91
2026-07-30 22:56:30,BE,206.1300,208.3700,206.1300,207.6300,47933.0000,207.2340,387
2026-07-30 22:56:35,BE,207.7900,208.0400,207.7100,207.8800,10029.0000,207.8820,67
2026-07-30 22:56:40,BE,207.8800,208.0400,207.7000,208.0400,6096.0000,207.8590,45
2026-07-30 22:56:45,BE,208.0100,208.0400,207.8000,207.8400,6585.0000,207.8570,53
2026-07-30 22:56:50,BE,207.8000,207.8400,207.4700,207.5900,9882.0000,207.6710,80
2026-07-30 22:56:55,BE,207.5900,207.5900,207.4700,207.4700,7274.0000,207.5270,53
2026-07-30 22:57:00,BE,207.4600,207.6500,207.0500,207.1600,12743.0000,207.3020,88
2026-07-30 22:57:05,BE,207.2300,207.3300,207.1800,207.3300,2410.0000,207.2730,14
2026-07-30 22:57:10,BE,207.1700,207.3500,207.0700,207.0900,8783.0000,207.1620,75
2026-07-30 22:57:15,BE,207.0900,207.2000,207.0700,207.1700,10321.0000,207.1280,75
2026-07-30 22:57:20,BE,207.0700,207.0700,206.6600,206.6800,10664.0000,206.8060,58
2026-07-30 22:57:25,BE,206.8400,206.8700,206.6600,206.7600,9960.0000,206.7680,63
2026-07-30 22:57:30,BE,206.7900,206.9700,206.7900,206.9500,12885.0000,206.8720,107
2026-07-30 22:57:35,BE,206.9700,207.1800,206.9400,207.0200,8903.0000,207.0680,58
2026-07-30 22:57:40,BE,207.1000,207.2300,207.1000,207.1200,4646.0000,207.1380,36
2026-07-30 22:57:45,BE,207.1300,207.5800,207.1200,207.4500,10559.0000,207.2720,73
2026-07-30 22:57:50,BE,207.4000,207.4900,207.2500,207.3800,6095.0000,207.3530,46
2026-07-30 22:57:55,BE,207.3300,207.3800,206.5700,206.5700,12186.0000,207.0370,98
2026-07-30 22:58:00,BE,206.6400,206.6900,206.5100,206.6100,13458.0000,206.6210,109
2026-07-30 22:58:05,BE,206.6100,206.7900,206.6100,206.7800,14967.0000,206.7100,114
2026-07-30 22:58:10,BE,206.7900,206.7900,206.5800,206.6900,12380.0000,206.7310,98
2026-07-30 22:58:15,BE,206.6300,207.0100,206.6200,206.8400,9609.0000,206.7640,76
2026-07-30 22:58:20,BE,206.9400,207.0900,206.8500,206.9300,15504.0000,206.9560,99
2026-07-30 22:58:25,BE,206.8200,206.9000,206.7800,206.7800,10844.0000,206.8250,80
2026-07-30 22:58:30,BE,206.7800,207.2600,206.7800,207.2000,23898.0000,207.0130,163
2026-07-30 22:58:35,BE,207.2000,207.2200,207.1300,207.1700,4335.0000,207.1780,37
2026-07-30 22:58:40,BE,207.1700,207.2400,207.1200,207.1200,14179.0000,207.1530,105
2026-07-30 22:58:45,BE,207.1200,207.4800,207.1200,207.1500,18082.0000,207.2320,156
2026-07-30 22:58:50,BE,207.1600,207.3000,207.1500,207.2600,14119.0000,207.2070,113
2026-07-30 22:58:55,BE,207.1800,207.3100,207.1600,207.2000,15283.0000,207.2340,129
2026-07-30 22:59:00,BE,207.2100,207.2300,207.1200,207.1900,13942.0000,207.1610,126
2026-07-30 22:59:05,BE,207.1700,207.2300,207.1400,207.1900,16543.0000,207.1990,137
2026-07-30 22:59:10,BE,207.2000,207.3500,207.1700,207.3200,19095.0000,207.2460,135
2026-07-30 22:59:15,BE,207.3100,207.5000,207.2700,207.3000,22643.0000,207.3450,169
2026-07-30 22:59:20,BE,207.2900,207.2900,207.1900,207.2400,13952.0000,207.2550,107
2026-07-30 22:59:25,BE,207.2100,207.2300,207.1700,207.2100,14047.0000,207.1940,107
2026-07-30 22:59:30,BE,207.2300,207.2400,206.9600,206.9600,21718.0000,207.0890,150
2026-07-30 22:59:35,BE,207.0000,207.2200,206.9600,207.0400,19185.0000,207.0700,137
2026-07-30 22:59:40,BE,207.0100,207.1800,206.9600,207.0600,14886.0000,207.0670,120
2026-07-30 22:59:45,BE,207.0300,207.2200,206.9900,207.1300,29886.0000,207.1100,226
2026-07-30 22:59:50,BE,207.1100,207.2200,206.9400,207.1400,22658.0000,207.1110,164
2026-07-30 22:59:55,BE,207.0700,207.1300,206.9200,207.0200,19727.0000,206.9930,96
