time,symbol,open,high,low,close,volume,wap,count
2026-08-19 00:00:00,MRNA,62.9600,62.9600,62.9600,62.9600,0.0000,62.9600,0
2026-08-19 00:00:05,MRNA,62.9600,62.9600,62.9600,62.9600,0.0000,62.9600,0
2026-08-19 00:00:10,MRNA,62.9600,62.9600,62.9600,62.9600,0.0000,62.9600,0
2026-08-19 00:00:15,MRNA,62.9600,62.9600,62.9600,62.9600,0.0000,62.9600,0
2026-08-19 00:00:20,MRNA,62.9600,62.9600,62.9600,62.9600,0.0000,62.9600,0
2026-08-19 00:00:25,MRNA,62.9600,62.9600,62.9600,62.9600,0.0000,62.9600,0
2026-08-19 00:00:30,MRNA,62.9600,62.9600,62.9600,62.9600,0.0000,62.9600,0
2026-08-19 00:00:35,MRNA,62.9600,62.9600,62.9600,62.9600,0.0000,62.9600,0
2026-08-19 00:00:40,MRNA,62.9600,62.9600,62.9600,62.9600,0.0000,62.9600,0
2026-08-19 00:00:45,MRNA,62.9600,62.9600,62.9600,62.9600,0.0000,62.9600,0
2026-08-19 00:00:50,MRNA,62.9600,62.9600,62.9600,62.9600,0.0000,62.9600,0
2026-08-19 00:00:55,MRNA,62.9600,62.9600,62.9600,62.9600,0.0000,62.9600,0
2026-08-19 00:01:00,MRNA,62.9600,62.9600,62.9600,62.9600,0.0000,62.9600,0
2026-08-19 00:01:05,MRNA,62.9600,62.9600,62.9600,62.9600,0.0000,62.9600,0
2026-08-19 00:01:10,MRNA,62.9600,62.9600,62.9600,62.9600,0.0000,62.9600,0
2026-08-19 00:01:15,MRNA,62.9600,62.9600,62.9600,62.9600,0.0000,62.9600,0
2026-08-19 00:01:20,MRNA,62.9600,62.9600,62.9600,62.9600,0.0000,62.9600,0
2026-08-19 00:01:25,MRNA,62.9600,62.9600,62.9600,62.9600,0.0000,62.9600,0
2026-08-19 00:01:30,MRNA,62.9600,62.9600,62.9600,62.9600,0.0000,62.9600,0
2026-08-19 00:01:35,MRNA,62.9600,62.9600,62.9600,62.9600,0.0000,62.9600,0
2026-08-19 00:01:40,MRNA,62.9600,62.9600,62.9600,62.9600,0.0000,62.9600,0
2026-08-19 00:01:45,MRNA,62.9600,62.9600,62.9600,62.9600,0.0000,62.9600,0
2026-08-19 00:01:50,MRNA,62.9600,62.9600,62.9600,62.9600,0.0000,62.9600,0
2026-08-19 00:01:55,MRNA,62.9600,62.9600,62.9600,62.9600,0.0000,62.9600,0
2026-08-19 00:02:00,MRNA,62.9600,62.9600,62.9600,62.9600,0.0000,62.9600,0
2026-08-19 00:02:05,MRNA,62.9600,62.9600,62.9600,62.9600,0.0000,62.9600,0
2026-08-19 00:02:10,MRNA,62.9600,62.9600,62.9600,62.9600,0.0000,62.9600,0
2026-08-19 00:02:15,MRNA,62.9600,62.9600,62.9600,62.9600,0.0000,62.9600,0
2026-08-19 00:02:20,MRNA,62.9600,62.9600,62.9600,62.9600,0.0000,62.9600,0
2026-08-19 00:02:25,MRNA,62.9600,62.9600,62.9600,62.9600,0.0000,62.9600,0
2026-08-19 00:02:30,MRNA,62.9600,62.9600,62.9600,62.9600,0.0000,62.9600,0
2026-08-19 00:02:35,MRNA,62.9600,62.9600,62.9600,62.9600,0.0000,62.9600,0
2026-08-19 00:02:40,MRNA,62.9600,62.9600,62.9600,62.9600,0.0000,62.9600,0
2026-08-19 00:02:45,MRNA,62.9600,62.9600,62.9600,62.9600,0.0000,62.9600,0
2026-08-19 00:02:50,MRNA,62.9600,62.9600,62.9600,62.9600,0.0000,62.9600,0
2026-08-19 00:02:55,MRNA,62.9600,62.9600,62.9600,62.9600,0.0000,62.9600,0
2026-08-19 00:03:00,MRNA,62.9600,62.9600,62.9600,62.9600,0.0000,62.9600,0
2026-08-19 00:03:05,MRNA,62.9600,62.9600,62.9600,62.9600,0.0000,62.9600,0
2026-08-19 00:03:10,MRNA,62.9600,62.9600,62.9600,62.9600,0.0000,62.9600,0
2026-08-19 00:03:15,MRNA,62.9600,62.9600,62.9600,62.9600,0.0000,62.9600,0
2026-08-19 00:03:20,MRNA,62.9600,62.9600,62.9600,62.9600,0.0000,62.9600,0
2026-08-19 00:03:25,MRNA,62.9600,62.9600,62.9600,62.9600,0.0000,62.9600,0
2026-08-19 00:03:30,MRNA,62.9600,62.9600,62.9600,62.9600,0.0000,62.9600,0
2026-08-19 00:03:35,MRNA,62.9600,62.9600,62.9600,62.9600,0.0000,62.9600,0
2026-08-19 00:03:40,MRNA,62.9600,62.9600,62.9600,62.9600,0.0000,62.9600,0
2026-08-19 00:03:45,MRNA,62.9600,62.9600,62.9600,62.9600,0.0000,62.9600,0
2026-08-19 00:03:50,MRNA,62.9600,62.9600,62.9600,62.9600,0.0000,62.9600,0
2026-08-19 00:03:55,MRNA,62.9600,62.9600,62.9600,62.9600,0.0000,62.9600,0
2026-08-19 00:04:00,MRNA,62.9600,62.9600,62.9600,62.9600,0.0000,62.9600,0
2026-08-19 00:04:05,MRNA,62.9600,62.9600,62.9600,62.9600,0.0000,62.9600,0
2026-08-19 00:04:10,MRNA,62.9600,62.9600,62.9600,62.9600,0.0000,62.9600,0
2026-08-19 00:04:15,MRNA,62.9600,62.9600,62.9600,62.9600,0.0000,62.9600,0
2026-08-19 00:04:20,MRNA,62.9600,62.9600,62.9600,62.9600,0.0000,62.9600,0
2026-08-19 00:04:25,MRNA,62.9600,62.9600,62.9600,62.9600,0.0000,62.9600,0
2026-08-19 00:04:30,MRNA,62.9600,62.9600,62.9600,62.9600,0.0000,62.9600,0
2026-08-19 00:04:35,MRNA,62.9600,62.9600,62.9600,62.9600,0.0000,62.9600,0
2026-08-19 00:04:40,MRNA,62.9600,62.9600,62.9600,62.9600,0.0000,62.9600,0
2026-08-19 00:04:45,MRNA,62.9600,62.9600,62.9600,62.9600,0.0000,62.9600,0
2026-08-19 00:04:50,MRNA,62.9600,62.9600,62.9600,62.9600,0.0000,62.9600,0
2026-08-19 00:04:55,MRNA,62.9600,62.9600,62.9600,62.9600,0.0000,62.9600,0
2026-08-19 00:05:00,MRNA,62.9600,62.9600,62.9600,62.9600,0.0000,62.9600,0
2026-08-19 00:05:05,MRNA,62.9600,62.9600,62.9600,62.9600,0.0000,62.9600,0
2026-08-19 00:05:10,MRNA,62.9600,62.9600,62.9600,62.9600,0.0000,62.9600,0
2026-08-19 00:05:15,MRNA,62.9600,62.9600,62.9600,62.9600,0.0000,62.9600,0
2026-08-19 00:05:20,MRNA,62.9600,62.9600,62.9600,62.9600,0.0000,62.9600,0
2026-08-19 00:05:25,MRNA,62.9600,62.9600,62.9600,62.9600,0.0000,62.9600,0
2026-08-19 00:05:30,MRNA,62.9600,62.9600,62.9600,62.9600,0.0000,62.9600,0
2026-08-19 00:05:35,MRNA,62.9600,62.9600,62.9600,62.9600,0.0000,62.9600,0
2026-08-19 00:05:40,MRNA,62.9600,62.9600,62.9600,62.9600,0.0000,62.9600,0
2026-08-19 00:05:45,MRNA,62.9600,62.9600,62.9600,62.9600,0.0000,62.9600,0
2026-08-19 00:05:50,MRNA,62.9600,62.9600,62.9600,62.9600,0.0000,62.9600,0
2026-08-19 00:05:55,MRNA,62.9600,62.9600,62.9600,62.9600,0.0000,62.9600,0
2026-08-19 00:06:00,MRNA,62.9600,62.9600,62.9600,62.9600,0.0000,62.9600,0
2026-08-19 00:06:05,MRNA,62.9600,62.9600,62.9600,62.9600,0.0000,62.9600,0
2026-08-19 00:06:10,MRNA,62.9600,62.9600,62.9600,62.9600,0.0000,62.9600,0
2026-08-19 00:06:15,MRNA,62.9600,62.9600,62.9600,62.9600,0.0000,62.9600,0
2026-08-19 00:06:20,MRNA,62.9600,62.9600,62.9600,62.9600,0.0000,62.9600,0
2026-08-19 00:06:25,MRNA,62.9600,62.9600,62.9600,62.9600,0.0000,62.9600,0
2026-08-19 00:06:30,MRNA,62.9600,62.9600,62.9600,62.9600,0.0000,62.9600,0
2026-08-19 00:06:35,MRNA,62.9600,62.9600,62.9600,62.9600,0.0000,62.9600,0
2026-08-19 00:06:40,MRNA,62.9600,62.9600,62.9600,62.9600,0.0000,62.9600,0
2026-08-19 00:06:45,MRNA,62.9600,62.9600,62.9600,62.9600,0.0000,62.9600,0
2026-08-19 00:06:50,MRNA,62.9600,62.9600,62.9600,62.9600,0.0000,62.9600,0
2026-08-19 00:06:55,MRNA,62.9600,62.9600,62.9600,62.9600,0.0000,62.9600,0
2026-08-19 00:07:00,MRNA,62.9600,62.9600,62.9600,62.9600,0.0000,62.9600,0
2026-08-19 00:07:05,MRNA,62.9600,62.9600,62.9600,62.9600,0.0000,62.9600,0
2026-08-19 00:07:10,MRNA,62.9600,62.9600,62.9600,62.9600,0.0000,62.9600,0
2026-08-19 00:07:15,MRNA,62.9600,62.9600,62.9600,62.9600,0.0000,62.9600,0
2026-08-19 00:07:20,MRNA,62.9600,62.9600,62.9600,62.9600,0.0000,62.9600,0
2026-08-19 00:07:25,MRNA,62.9600,62.9600,62.9600,62.9600,0.0000,62.9600,0
2026-08-19 00:07:30,MRNA,62.9600,62.9600,62.9600,62.9600,0.0000,62.9600,0
2026-08-19 00:07:35,MRNA,62.9600,62.9600,62.9600,62.9600,0.0000,62.9600,0
2026-08-19 00:07:40,MRNA,62.9600,62.9600,62.9600,62.9600,0.0000,62.9600,0
2026-08-19 00:07:45,MRNA,62.9600,62.9600,62.9600,62.9600,0.0000,62.9600,0
2026-08-19 00:07:50,MRNA,62.9600,62.9600,62.9600,62.9600,0.0000,62.9600,0
2026-08-19 00:07:55,MRNA,62.9600,62.9600,62.9600,62.9600,0.0000,62.9600,0
2026-08-19 00:08:00,MRNA,62.9600,62.9600,62.9600,62.9600,0.0000,62.9600,0
2026-08-19 00:08:05,MRNA,62.9600,62.9600,62.9600,62.9600,0.0000,62.9600,0
2026-08-19 00:08:10,MRNA,62.9600,62.9600,62.9600,62.9600,0.0000,62.9600,0
2026-08-19 00:08:15,MRNA,62.9600,62.9600,62.9600,62.9600,0.0000,62.9600,0
2026-08-19 00:08:20,MRNA,62.9600,62.9600,62.9600,62.9600,0.0000,62.9600,0
2026-08-19 00:08:25,MRNA,62.9600,62.9600,62.9600,62.9600,0.0000,62.9600,0
2026-08-19 00:08:30,MRNA,62.9600,62.9600,62.9600,62.9600,0.0000,62.9600,0
2026-08-19 00:08:35,MRNA,62.9600,62.9600,62.9600,62.9600,0.0000,62.9600,0
2026-08-19 00:08:40,MRNA,62.9600,62.9600,62.9600,62.9600,0.0000,62.9600,0
2026-08-19 00:08:45,MRNA,62.9600,62.9600,62.9600,62.9600,0.0000,62.9600,0
2026-08-19 00:08:50,MRNA,62.9600,62.9600,62.9600,62.9600,0.0000,62.9600,0
2026-08-19 00:08:55,MRNA,62.9600,62.9600,62.9600,62.9600,0.0000,62.9600,0
2026-08-19 00:09:00,MRNA,62.9600,62.9600,62.9600,62.9600,0.0000,62.9600,0
2026-08-19 00:09:05,MRNA,62.9600,62.9600,62.9600,62.9600,0.0000,62.9600,0
2026-08-19 00:09:10,MRNA,62.9600,62.9600,62.9600,62.9600,0.0000,62.9600,0
2026-08-19 00:09:15,MRNA,62.9600,62.9600,62.9600,62.9600,0.0000,62.9600,0
2026-08-19 00:09:20,MRNA,62.9600,62.9600,62.9600,62.9600,0.0000,62.9600,0
2026-08-19 00:09:25,MRNA,62.9600,62.9600,62.9600,62.9600,0.0000,62.9600,0
2026-08-19 00:09:30,MRNA,62.9600,62.9600,62.9600,62.9600,0.0000,62.9600,0
2026-08-19 00:09:35,MRNA,62.9600,62.9600,62.9600,62.9600,0.0000,62.9600,0
2026-08-19 00:09:40,MRNA,62.9600,62.9600,62.9600,62.9600,0.0000,62.9600,0
2026-08-19 00:09:45,MRNA,62.9600,62.9600,62.9600,62.9600,0.0000,62.9600,0
2026-08-19 00:09:50,MRNA,62.9600,62.9600,62.9600,62.9600,0.0000,62.9600,0
2026-08-19 00:09:55,MRNA,62.9600,62.9600,62.9600,62.9600,0.0000,62.9600,0
2026-08-19 00:10:00,MRNA,62.9600,62.9600,62.9600,62.9600,0.0000,62.9600,0
2026-08-19 00:10:05,MRNA,62.9600,62.9600,62.9600,62.9600,0.0000,62.9600,0
2026-08-19 00:10:10,MRNA,62.9600,62.9600,62.9600,62.9600,0.0000,62.9600,0
2026-08-19 00:10:15,MRNA,62.9600,62.9700,62.9600,62.9600,400.0000,62.9650,1
2026-08-19 00:10:20,MRNA,62.9600,62.9700,62.9600,62.9600,0.0000,62.9600,0
2026-08-19 00:10:25,MRNA,62.9600,62.9700,62.9600,62.9600,0.0000,62.9600,0
2026-08-19 00:10:30,MRNA,62.9600,62.9700,62.9600,62.9600,0.0000,62.9600,0
2026-08-19 00:10:35,MRNA,62.9400,62.9400,62.9400,62.9400,100.0000,62.9400,1
2026-08-19 00:10:40,MRNA,62.9400,62.9400,62.9400,62.9400,0.0000,62.9400,0
2026-08-19 00:10:45,MRNA,62.9400,62.9400,62.9400,62.9400,0.0000,62.9400,0
2026-08-19 00:10:50,MRNA,62.9400,62.9400,62.9400,62.9400,0.0000,62.9400,0
2026-08-19 00:10:55,MRNA,62.9400,62.9400,62.9400,62.9400,0.0000,62.9400,0
2026-08-19 00:11:00,MRNA,62.9400,62.9400,62.9400,62.9400,0.0000,62.9400,0
2026-08-19 00:11:05,MRNA,62.9400,62.9400,62.9400,62.9400,0.0000,62.9400,0
2026-08-19 00:11:10,MRNA,62.9400,62.9400,62.9400,62.9400,0.0000,62.9400,0
2026-08-19 00:11:15,MRNA,62.9400,62.9400,62.9400,62.9400,0.0000,62.9400,0
2026-08-19 00:11:20,MRNA,62.9400,62.9400,62.9400,62.9400,0.0000,62.9400,0
2026-08-19 00:11:25,MRNA,62.9400,62.9400,62.9400,62.9400,0.0000,62.9400,0
2026-08-19 00:11:30,MRNA,62.9400,62.9400,62.9400,62.9400,0.0000,62.9400,0
2026-08-19 00:11:35,MRNA,62.9400,62.9400,62.9400,62.9400,0.0000,62.9400,0
2026-08-19 00:11:40,MRNA,62.9400,62.9400,62.9400,62.9400,0.0000,62.9400,0
2026-08-19 00:11:45,MRNA,62.9400,62.9400,62.9400,62.9400,0.0000,62.9400,0
2026-08-19 00:11:50,MRNA,62.9400,62.9400,62.9400,62.9400,0.0000,62.9400,0
2026-08-19 00:11:55,MRNA,62.9400,62.9400,62.9400,62.9400,0.0000,62.9400,0
2026-08-19 00:12:00,MRNA,62.9400,62.9400,62.9400,62.9400,0.0000,62.9400,0
2026-08-19 00:12:05,MRNA,62.9400,62.9400,62.9400,62.9400,0.0000,62.9400,0
2026-08-19 00:12:10,MRNA,62.9400,62.9400,62.9400,62.9400,0.0000,62.9400,0
2026-08-19 00:12:15,MRNA,62.9400,62.9400,62.9400,62.9400,0.0000,62.9400,0
2026-08-19 00:12:20,MRNA,62.9400,62.9400,62.9400,62.9400,0.0000,62.9400,0
2026-08-19 00:12:25,MRNA,62.9400,62.9400,62.9400,62.9400,0.0000,62.9400,0
2026-08-19 00:12:30,MRNA,62.9400,62.9400,62.9400,62.9400,0.0000,62.9400,0
2026-08-19 00:12:35,MRNA,62.9400,62.9400,62.9400,62.9400,0.0000,62.9400,0
2026-08-19 00:12:40,MRNA,62.9400,62.9400,62.9400,62.9400,0.0000,62.9400,0
2026-08-19 00:12:45,MRNA,62.9400,62.9400,62.9400,62.9400,0.0000,62.9400,0
2026-08-19 00:12:50,MRNA,62.9400,62.9400,62.9400,62.9400,0.0000,62.9400,0
2026-08-19 00:12:55,MRNA,62.9400,62.9400,62.9400,62.9400,0.0000,62.9400,0
2026-08-19 00:13:00,MRNA,62.9400,62.9400,62.9400,62.9400,0.0000,62.9400,0
2026-08-19 00:13:05,MRNA,62.9400,62.9400,62.9400,62.9400,0.0000,62.9400,0
2026-08-19 00:13:10,MRNA,62.9400,62.9400,62.9400,62.9400,0.0000,62.9400,0
2026-08-19 00:13:15,MRNA,62.9400,62.9400,62.9400,62.9400,0.0000,62.9400,0
2026-08-19 00:13:20,MRNA,62.9400,62.9400,62.9400,62.9400,0.0000,62.9400,0
2026-08-19 00:13:25,MRNA,62.9400,62.9400,62.9400,62.9400,0.0000,62.9400,0
2026-08-19 00:13:30,MRNA,62.9400,62.9400,62.9400,62.9400,0.0000,62.9400,0
2026-08-19 00:13:35,MRNA,62.9400,62.9400,62.9400,62.9400,0.0000,62.9400,0
2026-08-19 00:13:40,MRNA,62.9400,62.9400,62.9400,62.9400,0.0000,62.9400,0
2026-08-19 00:13:45,MRNA,62.9400,62.9400,62.9400,62.9400,0.0000,62.9400,0
2026-08-19 00:13:50,MRNA,62.9400,62.9400,62.9400,62.9400,0.0000,62.9400,0
2026-08-19 00:13:55,MRNA,62.9400,62.9400,62.9400,62.9400,0.0000,62.9400,0
2026-08-19 00:14:00,MRNA,62.9400,62.9400,62.9400,62.9400,0.0000,62.9400,0
2026-08-19 00:14:05,MRNA,62.9400,62.9400,62.9400,62.9400,0.0000,62.9400,0
2026-08-19 00:14:10,MRNA,62.9400,62.9400,62.9400,62.9400,0.0000,62.9400,0
2026-08-19 00:14:15,MRNA,62.9400,62.9400,62.9400,62.9400,0.0000,62.9400,0
2026-08-19 00:14:20,MRNA,62.9400,62.9400,62.9400,62.9400,0.0000,62.9400,0
2026-08-19 00:14:25,MRNA,62.9400,62.9400,62.9400,62.9400,0.0000,62.9400,0
2026-08-19 00:14:30,MRNA,62.9400,62.9400,62.9400,62.9400,0.0000,62.9400,0
2026-08-19 00:14:35,MRNA,62.9400,62.9400,62.9400,62.9400,0.0000,62.9400,0
2026-08-19 00:14:40,MRNA,62.9400,62.9400,62.9400,62.9400,0.0000,62.9400,0
2026-08-19 00:14:45,MRNA,62.9400,62.9400,62.9400,62.9400,0.0000,62.9400,0
2026-08-19 00:14:50,MRNA,62.9400,62.9400,62.9400,62.9400,0.0000,62.9400,0
2026-08-19 00:14:55,MRNA,62.9400,62.9400,62.9400,62.9400,0.0000,62.9400,0
2026-08-19 00:15:00,MRNA,62.9400,62.9400,62.9400,62.9400,0.0000,62.9400,0
2026-08-19 00:15:05,MRNA,62.9400,62.9400,62.9400,62.9400,0.0000,62.9400,0
2026-08-19 00:15:10,MRNA,62.9400,62.9400,62.9400,62.9400,0.0000,62.9400,0
2026-08-19 00:15:15,MRNA,62.9400,62.9400,62.9400,62.9400,0.0000,62.9400,0
2026-08-19 00:15:20,MRNA,62.9400,62.9400,62.9400,62.9400,0.0000,62.9400,0
2026-08-19 00:15:25,MRNA,62.9400,62.9400,62.9400,62.9400,0.0000,62.9400,0
2026-08-19 00:15:30,MRNA,62.9400,62.9400,62.9400,62.9400,0.0000,62.9400,0
2026-08-19 00:15:35,MRNA,62.9400,62.9400,62.9400,62.9400,0.0000,62.9400,0
2026-08-19 00:15:40,MRNA,62.9400,62.9400,62.9400,62.9400,0.0000,62.9400,0
2026-08-19 00:15:45,MRNA,62.9400,62.9400,62.9400,62.9400,0.0000,62.9400,0
2026-08-19 00:15:50,MRNA,62.9400,62.9400,62.9400,62.9400,0.0000,62.9400,0
2026-08-19 00:15:55,MRNA,62.9400,62.9400,62.9400,62.9400,0.0000,62.9400,0
2026-08-19 00:16:00,MRNA,62.9400,62.9400,62.9400,62.9400,0.0000,62.9400,0
2026-08-19 00:16:05,MRNA,62.9400,62.9400,62.9400,62.9400,0.0000,62.9400,0
2026-08-19 00:16:10,MRNA,62.9400,62.9400,62.9400,62.9400,0.0000,62.9400,0
2026-08-19 00:16:15,MRNA,62.9400,62.9400,62.9400,62.9400,0.0000,62.9400,0
2026-08-19 00:16:20,MRNA,62.9400,62.9400,62.9400,62.9400,0.0000,62.9400,0
2026-08-19 00:16:25,MRNA,62.9400,62.9400,62.9400,62.9400,0.0000,62.9400,0
2026-08-19 00:16:30,MRNA,62.9400,62.9400,62.9400,62.9400,0.0000,62.9400,0
2026-08-19 00:16:35,MRNA,62.9400,62.9400,62.9400,62.9400,0.0000,62.9400,0
2026-08-19 00:16:40,MRNA,62.9400,62.9400,62.9400,62.9400,0.0000,62.9400,0
2026-08-19 00:16:45,MRNA,62.9400,62.9400,62.9400,62.9400,0.0000,62.9400,0
2026-08-19 00:16:50,MRNA,62.9400,62.9400,62.9400,62.9400,0.0000,62.9400,0
2026-08-19 00:16:55,MRNA,62.9400,62.9400,62.9400,62.9400,0.0000,62.9400,0
2026-08-19 00:17:00,MRNA,62.9400,62.9400,62.9400,62.9400,0.0000,62.9400,0
2026-08-19 00:17:05,MRNA,62.9400,62.9400,62.9400,62.9400,0.0000,62.9400,0
2026-08-19 00:17:10,MRNA,62.9400,62.9400,62.9400,62.9400,0.0000,62.9400,0
2026-08-19 00:17:15,MRNA,62.9400,62.9400,62.9400,62.9400,0.0000,62.9400,0
2026-08-19 00:17:20,MRNA,62.9400,62.9400,62.9400,62.9400,0.0000,62.9400,0
2026-08-19 00:17:25,MRNA,62.9400,62.9400,62.9400,62.9400,0.0000,62.9400,0
2026-08-19 00:17:30,MRNA,62.9400,62.9400,62.9400,62.9400,0.0000,62.9400,0
2026-08-19 00:17:35,MRNA,62.9400,62.9400,62.9400,62.9400,0.0000,62.9400,0
2026-08-19 00:17:40,MRNA,62.9400,62.9400,62.9400,62.9400,0.0000,62.9400,0
2026-08-19 00:17:45,MRNA,62.9400,62.9400,62.9400,62.9400,0.0000,62.9400,0
2026-08-19 00:17:50,MRNA,62.9400,62.9400,62.9400,62.9400,0.0000,62.9400,0
2026-08-19 00:17:55,MRNA,62.9400,62.9400,62.9400,62.9400,0.0000,62.9400,0
2026-08-19 00:18:00,MRNA,62.9400,62.9400,62.9400,62.9400,0.0000,62.9400,0
2026-08-19 00:18:05,MRNA,62.9400,62.9400,62.9400,62.9400,0.0000,62.9400,0
2026-08-19 00:18:10,MRNA,62.9400,62.9400,62.9400,62.9400,0.0000,62.9400,0
2026-08-19 00:18:15,MRNA,62.9400,62.9400,62.9400,62.9400,0.0000,62.9400,0
2026-08-19 00:18:20,MRNA,62.9400,62.9400,62.9400,62.9400,0.0000,62.9400,0
2026-08-19 00:18:25,MRNA,62.9400,62.9400,62.9400,62.9400,0.0000,62.9400,0
2026-08-19 00:18:30,MRNA,62.9400,62.9400,62.9400,62.9400,0.0000,62.9400,0
2026-08-19 00:18:35,MRNA,62.9400,62.9400,62.9400,62.9400,0.0000,62.9400,0
2026-08-19 00:18:40,MRNA,62.9400,62.9400,62.9400,62.9400,0.0000,62.9400,0
2026-08-19 00:18:45,MRNA,62.9400,62.9400,62.9400,62.9400,0.0000,62.9400,0
2026-08-19 00:18:50,MRNA,62.9400,62.9400,62.9400,62.9400,0.0000,62.9400,0
2026-08-19 00:18:55,MRNA,62.9400,62.9400,62.9400,62.9400,0.0000,62.9400,0
2026-08-19 00:19:00,MRNA,62.9400,62.9400,62.9400,62.9400,0.0000,62.9400,0
2026-08-19 00:19:05,MRNA,62.9400,62.9400,62.9400,62.9400,0.0000,62.9400,0
2026-08-19 00:19:10,MRNA,62.9400,62.9400,62.9400,62.9400,0.0000,62.9400,0
2026-08-19 00:19:15,MRNA,62.9400,62.9400,62.9400,62.9400,0.0000,62.9400,0
2026-08-19 00:19:20,MRNA,62.9400,62.9400,62.9400,62.9400,0.0000,62.9400,0
2026-08-19 00:19:25,MRNA,62.9400,62.9400,62.9400,62.9400,0.0000,62.9400,0
2026-08-19 00:19:30,MRNA,62.9400,62.9400,62.9400,62.9400,0.0000,62.9400,0
2026-08-19 00:19:35,MRNA,62.9400,62.9400,62.9400,62.9400,0.0000,62.9400,0
2026-08-19 00:19:40,MRNA,62.9400,62.9400,62.9400,62.9400,0.0000,62.9400,0
2026-08-19 00:19:45,MRNA,62.9400,62.9400,62.9400,62.9400,0.0000,62.9400,0
2026-08-19 00:19:50,MRNA,62.9400,62.9400,62.9400,62.9400,0.0000,62.9400,0
2026-08-19 00:19:55,MRNA,62.9400,62.9400,62.9400,62.9400,0.0000,62.9400,0
2026-08-19 00:20:00,MRNA,62.9400,62.9400,62.9400,62.9400,0.0000,62.9400,0
2026-08-19 00:20:05,MRNA,62.9400,62.9400,62.9400,62.9400,0.0000,62.9400,0
2026-08-19 00:20:10,MRNA,62.9400,62.9400,62.9400,62.9400,0.0000,62.9400,0
2026-08-19 00:20:15,MRNA,62.9400,62.9400,62.9400,62.9400,0.0000,62.9400,0
2026-08-19 00:20:20,MRNA,62.9400,62.9400,62.9400,62.9400,0.0000,62.9400,0
2026-08-19 00:20:25,MRNA,62.9400,62.9400,62.9400,62.9400,0.0000,62.9400,0
2026-08-19 00:20:30,MRNA,62.9400,62.9400,62.9400,62.9400,0.0000,62.9400,0
2026-08-19 00:20:35,MRNA,62.9400,62.9400,62.9400,62.9400,0.0000,62.9400,0
2026-08-19 00:20:40,MRNA,62.9400,62.9400,62.9400,62.9400,0.0000,62.9400,0
2026-08-19 00:20:45,MRNA,62.9400,62.9400,62.9400,62.9400,0.0000,62.9400,0
2026-08-19 00:20:50,MRNA,62.9400,62.9400,62.9400,62.9400,0.0000,62.9400,0
2026-08-19 00:20:55,MRNA,62.9400,62.9400,62.9400,62.9400,0.0000,62.9400,0
2026-08-19 00:21:00,MRNA,62.9400,62.9400,62.9400,62.9400,0.0000,62.9400,0
2026-08-19 00:21:05,MRNA,62.9400,62.9400,62.9400,62.9400,0.0000,62.9400,0
2026-08-19 00:21:10,MRNA,62.9400,62.9400,62.9400,62.9400,0.0000,62.9400,0
2026-08-19 00:21:15,MRNA,62.9400,62.9400,62.9400,62.9400,0.0000,62.9400,0
2026-08-19 00:21:20,MRNA,62.9400,62.9400,62.9400,62.9400,0.0000,62.9400,0
2026-08-19 00:21:25,MRNA,62.9400,62.9400,62.9400,62.9400,0.0000,62.9400,0
2026-08-19 00:21:30,MRNA,62.9400,62.9400,62.9400,62.9400,0.0000,62.9400,0
2026-08-19 00:21:35,MRNA,62.9400,62.9400,62.9400,62.9400,0.0000,62.9400,0
2026-08-19 00:21:40,MRNA,62.9400,62.9400,62.9400,62.9400,0.0000,62.9400,0
2026-08-19 00:21:45,MRNA,62.9400,62.9400,62.9400,62.9400,0.0000,62.9400,0
2026-08-19 00:21:50,MRNA,62.9400,62.9400,62.9400,62.9400,0.0000,62.9400,0
2026-08-19 00:21:55,MRNA,62.9400,62.9400,62.9400,62.9400,0.0000,62.9400,0
2026-08-19 00:22:00,MRNA,62.9400,62.9400,62.9400,62.9400,0.0000,62.9400,0
2026-08-19 00:22:05,MRNA,62.9400,62.9400,62.9400,62.9400,0.0000,62.9400,0
2026-08-19 00:22:10,MRNA,62.9400,62.9400,62.9400,62.9400,0.0000,62.9400,0
2026-08-19 00:22:15,MRNA,62.9400,62.9400,62.9400,62.9400,0.0000,62.9400,0
2026-08-19 00:22:20,MRNA,62.9400,62.9400,62.9400,62.9400,0.0000,62.9400,0
2026-08-19 00:22:25,MRNA,62.9400,62.9400,62.9400,62.9400,0.0000,62.9400,0
2026-08-19 00:22:30,MRNA,62.9400,62.9400,62.9400,62.9400,0.0000,62.9400,0
2026-08-19 00:22:35,MRNA,62.9400,62.9400,62.9400,62.9400,0.0000,62.9400,0
2026-08-19 00:22:40,MRNA,62.9400,62.9400,62.9400,62.9400,0.0000,62.9400,0
2026-08-19 00:22:45,MRNA,62.9400,62.9400,62.9400,62.9400,0.0000,62.9400,0
2026-08-19 00:22:50,MRNA,62.9400,62.9400,62.9400,62.9400,0.0000,62.9400,0
2026-08-19 00:22:55,MRNA,62.9400,62.9400,62.9400,62.9400,0.0000,62.9400,0
2026-08-19 00:23:00,MRNA,62.9400,62.9400,62.9400,62.9400,0.0000,62.9400,0
2026-08-19 00:23:05,MRNA,62.9400,62.9400,62.9400,62.9400,0.0000,62.9400,0
2026-08-19 00:23:10,MRNA,62.9400,62.9400,62.9400,62.9400,0.0000,62.9400,0
2026-08-19 00:23:15,MRNA,62.9400,62.9400,62.9400,62.9400,0.0000,62.9400,0
2026-08-19 00:23:20,MRNA,62.9400,62.9400,62.9400,62.9400,0.0000,62.9400,0
2026-08-19 00:23:25,MRNA,62.9400,62.9400,62.9400,62.9400,0.0000,62.9400,0
2026-08-19 00:23:30,MRNA,62.9400,62.9400,62.9400,62.9400,0.0000,62.9400,0
2026-08-19 00:23:35,MRNA,62.9400,62.9400,62.9400,62.9400,0.0000,62.9400,0
2026-08-19 00:23:40,MRNA,62.9400,62.9400,62.9400,62.9400,0.0000,62.9400,0
2026-08-19 00:23:45,MRNA,62.9400,62.9400,62.9400,62.9400,0.0000,62.9400,0
2026-08-19 00:23:50,MRNA,62.9400,62.9400,62.9400,62.9400,0.0000,62.9400,0
2026-08-19 00:23:55,MRNA,62.9400,62.9400,62.9400,62.9400,0.0000,62.9400,0
2026-08-19 00:24:00,MRNA,62.9400,62.9400,62.9400,62.9400,0.0000,62.9400,0
2026-08-19 00:24:05,MRNA,62.9400,62.9400,62.9400,62.9400,0.0000,62.9400,0
2026-08-19 00:24:10,MRNA,62.9400,62.9400,62.9400,62.9400,0.0000,62.9400,0
2026-08-19 00:24:15,MRNA,62.9400,62.9400,62.9400,62.9400,0.0000,62.9400,0
2026-08-19 00:24:20,MRNA,62.9400,62.9400,62.9400,62.9400,0.0000,62.9400,0
2026-08-19 00:24:25,MRNA,62.9400,62.9400,62.9400,62.9400,0.0000,62.9400,0
2026-08-19 00:24:30,MRNA,62.9400,62.9400,62.9400,62.9400,0.0000,62.9400,0
2026-08-19 00:24:35,MRNA,62.9400,62.9400,62.9400,62.9400,0.0000,62.9400,0
2026-08-19 00:24:40,MRNA,62.9400,62.9400,62.9400,62.9400,0.0000,62.9400,0
2026-08-19 00:24:45,MRNA,62.9400,62.9400,62.9400,62.9400,0.0000,62.9400,0
2026-08-19 00:24:50,MRNA,62.9400,62.9400,62.9400,62.9400,0.0000,62.9400,0
2026-08-19 00:24:55,MRNA,62.9400,62.9400,62.9400,62.9400,0.0000,62.9400,0
2026-08-19 00:25:00,MRNA,62.9400,62.9400,62.9400,62.9400,0.0000,62.9400,0
2026-08-19 00:25:05,MRNA,62.9400,62.9400,62.9400,62.9400,0.0000,62.9400,0
2026-08-19 00:25:10,MRNA,62.9400,62.9400,62.9400,62.9400,0.0000,62.9400,0
2026-08-19 00:25:15,MRNA,62.9400,62.9400,62.9400,62.9400,0.0000,62.9400,0
2026-08-19 00:25:20,MRNA,62.9400,62.9400,62.9400,62.9400,0.0000,62.9400,0
2026-08-19 00:25:25,MRNA,62.9400,62.9400,62.9400,62.9400,0.0000,62.9400,0
2026-08-19 00:25:30,MRNA,62.9400,62.9400,62.9400,62.9400,0.0000,62.9400,0
2026-08-19 00:25:35,MRNA,62.9400,62.9400,62.9400,62.9400,0.0000,62.9400,0
2026-08-19 00:25:40,MRNA,62.9400,62.9400,62.9400,62.9400,0.0000,62.9400,0
2026-08-19 00:25:45,MRNA,62.9400,62.9400,62.9400,62.9400,0.0000,62.9400,0
2026-08-19 00:25:50,MRNA,62.9400,62.9400,62.9400,62.9400,0.0000,62.9400,0
2026-08-19 00:25:55,MRNA,62.9400,62.9400,62.9400,62.9400,0.0000,62.9400,0
2026-08-19 00:26:00,MRNA,62.9400,62.9400,62.9400,62.9400,0.0000,62.9400,0
2026-08-19 00:26:05,MRNA,62.9400,62.9400,62.9400,62.9400,0.0000,62.9400,0
2026-08-19 00:26:10,MRNA,62.9400,62.9400,62.9400,62.9400,0.0000,62.9400,0
2026-08-19 00:26:15,MRNA,62.9400,62.9400,62.9400,62.9400,0.0000,62.9400,0
2026-08-19 00:26:20,MRNA,62.9400,62.9400,62.9400,62.9400,0.0000,62.9400,0
2026-08-19 00:26:25,MRNA,62.9400,62.9400,62.9400,62.9400,0.0000,62.9400,0
2026-08-19 00:26:30,MRNA,62.9400,62.9400,62.9400,62.9400,0.0000,62.9400,0
2026-08-19 00:26:35,MRNA,62.9400,62.9400,62.9400,62.9400,0.0000,62.9400,0
2026-08-19 00:26:40,MRNA,62.9400,62.9400,62.9400,62.9400,0.0000,62.9400,0
2026-08-19 00:26:45,MRNA,62.9400,62.9400,62.9400,62.9400,0.0000,62.9400,0
2026-08-19 00:26:50,MRNA,62.9400,62.9400,62.9400,62.9400,0.0000,62.9400,0
2026-08-19 00:26:55,MRNA,62.9400,62.9400,62.9400,62.9400,0.0000,62.9400,0
2026-08-19 00:27:00,MRNA,62.9400,62.9400,62.9400,62.9400,0.0000,62.9400,0
2026-08-19 00:27:05,MRNA,62.9400,62.9400,62.9400,62.9400,0.0000,62.9400,0
2026-08-19 00:27:10,MRNA,62.9400,62.9400,62.9400,62.9400,0.0000,62.9400,0
2026-08-19 00:27:15,MRNA,62.9400,62.9400,62.9400,62.9400,0.0000,62.9400,0
2026-08-19 00:27:20,MRNA,62.9400,62.9400,62.9400,62.9400,0.0000,62.9400,0
2026-08-19 00:27:25,MRNA,62.9400,62.9400,62.9400,62.9400,0.0000,62.9400,0
2026-08-19 00:27:30,MRNA,62.9400,62.9400,62.9400,62.9400,0.0000,62.9400,0
2026-08-19 00:27:35,MRNA,62.9400,62.9400,62.9400,62.9400,0.0000,62.9400,0
2026-08-19 00:27:40,MRNA,62.9400,62.9400,62.9400,62.9400,0.0000,62.9400,0
2026-08-19 00:27:45,MRNA,62.9400,62.9400,62.9400,62.9400,0.0000,62.9400,0
2026-08-19 00:27:50,MRNA,62.9400,62.9400,62.9400,62.9400,0.0000,62.9400,0
2026-08-19 00:27:55,MRNA,62.9400,62.9400,62.9400,62.9400,0.0000,62.9400,0
2026-08-19 00:28:00,MRNA,62.9400,62.9400,62.9400,62.9400,0.0000,62.9400,0
2026-08-19 00:28:05,MRNA,62.9400,62.9400,62.9400,62.9400,0.0000,62.9400,0
2026-08-19 00:28:10,MRNA,62.9400,62.9400,62.9400,62.9400,0.0000,62.9400,0
2026-08-19 00:28:15,MRNA,62.9400,62.9400,62.9400,62.9400,0.0000,62.9400,0
2026-08-19 00:28:20,MRNA,62.9400,62.9400,62.9400,62.9400,0.0000,62.9400,0
2026-08-19 00:28:25,MRNA,62.9400,62.9400,62.9400,62.9400,0.0000,62.9400,0
2026-08-19 00:28:30,MRNA,62.9400,62.9400,62.9400,62.9400,0.0000,62.9400,0
2026-08-19 00:28:35,MRNA,62.9400,62.9400,62.9400,62.9400,0.0000,62.9400,0
2026-08-19 00:28:40,MRNA,62.9400,62.9400,62.9400,62.9400,0.0000,62.9400,0
2026-08-19 00:28:45,MRNA,62.9400,62.9400,62.9400,62.9400,0.0000,62.9400,0
2026-08-19 00:28:50,MRNA,62.9400,62.9400,62.9400,62.9400,0.0000,62.9400,0
2026-08-19 00:28:55,MRNA,62.9400,62.9400,62.9400,62.9400,0.0000,62.9400,0
2026-08-19 00:29:00,MRNA,62.9400,62.9400,62.9400,62.9400,0.0000,62.9400,0
2026-08-19 00:29:05,MRNA,62.9400,62.9400,62.9400,62.9400,0.0000,62.9400,0
2026-08-19 00:29:10,MRNA,62.9400,62.9400,62.9400,62.9400,0.0000,62.9400,0
2026-08-19 00:29:15,MRNA,62.9400,62.9400,62.9400,62.9400,0.0000,62.9400,0
2026-08-19 00:29:20,MRNA,62.9400,62.9400,62.9400,62.9400,0.0000,62.9400,0
2026-08-19 00:29:25,MRNA,62.9400,62.9400,62.9400,62.9400,0.0000,62.9400,0
2026-08-19 00:29:30,MRNA,62.9400,62.9400,62.9400,62.9400,0.0000,62.9400,0
2026-08-19 00:29:35,MRNA,62.9400,62.9400,62.9400,62.9400,0.0000,62.9400,0
2026-08-19 00:29:40,MRNA,62.9400,62.9400,62.9400,62.9400,0.0000,62.9400,0
2026-08-19 00:29:45,MRNA,62.9400,62.9400,62.9400,62.9400,0.0000,62.9400,0
2026-08-19 00:29:50,MRNA,62.9400,62.9400,62.9400,62.9400,0.0000,62.9400,0
2026-08-19 00:29:55,MRNA,62.9400,62.9400,62.9400,62.9400,0.0000,62.9400,0
2026-08-19 00:30:00,MRNA,62.9400,62.9400,62.9400,62.9400,0.0000,62.9400,0
2026-08-19 00:30:05,MRNA,62.9400,62.9400,62.9400,62.9400,0.0000,62.9400,0
2026-08-19 00:30:10,MRNA,62.9400,62.9400,62.9400,62.9400,0.0000,62.9400,0
2026-08-19 00:30:15,MRNA,62.9400,62.9400,62.9400,62.9400,0.0000,62.9400,0
2026-08-19 00:30:20,MRNA,62.9400,62.9400,62.9400,62.9400,0.0000,62.9400,0
2026-08-19 00:30:25,MRNA,62.9400,62.9400,62.9400,62.9400,0.0000,62.9400,0
2026-08-19 00:30:30,MRNA,62.9400,62.9400,62.9400,62.9400,0.0000,62.9400,0
2026-08-19 00:30:35,MRNA,62.9400,62.9400,62.9400,62.9400,0.0000,62.9400,0
2026-08-19 00:30:40,MRNA,62.9400,62.9400,62.9400,62.9400,0.0000,62.9400,0
2026-08-19 00:30:45,MRNA,62.9400,62.9400,62.9400,62.9400,0.0000,62.9400,0
2026-08-19 00:30:50,MRNA,62.9400,62.9400,62.9400,62.9400,0.0000,62.9400,0
2026-08-19 00:30:55,MRNA,62.9400,62.9400,62.9400,62.9400,0.0000,62.9400,0
2026-08-19 00:31:00,MRNA,62.9400,62.9400,62.9400,62.9400,0.0000,62.9400,0
2026-08-19 00:31:05,MRNA,62.9400,62.9400,62.9400,62.9400,0.0000,62.9400,0
2026-08-19 00:31:10,MRNA,62.9400,62.9400,62.9400,62.9400,0.0000,62.9400,0
2026-08-19 00:31:15,MRNA,62.9400,62.9400,62.9400,62.9400,0.0000,62.9400,0
2026-08-19 00:31:20,MRNA,62.9400,62.9400,62.9400,62.9400,0.0000,62.9400,0
2026-08-19 00:31:25,MRNA,62.9400,62.9400,62.9400,62.9400,0.0000,62.9400,0
2026-08-19 00:31:30,MRNA,62.9400,62.9400,62.9400,62.9400,0.0000,62.9400,0
2026-08-19 00:31:35,MRNA,62.9400,62.9400,62.9400,62.9400,0.0000,62.9400,0
2026-08-19 00:31:40,MRNA,62.9400,62.9400,62.9400,62.9400,0.0000,62.9400,0
2026-08-19 00:31:45,MRNA,62.9400,62.9400,62.9400,62.9400,0.0000,62.9400,0
2026-08-19 00:31:50,MRNA,62.9400,62.9400,62.9400,62.9400,0.0000,62.9400,0
2026-08-19 00:31:55,MRNA,62.9400,62.9400,62.9400,62.9400,0.0000,62.9400,0
2026-08-19 00:32:00,MRNA,62.9400,62.9400,62.9400,62.9400,0.0000,62.9400,0
2026-08-19 00:32:05,MRNA,62.9400,62.9400,62.9400,62.9400,0.0000,62.9400,0
2026-08-19 00:32:10,MRNA,62.9400,62.9400,62.9400,62.9400,0.0000,62.9400,0
2026-08-19 00:32:15,MRNA,62.9400,62.9400,62.9400,62.9400,0.0000,62.9400,0
2026-08-19 00:32:20,MRNA,62.9400,62.9400,62.9400,62.9400,0.0000,62.9400,0
2026-08-19 00:32:25,MRNA,62.9400,62.9400,62.9400,62.9400,0.0000,62.9400,0
2026-08-19 00:32:30,MRNA,62.9400,62.9400,62.9400,62.9400,0.0000,62.9400,0
2026-08-19 00:32:35,MRNA,62.9400,62.9400,62.9400,62.9400,0.0000,62.9400,0
2026-08-19 00:32:40,MRNA,62.9400,62.9400,62.9400,62.9400,0.0000,62.9400,0
2026-08-19 00:32:45,MRNA,62.9400,62.9400,62.9400,62.9400,0.0000,62.9400,0
2026-08-19 00:32:50,MRNA,62.9400,62.9400,62.9400,62.9400,0.0000,62.9400,0
2026-08-19 00:32:55,MRNA,62.9400,62.9400,62.9400,62.9400,0.0000,62.9400,0
2026-08-19 00:33:00,MRNA,62.9400,62.9400,62.9400,62.9400,0.0000,62.9400,0
2026-08-19 00:33:05,MRNA,62.9400,62.9400,62.9400,62.9400,0.0000,62.9400,0
2026-08-19 00:33:10,MRNA,62.9400,62.9400,62.9400,62.9400,0.0000,62.9400,0
2026-08-19 00:33:15,MRNA,62.9400,62.9400,62.9400,62.9400,0.0000,62.9400,0
2026-08-19 00:33:20,MRNA,62.9400,62.9400,62.9400,62.9400,0.0000,62.9400,0
2026-08-19 00:33:25,MRNA,62.9400,62.9400,62.9400,62.9400,0.0000,62.9400,0
2026-08-19 00:33:30,MRNA,62.9400,62.9400,62.9400,62.9400,0.0000,62.9400,0
2026-08-19 00:33:35,MRNA,62.9400,62.9400,62.9400,62.9400,0.0000,62.9400,0
2026-08-19 00:33:40,MRNA,62.9400,62.9400,62.9400,62.9400,0.0000,62.9400,0
2026-08-19 00:33:45,MRNA,62.9400,62.9400,62.9400,62.9400,0.0000,62.9400,0
2026-08-19 00:33:50,MRNA,62.9400,62.9400,62.9400,62.9400,0.0000,62.9400,0
2026-08-19 00:33:55,MRNA,62.9400,62.9400,62.9400,62.9400,0.0000,62.9400,0
2026-08-19 00:34:00,MRNA,62.9400,62.9400,62.9400,62.9400,0.0000,62.9400,0
2026-08-19 00:34:05,MRNA,62.9400,62.9400,62.9400,62.9400,0.0000,62.9400,0
2026-08-19 00:34:10,MRNA,62.9400,62.9400,62.9400,62.9400,0.0000,62.9400,0
2026-08-19 00:34:15,MRNA,62.9400,62.9400,62.9400,62.9400,0.0000,62.9400,0
2026-08-19 00:34:20,MRNA,62.9400,62.9400,62.9400,62.9400,0.0000,62.9400,0
2026-08-19 00:34:25,MRNA,62.9400,62.9400,62.9400,62.9400,0.0000,62.9400,0
2026-08-19 00:34:30,MRNA,62.9400,62.9400,62.9400,62.9400,0.0000,62.9400,0
2026-08-19 00:34:35,MRNA,62.9400,62.9400,62.9400,62.9400,0.0000,62.9400,0
2026-08-19 00:34:40,MRNA,62.9400,62.9400,62.9400,62.9400,0.0000,62.9400,0
2026-08-19 00:34:45,MRNA,62.9400,62.9400,62.9400,62.9400,0.0000,62.9400,0
2026-08-19 00:34:50,MRNA,62.9400,62.9400,62.9400,62.9400,0.0000,62.9400,0
2026-08-19 00:34:55,MRNA,62.9400,62.9400,62.9400,62.9400,0.0000,62.9400,0
2026-08-19 00:35:00,MRNA,62.9400,62.9400,62.9400,62.9400,0.0000,62.9400,0
2026-08-19 00:35:05,MRNA,62.9400,62.9400,62.9400,62.9400,0.0000,62.9400,0
2026-08-19 00:35:10,MRNA,62.9400,62.9400,62.9400,62.9400,0.0000,62.9400,0
2026-08-19 00:35:15,MRNA,62.9400,62.9400,62.9400,62.9400,0.0000,62.9400,0
2026-08-19 00:35:20,MRNA,62.9400,62.9400,62.9400,62.9400,0.0000,62.9400,0
2026-08-19 00:35:25,MRNA,62.9400,62.9400,62.9400,62.9400,0.0000,62.9400,0
2026-08-19 00:35:30,MRNA,62.9400,62.9400,62.9400,62.9400,0.0000,62.9400,0
2026-08-19 00:35:35,MRNA,62.9400,62.9400,62.9400,62.9400,0.0000,62.9400,0
2026-08-19 00:35:40,MRNA,62.9400,62.9400,62.9400,62.9400,0.0000,62.9400,0
2026-08-19 00:35:45,MRNA,62.9400,62.9400,62.9400,62.9400,0.0000,62.9400,0
2026-08-19 00:35:50,MRNA,62.9400,62.9400,62.9400,62.9400,0.0000,62.9400,0
2026-08-19 00:35:55,MRNA,62.9400,62.9400,62.9400,62.9400,0.0000,62.9400,0
2026-08-19 00:36:00,MRNA,62.9400,62.9400,62.9400,62.9400,0.0000,62.9400,0
2026-08-19 00:36:05,MRNA,62.9400,62.9400,62.9400,62.9400,0.0000,62.9400,0
2026-08-19 00:36:10,MRNA,62.9400,62.9400,62.9400,62.9400,0.0000,62.9400,0
2026-08-19 00:36:15,MRNA,62.9400,62.9400,62.9400,62.9400,0.0000,62.9400,0
2026-08-19 00:36:20,MRNA,62.9400,62.9400,62.9400,62.9400,0.0000,62.9400,0
2026-08-19 00:36:25,MRNA,62.9400,62.9400,62.9400,62.9400,0.0000,62.9400,0
2026-08-19 00:36:30,MRNA,62.9400,62.9400,62.9400,62.9400,0.0000,62.9400,0
2026-08-19 00:36:35,MRNA,62.9400,62.9400,62.9400,62.9400,0.0000,62.9400,0
2026-08-19 00:36:40,MRNA,62.9400,62.9400,62.9400,62.9400,0.0000,62.9400,0
2026-08-19 00:36:45,MRNA,62.9400,62.9400,62.9400,62.9400,0.0000,62.9400,0
2026-08-19 00:36:50,MRNA,62.9400,62.9400,62.9400,62.9400,0.0000,62.9400,0
2026-08-19 00:36:55,MRNA,62.9400,62.9400,62.9400,62.9400,0.0000,62.9400,0
2026-08-19 00:37:00,MRNA,62.9400,62.9400,62.9400,62.9400,0.0000,62.9400,0
2026-08-19 00:37:05,MRNA,62.9400,62.9400,62.9400,62.9400,0.0000,62.9400,0
2026-08-19 00:37:10,MRNA,62.9400,62.9400,62.9400,62.9400,0.0000,62.9400,0
2026-08-19 00:37:15,MRNA,62.9400,62.9400,62.9400,62.9400,0.0000,62.9400,0
2026-08-19 00:37:20,MRNA,62.9400,62.9400,62.9400,62.9400,0.0000,62.9400,0
2026-08-19 00:37:25,MRNA,62.9400,62.9400,62.9400,62.9400,0.0000,62.9400,0
2026-08-19 00:37:30,MRNA,62.9400,62.9400,62.9400,62.9400,0.0000,62.9400,0
2026-08-19 00:37:35,MRNA,62.9400,62.9400,62.9400,62.9400,0.0000,62.9400,0
2026-08-19 00:37:40,MRNA,62.9400,62.9400,62.9400,62.9400,0.0000,62.9400,0
2026-08-19 00:37:45,MRNA,62.9400,62.9400,62.9400,62.9400,0.0000,62.9400,0
2026-08-19 00:37:50,MRNA,62.9400,62.9400,62.9400,62.9400,0.0000,62.9400,0
2026-08-19 00:37:55,MRNA,62.9400,62.9400,62.9400,62.9400,0.0000,62.9400,0
2026-08-19 00:38:00,MRNA,62.9400,62.9400,62.9400,62.9400,0.0000,62.9400,0
2026-08-19 00:38:05,MRNA,62.9400,62.9400,62.9400,62.9400,0.0000,62.9400,0
2026-08-19 00:38:10,MRNA,62.9400,62.9400,62.9400,62.9400,0.0000,62.9400,0
2026-08-19 00:38:15,MRNA,62.9400,62.9400,62.9400,62.9400,0.0000,62.9400,0
2026-08-19 00:38:20,MRNA,62.9400,62.9400,62.9400,62.9400,0.0000,62.9400,0
2026-08-19 00:38:25,MRNA,62.9400,62.9400,62.9400,62.9400,0.0000,62.9400,0
2026-08-19 00:38:30,MRNA,62.9400,62.9400,62.9400,62.9400,0.0000,62.9400,0
2026-08-19 00:38:35,MRNA,62.9400,62.9400,62.9400,62.9400,0.0000,62.9400,0
2026-08-19 00:38:40,MRNA,62.9400,62.9400,62.9400,62.9400,0.0000,62.9400,0
2026-08-19 00:38:45,MRNA,62.9400,62.9400,62.9400,62.9400,0.0000,62.9400,0
2026-08-19 00:38:50,MRNA,62.9400,62.9400,62.9400,62.9400,0.0000,62.9400,0
2026-08-19 00:38:55,MRNA,62.9400,62.9400,62.9400,62.9400,0.0000,62.9400,0
2026-08-19 00:39:00,MRNA,62.9400,62.9400,62.9400,62.9400,0.0000,62.9400,0
2026-08-19 00:39:05,MRNA,62.9400,62.9400,62.9400,62.9400,0.0000,62.9400,0
2026-08-19 00:39:10,MRNA,62.9400,62.9400,62.9400,62.9400,0.0000,62.9400,0
2026-08-19 00:39:15,MRNA,62.9400,62.9400,62.9400,62.9400,0.0000,62.9400,0
2026-08-19 00:39:20,MRNA,62.9400,62.9400,62.9400,62.9400,0.0000,62.9400,0
2026-08-19 00:39:25,MRNA,62.9400,62.9400,62.9400,62.9400,0.0000,62.9400,0
2026-08-19 00:39:30,MRNA,62.9400,62.9400,62.9400,62.9400,0.0000,62.9400,0
2026-08-19 00:39:35,MRNA,62.9400,62.9400,62.9400,62.9400,0.0000,62.9400,0
2026-08-19 00:39:40,MRNA,62.9400,62.9400,62.9400,62.9400,0.0000,62.9400,0
2026-08-19 00:39:45,MRNA,62.9400,62.9400,62.9400,62.9400,0.0000,62.9400,0
2026-08-19 00:39:50,MRNA,62.9400,62.9400,62.9400,62.9400,0.0000,62.9400,0
2026-08-19 00:39:55,MRNA,62.9400,62.9400,62.9400,62.9400,0.0000,62.9400,0
2026-08-19 00:40:00,MRNA,62.9400,62.9400,62.9400,62.9400,0.0000,62.9400,0
2026-08-19 00:40:05,MRNA,62.9400,62.9400,62.9400,62.9400,0.0000,62.9400,0
2026-08-19 00:40:10,MRNA,62.9400,62.9400,62.9400,62.9400,0.0000,62.9400,0
2026-08-19 00:40:15,MRNA,62.9400,62.9400,62.9400,62.9400,0.0000,62.9400,0
2026-08-19 00:40:20,MRNA,62.9400,62.9400,62.9400,62.9400,0.0000,62.9400,0
2026-08-19 00:40:25,MRNA,62.9400,62.9400,62.9400,62.9400,0.0000,62.9400,0
2026-08-19 00:40:30,MRNA,62.9400,62.9400,62.9400,62.9400,0.0000,62.9400,0
2026-08-19 00:40:35,MRNA,62.9400,62.9400,62.9400,62.9400,0.0000,62.9400,0
2026-08-19 00:40:40,MRNA,62.9400,62.9400,62.9400,62.9400,0.0000,62.9400,0
2026-08-19 00:40:45,MRNA,62.9400,62.9400,62.9400,62.9400,0.0000,62.9400,0
2026-08-19 00:40:50,MRNA,62.9400,62.9400,62.9400,62.9400,0.0000,62.9400,0
2026-08-19 00:40:55,MRNA,62.9400,62.9400,62.9400,62.9400,0.0000,62.9400,0
2026-08-19 00:41:00,MRNA,62.9400,62.9400,62.9400,62.9400,0.0000,62.9400,0
2026-08-19 00:41:05,MRNA,62.9400,62.9400,62.9400,62.9400,0.0000,62.9400,0
2026-08-19 00:41:10,MRNA,62.9400,62.9400,62.9400,62.9400,0.0000,62.9400,0
2026-08-19 00:41:15,MRNA,62.9400,62.9400,62.9400,62.9400,0.0000,62.9400,0
2026-08-19 00:41:20,MRNA,62.9400,62.9400,62.9400,62.9400,0.0000,62.9400,0
2026-08-19 00:41:25,MRNA,62.9400,62.9400,62.9400,62.9400,0.0000,62.9400,0
2026-08-19 00:41:30,MRNA,62.9400,62.9400,62.9400,62.9400,0.0000,62.9400,0
2026-08-19 00:41:35,MRNA,62.9400,62.9400,62.9400,62.9400,0.0000,62.9400,0
2026-08-19 00:41:40,MRNA,62.9400,62.9400,62.9400,62.9400,0.0000,62.9400,0
2026-08-19 00:41:45,MRNA,62.9400,62.9400,62.9400,62.9400,0.0000,62.9400,0
2026-08-19 00:41:50,MRNA,62.9400,62.9400,62.9400,62.9400,0.0000,62.9400,0
2026-08-19 00:41:55,MRNA,62.9400,62.9400,62.9400,62.9400,0.0000,62.9400,0
2026-08-19 00:42:00,MRNA,62.9400,62.9400,62.9400,62.9400,0.0000,62.9400,0
2026-08-19 00:42:05,MRNA,62.9400,62.9400,62.9400,62.9400,0.0000,62.9400,0
2026-08-19 00:42:10,MRNA,62.9400,62.9400,62.9400,62.9400,0.0000,62.9400,0
2026-08-19 00:42:15,MRNA,62.9400,62.9400,62.9400,62.9400,0.0000,62.9400,0
2026-08-19 00:42:20,MRNA,62.9400,62.9400,62.9400,62.9400,0.0000,62.9400,0
2026-08-19 00:42:25,MRNA,62.9400,62.9400,62.9400,62.9400,0.0000,62.9400,0
2026-08-19 00:42:30,MRNA,62.9400,62.9400,62.9400,62.9400,0.0000,62.9400,0
2026-08-19 00:42:35,MRNA,62.9400,62.9400,62.9400,62.9400,0.0000,62.9400,0
2026-08-19 00:42:40,MRNA,62.9400,62.9400,62.9400,62.9400,0.0000,62.9400,0
2026-08-19 00:42:45,MRNA,62.9400,62.9400,62.9400,62.9400,0.0000,62.9400,0
2026-08-19 00:42:50,MRNA,62.9400,62.9400,62.9400,62.9400,0.0000,62.9400,0
2026-08-19 00:42:55,MRNA,62.9400,62.9400,62.9400,62.9400,0.0000,62.9400,0
2026-08-19 00:43:00,MRNA,62.9400,62.9400,62.9400,62.9400,0.0000,62.9400,0
2026-08-19 00:43:05,MRNA,62.9400,62.9400,62.9400,62.9400,0.0000,62.9400,0
2026-08-19 00:43:10,MRNA,62.9400,62.9400,62.9400,62.9400,0.0000,62.9400,0
2026-08-19 00:43:15,MRNA,62.9400,62.9400,62.9400,62.9400,0.0000,62.9400,0
2026-08-19 00:43:20,MRNA,62.9400,62.9400,62.9400,62.9400,0.0000,62.9400,0
2026-08-19 00:43:25,MRNA,62.9400,62.9400,62.9400,62.9400,0.0000,62.9400,0
2026-08-19 00:43:30,MRNA,62.9400,62.9400,62.9400,62.9400,0.0000,62.9400,0
2026-08-19 00:43:35,MRNA,62.9400,62.9400,62.9400,62.9400,0.0000,62.9400,0
2026-08-19 00:43:40,MRNA,62.9400,62.9400,62.9400,62.9400,0.0000,62.9400,0
2026-08-19 00:43:45,MRNA,62.9400,62.9400,62.9400,62.9400,0.0000,62.9400,0
2026-08-19 00:43:50,MRNA,62.9400,62.9400,62.9400,62.9400,0.0000,62.9400,0
2026-08-19 00:43:55,MRNA,62.9400,62.9400,62.9400,62.9400,0.0000,62.9400,0
2026-08-19 00:44:00,MRNA,62.9400,62.9400,62.9400,62.9400,0.0000,62.9400,0
2026-08-19 00:44:05,MRNA,62.9400,62.9400,62.9400,62.9400,0.0000,62.9400,0
2026-08-19 00:44:10,MRNA,62.9400,62.9400,62.9400,62.9400,0.0000,62.9400,0
2026-08-19 00:44:15,MRNA,62.9400,62.9400,62.9400,62.9400,0.0000,62.9400,0
2026-08-19 00:44:20,MRNA,62.9400,62.9400,62.9400,62.9400,0.0000,62.9400,0
2026-08-19 00:44:25,MRNA,62.9400,62.9400,62.9400,62.9400,0.0000,62.9400,0
2026-08-19 00:44:30,MRNA,62.9400,62.9400,62.9400,62.9400,0.0000,62.9400,0
2026-08-19 00:44:35,MRNA,62.7000,62.7000,62.7000,62.7000,110.0000,62.7000,1
2026-08-19 00:44:40,MRNA,62.7000,62.7000,62.7000,62.7000,0.0000,62.7000,0
2026-08-19 00:44:45,MRNA,62.7000,62.7000,62.7000,62.7000,0.0000,62.7000,0
2026-08-19 00:44:50,MRNA,62.7000,62.7000,62.7000,62.7000,0.0000,62.7000,0
2026-08-19 00:44:55,MRNA,62.7000,62.7000,62.7000,62.7000,0.0000,62.7000,0
2026-08-19 00:45:00,MRNA,62.7000,62.7000,62.7000,62.7000,0.0000,62.7000,0
2026-08-19 00:45:05,MRNA,62.7000,62.7000,62.7000,62.7000,0.0000,62.7000,0
2026-08-19 00:45:10,MRNA,62.7000,62.7000,62.7000,62.7000,0.0000,62.7000,0
2026-08-19 00:45:15,MRNA,62.7000,62.7000,62.7000,62.7000,0.0000,62.7000,0
2026-08-19 00:45:20,MRNA,62.7000,62.7000,62.7000,62.7000,0.0000,62.7000,0
2026-08-19 00:45:25,MRNA,62.7000,62.7000,62.7000,62.7000,0.0000,62.7000,0
2026-08-19 00:45:30,MRNA,62.7000,62.7000,62.7000,62.7000,0.0000,62.7000,0
2026-08-19 00:45:35,MRNA,62.7000,62.7000,62.7000,62.7000,0.0000,62.7000,0
2026-08-19 00:45:40,MRNA,62.7000,62.7000,62.7000,62.7000,0.0000,62.7000,0
2026-08-19 00:45:45,MRNA,62.7000,62.7000,62.7000,62.7000,0.0000,62.7000,0
2026-08-19 00:45:50,MRNA,62.7000,62.7000,62.7000,62.7000,0.0000,62.7000,0
2026-08-19 00:45:55,MRNA,62.7000,62.7000,62.7000,62.7000,0.0000,62.7000,0
2026-08-19 00:46:00,MRNA,62.7000,62.7000,62.7000,62.7000,0.0000,62.7000,0
2026-08-19 00:46:05,MRNA,62.7000,62.7000,62.7000,62.7000,0.0000,62.7000,0
2026-08-19 00:46:10,MRNA,62.7000,62.7000,62.7000,62.7000,0.0000,62.7000,0
2026-08-19 00:46:15,MRNA,62.7000,62.7000,62.7000,62.7000,0.0000,62.7000,0
2026-08-19 00:46:20,MRNA,62.7000,62.7000,62.7000,62.7000,0.0000,62.7000,0
2026-08-19 00:46:25,MRNA,62.7000,62.7000,62.7000,62.7000,0.0000,62.7000,0
2026-08-19 00:46:30,MRNA,62.7000,62.7000,62.7000,62.7000,0.0000,62.7000,0
2026-08-19 00:46:35,MRNA,62.7000,62.7000,62.7000,62.7000,0.0000,62.7000,0
2026-08-19 00:46:40,MRNA,62.7000,62.7000,62.7000,62.7000,0.0000,62.7000,0
2026-08-19 00:46:45,MRNA,62.7000,62.7000,62.7000,62.7000,0.0000,62.7000,0
2026-08-19 00:46:50,MRNA,62.7000,62.7000,62.7000,62.7000,0.0000,62.7000,0
2026-08-19 00:46:55,MRNA,62.7000,62.7000,62.7000,62.7000,0.0000,62.7000,0
2026-08-19 00:47:00,MRNA,62.7000,62.7000,62.7000,62.7000,0.0000,62.7000,0
2026-08-19 00:47:05,MRNA,62.7000,62.7000,62.7000,62.7000,0.0000,62.7000,0
2026-08-19 00:47:10,MRNA,62.7000,62.7000,62.7000,62.7000,0.0000,62.7000,0
2026-08-19 00:47:15,MRNA,62.7000,62.7000,62.7000,62.7000,0.0000,62.7000,0
2026-08-19 00:47:20,MRNA,62.7000,62.7000,62.7000,62.7000,0.0000,62.7000,0
2026-08-19 00:47:25,MRNA,62.7000,62.7000,62.7000,62.7000,0.0000,62.7000,0
2026-08-19 00:47:30,MRNA,62.7000,62.7000,62.7000,62.7000,0.0000,62.7000,0
2026-08-19 00:47:35,MRNA,62.7000,62.7000,62.7000,62.7000,0.0000,62.7000,0
2026-08-19 00:47:40,MRNA,62.7000,62.7000,62.7000,62.7000,0.0000,62.7000,0
2026-08-19 00:47:45,MRNA,62.7000,62.7000,62.7000,62.7000,0.0000,62.7000,0
2026-08-19 00:47:50,MRNA,62.7000,62.7000,62.7000,62.7000,0.0000,62.7000,0
2026-08-19 00:47:55,MRNA,62.7000,62.7000,62.7000,62.7000,0.0000,62.7000,0
2026-08-19 00:48:00,MRNA,62.7000,62.7000,62.7000,62.7000,0.0000,62.7000,0
2026-08-19 00:48:05,MRNA,62.7000,62.7000,62.7000,62.7000,0.0000,62.7000,0
2026-08-19 00:48:10,MRNA,62.7000,62.7000,62.7000,62.7000,0.0000,62.7000,0
2026-08-19 00:48:15,MRNA,62.7000,62.7000,62.7000,62.7000,0.0000,62.7000,0
2026-08-19 00:48:20,MRNA,62.7000,62.7000,62.7000,62.7000,0.0000,62.7000,0
2026-08-19 00:48:25,MRNA,62.7000,62.7000,62.7000,62.7000,0.0000,62.7000,0
2026-08-19 00:48:30,MRNA,62.7000,62.7000,62.7000,62.7000,0.0000,62.7000,0
2026-08-19 00:48:35,MRNA,62.7000,62.7000,62.7000,62.7000,0.0000,62.7000,0
2026-08-19 00:48:40,MRNA,62.7000,62.7000,62.7000,62.7000,0.0000,62.7000,0
2026-08-19 00:48:45,MRNA,62.7000,62.7000,62.7000,62.7000,0.0000,62.7000,0
2026-08-19 00:48:50,MRNA,62.7000,62.7000,62.7000,62.7000,0.0000,62.7000,0
2026-08-19 00:48:55,MRNA,62.7000,62.7000,62.7000,62.7000,0.0000,62.7000,0
2026-08-19 00:49:00,MRNA,62.7000,62.7000,62.7000,62.7000,0.0000,62.7000,0
2026-08-19 00:49:05,MRNA,62.7000,62.7000,62.7000,62.7000,0.0000,62.7000,0
2026-08-19 00:49:10,MRNA,62.7000,62.7000,62.7000,62.7000,0.0000,62.7000,0
2026-08-19 00:49:15,MRNA,62.7000,62.7000,62.7000,62.7000,0.0000,62.7000,0
2026-08-19 00:49:20,MRNA,62.7000,62.7000,62.7000,62.7000,0.0000,62.7000,0
2026-08-19 00:49:25,MRNA,62.7000,62.7000,62.7000,62.7000,0.0000,62.7000,0
2026-08-19 00:49:30,MRNA,62.7000,62.7000,62.7000,62.7000,0.0000,62.7000,0
2026-08-19 00:49:35,MRNA,62.7000,62.7000,62.7000,62.7000,0.0000,62.7000,0
2026-08-19 00:49:40,MRNA,62.7000,62.7000,62.7000,62.7000,0.0000,62.7000,0
2026-08-19 00:49:45,MRNA,62.7000,62.7000,62.7000,62.7000,0.0000,62.7000,0
2026-08-19 00:49:50,MRNA,62.7000,62.7000,62.7000,62.7000,0.0000,62.7000,0
2026-08-19 00:49:55,MRNA,62.7000,62.7000,62.7000,62.7000,0.0000,62.7000,0
2026-08-19 00:50:00,MRNA,62.7000,62.7000,62.7000,62.7000,0.0000,62.7000,0
2026-08-19 00:50:05,MRNA,62.7000,62.7000,62.7000,62.7000,0.0000,62.7000,0
2026-08-19 00:50:10,MRNA,62.7000,62.7000,62.7000,62.7000,0.0000,62.7000,0
2026-08-19 00:50:15,MRNA,62.7000,62.7000,62.7000,62.7000,0.0000,62.7000,0
2026-08-19 00:50:20,MRNA,62.7000,62.7000,62.7000,62.7000,0.0000,62.7000,0
2026-08-19 00:50:25,MRNA,62.7000,62.7000,62.7000,62.7000,0.0000,62.7000,0
2026-08-19 00:50:30,MRNA,62.7000,62.7000,62.7000,62.7000,0.0000,62.7000,0
2026-08-19 00:50:35,MRNA,62.7000,62.7000,62.7000,62.7000,0.0000,62.7000,0
2026-08-19 00:50:40,MRNA,62.7000,62.7000,62.7000,62.7000,0.0000,62.7000,0
2026-08-19 00:50:45,MRNA,62.7000,62.7000,62.7000,62.7000,0.0000,62.7000,0
2026-08-19 00:50:50,MRNA,62.7000,62.7000,62.7000,62.7000,0.0000,62.7000,0
2026-08-19 00:50:55,MRNA,62.7000,62.7000,62.7000,62.7000,0.0000,62.7000,0
2026-08-19 00:51:00,MRNA,62.7000,62.7000,62.7000,62.7000,0.0000,62.7000,0
2026-08-19 00:51:05,MRNA,62.7000,62.7000,62.7000,62.7000,0.0000,62.7000,0
2026-08-19 00:51:10,MRNA,62.7000,62.7000,62.7000,62.7000,0.0000,62.7000,0
2026-08-19 00:51:15,MRNA,62.7000,62.7000,62.7000,62.7000,0.0000,62.7000,0
2026-08-19 00:51:20,MRNA,62.7000,62.7000,62.7000,62.7000,0.0000,62.7000,0
2026-08-19 00:51:25,MRNA,62.7000,62.7000,62.7000,62.7000,0.0000,62.7000,0
2026-08-19 00:51:30,MRNA,62.7000,62.7000,62.7000,62.7000,0.0000,62.7000,0
2026-08-19 00:51:35,MRNA,62.7000,62.7000,62.7000,62.7000,0.0000,62.7000,0
2026-08-19 00:51:40,MRNA,62.7000,62.7000,62.7000,62.7000,0.0000,62.7000,0
2026-08-19 00:51:45,MRNA,62.7000,62.7000,62.7000,62.7000,0.0000,62.7000,0
2026-08-19 00:51:50,MRNA,62.7000,62.7000,62.7000,62.7000,0.0000,62.7000,0
2026-08-19 00:51:55,MRNA,62.7000,62.7000,62.7000,62.7000,0.0000,62.7000,0
2026-08-19 00:52:00,MRNA,62.7000,62.7000,62.7000,62.7000,0.0000,62.7000,0
2026-08-19 00:52:05,MRNA,62.7000,62.7000,62.7000,62.7000,0.0000,62.7000,0
2026-08-19 00:52:10,MRNA,62.7000,62.7000,62.7000,62.7000,0.0000,62.7000,0
2026-08-19 00:52:15,MRNA,62.7000,62.7000,62.7000,62.7000,0.0000,62.7000,0
2026-08-19 00:52:20,MRNA,62.7000,62.7000,62.7000,62.7000,0.0000,62.7000,0
2026-08-19 00:52:25,MRNA,62.7000,62.7000,62.7000,62.7000,0.0000,62.7000,0
2026-08-19 00:52:30,MRNA,62.7000,62.7000,62.7000,62.7000,0.0000,62.7000,0
2026-08-19 00:52:35,MRNA,62.7000,62.7000,62.7000,62.7000,0.0000,62.7000,0
2026-08-19 00:52:40,MRNA,62.7000,62.7000,62.7000,62.7000,0.0000,62.7000,0
2026-08-19 00:52:45,MRNA,62.7000,62.7000,62.7000,62.7000,0.0000,62.7000,0
2026-08-19 00:52:50,MRNA,62.7000,62.7000,62.7000,62.7000,0.0000,62.7000,0
2026-08-19 00:52:55,MRNA,62.7000,62.7000,62.7000,62.7000,0.0000,62.7000,0
2026-08-19 00:53:00,MRNA,62.7000,62.7000,62.7000,62.7000,0.0000,62.7000,0
2026-08-19 00:53:05,MRNA,62.7000,62.7000,62.7000,62.7000,0.0000,62.7000,0
2026-08-19 00:53:10,MRNA,62.7000,62.7000,62.7000,62.7000,0.0000,62.7000,0
2026-08-19 00:53:15,MRNA,62.7000,62.7000,62.7000,62.7000,0.0000,62.7000,0
2026-08-19 00:53:20,MRNA,62.7000,62.7000,62.7000,62.7000,0.0000,62.7000,0
2026-08-19 00:53:25,MRNA,62.7000,62.7000,62.7000,62.7000,0.0000,62.7000,0
2026-08-19 00:53:30,MRNA,62.7000,62.7000,62.7000,62.7000,0.0000,62.7000,0
2026-08-19 00:53:35,MRNA,62.7000,62.7000,62.7000,62.7000,0.0000,62.7000,0
2026-08-19 00:53:40,MRNA,62.7000,62.7000,62.7000,62.7000,0.0000,62.7000,0
2026-08-19 00:53:45,MRNA,62.7000,62.7000,62.7000,62.7000,0.0000,62.7000,0
2026-08-19 00:53:50,MRNA,62.7000,62.7000,62.7000,62.7000,0.0000,62.7000,0
2026-08-19 00:53:55,MRNA,62.7000,62.7000,62.7000,62.7000,0.0000,62.7000,0
2026-08-19 00:54:00,MRNA,62.7000,62.7000,62.7000,62.7000,0.0000,62.7000,0
2026-08-19 00:54:05,MRNA,62.7000,62.7000,62.7000,62.7000,0.0000,62.7000,0
2026-08-19 00:54:10,MRNA,62.7000,62.7000,62.7000,62.7000,0.0000,62.7000,0
2026-08-19 00:54:15,MRNA,62.7000,62.7000,62.7000,62.7000,0.0000,62.7000,0
2026-08-19 00:54:20,MRNA,62.7000,62.7000,62.7000,62.7000,0.0000,62.7000,0
2026-08-19 00:54:25,MRNA,62.7000,62.7000,62.7000,62.7000,0.0000,62.7000,0
2026-08-19 00:54:30,MRNA,62.7000,62.7000,62.7000,62.7000,0.0000,62.7000,0
2026-08-19 00:54:35,MRNA,62.7000,62.7000,62.7000,62.7000,0.0000,62.7000,0
2026-08-19 00:54:40,MRNA,62.7000,62.7000,62.7000,62.7000,0.0000,62.7000,0
2026-08-19 00:54:45,MRNA,62.7000,62.7000,62.7000,62.7000,0.0000,62.7000,0
2026-08-19 00:54:50,MRNA,62.7000,62.7000,62.7000,62.7000,0.0000,62.7000,0
2026-08-19 00:54:55,MRNA,62.7000,62.7000,62.7000,62.7000,0.0000,62.7000,0
2026-08-19 00:55:00,MRNA,62.7000,62.7000,62.7000,62.7000,0.0000,62.7000,0
2026-08-19 00:55:05,MRNA,62.7000,62.7000,62.7000,62.7000,0.0000,62.7000,0
2026-08-19 00:55:10,MRNA,62.7000,62.7000,62.7000,62.7000,0.0000,62.7000,0
2026-08-19 00:55:15,MRNA,62.7000,62.7000,62.7000,62.7000,0.0000,62.7000,0
2026-08-19 00:55:20,MRNA,62.7000,62.7000,62.7000,62.7000,0.0000,62.7000,0
2026-08-19 00:55:25,MRNA,62.7000,62.7000,62.7000,62.7000,0.0000,62.7000,0
2026-08-19 00:55:30,MRNA,62.7000,62.7000,62.7000,62.7000,0.0000,62.7000,0
2026-08-19 00:55:35,MRNA,62.7000,62.7000,62.7000,62.7000,0.0000,62.7000,0
2026-08-19 00:55:40,MRNA,62.7000,62.7000,62.7000,62.7000,0.0000,62.7000,0
2026-08-19 00:55:45,MRNA,62.7000,62.7000,62.7000,62.7000,0.0000,62.7000,0
2026-08-19 00:55:50,MRNA,62.7000,62.7000,62.7000,62.7000,0.0000,62.7000,0
2026-08-19 00:55:55,MRNA,62.7000,62.7000,62.7000,62.7000,0.0000,62.7000,0
2026-08-19 00:56:00,MRNA,62.7000,62.7000,62.7000,62.7000,0.0000,62.7000,0
2026-08-19 00:56:05,MRNA,62.7000,62.7000,62.7000,62.7000,0.0000,62.7000,0
2026-08-19 00:56:10,MRNA,62.7000,62.7000,62.7000,62.7000,0.0000,62.7000,0
2026-08-19 00:56:15,MRNA,62.7000,62.7000,62.7000,62.7000,0.0000,62.7000,0
2026-08-19 00:56:20,MRNA,62.7000,62.7000,62.7000,62.7000,0.0000,62.7000,0
2026-08-19 00:56:25,MRNA,62.7000,62.7000,62.7000,62.7000,0.0000,62.7000,0
2026-08-19 00:56:30,MRNA,62.7000,62.7000,62.7000,62.7000,0.0000,62.7000,0
2026-08-19 00:56:35,MRNA,62.7000,62.7000,62.7000,62.7000,0.0000,62.7000,0
2026-08-19 00:56:40,MRNA,62.7000,62.7000,62.7000,62.7000,0.0000,62.7000,0
2026-08-19 00:56:45,MRNA,62.7000,62.7000,62.7000,62.7000,0.0000,62.7000,0
2026-08-19 00:56:50,MRNA,62.7000,62.7000,62.7000,62.7000,0.0000,62.7000,0
2026-08-19 00:56:55,MRNA,62.7000,62.7000,62.7000,62.7000,0.0000,62.7000,0
2026-08-19 00:57:00,MRNA,62.7000,62.7000,62.7000,62.7000,0.0000,62.7000,0
2026-08-19 00:57:05,MRNA,62.7000,62.7000,62.7000,62.7000,0.0000,62.7000,0
2026-08-19 00:57:10,MRNA,62.7000,62.7000,62.7000,62.7000,0.0000,62.7000,0
2026-08-19 00:57:15,MRNA,62.7000,62.7000,62.7000,62.7000,0.0000,62.7000,0
2026-08-19 00:57:20,MRNA,62.7000,62.7000,62.7000,62.7000,0.0000,62.7000,0
2026-08-19 00:57:25,MRNA,62.7000,62.7000,62.7000,62.7000,0.0000,62.7000,0
2026-08-19 00:57:30,MRNA,62.7000,62.7000,62.7000,62.7000,0.0000,62.7000,0
2026-08-19 00:57:35,MRNA,62.7000,62.7000,62.7000,62.7000,0.0000,62.7000,0
2026-08-19 00:57:40,MRNA,62.7000,62.7000,62.7000,62.7000,0.0000,62.7000,0
2026-08-19 00:57:45,MRNA,62.7000,62.7000,62.7000,62.7000,0.0000,62.7000,0
2026-08-19 00:57:50,MRNA,62.7000,62.7000,62.7000,62.7000,0.0000,62.7000,0
2026-08-19 00:57:55,MRNA,62.7000,62.7000,62.7000,62.7000,0.0000,62.7000,0
2026-08-19 00:58:00,MRNA,62.7000,62.7000,62.7000,62.7000,0.0000,62.7000,0
2026-08-19 00:58:05,MRNA,62.7000,62.7000,62.7000,62.7000,0.0000,62.7000,0
2026-08-19 00:58:10,MRNA,62.7000,62.7000,62.7000,62.7000,0.0000,62.7000,0
2026-08-19 00:58:15,MRNA,62.7000,62.7000,62.7000,62.7000,0.0000,62.7000,0
2026-08-19 00:58:20,MRNA,62.7000,62.7000,62.7000,62.7000,0.0000,62.7000,0
2026-08-19 00:58:25,MRNA,62.7000,62.7000,62.7000,62.7000,0.0000,62.7000,0
2026-08-19 00:58:30,MRNA,62.7000,62.7000,62.7000,62.7000,0.0000,62.7000,0
2026-08-19 00:58:35,MRNA,62.7000,62.7000,62.7000,62.7000,0.0000,62.7000,0
2026-08-19 00:58:40,MRNA,62.7000,62.7000,62.7000,62.7000,0.0000,62.7000,0
2026-08-19 00:58:45,MRNA,62.7000,62.7000,62.7000,62.7000,0.0000,62.7000,0
2026-08-19 00:58:50,MRNA,62.7000,62.7000,62.7000,62.7000,0.0000,62.7000,0
2026-08-19 00:58:55,MRNA,62.7000,62.7000,62.7000,62.7000,0.0000,62.7000,0
2026-08-19 00:59:00,MRNA,62.7000,62.7000,62.7000,62.7000,0.0000,62.7000,0
2026-08-19 00:59:05,MRNA,62.7000,62.7000,62.7000,62.7000,0.0000,62.7000,0
2026-08-19 00:59:10,MRNA,62.7000,62.7000,62.7000,62.7000,0.0000,62.7000,0
2026-08-19 00:59:15,MRNA,62.7000,62.7000,62.7000,62.7000,0.0000,62.7000,0
2026-08-19 00:59:20,MRNA,62.7000,62.7000,62.7000,62.7000,0.0000,62.7000,0
2026-08-19 00:59:25,MRNA,62.7000,62.7000,62.7000,62.7000,0.0000,62.7000,0
2026-08-19 00:59:30,MRNA,62.7000,62.7000,62.7000,62.7000,0.0000,62.7000,0
2026-08-19 00:59:35,MRNA,62.7000,62.7000,62.7000,62.7000,0.0000,62.7000,0
2026-08-19 00:59:40,MRNA,62.7000,62.7000,62.7000,62.7000,0.0000,62.7000,0
2026-08-19 00:59:45,MRNA,62.7000,62.7000,62.7000,62.7000,0.0000,62.7000,0
2026-08-19 00:59:50,MRNA,62.7000,62.7000,62.7000,62.7000,0.0000,62.7000,0
2026-08-19 00:59:55,MRNA,62.7000,62.7000,62.7000,62.7000,0.0000,62.7000,0
2026-08-19 01:00:00,MRNA,62.7000,62.7000,62.7000,62.7000,0.0000,62.7000,0
2026-08-19 01:00:05,MRNA,62.7000,62.7000,62.7000,62.7000,0.0000,62.7000,0
2026-08-19 01:00:10,MRNA,62.7000,62.7000,62.7000,62.7000,0.0000,62.7000,0
2026-08-19 01:00:15,MRNA,62.7000,62.7000,62.7000,62.7000,0.0000,62.7000,0
2026-08-19 01:00:20,MRNA,62.7000,62.7000,62.7000,62.7000,0.0000,62.7000,0
2026-08-19 01:00:25,MRNA,62.7000,62.7000,62.7000,62.7000,0.0000,62.7000,0
2026-08-19 01:00:30,MRNA,62.7000,62.7000,62.7000,62.7000,0.0000,62.7000,0
2026-08-19 01:00:35,MRNA,62.7000,62.7000,62.7000,62.7000,0.0000,62.7000,0
2026-08-19 01:00:40,MRNA,62.7000,62.7000,62.7000,62.7000,0.0000,62.7000,0
2026-08-19 01:00:45,MRNA,62.7000,62.7000,62.7000,62.7000,0.0000,62.7000,0
2026-08-19 01:00:50,MRNA,62.7000,62.7000,62.7000,62.7000,0.0000,62.7000,0
2026-08-19 01:00:55,MRNA,62.7000,62.7000,62.7000,62.7000,0.0000,62.7000,0
2026-08-19 01:01:00,MRNA,62.7000,62.7000,62.7000,62.7000,0.0000,62.7000,0
2026-08-19 01:01:05,MRNA,62.7000,62.7000,62.7000,62.7000,0.0000,62.7000,0
2026-08-19 01:01:10,MRNA,62.7000,62.7000,62.7000,62.7000,0.0000,62.7000,0
2026-08-19 01:01:15,MRNA,62.7000,62.7000,62.7000,62.7000,0.0000,62.7000,0
2026-08-19 01:01:20,MRNA,62.7000,62.7000,62.7000,62.7000,0.0000,62.7000,0
2026-08-19 01:01:25,MRNA,62.7000,62.7000,62.7000,62.7000,0.0000,62.7000,0
2026-08-19 01:01:30,MRNA,62.7000,62.7000,62.7000,62.7000,0.0000,62.7000,0
2026-08-19 01:01:35,MRNA,62.7000,62.7000,62.7000,62.7000,0.0000,62.7000,0
2026-08-19 01:01:40,MRNA,62.7000,62.7000,62.7000,62.7000,0.0000,62.7000,0
2026-08-19 01:01:45,MRNA,62.7000,62.7000,62.7000,62.7000,0.0000,62.7000,0
2026-08-19 01:01:50,MRNA,62.7000,62.7000,62.7000,62.7000,0.0000,62.7000,0
2026-08-19 01:01:55,MRNA,62.7000,62.7000,62.7000,62.7000,0.0000,62.7000,0
2026-08-19 01:02:00,MRNA,62.7000,62.7000,62.7000,62.7000,0.0000,62.7000,0
2026-08-19 01:02:05,MRNA,62.7000,62.7000,62.7000,62.7000,0.0000,62.7000,0
2026-08-19 01:02:10,MRNA,62.7000,62.7000,62.7000,62.7000,0.0000,62.7000,0
2026-08-19 01:02:15,MRNA,62.7000,62.7000,62.7000,62.7000,0.0000,62.7000,0
2026-08-19 01:02:20,MRNA,62.7000,62.7000,62.7000,62.7000,0.0000,62.7000,0
2026-08-19 01:02:25,MRNA,62.7000,62.7000,62.7000,62.7000,0.0000,62.7000,0
2026-08-19 01:02:30,MRNA,62.7000,62.7000,62.7000,62.7000,0.0000,62.7000,0
2026-08-19 01:02:35,MRNA,62.7000,62.7000,62.7000,62.7000,0.0000,62.7000,0
2026-08-19 01:02:40,MRNA,62.7000,62.7000,62.7000,62.7000,0.0000,62.7000,0
2026-08-19 01:02:45,MRNA,62.7000,62.7000,62.7000,62.7000,0.0000,62.7000,0
2026-08-19 01:02:50,MRNA,62.7000,62.7000,62.7000,62.7000,0.0000,62.7000,0
2026-08-19 01:02:55,MRNA,62.7000,62.7000,62.7000,62.7000,0.0000,62.7000,0
2026-08-19 01:03:00,MRNA,62.7000,62.7000,62.7000,62.7000,0.0000,62.7000,0
2026-08-19 01:03:05,MRNA,62.7000,62.7000,62.7000,62.7000,0.0000,62.7000,0
2026-08-19 01:03:10,MRNA,62.7000,62.7000,62.7000,62.7000,0.0000,62.7000,0
2026-08-19 01:03:15,MRNA,62.7000,62.7000,62.7000,62.7000,0.0000,62.7000,0
2026-08-19 01:03:20,MRNA,62.7000,62.7000,62.7000,62.7000,0.0000,62.7000,0
2026-08-19 01:03:25,MRNA,62.7000,62.7000,62.7000,62.7000,0.0000,62.7000,0
2026-08-19 01:03:30,MRNA,62.7000,62.7000,62.7000,62.7000,0.0000,62.7000,0
2026-08-19 01:03:35,MRNA,62.7000,62.7000,62.7000,62.7000,0.0000,62.7000,0
2026-08-19 01:03:40,MRNA,62.7000,62.7000,62.7000,62.7000,0.0000,62.7000,0
2026-08-19 01:03:45,MRNA,62.7000,62.7000,62.7000,62.7000,0.0000,62.7000,0
2026-08-19 01:03:50,MRNA,62.7000,62.7000,62.7000,62.7000,0.0000,62.7000,0
2026-08-19 01:03:55,MRNA,62.7000,62.7000,62.7000,62.7000,0.0000,62.7000,0
2026-08-19 01:04:00,MRNA,62.7000,62.7000,62.7000,62.7000,0.0000,62.7000,0
2026-08-19 01:04:05,MRNA,62.7000,62.7000,62.7000,62.7000,0.0000,62.7000,0
2026-08-19 01:04:10,MRNA,62.7000,62.7000,62.7000,62.7000,0.0000,62.7000,0
2026-08-19 01:04:15,MRNA,62.7000,62.7000,62.7000,62.7000,0.0000,62.7000,0
2026-08-19 01:04:20,MRNA,62.7000,62.7000,62.7000,62.7000,0.0000,62.7000,0
2026-08-19 01:04:25,MRNA,62.7000,62.7000,62.7000,62.7000,0.0000,62.7000,0
2026-08-19 01:04:30,MRNA,62.7000,62.7000,62.7000,62.7000,0.0000,62.7000,0
2026-08-19 01:04:35,MRNA,62.7000,62.7000,62.7000,62.7000,0.0000,62.7000,0
2026-08-19 01:04:40,MRNA,62.7000,62.7000,62.7000,62.7000,0.0000,62.7000,0
2026-08-19 01:04:45,MRNA,62.7000,62.7000,62.7000,62.7000,0.0000,62.7000,0
2026-08-19 01:04:50,MRNA,62.7000,62.7000,62.7000,62.7000,0.0000,62.7000,0
2026-08-19 01:04:55,MRNA,62.7000,62.7000,62.7000,62.7000,0.0000,62.7000,0
2026-08-19 01:05:00,MRNA,62.7000,62.7000,62.7000,62.7000,0.0000,62.7000,0
2026-08-19 01:05:05,MRNA,62.7000,62.7000,62.7000,62.7000,0.0000,62.7000,0
2026-08-19 01:05:10,MRNA,62.7000,62.7000,62.7000,62.7000,0.0000,62.7000,0
2026-08-19 01:05:15,MRNA,62.7000,62.7000,62.7000,62.7000,0.0000,62.7000,0
2026-08-19 01:05:20,MRNA,62.7000,62.7000,62.7000,62.7000,0.0000,62.7000,0
2026-08-19 01:05:25,MRNA,62.7000,62.7000,62.7000,62.7000,0.0000,62.7000,0
2026-08-19 01:05:30,MRNA,62.7000,62.7000,62.7000,62.7000,0.0000,62.7000,0
2026-08-19 01:05:35,MRNA,62.7000,62.7000,62.7000,62.7000,0.0000,62.7000,0
2026-08-19 01:05:40,MRNA,62.7000,62.7000,62.7000,62.7000,0.0000,62.7000,0
2026-08-19 01:05:45,MRNA,62.7000,62.7000,62.7000,62.7000,0.0000,62.7000,0
2026-08-19 01:05:50,MRNA,62.7000,62.7000,62.7000,62.7000,0.0000,62.7000,0
2026-08-19 01:05:55,MRNA,62.7000,62.7000,62.7000,62.7000,0.0000,62.7000,0
2026-08-19 01:06:00,MRNA,62.7000,62.7000,62.7000,62.7000,0.0000,62.7000,0
2026-08-19 01:06:05,MRNA,62.7000,62.7000,62.7000,62.7000,0.0000,62.7000,0
2026-08-19 01:06:10,MRNA,62.7000,62.7000,62.7000,62.7000,0.0000,62.7000,0
2026-08-19 01:06:15,MRNA,62.7000,62.7000,62.7000,62.7000,0.0000,62.7000,0
2026-08-19 01:06:20,MRNA,62.7000,62.7000,62.7000,62.7000,0.0000,62.7000,0
2026-08-19 01:06:25,MRNA,62.7000,62.7000,62.7000,62.7000,0.0000,62.7000,0
2026-08-19 01:06:30,MRNA,62.7000,62.7000,62.7000,62.7000,0.0000,62.7000,0
2026-08-19 01:06:35,MRNA,62.7000,62.7000,62.7000,62.7000,0.0000,62.7000,0
2026-08-19 01:06:40,MRNA,62.7000,62.7000,62.7000,62.7000,0.0000,62.7000,0
2026-08-19 01:06:45,MRNA,62.7000,62.7000,62.7000,62.7000,0.0000,62.7000,0
2026-08-19 01:06:50,MRNA,62.7000,62.7000,62.7000,62.7000,0.0000,62.7000,0
2026-08-19 01:06:55,MRNA,62.7000,62.7000,62.7000,62.7000,0.0000,62.7000,0
2026-08-19 01:07:00,MRNA,62.7000,62.7000,62.7000,62.7000,0.0000,62.7000,0
2026-08-19 01:07:05,MRNA,62.7000,62.7000,62.7000,62.7000,0.0000,62.7000,0
2026-08-19 01:07:10,MRNA,62.7000,62.7000,62.7000,62.7000,0.0000,62.7000,0
2026-08-19 01:07:15,MRNA,62.7000,62.7000,62.7000,62.7000,0.0000,62.7000,0
2026-08-19 01:07:20,MRNA,62.7000,62.7000,62.7000,62.7000,0.0000,62.7000,0
2026-08-19 01:07:25,MRNA,62.7000,62.7000,62.7000,62.7000,0.0000,62.7000,0
2026-08-19 01:07:30,MRNA,62.7000,62.7000,62.7000,62.7000,0.0000,62.7000,0
2026-08-19 01:07:35,MRNA,62.7000,62.7000,62.7000,62.7000,0.0000,62.7000,0
2026-08-19 01:07:40,MRNA,62.7000,62.7000,62.7000,62.7000,0.0000,62.7000,0
2026-08-19 01:07:45,MRNA,62.7000,62.7000,62.7000,62.7000,0.0000,62.7000,0
2026-08-19 01:07:50,MRNA,62.7000,62.7000,62.7000,62.7000,0.0000,62.7000,0
2026-08-19 01:07:55,MRNA,62.7000,62.7000,62.7000,62.7000,0.0000,62.7000,0
2026-08-19 01:08:00,MRNA,62.7000,62.7000,62.7000,62.7000,0.0000,62.7000,0
2026-08-19 01:08:05,MRNA,62.7000,62.7000,62.7000,62.7000,0.0000,62.7000,0
2026-08-19 01:08:10,MRNA,62.7000,62.7000,62.7000,62.7000,0.0000,62.7000,0
2026-08-19 01:08:15,MRNA,62.7000,62.7000,62.7000,62.7000,0.0000,62.7000,0
2026-08-19 01:08:20,MRNA,62.7000,62.7000,62.7000,62.7000,0.0000,62.7000,0
2026-08-19 01:08:25,MRNA,62.7000,62.7000,62.7000,62.7000,0.0000,62.7000,0
2026-08-19 01:08:30,MRNA,62.7000,62.7000,62.7000,62.7000,0.0000,62.7000,0
2026-08-19 01:08:35,MRNA,62.7000,62.7000,62.7000,62.7000,0.0000,62.7000,0
2026-08-19 01:08:40,MRNA,62.7000,62.7000,62.7000,62.7000,0.0000,62.7000,0
2026-08-19 01:08:45,MRNA,62.7000,62.7000,62.7000,62.7000,0.0000,62.7000,0
2026-08-19 01:08:50,MRNA,62.7000,62.7000,62.7000,62.7000,0.0000,62.7000,0
2026-08-19 01:08:55,MRNA,62.7000,62.7000,62.7000,62.7000,0.0000,62.7000,0
2026-08-19 01:09:00,MRNA,62.7000,62.7000,62.7000,62.7000,0.0000,62.7000,0
2026-08-19 01:09:05,MRNA,62.7000,62.7000,62.7000,62.7000,0.0000,62.7000,0
2026-08-19 01:09:10,MRNA,62.7000,62.7000,62.7000,62.7000,0.0000,62.7000,0
2026-08-19 01:09:15,MRNA,62.7000,62.7000,62.7000,62.7000,0.0000,62.7000,0
2026-08-19 01:09:20,MRNA,62.7000,62.7000,62.7000,62.7000,0.0000,62.7000,0
2026-08-19 01:09:25,MRNA,62.7000,62.7000,62.7000,62.7000,0.0000,62.7000,0
2026-08-19 01:09:30,MRNA,62.7000,62.7000,62.7000,62.7000,0.0000,62.7000,0
2026-08-19 01:09:35,MRNA,62.7000,62.7000,62.7000,62.7000,0.0000,62.7000,0
2026-08-19 01:09:40,MRNA,62.7000,62.7000,62.7000,62.7000,0.0000,62.7000,0
2026-08-19 01:09:45,MRNA,62.7000,62.7000,62.7000,62.7000,0.0000,62.7000,0
2026-08-19 01:09:50,MRNA,62.7000,62.7000,62.7000,62.7000,0.0000,62.7000,0
2026-08-19 01:09:55,MRNA,62.7000,62.7000,62.7000,62.7000,0.0000,62.7000,0
2026-08-19 01:10:00,MRNA,62.7000,62.7000,62.7000,62.7000,0.0000,62.7000,0
2026-08-19 01:10:05,MRNA,62.7000,62.7000,62.7000,62.7000,0.0000,62.7000,0
2026-08-19 01:10:10,MRNA,62.7000,62.7000,62.7000,62.7000,0.0000,62.7000,0
2026-08-19 01:10:15,MRNA,62.7000,62.7000,62.7000,62.7000,0.0000,62.7000,0
2026-08-19 01:10:20,MRNA,62.7000,62.7000,62.7000,62.7000,0.0000,62.7000,0
2026-08-19 01:10:25,MRNA,62.7000,62.7000,62.7000,62.7000,0.0000,62.7000,0
2026-08-19 01:10:30,MRNA,62.7000,62.7000,62.7000,62.7000,0.0000,62.7000,0
2026-08-19 01:10:35,MRNA,62.7000,62.7000,62.7000,62.7000,0.0000,62.7000,0
2026-08-19 01:10:40,MRNA,62.7000,62.7000,62.7000,62.7000,0.0000,62.7000,0
2026-08-19 01:10:45,MRNA,62.7000,62.7000,62.7000,62.7000,0.0000,62.7000,0
2026-08-19 01:10:50,MRNA,62.7000,62.7000,62.7000,62.7000,0.0000,62.7000,0
2026-08-19 01:10:55,MRNA,62.7000,62.7000,62.7000,62.7000,0.0000,62.7000,0
2026-08-19 01:11:00,MRNA,62.7000,62.7000,62.7000,62.7000,0.0000,62.7000,0
2026-08-19 01:11:05,MRNA,62.7000,62.7000,62.7000,62.7000,0.0000,62.7000,0
2026-08-19 01:11:10,MRNA,62.7000,62.7000,62.7000,62.7000,0.0000,62.7000,0
2026-08-19 01:11:15,MRNA,62.7000,62.7000,62.7000,62.7000,0.0000,62.7000,0
2026-08-19 01:11:20,MRNA,62.7000,62.7000,62.7000,62.7000,0.0000,62.7000,0
2026-08-19 01:11:25,MRNA,62.7000,62.7000,62.7000,62.7000,0.0000,62.7000,0
2026-08-19 01:11:30,MRNA,62.7000,62.7000,62.7000,62.7000,0.0000,62.7000,0
2026-08-19 01:11:35,MRNA,62.7000,62.7000,62.7000,62.7000,0.0000,62.7000,0
2026-08-19 01:11:40,MRNA,62.7000,62.7000,62.7000,62.7000,0.0000,62.7000,0
2026-08-19 01:11:45,MRNA,62.7000,62.7000,62.7000,62.7000,0.0000,62.7000,0
2026-08-19 01:11:50,MRNA,62.7000,62.7000,62.7000,62.7000,0.0000,62.7000,0
2026-08-19 01:11:55,MRNA,62.7000,62.7000,62.7000,62.7000,0.0000,62.7000,0
2026-08-19 01:12:00,MRNA,62.7000,62.7000,62.7000,62.7000,0.0000,62.7000,0
2026-08-19 01:12:05,MRNA,62.7000,62.7000,62.7000,62.7000,0.0000,62.7000,0
2026-08-19 01:12:10,MRNA,62.7000,62.7000,62.7000,62.7000,0.0000,62.7000,0
2026-08-19 01:12:15,MRNA,62.7000,62.7000,62.7000,62.7000,0.0000,62.7000,0
2026-08-19 01:12:20,MRNA,62.7000,62.7000,62.7000,62.7000,0.0000,62.7000,0
2026-08-19 01:12:25,MRNA,62.7000,62.7000,62.7000,62.7000,0.0000,62.7000,0
2026-08-19 01:12:30,MRNA,62.7000,62.7000,62.7000,62.7000,0.0000,62.7000,0
2026-08-19 01:12:35,MRNA,62.7000,62.7000,62.7000,62.7000,0.0000,62.7000,0
2026-08-19 01:12:40,MRNA,62.7000,62.7000,62.7000,62.7000,0.0000,62.7000,0
2026-08-19 01:12:45,MRNA,62.7000,62.7000,62.7000,62.7000,0.0000,62.7000,0
2026-08-19 01:12:50,MRNA,62.7000,62.7000,62.7000,62.7000,0.0000,62.7000,0
2026-08-19 01:12:55,MRNA,62.7000,62.7000,62.7000,62.7000,0.0000,62.7000,0
2026-08-19 01:13:00,MRNA,62.7000,62.7000,62.7000,62.7000,0.0000,62.7000,0
2026-08-19 01:13:05,MRNA,62.7000,62.7000,62.7000,62.7000,0.0000,62.7000,0
2026-08-19 01:13:10,MRNA,62.7000,62.7000,62.7000,62.7000,0.0000,62.7000,0
2026-08-19 01:13:15,MRNA,62.7000,62.7000,62.7000,62.7000,0.0000,62.7000,0
2026-08-19 01:13:20,MRNA,62.7000,62.7000,62.7000,62.7000,0.0000,62.7000,0
2026-08-19 01:13:25,MRNA,62.7000,62.7000,62.7000,62.7000,0.0000,62.7000,0
2026-08-19 01:13:30,MRNA,62.7000,62.7000,62.7000,62.7000,0.0000,62.7000,0
2026-08-19 01:13:35,MRNA,62.7000,62.7000,62.7000,62.7000,0.0000,62.7000,0
2026-08-19 01:13:40,MRNA,62.7000,62.7000,62.7000,62.7000,0.0000,62.7000,0
2026-08-19 01:13:45,MRNA,62.7000,62.7000,62.7000,62.7000,0.0000,62.7000,0
2026-08-19 01:13:50,MRNA,62.7000,62.7000,62.7000,62.7000,0.0000,62.7000,0
2026-08-19 01:13:55,MRNA,62.7000,62.7000,62.7000,62.7000,0.0000,62.7000,0
2026-08-19 01:14:00,MRNA,62.7000,62.7000,62.7000,62.7000,0.0000,62.7000,0
2026-08-19 01:14:05,MRNA,62.7000,62.7000,62.7000,62.7000,0.0000,62.7000,0
2026-08-19 01:14:10,MRNA,62.7000,62.7000,62.7000,62.7000,0.0000,62.7000,0
2026-08-19 01:14:15,MRNA,62.7000,62.7000,62.7000,62.7000,0.0000,62.7000,0
2026-08-19 01:14:20,MRNA,62.7000,62.7000,62.7000,62.7000,0.0000,62.7000,0
2026-08-19 01:14:25,MRNA,62.7000,62.7000,62.7000,62.7000,0.0000,62.7000,0
2026-08-19 01:14:30,MRNA,62.7000,62.7000,62.7000,62.7000,0.0000,62.7000,0
2026-08-19 01:14:35,MRNA,62.7000,62.7000,62.7000,62.7000,0.0000,62.7000,0
2026-08-19 01:14:40,MRNA,62.7000,62.7000,62.7000,62.7000,0.0000,62.7000,0
2026-08-19 01:14:45,MRNA,62.7000,62.7000,62.7000,62.7000,0.0000,62.7000,0
2026-08-19 01:14:50,MRNA,62.7000,62.7000,62.7000,62.7000,0.0000,62.7000,0
2026-08-19 01:14:55,MRNA,62.7000,62.7000,62.7000,62.7000,0.0000,62.7000,0
2026-08-19 01:15:00,MRNA,62.7000,62.7000,62.7000,62.7000,0.0000,62.7000,0
2026-08-19 01:15:05,MRNA,62.7000,62.7000,62.7000,62.7000,0.0000,62.7000,0
2026-08-19 01:15:10,MRNA,62.7000,62.7000,62.7000,62.7000,0.0000,62.7000,0
2026-08-19 01:15:15,MRNA,62.7000,62.7000,62.7000,62.7000,0.0000,62.7000,0
2026-08-19 01:15:20,MRNA,62.7000,62.7000,62.7000,62.7000,0.0000,62.7000,0
2026-08-19 01:15:25,MRNA,62.7000,62.7000,62.7000,62.7000,0.0000,62.7000,0
2026-08-19 01:15:30,MRNA,62.7000,62.7000,62.7000,62.7000,0.0000,62.7000,0
2026-08-19 01:15:35,MRNA,62.7000,62.7000,62.7000,62.7000,0.0000,62.7000,0
2026-08-19 01:15:40,MRNA,62.7000,62.7000,62.7000,62.7000,0.0000,62.7000,0
2026-08-19 01:15:45,MRNA,62.7000,62.7000,62.7000,62.7000,0.0000,62.7000,0
2026-08-19 01:15:50,MRNA,62.7000,62.7000,62.7000,62.7000,0.0000,62.7000,0
2026-08-19 01:15:55,MRNA,62.7000,62.7000,62.7000,62.7000,0.0000,62.7000,0
2026-08-19 01:16:00,MRNA,62.7000,62.7000,62.7000,62.7000,0.0000,62.7000,0
2026-08-19 01:16:05,MRNA,62.7000,62.7000,62.7000,62.7000,0.0000,62.7000,0
2026-08-19 01:16:10,MRNA,62.7000,62.7000,62.7000,62.7000,0.0000,62.7000,0
2026-08-19 01:16:15,MRNA,62.7000,62.7000,62.7000,62.7000,0.0000,62.7000,0
2026-08-19 01:16:20,MRNA,62.7000,62.7000,62.7000,62.7000,0.0000,62.7000,0
2026-08-19 01:16:25,MRNA,62.7000,62.7000,62.7000,62.7000,0.0000,62.7000,0
2026-08-19 01:16:30,MRNA,62.7000,62.7000,62.7000,62.7000,0.0000,62.7000,0
2026-08-19 01:16:35,MRNA,62.7000,62.7000,62.7000,62.7000,0.0000,62.7000,0
2026-08-19 01:16:40,MRNA,62.7000,62.7000,62.7000,62.7000,0.0000,62.7000,0
2026-08-19 01:16:45,MRNA,62.7000,62.7000,62.7000,62.7000,0.0000,62.7000,0
2026-08-19 01:16:50,MRNA,62.7000,62.7000,62.7000,62.7000,0.0000,62.7000,0
2026-08-19 01:16:55,MRNA,62.7000,62.7000,62.7000,62.7000,0.0000,62.7000,0
2026-08-19 01:17:00,MRNA,62.7000,62.7000,62.7000,62.7000,0.0000,62.7000,0
2026-08-19 01:17:05,MRNA,62.7000,62.7000,62.7000,62.7000,0.0000,62.7000,0
2026-08-19 01:17:10,MRNA,62.7000,62.7000,62.7000,62.7000,0.0000,62.7000,0
2026-08-19 01:17:15,MRNA,62.7000,62.7000,62.7000,62.7000,0.0000,62.7000,0
2026-08-19 01:17:20,MRNA,62.7000,62.7000,62.7000,62.7000,0.0000,62.7000,0
2026-08-19 01:17:25,MRNA,62.7000,62.7000,62.7000,62.7000,0.0000,62.7000,0
2026-08-19 01:17:30,MRNA,62.7000,62.7000,62.7000,62.7000,0.0000,62.7000,0
2026-08-19 01:17:35,MRNA,62.7000,62.7000,62.7000,62.7000,0.0000,62.7000,0
2026-08-19 01:17:40,MRNA,62.7000,62.7000,62.7000,62.7000,0.0000,62.7000,0
2026-08-19 01:17:45,MRNA,62.7000,62.7000,62.7000,62.7000,0.0000,62.7000,0
2026-08-19 01:17:50,MRNA,62.7000,62.7000,62.7000,62.7000,0.0000,62.7000,0
2026-08-19 01:17:55,MRNA,62.7000,62.7000,62.7000,62.7000,0.0000,62.7000,0
2026-08-19 01:18:00,MRNA,62.7000,62.7000,62.7000,62.7000,0.0000,62.7000,0
2026-08-19 01:18:05,MRNA,62.7000,62.7000,62.7000,62.7000,0.0000,62.7000,0
2026-08-19 01:18:10,MRNA,62.7000,62.7000,62.7000,62.7000,0.0000,62.7000,0
2026-08-19 01:18:15,MRNA,62.7000,62.7000,62.7000,62.7000,0.0000,62.7000,0
2026-08-19 01:18:20,MRNA,62.7000,62.7000,62.7000,62.7000,0.0000,62.7000,0
2026-08-19 01:18:25,MRNA,62.7000,62.7000,62.7000,62.7000,0.0000,62.7000,0
2026-08-19 01:18:30,MRNA,62.7000,62.7000,62.7000,62.7000,0.0000,62.7000,0
2026-08-19 01:18:35,MRNA,62.7000,62.7000,62.7000,62.7000,0.0000,62.7000,0
2026-08-19 01:18:40,MRNA,62.7000,62.7000,62.7000,62.7000,0.0000,62.7000,0
2026-08-19 01:18:45,MRNA,62.7000,62.7000,62.7000,62.7000,0.0000,62.7000,0
2026-08-19 01:18:50,MRNA,62.7000,62.7000,62.7000,62.7000,0.0000,62.7000,0
2026-08-19 01:18:55,MRNA,62.7000,62.7000,62.7000,62.7000,0.0000,62.7000,0
2026-08-19 01:19:00,MRNA,62.7000,62.7000,62.7000,62.7000,0.0000,62.7000,0
2026-08-19 01:19:05,MRNA,62.7000,62.7000,62.7000,62.7000,0.0000,62.7000,0
2026-08-19 01:19:10,MRNA,62.7000,62.7000,62.7000,62.7000,0.0000,62.7000,0
2026-08-19 01:19:15,MRNA,62.7000,62.7000,62.7000,62.7000,0.0000,62.7000,0
2026-08-19 01:19:20,MRNA,62.7000,62.7000,62.7000,62.7000,0.0000,62.7000,0
2026-08-19 01:19:25,MRNA,62.7000,62.7000,62.7000,62.7000,0.0000,62.7000,0
2026-08-19 01:19:30,MRNA,62.7000,62.7000,62.7000,62.7000,0.0000,62.7000,0
2026-08-19 01:19:35,MRNA,62.7000,62.7000,62.7000,62.7000,0.0000,62.7000,0
2026-08-19 01:19:40,MRNA,62.7000,62.7000,62.7000,62.7000,0.0000,62.7000,0
2026-08-19 01:19:45,MRNA,62.7000,62.7000,62.7000,62.7000,0.0000,62.7000,0
2026-08-19 01:19:50,MRNA,62.7000,62.7000,62.7000,62.7000,0.0000,62.7000,0
2026-08-19 01:19:55,MRNA,62.7000,62.7000,62.7000,62.7000,0.0000,62.7000,0
2026-08-19 01:20:00,MRNA,62.7000,62.7000,62.7000,62.7000,0.0000,62.7000,0
2026-08-19 01:20:05,MRNA,62.7000,62.7000,62.7000,62.7000,0.0000,62.7000,0
2026-08-19 01:20:10,MRNA,62.7000,62.7000,62.7000,62.7000,0.0000,62.7000,0
2026-08-19 01:20:15,MRNA,62.7000,62.7000,62.7000,62.7000,0.0000,62.7000,0
2026-08-19 01:20:20,MRNA,62.7000,62.7000,62.7000,62.7000,0.0000,62.7000,0
2026-08-19 01:20:25,MRNA,62.7000,62.7000,62.7000,62.7000,0.0000,62.7000,0
2026-08-19 01:20:30,MRNA,62.7000,62.7000,62.7000,62.7000,0.0000,62.7000,0
2026-08-19 01:20:35,MRNA,62.7000,62.7000,62.7000,62.7000,0.0000,62.7000,0
2026-08-19 01:20:40,MRNA,62.7000,62.7000,62.7000,62.7000,0.0000,62.7000,0
2026-08-19 01:20:45,MRNA,62.7000,62.7000,62.7000,62.7000,0.0000,62.7000,0
2026-08-19 01:20:50,MRNA,62.7000,62.7000,62.7000,62.7000,0.0000,62.7000,0
2026-08-19 01:20:55,MRNA,62.7000,62.7000,62.7000,62.7000,0.0000,62.7000,0
2026-08-19 01:21:00,MRNA,62.7000,62.7000,62.7000,62.7000,0.0000,62.7000,0
2026-08-19 01:21:05,MRNA,62.7000,62.7000,62.7000,62.7000,0.0000,62.7000,0
2026-08-19 01:21:10,MRNA,62.7000,62.7000,62.7000,62.7000,0.0000,62.7000,0
2026-08-19 01:21:15,MRNA,62.7000,62.7000,62.7000,62.7000,0.0000,62.7000,0
2026-08-19 01:21:20,MRNA,62.7000,62.7000,62.7000,62.7000,0.0000,62.7000,0
2026-08-19 01:21:25,MRNA,62.7000,62.7000,62.7000,62.7000,0.0000,62.7000,0
2026-08-19 01:21:30,MRNA,62.7000,62.7000,62.7000,62.7000,0.0000,62.7000,0
2026-08-19 01:21:35,MRNA,62.7000,62.7000,62.7000,62.7000,0.0000,62.7000,0
2026-08-19 01:21:40,MRNA,62.7000,62.7000,62.7000,62.7000,0.0000,62.7000,0
2026-08-19 01:21:45,MRNA,62.7000,62.7000,62.7000,62.7000,0.0000,62.7000,0
2026-08-19 01:21:50,MRNA,62.7000,62.7000,62.7000,62.7000,0.0000,62.7000,0
2026-08-19 01:21:55,MRNA,62.7000,62.7000,62.7000,62.7000,0.0000,62.7000,0
2026-08-19 01:22:00,MRNA,62.7000,62.7000,62.7000,62.7000,0.0000,62.7000,0
2026-08-19 01:22:05,MRNA,62.7000,62.7000,62.7000,62.7000,0.0000,62.7000,0
2026-08-19 01:22:10,MRNA,62.7000,62.7000,62.7000,62.7000,0.0000,62.7000,0
2026-08-19 01:22:15,MRNA,62.7000,62.7000,62.7000,62.7000,0.0000,62.7000,0
2026-08-19 01:22:20,MRNA,62.7000,62.7000,62.7000,62.7000,0.0000,62.7000,0
2026-08-19 01:22:25,MRNA,62.7000,62.7000,62.7000,62.7000,0.0000,62.7000,0
2026-08-19 01:22:30,MRNA,62.7000,62.7000,62.7000,62.7000,0.0000,62.7000,0
2026-08-19 01:22:35,MRNA,62.7000,62.7000,62.7000,62.7000,0.0000,62.7000,0
2026-08-19 01:22:40,MRNA,62.7000,62.7000,62.7000,62.7000,0.0000,62.7000,0
2026-08-19 01:22:45,MRNA,62.7000,62.7000,62.7000,62.7000,0.0000,62.7000,0
2026-08-19 01:22:50,MRNA,62.7000,62.7000,62.7000,62.7000,0.0000,62.7000,0
2026-08-19 01:22:55,MRNA,62.7000,62.7000,62.7000,62.7000,0.0000,62.7000,0
2026-08-19 01:23:00,MRNA,62.7000,62.7000,62.7000,62.7000,0.0000,62.7000,0
2026-08-19 01:23:05,MRNA,62.7000,62.7000,62.7000,62.7000,0.0000,62.7000,0
2026-08-19 01:23:10,MRNA,62.7000,62.7000,62.7000,62.7000,0.0000,62.7000,0
2026-08-19 01:23:15,MRNA,62.7000,62.7000,62.7000,62.7000,0.0000,62.7000,0
2026-08-19 01:23:20,MRNA,62.7000,62.7000,62.7000,62.7000,0.0000,62.7000,0
2026-08-19 01:23:25,MRNA,62.7000,62.7000,62.7000,62.7000,0.0000,62.7000,0
2026-08-19 01:23:30,MRNA,62.7000,62.7000,62.7000,62.7000,0.0000,62.7000,0
2026-08-19 01:23:35,MRNA,62.7000,62.7000,62.7000,62.7000,0.0000,62.7000,0
2026-08-19 01:23:40,MRNA,62.7000,62.7000,62.7000,62.7000,0.0000,62.7000,0
2026-08-19 01:23:45,MRNA,62.7000,62.7000,62.7000,62.7000,0.0000,62.7000,0
2026-08-19 01:23:50,MRNA,62.7000,62.7000,62.7000,62.7000,0.0000,62.7000,0
2026-08-19 01:23:55,MRNA,62.7000,62.7000,62.7000,62.7000,0.0000,62.7000,0
2026-08-19 01:24:00,MRNA,62.7000,62.7000,62.7000,62.7000,0.0000,62.7000,0
2026-08-19 01:24:05,MRNA,62.7000,62.7000,62.7000,62.7000,0.0000,62.7000,0
2026-08-19 01:24:10,MRNA,62.7000,62.7000,62.7000,62.7000,0.0000,62.7000,0
2026-08-19 01:24:15,MRNA,62.7000,62.7000,62.7000,62.7000,0.0000,62.7000,0
2026-08-19 01:24:20,MRNA,62.7000,62.7000,62.7000,62.7000,0.0000,62.7000,0
2026-08-19 01:24:25,MRNA,62.7000,62.7000,62.7000,62.7000,0.0000,62.7000,0
2026-08-19 01:24:30,MRNA,62.7000,62.7000,62.7000,62.7000,0.0000,62.7000,0
2026-08-19 01:24:35,MRNA,62.7000,62.7000,62.7000,62.7000,0.0000,62.7000,0
2026-08-19 01:24:40,MRNA,62.7000,62.7000,62.7000,62.7000,0.0000,62.7000,0
2026-08-19 01:24:45,MRNA,62.7000,62.7000,62.7000,62.7000,0.0000,62.7000,0
2026-08-19 01:24:50,MRNA,62.7000,62.7000,62.7000,62.7000,0.0000,62.7000,0
2026-08-19 01:24:55,MRNA,62.7000,62.7000,62.7000,62.7000,0.0000,62.7000,0
2026-08-19 01:25:00,MRNA,62.7000,62.7000,62.7000,62.7000,0.0000,62.7000,0
2026-08-19 01:25:05,MRNA,62.7000,62.7000,62.7000,62.7000,0.0000,62.7000,0
2026-08-19 01:25:10,MRNA,62.7000,62.7000,62.7000,62.7000,0.0000,62.7000,0
2026-08-19 01:25:15,MRNA,62.7000,62.7000,62.7000,62.7000,0.0000,62.7000,0
2026-08-19 01:25:20,MRNA,62.7000,62.7000,62.7000,62.7000,0.0000,62.7000,0
2026-08-19 01:25:25,MRNA,62.7000,62.7000,62.7000,62.7000,0.0000,62.7000,0
2026-08-19 01:25:30,MRNA,62.7000,62.7000,62.7000,62.7000,0.0000,62.7000,0
2026-08-19 01:25:35,MRNA,62.7000,62.7000,62.7000,62.7000,0.0000,62.7000,0
2026-08-19 01:25:40,MRNA,62.7000,62.7000,62.7000,62.7000,0.0000,62.7000,0
2026-08-19 01:25:45,MRNA,62.7000,62.7000,62.7000,62.7000,0.0000,62.7000,0
2026-08-19 01:25:50,MRNA,62.7000,62.7000,62.7000,62.7000,0.0000,62.7000,0
2026-08-19 01:25:55,MRNA,62.7000,62.7000,62.7000,62.7000,0.0000,62.7000,0
2026-08-19 01:26:00,MRNA,62.7000,62.7000,62.7000,62.7000,0.0000,62.7000,0
2026-08-19 01:26:05,MRNA,62.7000,62.7000,62.7000,62.7000,0.0000,62.7000,0
2026-08-19 01:26:10,MRNA,62.7000,62.7000,62.7000,62.7000,0.0000,62.7000,0
2026-08-19 01:26:15,MRNA,62.7000,62.7000,62.7000,62.7000,0.0000,62.7000,0
2026-08-19 01:26:20,MRNA,62.7000,62.7000,62.7000,62.7000,0.0000,62.7000,0
2026-08-19 01:26:25,MRNA,62.7000,62.7000,62.7000,62.7000,0.0000,62.7000,0
2026-08-19 01:26:30,MRNA,62.7000,62.7000,62.7000,62.7000,0.0000,62.7000,0
2026-08-19 01:26:35,MRNA,62.7000,62.7000,62.7000,62.7000,0.0000,62.7000,0
2026-08-19 01:26:40,MRNA,62.7000,62.7000,62.7000,62.7000,0.0000,62.7000,0
2026-08-19 01:26:45,MRNA,62.7000,62.7000,62.7000,62.7000,0.0000,62.7000,0
2026-08-19 01:26:50,MRNA,62.7000,62.7000,62.7000,62.7000,0.0000,62.7000,0
2026-08-19 01:26:55,MRNA,62.7000,62.7000,62.7000,62.7000,0.0000,62.7000,0
2026-08-19 01:27:00,MRNA,62.7000,62.7000,62.7000,62.7000,0.0000,62.7000,0
2026-08-19 01:27:05,MRNA,62.7000,62.7000,62.7000,62.7000,0.0000,62.7000,0
2026-08-19 01:27:10,MRNA,62.7000,62.7000,62.7000,62.7000,0.0000,62.7000,0
2026-08-19 01:27:15,MRNA,62.7000,62.7000,62.7000,62.7000,0.0000,62.7000,0
2026-08-19 01:27:20,MRNA,62.7000,62.7000,62.7000,62.7000,0.0000,62.7000,0
2026-08-19 01:27:25,MRNA,62.7000,62.7000,62.7000,62.7000,0.0000,62.7000,0
2026-08-19 01:27:30,MRNA,62.7000,62.7000,62.7000,62.7000,0.0000,62.7000,0
2026-08-19 01:27:35,MRNA,62.7000,62.7000,62.7000,62.7000,0.0000,62.7000,0
2026-08-19 01:27:40,MRNA,62.7000,62.7000,62.7000,62.7000,0.0000,62.7000,0
2026-08-19 01:27:45,MRNA,62.7000,62.7000,62.7000,62.7000,0.0000,62.7000,0
2026-08-19 01:27:50,MRNA,62.7000,62.7000,62.7000,62.7000,0.0000,62.7000,0
2026-08-19 01:27:55,MRNA,62.7000,62.7000,62.7000,62.7000,0.0000,62.7000,0
2026-08-19 01:28:00,MRNA,62.7000,62.7000,62.7000,62.7000,0.0000,62.7000,0
2026-08-19 01:28:05,MRNA,62.7000,62.7000,62.7000,62.7000,0.0000,62.7000,0
2026-08-19 01:28:10,MRNA,62.7000,62.7000,62.7000,62.7000,0.0000,62.7000,0
2026-08-19 01:28:15,MRNA,62.7000,62.7000,62.7000,62.7000,0.0000,62.7000,0
2026-08-19 01:28:20,MRNA,62.7000,62.7000,62.7000,62.7000,0.0000,62.7000,0
2026-08-19 01:28:25,MRNA,62.7000,62.7000,62.7000,62.7000,0.0000,62.7000,0
2026-08-19 01:28:30,MRNA,62.7000,62.7000,62.7000,62.7000,0.0000,62.7000,0
2026-08-19 01:28:35,MRNA,62.7000,62.7000,62.7000,62.7000,0.0000,62.7000,0
2026-08-19 01:28:40,MRNA,62.7000,62.7000,62.7000,62.7000,0.0000,62.7000,0
2026-08-19 01:28:45,MRNA,62.7000,62.7000,62.7000,62.7000,0.0000,62.7000,0
2026-08-19 01:28:50,MRNA,62.7000,62.7000,62.7000,62.7000,0.0000,62.7000,0
2026-08-19 01:28:55,MRNA,62.7000,62.7000,62.7000,62.7000,0.0000,62.7000,0
2026-08-19 01:29:00,MRNA,62.7000,62.7000,62.7000,62.7000,0.0000,62.7000,0
2026-08-19 01:29:05,MRNA,62.7000,62.7000,62.7000,62.7000,0.0000,62.7000,0
2026-08-19 01:29:10,MRNA,62.7000,62.7000,62.7000,62.7000,0.0000,62.7000,0
2026-08-19 01:29:15,MRNA,62.7000,62.7000,62.7000,62.7000,0.0000,62.7000,0
2026-08-19 01:29:20,MRNA,62.7000,62.7000,62.7000,62.7000,0.0000,62.7000,0
2026-08-19 01:29:25,MRNA,62.7000,62.7000,62.7000,62.7000,0.0000,62.7000,0
2026-08-19 01:29:30,MRNA,62.7000,62.7000,62.7000,62.7000,0.0000,62.7000,0
2026-08-19 01:29:35,MRNA,62.7000,62.7000,62.7000,62.7000,0.0000,62.7000,0
2026-08-19 01:29:40,MRNA,62.7000,62.7000,62.7000,62.7000,0.0000,62.7000,0
2026-08-19 01:29:45,MRNA,62.7000,62.7000,62.7000,62.7000,0.0000,62.7000,0
2026-08-19 01:29:50,MRNA,62.7000,62.7000,62.7000,62.7000,0.0000,62.7000,0
2026-08-19 01:29:55,MRNA,62.7000,62.7000,62.7000,62.7000,0.0000,62.7000,0
2026-08-19 01:30:00,MRNA,62.7000,62.7000,62.7000,62.7000,0.0000,62.7000,0
2026-08-19 01:30:05,MRNA,62.7000,62.7000,62.7000,62.7000,0.0000,62.7000,0
2026-08-19 01:30:10,MRNA,62.7000,62.7000,62.7000,62.7000,0.0000,62.7000,0
2026-08-19 01:30:15,MRNA,62.7000,62.7000,62.7000,62.7000,0.0000,62.7000,0
2026-08-19 01:30:20,MRNA,62.7000,62.7000,62.7000,62.7000,0.0000,62.7000,0
2026-08-19 01:30:25,MRNA,62.7000,62.7000,62.7000,62.7000,0.0000,62.7000,0
2026-08-19 01:30:30,MRNA,62.7000,62.7000,62.7000,62.7000,0.0000,62.7000,0
2026-08-19 01:30:35,MRNA,62.7000,62.7000,62.7000,62.7000,0.0000,62.7000,0
2026-08-19 01:30:40,MRNA,62.7000,62.7000,62.7000,62.7000,0.0000,62.7000,0
2026-08-19 01:30:45,MRNA,62.7000,62.7000,62.7000,62.7000,0.0000,62.7000,0
2026-08-19 01:30:50,MRNA,62.7000,62.7000,62.7000,62.7000,0.0000,62.7000,0
2026-08-19 01:30:55,MRNA,62.7000,62.7000,62.7000,62.7000,0.0000,62.7000,0
2026-08-19 01:31:00,MRNA,62.7000,62.7000,62.7000,62.7000,0.0000,62.7000,0
2026-08-19 01:31:05,MRNA,62.7000,62.7000,62.7000,62.7000,0.0000,62.7000,0
2026-08-19 01:31:10,MRNA,62.7000,62.7000,62.7000,62.7000,0.0000,62.7000,0
2026-08-19 01:31:15,MRNA,62.7000,62.7000,62.7000,62.7000,0.0000,62.7000,0
2026-08-19 01:31:20,MRNA,62.7000,62.7000,62.7000,62.7000,0.0000,62.7000,0
2026-08-19 01:31:25,MRNA,62.7000,62.7000,62.7000,62.7000,0.0000,62.7000,0
2026-08-19 01:31:30,MRNA,62.7000,62.7000,62.7000,62.7000,0.0000,62.7000,0
2026-08-19 01:31:35,MRNA,62.7000,62.7000,62.7000,62.7000,0.0000,62.7000,0
2026-08-19 01:31:40,MRNA,62.7000,62.7000,62.7000,62.7000,0.0000,62.7000,0
2026-08-19 01:31:45,MRNA,62.7000,62.7000,62.7000,62.7000,0.0000,62.7000,0
2026-08-19 01:31:50,MRNA,62.7000,62.7000,62.7000,62.7000,0.0000,62.7000,0
2026-08-19 01:31:55,MRNA,62.7000,62.7000,62.7000,62.7000,0.0000,62.7000,0
2026-08-19 01:32:00,MRNA,62.7000,62.7000,62.7000,62.7000,0.0000,62.7000,0
2026-08-19 01:32:05,MRNA,62.7000,62.7000,62.7000,62.7000,0.0000,62.7000,0
2026-08-19 01:32:10,MRNA,62.7000,62.7000,62.7000,62.7000,0.0000,62.7000,0
2026-08-19 01:32:15,MRNA,62.7000,62.7000,62.7000,62.7000,0.0000,62.7000,0
2026-08-19 01:32:20,MRNA,62.7000,62.7000,62.7000,62.7000,0.0000,62.7000,0
2026-08-19 01:32:25,MRNA,62.7000,62.7000,62.7000,62.7000,0.0000,62.7000,0
2026-08-19 01:32:30,MRNA,62.7000,62.7000,62.7000,62.7000,0.0000,62.7000,0
2026-08-19 01:32:35,MRNA,62.7000,62.7000,62.7000,62.7000,0.0000,62.7000,0
2026-08-19 01:32:40,MRNA,62.7000,62.7000,62.7000,62.7000,0.0000,62.7000,0
2026-08-19 01:32:45,MRNA,62.7000,62.7000,62.7000,62.7000,0.0000,62.7000,0
2026-08-19 01:32:50,MRNA,62.6000,62.6000,62.5900,62.6000,100.0000,62.5970,1
2026-08-19 01:32:55,MRNA,62.6000,62.6000,62.5900,62.6000,0.0000,62.6000,0
2026-08-19 01:33:00,MRNA,62.6000,62.6000,62.5900,62.6000,0.0000,62.6000,0
2026-08-19 01:33:05,MRNA,62.6000,62.6000,62.5900,62.6000,0.0000,62.6000,0
2026-08-19 01:33:10,MRNA,62.6000,62.6000,62.5900,62.6000,0.0000,62.6000,0
2026-08-19 01:33:15,MRNA,62.6000,62.6000,62.5900,62.6000,0.0000,62.6000,0
2026-08-19 01:33:20,MRNA,62.6000,62.6000,62.5900,62.6000,0.0000,62.6000,0
2026-08-19 01:33:25,MRNA,62.6000,62.6000,62.5900,62.6000,0.0000,62.6000,0
2026-08-19 01:33:30,MRNA,62.6000,62.6000,62.5900,62.6000,0.0000,62.6000,0
2026-08-19 01:33:35,MRNA,62.6000,62.6000,62.5900,62.6000,0.0000,62.6000,0
2026-08-19 01:33:40,MRNA,62.6000,62.6000,62.5900,62.6000,0.0000,62.6000,0
2026-08-19 01:33:45,MRNA,62.6000,62.6000,62.5900,62.6000,0.0000,62.6000,0
2026-08-19 01:33:50,MRNA,62.6000,62.6000,62.5900,62.6000,0.0000,62.6000,0
2026-08-19 01:33:55,MRNA,62.6000,62.6000,62.5900,62.6000,0.0000,62.6000,0
2026-08-19 01:34:00,MRNA,62.6000,62.6000,62.5900,62.6000,0.0000,62.6000,0
2026-08-19 01:34:05,MRNA,62.6000,62.6000,62.5900,62.6000,0.0000,62.6000,0
2026-08-19 01:34:10,MRNA,62.6000,62.6000,62.5900,62.6000,0.0000,62.6000,0
2026-08-19 01:34:15,MRNA,62.6000,62.6000,62.5900,62.6000,0.0000,62.6000,0
2026-08-19 01:34:20,MRNA,62.6000,62.6000,62.5900,62.6000,0.0000,62.6000,0
2026-08-19 01:34:25,MRNA,62.6000,62.6000,62.5900,62.6000,0.0000,62.6000,0
2026-08-19 01:34:30,MRNA,62.6000,62.6000,62.5900,62.6000,0.0000,62.6000,0
2026-08-19 01:34:35,MRNA,62.6000,62.6000,62.5900,62.6000,0.0000,62.6000,0
2026-08-19 01:34:40,MRNA,62.6000,62.6000,62.5900,62.6000,0.0000,62.6000,0
2026-08-19 01:34:45,MRNA,62.6000,62.6000,62.5900,62.6000,0.0000,62.6000,0
2026-08-19 01:34:50,MRNA,62.6000,62.6000,62.5900,62.6000,0.0000,62.6000,0
2026-08-19 01:34:55,MRNA,62.6000,62.6000,62.5900,62.6000,0.0000,62.6000,0
2026-08-19 01:35:00,MRNA,62.6000,62.6000,62.5900,62.6000,0.0000,62.6000,0
2026-08-19 01:35:05,MRNA,62.6000,62.6000,62.5900,62.6000,0.0000,62.6000,0
2026-08-19 01:35:10,MRNA,62.6000,62.6000,62.5900,62.6000,0.0000,62.6000,0
2026-08-19 01:35:15,MRNA,62.6000,62.6000,62.5900,62.6000,0.0000,62.6000,0
2026-08-19 01:35:20,MRNA,62.6000,62.6000,62.5900,62.6000,0.0000,62.6000,0
2026-08-19 01:35:25,MRNA,62.6000,62.6000,62.5900,62.6000,0.0000,62.6000,0
2026-08-19 01:35:30,MRNA,62.6000,62.6000,62.5900,62.6000,0.0000,62.6000,0
2026-08-19 01:35:35,MRNA,62.6000,62.6000,62.5900,62.6000,0.0000,62.6000,0
2026-08-19 01:35:40,MRNA,62.6000,62.6000,62.5900,62.6000,0.0000,62.6000,0
2026-08-19 01:35:45,MRNA,62.6000,62.6000,62.5900,62.6000,0.0000,62.6000,0
2026-08-19 01:35:50,MRNA,62.6000,62.6000,62.5900,62.6000,0.0000,62.6000,0
2026-08-19 01:35:55,MRNA,62.6000,62.6000,62.5900,62.6000,0.0000,62.6000,0
2026-08-19 01:36:00,MRNA,62.6000,62.6000,62.5900,62.6000,0.0000,62.6000,0
2026-08-19 01:36:05,MRNA,62.6000,62.6000,62.5900,62.6000,0.0000,62.6000,0
2026-08-19 01:36:10,MRNA,62.6000,62.6000,62.5900,62.6000,0.0000,62.6000,0
2026-08-19 01:36:15,MRNA,62.6000,62.6000,62.5900,62.6000,0.0000,62.6000,0
2026-08-19 01:36:20,MRNA,62.6000,62.6000,62.5900,62.6000,0.0000,62.6000,0
2026-08-19 01:36:25,MRNA,62.6000,62.6000,62.5900,62.6000,0.0000,62.6000,0
2026-08-19 01:36:30,MRNA,62.6000,62.6000,62.5900,62.6000,0.0000,62.6000,0
2026-08-19 01:36:35,MRNA,62.6000,62.6000,62.5900,62.6000,0.0000,62.6000,0
2026-08-19 01:36:40,MRNA,62.6000,62.6000,62.5900,62.6000,0.0000,62.6000,0
2026-08-19 01:36:45,MRNA,62.6000,62.6000,62.5900,62.6000,0.0000,62.6000,0
2026-08-19 01:36:50,MRNA,62.6000,62.6000,62.5900,62.6000,0.0000,62.6000,0
2026-08-19 01:36:55,MRNA,62.6000,62.6000,62.5900,62.6000,0.0000,62.6000,0
2026-08-19 01:37:00,MRNA,62.6000,62.6000,62.5900,62.6000,0.0000,62.6000,0
2026-08-19 01:37:05,MRNA,62.6000,62.6000,62.5900,62.6000,0.0000,62.6000,0
2026-08-19 01:37:10,MRNA,62.6000,62.6000,62.5900,62.6000,0.0000,62.6000,0
2026-08-19 01:37:15,MRNA,62.6000,62.6000,62.5900,62.6000,0.0000,62.6000,0
2026-08-19 01:37:20,MRNA,62.6000,62.6000,62.5900,62.6000,0.0000,62.6000,0
2026-08-19 01:37:25,MRNA,62.6000,62.6000,62.5900,62.6000,0.0000,62.6000,0
2026-08-19 01:37:30,MRNA,62.6000,62.6000,62.5900,62.6000,0.0000,62.6000,0
2026-08-19 01:37:35,MRNA,62.6000,62.6000,62.5900,62.6000,0.0000,62.6000,0
2026-08-19 01:37:40,MRNA,62.6000,62.6000,62.5900,62.6000,0.0000,62.6000,0
2026-08-19 01:37:45,MRNA,62.6000,62.6000,62.5900,62.6000,0.0000,62.6000,0
2026-08-19 01:37:50,MRNA,62.6000,62.6000,62.5900,62.6000,0.0000,62.6000,0
2026-08-19 01:37:55,MRNA,62.6000,62.6000,62.5900,62.6000,0.0000,62.6000,0
2026-08-19 01:38:00,MRNA,62.6000,62.6000,62.5900,62.6000,0.0000,62.6000,0
2026-08-19 01:38:05,MRNA,62.6000,62.6000,62.5900,62.6000,0.0000,62.6000,0
2026-08-19 01:38:10,MRNA,62.6000,62.6000,62.5900,62.6000,0.0000,62.6000,0
2026-08-19 01:38:15,MRNA,62.6000,62.6000,62.5900,62.6000,0.0000,62.6000,0
2026-08-19 01:38:20,MRNA,62.6000,62.6000,62.5900,62.6000,0.0000,62.6000,0
2026-08-19 01:38:25,MRNA,62.6000,62.6000,62.5900,62.6000,0.0000,62.6000,0
2026-08-19 01:38:30,MRNA,62.6000,62.6000,62.5900,62.6000,0.0000,62.6000,0
2026-08-19 01:38:35,MRNA,62.6000,62.6000,62.5900,62.6000,0.0000,62.6000,0
2026-08-19 01:38:40,MRNA,62.6000,62.6000,62.5900,62.6000,0.0000,62.6000,0
2026-08-19 01:38:45,MRNA,62.6000,62.6000,62.5900,62.6000,0.0000,62.6000,0
2026-08-19 01:38:50,MRNA,62.6000,62.6000,62.5900,62.6000,0.0000,62.6000,0
2026-08-19 01:38:55,MRNA,62.6000,62.6000,62.5900,62.6000,0.0000,62.6000,0
2026-08-19 01:39:00,MRNA,62.6000,62.6000,62.5900,62.6000,0.0000,62.6000,0
2026-08-19 01:39:05,MRNA,62.6000,62.6000,62.5900,62.6000,0.0000,62.6000,0
2026-08-19 01:39:10,MRNA,62.6000,62.6000,62.5900,62.6000,0.0000,62.6000,0
2026-08-19 01:39:15,MRNA,62.6000,62.6000,62.5900,62.6000,0.0000,62.6000,0
2026-08-19 01:39:20,MRNA,62.6000,62.6000,62.5900,62.6000,0.0000,62.6000,0
2026-08-19 01:39:25,MRNA,62.6000,62.6000,62.5900,62.6000,0.0000,62.6000,0
2026-08-19 01:39:30,MRNA,62.6000,62.6000,62.5900,62.6000,0.0000,62.6000,0
2026-08-19 01:39:35,MRNA,62.6000,62.6000,62.5900,62.6000,0.0000,62.6000,0
2026-08-19 01:39:40,MRNA,62.6000,62.6000,62.5900,62.6000,0.0000,62.6000,0
2026-08-19 01:39:45,MRNA,62.6000,62.6000,62.5900,62.6000,0.0000,62.6000,0
2026-08-19 01:39:50,MRNA,62.6000,62.6000,62.5900,62.6000,0.0000,62.6000,0
2026-08-19 01:39:55,MRNA,62.6000,62.6000,62.5900,62.6000,0.0000,62.6000,0
2026-08-19 01:40:00,MRNA,62.6000,62.6000,62.5900,62.6000,0.0000,62.6000,0
2026-08-19 01:40:05,MRNA,62.6000,62.6000,62.5900,62.6000,0.0000,62.6000,0
2026-08-19 01:40:10,MRNA,62.6000,62.6000,62.5900,62.6000,0.0000,62.6000,0
2026-08-19 01:40:15,MRNA,62.6000,62.6000,62.5900,62.6000,0.0000,62.6000,0
2026-08-19 01:40:20,MRNA,62.6000,62.6000,62.5900,62.6000,0.0000,62.6000,0
2026-08-19 01:40:25,MRNA,62.6000,62.6000,62.5900,62.6000,0.0000,62.6000,0
2026-08-19 01:40:30,MRNA,62.6000,62.6000,62.5900,62.6000,0.0000,62.6000,0
2026-08-19 01:40:35,MRNA,62.6000,62.6000,62.5900,62.6000,0.0000,62.6000,0
2026-08-19 01:40:40,MRNA,62.6000,62.6000,62.5900,62.6000,0.0000,62.6000,0
2026-08-19 01:40:45,MRNA,62.6000,62.6000,62.5900,62.6000,0.0000,62.6000,0
2026-08-19 01:40:50,MRNA,62.6000,62.6000,62.5900,62.6000,0.0000,62.6000,0
2026-08-19 01:40:55,MRNA,62.6000,62.6000,62.5900,62.6000,0.0000,62.6000,0
2026-08-19 01:41:00,MRNA,62.6000,62.6000,62.5900,62.6000,0.0000,62.6000,0
2026-08-19 01:41:05,MRNA,62.6000,62.6000,62.5900,62.6000,0.0000,62.6000,0
2026-08-19 01:41:10,MRNA,62.6000,62.6000,62.5900,62.6000,0.0000,62.6000,0
2026-08-19 01:41:15,MRNA,62.6000,62.6000,62.5900,62.6000,0.0000,62.6000,0
2026-08-19 01:41:20,MRNA,62.6000,62.6000,62.5900,62.6000,0.0000,62.6000,0
2026-08-19 01:41:25,MRNA,62.6000,62.6000,62.5900,62.6000,0.0000,62.6000,0
2026-08-19 01:41:30,MRNA,62.6000,62.6000,62.5900,62.6000,0.0000,62.6000,0
2026-08-19 01:41:35,MRNA,62.6000,62.6000,62.5900,62.6000,0.0000,62.6000,0
2026-08-19 01:41:40,MRNA,62.6000,62.6000,62.5900,62.6000,0.0000,62.6000,0
2026-08-19 01:41:45,MRNA,62.6000,62.6000,62.5900,62.6000,0.0000,62.6000,0
2026-08-19 01:41:50,MRNA,62.6000,62.6000,62.5900,62.6000,0.0000,62.6000,0
2026-08-19 01:41:55,MRNA,62.6000,62.6000,62.5900,62.6000,0.0000,62.6000,0
2026-08-19 01:42:00,MRNA,62.6000,62.6000,62.5900,62.6000,0.0000,62.6000,0
2026-08-19 01:42:05,MRNA,62.6000,62.6000,62.5900,62.6000,0.0000,62.6000,0
2026-08-19 01:42:10,MRNA,62.6000,62.6000,62.5900,62.6000,0.0000,62.6000,0
2026-08-19 01:42:15,MRNA,62.6000,62.6000,62.5900,62.6000,0.0000,62.6000,0
2026-08-19 01:42:20,MRNA,62.6000,62.6000,62.5900,62.6000,0.0000,62.6000,0
2026-08-19 01:42:25,MRNA,62.6000,62.6000,62.5900,62.6000,0.0000,62.6000,0
2026-08-19 01:42:30,MRNA,62.6000,62.6000,62.5900,62.6000,0.0000,62.6000,0
2026-08-19 01:42:35,MRNA,62.6000,62.6000,62.5900,62.6000,0.0000,62.6000,0
2026-08-19 01:42:40,MRNA,62.6000,62.6000,62.5900,62.6000,0.0000,62.6000,0
2026-08-19 01:42:45,MRNA,62.6000,62.6000,62.5900,62.6000,0.0000,62.6000,0
2026-08-19 01:42:50,MRNA,62.6000,62.6000,62.5900,62.6000,0.0000,62.6000,0
2026-08-19 01:42:55,MRNA,62.6000,62.6000,62.5900,62.6000,0.0000,62.6000,0
2026-08-19 01:43:00,MRNA,62.6000,62.6000,62.5900,62.6000,0.0000,62.6000,0
2026-08-19 01:43:05,MRNA,62.6000,62.6000,62.5900,62.6000,0.0000,62.6000,0
2026-08-19 01:43:10,MRNA,62.6000,62.6000,62.5900,62.6000,0.0000,62.6000,0
2026-08-19 01:43:15,MRNA,62.6000,62.6000,62.5900,62.6000,0.0000,62.6000,0
2026-08-19 01:43:20,MRNA,62.6000,62.6000,62.5900,62.6000,0.0000,62.6000,0
2026-08-19 01:43:25,MRNA,62.6000,62.6000,62.5900,62.6000,0.0000,62.6000,0
2026-08-19 01:43:30,MRNA,62.6000,62.6000,62.5900,62.6000,0.0000,62.6000,0
2026-08-19 01:43:35,MRNA,62.6000,62.6000,62.5900,62.6000,0.0000,62.6000,0
2026-08-19 01:43:40,MRNA,62.6000,62.6000,62.5900,62.6000,0.0000,62.6000,0
2026-08-19 01:43:45,MRNA,62.6000,62.6000,62.5900,62.6000,0.0000,62.6000,0
2026-08-19 01:43:50,MRNA,62.6000,62.6000,62.5900,62.6000,0.0000,62.6000,0
2026-08-19 01:43:55,MRNA,62.6000,62.6000,62.5900,62.6000,0.0000,62.6000,0
2026-08-19 01:44:00,MRNA,62.6000,62.6000,62.5900,62.6000,0.0000,62.6000,0
2026-08-19 01:44:05,MRNA,62.6000,62.6000,62.5900,62.6000,0.0000,62.6000,0
2026-08-19 01:44:10,MRNA,62.6000,62.6000,62.5900,62.6000,0.0000,62.6000,0
2026-08-19 01:44:15,MRNA,62.6000,62.6000,62.5900,62.6000,0.0000,62.6000,0
2026-08-19 01:44:20,MRNA,62.6000,62.6000,62.5900,62.6000,0.0000,62.6000,0
2026-08-19 01:44:25,MRNA,62.6000,62.6000,62.5900,62.6000,0.0000,62.6000,0
2026-08-19 01:44:30,MRNA,62.6000,62.6000,62.5900,62.6000,0.0000,62.6000,0
2026-08-19 01:44:35,MRNA,62.6000,62.6000,62.5900,62.6000,0.0000,62.6000,0
2026-08-19 01:44:40,MRNA,62.6000,62.6000,62.5900,62.6000,0.0000,62.6000,0
2026-08-19 01:44:45,MRNA,62.6000,62.6000,62.5900,62.6000,0.0000,62.6000,0
2026-08-19 01:44:50,MRNA,62.6000,62.6000,62.5900,62.6000,0.0000,62.6000,0
2026-08-19 01:44:55,MRNA,62.6000,62.6000,62.5900,62.6000,0.0000,62.6000,0
2026-08-19 01:45:00,MRNA,62.6000,62.6000,62.5900,62.6000,0.0000,62.6000,0
2026-08-19 01:45:05,MRNA,62.6000,62.6000,62.5900,62.6000,0.0000,62.6000,0
2026-08-19 01:45:10,MRNA,62.6000,62.6000,62.5900,62.6000,0.0000,62.6000,0
2026-08-19 01:45:15,MRNA,62.6000,62.6000,62.5900,62.6000,0.0000,62.6000,0
2026-08-19 01:45:20,MRNA,62.6000,62.6000,62.5900,62.6000,0.0000,62.6000,0
2026-08-19 01:45:25,MRNA,62.6000,62.6000,62.5900,62.6000,0.0000,62.6000,0
2026-08-19 01:45:30,MRNA,62.6000,62.6000,62.5900,62.6000,0.0000,62.6000,0
2026-08-19 01:45:35,MRNA,62.6000,62.6000,62.5900,62.6000,0.0000,62.6000,0
2026-08-19 01:45:40,MRNA,62.6000,62.6000,62.5900,62.6000,0.0000,62.6000,0
2026-08-19 01:45:45,MRNA,62.6000,62.6000,62.5900,62.6000,0.0000,62.6000,0
2026-08-19 01:45:50,MRNA,62.6000,62.6000,62.5900,62.6000,0.0000,62.6000,0
2026-08-19 01:45:55,MRNA,62.6000,62.6000,62.5900,62.6000,0.0000,62.6000,0
2026-08-19 01:46:00,MRNA,62.6000,62.6000,62.5900,62.6000,0.0000,62.6000,0
2026-08-19 01:46:05,MRNA,62.6000,62.6000,62.5900,62.6000,0.0000,62.6000,0
2026-08-19 01:46:10,MRNA,62.6000,62.6000,62.5900,62.6000,0.0000,62.6000,0
2026-08-19 01:46:15,MRNA,62.6000,62.6000,62.5900,62.6000,0.0000,62.6000,0
2026-08-19 01:46:20,MRNA,62.6000,62.6000,62.5900,62.6000,0.0000,62.6000,0
2026-08-19 01:46:25,MRNA,62.9000,62.9400,62.9000,62.9400,200.0000,62.9200,2
2026-08-19 01:46:30,MRNA,62.9000,62.9000,62.9000,62.9000,429.0000,62.9000,1
2026-08-19 01:46:35,MRNA,62.9000,62.9000,62.9000,62.9000,0.0000,62.9000,0
2026-08-19 01:46:40,MRNA,62.9000,62.9000,62.9000,62.9000,0.0000,62.9000,0
2026-08-19 01:46:45,MRNA,62.9000,62.9000,62.9000,62.9000,0.0000,62.9000,0
2026-08-19 01:46:50,MRNA,62.9000,62.9000,62.9000,62.9000,0.0000,62.9000,0
2026-08-19 01:46:55,MRNA,62.9000,62.9000,62.9000,62.9000,0.0000,62.9000,0
2026-08-19 01:47:00,MRNA,62.9000,62.9000,62.9000,62.9000,0.0000,62.9000,0
2026-08-19 01:47:05,MRNA,62.9000,62.9000,62.9000,62.9000,0.0000,62.9000,0
2026-08-19 01:47:10,MRNA,62.9000,62.9000,62.9000,62.9000,0.0000,62.9000,0
2026-08-19 01:47:15,MRNA,62.9000,62.9000,62.9000,62.9000,0.0000,62.9000,0
2026-08-19 01:47:20,MRNA,62.9000,62.9000,62.9000,62.9000,0.0000,62.9000,0
2026-08-19 01:47:25,MRNA,62.9000,62.9000,62.9000,62.9000,0.0000,62.9000,0
2026-08-19 01:47:30,MRNA,62.9000,62.9000,62.9000,62.9000,0.0000,62.9000,0
2026-08-19 01:47:35,MRNA,62.9000,62.9000,62.9000,62.9000,0.0000,62.9000,0
2026-08-19 01:47:40,MRNA,62.9000,62.9000,62.9000,62.9000,0.0000,62.9000,0
2026-08-19 01:47:45,MRNA,62.9000,62.9000,62.9000,62.9000,0.0000,62.9000,0
2026-08-19 01:47:50,MRNA,62.9000,62.9000,62.9000,62.9000,0.0000,62.9000,0
2026-08-19 01:47:55,MRNA,62.9000,62.9000,62.9000,62.9000,0.0000,62.9000,0
2026-08-19 01:48:00,MRNA,62.9000,62.9000,62.9000,62.9000,0.0000,62.9000,0
2026-08-19 01:48:05,MRNA,62.9000,62.9000,62.9000,62.9000,0.0000,62.9000,0
2026-08-19 01:48:10,MRNA,62.9000,62.9000,62.9000,62.9000,0.0000,62.9000,0
2026-08-19 01:48:15,MRNA,62.9000,62.9000,62.9000,62.9000,0.0000,62.9000,0
2026-08-19 01:48:20,MRNA,62.9000,62.9000,62.9000,62.9000,0.0000,62.9000,0
2026-08-19 01:48:25,MRNA,62.9000,62.9000,62.9000,62.9000,0.0000,62.9000,0
2026-08-19 01:48:30,MRNA,62.9000,62.9000,62.9000,62.9000,0.0000,62.9000,0
2026-08-19 01:48:35,MRNA,62.9000,62.9000,62.9000,62.9000,0.0000,62.9000,0
2026-08-19 01:48:40,MRNA,62.9000,62.9000,62.9000,62.9000,0.0000,62.9000,0
2026-08-19 01:48:45,MRNA,62.6100,62.6100,62.6100,62.6100,100.0000,62.6100,1
2026-08-19 01:48:50,MRNA,62.6100,62.6100,62.6100,62.6100,0.0000,62.6100,0
2026-08-19 01:48:55,MRNA,62.6100,62.6100,62.6100,62.6100,0.0000,62.6100,0
2026-08-19 01:49:00,MRNA,62.6100,62.6100,62.6100,62.6100,0.0000,62.6100,0
2026-08-19 01:49:05,MRNA,62.6100,62.6100,62.6100,62.6100,0.0000,62.6100,0
2026-08-19 01:49:10,MRNA,62.6100,62.6100,62.6100,62.6100,0.0000,62.6100,0
2026-08-19 01:49:15,MRNA,62.6100,62.6100,62.6100,62.6100,0.0000,62.6100,0
2026-08-19 01:49:20,MRNA,62.6100,62.6100,62.6100,62.6100,0.0000,62.6100,0
2026-08-19 01:49:25,MRNA,62.6100,62.6100,62.6100,62.6100,0.0000,62.6100,0
2026-08-19 01:49:30,MRNA,62.6100,62.6100,62.6100,62.6100,0.0000,62.6100,0
2026-08-19 01:49:35,MRNA,62.6100,62.6100,62.6100,62.6100,0.0000,62.6100,0
2026-08-19 01:49:40,MRNA,62.6100,62.6100,62.6100,62.6100,0.0000,62.6100,0
2026-08-19 01:49:45,MRNA,62.6100,62.6100,62.6100,62.6100,0.0000,62.6100,0
2026-08-19 01:49:50,MRNA,62.6100,62.6100,62.6100,62.6100,0.0000,62.6100,0
2026-08-19 01:49:55,MRNA,62.6100,62.6100,62.6100,62.6100,0.0000,62.6100,0
2026-08-19 01:50:00,MRNA,62.6100,62.6100,62.6100,62.6100,0.0000,62.6100,0
2026-08-19 01:50:05,MRNA,62.6100,62.6100,62.6100,62.6100,0.0000,62.6100,0
2026-08-19 01:50:10,MRNA,62.6100,62.6100,62.6100,62.6100,0.0000,62.6100,0
2026-08-19 01:50:15,MRNA,62.6100,62.6100,62.6100,62.6100,0.0000,62.6100,0
2026-08-19 01:50:20,MRNA,62.6100,62.6100,62.6100,62.6100,0.0000,62.6100,0
2026-08-19 01:50:25,MRNA,62.6100,62.6100,62.6100,62.6100,0.0000,62.6100,0
2026-08-19 01:50:30,MRNA,62.6100,62.6100,62.6100,62.6100,0.0000,62.6100,0
2026-08-19 01:50:35,MRNA,62.6100,62.6100,62.6100,62.6100,0.0000,62.6100,0
2026-08-19 01:50:40,MRNA,62.6100,62.6100,62.6100,62.6100,0.0000,62.6100,0
2026-08-19 01:50:45,MRNA,62.6100,62.6100,62.6100,62.6100,0.0000,62.6100,0
2026-08-19 01:50:50,MRNA,62.6100,62.6100,62.6100,62.6100,0.0000,62.6100,0
2026-08-19 01:50:55,MRNA,62.6100,62.6100,62.6100,62.6100,0.0000,62.6100,0
2026-08-19 01:51:00,MRNA,62.6100,62.6100,62.6100,62.6100,0.0000,62.6100,0
2026-08-19 01:51:05,MRNA,62.6100,62.6100,62.6100,62.6100,0.0000,62.6100,0
2026-08-19 01:51:10,MRNA,62.6100,62.6100,62.6100,62.6100,0.0000,62.6100,0
2026-08-19 01:51:15,MRNA,62.6100,62.6100,62.6100,62.6100,0.0000,62.6100,0
2026-08-19 01:51:20,MRNA,62.6100,62.6100,62.6100,62.6100,0.0000,62.6100,0
2026-08-19 01:51:25,MRNA,62.6100,62.6100,62.6100,62.6100,0.0000,62.6100,0
2026-08-19 01:51:30,MRNA,62.6100,62.6100,62.6100,62.6100,0.0000,62.6100,0
2026-08-19 01:51:35,MRNA,62.6100,62.6100,62.6100,62.6100,0.0000,62.6100,0
2026-08-19 01:51:40,MRNA,62.6100,62.6100,62.6100,62.6100,0.0000,62.6100,0
2026-08-19 01:51:45,MRNA,62.6100,62.6100,62.6100,62.6100,0.0000,62.6100,0
2026-08-19 01:51:50,MRNA,62.6100,62.6100,62.6100,62.6100,0.0000,62.6100,0
2026-08-19 01:51:55,MRNA,62.6100,62.6100,62.6100,62.6100,0.0000,62.6100,0
2026-08-19 01:52:00,MRNA,62.6100,62.6100,62.6100,62.6100,0.0000,62.6100,0
2026-08-19 01:52:05,MRNA,62.6100,62.6100,62.6100,62.6100,0.0000,62.6100,0
2026-08-19 01:52:10,MRNA,62.6100,62.6100,62.6100,62.6100,0.0000,62.6100,0
2026-08-19 01:52:15,MRNA,62.6100,62.6100,62.6100,62.6100,0.0000,62.6100,0
2026-08-19 01:52:20,MRNA,62.6100,62.6100,62.6100,62.6100,0.0000,62.6100,0
2026-08-19 01:52:25,MRNA,62.6100,62.6100,62.6100,62.6100,0.0000,62.6100,0
2026-08-19 01:52:30,MRNA,62.6100,62.6100,62.6100,62.6100,0.0000,62.6100,0
2026-08-19 01:52:35,MRNA,62.6100,62.6100,62.6100,62.6100,0.0000,62.6100,0
2026-08-19 01:52:40,MRNA,62.6100,62.6100,62.6100,62.6100,0.0000,62.6100,0
2026-08-19 01:52:45,MRNA,62.6100,62.6100,62.6100,62.6100,0.0000,62.6100,0
2026-08-19 01:52:50,MRNA,62.6100,62.6100,62.6100,62.6100,0.0000,62.6100,0
2026-08-19 01:52:55,MRNA,62.6100,62.6100,62.6100,62.6100,0.0000,62.6100,0
2026-08-19 01:53:00,MRNA,62.6100,62.6100,62.6100,62.6100,0.0000,62.6100,0
2026-08-19 01:53:05,MRNA,62.6100,62.6100,62.6100,62.6100,0.0000,62.6100,0
2026-08-19 01:53:10,MRNA,62.6100,62.6100,62.6100,62.6100,0.0000,62.6100,0
2026-08-19 01:53:15,MRNA,62.6100,62.6100,62.6100,62.6100,0.0000,62.6100,0
2026-08-19 01:53:20,MRNA,62.6100,62.6100,62.6100,62.6100,0.0000,62.6100,0
2026-08-19 01:53:25,MRNA,62.6100,62.6100,62.6100,62.6100,0.0000,62.6100,0
2026-08-19 01:53:30,MRNA,62.6100,62.6100,62.6100,62.6100,0.0000,62.6100,0
2026-08-19 01:53:35,MRNA,62.6100,62.6100,62.6100,62.6100,0.0000,62.6100,0
2026-08-19 01:53:40,MRNA,62.6100,62.6100,62.6100,62.6100,0.0000,62.6100,0
2026-08-19 01:53:45,MRNA,62.6100,62.6100,62.6100,62.6100,0.0000,62.6100,0
2026-08-19 01:53:50,MRNA,62.6100,62.6100,62.6100,62.6100,0.0000,62.6100,0
2026-08-19 01:53:55,MRNA,62.6100,62.6100,62.6100,62.6100,0.0000,62.6100,0
2026-08-19 01:54:00,MRNA,62.6100,62.6100,62.6100,62.6100,0.0000,62.6100,0
2026-08-19 01:54:05,MRNA,62.6100,62.6100,62.6100,62.6100,0.0000,62.6100,0
2026-08-19 01:54:10,MRNA,62.6100,62.6100,62.6100,62.6100,0.0000,62.6100,0
2026-08-19 01:54:15,MRNA,62.6100,62.6100,62.6100,62.6100,0.0000,62.6100,0
2026-08-19 01:54:20,MRNA,62.6100,62.6100,62.6100,62.6100,0.0000,62.6100,0
2026-08-19 01:54:25,MRNA,62.6100,62.6100,62.6100,62.6100,0.0000,62.6100,0
2026-08-19 01:54:30,MRNA,62.6100,62.6100,62.6100,62.6100,0.0000,62.6100,0
2026-08-19 01:54:35,MRNA,62.6100,62.6100,62.6100,62.6100,0.0000,62.6100,0
2026-08-19 01:54:40,MRNA,62.6100,62.6100,62.6100,62.6100,0.0000,62.6100,0
2026-08-19 01:54:45,MRNA,62.6100,62.6100,62.6100,62.6100,0.0000,62.6100,0
2026-08-19 01:54:50,MRNA,62.6100,62.6100,62.6100,62.6100,0.0000,62.6100,0
2026-08-19 01:54:55,MRNA,62.6100,62.6100,62.6100,62.6100,0.0000,62.6100,0
2026-08-19 01:55:00,MRNA,62.6100,62.6100,62.6100,62.6100,0.0000,62.6100,0
2026-08-19 01:55:05,MRNA,62.6100,62.6100,62.6100,62.6100,0.0000,62.6100,0
2026-08-19 01:55:10,MRNA,62.6100,62.6100,62.6100,62.6100,0.0000,62.6100,0
2026-08-19 01:55:15,MRNA,62.6100,62.6100,62.6100,62.6100,0.0000,62.6100,0
2026-08-19 01:55:20,MRNA,62.6100,62.6100,62.6100,62.6100,0.0000,62.6100,0
2026-08-19 01:55:25,MRNA,62.6100,62.6100,62.6100,62.6100,0.0000,62.6100,0
2026-08-19 01:55:30,MRNA,62.6100,62.6100,62.6100,62.6100,0.0000,62.6100,0
2026-08-19 01:55:35,MRNA,62.6100,62.6100,62.6100,62.6100,0.0000,62.6100,0
2026-08-19 01:55:40,MRNA,62.6100,62.6100,62.6100,62.6100,0.0000,62.6100,0
2026-08-19 01:55:45,MRNA,62.6100,62.6100,62.6100,62.6100,0.0000,62.6100,0
2026-08-19 01:55:50,MRNA,62.6100,62.6100,62.6100,62.6100,0.0000,62.6100,0
2026-08-19 01:55:55,MRNA,62.6100,62.6100,62.6100,62.6100,0.0000,62.6100,0
2026-08-19 01:56:00,MRNA,62.6100,62.6100,62.6100,62.6100,0.0000,62.6100,0
2026-08-19 01:56:05,MRNA,62.6100,62.6100,62.6100,62.6100,0.0000,62.6100,0
2026-08-19 01:56:10,MRNA,62.6100,62.6100,62.6100,62.6100,0.0000,62.6100,0
2026-08-19 01:56:15,MRNA,62.6100,62.6100,62.6100,62.6100,0.0000,62.6100,0
2026-08-19 01:56:20,MRNA,62.6100,62.6100,62.6100,62.6100,0.0000,62.6100,0
2026-08-19 01:56:25,MRNA,62.6100,62.6100,62.6100,62.6100,0.0000,62.6100,0
2026-08-19 01:56:30,MRNA,62.6100,62.6100,62.6100,62.6100,0.0000,62.6100,0
2026-08-19 01:56:35,MRNA,62.6100,62.6100,62.6100,62.6100,0.0000,62.6100,0
2026-08-19 01:56:40,MRNA,62.6100,62.6100,62.6100,62.6100,0.0000,62.6100,0
2026-08-19 01:56:45,MRNA,62.6100,62.6100,62.6100,62.6100,0.0000,62.6100,0
2026-08-19 01:56:50,MRNA,62.6100,62.6100,62.6100,62.6100,0.0000,62.6100,0
2026-08-19 01:56:55,MRNA,62.6100,62.6100,62.6100,62.6100,0.0000,62.6100,0
2026-08-19 01:57:00,MRNA,62.6100,62.6100,62.6100,62.6100,0.0000,62.6100,0
2026-08-19 01:57:05,MRNA,62.6100,62.6100,62.6100,62.6100,0.0000,62.6100,0
2026-08-19 01:57:10,MRNA,62.6100,62.6100,62.6100,62.6100,0.0000,62.6100,0
2026-08-19 01:57:15,MRNA,62.6100,62.6100,62.6100,62.6100,0.0000,62.6100,0
2026-08-19 01:57:20,MRNA,62.6100,62.6100,62.6100,62.6100,0.0000,62.6100,0
2026-08-19 01:57:25,MRNA,62.6100,62.6100,62.6100,62.6100,0.0000,62.6100,0
2026-08-19 01:57:30,MRNA,62.6100,62.6100,62.6100,62.6100,0.0000,62.6100,0
2026-08-19 01:57:35,MRNA,62.6100,62.6100,62.6100,62.6100,0.0000,62.6100,0
2026-08-19 01:57:40,MRNA,62.6100,62.6100,62.6100,62.6100,0.0000,62.6100,0
2026-08-19 01:57:45,MRNA,62.6100,62.6100,62.6100,62.6100,0.0000,62.6100,0
2026-08-19 01:57:50,MRNA,62.6100,62.6100,62.6100,62.6100,0.0000,62.6100,0
2026-08-19 01:57:55,MRNA,62.6100,62.6100,62.6100,62.6100,0.0000,62.6100,0
2026-08-19 01:58:00,MRNA,62.6100,62.6100,62.6100,62.6100,0.0000,62.6100,0
2026-08-19 01:58:05,MRNA,62.6100,62.6100,62.6100,62.6100,0.0000,62.6100,0
2026-08-19 01:58:10,MRNA,62.6100,62.6100,62.6100,62.6100,0.0000,62.6100,0
2026-08-19 01:58:15,MRNA,62.6100,62.6100,62.6100,62.6100,0.0000,62.6100,0
2026-08-19 01:58:20,MRNA,62.6100,62.6100,62.6100,62.6100,0.0000,62.6100,0
2026-08-19 01:58:25,MRNA,62.6100,62.6100,62.6100,62.6100,0.0000,62.6100,0
2026-08-19 01:58:30,MRNA,62.6100,62.6100,62.6100,62.6100,0.0000,62.6100,0
2026-08-19 01:58:35,MRNA,62.6100,62.6100,62.6100,62.6100,0.0000,62.6100,0
2026-08-19 01:58:40,MRNA,62.6100,62.6100,62.6100,62.6100,0.0000,62.6100,0
2026-08-19 01:58:45,MRNA,62.6100,62.6100,62.6100,62.6100,0.0000,62.6100,0
2026-08-19 01:58:50,MRNA,62.6100,62.6100,62.6100,62.6100,0.0000,62.6100,0
2026-08-19 01:58:55,MRNA,62.6100,62.6100,62.6100,62.6100,0.0000,62.6100,0
2026-08-19 01:59:00,MRNA,62.6100,62.6100,62.6100,62.6100,0.0000,62.6100,0
2026-08-19 01:59:05,MRNA,62.6100,62.6100,62.6100,62.6100,0.0000,62.6100,0
2026-08-19 01:59:10,MRNA,62.6100,62.6100,62.6100,62.6100,0.0000,62.6100,0
2026-08-19 01:59:15,MRNA,62.6100,62.6100,62.6100,62.6100,0.0000,62.6100,0
2026-08-19 01:59:20,MRNA,62.6100,62.6100,62.6100,62.6100,0.0000,62.6100,0
2026-08-19 01:59:25,MRNA,62.6100,62.6100,62.6100,62.6100,0.0000,62.6100,0
2026-08-19 01:59:30,MRNA,62.6100,62.6100,62.6100,62.6100,0.0000,62.6100,0
2026-08-19 01:59:35,MRNA,62.6100,62.6100,62.6100,62.6100,0.0000,62.6100,0
2026-08-19 01:59:40,MRNA,62.6100,62.6100,62.6100,62.6100,0.0000,62.6100,0
2026-08-19 01:59:45,MRNA,62.6100,62.6100,62.6100,62.6100,0.0000,62.6100,0
2026-08-19 01:59:50,MRNA,62.6100,62.6100,62.6100,62.6100,0.0000,62.6100,0
2026-08-19 01:59:55,MRNA,62.6100,62.6100,62.6100,62.6100,0.0000,62.6100,0
2026-08-19 02:00:00,MRNA,62.6100,62.6100,62.6100,62.6100,0.0000,62.6100,0
2026-08-19 02:00:05,MRNA,62.6100,62.6100,62.6100,62.6100,0.0000,62.6100,0
2026-08-19 02:00:10,MRNA,62.6100,62.6100,62.6100,62.6100,0.0000,62.6100,0
2026-08-19 02:00:15,MRNA,62.6100,62.6100,62.6100,62.6100,0.0000,62.6100,0
2026-08-19 02:00:20,MRNA,62.6100,62.6100,62.6100,62.6100,0.0000,62.6100,0
2026-08-19 02:00:25,MRNA,62.6100,62.6100,62.6100,62.6100,0.0000,62.6100,0
2026-08-19 02:00:30,MRNA,62.6100,62.6100,62.6100,62.6100,0.0000,62.6100,0
2026-08-19 02:00:35,MRNA,62.6100,62.6100,62.6100,62.6100,0.0000,62.6100,0
2026-08-19 02:00:40,MRNA,62.6100,62.6100,62.6100,62.6100,0.0000,62.6100,0
2026-08-19 02:00:45,MRNA,62.6100,62.6100,62.6100,62.6100,0.0000,62.6100,0
2026-08-19 02:00:50,MRNA,62.6100,62.6100,62.6100,62.6100,0.0000,62.6100,0
2026-08-19 02:00:55,MRNA,62.6100,62.6100,62.6100,62.6100,0.0000,62.6100,0
2026-08-19 02:01:00,MRNA,62.6100,62.6100,62.6100,62.6100,0.0000,62.6100,0
2026-08-19 02:01:05,MRNA,62.6100,62.6100,62.6100,62.6100,0.0000,62.6100,0
2026-08-19 02:01:10,MRNA,62.6100,62.6100,62.6100,62.6100,0.0000,62.6100,0
2026-08-19 02:01:15,MRNA,62.6100,62.6100,62.6100,62.6100,0.0000,62.6100,0
2026-08-19 02:01:20,MRNA,62.6100,62.6100,62.6100,62.6100,0.0000,62.6100,0
2026-08-19 02:01:25,MRNA,62.6100,62.6100,62.6100,62.6100,0.0000,62.6100,0
2026-08-19 02:01:30,MRNA,62.6100,62.6100,62.6100,62.6100,0.0000,62.6100,0
2026-08-19 02:01:35,MRNA,62.6100,62.6100,62.6100,62.6100,0.0000,62.6100,0
2026-08-19 02:01:40,MRNA,62.6100,62.6100,62.6100,62.6100,0.0000,62.6100,0
2026-08-19 02:01:45,MRNA,62.6100,62.6100,62.6100,62.6100,0.0000,62.6100,0
2026-08-19 02:01:50,MRNA,62.6100,62.6100,62.6100,62.6100,0.0000,62.6100,0
2026-08-19 02:01:55,MRNA,62.6100,62.6100,62.6100,62.6100,0.0000,62.6100,0
2026-08-19 02:02:00,MRNA,62.6100,62.6100,62.6100,62.6100,0.0000,62.6100,0
2026-08-19 02:02:05,MRNA,62.6100,62.6100,62.6100,62.6100,0.0000,62.6100,0
2026-08-19 02:02:10,MRNA,62.6100,62.6100,62.6100,62.6100,0.0000,62.6100,0
2026-08-19 02:02:15,MRNA,62.6100,62.6100,62.6100,62.6100,0.0000,62.6100,0
2026-08-19 02:02:20,MRNA,62.6100,62.6100,62.6100,62.6100,0.0000,62.6100,0
2026-08-19 02:02:25,MRNA,62.6100,62.6100,62.6100,62.6100,0.0000,62.6100,0
2026-08-19 02:02:30,MRNA,62.6100,62.6100,62.6100,62.6100,0.0000,62.6100,0
2026-08-19 02:02:35,MRNA,62.6100,62.6100,62.6100,62.6100,0.0000,62.6100,0
2026-08-19 02:02:40,MRNA,62.6100,62.6100,62.6100,62.6100,0.0000,62.6100,0
2026-08-19 02:02:45,MRNA,62.6100,62.6100,62.6100,62.6100,0.0000,62.6100,0
2026-08-19 02:02:50,MRNA,62.6100,62.6100,62.6100,62.6100,0.0000,62.6100,0
2026-08-19 02:02:55,MRNA,62.6100,62.6100,62.6100,62.6100,0.0000,62.6100,0
2026-08-19 02:03:00,MRNA,62.6100,62.6100,62.6100,62.6100,0.0000,62.6100,0
2026-08-19 02:03:05,MRNA,62.6100,62.6100,62.6100,62.6100,0.0000,62.6100,0
2026-08-19 02:03:10,MRNA,62.6100,62.6100,62.6100,62.6100,0.0000,62.6100,0
2026-08-19 02:03:15,MRNA,62.6100,62.6100,62.6100,62.6100,0.0000,62.6100,0
2026-08-19 02:03:20,MRNA,62.6100,62.6100,62.6100,62.6100,0.0000,62.6100,0
2026-08-19 02:03:25,MRNA,62.6100,62.6100,62.6100,62.6100,0.0000,62.6100,0
2026-08-19 02:03:30,MRNA,62.6100,62.6100,62.6100,62.6100,0.0000,62.6100,0
2026-08-19 02:03:35,MRNA,62.6100,62.6100,62.6100,62.6100,0.0000,62.6100,0
2026-08-19 02:03:40,MRNA,62.6100,62.6100,62.6100,62.6100,0.0000,62.6100,0
2026-08-19 02:03:45,MRNA,62.6100,62.6100,62.6100,62.6100,0.0000,62.6100,0
2026-08-19 02:03:50,MRNA,62.6100,62.6100,62.6100,62.6100,0.0000,62.6100,0
2026-08-19 02:03:55,MRNA,62.6100,62.6100,62.6100,62.6100,0.0000,62.6100,0
2026-08-19 02:04:00,MRNA,62.6100,62.6100,62.6100,62.6100,0.0000,62.6100,0
2026-08-19 02:04:05,MRNA,62.6100,62.6100,62.6100,62.6100,0.0000,62.6100,0
2026-08-19 02:04:10,MRNA,62.6100,62.6100,62.6100,62.6100,0.0000,62.6100,0
2026-08-19 02:04:15,MRNA,62.6100,62.6100,62.6100,62.6100,0.0000,62.6100,0
2026-08-19 02:04:20,MRNA,62.6100,62.6100,62.6100,62.6100,0.0000,62.6100,0
2026-08-19 02:04:25,MRNA,62.6100,62.6100,62.6100,62.6100,0.0000,62.6100,0
2026-08-19 02:04:30,MRNA,62.6100,62.6100,62.6100,62.6100,0.0000,62.6100,0
2026-08-19 02:04:35,MRNA,62.6100,62.6100,62.6100,62.6100,0.0000,62.6100,0
2026-08-19 02:04:40,MRNA,62.6100,62.6100,62.6100,62.6100,0.0000,62.6100,0
2026-08-19 02:04:45,MRNA,62.6100,62.6100,62.6100,62.6100,0.0000,62.6100,0
2026-08-19 02:04:50,MRNA,62.6100,62.6100,62.6100,62.6100,0.0000,62.6100,0
2026-08-19 02:04:55,MRNA,62.6100,62.6100,62.6100,62.6100,0.0000,62.6100,0
2026-08-19 02:05:00,MRNA,62.6100,62.6100,62.6100,62.6100,0.0000,62.6100,0
2026-08-19 02:05:05,MRNA,62.6100,62.6100,62.6100,62.6100,0.0000,62.6100,0
2026-08-19 02:05:10,MRNA,62.6100,62.6100,62.6100,62.6100,0.0000,62.6100,0
2026-08-19 02:05:15,MRNA,62.6100,62.6100,62.6100,62.6100,0.0000,62.6100,0
2026-08-19 02:05:20,MRNA,62.6100,62.6100,62.6100,62.6100,0.0000,62.6100,0
2026-08-19 02:05:25,MRNA,62.6100,62.6100,62.6100,62.6100,0.0000,62.6100,0
2026-08-19 02:05:30,MRNA,62.6100,62.6100,62.6100,62.6100,0.0000,62.6100,0
2026-08-19 02:05:35,MRNA,62.6100,62.6100,62.6100,62.6100,0.0000,62.6100,0
2026-08-19 02:05:40,MRNA,62.6100,62.6100,62.6100,62.6100,0.0000,62.6100,0
2026-08-19 02:05:45,MRNA,62.6100,62.6100,62.6100,62.6100,0.0000,62.6100,0
2026-08-19 02:05:50,MRNA,62.6100,62.6100,62.6100,62.6100,0.0000,62.6100,0
2026-08-19 02:05:55,MRNA,62.6100,62.6100,62.6100,62.6100,0.0000,62.6100,0
2026-08-19 02:06:00,MRNA,62.6100,62.6100,62.6100,62.6100,0.0000,62.6100,0
2026-08-19 02:06:05,MRNA,62.6100,62.6100,62.6100,62.6100,0.0000,62.6100,0
2026-08-19 02:06:10,MRNA,62.6100,62.6100,62.6100,62.6100,0.0000,62.6100,0
2026-08-19 02:06:15,MRNA,62.6100,62.6100,62.6100,62.6100,0.0000,62.6100,0
2026-08-19 02:06:20,MRNA,62.6100,62.6100,62.6100,62.6100,0.0000,62.6100,0
2026-08-19 02:06:25,MRNA,62.6100,62.6100,62.6100,62.6100,0.0000,62.6100,0
2026-08-19 02:06:30,MRNA,62.6100,62.6100,62.6100,62.6100,0.0000,62.6100,0
2026-08-19 02:06:35,MRNA,62.6100,62.6100,62.6100,62.6100,0.0000,62.6100,0
2026-08-19 02:06:40,MRNA,62.6100,62.6100,62.6100,62.6100,0.0000,62.6100,0
2026-08-19 02:06:45,MRNA,62.6100,62.6100,62.6100,62.6100,0.0000,62.6100,0
2026-08-19 02:06:50,MRNA,62.6100,62.6100,62.6100,62.6100,0.0000,62.6100,0
2026-08-19 02:06:55,MRNA,62.6100,62.6100,62.6100,62.6100,0.0000,62.6100,0
2026-08-19 02:07:00,MRNA,62.6100,62.6100,62.6100,62.6100,0.0000,62.6100,0
2026-08-19 02:07:05,MRNA,62.6100,62.6100,62.6100,62.6100,0.0000,62.6100,0
2026-08-19 02:07:10,MRNA,62.6100,62.6100,62.6100,62.6100,0.0000,62.6100,0
2026-08-19 02:07:15,MRNA,62.6100,62.6100,62.6100,62.6100,0.0000,62.6100,0
2026-08-19 02:07:20,MRNA,62.6100,62.6100,62.6100,62.6100,0.0000,62.6100,0
2026-08-19 02:07:25,MRNA,62.6100,62.6100,62.6100,62.6100,0.0000,62.6100,0
2026-08-19 02:07:30,MRNA,62.6100,62.6100,62.6100,62.6100,0.0000,62.6100,0
2026-08-19 02:07:35,MRNA,62.6100,62.6100,62.6100,62.6100,0.0000,62.6100,0
2026-08-19 02:07:40,MRNA,62.6100,62.6100,62.6100,62.6100,0.0000,62.6100,0
2026-08-19 02:07:45,MRNA,62.6100,62.6100,62.6100,62.6100,0.0000,62.6100,0
2026-08-19 02:07:50,MRNA,62.6100,62.6100,62.6100,62.6100,0.0000,62.6100,0
2026-08-19 02:07:55,MRNA,62.6100,62.6100,62.6100,62.6100,0.0000,62.6100,0
2026-08-19 02:08:00,MRNA,62.6100,62.6100,62.6100,62.6100,0.0000,62.6100,0
2026-08-19 02:08:05,MRNA,62.6100,62.6100,62.6100,62.6100,0.0000,62.6100,0
2026-08-19 02:08:10,MRNA,62.6100,62.6100,62.6100,62.6100,0.0000,62.6100,0
2026-08-19 02:08:15,MRNA,62.6100,62.6100,62.6100,62.6100,0.0000,62.6100,0
2026-08-19 02:08:20,MRNA,62.6100,62.6100,62.6100,62.6100,0.0000,62.6100,0
2026-08-19 02:08:25,MRNA,62.6100,62.6100,62.6100,62.6100,0.0000,62.6100,0
2026-08-19 02:08:30,MRNA,62.6100,62.6100,62.6100,62.6100,0.0000,62.6100,0
2026-08-19 02:08:35,MRNA,62.6100,62.6100,62.6100,62.6100,0.0000,62.6100,0
2026-08-19 02:08:40,MRNA,62.6100,62.6100,62.6100,62.6100,0.0000,62.6100,0
2026-08-19 02:08:45,MRNA,62.6100,62.6100,62.6100,62.6100,0.0000,62.6100,0
2026-08-19 02:08:50,MRNA,62.6100,62.6100,62.6100,62.6100,0.0000,62.6100,0
2026-08-19 02:08:55,MRNA,62.6100,62.6100,62.6100,62.6100,0.0000,62.6100,0
2026-08-19 02:09:00,MRNA,62.6100,62.6100,62.6100,62.6100,0.0000,62.6100,0
2026-08-19 02:09:05,MRNA,62.6100,62.6100,62.6100,62.6100,0.0000,62.6100,0
2026-08-19 02:09:10,MRNA,62.6100,62.6100,62.6100,62.6100,0.0000,62.6100,0
2026-08-19 02:09:15,MRNA,62.6100,62.6100,62.6100,62.6100,0.0000,62.6100,0
2026-08-19 02:09:20,MRNA,62.6100,62.6100,62.6100,62.6100,0.0000,62.6100,0
2026-08-19 02:09:25,MRNA,62.6100,62.6100,62.6100,62.6100,0.0000,62.6100,0
2026-08-19 02:09:30,MRNA,62.6100,62.6100,62.6100,62.6100,0.0000,62.6100,0
2026-08-19 02:09:35,MRNA,62.6100,62.6100,62.6100,62.6100,0.0000,62.6100,0
2026-08-19 02:09:40,MRNA,62.6100,62.6100,62.6100,62.6100,0.0000,62.6100,0
2026-08-19 02:09:45,MRNA,62.6100,62.6100,62.6100,62.6100,0.0000,62.6100,0
2026-08-19 02:09:50,MRNA,62.6100,62.6100,62.6100,62.6100,0.0000,62.6100,0
2026-08-19 02:09:55,MRNA,62.6100,62.6100,62.6100,62.6100,0.0000,62.6100,0
2026-08-19 02:10:00,MRNA,62.6100,62.6100,62.6100,62.6100,0.0000,62.6100,0
2026-08-19 02:10:05,MRNA,62.6100,62.6100,62.6100,62.6100,0.0000,62.6100,0
2026-08-19 02:10:10,MRNA,62.6100,62.6100,62.6100,62.6100,0.0000,62.6100,0
2026-08-19 02:10:15,MRNA,62.6100,62.6100,62.6100,62.6100,0.0000,62.6100,0
2026-08-19 02:10:20,MRNA,62.6100,62.6100,62.6100,62.6100,0.0000,62.6100,0
2026-08-19 02:10:25,MRNA,62.6100,62.6100,62.6100,62.6100,0.0000,62.6100,0
2026-08-19 02:10:30,MRNA,62.6100,62.6100,62.6100,62.6100,0.0000,62.6100,0
2026-08-19 02:10:35,MRNA,62.6100,62.6100,62.6100,62.6100,0.0000,62.6100,0
2026-08-19 02:10:40,MRNA,62.6100,62.6100,62.6100,62.6100,0.0000,62.6100,0
2026-08-19 02:10:45,MRNA,62.6100,62.6100,62.6100,62.6100,0.0000,62.6100,0
2026-08-19 02:10:50,MRNA,62.6100,62.6100,62.6100,62.6100,0.0000,62.6100,0
2026-08-19 02:10:55,MRNA,62.6100,62.6100,62.6100,62.6100,0.0000,62.6100,0
2026-08-19 02:11:00,MRNA,62.6100,62.6100,62.6100,62.6100,0.0000,62.6100,0
2026-08-19 02:11:05,MRNA,62.6100,62.6100,62.6100,62.6100,0.0000,62.6100,0
2026-08-19 02:11:10,MRNA,62.6100,62.6100,62.6100,62.6100,0.0000,62.6100,0
2026-08-19 02:11:15,MRNA,62.6100,62.6100,62.6100,62.6100,0.0000,62.6100,0
2026-08-19 02:11:20,MRNA,62.6100,62.6100,62.6100,62.6100,0.0000,62.6100,0
2026-08-19 02:11:25,MRNA,62.6100,62.6100,62.6100,62.6100,0.0000,62.6100,0
2026-08-19 02:11:30,MRNA,62.6100,62.6100,62.6100,62.6100,0.0000,62.6100,0
2026-08-19 02:11:35,MRNA,62.6100,62.6100,62.6100,62.6100,0.0000,62.6100,0
2026-08-19 02:11:40,MRNA,62.6100,62.6100,62.6100,62.6100,0.0000,62.6100,0
2026-08-19 02:11:45,MRNA,62.6100,62.6100,62.6100,62.6100,0.0000,62.6100,0
2026-08-19 02:11:50,MRNA,62.6100,62.6100,62.6100,62.6100,0.0000,62.6100,0
2026-08-19 02:11:55,MRNA,62.6100,62.6100,62.6100,62.6100,0.0000,62.6100,0
2026-08-19 02:12:00,MRNA,62.6100,62.6100,62.6100,62.6100,0.0000,62.6100,0
2026-08-19 02:12:05,MRNA,62.6100,62.6100,62.6100,62.6100,0.0000,62.6100,0
2026-08-19 02:12:10,MRNA,62.6100,62.6100,62.6100,62.6100,0.0000,62.6100,0
2026-08-19 02:12:15,MRNA,62.6100,62.6100,62.6100,62.6100,0.0000,62.6100,0
2026-08-19 02:12:20,MRNA,62.6100,62.6100,62.6100,62.6100,0.0000,62.6100,0
2026-08-19 02:12:25,MRNA,62.6100,62.6100,62.6100,62.6100,0.0000,62.6100,0
2026-08-19 02:12:30,MRNA,62.6100,62.6100,62.6100,62.6100,0.0000,62.6100,0
2026-08-19 02:12:35,MRNA,62.6100,62.6100,62.6100,62.6100,0.0000,62.6100,0
2026-08-19 02:12:40,MRNA,62.6100,62.6100,62.6100,62.6100,0.0000,62.6100,0
2026-08-19 02:12:45,MRNA,62.6100,62.6100,62.6100,62.6100,0.0000,62.6100,0
2026-08-19 02:12:50,MRNA,62.6100,62.6100,62.6100,62.6100,0.0000,62.6100,0
2026-08-19 02:12:55,MRNA,62.6100,62.6100,62.6100,62.6100,0.0000,62.6100,0
2026-08-19 02:13:00,MRNA,62.6100,62.6100,62.6100,62.6100,0.0000,62.6100,0
2026-08-19 02:13:05,MRNA,62.6100,62.6100,62.6100,62.6100,0.0000,62.6100,0
2026-08-19 02:13:10,MRNA,62.6100,62.6100,62.6100,62.6100,0.0000,62.6100,0
2026-08-19 02:13:15,MRNA,62.6100,62.6100,62.6100,62.6100,0.0000,62.6100,0
2026-08-19 02:13:20,MRNA,62.6100,62.6100,62.6100,62.6100,0.0000,62.6100,0
2026-08-19 02:13:25,MRNA,62.6100,62.6100,62.6100,62.6100,0.0000,62.6100,0
2026-08-19 02:13:30,MRNA,62.6100,62.6100,62.6100,62.6100,0.0000,62.6100,0
2026-08-19 02:13:35,MRNA,62.6100,62.6100,62.6100,62.6100,0.0000,62.6100,0
2026-08-19 02:13:40,MRNA,62.6100,62.6100,62.6100,62.6100,0.0000,62.6100,0
2026-08-19 02:13:45,MRNA,62.6100,62.6100,62.6100,62.6100,0.0000,62.6100,0
2026-08-19 02:13:50,MRNA,62.6100,62.6100,62.6100,62.6100,0.0000,62.6100,0
2026-08-19 02:13:55,MRNA,62.6100,62.6100,62.6100,62.6100,0.0000,62.6100,0
2026-08-19 02:14:00,MRNA,62.6100,62.6100,62.6100,62.6100,0.0000,62.6100,0
2026-08-19 02:14:05,MRNA,62.6100,62.6100,62.6100,62.6100,0.0000,62.6100,0
2026-08-19 02:14:10,MRNA,62.6100,62.6100,62.6100,62.6100,0.0000,62.6100,0
2026-08-19 02:14:15,MRNA,62.6100,62.6100,62.6100,62.6100,0.0000,62.6100,0
2026-08-19 02:14:20,MRNA,62.6100,62.6100,62.6100,62.6100,0.0000,62.6100,0
2026-08-19 02:14:25,MRNA,62.6100,62.6100,62.6100,62.6100,0.0000,62.6100,0
2026-08-19 02:14:30,MRNA,62.6100,62.6100,62.6100,62.6100,0.0000,62.6100,0
2026-08-19 02:14:35,MRNA,62.6100,62.6100,62.6100,62.6100,0.0000,62.6100,0
2026-08-19 02:14:40,MRNA,62.6100,62.6100,62.6100,62.6100,0.0000,62.6100,0
2026-08-19 02:14:45,MRNA,62.6100,62.6100,62.6100,62.6100,0.0000,62.6100,0
2026-08-19 02:14:50,MRNA,62.6100,62.6100,62.6100,62.6100,0.0000,62.6100,0
2026-08-19 02:14:55,MRNA,62.6100,62.6100,62.6100,62.6100,0.0000,62.6100,0
2026-08-19 02:15:00,MRNA,62.6100,62.6100,62.6100,62.6100,0.0000,62.6100,0
2026-08-19 02:15:05,MRNA,62.6100,62.6100,62.6100,62.6100,0.0000,62.6100,0
2026-08-19 02:15:10,MRNA,62.6100,62.6100,62.6100,62.6100,0.0000,62.6100,0
2026-08-19 02:15:15,MRNA,62.6100,62.6100,62.6100,62.6100,0.0000,62.6100,0
2026-08-19 02:15:20,MRNA,62.6100,62.6100,62.6100,62.6100,0.0000,62.6100,0
2026-08-19 02:15:25,MRNA,62.6100,62.6100,62.6100,62.6100,0.0000,62.6100,0
2026-08-19 02:15:30,MRNA,62.6100,62.6100,62.6100,62.6100,0.0000,62.6100,0
2026-08-19 02:15:35,MRNA,62.6100,62.6100,62.6100,62.6100,0.0000,62.6100,0
2026-08-19 02:15:40,MRNA,62.6100,62.6100,62.6100,62.6100,0.0000,62.6100,0
2026-08-19 02:15:45,MRNA,62.6100,62.6100,62.6100,62.6100,0.0000,62.6100,0
2026-08-19 02:15:50,MRNA,62.6100,62.6100,62.6100,62.6100,0.0000,62.6100,0
2026-08-19 02:15:55,MRNA,62.6100,62.6100,62.6100,62.6100,0.0000,62.6100,0
2026-08-19 02:16:00,MRNA,62.6100,62.6100,62.6100,62.6100,0.0000,62.6100,0
2026-08-19 02:16:05,MRNA,62.6100,62.6100,62.6100,62.6100,0.0000,62.6100,0
2026-08-19 02:16:10,MRNA,62.6100,62.6100,62.6100,62.6100,0.0000,62.6100,0
2026-08-19 02:16:15,MRNA,62.6100,62.6100,62.6100,62.6100,0.0000,62.6100,0
2026-08-19 02:16:20,MRNA,62.6100,62.6100,62.6100,62.6100,0.0000,62.6100,0
2026-08-19 02:16:25,MRNA,62.6100,62.6100,62.6100,62.6100,0.0000,62.6100,0
2026-08-19 02:16:30,MRNA,62.6100,62.6100,62.6100,62.6100,0.0000,62.6100,0
2026-08-19 02:16:35,MRNA,62.6100,62.6100,62.6100,62.6100,0.0000,62.6100,0
2026-08-19 02:16:40,MRNA,62.6100,62.6100,62.6100,62.6100,0.0000,62.6100,0
2026-08-19 02:16:45,MRNA,62.6100,62.6100,62.6100,62.6100,0.0000,62.6100,0
2026-08-19 02:16:50,MRNA,62.6100,62.6100,62.6100,62.6100,0.0000,62.6100,0
2026-08-19 02:16:55,MRNA,62.6100,62.6100,62.6100,62.6100,0.0000,62.6100,0
2026-08-19 02:17:00,MRNA,62.6100,62.6100,62.6100,62.6100,0.0000,62.6100,0
2026-08-19 02:17:05,MRNA,62.6100,62.6100,62.6100,62.6100,0.0000,62.6100,0
2026-08-19 02:17:10,MRNA,62.6100,62.6100,62.6100,62.6100,0.0000,62.6100,0
2026-08-19 02:17:15,MRNA,62.6100,62.6100,62.6100,62.6100,0.0000,62.6100,0
2026-08-19 02:17:20,MRNA,62.6100,62.6100,62.6100,62.6100,0.0000,62.6100,0
2026-08-19 02:17:25,MRNA,62.6100,62.6100,62.6100,62.6100,0.0000,62.6100,0
2026-08-19 02:17:30,MRNA,62.6100,62.6100,62.6100,62.6100,0.0000,62.6100,0
2026-08-19 02:17:35,MRNA,62.6100,62.6100,62.6100,62.6100,0.0000,62.6100,0
2026-08-19 02:17:40,MRNA,62.6100,62.6100,62.6100,62.6100,0.0000,62.6100,0
2026-08-19 02:17:45,MRNA,62.6100,62.6100,62.6100,62.6100,0.0000,62.6100,0
2026-08-19 02:17:50,MRNA,62.6100,62.6100,62.6100,62.6100,0.0000,62.6100,0
2026-08-19 02:17:55,MRNA,62.6100,62.6100,62.6100,62.6100,0.0000,62.6100,0
2026-08-19 02:18:00,MRNA,62.6100,62.6100,62.6100,62.6100,0.0000,62.6100,0
2026-08-19 02:18:05,MRNA,62.6100,62.6100,62.6100,62.6100,0.0000,62.6100,0
2026-08-19 02:18:10,MRNA,62.6100,62.6100,62.6100,62.6100,0.0000,62.6100,0
2026-08-19 02:18:15,MRNA,62.6100,62.6100,62.6100,62.6100,0.0000,62.6100,0
2026-08-19 02:18:20,MRNA,62.6100,62.6100,62.6100,62.6100,0.0000,62.6100,0
2026-08-19 02:18:25,MRNA,62.6100,62.6100,62.6100,62.6100,0.0000,62.6100,0
2026-08-19 02:18:30,MRNA,62.6100,62.6100,62.6100,62.6100,0.0000,62.6100,0
2026-08-19 02:18:35,MRNA,62.6100,62.6100,62.6100,62.6100,0.0000,62.6100,0
2026-08-19 02:18:40,MRNA,62.6100,62.6100,62.6100,62.6100,0.0000,62.6100,0
2026-08-19 02:18:45,MRNA,62.6100,62.6100,62.6100,62.6100,0.0000,62.6100,0
2026-08-19 02:18:50,MRNA,62.6100,62.6100,62.6100,62.6100,0.0000,62.6100,0
2026-08-19 02:18:55,MRNA,62.6100,62.6100,62.6100,62.6100,0.0000,62.6100,0
2026-08-19 02:19:00,MRNA,62.6100,62.6100,62.6100,62.6100,0.0000,62.6100,0
2026-08-19 02:19:05,MRNA,62.6100,62.6100,62.6100,62.6100,0.0000,62.6100,0
2026-08-19 02:19:10,MRNA,62.6100,62.6100,62.6100,62.6100,0.0000,62.6100,0
2026-08-19 02:19:15,MRNA,62.6100,62.6100,62.6100,62.6100,0.0000,62.6100,0
2026-08-19 02:19:20,MRNA,62.6100,62.6100,62.6100,62.6100,0.0000,62.6100,0
2026-08-19 02:19:25,MRNA,62.6100,62.6100,62.6100,62.6100,0.0000,62.6100,0
2026-08-19 02:19:30,MRNA,62.6100,62.6100,62.6100,62.6100,0.0000,62.6100,0
2026-08-19 02:19:35,MRNA,62.6100,62.6100,62.6100,62.6100,0.0000,62.6100,0
2026-08-19 02:19:40,MRNA,62.6100,62.6100,62.6100,62.6100,0.0000,62.6100,0
2026-08-19 02:19:45,MRNA,62.6100,62.6100,62.6100,62.6100,0.0000,62.6100,0
2026-08-19 02:19:50,MRNA,62.6100,62.6100,62.6100,62.6100,0.0000,62.6100,0
2026-08-19 02:19:55,MRNA,62.6100,62.6100,62.6100,62.6100,0.0000,62.6100,0
2026-08-19 02:20:00,MRNA,62.6100,62.6100,62.6100,62.6100,0.0000,62.6100,0
2026-08-19 02:20:05,MRNA,62.6100,62.6100,62.6100,62.6100,0.0000,62.6100,0
2026-08-19 02:20:10,MRNA,62.6100,62.6100,62.6100,62.6100,0.0000,62.6100,0
2026-08-19 02:20:15,MRNA,62.6100,62.6100,62.6100,62.6100,0.0000,62.6100,0
2026-08-19 02:20:20,MRNA,62.6100,62.6100,62.6100,62.6100,0.0000,62.6100,0
2026-08-19 02:20:25,MRNA,62.6100,62.6100,62.6100,62.6100,0.0000,62.6100,0
2026-08-19 02:20:30,MRNA,62.6100,62.6100,62.6100,62.6100,0.0000,62.6100,0
2026-08-19 02:20:35,MRNA,62.6100,62.6100,62.6100,62.6100,0.0000,62.6100,0
2026-08-19 02:20:40,MRNA,62.6100,62.6100,62.6100,62.6100,0.0000,62.6100,0
2026-08-19 02:20:45,MRNA,62.6100,62.6100,62.6100,62.6100,0.0000,62.6100,0
2026-08-19 02:20:50,MRNA,62.6100,62.6100,62.6100,62.6100,0.0000,62.6100,0
2026-08-19 02:20:55,MRNA,62.6100,62.6100,62.6100,62.6100,0.0000,62.6100,0
2026-08-19 02:21:00,MRNA,62.6100,62.6100,62.6100,62.6100,0.0000,62.6100,0
2026-08-19 02:21:05,MRNA,62.6100,62.6100,62.6100,62.6100,0.0000,62.6100,0
2026-08-19 02:21:10,MRNA,62.6100,62.6100,62.6100,62.6100,0.0000,62.6100,0
2026-08-19 02:21:15,MRNA,62.6100,62.6100,62.6100,62.6100,0.0000,62.6100,0
2026-08-19 02:21:20,MRNA,62.6100,62.6100,62.6100,62.6100,0.0000,62.6100,0
2026-08-19 02:21:25,MRNA,62.6100,62.6100,62.6100,62.6100,0.0000,62.6100,0
2026-08-19 02:21:30,MRNA,62.6100,62.6100,62.6100,62.6100,0.0000,62.6100,0
2026-08-19 02:21:35,MRNA,62.6100,62.6100,62.6100,62.6100,0.0000,62.6100,0
2026-08-19 02:21:40,MRNA,62.6100,62.6100,62.6100,62.6100,0.0000,62.6100,0
2026-08-19 02:21:45,MRNA,62.6100,62.6100,62.6100,62.6100,0.0000,62.6100,0
2026-08-19 02:21:50,MRNA,62.6100,62.6100,62.6100,62.6100,0.0000,62.6100,0
2026-08-19 02:21:55,MRNA,62.6100,62.6100,62.6100,62.6100,0.0000,62.6100,0
2026-08-19 02:22:00,MRNA,62.6100,62.6100,62.6100,62.6100,0.0000,62.6100,0
2026-08-19 02:22:05,MRNA,62.6100,62.6100,62.6100,62.6100,0.0000,62.6100,0
2026-08-19 02:22:10,MRNA,62.6100,62.6100,62.6100,62.6100,0.0000,62.6100,0
2026-08-19 02:22:15,MRNA,62.6100,62.6100,62.6100,62.6100,0.0000,62.6100,0
2026-08-19 02:22:20,MRNA,62.6100,62.6100,62.6100,62.6100,0.0000,62.6100,0
2026-08-19 02:22:25,MRNA,62.6100,62.6100,62.6100,62.6100,0.0000,62.6100,0
2026-08-19 02:22:30,MRNA,62.6100,62.6100,62.6100,62.6100,0.0000,62.6100,0
2026-08-19 02:22:35,MRNA,62.6100,62.6100,62.6100,62.6100,0.0000,62.6100,0
2026-08-19 02:22:40,MRNA,62.6100,62.6100,62.6100,62.6100,0.0000,62.6100,0
2026-08-19 02:22:45,MRNA,62.6100,62.6100,62.6100,62.6100,0.0000,62.6100,0
2026-08-19 02:22:50,MRNA,62.6100,62.6100,62.6100,62.6100,0.0000,62.6100,0
2026-08-19 02:22:55,MRNA,62.6100,62.6100,62.6100,62.6100,0.0000,62.6100,0
2026-08-19 02:23:00,MRNA,62.6100,62.6100,62.6100,62.6100,0.0000,62.6100,0
2026-08-19 02:23:05,MRNA,62.6100,62.6100,62.6100,62.6100,0.0000,62.6100,0
2026-08-19 02:23:10,MRNA,62.6100,62.6100,62.6100,62.6100,0.0000,62.6100,0
2026-08-19 02:23:15,MRNA,62.6100,62.6100,62.6100,62.6100,0.0000,62.6100,0
2026-08-19 02:23:20,MRNA,62.6100,62.6100,62.6100,62.6100,0.0000,62.6100,0
2026-08-19 02:23:25,MRNA,62.6100,62.6100,62.6100,62.6100,0.0000,62.6100,0
2026-08-19 02:23:30,MRNA,62.6100,62.6100,62.6100,62.6100,0.0000,62.6100,0
2026-08-19 02:23:35,MRNA,62.6100,62.6100,62.6100,62.6100,0.0000,62.6100,0
2026-08-19 02:23:40,MRNA,62.6100,62.6100,62.6100,62.6100,0.0000,62.6100,0
2026-08-19 02:23:45,MRNA,62.6100,62.6100,62.6100,62.6100,0.0000,62.6100,0
2026-08-19 02:23:50,MRNA,62.6100,62.6100,62.6100,62.6100,0.0000,62.6100,0
2026-08-19 02:23:55,MRNA,62.6100,62.6100,62.6100,62.6100,0.0000,62.6100,0
2026-08-19 02:24:00,MRNA,62.6100,62.6100,62.6100,62.6100,0.0000,62.6100,0
2026-08-19 02:24:05,MRNA,62.6100,62.6100,62.6100,62.6100,0.0000,62.6100,0
2026-08-19 02:24:10,MRNA,62.6100,62.6100,62.6100,62.6100,0.0000,62.6100,0
2026-08-19 02:24:15,MRNA,62.6100,62.6100,62.6100,62.6100,0.0000,62.6100,0
2026-08-19 02:24:20,MRNA,62.6100,62.6100,62.6100,62.6100,0.0000,62.6100,0
2026-08-19 02:24:25,MRNA,62.6100,62.6100,62.6100,62.6100,0.0000,62.6100,0
2026-08-19 02:24:30,MRNA,62.6100,62.6100,62.6100,62.6100,0.0000,62.6100,0
2026-08-19 02:24:35,MRNA,62.6100,62.6100,62.6100,62.6100,0.0000,62.6100,0
2026-08-19 02:24:40,MRNA,62.6100,62.6100,62.6100,62.6100,0.0000,62.6100,0
2026-08-19 02:24:45,MRNA,62.6100,62.6100,62.6100,62.6100,0.0000,62.6100,0
2026-08-19 02:24:50,MRNA,62.6100,62.6100,62.6100,62.6100,0.0000,62.6100,0
2026-08-19 02:24:55,MRNA,62.6100,62.6100,62.6100,62.6100,0.0000,62.6100,0
2026-08-19 02:25:00,MRNA,62.6100,62.6100,62.6100,62.6100,0.0000,62.6100,0
2026-08-19 02:25:05,MRNA,62.6100,62.6100,62.6100,62.6100,0.0000,62.6100,0
2026-08-19 02:25:10,MRNA,62.6100,62.6100,62.6100,62.6100,0.0000,62.6100,0
2026-08-19 02:25:15,MRNA,62.6100,62.6100,62.6100,62.6100,0.0000,62.6100,0
2026-08-19 02:25:20,MRNA,62.6100,62.6100,62.6100,62.6100,0.0000,62.6100,0
2026-08-19 02:25:25,MRNA,62.6100,62.6100,62.6100,62.6100,0.0000,62.6100,0
2026-08-19 02:25:30,MRNA,62.6100,62.6100,62.6100,62.6100,0.0000,62.6100,0
2026-08-19 02:25:35,MRNA,62.6100,62.6100,62.6100,62.6100,0.0000,62.6100,0
2026-08-19 02:25:40,MRNA,62.6100,62.6100,62.6100,62.6100,0.0000,62.6100,0
2026-08-19 02:25:45,MRNA,62.6100,62.6100,62.6100,62.6100,0.0000,62.6100,0
2026-08-19 02:25:50,MRNA,62.6100,62.6100,62.6100,62.6100,0.0000,62.6100,0
2026-08-19 02:25:55,MRNA,62.6100,62.6100,62.6100,62.6100,0.0000,62.6100,0
2026-08-19 02:26:00,MRNA,62.6100,62.6100,62.6100,62.6100,0.0000,62.6100,0
2026-08-19 02:26:05,MRNA,62.6100,62.6100,62.6100,62.6100,0.0000,62.6100,0
2026-08-19 02:26:10,MRNA,62.6100,62.6100,62.6100,62.6100,0.0000,62.6100,0
2026-08-19 02:26:15,MRNA,62.6100,62.6100,62.6100,62.6100,0.0000,62.6100,0
2026-08-19 02:26:20,MRNA,62.6100,62.6100,62.6100,62.6100,0.0000,62.6100,0
2026-08-19 02:26:25,MRNA,62.6100,62.6100,62.6100,62.6100,0.0000,62.6100,0
2026-08-19 02:26:30,MRNA,62.6100,62.6100,62.6100,62.6100,0.0000,62.6100,0
2026-08-19 02:26:35,MRNA,62.6100,62.6100,62.6100,62.6100,0.0000,62.6100,0
2026-08-19 02:26:40,MRNA,62.6100,62.6100,62.6100,62.6100,0.0000,62.6100,0
2026-08-19 02:26:45,MRNA,62.6100,62.6100,62.6100,62.6100,0.0000,62.6100,0
2026-08-19 02:26:50,MRNA,62.6100,62.6100,62.6100,62.6100,0.0000,62.6100,0
2026-08-19 02:26:55,MRNA,62.6100,62.6100,62.6100,62.6100,0.0000,62.6100,0
2026-08-19 02:27:00,MRNA,62.6100,62.6100,62.6100,62.6100,0.0000,62.6100,0
2026-08-19 02:27:05,MRNA,62.6100,62.6100,62.6100,62.6100,0.0000,62.6100,0
2026-08-19 02:27:10,MRNA,62.6100,62.6100,62.6100,62.6100,0.0000,62.6100,0
2026-08-19 02:27:15,MRNA,62.6100,62.6100,62.6100,62.6100,0.0000,62.6100,0
2026-08-19 02:27:20,MRNA,62.6100,62.6100,62.6100,62.6100,0.0000,62.6100,0
2026-08-19 02:27:25,MRNA,62.6100,62.6100,62.6100,62.6100,0.0000,62.6100,0
2026-08-19 02:27:30,MRNA,62.6100,62.6100,62.6100,62.6100,0.0000,62.6100,0
2026-08-19 02:27:35,MRNA,62.6100,62.6100,62.6100,62.6100,0.0000,62.6100,0
2026-08-19 02:27:40,MRNA,62.6100,62.6100,62.6100,62.6100,0.0000,62.6100,0
2026-08-19 02:27:45,MRNA,62.6100,62.6100,62.6100,62.6100,0.0000,62.6100,0
2026-08-19 02:27:50,MRNA,62.6100,62.6100,62.6100,62.6100,0.0000,62.6100,0
2026-08-19 02:27:55,MRNA,62.6100,62.6100,62.6100,62.6100,0.0000,62.6100,0
2026-08-19 02:28:00,MRNA,62.6100,62.6100,62.6100,62.6100,0.0000,62.6100,0
2026-08-19 02:28:05,MRNA,62.6100,62.6100,62.6100,62.6100,0.0000,62.6100,0
2026-08-19 02:28:10,MRNA,62.6100,62.6100,62.6100,62.6100,0.0000,62.6100,0
2026-08-19 02:28:15,MRNA,62.6100,62.6100,62.6100,62.6100,0.0000,62.6100,0
2026-08-19 02:28:20,MRNA,62.6100,62.6100,62.6100,62.6100,0.0000,62.6100,0
2026-08-19 02:28:25,MRNA,62.6100,62.6100,62.6100,62.6100,0.0000,62.6100,0
2026-08-19 02:28:30,MRNA,62.6100,62.6100,62.6100,62.6100,0.0000,62.6100,0
2026-08-19 02:28:35,MRNA,62.6100,62.6100,62.6100,62.6100,0.0000,62.6100,0
2026-08-19 02:28:40,MRNA,62.6100,62.6100,62.6100,62.6100,0.0000,62.6100,0
2026-08-19 02:28:45,MRNA,62.6100,62.6100,62.6100,62.6100,0.0000,62.6100,0
2026-08-19 02:28:50,MRNA,62.6100,62.6100,62.6100,62.6100,0.0000,62.6100,0
2026-08-19 02:28:55,MRNA,62.6100,62.6100,62.6100,62.6100,0.0000,62.6100,0
2026-08-19 02:29:00,MRNA,62.6100,62.6100,62.6100,62.6100,0.0000,62.6100,0
2026-08-19 02:29:05,MRNA,62.6100,62.6100,62.6100,62.6100,0.0000,62.6100,0
2026-08-19 02:29:10,MRNA,62.6100,62.6100,62.6100,62.6100,0.0000,62.6100,0
2026-08-19 02:29:15,MRNA,62.6100,62.6100,62.6100,62.6100,0.0000,62.6100,0
2026-08-19 02:29:20,MRNA,62.6100,62.6100,62.6100,62.6100,0.0000,62.6100,0
2026-08-19 02:29:25,MRNA,62.6100,62.6100,62.6100,62.6100,0.0000,62.6100,0
2026-08-19 02:29:30,MRNA,62.6100,62.6100,62.6100,62.6100,0.0000,62.6100,0
2026-08-19 02:29:35,MRNA,62.6100,62.6100,62.6100,62.6100,0.0000,62.6100,0
2026-08-19 02:29:40,MRNA,62.6100,62.6100,62.6100,62.6100,0.0000,62.6100,0
2026-08-19 02:29:45,MRNA,62.6100,62.6100,62.6100,62.6100,0.0000,62.6100,0
2026-08-19 02:29:50,MRNA,62.6100,62.6100,62.6100,62.6100,0.0000,62.6100,0
2026-08-19 02:29:55,MRNA,62.6100,62.6100,62.6100,62.6100,0.0000,62.6100,0
2026-08-19 02:30:00,MRNA,62.6100,62.6100,62.6100,62.6100,0.0000,62.6100,0
2026-08-19 02:30:05,MRNA,62.6100,62.6100,62.6100,62.6100,0.0000,62.6100,0
2026-08-19 02:30:10,MRNA,62.6100,62.6100,62.6100,62.6100,0.0000,62.6100,0
2026-08-19 02:30:15,MRNA,62.6100,62.6100,62.6100,62.6100,0.0000,62.6100,0
2026-08-19 02:30:20,MRNA,62.6100,62.6100,62.6100,62.6100,0.0000,62.6100,0
2026-08-19 02:30:25,MRNA,62.6100,62.6100,62.6100,62.6100,0.0000,62.6100,0
2026-08-19 02:30:30,MRNA,62.6100,62.6100,62.6100,62.6100,0.0000,62.6100,0
2026-08-19 02:30:35,MRNA,62.6100,62.6100,62.6100,62.6100,0.0000,62.6100,0
2026-08-19 02:30:40,MRNA,62.6100,62.6100,62.6100,62.6100,0.0000,62.6100,0
2026-08-19 02:30:45,MRNA,62.6100,62.6100,62.6100,62.6100,0.0000,62.6100,0
2026-08-19 02:30:50,MRNA,62.6100,62.6100,62.6100,62.6100,0.0000,62.6100,0
2026-08-19 02:30:55,MRNA,62.6100,62.6100,62.6100,62.6100,0.0000,62.6100,0
2026-08-19 02:31:00,MRNA,62.6100,62.6100,62.6100,62.6100,0.0000,62.6100,0
2026-08-19 02:31:05,MRNA,62.6100,62.6100,62.6100,62.6100,0.0000,62.6100,0
2026-08-19 02:31:10,MRNA,62.6100,62.6100,62.6100,62.6100,0.0000,62.6100,0
2026-08-19 02:31:15,MRNA,62.6100,62.6100,62.6100,62.6100,0.0000,62.6100,0
2026-08-19 02:31:20,MRNA,62.6100,62.6100,62.6100,62.6100,0.0000,62.6100,0
2026-08-19 02:31:25,MRNA,62.6100,62.6100,62.6100,62.6100,0.0000,62.6100,0
2026-08-19 02:31:30,MRNA,62.6100,62.6100,62.6100,62.6100,0.0000,62.6100,0
2026-08-19 02:31:35,MRNA,62.6100,62.6100,62.6100,62.6100,0.0000,62.6100,0
2026-08-19 02:31:40,MRNA,62.6100,62.6100,62.6100,62.6100,0.0000,62.6100,0
2026-08-19 02:31:45,MRNA,62.6100,62.6100,62.6100,62.6100,0.0000,62.6100,0
2026-08-19 02:31:50,MRNA,62.6100,62.6100,62.6100,62.6100,0.0000,62.6100,0
2026-08-19 02:31:55,MRNA,62.6100,62.6100,62.6100,62.6100,0.0000,62.6100,0
2026-08-19 02:32:00,MRNA,62.6100,62.6100,62.6100,62.6100,0.0000,62.6100,0
2026-08-19 02:32:05,MRNA,62.6100,62.6100,62.6100,62.6100,0.0000,62.6100,0
2026-08-19 02:32:10,MRNA,62.6100,62.6100,62.6100,62.6100,0.0000,62.6100,0
2026-08-19 02:32:15,MRNA,62.6100,62.6100,62.6100,62.6100,0.0000,62.6100,0
2026-08-19 02:32:20,MRNA,62.6100,62.6100,62.6100,62.6100,0.0000,62.6100,0
2026-08-19 02:32:25,MRNA,62.6100,62.6100,62.6100,62.6100,0.0000,62.6100,0
2026-08-19 02:32:30,MRNA,62.6100,62.6100,62.6100,62.6100,0.0000,62.6100,0
2026-08-19 02:32:35,MRNA,62.6100,62.6100,62.6100,62.6100,0.0000,62.6100,0
2026-08-19 02:32:40,MRNA,62.6100,62.6100,62.6100,62.6100,0.0000,62.6100,0
2026-08-19 02:32:45,MRNA,62.6100,62.6100,62.6100,62.6100,0.0000,62.6100,0
2026-08-19 02:32:50,MRNA,62.6100,62.6100,62.6100,62.6100,0.0000,62.6100,0
2026-08-19 02:32:55,MRNA,62.6100,62.6100,62.6100,62.6100,0.0000,62.6100,0
2026-08-19 02:33:00,MRNA,62.6100,62.6100,62.6100,62.6100,0.0000,62.6100,0
2026-08-19 02:33:05,MRNA,62.6100,62.6100,62.6100,62.6100,0.0000,62.6100,0
2026-08-19 02:33:10,MRNA,62.6100,62.6100,62.6100,62.6100,0.0000,62.6100,0
2026-08-19 02:33:15,MRNA,62.6100,62.6100,62.6100,62.6100,0.0000,62.6100,0
2026-08-19 02:33:20,MRNA,62.6100,62.6100,62.6100,62.6100,0.0000,62.6100,0
2026-08-19 02:33:25,MRNA,62.6100,62.6100,62.6100,62.6100,0.0000,62.6100,0
2026-08-19 02:33:30,MRNA,62.6100,62.6100,62.6100,62.6100,0.0000,62.6100,0
2026-08-19 02:33:35,MRNA,62.6100,62.6100,62.6100,62.6100,0.0000,62.6100,0
2026-08-19 02:33:40,MRNA,62.6100,62.6100,62.6100,62.6100,0.0000,62.6100,0
2026-08-19 02:33:45,MRNA,62.5100,62.5100,62.5100,62.5100,1000.0000,62.5100,1
2026-08-19 02:33:50,MRNA,62.5100,62.5100,62.5100,62.5100,0.0000,62.5100,0
2026-08-19 02:33:55,MRNA,62.5100,62.5100,62.5100,62.5100,0.0000,62.5100,0
2026-08-19 02:34:00,MRNA,62.5100,62.5100,62.5100,62.5100,0.0000,62.5100,0
2026-08-19 02:34:05,MRNA,62.5100,62.5100,62.5100,62.5100,0.0000,62.5100,0
2026-08-19 02:34:10,MRNA,62.5100,62.5100,62.5100,62.5100,0.0000,62.5100,0
2026-08-19 02:34:15,MRNA,62.5100,62.5100,62.5100,62.5100,0.0000,62.5100,0
2026-08-19 02:34:20,MRNA,62.5100,62.5100,62.5100,62.5100,0.0000,62.5100,0
2026-08-19 02:34:25,MRNA,62.5100,62.5100,62.5100,62.5100,0.0000,62.5100,0
2026-08-19 02:34:30,MRNA,62.5100,62.5100,62.5100,62.5100,0.0000,62.5100,0
2026-08-19 02:34:35,MRNA,62.5100,62.5100,62.5100,62.5100,0.0000,62.5100,0
2026-08-19 02:34:40,MRNA,62.5100,62.5100,62.5100,62.5100,0.0000,62.5100,0
2026-08-19 02:34:45,MRNA,62.5100,62.5100,62.5100,62.5100,0.0000,62.5100,0
2026-08-19 02:34:50,MRNA,62.5100,62.5100,62.5100,62.5100,0.0000,62.5100,0
2026-08-19 02:34:55,MRNA,62.5100,62.5100,62.5100,62.5100,0.0000,62.5100,0
2026-08-19 02:35:00,MRNA,62.5100,62.5100,62.5100,62.5100,0.0000,62.5100,0
2026-08-19 02:35:05,MRNA,62.5100,62.5100,62.5100,62.5100,0.0000,62.5100,0
2026-08-19 02:35:10,MRNA,62.5100,62.5100,62.5100,62.5100,0.0000,62.5100,0
2026-08-19 02:35:15,MRNA,62.5100,62.5100,62.5100,62.5100,0.0000,62.5100,0
2026-08-19 02:35:20,MRNA,62.5100,62.5100,62.5100,62.5100,0.0000,62.5100,0
2026-08-19 02:35:25,MRNA,62.5100,62.5100,62.5100,62.5100,0.0000,62.5100,0
2026-08-19 02:35:30,MRNA,62.5100,62.5100,62.5100,62.5100,0.0000,62.5100,0
2026-08-19 02:35:35,MRNA,62.5100,62.5100,62.5100,62.5100,0.0000,62.5100,0
2026-08-19 02:35:40,MRNA,62.5100,62.5100,62.5100,62.5100,0.0000,62.5100,0
2026-08-19 02:35:45,MRNA,62.5100,62.5100,62.5100,62.5100,0.0000,62.5100,0
2026-08-19 02:35:50,MRNA,62.5100,62.5100,62.5100,62.5100,0.0000,62.5100,0
2026-08-19 02:35:55,MRNA,62.5100,62.5100,62.5100,62.5100,0.0000,62.5100,0
2026-08-19 02:36:00,MRNA,62.5100,62.5100,62.5100,62.5100,0.0000,62.5100,0
2026-08-19 02:36:05,MRNA,62.5100,62.5100,62.5100,62.5100,0.0000,62.5100,0
2026-08-19 02:36:10,MRNA,62.5100,62.5100,62.5100,62.5100,0.0000,62.5100,0
2026-08-19 02:36:15,MRNA,62.5100,62.5100,62.5100,62.5100,0.0000,62.5100,0
2026-08-19 02:36:20,MRNA,62.5100,62.5100,62.5100,62.5100,0.0000,62.5100,0
2026-08-19 02:36:25,MRNA,62.5100,62.5100,62.5100,62.5100,0.0000,62.5100,0
2026-08-19 02:36:30,MRNA,62.5100,62.5100,62.5100,62.5100,0.0000,62.5100,0
2026-08-19 02:36:35,MRNA,62.5100,62.5100,62.5100,62.5100,0.0000,62.5100,0
2026-08-19 02:36:40,MRNA,62.5100,62.5100,62.5100,62.5100,0.0000,62.5100,0
2026-08-19 02:36:45,MRNA,62.5100,62.5100,62.5100,62.5100,0.0000,62.5100,0
2026-08-19 02:36:50,MRNA,62.5100,62.5100,62.5100,62.5100,0.0000,62.5100,0
2026-08-19 02:36:55,MRNA,62.5100,62.5100,62.5100,62.5100,0.0000,62.5100,0
2026-08-19 02:37:00,MRNA,62.5100,62.5100,62.5100,62.5100,0.0000,62.5100,0
2026-08-19 02:37:05,MRNA,62.5100,62.5100,62.5100,62.5100,0.0000,62.5100,0
2026-08-19 02:37:10,MRNA,62.5100,62.5100,62.5100,62.5100,0.0000,62.5100,0
2026-08-19 02:37:15,MRNA,62.5100,62.5100,62.5100,62.5100,0.0000,62.5100,0
2026-08-19 02:37:20,MRNA,62.5100,62.5100,62.5100,62.5100,0.0000,62.5100,0
2026-08-19 02:37:25,MRNA,62.5100,62.5100,62.5100,62.5100,0.0000,62.5100,0
2026-08-19 02:37:30,MRNA,62.5100,62.5100,62.5100,62.5100,0.0000,62.5100,0
2026-08-19 02:37:35,MRNA,62.5100,62.5100,62.5100,62.5100,0.0000,62.5100,0
2026-08-19 02:37:40,MRNA,62.5100,62.5100,62.5100,62.5100,0.0000,62.5100,0
2026-08-19 02:37:45,MRNA,62.5100,62.5100,62.5100,62.5100,0.0000,62.5100,0
2026-08-19 02:37:50,MRNA,62.5100,62.5100,62.5100,62.5100,0.0000,62.5100,0
2026-08-19 02:37:55,MRNA,62.5100,62.5100,62.5100,62.5100,0.0000,62.5100,0
2026-08-19 02:38:00,MRNA,62.5100,62.5100,62.5100,62.5100,0.0000,62.5100,0
2026-08-19 02:38:05,MRNA,62.5100,62.5100,62.5100,62.5100,0.0000,62.5100,0
2026-08-19 02:38:10,MRNA,62.5100,62.5100,62.5100,62.5100,0.0000,62.5100,0
2026-08-19 02:38:15,MRNA,62.5100,62.5100,62.5100,62.5100,0.0000,62.5100,0
2026-08-19 02:38:20,MRNA,62.5100,62.5100,62.5100,62.5100,0.0000,62.5100,0
2026-08-19 02:38:25,MRNA,62.5100,62.5100,62.5100,62.5100,0.0000,62.5100,0
2026-08-19 02:38:30,MRNA,62.5100,62.5100,62.5100,62.5100,0.0000,62.5100,0
2026-08-19 02:38:35,MRNA,62.5100,62.5100,62.5100,62.5100,0.0000,62.5100,0
2026-08-19 02:38:40,MRNA,62.5100,62.5100,62.5100,62.5100,0.0000,62.5100,0
2026-08-19 02:38:45,MRNA,62.5100,62.5100,62.5100,62.5100,0.0000,62.5100,0
2026-08-19 02:38:50,MRNA,62.5100,62.5100,62.5100,62.5100,0.0000,62.5100,0
2026-08-19 02:38:55,MRNA,62.5100,62.5100,62.5100,62.5100,0.0000,62.5100,0
2026-08-19 02:39:00,MRNA,62.5100,62.5100,62.5100,62.5100,0.0000,62.5100,0
2026-08-19 02:39:05,MRNA,62.5100,62.5100,62.5100,62.5100,0.0000,62.5100,0
2026-08-19 02:39:10,MRNA,62.5100,62.5100,62.5100,62.5100,0.0000,62.5100,0
2026-08-19 02:39:15,MRNA,62.5100,62.5100,62.5100,62.5100,0.0000,62.5100,0
2026-08-19 02:39:20,MRNA,62.5100,62.5100,62.5100,62.5100,0.0000,62.5100,0
2026-08-19 02:39:25,MRNA,62.5100,62.5100,62.5100,62.5100,0.0000,62.5100,0
2026-08-19 02:39:30,MRNA,62.5100,62.5100,62.5100,62.5100,0.0000,62.5100,0
2026-08-19 02:39:35,MRNA,62.5100,62.5100,62.5100,62.5100,0.0000,62.5100,0
2026-08-19 02:39:40,MRNA,62.5100,62.5100,62.5100,62.5100,0.0000,62.5100,0
2026-08-19 02:39:45,MRNA,62.5100,62.5100,62.5100,62.5100,0.0000,62.5100,0
2026-08-19 02:39:50,MRNA,62.5100,62.5100,62.5100,62.5100,0.0000,62.5100,0
2026-08-19 02:39:55,MRNA,62.5100,62.5100,62.5100,62.5100,0.0000,62.5100,0
2026-08-19 02:40:00,MRNA,62.5100,62.5100,62.5100,62.5100,0.0000,62.5100,0
2026-08-19 02:40:05,MRNA,62.5100,62.5100,62.5100,62.5100,0.0000,62.5100,0
2026-08-19 02:40:10,MRNA,62.5100,62.5100,62.5100,62.5100,0.0000,62.5100,0
2026-08-19 02:40:15,MRNA,62.5100,62.5100,62.5100,62.5100,0.0000,62.5100,0
2026-08-19 02:40:20,MRNA,62.5100,62.5100,62.5100,62.5100,0.0000,62.5100,0
2026-08-19 02:40:25,MRNA,62.5100,62.5100,62.5100,62.5100,0.0000,62.5100,0
2026-08-19 02:40:30,MRNA,62.5100,62.5100,62.5100,62.5100,0.0000,62.5100,0
2026-08-19 02:40:35,MRNA,62.5100,62.5100,62.5100,62.5100,0.0000,62.5100,0
2026-08-19 02:40:40,MRNA,62.5100,62.5100,62.5100,62.5100,0.0000,62.5100,0
2026-08-19 02:40:45,MRNA,62.5100,62.5100,62.5100,62.5100,0.0000,62.5100,0
2026-08-19 02:40:50,MRNA,62.5100,62.5100,62.5100,62.5100,0.0000,62.5100,0
2026-08-19 02:40:55,MRNA,62.5100,62.5100,62.5100,62.5100,0.0000,62.5100,0
2026-08-19 02:41:00,MRNA,62.5100,62.5100,62.5100,62.5100,0.0000,62.5100,0
2026-08-19 02:41:05,MRNA,62.5100,62.5100,62.5100,62.5100,0.0000,62.5100,0
2026-08-19 02:41:10,MRNA,62.5100,62.5100,62.5100,62.5100,0.0000,62.5100,0
2026-08-19 02:41:15,MRNA,62.5100,62.5100,62.5100,62.5100,0.0000,62.5100,0
2026-08-19 02:41:20,MRNA,62.5100,62.5100,62.5100,62.5100,0.0000,62.5100,0
2026-08-19 02:41:25,MRNA,62.5100,62.5100,62.5100,62.5100,0.0000,62.5100,0
2026-08-19 02:41:30,MRNA,62.5100,62.5100,62.5100,62.5100,0.0000,62.5100,0
2026-08-19 02:41:35,MRNA,62.5100,62.5100,62.5100,62.5100,0.0000,62.5100,0
2026-08-19 02:41:40,MRNA,62.5100,62.5100,62.5100,62.5100,0.0000,62.5100,0
2026-08-19 02:41:45,MRNA,62.5100,62.5100,62.5100,62.5100,0.0000,62.5100,0
2026-08-19 02:41:50,MRNA,62.5100,62.5100,62.5100,62.5100,0.0000,62.5100,0
2026-08-19 02:41:55,MRNA,62.5100,62.5100,62.5100,62.5100,0.0000,62.5100,0
2026-08-19 02:42:00,MRNA,62.5100,62.5100,62.5100,62.5100,0.0000,62.5100,0
2026-08-19 02:42:05,MRNA,62.5100,62.5100,62.5100,62.5100,0.0000,62.5100,0
2026-08-19 02:42:10,MRNA,62.5100,62.5100,62.5100,62.5100,0.0000,62.5100,0
2026-08-19 02:42:15,MRNA,62.5100,62.5100,62.5100,62.5100,0.0000,62.5100,0
2026-08-19 02:42:20,MRNA,62.5100,62.5100,62.5100,62.5100,0.0000,62.5100,0
2026-08-19 02:42:25,MRNA,62.5100,62.5100,62.5100,62.5100,0.0000,62.5100,0
2026-08-19 02:42:30,MRNA,62.5100,62.5100,62.5100,62.5100,0.0000,62.5100,0
2026-08-19 02:42:35,MRNA,62.5100,62.5100,62.5100,62.5100,0.0000,62.5100,0
2026-08-19 02:42:40,MRNA,62.5100,62.5100,62.5100,62.5100,0.0000,62.5100,0
2026-08-19 02:42:45,MRNA,62.5100,62.5100,62.5100,62.5100,0.0000,62.5100,0
2026-08-19 02:42:50,MRNA,62.5100,62.5100,62.5100,62.5100,0.0000,62.5100,0
2026-08-19 02:42:55,MRNA,62.5100,62.5100,62.5100,62.5100,0.0000,62.5100,0
2026-08-19 02:43:00,MRNA,62.5100,62.5100,62.5100,62.5100,0.0000,62.5100,0
2026-08-19 02:43:05,MRNA,62.5100,62.5100,62.5100,62.5100,0.0000,62.5100,0
2026-08-19 02:43:10,MRNA,62.5100,62.5100,62.5100,62.5100,0.0000,62.5100,0
2026-08-19 02:43:15,MRNA,62.5100,62.5100,62.5100,62.5100,0.0000,62.5100,0
2026-08-19 02:43:20,MRNA,62.5100,62.5100,62.5100,62.5100,0.0000,62.5100,0
2026-08-19 02:43:25,MRNA,62.5100,62.5100,62.5100,62.5100,0.0000,62.5100,0
2026-08-19 02:43:30,MRNA,62.5100,62.5100,62.5100,62.5100,0.0000,62.5100,0
2026-08-19 02:43:35,MRNA,62.5100,62.5100,62.5100,62.5100,0.0000,62.5100,0
2026-08-19 02:43:40,MRNA,62.5100,62.5100,62.5100,62.5100,0.0000,62.5100,0
2026-08-19 02:43:45,MRNA,62.5100,62.5100,62.5100,62.5100,0.0000,62.5100,0
2026-08-19 02:43:50,MRNA,62.5100,62.5100,62.5100,62.5100,0.0000,62.5100,0
2026-08-19 02:43:55,MRNA,62.5100,62.5100,62.5100,62.5100,0.0000,62.5100,0
2026-08-19 02:44:00,MRNA,62.5100,62.5100,62.5100,62.5100,0.0000,62.5100,0
2026-08-19 02:44:05,MRNA,62.5100,62.5100,62.5100,62.5100,0.0000,62.5100,0
2026-08-19 02:44:10,MRNA,62.5100,62.5100,62.5100,62.5100,0.0000,62.5100,0
2026-08-19 02:44:15,MRNA,62.5100,62.5100,62.5100,62.5100,0.0000,62.5100,0
2026-08-19 02:44:20,MRNA,62.5100,62.5100,62.5100,62.5100,0.0000,62.5100,0
2026-08-19 02:44:25,MRNA,62.5100,62.5100,62.5100,62.5100,0.0000,62.5100,0
2026-08-19 02:44:30,MRNA,62.5100,62.5100,62.5100,62.5100,0.0000,62.5100,0
2026-08-19 02:44:35,MRNA,62.5100,62.5100,62.5100,62.5100,0.0000,62.5100,0
2026-08-19 02:44:40,MRNA,62.5100,62.5100,62.5100,62.5100,0.0000,62.5100,0
2026-08-19 02:44:45,MRNA,62.5100,62.5100,62.5100,62.5100,0.0000,62.5100,0
2026-08-19 02:44:50,MRNA,62.5100,62.5100,62.5100,62.5100,0.0000,62.5100,0
2026-08-19 02:44:55,MRNA,62.5100,62.5100,62.5100,62.5100,0.0000,62.5100,0
2026-08-19 02:45:00,MRNA,62.5100,62.5100,62.5100,62.5100,0.0000,62.5100,0
2026-08-19 02:45:05,MRNA,62.5100,62.5100,62.5100,62.5100,0.0000,62.5100,0
2026-08-19 02:45:10,MRNA,62.5100,62.5100,62.5100,62.5100,0.0000,62.5100,0
2026-08-19 02:45:15,MRNA,62.5100,62.5100,62.5100,62.5100,0.0000,62.5100,0
2026-08-19 02:45:20,MRNA,62.5100,62.5100,62.5100,62.5100,0.0000,62.5100,0
2026-08-19 02:45:25,MRNA,62.5100,62.5100,62.5100,62.5100,0.0000,62.5100,0
2026-08-19 02:45:30,MRNA,62.5100,62.5100,62.5100,62.5100,0.0000,62.5100,0
2026-08-19 02:45:35,MRNA,62.5100,62.5100,62.5100,62.5100,0.0000,62.5100,0
2026-08-19 02:45:40,MRNA,62.5100,62.5100,62.5100,62.5100,0.0000,62.5100,0
2026-08-19 02:45:45,MRNA,62.5100,62.5100,62.5100,62.5100,0.0000,62.5100,0
2026-08-19 02:45:50,MRNA,62.5100,62.5100,62.5100,62.5100,0.0000,62.5100,0
2026-08-19 02:45:55,MRNA,62.5100,62.5100,62.5100,62.5100,0.0000,62.5100,0
2026-08-19 02:46:00,MRNA,62.5100,62.5100,62.5100,62.5100,0.0000,62.5100,0
2026-08-19 02:46:05,MRNA,62.5100,62.5100,62.5100,62.5100,0.0000,62.5100,0
2026-08-19 02:46:10,MRNA,62.5100,62.5100,62.5100,62.5100,0.0000,62.5100,0
2026-08-19 02:46:15,MRNA,62.5100,62.5100,62.5100,62.5100,0.0000,62.5100,0
2026-08-19 02:46:20,MRNA,62.5100,62.5100,62.5100,62.5100,2000.0000,62.5100,2
2026-08-19 02:46:25,MRNA,62.5100,62.5100,62.5100,62.5100,0.0000,62.5100,0
2026-08-19 02:46:30,MRNA,62.5100,62.5100,62.5100,62.5100,0.0000,62.5100,0
2026-08-19 02:46:35,MRNA,62.5100,62.5100,62.5100,62.5100,0.0000,62.5100,0
2026-08-19 02:46:40,MRNA,62.5100,62.5100,62.5100,62.5100,0.0000,62.5100,0
2026-08-19 02:46:45,MRNA,62.5100,62.5100,62.5100,62.5100,0.0000,62.5100,0
2026-08-19 02:46:50,MRNA,62.5100,62.5100,62.5100,62.5100,0.0000,62.5100,0
2026-08-19 02:46:55,MRNA,62.5100,62.5100,62.5100,62.5100,0.0000,62.5100,0
2026-08-19 02:47:00,MRNA,62.5100,62.5100,62.5100,62.5100,0.0000,62.5100,0
2026-08-19 02:47:05,MRNA,62.5100,62.5100,62.5100,62.5100,0.0000,62.5100,0
2026-08-19 02:47:10,MRNA,62.5100,62.5100,62.5100,62.5100,0.0000,62.5100,0
2026-08-19 02:47:15,MRNA,62.5100,62.5100,62.5100,62.5100,0.0000,62.5100,0
2026-08-19 02:47:20,MRNA,62.5100,62.5100,62.5100,62.5100,0.0000,62.5100,0
2026-08-19 02:47:25,MRNA,62.5100,62.5100,62.5100,62.5100,0.0000,62.5100,0
2026-08-19 02:47:30,MRNA,62.5100,62.5100,62.5100,62.5100,0.0000,62.5100,0
2026-08-19 02:47:35,MRNA,62.5100,62.5100,62.5100,62.5100,0.0000,62.5100,0
2026-08-19 02:47:40,MRNA,62.5100,62.5100,62.5100,62.5100,0.0000,62.5100,0
2026-08-19 02:47:45,MRNA,62.5100,62.5100,62.5100,62.5100,0.0000,62.5100,0
2026-08-19 02:47:50,MRNA,62.5100,62.5100,62.5100,62.5100,0.0000,62.5100,0
2026-08-19 02:47:55,MRNA,62.5100,62.5100,62.5100,62.5100,0.0000,62.5100,0
2026-08-19 02:48:00,MRNA,62.5100,62.5100,62.5100,62.5100,0.0000,62.5100,0
2026-08-19 02:48:05,MRNA,62.5100,62.5100,62.5100,62.5100,0.0000,62.5100,0
2026-08-19 02:48:10,MRNA,62.5100,62.5100,62.5100,62.5100,0.0000,62.5100,0
2026-08-19 02:48:15,MRNA,62.5100,62.5100,62.5100,62.5100,2000.0000,62.5100,2
2026-08-19 02:48:20,MRNA,62.5100,62.5100,62.5100,62.5100,0.0000,62.5100,0
2026-08-19 02:48:25,MRNA,62.5100,62.5100,62.5100,62.5100,0.0000,62.5100,0
2026-08-19 02:48:30,MRNA,62.5100,62.5100,62.5100,62.5100,0.0000,62.5100,0
2026-08-19 02:48:35,MRNA,62.5100,62.5100,62.5100,62.5100,0.0000,62.5100,0
2026-08-19 02:48:40,MRNA,62.5100,62.5100,62.5100,62.5100,0.0000,62.5100,0
2026-08-19 02:48:45,MRNA,62.5100,62.5100,62.5100,62.5100,0.0000,62.5100,0
2026-08-19 02:48:50,MRNA,62.5100,62.5100,62.5100,62.5100,0.0000,62.5100,0
2026-08-19 02:48:55,MRNA,62.5100,62.5100,62.5100,62.5100,0.0000,62.5100,0
2026-08-19 02:49:00,MRNA,62.5100,62.5100,62.5100,62.5100,0.0000,62.5100,0
2026-08-19 02:49:05,MRNA,62.5100,62.5100,62.5100,62.5100,0.0000,62.5100,0
2026-08-19 02:49:10,MRNA,62.5100,62.5100,62.5100,62.5100,0.0000,62.5100,0
2026-08-19 02:49:15,MRNA,62.5100,62.5100,62.5100,62.5100,0.0000,62.5100,0
2026-08-19 02:49:20,MRNA,62.5100,62.5100,62.5100,62.5100,0.0000,62.5100,0
2026-08-19 02:49:25,MRNA,62.5100,62.5100,62.5100,62.5100,0.0000,62.5100,0
2026-08-19 02:49:30,MRNA,62.5100,62.5100,62.5100,62.5100,0.0000,62.5100,0
2026-08-19 02:49:35,MRNA,62.5100,62.5100,62.5100,62.5100,0.0000,62.5100,0
2026-08-19 02:49:40,MRNA,62.5100,62.5100,62.5100,62.5100,0.0000,62.5100,0
2026-08-19 02:49:45,MRNA,62.5100,62.5100,62.5100,62.5100,0.0000,62.5100,0
2026-08-19 02:49:50,MRNA,62.5100,62.5100,62.5100,62.5100,0.0000,62.5100,0
2026-08-19 02:49:55,MRNA,62.5100,62.5100,62.5100,62.5100,0.0000,62.5100,0
2026-08-19 02:50:00,MRNA,62.5100,62.5100,62.5100,62.5100,0.0000,62.5100,0
2026-08-19 02:50:05,MRNA,62.5100,62.5100,62.5100,62.5100,0.0000,62.5100,0
2026-08-19 02:50:10,MRNA,62.5100,62.5100,62.5100,62.5100,0.0000,62.5100,0
2026-08-19 02:50:15,MRNA,62.5100,62.5100,62.5100,62.5100,0.0000,62.5100,0
2026-08-19 02:50:20,MRNA,62.5100,62.5100,62.5100,62.5100,0.0000,62.5100,0
2026-08-19 02:50:25,MRNA,62.5100,62.5100,62.5100,62.5100,0.0000,62.5100,0
2026-08-19 02:50:30,MRNA,62.5100,62.5100,62.5100,62.5100,0.0000,62.5100,0
2026-08-19 02:50:35,MRNA,62.5100,62.5100,62.5100,62.5100,0.0000,62.5100,0
2026-08-19 02:50:40,MRNA,62.5100,62.5100,62.5100,62.5100,0.0000,62.5100,0
2026-08-19 02:50:45,MRNA,62.5100,62.5100,62.5100,62.5100,0.0000,62.5100,0
2026-08-19 02:50:50,MRNA,62.5100,62.5100,62.5100,62.5100,0.0000,62.5100,0
2026-08-19 02:50:55,MRNA,62.5100,62.5100,62.5100,62.5100,0.0000,62.5100,0
2026-08-19 02:51:00,MRNA,62.5100,62.5100,62.5100,62.5100,0.0000,62.5100,0
2026-08-19 02:51:05,MRNA,62.5100,62.5100,62.5100,62.5100,0.0000,62.5100,0
2026-08-19 02:51:10,MRNA,62.5100,62.5100,62.5100,62.5100,0.0000,62.5100,0
2026-08-19 02:51:15,MRNA,62.5100,62.5100,62.5100,62.5100,0.0000,62.5100,0
2026-08-19 02:51:20,MRNA,62.5100,62.5100,62.5100,62.5100,0.0000,62.5100,0
2026-08-19 02:51:25,MRNA,62.5100,62.5100,62.5100,62.5100,0.0000,62.5100,0
2026-08-19 02:51:30,MRNA,62.5100,62.5100,62.5100,62.5100,0.0000,62.5100,0
2026-08-19 02:51:35,MRNA,62.5100,62.5100,62.5100,62.5100,0.0000,62.5100,0
2026-08-19 02:51:40,MRNA,62.5100,62.5100,62.5100,62.5100,0.0000,62.5100,0
2026-08-19 02:51:45,MRNA,62.5100,62.5100,62.5100,62.5100,0.0000,62.5100,0
2026-08-19 02:51:50,MRNA,62.5100,62.5100,62.5100,62.5100,0.0000,62.5100,0
2026-08-19 02:51:55,MRNA,62.5100,62.5100,62.5100,62.5100,0.0000,62.5100,0
2026-08-19 02:52:00,MRNA,62.5100,62.5100,62.5100,62.5100,0.0000,62.5100,0
2026-08-19 02:52:05,MRNA,62.5100,62.5100,62.5100,62.5100,0.0000,62.5100,0
2026-08-19 02:52:10,MRNA,62.5100,62.5100,62.5100,62.5100,0.0000,62.5100,0
2026-08-19 02:52:15,MRNA,62.5100,62.5100,62.5100,62.5100,0.0000,62.5100,0
2026-08-19 02:52:20,MRNA,62.5100,62.5100,62.5100,62.5100,0.0000,62.5100,0
2026-08-19 02:52:25,MRNA,62.5100,62.5100,62.5100,62.5100,0.0000,62.5100,0
2026-08-19 02:52:30,MRNA,62.5100,62.5100,62.5100,62.5100,0.0000,62.5100,0
2026-08-19 02:52:35,MRNA,62.5100,62.5100,62.5100,62.5100,0.0000,62.5100,0
2026-08-19 02:52:40,MRNA,62.5100,62.5100,62.5100,62.5100,0.0000,62.5100,0
2026-08-19 02:52:45,MRNA,62.5100,62.5100,62.5100,62.5100,0.0000,62.5100,0
2026-08-19 02:52:50,MRNA,62.5100,62.5100,62.5100,62.5100,0.0000,62.5100,0
2026-08-19 02:52:55,MRNA,62.5100,62.5100,62.5100,62.5100,0.0000,62.5100,0
2026-08-19 02:53:00,MRNA,62.5100,62.5100,62.5100,62.5100,0.0000,62.5100,0
2026-08-19 02:53:05,MRNA,62.5100,62.5100,62.5100,62.5100,0.0000,62.5100,0
2026-08-19 02:53:10,MRNA,62.5100,62.5100,62.5100,62.5100,0.0000,62.5100,0
2026-08-19 02:53:15,MRNA,62.5100,62.5100,62.5100,62.5100,0.0000,62.5100,0
2026-08-19 02:53:20,MRNA,62.5100,62.5100,62.5100,62.5100,0.0000,62.5100,0
2026-08-19 02:53:25,MRNA,62.5100,62.5100,62.5100,62.5100,0.0000,62.5100,0
2026-08-19 02:53:30,MRNA,62.5100,62.5100,62.5100,62.5100,0.0000,62.5100,0
2026-08-19 02:53:35,MRNA,62.5100,62.5100,62.5100,62.5100,0.0000,62.5100,0
2026-08-19 02:53:40,MRNA,62.5100,62.5100,62.5100,62.5100,0.0000,62.5100,0
2026-08-19 02:53:45,MRNA,62.5100,62.5100,62.5100,62.5100,0.0000,62.5100,0
2026-08-19 02:53:50,MRNA,62.5100,62.5100,62.5100,62.5100,0.0000,62.5100,0
2026-08-19 02:53:55,MRNA,62.5100,62.5100,62.5100,62.5100,0.0000,62.5100,0
2026-08-19 02:54:00,MRNA,62.5100,62.5100,62.5100,62.5100,0.0000,62.5100,0
2026-08-19 02:54:05,MRNA,62.5100,62.5100,62.5100,62.5100,0.0000,62.5100,0
2026-08-19 02:54:10,MRNA,62.5100,62.5100,62.5100,62.5100,0.0000,62.5100,0
2026-08-19 02:54:15,MRNA,62.5100,62.5100,62.5100,62.5100,0.0000,62.5100,0
2026-08-19 02:54:20,MRNA,62.5100,62.5100,62.5100,62.5100,0.0000,62.5100,0
2026-08-19 02:54:25,MRNA,62.5100,62.5100,62.5100,62.5100,0.0000,62.5100,0
2026-08-19 02:54:30,MRNA,62.5100,62.5100,62.5100,62.5100,0.0000,62.5100,0
2026-08-19 02:54:35,MRNA,62.5100,62.5100,62.5100,62.5100,0.0000,62.5100,0
2026-08-19 02:54:40,MRNA,62.5100,62.5100,62.5100,62.5100,0.0000,62.5100,0
2026-08-19 02:54:45,MRNA,62.5100,62.5100,62.5100,62.5100,0.0000,62.5100,0
2026-08-19 02:54:50,MRNA,62.5100,62.5100,62.5100,62.5100,0.0000,62.5100,0
2026-08-19 02:54:55,MRNA,62.5100,62.5100,62.5100,62.5100,0.0000,62.5100,0
2026-08-19 02:55:00,MRNA,62.5100,62.5100,62.5100,62.5100,0.0000,62.5100,0
2026-08-19 02:55:05,MRNA,62.5100,62.5100,62.5100,62.5100,0.0000,62.5100,0
2026-08-19 02:55:10,MRNA,62.5100,62.5100,62.5100,62.5100,0.0000,62.5100,0
2026-08-19 02:55:15,MRNA,62.5100,62.5100,62.5100,62.5100,0.0000,62.5100,0
2026-08-19 02:55:20,MRNA,62.5100,62.5100,62.5100,62.5100,0.0000,62.5100,0
2026-08-19 02:55:25,MRNA,62.5100,62.5100,62.5100,62.5100,0.0000,62.5100,0
2026-08-19 02:55:30,MRNA,62.5100,62.5100,62.5100,62.5100,0.0000,62.5100,0
2026-08-19 02:55:35,MRNA,62.5100,62.5100,62.5100,62.5100,0.0000,62.5100,0
2026-08-19 02:55:40,MRNA,62.5100,62.5100,62.5100,62.5100,0.0000,62.5100,0
2026-08-19 02:55:45,MRNA,62.5100,62.5100,62.5100,62.5100,0.0000,62.5100,0
2026-08-19 02:55:50,MRNA,62.5100,62.5100,62.5100,62.5100,0.0000,62.5100,0
2026-08-19 02:55:55,MRNA,62.5100,62.5100,62.5100,62.5100,0.0000,62.5100,0
2026-08-19 02:56:00,MRNA,62.5100,62.5100,62.5100,62.5100,0.0000,62.5100,0
2026-08-19 02:56:05,MRNA,62.5100,62.5100,62.5100,62.5100,0.0000,62.5100,0
2026-08-19 02:56:10,MRNA,62.5100,62.5100,62.5100,62.5100,0.0000,62.5100,0
2026-08-19 02:56:15,MRNA,62.5100,62.5100,62.5100,62.5100,0.0000,62.5100,0
2026-08-19 02:56:20,MRNA,62.5100,62.5100,62.5100,62.5100,0.0000,62.5100,0
2026-08-19 02:56:25,MRNA,62.5100,62.5100,62.5100,62.5100,0.0000,62.5100,0
2026-08-19 02:56:30,MRNA,62.5100,62.5100,62.5100,62.5100,0.0000,62.5100,0
2026-08-19 02:56:35,MRNA,62.5100,62.5100,62.5100,62.5100,0.0000,62.5100,0
2026-08-19 02:56:40,MRNA,62.5100,62.5100,62.5100,62.5100,0.0000,62.5100,0
2026-08-19 02:56:45,MRNA,62.5100,62.5100,62.5100,62.5100,0.0000,62.5100,0
2026-08-19 02:56:50,MRNA,62.5100,62.5100,62.5100,62.5100,0.0000,62.5100,0
2026-08-19 02:56:55,MRNA,62.5100,62.5100,62.5100,62.5100,0.0000,62.5100,0
2026-08-19 02:57:00,MRNA,62.5100,62.5100,62.5100,62.5100,0.0000,62.5100,0
2026-08-19 02:57:05,MRNA,62.5100,62.5100,62.5100,62.5100,0.0000,62.5100,0
2026-08-19 02:57:10,MRNA,62.5100,62.5100,62.5100,62.5100,0.0000,62.5100,0
2026-08-19 02:57:15,MRNA,62.5100,62.5100,62.5100,62.5100,0.0000,62.5100,0
2026-08-19 02:57:20,MRNA,62.5100,62.5100,62.5100,62.5100,0.0000,62.5100,0
2026-08-19 02:57:25,MRNA,62.5100,62.5100,62.5100,62.5100,0.0000,62.5100,0
2026-08-19 02:57:30,MRNA,62.5100,62.5100,62.5100,62.5100,0.0000,62.5100,0
2026-08-19 02:57:35,MRNA,62.5100,62.5100,62.5100,62.5100,0.0000,62.5100,0
2026-08-19 02:57:40,MRNA,62.5100,62.5100,62.5100,62.5100,0.0000,62.5100,0
2026-08-19 02:57:45,MRNA,62.5100,62.5100,62.5100,62.5100,0.0000,62.5100,0
2026-08-19 02:57:50,MRNA,62.5100,62.5100,62.5100,62.5100,0.0000,62.5100,0
2026-08-19 02:57:55,MRNA,62.5100,62.5100,62.5100,62.5100,0.0000,62.5100,0
2026-08-19 02:58:00,MRNA,62.5100,62.5100,62.5100,62.5100,0.0000,62.5100,0
2026-08-19 02:58:05,MRNA,62.5100,62.5100,62.5100,62.5100,0.0000,62.5100,0
2026-08-19 02:58:10,MRNA,62.5100,62.5100,62.5100,62.5100,0.0000,62.5100,0
2026-08-19 02:58:15,MRNA,62.5100,62.5100,62.5100,62.5100,0.0000,62.5100,0
2026-08-19 02:58:20,MRNA,62.5100,62.5100,62.5100,62.5100,0.0000,62.5100,0
2026-08-19 02:58:25,MRNA,62.5100,62.5100,62.5100,62.5100,0.0000,62.5100,0
2026-08-19 02:58:30,MRNA,62.5100,62.5100,62.5100,62.5100,0.0000,62.5100,0
2026-08-19 02:58:35,MRNA,62.5100,62.5100,62.5100,62.5100,0.0000,62.5100,0
2026-08-19 02:58:40,MRNA,62.5100,62.5100,62.5100,62.5100,0.0000,62.5100,0
2026-08-19 02:58:45,MRNA,62.5100,62.5100,62.5100,62.5100,0.0000,62.5100,0
2026-08-19 02:58:50,MRNA,62.5100,62.5100,62.5100,62.5100,0.0000,62.5100,0
2026-08-19 02:58:55,MRNA,62.5100,62.5100,62.5100,62.5100,0.0000,62.5100,0
2026-08-19 02:59:00,MRNA,62.5100,62.5100,62.5100,62.5100,0.0000,62.5100,0
2026-08-19 02:59:05,MRNA,62.5100,62.5100,62.5100,62.5100,0.0000,62.5100,0
2026-08-19 02:59:10,MRNA,62.5100,62.5100,62.5100,62.5100,0.0000,62.5100,0
2026-08-19 02:59:15,MRNA,62.5100,62.5100,62.5100,62.5100,0.0000,62.5100,0
2026-08-19 02:59:20,MRNA,62.5100,62.5100,62.5100,62.5100,0.0000,62.5100,0
2026-08-19 02:59:25,MRNA,62.5100,62.5100,62.5100,62.5100,0.0000,62.5100,0
2026-08-19 02:59:30,MRNA,62.5100,62.5100,62.5100,62.5100,0.0000,62.5100,0
2026-08-19 02:59:35,MRNA,62.5100,62.5100,62.5100,62.5100,0.0000,62.5100,0
2026-08-19 02:59:40,MRNA,62.5100,62.5100,62.5100,62.5100,0.0000,62.5100,0
2026-08-19 02:59:45,MRNA,62.5100,62.5100,62.5100,62.5100,0.0000,62.5100,0
2026-08-19 02:59:50,MRNA,62.5100,62.5100,62.5100,62.5100,0.0000,62.5100,0
2026-08-19 02:59:55,MRNA,62.5100,62.5100,62.5100,62.5100,0.0000,62.5100,0
2026-08-19 11:01:00,MRNA,62.7800,62.7800,62.7800,62.7800,100.0000,62.7800,1
2026-08-19 11:01:05,MRNA,62.7900,62.7900,62.7900,62.7900,222.0000,62.7900,1
2026-08-19 11:01:10,MRNA,62.7900,62.7900,62.7900,62.7900,0.0000,62.7900,0
2026-08-19 11:01:15,MRNA,62.7900,62.7900,62.7900,62.7900,0.0000,62.7900,0
2026-08-19 11:01:20,MRNA,62.7700,62.7700,62.7700,62.7700,100.0000,62.7700,1
2026-08-19 11:01:25,MRNA,62.7700,62.7700,62.7700,62.7700,0.0000,62.7700,0
2026-08-19 11:01:30,MRNA,62.8000,62.8000,62.8000,62.8000,108.0000,62.8000,1
2026-08-19 11:01:35,MRNA,62.8000,62.8000,62.8000,62.8000,0.0000,62.8000,0
2026-08-19 11:01:40,MRNA,62.8000,62.8000,62.8000,62.8000,0.0000,62.8000,0
2026-08-19 11:01:45,MRNA,62.8000,62.8000,62.8000,62.8000,0.0000,62.8000,0
2026-08-19 11:01:50,MRNA,62.8000,62.8000,62.8000,62.8000,0.0000,62.8000,0
2026-08-19 11:01:55,MRNA,62.8000,62.8000,62.8000,62.8000,0.0000,62.8000,0
2026-08-19 11:02:00,MRNA,62.8000,62.8000,62.8000,62.8000,0.0000,62.8000,0
2026-08-19 11:02:05,MRNA,62.8000,62.8000,62.8000,62.8000,0.0000,62.8000,0
2026-08-19 11:02:10,MRNA,62.9300,62.9300,62.9300,62.9300,111.0000,62.9300,1
2026-08-19 11:02:15,MRNA,62.9300,62.9300,62.9300,62.9300,0.0000,62.9300,0
2026-08-19 11:02:20,MRNA,62.9300,62.9300,62.9300,62.9300,0.0000,62.9300,0
2026-08-19 11:02:25,MRNA,62.9000,62.9000,62.9000,62.9000,100.0000,62.9000,1
2026-08-19 11:02:30,MRNA,62.9000,62.9000,62.9000,62.9000,0.0000,62.9000,0
2026-08-19 11:02:35,MRNA,62.9000,62.9000,62.9000,62.9000,0.0000,62.9000,0
2026-08-19 11:02:40,MRNA,62.9000,62.9000,62.9000,62.9000,0.0000,62.9000,0
2026-08-19 11:02:45,MRNA,62.9000,62.9000,62.9000,62.9000,0.0000,62.9000,0
2026-08-19 11:02:50,MRNA,62.9000,62.9000,62.9000,62.9000,0.0000,62.9000,0
2026-08-19 11:02:55,MRNA,62.9000,62.9000,62.9000,62.9000,0.0000,62.9000,0
2026-08-19 11:03:00,MRNA,62.9000,62.9000,62.9000,62.9000,0.0000,62.9000,0
2026-08-19 11:03:05,MRNA,62.9000,62.9000,62.9000,62.9000,0.0000,62.9000,0
2026-08-19 11:03:10,MRNA,62.9000,62.9000,62.9000,62.9000,0.0000,62.9000,0
2026-08-19 11:03:15,MRNA,62.9000,62.9000,62.9000,62.9000,0.0000,62.9000,0
2026-08-19 11:03:20,MRNA,62.9000,62.9000,62.9000,62.9000,0.0000,62.9000,0
2026-08-19 11:03:25,MRNA,62.9000,62.9000,62.9000,62.9000,0.0000,62.9000,0
2026-08-19 11:03:30,MRNA,62.9000,62.9000,62.9000,62.9000,0.0000,62.9000,0
2026-08-19 11:03:35,MRNA,62.9000,62.9000,62.9000,62.9000,0.0000,62.9000,0
2026-08-19 11:03:40,MRNA,62.9000,62.9000,62.9000,62.9000,0.0000,62.9000,0
2026-08-19 11:03:45,MRNA,62.9000,62.9000,62.9000,62.9000,0.0000,62.9000,0
2026-08-19 11:03:50,MRNA,62.9000,62.9000,62.9000,62.9000,0.0000,62.9000,0
2026-08-19 11:03:55,MRNA,62.9000,62.9000,62.9000,62.9000,0.0000,62.9000,0
2026-08-19 11:04:00,MRNA,62.9000,62.9000,62.9000,62.9000,0.0000,62.9000,0
2026-08-19 11:04:05,MRNA,62.9000,62.9000,62.9000,62.9000,0.0000,62.9000,0
2026-08-19 11:04:10,MRNA,62.9000,62.9000,62.9000,62.9000,0.0000,62.9000,0
2026-08-19 11:04:15,MRNA,62.9000,62.9000,62.9000,62.9000,0.0000,62.9000,0
2026-08-19 11:04:20,MRNA,62.9000,62.9000,62.9000,62.9000,0.0000,62.9000,0
2026-08-19 11:04:25,MRNA,62.9000,62.9000,62.9000,62.9000,0.0000,62.9000,0
2026-08-19 11:04:30,MRNA,62.9000,62.9000,62.9000,62.9000,0.0000,62.9000,0
2026-08-19 11:04:35,MRNA,62.9000,62.9000,62.9000,62.9000,0.0000,62.9000,0
2026-08-19 11:04:40,MRNA,62.9000,62.9000,62.9000,62.9000,0.0000,62.9000,0
2026-08-19 11:04:45,MRNA,62.9000,62.9000,62.9000,62.9000,0.0000,62.9000,0
2026-08-19 11:04:50,MRNA,62.9000,62.9000,62.9000,62.9000,0.0000,62.9000,0
2026-08-19 11:04:55,MRNA,62.9000,62.9000,62.9000,62.9000,0.0000,62.9000,0
2026-08-19 11:05:00,MRNA,62.9000,62.9000,62.9000,62.9000,0.0000,62.9000,0
2026-08-19 11:05:05,MRNA,62.9000,62.9000,62.9000,62.9000,0.0000,62.9000,0
2026-08-19 11:05:10,MRNA,62.9000,62.9000,62.9000,62.9000,0.0000,62.9000,0
2026-08-19 11:05:15,MRNA,62.9000,62.9000,62.9000,62.9000,0.0000,62.9000,0
2026-08-19 11:05:20,MRNA,62.9000,62.9000,62.9000,62.9000,0.0000,62.9000,0
2026-08-19 11:05:25,MRNA,62.9000,62.9000,62.9000,62.9000,0.0000,62.9000,0
2026-08-19 11:05:30,MRNA,62.9000,62.9000,62.9000,62.9000,0.0000,62.9000,0
2026-08-19 11:05:35,MRNA,62.9000,62.9000,62.9000,62.9000,0.0000,62.9000,0
2026-08-19 11:05:40,MRNA,62.9000,62.9000,62.9000,62.9000,0.0000,62.9000,0
2026-08-19 11:05:45,MRNA,62.9000,62.9000,62.9000,62.9000,0.0000,62.9000,0
2026-08-19 11:05:50,MRNA,62.9000,62.9000,62.9000,62.9000,0.0000,62.9000,0
2026-08-19 11:05:55,MRNA,62.9000,62.9000,62.9000,62.9000,0.0000,62.9000,0
2026-08-19 11:06:00,MRNA,62.9000,62.9000,62.9000,62.9000,0.0000,62.9000,0
2026-08-19 11:06:05,MRNA,62.9000,62.9000,62.9000,62.9000,0.0000,62.9000,0
2026-08-19 11:06:10,MRNA,62.9000,62.9000,62.9000,62.9000,0.0000,62.9000,0
2026-08-19 11:06:15,MRNA,62.9000,62.9000,62.9000,62.9000,0.0000,62.9000,0
2026-08-19 11:06:20,MRNA,62.9000,62.9000,62.9000,62.9000,0.0000,62.9000,0
2026-08-19 11:06:25,MRNA,62.9000,62.9000,62.9000,62.9000,0.0000,62.9000,0
2026-08-19 11:06:30,MRNA,62.9000,62.9000,62.9000,62.9000,0.0000,62.9000,0
2026-08-19 11:06:35,MRNA,62.9000,62.9000,62.9000,62.9000,0.0000,62.9000,0
2026-08-19 11:06:40,MRNA,62.9000,62.9000,62.9000,62.9000,0.0000,62.9000,0
2026-08-19 11:06:45,MRNA,62.9000,62.9000,62.9000,62.9000,0.0000,62.9000,0
2026-08-19 11:06:50,MRNA,62.9000,62.9000,62.9000,62.9000,0.0000,62.9000,0
2026-08-19 11:06:55,MRNA,62.9000,62.9000,62.9000,62.9000,0.0000,62.9000,0
2026-08-19 11:07:00,MRNA,62.9000,62.9000,62.9000,62.9000,0.0000,62.9000,0
2026-08-19 11:07:05,MRNA,62.9000,62.9000,62.9000,62.9000,0.0000,62.9000,0
2026-08-19 11:07:10,MRNA,62.9000,62.9000,62.9000,62.9000,0.0000,62.9000,0
2026-08-19 11:07:15,MRNA,62.9000,62.9000,62.9000,62.9000,0.0000,62.9000,0
2026-08-19 11:07:20,MRNA,62.9000,62.9000,62.9000,62.9000,0.0000,62.9000,0
2026-08-19 11:07:25,MRNA,62.9000,62.9000,62.9000,62.9000,0.0000,62.9000,0
2026-08-19 11:07:30,MRNA,62.9000,62.9000,62.9000,62.9000,0.0000,62.9000,0
2026-08-19 11:07:35,MRNA,62.9000,62.9000,62.9000,62.9000,0.0000,62.9000,0
2026-08-19 11:07:40,MRNA,62.9000,62.9000,62.9000,62.9000,0.0000,62.9000,0
2026-08-19 11:07:45,MRNA,62.9000,62.9000,62.9000,62.9000,0.0000,62.9000,0
2026-08-19 11:07:50,MRNA,62.9000,62.9000,62.9000,62.9000,0.0000,62.9000,0
2026-08-19 11:07:55,MRNA,62.9000,62.9000,62.9000,62.9000,0.0000,62.9000,0
2026-08-19 11:08:00,MRNA,62.9000,62.9000,62.9000,62.9000,0.0000,62.9000,0
2026-08-19 11:08:05,MRNA,62.9000,62.9000,62.9000,62.9000,0.0000,62.9000,0
2026-08-19 11:08:10,MRNA,62.9000,62.9000,62.9000,62.9000,0.0000,62.9000,0
2026-08-19 11:08:15,MRNA,62.9000,62.9000,62.9000,62.9000,0.0000,62.9000,0
2026-08-19 11:08:20,MRNA,62.9000,62.9000,62.9000,62.9000,0.0000,62.9000,0
2026-08-19 11:08:25,MRNA,62.9000,62.9000,62.9000,62.9000,0.0000,62.9000,0
2026-08-19 11:08:30,MRNA,62.9000,62.9000,62.9000,62.9000,0.0000,62.9000,0
2026-08-19 11:08:35,MRNA,62.9000,62.9000,62.9000,62.9000,0.0000,62.9000,0
2026-08-19 11:08:40,MRNA,62.9000,62.9000,62.9000,62.9000,0.0000,62.9000,0
2026-08-19 11:08:45,MRNA,62.9000,62.9000,62.9000,62.9000,0.0000,62.9000,0
2026-08-19 11:08:50,MRNA,62.9000,62.9000,62.9000,62.9000,0.0000,62.9000,0
2026-08-19 11:08:55,MRNA,62.9000,62.9000,62.9000,62.9000,0.0000,62.9000,0
2026-08-19 11:09:00,MRNA,62.9000,62.9000,62.9000,62.9000,0.0000,62.9000,0
2026-08-19 11:09:05,MRNA,62.9000,62.9000,62.9000,62.9000,0.0000,62.9000,0
2026-08-19 11:09:10,MRNA,62.9000,62.9000,62.9000,62.9000,0.0000,62.9000,0
2026-08-19 11:09:15,MRNA,62.9000,62.9000,62.9000,62.9000,0.0000,62.9000,0
2026-08-19 11:09:20,MRNA,62.9000,62.9000,62.9000,62.9000,0.0000,62.9000,0
2026-08-19 11:09:25,MRNA,62.9000,62.9000,62.9000,62.9000,0.0000,62.9000,0
2026-08-19 11:09:30,MRNA,62.9000,62.9000,62.9000,62.9000,0.0000,62.9000,0
2026-08-19 11:09:35,MRNA,62.9000,62.9000,62.9000,62.9000,0.0000,62.9000,0
2026-08-19 11:09:40,MRNA,62.9000,62.9000,62.9000,62.9000,0.0000,62.9000,0
2026-08-19 11:09:45,MRNA,62.9000,62.9000,62.9000,62.9000,0.0000,62.9000,0
2026-08-19 11:09:50,MRNA,62.9000,62.9000,62.9000,62.9000,0.0000,62.9000,0
2026-08-19 11:09:55,MRNA,62.9000,62.9000,62.9000,62.9000,0.0000,62.9000,0
2026-08-19 11:10:00,MRNA,62.9000,62.9000,62.9000,62.9000,0.0000,62.9000,0
2026-08-19 11:10:05,MRNA,62.9000,62.9000,62.9000,62.9000,0.0000,62.9000,0
2026-08-19 11:10:10,MRNA,62.9000,62.9000,62.9000,62.9000,0.0000,62.9000,0
2026-08-19 11:10:15,MRNA,62.9000,62.9000,62.9000,62.9000,0.0000,62.9000,0
2026-08-19 11:10:20,MRNA,62.9000,62.9000,62.9000,62.9000,0.0000,62.9000,0
2026-08-19 11:10:25,MRNA,62.9000,62.9000,62.9000,62.9000,0.0000,62.9000,0
2026-08-19 11:10:30,MRNA,62.9000,62.9000,62.9000,62.9000,0.0000,62.9000,0
2026-08-19 11:10:35,MRNA,62.8300,62.8300,62.8300,62.8300,400.0000,62.8300,2
2026-08-19 11:10:40,MRNA,62.8300,62.8300,62.8300,62.8300,0.0000,62.8300,0
2026-08-19 11:10:45,MRNA,62.9800,62.9800,62.9800,62.9800,219.0000,62.9800,1
2026-08-19 11:10:50,MRNA,62.9800,62.9800,62.9800,62.9800,0.0000,62.9800,0
2026-08-19 11:10:55,MRNA,62.9800,62.9800,62.9800,62.9800,0.0000,62.9800,0
2026-08-19 11:11:00,MRNA,62.9800,62.9800,62.9800,62.9800,0.0000,62.9800,0
2026-08-19 11:11:05,MRNA,62.9800,62.9800,62.9800,62.9800,0.0000,62.9800,0
2026-08-19 11:11:10,MRNA,62.9800,62.9800,62.9800,62.9800,0.0000,62.9800,0
2026-08-19 11:11:15,MRNA,62.9800,62.9800,62.9800,62.9800,0.0000,62.9800,0
2026-08-19 11:11:20,MRNA,62.9800,62.9800,62.9800,62.9800,0.0000,62.9800,0
2026-08-19 11:11:25,MRNA,62.9800,62.9800,62.9800,62.9800,0.0000,62.9800,0
2026-08-19 11:11:30,MRNA,62.9800,62.9800,62.9800,62.9800,0.0000,62.9800,0
2026-08-19 11:11:35,MRNA,62.9800,62.9800,62.9800,62.9800,0.0000,62.9800,0
2026-08-19 11:11:40,MRNA,62.9800,62.9800,62.9800,62.9800,0.0000,62.9800,0
2026-08-19 11:11:45,MRNA,62.9800,62.9800,62.9800,62.9800,0.0000,62.9800,0
2026-08-19 11:11:50,MRNA,62.9800,62.9800,62.9800,62.9800,0.0000,62.9800,0
2026-08-19 11:11:55,MRNA,62.9800,62.9800,62.9800,62.9800,0.0000,62.9800,0
2026-08-19 11:12:00,MRNA,62.9800,62.9800,62.9800,62.9800,0.0000,62.9800,0
2026-08-19 11:12:05,MRNA,62.9800,62.9800,62.9800,62.9800,0.0000,62.9800,0
2026-08-19 11:12:10,MRNA,62.9800,62.9800,62.9800,62.9800,0.0000,62.9800,0
2026-08-19 11:12:15,MRNA,62.9800,62.9800,62.9800,62.9800,0.0000,62.9800,0
2026-08-19 11:12:20,MRNA,62.9800,62.9800,62.9800,62.9800,0.0000,62.9800,0
2026-08-19 11:12:25,MRNA,62.9800,62.9800,62.9800,62.9800,0.0000,62.9800,0
2026-08-19 11:12:30,MRNA,62.9800,62.9800,62.9800,62.9800,0.0000,62.9800,0
2026-08-19 11:12:35,MRNA,62.9800,62.9800,62.9800,62.9800,0.0000,62.9800,0
2026-08-19 11:12:40,MRNA,62.9800,62.9800,62.9800,62.9800,0.0000,62.9800,0
2026-08-19 11:12:45,MRNA,62.9800,62.9800,62.9800,62.9800,0.0000,62.9800,0
2026-08-19 11:12:50,MRNA,62.9800,62.9800,62.9800,62.9800,0.0000,62.9800,0
2026-08-19 11:12:55,MRNA,62.9800,62.9800,62.9800,62.9800,0.0000,62.9800,0
2026-08-19 11:13:00,MRNA,62.9800,62.9800,62.9800,62.9800,0.0000,62.9800,0
2026-08-19 11:13:05,MRNA,62.9800,62.9800,62.9800,62.9800,0.0000,62.9800,0
2026-08-19 11:13:10,MRNA,62.9800,62.9800,62.9800,62.9800,0.0000,62.9800,0
2026-08-19 11:13:15,MRNA,62.9100,62.9100,62.9100,62.9100,332.0000,62.9100,1
2026-08-19 11:13:20,MRNA,62.9100,62.9100,62.9100,62.9100,0.0000,62.9100,0
2026-08-19 11:13:25,MRNA,62.9100,62.9100,62.9100,62.9100,0.0000,62.9100,0
2026-08-19 11:13:30,MRNA,62.9100,62.9100,62.9100,62.9100,0.0000,62.9100,0
2026-08-19 11:13:35,MRNA,62.9100,62.9100,62.9100,62.9100,0.0000,62.9100,0
2026-08-19 11:13:40,MRNA,62.9100,62.9100,62.9100,62.9100,0.0000,62.9100,0
2026-08-19 11:13:45,MRNA,62.9100,62.9100,62.9100,62.9100,0.0000,62.9100,0
2026-08-19 11:13:50,MRNA,62.9100,62.9100,62.9100,62.9100,0.0000,62.9100,0
2026-08-19 11:13:55,MRNA,62.9100,62.9100,62.9100,62.9100,0.0000,62.9100,0
2026-08-19 11:14:00,MRNA,62.9100,62.9100,62.9100,62.9100,0.0000,62.9100,0
2026-08-19 11:14:05,MRNA,62.9100,62.9100,62.9100,62.9100,0.0000,62.9100,0
2026-08-19 11:14:10,MRNA,62.9100,62.9100,62.9100,62.9100,0.0000,62.9100,0
2026-08-19 11:14:15,MRNA,62.9100,62.9100,62.9100,62.9100,0.0000,62.9100,0
2026-08-19 11:14:20,MRNA,62.9100,62.9100,62.9100,62.9100,0.0000,62.9100,0
2026-08-19 11:14:25,MRNA,62.9100,62.9100,62.9100,62.9100,0.0000,62.9100,0
2026-08-19 11:14:30,MRNA,62.9100,62.9100,62.9100,62.9100,0.0000,62.9100,0
2026-08-19 11:14:35,MRNA,62.9100,62.9100,62.9100,62.9100,0.0000,62.9100,0
2026-08-19 11:14:40,MRNA,62.9100,62.9100,62.9100,62.9100,0.0000,62.9100,0
2026-08-19 11:14:45,MRNA,62.9100,62.9100,62.9100,62.9100,0.0000,62.9100,0
2026-08-19 11:14:50,MRNA,62.9100,62.9100,62.9100,62.9100,0.0000,62.9100,0
2026-08-19 11:14:55,MRNA,62.9100,62.9100,62.9100,62.9100,0.0000,62.9100,0
2026-08-19 11:15:00,MRNA,62.9100,62.9100,62.9100,62.9100,0.0000,62.9100,0
2026-08-19 11:15:05,MRNA,62.9100,62.9100,62.9100,62.9100,0.0000,62.9100,0
2026-08-19 11:15:10,MRNA,62.9100,62.9100,62.9100,62.9100,0.0000,62.9100,0
2026-08-19 11:15:15,MRNA,62.9100,62.9100,62.9100,62.9100,0.0000,62.9100,0
2026-08-19 11:15:20,MRNA,62.9100,62.9100,62.9100,62.9100,0.0000,62.9100,0
2026-08-19 11:15:25,MRNA,62.9100,62.9100,62.9100,62.9100,0.0000,62.9100,0
2026-08-19 11:15:30,MRNA,62.9100,62.9100,62.9100,62.9100,0.0000,62.9100,0
2026-08-19 11:15:35,MRNA,62.9100,62.9100,62.9100,62.9100,0.0000,62.9100,0
2026-08-19 11:15:40,MRNA,62.9100,62.9100,62.9100,62.9100,0.0000,62.9100,0
2026-08-19 11:15:45,MRNA,62.9100,62.9100,62.9100,62.9100,0.0000,62.9100,0
2026-08-19 11:15:50,MRNA,62.9100,62.9100,62.9100,62.9100,0.0000,62.9100,0
2026-08-19 11:15:55,MRNA,62.9100,62.9100,62.9100,62.9100,0.0000,62.9100,0
2026-08-19 11:16:00,MRNA,62.9100,62.9100,62.9100,62.9100,0.0000,62.9100,0
2026-08-19 11:16:05,MRNA,62.9100,62.9100,62.9100,62.9100,0.0000,62.9100,0
2026-08-19 11:16:10,MRNA,62.9100,62.9100,62.9100,62.9100,0.0000,62.9100,0
2026-08-19 11:16:15,MRNA,62.9100,62.9100,62.9100,62.9100,0.0000,62.9100,0
2026-08-19 11:16:20,MRNA,62.9100,62.9100,62.9100,62.9100,0.0000,62.9100,0
2026-08-19 11:16:25,MRNA,62.9100,62.9100,62.9100,62.9100,0.0000,62.9100,0
2026-08-19 11:16:30,MRNA,62.9100,62.9100,62.9100,62.9100,0.0000,62.9100,0
2026-08-19 11:16:35,MRNA,62.9100,62.9100,62.9100,62.9100,0.0000,62.9100,0
2026-08-19 11:16:40,MRNA,62.9100,62.9100,62.9100,62.9100,0.0000,62.9100,0
2026-08-19 11:16:45,MRNA,62.9100,62.9100,62.9100,62.9100,0.0000,62.9100,0
2026-08-19 11:16:50,MRNA,62.9100,62.9100,62.9100,62.9100,0.0000,62.9100,0
2026-08-19 11:16:55,MRNA,62.9100,62.9100,62.9100,62.9100,0.0000,62.9100,0
2026-08-19 11:17:00,MRNA,62.9100,62.9100,62.9100,62.9100,0.0000,62.9100,0
2026-08-19 11:17:05,MRNA,62.9100,62.9100,62.9100,62.9100,0.0000,62.9100,0
2026-08-19 11:17:10,MRNA,62.9100,62.9100,62.9100,62.9100,0.0000,62.9100,0
2026-08-19 11:17:15,MRNA,62.9100,62.9100,62.9100,62.9100,0.0000,62.9100,0
2026-08-19 11:17:20,MRNA,62.9100,62.9100,62.9100,62.9100,0.0000,62.9100,0
2026-08-19 11:17:25,MRNA,62.9100,62.9100,62.9100,62.9100,0.0000,62.9100,0
2026-08-19 11:17:30,MRNA,62.9100,62.9100,62.9100,62.9100,0.0000,62.9100,0
2026-08-19 11:17:35,MRNA,62.9100,62.9100,62.9100,62.9100,0.0000,62.9100,0
2026-08-19 11:17:40,MRNA,62.9100,62.9100,62.9100,62.9100,0.0000,62.9100,0
2026-08-19 11:17:45,MRNA,62.9100,62.9100,62.9100,62.9100,0.0000,62.9100,0
2026-08-19 11:17:50,MRNA,62.9100,62.9100,62.9100,62.9100,0.0000,62.9100,0
2026-08-19 11:17:55,MRNA,62.9100,62.9100,62.9100,62.9100,0.0000,62.9100,0
2026-08-19 11:18:00,MRNA,62.9100,62.9100,62.9100,62.9100,0.0000,62.9100,0
2026-08-19 11:18:05,MRNA,62.9100,62.9100,62.9100,62.9100,0.0000,62.9100,0
2026-08-19 11:18:10,MRNA,62.9100,62.9100,62.9100,62.9100,0.0000,62.9100,0
2026-08-19 11:18:15,MRNA,62.9100,62.9100,62.9100,62.9100,0.0000,62.9100,0
2026-08-19 11:18:20,MRNA,62.9100,62.9100,62.9100,62.9100,0.0000,62.9100,0
2026-08-19 11:18:25,MRNA,62.9100,62.9100,62.9100,62.9100,0.0000,62.9100,0
2026-08-19 11:18:30,MRNA,62.9100,62.9100,62.9100,62.9100,0.0000,62.9100,0
2026-08-19 11:18:35,MRNA,62.9100,62.9100,62.9100,62.9100,0.0000,62.9100,0
2026-08-19 11:18:40,MRNA,62.9100,62.9100,62.9100,62.9100,0.0000,62.9100,0
2026-08-19 11:18:45,MRNA,62.9100,62.9100,62.9100,62.9100,0.0000,62.9100,0
2026-08-19 11:18:50,MRNA,62.9100,62.9100,62.9100,62.9100,0.0000,62.9100,0
2026-08-19 11:18:55,MRNA,62.9100,62.9100,62.9100,62.9100,0.0000,62.9100,0
2026-08-19 11:19:00,MRNA,62.9100,62.9100,62.9100,62.9100,0.0000,62.9100,0
2026-08-19 11:19:05,MRNA,62.9100,62.9100,62.9100,62.9100,0.0000,62.9100,0
2026-08-19 11:19:10,MRNA,62.9100,62.9100,62.9100,62.9100,0.0000,62.9100,0
2026-08-19 11:19:15,MRNA,62.9100,62.9100,62.9100,62.9100,0.0000,62.9100,0
2026-08-19 11:19:20,MRNA,62.9100,62.9100,62.9100,62.9100,0.0000,62.9100,0
2026-08-19 11:19:25,MRNA,62.9100,62.9100,62.9100,62.9100,0.0000,62.9100,0
2026-08-19 11:19:30,MRNA,62.9100,62.9100,62.9100,62.9100,0.0000,62.9100,0
2026-08-19 11:19:35,MRNA,62.9100,62.9100,62.9100,62.9100,0.0000,62.9100,0
2026-08-19 11:19:40,MRNA,62.9100,62.9100,62.9100,62.9100,0.0000,62.9100,0
2026-08-19 11:19:45,MRNA,62.9100,62.9100,62.9100,62.9100,0.0000,62.9100,0
2026-08-19 11:19:50,MRNA,62.9100,62.9100,62.9100,62.9100,0.0000,62.9100,0
2026-08-19 11:19:55,MRNA,62.9100,62.9100,62.9100,62.9100,0.0000,62.9100,0
2026-08-19 11:20:00,MRNA,62.9100,62.9100,62.9100,62.9100,0.0000,62.9100,0
2026-08-19 11:20:05,MRNA,62.9100,62.9100,62.9100,62.9100,0.0000,62.9100,0
2026-08-19 11:20:10,MRNA,62.9100,62.9100,62.9100,62.9100,0.0000,62.9100,0
2026-08-19 11:20:15,MRNA,62.9100,62.9100,62.9100,62.9100,0.0000,62.9100,0
2026-08-19 11:20:20,MRNA,62.9100,62.9100,62.9100,62.9100,0.0000,62.9100,0
2026-08-19 11:20:25,MRNA,62.9100,62.9100,62.9100,62.9100,0.0000,62.9100,0
2026-08-19 11:20:30,MRNA,62.9100,62.9100,62.9100,62.9100,0.0000,62.9100,0
2026-08-19 11:20:35,MRNA,62.9100,62.9100,62.9100,62.9100,0.0000,62.9100,0
2026-08-19 11:20:40,MRNA,62.9100,62.9100,62.9100,62.9100,0.0000,62.9100,0
2026-08-19 11:20:45,MRNA,62.9100,62.9100,62.9100,62.9100,0.0000,62.9100,0
2026-08-19 11:20:50,MRNA,62.9100,62.9100,62.9100,62.9100,0.0000,62.9100,0
2026-08-19 11:20:55,MRNA,62.9100,62.9100,62.9100,62.9100,0.0000,62.9100,0
2026-08-19 11:21:00,MRNA,62.9100,62.9100,62.9100,62.9100,0.0000,62.9100,0
2026-08-19 11:21:05,MRNA,62.9100,62.9100,62.9100,62.9100,0.0000,62.9100,0
2026-08-19 11:21:10,MRNA,62.9100,62.9100,62.9100,62.9100,0.0000,62.9100,0
2026-08-19 11:21:15,MRNA,62.9100,62.9100,62.9100,62.9100,0.0000,62.9100,0
2026-08-19 11:21:20,MRNA,62.9100,62.9100,62.9100,62.9100,0.0000,62.9100,0
2026-08-19 11:21:25,MRNA,62.9100,62.9100,62.9100,62.9100,0.0000,62.9100,0
2026-08-19 11:21:30,MRNA,62.9100,62.9100,62.9100,62.9100,0.0000,62.9100,0
2026-08-19 11:21:35,MRNA,62.9100,62.9100,62.9100,62.9100,0.0000,62.9100,0
2026-08-19 11:21:40,MRNA,62.9100,62.9100,62.9100,62.9100,0.0000,62.9100,0
2026-08-19 11:21:45,MRNA,62.9100,62.9100,62.9100,62.9100,0.0000,62.9100,0
2026-08-19 11:21:50,MRNA,62.9100,62.9100,62.9100,62.9100,0.0000,62.9100,0
2026-08-19 11:21:55,MRNA,62.9100,62.9100,62.9100,62.9100,0.0000,62.9100,0
2026-08-19 11:22:00,MRNA,62.9100,62.9100,62.9100,62.9100,0.0000,62.9100,0
2026-08-19 11:22:05,MRNA,62.9100,62.9100,62.9100,62.9100,0.0000,62.9100,0
2026-08-19 11:22:10,MRNA,62.9100,62.9100,62.9100,62.9100,0.0000,62.9100,0
2026-08-19 11:22:15,MRNA,62.9100,62.9100,62.9100,62.9100,0.0000,62.9100,0
2026-08-19 11:22:20,MRNA,62.9100,62.9100,62.9100,62.9100,0.0000,62.9100,0
2026-08-19 11:22:25,MRNA,62.9100,62.9100,62.9100,62.9100,0.0000,62.9100,0
2026-08-19 11:22:30,MRNA,62.9100,62.9100,62.9100,62.9100,0.0000,62.9100,0
2026-08-19 11:22:35,MRNA,62.9100,62.9100,62.9100,62.9100,0.0000,62.9100,0
2026-08-19 11:22:40,MRNA,62.9100,62.9100,62.9100,62.9100,0.0000,62.9100,0
2026-08-19 11:22:45,MRNA,62.9100,62.9100,62.9100,62.9100,0.0000,62.9100,0
2026-08-19 11:22:50,MRNA,62.9100,62.9100,62.9100,62.9100,0.0000,62.9100,0
2026-08-19 11:22:55,MRNA,62.9100,62.9100,62.9100,62.9100,0.0000,62.9100,0
2026-08-19 11:23:00,MRNA,62.9100,62.9100,62.9100,62.9100,0.0000,62.9100,0
2026-08-19 11:23:05,MRNA,62.9100,62.9100,62.9100,62.9100,0.0000,62.9100,0
2026-08-19 11:23:10,MRNA,62.9100,62.9100,62.9100,62.9100,0.0000,62.9100,0
2026-08-19 11:23:15,MRNA,62.9100,62.9100,62.9100,62.9100,0.0000,62.9100,0
2026-08-19 11:23:20,MRNA,62.9100,62.9100,62.9100,62.9100,0.0000,62.9100,0
2026-08-19 11:23:25,MRNA,62.9100,62.9100,62.9100,62.9100,0.0000,62.9100,0
2026-08-19 11:23:30,MRNA,62.9100,62.9100,62.9100,62.9100,0.0000,62.9100,0
2026-08-19 11:23:35,MRNA,62.9100,62.9100,62.9100,62.9100,0.0000,62.9100,0
2026-08-19 11:23:40,MRNA,62.9100,62.9100,62.9100,62.9100,0.0000,62.9100,0
2026-08-19 11:23:45,MRNA,62.9100,62.9100,62.9100,62.9100,0.0000,62.9100,0
2026-08-19 11:23:50,MRNA,62.9100,62.9100,62.9100,62.9100,0.0000,62.9100,0
2026-08-19 11:23:55,MRNA,62.9100,62.9100,62.9100,62.9100,0.0000,62.9100,0
2026-08-19 11:24:00,MRNA,62.9100,62.9100,62.9100,62.9100,0.0000,62.9100,0
2026-08-19 11:24:05,MRNA,62.9100,62.9100,62.9100,62.9100,0.0000,62.9100,0
2026-08-19 11:24:10,MRNA,62.9100,62.9100,62.9100,62.9100,0.0000,62.9100,0
2026-08-19 11:24:15,MRNA,62.9100,62.9100,62.9100,62.9100,0.0000,62.9100,0
2026-08-19 11:24:20,MRNA,62.9100,62.9100,62.9100,62.9100,0.0000,62.9100,0
2026-08-19 11:24:25,MRNA,62.9100,62.9100,62.9100,62.9100,0.0000,62.9100,0
2026-08-19 11:24:30,MRNA,62.9100,62.9100,62.9100,62.9100,0.0000,62.9100,0
2026-08-19 11:24:35,MRNA,62.9100,62.9100,62.9100,62.9100,0.0000,62.9100,0
2026-08-19 11:24:40,MRNA,62.9100,62.9100,62.9100,62.9100,0.0000,62.9100,0
2026-08-19 11:24:45,MRNA,62.9100,62.9100,62.9100,62.9100,0.0000,62.9100,0
2026-08-19 11:24:50,MRNA,62.9100,62.9100,62.9100,62.9100,0.0000,62.9100,0
2026-08-19 11:24:55,MRNA,62.9100,62.9100,62.9100,62.9100,0.0000,62.9100,0
2026-08-19 11:25:00,MRNA,62.9100,62.9100,62.9100,62.9100,0.0000,62.9100,0
2026-08-19 11:25:05,MRNA,62.9100,62.9100,62.9100,62.9100,0.0000,62.9100,0
2026-08-19 11:25:10,MRNA,62.9100,62.9100,62.9100,62.9100,0.0000,62.9100,0
2026-08-19 11:25:15,MRNA,62.9100,62.9100,62.9100,62.9100,0.0000,62.9100,0
2026-08-19 11:25:20,MRNA,62.9100,62.9100,62.9100,62.9100,0.0000,62.9100,0
2026-08-19 11:25:25,MRNA,62.9100,62.9100,62.9100,62.9100,0.0000,62.9100,0
2026-08-19 11:25:30,MRNA,62.9100,62.9100,62.9100,62.9100,0.0000,62.9100,0
2026-08-19 11:25:35,MRNA,62.9100,62.9100,62.9100,62.9100,0.0000,62.9100,0
2026-08-19 11:25:40,MRNA,62.9100,62.9100,62.9100,62.9100,0.0000,62.9100,0
2026-08-19 11:25:45,MRNA,62.9100,62.9100,62.9100,62.9100,0.0000,62.9100,0
2026-08-19 11:25:50,MRNA,62.9100,62.9100,62.9100,62.9100,0.0000,62.9100,0
2026-08-19 11:25:55,MRNA,62.9100,62.9100,62.9100,62.9100,0.0000,62.9100,0
2026-08-19 11:26:00,MRNA,62.9100,62.9100,62.9100,62.9100,0.0000,62.9100,0
2026-08-19 11:26:05,MRNA,62.9100,62.9100,62.9100,62.9100,0.0000,62.9100,0
2026-08-19 11:26:10,MRNA,62.9100,62.9100,62.9100,62.9100,0.0000,62.9100,0
2026-08-19 11:26:15,MRNA,62.9100,62.9100,62.9100,62.9100,0.0000,62.9100,0
2026-08-19 11:26:20,MRNA,62.9100,62.9100,62.9100,62.9100,0.0000,62.9100,0
2026-08-19 11:26:25,MRNA,62.9100,62.9100,62.9100,62.9100,0.0000,62.9100,0
2026-08-19 11:26:30,MRNA,62.9100,62.9100,62.9100,62.9100,0.0000,62.9100,0
2026-08-19 11:26:35,MRNA,62.9100,62.9100,62.9100,62.9100,0.0000,62.9100,0
2026-08-19 11:26:40,MRNA,62.9100,62.9100,62.9100,62.9100,0.0000,62.9100,0
2026-08-19 11:26:45,MRNA,62.9100,62.9100,62.9100,62.9100,0.0000,62.9100,0
2026-08-19 11:26:50,MRNA,62.9100,62.9100,62.9100,62.9100,0.0000,62.9100,0
2026-08-19 11:26:55,MRNA,62.9100,62.9100,62.9100,62.9100,0.0000,62.9100,0
2026-08-19 11:27:00,MRNA,62.9100,62.9100,62.9100,62.9100,0.0000,62.9100,0
2026-08-19 11:27:05,MRNA,62.9100,62.9100,62.9100,62.9100,0.0000,62.9100,0
2026-08-19 11:27:10,MRNA,62.9100,62.9100,62.9100,62.9100,0.0000,62.9100,0
2026-08-19 11:27:15,MRNA,62.9100,62.9100,62.9100,62.9100,0.0000,62.9100,0
2026-08-19 11:27:20,MRNA,62.9100,62.9100,62.9100,62.9100,0.0000,62.9100,0
2026-08-19 11:27:25,MRNA,62.9100,62.9100,62.9100,62.9100,0.0000,62.9100,0
2026-08-19 11:27:30,MRNA,62.9100,62.9100,62.9100,62.9100,0.0000,62.9100,0
2026-08-19 11:27:35,MRNA,62.9100,62.9100,62.9100,62.9100,0.0000,62.9100,0
2026-08-19 11:27:40,MRNA,62.9100,62.9100,62.9100,62.9100,0.0000,62.9100,0
2026-08-19 11:27:45,MRNA,62.9100,62.9100,62.9100,62.9100,0.0000,62.9100,0
2026-08-19 11:27:50,MRNA,62.9100,62.9100,62.9100,62.9100,0.0000,62.9100,0
2026-08-19 11:27:55,MRNA,62.9100,62.9100,62.9100,62.9100,0.0000,62.9100,0
2026-08-19 11:28:00,MRNA,62.9100,62.9100,62.9100,62.9100,0.0000,62.9100,0
2026-08-19 11:28:05,MRNA,62.9100,62.9100,62.9100,62.9100,0.0000,62.9100,0
2026-08-19 11:28:10,MRNA,62.9100,62.9100,62.9100,62.9100,0.0000,62.9100,0
2026-08-19 11:28:15,MRNA,62.9100,62.9100,62.9100,62.9100,0.0000,62.9100,0
2026-08-19 11:28:20,MRNA,62.9100,62.9100,62.9100,62.9100,0.0000,62.9100,0
2026-08-19 11:28:25,MRNA,62.9100,62.9100,62.9100,62.9100,0.0000,62.9100,0
2026-08-19 11:28:30,MRNA,62.9100,62.9100,62.9100,62.9100,0.0000,62.9100,0
2026-08-19 11:28:35,MRNA,62.9100,62.9100,62.9100,62.9100,0.0000,62.9100,0
2026-08-19 11:28:40,MRNA,62.9100,62.9100,62.9100,62.9100,0.0000,62.9100,0
2026-08-19 11:28:45,MRNA,62.9100,62.9100,62.9100,62.9100,0.0000,62.9100,0
2026-08-19 11:28:50,MRNA,62.9100,62.9100,62.9100,62.9100,0.0000,62.9100,0
2026-08-19 11:28:55,MRNA,62.9100,62.9100,62.9100,62.9100,0.0000,62.9100,0
2026-08-19 11:29:00,MRNA,62.9100,62.9100,62.9100,62.9100,0.0000,62.9100,0
2026-08-19 11:29:05,MRNA,62.9100,62.9100,62.9100,62.9100,0.0000,62.9100,0
2026-08-19 11:29:10,MRNA,62.9100,62.9100,62.9100,62.9100,0.0000,62.9100,0
2026-08-19 11:29:15,MRNA,62.9100,62.9100,62.9100,62.9100,0.0000,62.9100,0
2026-08-19 11:29:20,MRNA,62.9100,62.9100,62.9100,62.9100,0.0000,62.9100,0
2026-08-19 11:29:25,MRNA,62.9100,62.9100,62.9100,62.9100,0.0000,62.9100,0
2026-08-19 11:29:30,MRNA,62.9100,62.9100,62.9100,62.9100,0.0000,62.9100,0
2026-08-19 11:29:35,MRNA,62.9100,62.9100,62.9100,62.9100,0.0000,62.9100,0
2026-08-19 11:29:40,MRNA,62.9100,62.9100,62.9100,62.9100,0.0000,62.9100,0
2026-08-19 11:29:45,MRNA,62.9100,62.9100,62.9100,62.9100,0.0000,62.9100,0
2026-08-19 11:29:50,MRNA,62.9100,62.9100,62.9100,62.9100,0.0000,62.9100,0
2026-08-19 11:29:55,MRNA,62.9100,62.9100,62.9100,62.9100,0.0000,62.9100,0
2026-08-19 11:30:00,MRNA,62.9100,62.9100,62.9100,62.9100,0.0000,62.9100,0
2026-08-19 11:30:05,MRNA,62.9100,62.9100,62.9100,62.9100,0.0000,62.9100,0
2026-08-19 11:30:10,MRNA,62.9100,62.9100,62.9100,62.9100,0.0000,62.9100,0
2026-08-19 11:30:15,MRNA,62.9100,62.9100,62.9100,62.9100,0.0000,62.9100,0
2026-08-19 11:30:20,MRNA,62.9100,62.9100,62.9100,62.9100,0.0000,62.9100,0
2026-08-19 11:30:25,MRNA,62.9100,62.9100,62.9100,62.9100,0.0000,62.9100,0
2026-08-19 11:30:30,MRNA,62.9100,62.9100,62.9100,62.9100,0.0000,62.9100,0
2026-08-19 11:30:35,MRNA,62.9100,62.9100,62.9100,62.9100,0.0000,62.9100,0
2026-08-19 11:30:40,MRNA,62.9100,62.9100,62.9100,62.9100,0.0000,62.9100,0
2026-08-19 11:30:45,MRNA,62.9100,62.9100,62.9100,62.9100,0.0000,62.9100,0
2026-08-19 11:30:50,MRNA,62.9100,62.9100,62.9100,62.9100,0.0000,62.9100,0
2026-08-19 11:30:55,MRNA,62.9100,62.9100,62.9100,62.9100,0.0000,62.9100,0
2026-08-19 11:31:00,MRNA,62.9100,62.9100,62.9100,62.9100,0.0000,62.9100,0
2026-08-19 11:31:05,MRNA,62.9100,62.9100,62.9100,62.9100,0.0000,62.9100,0
2026-08-19 11:31:10,MRNA,62.9100,62.9100,62.9100,62.9100,0.0000,62.9100,0
2026-08-19 11:31:15,MRNA,62.9100,62.9100,62.9100,62.9100,0.0000,62.9100,0
2026-08-19 11:31:20,MRNA,62.9100,62.9100,62.9100,62.9100,0.0000,62.9100,0
2026-08-19 11:31:25,MRNA,62.9100,62.9100,62.9100,62.9100,0.0000,62.9100,0
2026-08-19 11:31:30,MRNA,62.9100,62.9100,62.9100,62.9100,0.0000,62.9100,0
2026-08-19 11:31:35,MRNA,62.9100,62.9100,62.9100,62.9100,0.0000,62.9100,0
2026-08-19 11:31:40,MRNA,62.9100,62.9100,62.9100,62.9100,0.0000,62.9100,0
2026-08-19 11:31:45,MRNA,62.9100,62.9100,62.9100,62.9100,0.0000,62.9100,0
2026-08-19 11:31:50,MRNA,62.9100,62.9100,62.9100,62.9100,0.0000,62.9100,0
2026-08-19 11:31:55,MRNA,62.9100,62.9100,62.9100,62.9100,0.0000,62.9100,0
2026-08-19 11:32:00,MRNA,62.9100,62.9100,62.9100,62.9100,0.0000,62.9100,0
2026-08-19 11:32:05,MRNA,62.9100,62.9100,62.9100,62.9100,0.0000,62.9100,0
2026-08-19 11:32:10,MRNA,62.9100,62.9100,62.9100,62.9100,0.0000,62.9100,0
2026-08-19 11:32:15,MRNA,62.9100,62.9100,62.9100,62.9100,0.0000,62.9100,0
2026-08-19 11:32:20,MRNA,62.9100,62.9100,62.9100,62.9100,0.0000,62.9100,0
2026-08-19 11:32:25,MRNA,62.9100,62.9100,62.9100,62.9100,0.0000,62.9100,0
2026-08-19 11:32:30,MRNA,62.9100,62.9100,62.9100,62.9100,0.0000,62.9100,0
2026-08-19 11:32:35,MRNA,62.9100,62.9100,62.9100,62.9100,0.0000,62.9100,0
2026-08-19 11:32:40,MRNA,62.9100,62.9100,62.9100,62.9100,0.0000,62.9100,0
2026-08-19 11:32:45,MRNA,62.9100,62.9100,62.9100,62.9100,0.0000,62.9100,0
2026-08-19 11:32:50,MRNA,62.9100,62.9100,62.9100,62.9100,0.0000,62.9100,0
2026-08-19 11:32:55,MRNA,62.9100,62.9100,62.9100,62.9100,0.0000,62.9100,0
2026-08-19 11:33:00,MRNA,62.9100,62.9100,62.9100,62.9100,0.0000,62.9100,0
2026-08-19 11:33:05,MRNA,62.9100,62.9100,62.9100,62.9100,0.0000,62.9100,0
2026-08-19 11:33:10,MRNA,62.9100,62.9100,62.9100,62.9100,0.0000,62.9100,0
2026-08-19 11:33:15,MRNA,62.9100,62.9100,62.9100,62.9100,0.0000,62.9100,0
2026-08-19 11:33:20,MRNA,62.9100,62.9100,62.9100,62.9100,0.0000,62.9100,0
2026-08-19 11:33:25,MRNA,62.9100,62.9100,62.9100,62.9100,0.0000,62.9100,0
2026-08-19 11:33:30,MRNA,62.9100,62.9100,62.9100,62.9100,0.0000,62.9100,0
2026-08-19 11:33:35,MRNA,62.9100,62.9100,62.9100,62.9100,0.0000,62.9100,0
2026-08-19 11:33:40,MRNA,62.9100,62.9100,62.9100,62.9100,0.0000,62.9100,0
2026-08-19 11:33:45,MRNA,62.9100,62.9100,62.9100,62.9100,0.0000,62.9100,0
2026-08-19 11:33:50,MRNA,62.9100,62.9100,62.9100,62.9100,0.0000,62.9100,0
2026-08-19 11:33:55,MRNA,62.9100,62.9100,62.9100,62.9100,0.0000,62.9100,0
2026-08-19 11:34:00,MRNA,62.9100,62.9100,62.9100,62.9100,0.0000,62.9100,0
2026-08-19 11:34:05,MRNA,62.9100,62.9100,62.9100,62.9100,0.0000,62.9100,0
2026-08-19 11:34:10,MRNA,62.9100,62.9100,62.9100,62.9100,0.0000,62.9100,0
2026-08-19 11:34:15,MRNA,62.9100,62.9100,62.9100,62.9100,0.0000,62.9100,0
2026-08-19 11:34:20,MRNA,62.9100,62.9100,62.9100,62.9100,0.0000,62.9100,0
2026-08-19 11:34:25,MRNA,62.9100,62.9100,62.9100,62.9100,0.0000,62.9100,0
2026-08-19 11:34:30,MRNA,62.9100,62.9100,62.9100,62.9100,0.0000,62.9100,0
2026-08-19 11:34:35,MRNA,62.9100,62.9100,62.9100,62.9100,0.0000,62.9100,0
2026-08-19 11:34:40,MRNA,62.9100,62.9100,62.9100,62.9100,0.0000,62.9100,0
2026-08-19 11:34:45,MRNA,62.9100,62.9100,62.9100,62.9100,0.0000,62.9100,0
2026-08-19 11:34:50,MRNA,62.9100,62.9100,62.9100,62.9100,0.0000,62.9100,0
2026-08-19 11:34:55,MRNA,62.9100,62.9100,62.9100,62.9100,0.0000,62.9100,0
2026-08-19 11:35:00,MRNA,62.9100,62.9100,62.9100,62.9100,0.0000,62.9100,0
2026-08-19 11:35:05,MRNA,62.9100,62.9100,62.9100,62.9100,0.0000,62.9100,0
2026-08-19 11:35:10,MRNA,62.9100,62.9100,62.9100,62.9100,0.0000,62.9100,0
2026-08-19 11:35:15,MRNA,62.9100,62.9100,62.9100,62.9100,0.0000,62.9100,0
2026-08-19 11:35:20,MRNA,62.9100,62.9100,62.9100,62.9100,0.0000,62.9100,0
2026-08-19 11:35:25,MRNA,62.9100,62.9100,62.9100,62.9100,0.0000,62.9100,0
2026-08-19 11:35:30,MRNA,62.9100,62.9100,62.9100,62.9100,0.0000,62.9100,0
2026-08-19 11:35:35,MRNA,62.9100,62.9100,62.9100,62.9100,0.0000,62.9100,0
2026-08-19 11:35:40,MRNA,62.9100,62.9100,62.9100,62.9100,0.0000,62.9100,0
2026-08-19 11:35:45,MRNA,62.9100,62.9100,62.9100,62.9100,0.0000,62.9100,0
2026-08-19 11:35:50,MRNA,62.9100,62.9100,62.9100,62.9100,0.0000,62.9100,0
2026-08-19 11:35:55,MRNA,62.9100,62.9100,62.9100,62.9100,0.0000,62.9100,0
2026-08-19 11:36:00,MRNA,62.9100,62.9100,62.9100,62.9100,0.0000,62.9100,0
2026-08-19 11:36:05,MRNA,62.9100,62.9100,62.9100,62.9100,0.0000,62.9100,0
2026-08-19 11:36:10,MRNA,62.9100,62.9100,62.9100,62.9100,0.0000,62.9100,0
2026-08-19 11:36:15,MRNA,62.9100,62.9100,62.9100,62.9100,0.0000,62.9100,0
2026-08-19 11:36:20,MRNA,62.9100,62.9100,62.9100,62.9100,0.0000,62.9100,0
2026-08-19 11:36:25,MRNA,62.9100,62.9100,62.9100,62.9100,0.0000,62.9100,0
2026-08-19 11:36:30,MRNA,62.9100,62.9100,62.9100,62.9100,0.0000,62.9100,0
2026-08-19 11:36:35,MRNA,62.9100,62.9100,62.9100,62.9100,0.0000,62.9100,0
2026-08-19 11:36:40,MRNA,62.9100,62.9100,62.9100,62.9100,0.0000,62.9100,0
2026-08-19 11:36:45,MRNA,62.9100,62.9100,62.9100,62.9100,0.0000,62.9100,0
2026-08-19 11:36:50,MRNA,62.9100,62.9100,62.9100,62.9100,0.0000,62.9100,0
2026-08-19 11:36:55,MRNA,62.9100,62.9100,62.9100,62.9100,0.0000,62.9100,0
2026-08-19 11:37:00,MRNA,62.9100,62.9100,62.9100,62.9100,0.0000,62.9100,0
2026-08-19 11:37:05,MRNA,62.9100,62.9100,62.9100,62.9100,0.0000,62.9100,0
2026-08-19 11:37:10,MRNA,62.9100,62.9100,62.9100,62.9100,0.0000,62.9100,0
2026-08-19 11:37:15,MRNA,62.9100,62.9100,62.9100,62.9100,0.0000,62.9100,0
2026-08-19 11:37:20,MRNA,62.9100,62.9100,62.9100,62.9100,0.0000,62.9100,0
2026-08-19 11:37:25,MRNA,62.9100,62.9100,62.9100,62.9100,0.0000,62.9100,0
2026-08-19 11:37:30,MRNA,62.9100,62.9100,62.9100,62.9100,0.0000,62.9100,0
2026-08-19 11:37:35,MRNA,62.9100,62.9100,62.9100,62.9100,0.0000,62.9100,0
2026-08-19 11:37:40,MRNA,62.9100,62.9100,62.9100,62.9100,0.0000,62.9100,0
2026-08-19 11:37:45,MRNA,62.9100,62.9100,62.9100,62.9100,0.0000,62.9100,0
2026-08-19 11:37:50,MRNA,62.9100,62.9100,62.9100,62.9100,0.0000,62.9100,0
2026-08-19 11:37:55,MRNA,62.9100,62.9100,62.9100,62.9100,0.0000,62.9100,0
2026-08-19 11:38:00,MRNA,62.9100,62.9100,62.9100,62.9100,0.0000,62.9100,0
2026-08-19 11:38:05,MRNA,62.9100,62.9100,62.9100,62.9100,0.0000,62.9100,0
2026-08-19 11:38:10,MRNA,62.9100,62.9100,62.9100,62.9100,0.0000,62.9100,0
2026-08-19 11:38:15,MRNA,62.9100,62.9100,62.9100,62.9100,0.0000,62.9100,0
2026-08-19 11:38:20,MRNA,62.9100,62.9100,62.9100,62.9100,0.0000,62.9100,0
2026-08-19 11:38:25,MRNA,62.9100,62.9100,62.9100,62.9100,0.0000,62.9100,0
2026-08-19 11:38:30,MRNA,62.9100,62.9100,62.9100,62.9100,0.0000,62.9100,0
2026-08-19 11:38:35,MRNA,62.9100,62.9100,62.9100,62.9100,0.0000,62.9100,0
2026-08-19 11:38:40,MRNA,62.9100,62.9100,62.9100,62.9100,0.0000,62.9100,0
2026-08-19 11:38:45,MRNA,62.9100,62.9100,62.9100,62.9100,0.0000,62.9100,0
2026-08-19 11:38:50,MRNA,62.9100,62.9100,62.9100,62.9100,0.0000,62.9100,0
2026-08-19 11:38:55,MRNA,62.9100,62.9100,62.9100,62.9100,0.0000,62.9100,0
2026-08-19 11:39:00,MRNA,62.9100,62.9100,62.9100,62.9100,0.0000,62.9100,0
2026-08-19 11:39:05,MRNA,62.9100,62.9100,62.9100,62.9100,0.0000,62.9100,0
2026-08-19 11:39:10,MRNA,62.9100,62.9100,62.9100,62.9100,0.0000,62.9100,0
2026-08-19 11:39:15,MRNA,62.9100,62.9100,62.9100,62.9100,0.0000,62.9100,0
2026-08-19 11:39:20,MRNA,62.9100,62.9100,62.9100,62.9100,0.0000,62.9100,0
2026-08-19 11:39:25,MRNA,62.9100,62.9100,62.9100,62.9100,0.0000,62.9100,0
2026-08-19 11:39:30,MRNA,62.9100,62.9100,62.9100,62.9100,0.0000,62.9100,0
2026-08-19 11:39:35,MRNA,62.9100,62.9100,62.9100,62.9100,0.0000,62.9100,0
2026-08-19 11:39:40,MRNA,62.9100,62.9100,62.9100,62.9100,0.0000,62.9100,0
2026-08-19 11:39:45,MRNA,62.9100,62.9100,62.9100,62.9100,0.0000,62.9100,0
2026-08-19 11:39:50,MRNA,62.9100,62.9100,62.9100,62.9100,0.0000,62.9100,0
2026-08-19 11:39:55,MRNA,62.9100,62.9100,62.9100,62.9100,0.0000,62.9100,0
2026-08-19 11:40:00,MRNA,62.9100,62.9100,62.9100,62.9100,0.0000,62.9100,0
2026-08-19 11:40:05,MRNA,62.9100,62.9100,62.9100,62.9100,0.0000,62.9100,0
2026-08-19 11:40:10,MRNA,62.9100,62.9100,62.9100,62.9100,0.0000,62.9100,0
2026-08-19 11:40:15,MRNA,62.9100,62.9100,62.9100,62.9100,0.0000,62.9100,0
2026-08-19 11:40:20,MRNA,62.9100,62.9100,62.9100,62.9100,0.0000,62.9100,0
2026-08-19 11:40:25,MRNA,62.9100,62.9100,62.9100,62.9100,0.0000,62.9100,0
2026-08-19 11:40:30,MRNA,62.9100,62.9100,62.9100,62.9100,0.0000,62.9100,0
2026-08-19 11:40:35,MRNA,62.9100,62.9100,62.9100,62.9100,0.0000,62.9100,0
2026-08-19 11:40:40,MRNA,62.9100,62.9100,62.9100,62.9100,0.0000,62.9100,0
2026-08-19 11:40:45,MRNA,62.9100,62.9100,62.9100,62.9100,0.0000,62.9100,0
2026-08-19 11:40:50,MRNA,62.9100,62.9100,62.9100,62.9100,0.0000,62.9100,0
2026-08-19 11:40:55,MRNA,62.9100,62.9100,62.9100,62.9100,0.0000,62.9100,0
2026-08-19 11:41:00,MRNA,62.9100,62.9100,62.9100,62.9100,0.0000,62.9100,0
2026-08-19 11:41:05,MRNA,62.9100,62.9100,62.9100,62.9100,0.0000,62.9100,0
2026-08-19 11:41:10,MRNA,62.9100,62.9100,62.9100,62.9100,0.0000,62.9100,0
2026-08-19 11:41:15,MRNA,62.9100,62.9100,62.9100,62.9100,0.0000,62.9100,0
2026-08-19 11:41:20,MRNA,62.9100,62.9100,62.9100,62.9100,0.0000,62.9100,0
2026-08-19 11:41:25,MRNA,62.9100,62.9100,62.9100,62.9100,0.0000,62.9100,0
2026-08-19 11:41:30,MRNA,62.9100,62.9100,62.9100,62.9100,0.0000,62.9100,0
2026-08-19 11:41:35,MRNA,62.9100,62.9100,62.9100,62.9100,0.0000,62.9100,0
2026-08-19 11:41:40,MRNA,62.9100,62.9100,62.9100,62.9100,0.0000,62.9100,0
2026-08-19 11:41:45,MRNA,62.9100,62.9100,62.9100,62.9100,0.0000,62.9100,0
2026-08-19 11:41:50,MRNA,62.9100,62.9100,62.9100,62.9100,0.0000,62.9100,0
2026-08-19 11:41:55,MRNA,62.9100,62.9100,62.9100,62.9100,0.0000,62.9100,0
2026-08-19 11:42:00,MRNA,62.9100,62.9100,62.9100,62.9100,0.0000,62.9100,0
2026-08-19 11:42:05,MRNA,62.9100,62.9100,62.9100,62.9100,0.0000,62.9100,0
2026-08-19 11:42:10,MRNA,62.9100,62.9100,62.9100,62.9100,0.0000,62.9100,0
2026-08-19 11:42:15,MRNA,62.9100,62.9100,62.9100,62.9100,0.0000,62.9100,0
2026-08-19 11:42:20,MRNA,62.9100,62.9100,62.9100,62.9100,0.0000,62.9100,0
2026-08-19 11:42:25,MRNA,62.9100,62.9100,62.9100,62.9100,0.0000,62.9100,0
2026-08-19 11:42:30,MRNA,62.9100,62.9100,62.9100,62.9100,0.0000,62.9100,0
2026-08-19 11:42:35,MRNA,62.9100,62.9100,62.9100,62.9100,0.0000,62.9100,0
2026-08-19 11:42:40,MRNA,62.9100,62.9100,62.9100,62.9100,0.0000,62.9100,0
2026-08-19 11:42:45,MRNA,62.9100,62.9100,62.9100,62.9100,0.0000,62.9100,0
2026-08-19 11:42:50,MRNA,62.9100,62.9100,62.9100,62.9100,0.0000,62.9100,0
2026-08-19 11:42:55,MRNA,62.9100,62.9100,62.9100,62.9100,0.0000,62.9100,0
2026-08-19 11:43:00,MRNA,62.9100,62.9100,62.9100,62.9100,0.0000,62.9100,0
2026-08-19 11:43:05,MRNA,62.9100,62.9100,62.9100,62.9100,0.0000,62.9100,0
2026-08-19 11:43:10,MRNA,62.9100,62.9100,62.9100,62.9100,0.0000,62.9100,0
2026-08-19 11:43:15,MRNA,62.9100,62.9100,62.9100,62.9100,0.0000,62.9100,0
2026-08-19 11:43:20,MRNA,62.9100,62.9100,62.9100,62.9100,0.0000,62.9100,0
2026-08-19 11:43:25,MRNA,62.9100,62.9100,62.9100,62.9100,0.0000,62.9100,0
2026-08-19 11:43:30,MRNA,62.9100,62.9100,62.9100,62.9100,0.0000,62.9100,0
2026-08-19 11:43:35,MRNA,62.9100,62.9100,62.9100,62.9100,0.0000,62.9100,0
2026-08-19 11:43:40,MRNA,62.9100,62.9100,62.9100,62.9100,0.0000,62.9100,0
2026-08-19 11:43:45,MRNA,62.9100,62.9100,62.9100,62.9100,0.0000,62.9100,0
2026-08-19 11:43:50,MRNA,62.9100,62.9100,62.9100,62.9100,0.0000,62.9100,0
2026-08-19 11:43:55,MRNA,62.9100,62.9100,62.9100,62.9100,0.0000,62.9100,0
2026-08-19 11:44:00,MRNA,62.9100,62.9100,62.9100,62.9100,0.0000,62.9100,0
2026-08-19 11:44:05,MRNA,62.9100,62.9100,62.9100,62.9100,0.0000,62.9100,0
2026-08-19 11:44:10,MRNA,62.9100,62.9100,62.9100,62.9100,0.0000,62.9100,0
2026-08-19 11:44:15,MRNA,62.9100,62.9100,62.9100,62.9100,0.0000,62.9100,0
2026-08-19 11:44:20,MRNA,62.9100,62.9100,62.9100,62.9100,0.0000,62.9100,0
2026-08-19 11:44:25,MRNA,62.9100,62.9100,62.9100,62.9100,0.0000,62.9100,0
2026-08-19 11:44:30,MRNA,62.9100,62.9100,62.9100,62.9100,0.0000,62.9100,0
2026-08-19 11:44:35,MRNA,62.9100,62.9100,62.9100,62.9100,0.0000,62.9100,0
2026-08-19 11:44:40,MRNA,62.9100,62.9100,62.9100,62.9100,0.0000,62.9100,0
2026-08-19 11:44:45,MRNA,62.9100,62.9100,62.9100,62.9100,0.0000,62.9100,0
2026-08-19 11:44:50,MRNA,62.9100,62.9100,62.9100,62.9100,0.0000,62.9100,0
2026-08-19 11:44:55,MRNA,62.9100,62.9100,62.9100,62.9100,0.0000,62.9100,0
2026-08-19 11:45:00,MRNA,62.9100,62.9100,62.9100,62.9100,0.0000,62.9100,0
2026-08-19 11:45:05,MRNA,62.9100,62.9100,62.9100,62.9100,0.0000,62.9100,0
2026-08-19 11:45:10,MRNA,62.9100,62.9100,62.9100,62.9100,0.0000,62.9100,0
2026-08-19 11:45:15,MRNA,62.9100,62.9100,62.9100,62.9100,0.0000,62.9100,0
2026-08-19 11:45:20,MRNA,62.9100,62.9100,62.9100,62.9100,0.0000,62.9100,0
2026-08-19 11:45:25,MRNA,62.9100,62.9100,62.9100,62.9100,0.0000,62.9100,0
2026-08-19 11:45:30,MRNA,62.9100,62.9100,62.9100,62.9100,0.0000,62.9100,0
2026-08-19 11:45:35,MRNA,62.9100,62.9100,62.9100,62.9100,0.0000,62.9100,0
2026-08-19 11:45:40,MRNA,62.9100,62.9100,62.9100,62.9100,0.0000,62.9100,0
2026-08-19 11:45:45,MRNA,62.9100,62.9100,62.9100,62.9100,0.0000,62.9100,0
2026-08-19 11:45:50,MRNA,62.9100,62.9100,62.9100,62.9100,0.0000,62.9100,0
2026-08-19 11:45:55,MRNA,62.9100,62.9100,62.9100,62.9100,0.0000,62.9100,0
2026-08-19 11:46:00,MRNA,62.9100,62.9100,62.9100,62.9100,0.0000,62.9100,0
2026-08-19 11:46:05,MRNA,62.9100,62.9100,62.9100,62.9100,0.0000,62.9100,0
2026-08-19 11:46:10,MRNA,62.9100,62.9100,62.9100,62.9100,0.0000,62.9100,0
2026-08-19 11:46:15,MRNA,62.9100,62.9100,62.9100,62.9100,0.0000,62.9100,0
2026-08-19 11:46:20,MRNA,62.9100,62.9100,62.9100,62.9100,0.0000,62.9100,0
2026-08-19 11:46:25,MRNA,62.9100,62.9100,62.9100,62.9100,0.0000,62.9100,0
2026-08-19 11:46:30,MRNA,62.9100,62.9100,62.9100,62.9100,0.0000,62.9100,0
2026-08-19 11:46:35,MRNA,62.9100,62.9100,62.9100,62.9100,0.0000,62.9100,0
2026-08-19 11:46:40,MRNA,62.9100,62.9100,62.9100,62.9100,0.0000,62.9100,0
2026-08-19 11:46:45,MRNA,62.9100,62.9100,62.9100,62.9100,0.0000,62.9100,0
2026-08-19 11:46:50,MRNA,62.9100,62.9100,62.9100,62.9100,0.0000,62.9100,0
2026-08-19 11:46:55,MRNA,62.9100,62.9100,62.9100,62.9100,0.0000,62.9100,0
2026-08-19 11:47:00,MRNA,62.9100,62.9100,62.9100,62.9100,0.0000,62.9100,0
2026-08-19 11:47:05,MRNA,62.9100,62.9100,62.9100,62.9100,0.0000,62.9100,0
2026-08-19 11:47:10,MRNA,62.9100,62.9100,62.9100,62.9100,0.0000,62.9100,0
2026-08-19 11:47:15,MRNA,62.9100,62.9100,62.9100,62.9100,0.0000,62.9100,0
2026-08-19 11:47:20,MRNA,62.9100,62.9100,62.9100,62.9100,0.0000,62.9100,0
2026-08-19 11:47:25,MRNA,62.9100,62.9100,62.9100,62.9100,0.0000,62.9100,0
2026-08-19 11:47:30,MRNA,62.9100,62.9100,62.9100,62.9100,0.0000,62.9100,0
2026-08-19 11:47:35,MRNA,62.9100,62.9100,62.9100,62.9100,0.0000,62.9100,0
2026-08-19 11:47:40,MRNA,62.9100,62.9100,62.9100,62.9100,0.0000,62.9100,0
2026-08-19 11:47:45,MRNA,62.9100,62.9100,62.9100,62.9100,0.0000,62.9100,0
2026-08-19 11:47:50,MRNA,62.9100,62.9100,62.9100,62.9100,0.0000,62.9100,0
2026-08-19 11:47:55,MRNA,62.9100,62.9100,62.9100,62.9100,0.0000,62.9100,0
2026-08-19 11:48:00,MRNA,62.9100,62.9100,62.9100,62.9100,0.0000,62.9100,0
2026-08-19 11:48:05,MRNA,62.9100,62.9100,62.9100,62.9100,0.0000,62.9100,0
2026-08-19 11:48:10,MRNA,62.9100,62.9100,62.9100,62.9100,0.0000,62.9100,0
2026-08-19 11:48:15,MRNA,62.9100,62.9100,62.9100,62.9100,0.0000,62.9100,0
2026-08-19 11:48:20,MRNA,62.9100,62.9100,62.9100,62.9100,0.0000,62.9100,0
2026-08-19 11:48:25,MRNA,62.9100,62.9100,62.9100,62.9100,0.0000,62.9100,0
2026-08-19 11:48:30,MRNA,62.9100,62.9100,62.9100,62.9100,0.0000,62.9100,0
2026-08-19 11:48:35,MRNA,62.9100,62.9100,62.9100,62.9100,0.0000,62.9100,0
2026-08-19 11:48:40,MRNA,62.9100,62.9100,62.9100,62.9100,0.0000,62.9100,0
2026-08-19 11:48:45,MRNA,62.9100,62.9100,62.9100,62.9100,0.0000,62.9100,0
2026-08-19 11:48:50,MRNA,62.9100,62.9100,62.9100,62.9100,0.0000,62.9100,0
2026-08-19 11:48:55,MRNA,62.9100,62.9100,62.9100,62.9100,0.0000,62.9100,0
2026-08-19 11:49:00,MRNA,62.9100,62.9100,62.9100,62.9100,0.0000,62.9100,0
2026-08-19 11:49:05,MRNA,62.9100,62.9100,62.9100,62.9100,0.0000,62.9100,0
2026-08-19 11:49:10,MRNA,62.9100,62.9100,62.9100,62.9100,0.0000,62.9100,0
2026-08-19 11:49:15,MRNA,62.9100,62.9100,62.9100,62.9100,0.0000,62.9100,0
2026-08-19 11:49:20,MRNA,62.9100,62.9100,62.9100,62.9100,0.0000,62.9100,0
2026-08-19 11:49:25,MRNA,62.9100,62.9100,62.9100,62.9100,0.0000,62.9100,0
2026-08-19 11:49:30,MRNA,62.9100,62.9100,62.9100,62.9100,0.0000,62.9100,0
2026-08-19 11:49:35,MRNA,62.9100,62.9100,62.9100,62.9100,0.0000,62.9100,0
2026-08-19 11:49:40,MRNA,62.9100,62.9100,62.9100,62.9100,0.0000,62.9100,0
2026-08-19 11:49:45,MRNA,62.9100,62.9100,62.9100,62.9100,0.0000,62.9100,0
2026-08-19 11:49:50,MRNA,62.9100,62.9100,62.9100,62.9100,0.0000,62.9100,0
2026-08-19 11:49:55,MRNA,62.9100,62.9100,62.9100,62.9100,0.0000,62.9100,0
2026-08-19 11:50:00,MRNA,62.9100,62.9100,62.9100,62.9100,0.0000,62.9100,0
2026-08-19 11:50:05,MRNA,62.9100,62.9100,62.9100,62.9100,0.0000,62.9100,0
2026-08-19 11:50:10,MRNA,62.9100,62.9100,62.9100,62.9100,0.0000,62.9100,0
2026-08-19 11:50:15,MRNA,62.9100,62.9100,62.9100,62.9100,0.0000,62.9100,0
2026-08-19 11:50:20,MRNA,62.9100,62.9100,62.9100,62.9100,0.0000,62.9100,0
2026-08-19 11:50:25,MRNA,62.9100,62.9100,62.9100,62.9100,0.0000,62.9100,0
2026-08-19 11:50:30,MRNA,62.9100,62.9100,62.9100,62.9100,0.0000,62.9100,0
2026-08-19 11:50:35,MRNA,62.9100,62.9100,62.9100,62.9100,0.0000,62.9100,0
2026-08-19 11:50:40,MRNA,62.9100,62.9100,62.9100,62.9100,0.0000,62.9100,0
2026-08-19 11:50:45,MRNA,62.9100,62.9100,62.9100,62.9100,0.0000,62.9100,0
2026-08-19 11:50:50,MRNA,62.9100,62.9100,62.9100,62.9100,0.0000,62.9100,0
2026-08-19 11:50:55,MRNA,62.9100,62.9100,62.9100,62.9100,0.0000,62.9100,0
2026-08-19 11:51:00,MRNA,62.9100,62.9100,62.9100,62.9100,0.0000,62.9100,0
2026-08-19 11:51:05,MRNA,62.9100,62.9100,62.9100,62.9100,0.0000,62.9100,0
2026-08-19 11:51:10,MRNA,62.9100,62.9100,62.9100,62.9100,0.0000,62.9100,0
2026-08-19 11:51:15,MRNA,62.9100,62.9100,62.9100,62.9100,0.0000,62.9100,0
2026-08-19 11:51:20,MRNA,62.9100,62.9100,62.9100,62.9100,0.0000,62.9100,0
2026-08-19 11:51:25,MRNA,62.9100,62.9100,62.9100,62.9100,0.0000,62.9100,0
2026-08-19 11:51:30,MRNA,62.9100,62.9100,62.9100,62.9100,0.0000,62.9100,0
2026-08-19 11:51:35,MRNA,62.9100,62.9100,62.9100,62.9100,0.0000,62.9100,0
2026-08-19 11:51:40,MRNA,62.9100,62.9100,62.9100,62.9100,0.0000,62.9100,0
2026-08-19 11:51:45,MRNA,62.9100,62.9100,62.9100,62.9100,0.0000,62.9100,0
2026-08-19 11:51:50,MRNA,62.9100,62.9100,62.9100,62.9100,0.0000,62.9100,0
2026-08-19 11:51:55,MRNA,62.9100,62.9100,62.9100,62.9100,0.0000,62.9100,0
2026-08-19 11:52:00,MRNA,62.9100,62.9100,62.9100,62.9100,0.0000,62.9100,0
2026-08-19 11:52:05,MRNA,62.9100,62.9100,62.9100,62.9100,0.0000,62.9100,0
2026-08-19 11:52:10,MRNA,62.9100,62.9100,62.9100,62.9100,0.0000,62.9100,0
2026-08-19 11:52:15,MRNA,62.9100,62.9100,62.9100,62.9100,0.0000,62.9100,0
2026-08-19 11:52:20,MRNA,62.9100,62.9100,62.9100,62.9100,0.0000,62.9100,0
2026-08-19 11:52:25,MRNA,62.9100,62.9100,62.9100,62.9100,0.0000,62.9100,0
2026-08-19 11:52:30,MRNA,62.9100,62.9100,62.9100,62.9100,0.0000,62.9100,0
2026-08-19 11:52:35,MRNA,62.9100,62.9100,62.9100,62.9100,0.0000,62.9100,0
2026-08-19 11:52:40,MRNA,62.9100,62.9100,62.9100,62.9100,0.0000,62.9100,0
2026-08-19 11:52:45,MRNA,62.9100,62.9100,62.9100,62.9100,0.0000,62.9100,0
2026-08-19 11:52:50,MRNA,62.9100,62.9100,62.9100,62.9100,0.0000,62.9100,0
2026-08-19 11:52:55,MRNA,62.9100,62.9100,62.9100,62.9100,0.0000,62.9100,0
2026-08-19 11:53:00,MRNA,62.9100,62.9100,62.9100,62.9100,0.0000,62.9100,0
2026-08-19 11:53:05,MRNA,62.9100,62.9100,62.9100,62.9100,0.0000,62.9100,0
2026-08-19 11:53:10,MRNA,62.9100,62.9100,62.9100,62.9100,0.0000,62.9100,0
2026-08-19 11:53:15,MRNA,62.9100,62.9100,62.9100,62.9100,0.0000,62.9100,0
2026-08-19 11:53:20,MRNA,62.9100,62.9100,62.9100,62.9100,0.0000,62.9100,0
2026-08-19 11:53:25,MRNA,62.9100,62.9100,62.9100,62.9100,0.0000,62.9100,0
2026-08-19 11:53:30,MRNA,62.9100,62.9100,62.9100,62.9100,0.0000,62.9100,0
2026-08-19 11:53:35,MRNA,62.9100,62.9100,62.9100,62.9100,0.0000,62.9100,0
2026-08-19 11:53:40,MRNA,62.9100,62.9100,62.9100,62.9100,0.0000,62.9100,0
2026-08-19 11:53:45,MRNA,62.9100,62.9100,62.9100,62.9100,0.0000,62.9100,0
2026-08-19 11:53:50,MRNA,62.9100,62.9100,62.9100,62.9100,0.0000,62.9100,0
2026-08-19 11:53:55,MRNA,62.9100,62.9100,62.9100,62.9100,0.0000,62.9100,0
2026-08-19 11:54:00,MRNA,62.9100,62.9100,62.9100,62.9100,0.0000,62.9100,0
2026-08-19 11:54:05,MRNA,62.9100,62.9100,62.9100,62.9100,0.0000,62.9100,0
2026-08-19 11:54:10,MRNA,62.9100,62.9100,62.9100,62.9100,0.0000,62.9100,0
2026-08-19 11:54:15,MRNA,62.9100,62.9100,62.9100,62.9100,0.0000,62.9100,0
2026-08-19 11:54:20,MRNA,62.9100,62.9100,62.9100,62.9100,0.0000,62.9100,0
2026-08-19 11:54:25,MRNA,62.9100,62.9100,62.9100,62.9100,0.0000,62.9100,0
2026-08-19 11:54:30,MRNA,62.9100,62.9100,62.9100,62.9100,0.0000,62.9100,0
2026-08-19 11:54:35,MRNA,62.9100,62.9100,62.9100,62.9100,0.0000,62.9100,0
2026-08-19 11:54:40,MRNA,62.9100,62.9100,62.9100,62.9100,0.0000,62.9100,0
2026-08-19 11:54:45,MRNA,62.9100,62.9100,62.9100,62.9100,0.0000,62.9100,0
2026-08-19 11:54:50,MRNA,62.9100,62.9100,62.9100,62.9100,0.0000,62.9100,0
2026-08-19 11:54:55,MRNA,62.9100,62.9100,62.9100,62.9100,0.0000,62.9100,0
2026-08-19 11:55:00,MRNA,62.9100,62.9100,62.9100,62.9100,0.0000,62.9100,0
2026-08-19 11:55:05,MRNA,62.9100,62.9100,62.9100,62.9100,0.0000,62.9100,0
2026-08-19 11:55:10,MRNA,62.9100,62.9100,62.9100,62.9100,0.0000,62.9100,0
2026-08-19 11:55:15,MRNA,62.9100,62.9100,62.9100,62.9100,0.0000,62.9100,0
2026-08-19 11:55:20,MRNA,62.9100,62.9100,62.9100,62.9100,0.0000,62.9100,0
2026-08-19 11:55:25,MRNA,62.9100,62.9100,62.9100,62.9100,0.0000,62.9100,0
2026-08-19 11:55:30,MRNA,62.9100,62.9100,62.9100,62.9100,0.0000,62.9100,0
2026-08-19 11:55:35,MRNA,62.9100,62.9100,62.9100,62.9100,0.0000,62.9100,0
2026-08-19 11:55:40,MRNA,62.9100,62.9100,62.9100,62.9100,0.0000,62.9100,0
2026-08-19 11:55:45,MRNA,62.9100,62.9100,62.9100,62.9100,0.0000,62.9100,0
2026-08-19 11:55:50,MRNA,62.9100,62.9100,62.9100,62.9100,0.0000,62.9100,0
2026-08-19 11:55:55,MRNA,62.9100,62.9100,62.9100,62.9100,0.0000,62.9100,0
2026-08-19 11:56:00,MRNA,62.9100,62.9100,62.9100,62.9100,0.0000,62.9100,0
2026-08-19 11:56:05,MRNA,62.9100,62.9100,62.9100,62.9100,0.0000,62.9100,0
2026-08-19 11:56:10,MRNA,62.9100,62.9100,62.9100,62.9100,0.0000,62.9100,0
2026-08-19 11:56:15,MRNA,62.9100,62.9100,62.9100,62.9100,0.0000,62.9100,0
2026-08-19 11:56:20,MRNA,62.9100,62.9100,62.9100,62.9100,0.0000,62.9100,0
2026-08-19 11:56:25,MRNA,62.9100,62.9100,62.9100,62.9100,0.0000,62.9100,0
2026-08-19 11:56:30,MRNA,62.9100,62.9100,62.9100,62.9100,0.0000,62.9100,0
2026-08-19 11:56:35,MRNA,62.9100,62.9100,62.9100,62.9100,0.0000,62.9100,0
2026-08-19 11:56:40,MRNA,62.9100,62.9100,62.9100,62.9100,0.0000,62.9100,0
2026-08-19 11:56:45,MRNA,62.9100,62.9100,62.9100,62.9100,0.0000,62.9100,0
2026-08-19 11:56:50,MRNA,62.9100,62.9100,62.9100,62.9100,0.0000,62.9100,0
2026-08-19 11:56:55,MRNA,62.9100,62.9100,62.9100,62.9100,0.0000,62.9100,0
2026-08-19 11:57:00,MRNA,62.9100,62.9100,62.9100,62.9100,0.0000,62.9100,0
2026-08-19 11:57:05,MRNA,62.9100,62.9100,62.9100,62.9100,0.0000,62.9100,0
2026-08-19 11:57:10,MRNA,62.9100,62.9100,62.9100,62.9100,0.0000,62.9100,0
2026-08-19 11:57:15,MRNA,62.9100,62.9100,62.9100,62.9100,0.0000,62.9100,0
2026-08-19 11:57:20,MRNA,62.9100,62.9100,62.9100,62.9100,0.0000,62.9100,0
2026-08-19 11:57:25,MRNA,62.9100,62.9100,62.9100,62.9100,0.0000,62.9100,0
2026-08-19 11:57:30,MRNA,62.9100,62.9100,62.9100,62.9100,0.0000,62.9100,0
2026-08-19 11:57:35,MRNA,62.9100,62.9100,62.9100,62.9100,0.0000,62.9100,0
2026-08-19 11:57:40,MRNA,62.9100,62.9100,62.9100,62.9100,0.0000,62.9100,0
2026-08-19 11:57:45,MRNA,62.9100,62.9100,62.9100,62.9100,0.0000,62.9100,0
2026-08-19 11:57:50,MRNA,62.9100,62.9100,62.9100,62.9100,0.0000,62.9100,0
2026-08-19 11:57:55,MRNA,62.9100,62.9100,62.9100,62.9100,0.0000,62.9100,0
2026-08-19 11:58:00,MRNA,62.9100,62.9100,62.9100,62.9100,0.0000,62.9100,0
2026-08-19 11:58:05,MRNA,62.9100,62.9100,62.9100,62.9100,0.0000,62.9100,0
2026-08-19 11:58:10,MRNA,62.9100,62.9100,62.9100,62.9100,0.0000,62.9100,0
2026-08-19 11:58:15,MRNA,62.9100,62.9100,62.9100,62.9100,0.0000,62.9100,0
2026-08-19 11:58:20,MRNA,62.9100,62.9100,62.9100,62.9100,0.0000,62.9100,0
2026-08-19 11:58:25,MRNA,62.9100,62.9100,62.9100,62.9100,0.0000,62.9100,0
2026-08-19 11:58:30,MRNA,62.9100,62.9100,62.9100,62.9100,0.0000,62.9100,0
2026-08-19 11:58:35,MRNA,62.9100,62.9100,62.9100,62.9100,0.0000,62.9100,0
2026-08-19 11:58:40,MRNA,62.9100,62.9100,62.9100,62.9100,0.0000,62.9100,0
2026-08-19 11:58:45,MRNA,62.9100,62.9100,62.9100,62.9100,0.0000,62.9100,0
2026-08-19 11:58:50,MRNA,62.9100,62.9100,62.9100,62.9100,0.0000,62.9100,0
2026-08-19 11:58:55,MRNA,62.9100,62.9100,62.9100,62.9100,0.0000,62.9100,0
2026-08-19 11:59:00,MRNA,62.9100,62.9100,62.9100,62.9100,0.0000,62.9100,0
2026-08-19 11:59:05,MRNA,62.9100,62.9100,62.9100,62.9100,0.0000,62.9100,0
2026-08-19 11:59:10,MRNA,62.9100,62.9100,62.9100,62.9100,0.0000,62.9100,0
2026-08-19 11:59:15,MRNA,62.9100,62.9100,62.9100,62.9100,0.0000,62.9100,0
2026-08-19 11:59:20,MRNA,62.9100,62.9100,62.9100,62.9100,0.0000,62.9100,0
2026-08-19 11:59:25,MRNA,62.9100,62.9100,62.9100,62.9100,0.0000,62.9100,0
2026-08-19 11:59:30,MRNA,62.9100,62.9100,62.9100,62.9100,0.0000,62.9100,0
2026-08-19 11:59:35,MRNA,62.9100,62.9100,62.9100,62.9100,0.0000,62.9100,0
2026-08-19 11:59:40,MRNA,62.9100,62.9100,62.9100,62.9100,0.0000,62.9100,0
2026-08-19 11:59:45,MRNA,62.9100,62.9100,62.9100,62.9100,0.0000,62.9100,0
2026-08-19 11:59:50,MRNA,62.9100,62.9100,62.9100,62.9100,0.0000,62.9100,0
2026-08-19 11:59:55,MRNA,62.9100,62.9100,62.9100,62.9100,0.0000,62.9100,0
2026-08-19 12:00:00,MRNA,62.9100,62.9100,62.9100,62.9100,0.0000,62.9100,0
2026-08-19 12:00:05,MRNA,62.9100,62.9100,62.9100,62.9100,0.0000,62.9100,0
2026-08-19 12:00:10,MRNA,62.9100,62.9100,62.9100,62.9100,0.0000,62.9100,0
2026-08-19 12:00:15,MRNA,62.9100,62.9100,62.9100,62.9100,0.0000,62.9100,0
2026-08-19 12:00:20,MRNA,62.9100,62.9100,62.9100,62.9100,0.0000,62.9100,0
2026-08-19 12:00:25,MRNA,62.9100,62.9100,62.9100,62.9100,0.0000,62.9100,0
2026-08-19 12:00:30,MRNA,62.9100,62.9100,62.9100,62.9100,0.0000,62.9100,0
2026-08-19 12:00:35,MRNA,62.9100,62.9100,62.9100,62.9100,0.0000,62.9100,0
2026-08-19 12:00:40,MRNA,62.9100,62.9100,62.9100,62.9100,0.0000,62.9100,0
2026-08-19 12:00:45,MRNA,62.9100,62.9100,62.9100,62.9100,0.0000,62.9100,0
2026-08-19 12:00:50,MRNA,62.9100,62.9100,62.9100,62.9100,0.0000,62.9100,0
2026-08-19 12:00:55,MRNA,62.9100,62.9100,62.9100,62.9100,0.0000,62.9100,0
2026-08-19 12:01:00,MRNA,62.9100,62.9100,62.9100,62.9100,0.0000,62.9100,0
2026-08-19 12:01:05,MRNA,62.9100,62.9100,62.9100,62.9100,0.0000,62.9100,0
2026-08-19 12:01:10,MRNA,62.9100,62.9100,62.9100,62.9100,0.0000,62.9100,0
2026-08-19 12:01:15,MRNA,62.9100,62.9100,62.9100,62.9100,0.0000,62.9100,0
2026-08-19 12:01:20,MRNA,62.9100,62.9100,62.9100,62.9100,0.0000,62.9100,0
2026-08-19 12:01:25,MRNA,62.9100,62.9100,62.9100,62.9100,0.0000,62.9100,0
2026-08-19 12:01:30,MRNA,62.9100,62.9100,62.9100,62.9100,0.0000,62.9100,0
2026-08-19 12:01:35,MRNA,62.9100,62.9100,62.9100,62.9100,0.0000,62.9100,0
2026-08-19 12:01:40,MRNA,62.9100,62.9100,62.9100,62.9100,0.0000,62.9100,0
2026-08-19 12:01:45,MRNA,62.9100,62.9100,62.9100,62.9100,0.0000,62.9100,0
2026-08-19 12:01:50,MRNA,62.9100,62.9100,62.9100,62.9100,0.0000,62.9100,0
2026-08-19 12:01:55,MRNA,62.9100,62.9100,62.9100,62.9100,0.0000,62.9100,0
2026-08-19 12:02:00,MRNA,62.9100,62.9100,62.9100,62.9100,0.0000,62.9100,0
2026-08-19 12:02:05,MRNA,62.9100,62.9100,62.9100,62.9100,0.0000,62.9100,0
2026-08-19 12:02:10,MRNA,62.9100,62.9100,62.9100,62.9100,0.0000,62.9100,0
2026-08-19 12:02:15,MRNA,62.9100,62.9100,62.9100,62.9100,0.0000,62.9100,0
2026-08-19 12:02:20,MRNA,62.9100,62.9100,62.9100,62.9100,0.0000,62.9100,0
2026-08-19 12:02:25,MRNA,62.9100,62.9100,62.9100,62.9100,0.0000,62.9100,0
2026-08-19 12:02:30,MRNA,62.9100,62.9100,62.9100,62.9100,0.0000,62.9100,0
2026-08-19 12:02:35,MRNA,62.9100,62.9100,62.9100,62.9100,0.0000,62.9100,0
2026-08-19 12:02:40,MRNA,62.9100,62.9100,62.9100,62.9100,0.0000,62.9100,0
2026-08-19 12:02:45,MRNA,62.9100,62.9100,62.9100,62.9100,0.0000,62.9100,0
2026-08-19 12:02:50,MRNA,62.9100,62.9100,62.9100,62.9100,0.0000,62.9100,0
2026-08-19 12:02:55,MRNA,62.9100,62.9100,62.9100,62.9100,0.0000,62.9100,0
2026-08-19 12:03:00,MRNA,62.9100,62.9100,62.9100,62.9100,0.0000,62.9100,0
2026-08-19 12:03:05,MRNA,62.9100,62.9100,62.9100,62.9100,0.0000,62.9100,0
2026-08-19 12:03:10,MRNA,62.9100,62.9100,62.9100,62.9100,0.0000,62.9100,0
2026-08-19 12:03:15,MRNA,62.9100,62.9100,62.9100,62.9100,0.0000,62.9100,0
2026-08-19 12:03:20,MRNA,62.9100,62.9100,62.9100,62.9100,0.0000,62.9100,0
2026-08-19 12:03:25,MRNA,62.9100,62.9100,62.9100,62.9100,0.0000,62.9100,0
2026-08-19 12:03:30,MRNA,62.9100,62.9100,62.9100,62.9100,0.0000,62.9100,0
2026-08-19 12:03:35,MRNA,62.9100,62.9100,62.9100,62.9100,0.0000,62.9100,0
2026-08-19 12:03:40,MRNA,62.9100,62.9100,62.9100,62.9100,0.0000,62.9100,0
2026-08-19 12:03:45,MRNA,62.9100,62.9100,62.9100,62.9100,0.0000,62.9100,0
2026-08-19 12:03:50,MRNA,62.9100,62.9100,62.9100,62.9100,0.0000,62.9100,0
2026-08-19 12:03:55,MRNA,62.9100,62.9100,62.9100,62.9100,0.0000,62.9100,0
2026-08-19 12:04:00,MRNA,62.9100,62.9100,62.9100,62.9100,0.0000,62.9100,0
2026-08-19 12:04:05,MRNA,62.9100,62.9100,62.9100,62.9100,0.0000,62.9100,0
2026-08-19 12:04:10,MRNA,62.9100,62.9100,62.9100,62.9100,0.0000,62.9100,0
2026-08-19 12:04:15,MRNA,62.9100,62.9100,62.9100,62.9100,0.0000,62.9100,0
2026-08-19 12:04:20,MRNA,62.9100,62.9100,62.9100,62.9100,0.0000,62.9100,0
2026-08-19 12:04:25,MRNA,62.9100,62.9100,62.9100,62.9100,0.0000,62.9100,0
2026-08-19 12:04:30,MRNA,62.9100,62.9100,62.9100,62.9100,0.0000,62.9100,0
2026-08-19 12:04:35,MRNA,62.9100,62.9100,62.9100,62.9100,0.0000,62.9100,0
2026-08-19 12:04:40,MRNA,62.9100,62.9100,62.9100,62.9100,0.0000,62.9100,0
2026-08-19 12:04:45,MRNA,62.9100,62.9100,62.9100,62.9100,0.0000,62.9100,0
2026-08-19 12:04:50,MRNA,62.9100,62.9100,62.9100,62.9100,0.0000,62.9100,0
2026-08-19 12:04:55,MRNA,62.9100,62.9100,62.9100,62.9100,0.0000,62.9100,0
2026-08-19 12:05:00,MRNA,62.9100,62.9100,62.9100,62.9100,0.0000,62.9100,0
2026-08-19 12:05:05,MRNA,62.9100,62.9100,62.9100,62.9100,0.0000,62.9100,0
2026-08-19 12:05:10,MRNA,62.9100,62.9100,62.9100,62.9100,0.0000,62.9100,0
2026-08-19 12:05:15,MRNA,62.9100,62.9100,62.9100,62.9100,0.0000,62.9100,0
2026-08-19 12:05:20,MRNA,62.9100,62.9100,62.9100,62.9100,0.0000,62.9100,0
2026-08-19 12:05:25,MRNA,62.9100,62.9100,62.9100,62.9100,0.0000,62.9100,0
2026-08-19 12:05:30,MRNA,62.9100,62.9100,62.9100,62.9100,0.0000,62.9100,0
2026-08-19 12:05:35,MRNA,62.9100,62.9100,62.9100,62.9100,0.0000,62.9100,0
2026-08-19 12:05:40,MRNA,62.9100,62.9100,62.9100,62.9100,0.0000,62.9100,0
2026-08-19 12:05:45,MRNA,62.9100,62.9100,62.9100,62.9100,0.0000,62.9100,0
2026-08-19 12:05:50,MRNA,62.9100,62.9100,62.9100,62.9100,0.0000,62.9100,0
2026-08-19 12:05:55,MRNA,62.9100,62.9100,62.9100,62.9100,0.0000,62.9100,0
2026-08-19 12:06:00,MRNA,62.9100,62.9100,62.9100,62.9100,0.0000,62.9100,0
2026-08-19 12:06:05,MRNA,62.9100,62.9100,62.9100,62.9100,0.0000,62.9100,0
2026-08-19 12:06:10,MRNA,62.9100,62.9100,62.9100,62.9100,0.0000,62.9100,0
2026-08-19 12:06:15,MRNA,62.9100,62.9100,62.9100,62.9100,0.0000,62.9100,0
2026-08-19 12:06:20,MRNA,62.9100,62.9100,62.9100,62.9100,0.0000,62.9100,0
2026-08-19 12:06:25,MRNA,62.9100,62.9100,62.9100,62.9100,0.0000,62.9100,0
2026-08-19 12:06:30,MRNA,62.9100,62.9100,62.9100,62.9100,0.0000,62.9100,0
2026-08-19 12:06:35,MRNA,62.9100,62.9100,62.9100,62.9100,0.0000,62.9100,0
2026-08-19 12:06:40,MRNA,62.9100,62.9100,62.9100,62.9100,0.0000,62.9100,0
2026-08-19 12:06:45,MRNA,62.9100,62.9100,62.9100,62.9100,0.0000,62.9100,0
2026-08-19 12:06:50,MRNA,62.9100,62.9100,62.9100,62.9100,0.0000,62.9100,0
2026-08-19 12:06:55,MRNA,62.9100,62.9100,62.9100,62.9100,0.0000,62.9100,0
2026-08-19 12:07:00,MRNA,62.9100,62.9100,62.9100,62.9100,0.0000,62.9100,0
2026-08-19 12:07:05,MRNA,62.9100,62.9100,62.9100,62.9100,0.0000,62.9100,0
2026-08-19 12:07:10,MRNA,62.9100,62.9100,62.9100,62.9100,0.0000,62.9100,0
2026-08-19 12:07:15,MRNA,62.9100,62.9100,62.9100,62.9100,0.0000,62.9100,0
2026-08-19 12:07:20,MRNA,62.9100,62.9100,62.9100,62.9100,0.0000,62.9100,0
2026-08-19 12:07:25,MRNA,62.9100,62.9100,62.9100,62.9100,0.0000,62.9100,0
2026-08-19 12:07:30,MRNA,62.9100,62.9100,62.9100,62.9100,0.0000,62.9100,0
2026-08-19 12:07:35,MRNA,62.9100,62.9100,62.9100,62.9100,0.0000,62.9100,0
2026-08-19 12:07:40,MRNA,62.9100,62.9100,62.9100,62.9100,0.0000,62.9100,0
2026-08-19 12:07:45,MRNA,62.9100,62.9100,62.9100,62.9100,0.0000,62.9100,0
2026-08-19 12:07:50,MRNA,62.9100,62.9100,62.9100,62.9100,0.0000,62.9100,0
2026-08-19 12:07:55,MRNA,62.9100,62.9100,62.9100,62.9100,0.0000,62.9100,0
2026-08-19 12:08:00,MRNA,62.9100,62.9100,62.9100,62.9100,0.0000,62.9100,0
2026-08-19 12:08:05,MRNA,62.9100,62.9100,62.9100,62.9100,0.0000,62.9100,0
2026-08-19 12:08:10,MRNA,62.9100,62.9100,62.9100,62.9100,0.0000,62.9100,0
2026-08-19 12:08:15,MRNA,62.9100,62.9100,62.9100,62.9100,0.0000,62.9100,0
2026-08-19 12:08:20,MRNA,62.9100,62.9100,62.9100,62.9100,0.0000,62.9100,0
2026-08-19 12:08:25,MRNA,62.9100,62.9100,62.9100,62.9100,0.0000,62.9100,0
2026-08-19 12:08:30,MRNA,62.9100,62.9100,62.9100,62.9100,0.0000,62.9100,0
2026-08-19 12:08:35,MRNA,62.9100,62.9100,62.9100,62.9100,0.0000,62.9100,0
2026-08-19 12:08:40,MRNA,62.9100,62.9100,62.9100,62.9100,0.0000,62.9100,0
2026-08-19 12:08:45,MRNA,62.9100,62.9100,62.9100,62.9100,0.0000,62.9100,0
2026-08-19 12:08:50,MRNA,62.9100,62.9100,62.9100,62.9100,0.0000,62.9100,0
2026-08-19 12:08:55,MRNA,62.9100,62.9100,62.9100,62.9100,0.0000,62.9100,0
2026-08-19 12:09:00,MRNA,62.9100,62.9100,62.9100,62.9100,0.0000,62.9100,0
2026-08-19 12:09:05,MRNA,62.9100,62.9100,62.9100,62.9100,0.0000,62.9100,0
2026-08-19 12:09:10,MRNA,62.9100,62.9100,62.9100,62.9100,0.0000,62.9100,0
2026-08-19 12:09:15,MRNA,62.9100,62.9100,62.9100,62.9100,0.0000,62.9100,0
2026-08-19 12:09:20,MRNA,62.9100,62.9100,62.9100,62.9100,0.0000,62.9100,0
2026-08-19 12:09:25,MRNA,62.9100,62.9100,62.9100,62.9100,0.0000,62.9100,0
2026-08-19 12:09:30,MRNA,62.9100,62.9100,62.9100,62.9100,0.0000,62.9100,0
2026-08-19 12:09:35,MRNA,62.9100,62.9100,62.9100,62.9100,0.0000,62.9100,0
2026-08-19 12:09:40,MRNA,62.9100,62.9100,62.9100,62.9100,0.0000,62.9100,0
2026-08-19 12:09:45,MRNA,62.9100,62.9100,62.9100,62.9100,0.0000,62.9100,0
2026-08-19 12:09:50,MRNA,62.9100,62.9100,62.9100,62.9100,0.0000,62.9100,0
2026-08-19 12:09:55,MRNA,62.9100,62.9100,62.9100,62.9100,0.0000,62.9100,0
2026-08-19 12:10:00,MRNA,62.9100,62.9100,62.9100,62.9100,0.0000,62.9100,0
2026-08-19 12:10:05,MRNA,62.9100,62.9100,62.9100,62.9100,0.0000,62.9100,0
2026-08-19 12:10:10,MRNA,62.9100,62.9100,62.9100,62.9100,0.0000,62.9100,0
2026-08-19 12:10:15,MRNA,62.9100,62.9100,62.9100,62.9100,0.0000,62.9100,0
2026-08-19 12:10:20,MRNA,62.9100,62.9100,62.9100,62.9100,0.0000,62.9100,0
2026-08-19 12:10:25,MRNA,62.9100,62.9100,62.9100,62.9100,0.0000,62.9100,0
2026-08-19 12:10:30,MRNA,62.9100,62.9100,62.9100,62.9100,0.0000,62.9100,0
2026-08-19 12:10:35,MRNA,62.9100,62.9100,62.9100,62.9100,0.0000,62.9100,0
2026-08-19 12:10:40,MRNA,62.9100,62.9100,62.9100,62.9100,0.0000,62.9100,0
2026-08-19 12:10:45,MRNA,62.9100,62.9100,62.9100,62.9100,0.0000,62.9100,0
2026-08-19 12:10:50,MRNA,62.9100,62.9100,62.9100,62.9100,0.0000,62.9100,0
2026-08-19 12:10:55,MRNA,62.9100,62.9100,62.9100,62.9100,0.0000,62.9100,0
2026-08-19 12:11:00,MRNA,62.9100,62.9100,62.9100,62.9100,0.0000,62.9100,0
2026-08-19 12:11:05,MRNA,62.9100,62.9100,62.9100,62.9100,0.0000,62.9100,0
2026-08-19 12:11:10,MRNA,62.9100,62.9100,62.9100,62.9100,0.0000,62.9100,0
2026-08-19 12:11:15,MRNA,62.9100,62.9100,62.9100,62.9100,0.0000,62.9100,0
2026-08-19 12:11:20,MRNA,62.9100,62.9100,62.9100,62.9100,0.0000,62.9100,0
2026-08-19 12:11:25,MRNA,62.9100,62.9100,62.9100,62.9100,0.0000,62.9100,0
2026-08-19 12:11:30,MRNA,62.9100,62.9100,62.9100,62.9100,0.0000,62.9100,0
2026-08-19 12:11:35,MRNA,62.9100,62.9100,62.9100,62.9100,0.0000,62.9100,0
2026-08-19 12:11:40,MRNA,62.9100,62.9100,62.9100,62.9100,0.0000,62.9100,0
2026-08-19 12:11:45,MRNA,62.9100,62.9100,62.9100,62.9100,0.0000,62.9100,0
2026-08-19 12:11:50,MRNA,62.9100,62.9100,62.9100,62.9100,0.0000,62.9100,0
2026-08-19 12:11:55,MRNA,62.9100,62.9100,62.9100,62.9100,0.0000,62.9100,0
2026-08-19 12:12:00,MRNA,62.9100,62.9100,62.9100,62.9100,0.0000,62.9100,0
2026-08-19 12:12:05,MRNA,62.9100,62.9100,62.9100,62.9100,0.0000,62.9100,0
2026-08-19 12:12:10,MRNA,62.9100,62.9100,62.9100,62.9100,0.0000,62.9100,0
2026-08-19 12:12:15,MRNA,62.9100,62.9100,62.9100,62.9100,0.0000,62.9100,0
2026-08-19 12:12:20,MRNA,62.9100,62.9100,62.9100,62.9100,0.0000,62.9100,0
2026-08-19 12:12:25,MRNA,62.9100,62.9100,62.9100,62.9100,0.0000,62.9100,0
2026-08-19 12:12:30,MRNA,62.9100,62.9100,62.9100,62.9100,0.0000,62.9100,0
2026-08-19 12:12:35,MRNA,62.9100,62.9100,62.9100,62.9100,0.0000,62.9100,0
2026-08-19 12:12:40,MRNA,62.9100,62.9100,62.9100,62.9100,0.0000,62.9100,0
2026-08-19 12:12:45,MRNA,62.9100,62.9100,62.9100,62.9100,0.0000,62.9100,0
2026-08-19 12:12:50,MRNA,62.9100,62.9100,62.9100,62.9100,0.0000,62.9100,0
2026-08-19 12:12:55,MRNA,62.9100,62.9100,62.9100,62.9100,0.0000,62.9100,0
2026-08-19 12:13:00,MRNA,62.9100,62.9100,62.9100,62.9100,0.0000,62.9100,0
2026-08-19 12:13:05,MRNA,62.9100,62.9100,62.9100,62.9100,0.0000,62.9100,0
2026-08-19 12:13:10,MRNA,62.9100,62.9100,62.9100,62.9100,0.0000,62.9100,0
2026-08-19 12:13:15,MRNA,62.9100,62.9100,62.9100,62.9100,0.0000,62.9100,0
2026-08-19 12:13:20,MRNA,62.9100,62.9100,62.9100,62.9100,0.0000,62.9100,0
2026-08-19 12:13:25,MRNA,62.9100,62.9100,62.9100,62.9100,0.0000,62.9100,0
2026-08-19 12:13:30,MRNA,62.9100,62.9100,62.9100,62.9100,0.0000,62.9100,0
2026-08-19 12:13:35,MRNA,62.9100,62.9100,62.9100,62.9100,0.0000,62.9100,0
2026-08-19 12:13:40,MRNA,62.9100,62.9100,62.9100,62.9100,0.0000,62.9100,0
2026-08-19 12:13:45,MRNA,62.9100,62.9100,62.9100,62.9100,0.0000,62.9100,0
2026-08-19 12:13:50,MRNA,62.9100,62.9100,62.9100,62.9100,0.0000,62.9100,0
2026-08-19 12:13:55,MRNA,62.9100,62.9100,62.9100,62.9100,0.0000,62.9100,0
2026-08-19 12:14:00,MRNA,62.9100,62.9100,62.9100,62.9100,0.0000,62.9100,0
2026-08-19 12:14:05,MRNA,62.9100,62.9100,62.9100,62.9100,0.0000,62.9100,0
2026-08-19 12:14:10,MRNA,62.9100,62.9100,62.9100,62.9100,0.0000,62.9100,0
2026-08-19 12:14:15,MRNA,62.9100,62.9100,62.9100,62.9100,0.0000,62.9100,0
2026-08-19 12:14:20,MRNA,62.9100,62.9100,62.9100,62.9100,0.0000,62.9100,0
2026-08-19 12:14:25,MRNA,62.9100,62.9100,62.9100,62.9100,0.0000,62.9100,0
2026-08-19 12:14:30,MRNA,62.9100,62.9100,62.9100,62.9100,0.0000,62.9100,0
2026-08-19 12:14:35,MRNA,62.9100,62.9100,62.9100,62.9100,0.0000,62.9100,0
2026-08-19 12:14:40,MRNA,62.9100,62.9100,62.9100,62.9100,0.0000,62.9100,0
2026-08-19 12:14:45,MRNA,62.9100,62.9100,62.9100,62.9100,0.0000,62.9100,0
2026-08-19 12:14:50,MRNA,62.9100,62.9100,62.9100,62.9100,0.0000,62.9100,0
2026-08-19 12:14:55,MRNA,62.9100,62.9100,62.9100,62.9100,0.0000,62.9100,0
2026-08-19 12:15:00,MRNA,62.9100,62.9100,62.9100,62.9100,0.0000,62.9100,0
2026-08-19 12:15:05,MRNA,62.9100,62.9100,62.9100,62.9100,0.0000,62.9100,0
2026-08-19 12:15:10,MRNA,62.9100,62.9100,62.9100,62.9100,0.0000,62.9100,0
2026-08-19 12:15:15,MRNA,62.9100,62.9100,62.9100,62.9100,0.0000,62.9100,0
2026-08-19 12:15:20,MRNA,62.9100,62.9100,62.9100,62.9100,0.0000,62.9100,0
2026-08-19 12:15:25,MRNA,62.9100,62.9100,62.9100,62.9100,0.0000,62.9100,0
2026-08-19 12:15:30,MRNA,62.9100,62.9100,62.9100,62.9100,0.0000,62.9100,0
2026-08-19 12:15:35,MRNA,62.9100,62.9100,62.9100,62.9100,0.0000,62.9100,0
2026-08-19 12:15:40,MRNA,62.9100,62.9100,62.9100,62.9100,0.0000,62.9100,0
2026-08-19 12:15:45,MRNA,62.9100,62.9100,62.9100,62.9100,0.0000,62.9100,0
2026-08-19 12:15:50,MRNA,62.9100,62.9100,62.9100,62.9100,0.0000,62.9100,0
2026-08-19 12:15:55,MRNA,62.9100,62.9100,62.9100,62.9100,0.0000,62.9100,0
2026-08-19 12:16:00,MRNA,62.9100,62.9100,62.9100,62.9100,0.0000,62.9100,0
2026-08-19 12:16:05,MRNA,62.9100,62.9100,62.9100,62.9100,0.0000,62.9100,0
2026-08-19 12:16:10,MRNA,62.9100,62.9100,62.9100,62.9100,0.0000,62.9100,0
2026-08-19 12:16:15,MRNA,62.9100,62.9100,62.9100,62.9100,0.0000,62.9100,0
2026-08-19 12:16:20,MRNA,62.9100,62.9100,62.9100,62.9100,0.0000,62.9100,0
2026-08-19 12:16:25,MRNA,62.9100,62.9100,62.9100,62.9100,0.0000,62.9100,0
2026-08-19 12:16:30,MRNA,62.9100,62.9100,62.9100,62.9100,0.0000,62.9100,0
2026-08-19 12:16:35,MRNA,62.9100,62.9100,62.9100,62.9100,0.0000,62.9100,0
2026-08-19 12:16:40,MRNA,62.9100,62.9100,62.9100,62.9100,0.0000,62.9100,0
2026-08-19 12:16:45,MRNA,62.9100,62.9100,62.9100,62.9100,0.0000,62.9100,0
2026-08-19 12:16:50,MRNA,62.9100,62.9100,62.9100,62.9100,0.0000,62.9100,0
2026-08-19 12:16:55,MRNA,62.9100,62.9100,62.9100,62.9100,0.0000,62.9100,0
2026-08-19 12:17:00,MRNA,62.9100,62.9100,62.9100,62.9100,0.0000,62.9100,0
2026-08-19 12:17:05,MRNA,62.9100,62.9100,62.9100,62.9100,0.0000,62.9100,0
2026-08-19 12:17:10,MRNA,62.9100,62.9100,62.9100,62.9100,0.0000,62.9100,0
2026-08-19 12:17:15,MRNA,62.9100,62.9100,62.9100,62.9100,0.0000,62.9100,0
2026-08-19 12:17:20,MRNA,62.9100,62.9100,62.9100,62.9100,0.0000,62.9100,0
2026-08-19 12:17:25,MRNA,62.9100,62.9100,62.9100,62.9100,0.0000,62.9100,0
2026-08-19 12:17:30,MRNA,62.9100,62.9100,62.9100,62.9100,0.0000,62.9100,0
2026-08-19 12:17:35,MRNA,62.9100,62.9100,62.9100,62.9100,0.0000,62.9100,0
2026-08-19 12:17:40,MRNA,62.9100,62.9100,62.9100,62.9100,0.0000,62.9100,0
2026-08-19 12:17:45,MRNA,62.9100,62.9100,62.9100,62.9100,0.0000,62.9100,0
2026-08-19 12:17:50,MRNA,62.9100,62.9100,62.9100,62.9100,0.0000,62.9100,0
2026-08-19 12:17:55,MRNA,62.9100,62.9100,62.9100,62.9100,0.0000,62.9100,0
2026-08-19 12:18:00,MRNA,62.9100,62.9100,62.9100,62.9100,0.0000,62.9100,0
2026-08-19 12:18:05,MRNA,62.9100,62.9100,62.9100,62.9100,0.0000,62.9100,0
2026-08-19 12:18:10,MRNA,62.9100,62.9100,62.9100,62.9100,0.0000,62.9100,0
2026-08-19 12:18:15,MRNA,62.9100,62.9100,62.9100,62.9100,0.0000,62.9100,0
2026-08-19 12:18:20,MRNA,62.9100,62.9100,62.9100,62.9100,0.0000,62.9100,0
2026-08-19 12:18:25,MRNA,62.9100,62.9100,62.9100,62.9100,0.0000,62.9100,0
2026-08-19 12:18:30,MRNA,62.9100,62.9100,62.9100,62.9100,0.0000,62.9100,0
2026-08-19 12:18:35,MRNA,62.9100,62.9100,62.9100,62.9100,0.0000,62.9100,0
2026-08-19 12:18:40,MRNA,62.9100,62.9100,62.9100,62.9100,0.0000,62.9100,0
2026-08-19 12:18:45,MRNA,62.9100,62.9100,62.9100,62.9100,0.0000,62.9100,0
2026-08-19 12:18:50,MRNA,62.9100,62.9100,62.9100,62.9100,0.0000,62.9100,0
2026-08-19 12:18:55,MRNA,62.9100,62.9100,62.9100,62.9100,0.0000,62.9100,0
2026-08-19 12:19:00,MRNA,62.9100,62.9100,62.9100,62.9100,0.0000,62.9100,0
2026-08-19 12:19:05,MRNA,62.9100,62.9100,62.9100,62.9100,0.0000,62.9100,0
2026-08-19 12:19:10,MRNA,62.9100,62.9100,62.9100,62.9100,0.0000,62.9100,0
2026-08-19 12:19:15,MRNA,62.9100,62.9100,62.9100,62.9100,0.0000,62.9100,0
2026-08-19 12:19:20,MRNA,62.9100,62.9100,62.9100,62.9100,0.0000,62.9100,0
2026-08-19 12:19:25,MRNA,62.9100,62.9100,62.9100,62.9100,0.0000,62.9100,0
2026-08-19 12:19:30,MRNA,62.9100,62.9100,62.9100,62.9100,0.0000,62.9100,0
2026-08-19 12:19:35,MRNA,62.9100,62.9100,62.9100,62.9100,0.0000,62.9100,0
2026-08-19 12:19:40,MRNA,62.9100,62.9100,62.9100,62.9100,0.0000,62.9100,0
2026-08-19 12:19:45,MRNA,62.9100,62.9100,62.9100,62.9100,0.0000,62.9100,0
2026-08-19 12:19:50,MRNA,62.9100,62.9100,62.9100,62.9100,0.0000,62.9100,0
2026-08-19 12:19:55,MRNA,62.9100,62.9100,62.9100,62.9100,0.0000,62.9100,0
2026-08-19 12:20:00,MRNA,62.9100,62.9100,62.9100,62.9100,0.0000,62.9100,0
2026-08-19 12:20:05,MRNA,62.9100,62.9100,62.9100,62.9100,0.0000,62.9100,0
2026-08-19 12:20:10,MRNA,62.9100,62.9100,62.9100,62.9100,0.0000,62.9100,0
2026-08-19 12:20:15,MRNA,62.9100,62.9100,62.9100,62.9100,0.0000,62.9100,0
2026-08-19 12:20:20,MRNA,62.9100,62.9100,62.9100,62.9100,0.0000,62.9100,0
2026-08-19 12:20:25,MRNA,62.9100,62.9100,62.9100,62.9100,0.0000,62.9100,0
2026-08-19 12:20:30,MRNA,62.9100,62.9100,62.9100,62.9100,0.0000,62.9100,0
2026-08-19 12:20:35,MRNA,62.9100,62.9100,62.9100,62.9100,0.0000,62.9100,0
2026-08-19 12:20:40,MRNA,62.9100,62.9100,62.9100,62.9100,0.0000,62.9100,0
2026-08-19 12:20:45,MRNA,62.9100,62.9100,62.9100,62.9100,0.0000,62.9100,0
2026-08-19 12:20:50,MRNA,62.9100,62.9100,62.9100,62.9100,0.0000,62.9100,0
2026-08-19 12:20:55,MRNA,62.9100,62.9100,62.9100,62.9100,0.0000,62.9100,0
2026-08-19 12:21:00,MRNA,62.9100,62.9100,62.9100,62.9100,0.0000,62.9100,0
2026-08-19 12:21:05,MRNA,62.9100,62.9100,62.9100,62.9100,0.0000,62.9100,0
2026-08-19 12:21:10,MRNA,62.9100,62.9100,62.9100,62.9100,0.0000,62.9100,0
2026-08-19 12:21:15,MRNA,62.9100,62.9100,62.9100,62.9100,0.0000,62.9100,0
2026-08-19 12:21:20,MRNA,62.9100,62.9100,62.9100,62.9100,0.0000,62.9100,0
2026-08-19 12:21:25,MRNA,62.9100,62.9100,62.9100,62.9100,0.0000,62.9100,0
2026-08-19 12:21:30,MRNA,62.9100,62.9100,62.9100,62.9100,0.0000,62.9100,0
2026-08-19 12:21:35,MRNA,62.9100,62.9100,62.9100,62.9100,0.0000,62.9100,0
2026-08-19 12:21:40,MRNA,62.9100,62.9100,62.9100,62.9100,0.0000,62.9100,0
2026-08-19 12:21:45,MRNA,62.9100,62.9100,62.9100,62.9100,0.0000,62.9100,0
2026-08-19 12:21:50,MRNA,62.9100,62.9100,62.9100,62.9100,0.0000,62.9100,0
2026-08-19 12:21:55,MRNA,62.9100,62.9100,62.9100,62.9100,0.0000,62.9100,0
2026-08-19 12:22:00,MRNA,62.9100,62.9100,62.9100,62.9100,0.0000,62.9100,0
2026-08-19 12:22:05,MRNA,62.9100,62.9100,62.9100,62.9100,0.0000,62.9100,0
2026-08-19 12:22:10,MRNA,62.9100,62.9100,62.9100,62.9100,0.0000,62.9100,0
2026-08-19 12:22:15,MRNA,62.9100,62.9100,62.9100,62.9100,0.0000,62.9100,0
2026-08-19 12:22:20,MRNA,62.9100,62.9100,62.9100,62.9100,0.0000,62.9100,0
2026-08-19 12:22:25,MRNA,62.9100,62.9100,62.9100,62.9100,0.0000,62.9100,0
2026-08-19 12:22:30,MRNA,62.9100,62.9100,62.9100,62.9100,0.0000,62.9100,0
2026-08-19 12:22:35,MRNA,62.9100,62.9100,62.9100,62.9100,0.0000,62.9100,0
2026-08-19 12:22:40,MRNA,62.9100,62.9100,62.9100,62.9100,0.0000,62.9100,0
2026-08-19 12:22:45,MRNA,62.9100,62.9100,62.9100,62.9100,0.0000,62.9100,0
2026-08-19 12:22:50,MRNA,62.9100,62.9100,62.9100,62.9100,0.0000,62.9100,0
2026-08-19 12:22:55,MRNA,62.9100,62.9100,62.9100,62.9100,0.0000,62.9100,0
2026-08-19 12:23:00,MRNA,62.9100,62.9100,62.9100,62.9100,0.0000,62.9100,0
2026-08-19 12:23:05,MRNA,62.9100,62.9100,62.9100,62.9100,0.0000,62.9100,0
2026-08-19 12:23:10,MRNA,62.9100,62.9100,62.9100,62.9100,0.0000,62.9100,0
2026-08-19 12:23:15,MRNA,62.9100,62.9100,62.9100,62.9100,0.0000,62.9100,0
2026-08-19 12:23:20,MRNA,62.9100,62.9100,62.9100,62.9100,0.0000,62.9100,0
2026-08-19 12:23:25,MRNA,62.9100,62.9100,62.9100,62.9100,0.0000,62.9100,0
2026-08-19 12:23:30,MRNA,62.9100,62.9100,62.9100,62.9100,0.0000,62.9100,0
2026-08-19 12:23:35,MRNA,62.9100,62.9100,62.9100,62.9100,0.0000,62.9100,0
2026-08-19 12:23:40,MRNA,62.9100,62.9100,62.9100,62.9100,0.0000,62.9100,0
2026-08-19 12:23:45,MRNA,62.9100,62.9100,62.9100,62.9100,0.0000,62.9100,0
2026-08-19 12:23:50,MRNA,62.9100,62.9100,62.9100,62.9100,0.0000,62.9100,0
2026-08-19 12:23:55,MRNA,62.9100,62.9100,62.9100,62.9100,0.0000,62.9100,0
2026-08-19 12:24:00,MRNA,62.9100,62.9100,62.9100,62.9100,0.0000,62.9100,0
2026-08-19 12:24:05,MRNA,62.9100,62.9100,62.9100,62.9100,0.0000,62.9100,0
2026-08-19 12:24:10,MRNA,62.9100,62.9100,62.9100,62.9100,0.0000,62.9100,0
2026-08-19 12:24:15,MRNA,62.9100,62.9100,62.9100,62.9100,0.0000,62.9100,0
2026-08-19 12:24:20,MRNA,62.9100,62.9100,62.9100,62.9100,0.0000,62.9100,0
2026-08-19 12:24:25,MRNA,62.9100,62.9100,62.9100,62.9100,0.0000,62.9100,0
2026-08-19 12:24:30,MRNA,62.9100,62.9100,62.9100,62.9100,0.0000,62.9100,0
2026-08-19 12:24:35,MRNA,62.9100,62.9100,62.9100,62.9100,0.0000,62.9100,0
2026-08-19 12:24:40,MRNA,62.9100,62.9100,62.9100,62.9100,0.0000,62.9100,0
2026-08-19 12:24:45,MRNA,62.9100,62.9100,62.9100,62.9100,0.0000,62.9100,0
2026-08-19 12:24:50,MRNA,62.9100,62.9100,62.9100,62.9100,0.0000,62.9100,0
2026-08-19 12:24:55,MRNA,62.9100,62.9100,62.9100,62.9100,0.0000,62.9100,0
2026-08-19 12:25:00,MRNA,62.9100,62.9100,62.9100,62.9100,0.0000,62.9100,0
2026-08-19 12:25:05,MRNA,62.9100,62.9100,62.9100,62.9100,0.0000,62.9100,0
2026-08-19 12:25:10,MRNA,62.9100,62.9100,62.9100,62.9100,0.0000,62.9100,0
2026-08-19 12:25:15,MRNA,62.9100,62.9100,62.9100,62.9100,0.0000,62.9100,0
2026-08-19 12:25:20,MRNA,62.9100,62.9100,62.9100,62.9100,0.0000,62.9100,0
2026-08-19 12:25:25,MRNA,62.9100,62.9100,62.9100,62.9100,0.0000,62.9100,0
2026-08-19 12:25:30,MRNA,62.9100,62.9100,62.9100,62.9100,0.0000,62.9100,0
2026-08-19 12:25:35,MRNA,62.9100,62.9100,62.9100,62.9100,0.0000,62.9100,0
2026-08-19 12:25:40,MRNA,62.9100,62.9100,62.9100,62.9100,0.0000,62.9100,0
2026-08-19 12:25:45,MRNA,62.9100,62.9100,62.9100,62.9100,0.0000,62.9100,0
2026-08-19 12:25:50,MRNA,62.9100,62.9100,62.9100,62.9100,0.0000,62.9100,0
2026-08-19 12:25:55,MRNA,62.9100,62.9100,62.9100,62.9100,0.0000,62.9100,0
2026-08-19 12:26:00,MRNA,62.9100,62.9100,62.9100,62.9100,0.0000,62.9100,0
2026-08-19 12:26:05,MRNA,62.9100,62.9100,62.9100,62.9100,0.0000,62.9100,0
2026-08-19 12:26:10,MRNA,62.9100,62.9100,62.9100,62.9100,0.0000,62.9100,0
2026-08-19 12:26:15,MRNA,62.9100,62.9100,62.9100,62.9100,0.0000,62.9100,0
2026-08-19 12:26:20,MRNA,62.9100,62.9100,62.9100,62.9100,0.0000,62.9100,0
2026-08-19 12:26:25,MRNA,62.9100,62.9100,62.9100,62.9100,0.0000,62.9100,0
2026-08-19 12:26:30,MRNA,62.9100,62.9100,62.9100,62.9100,0.0000,62.9100,0
2026-08-19 12:26:35,MRNA,62.9100,62.9100,62.9100,62.9100,0.0000,62.9100,0
2026-08-19 12:26:40,MRNA,62.9100,62.9100,62.9100,62.9100,0.0000,62.9100,0
2026-08-19 12:26:45,MRNA,62.9100,62.9100,62.9100,62.9100,0.0000,62.9100,0
2026-08-19 12:26:50,MRNA,62.9100,62.9100,62.9100,62.9100,0.0000,62.9100,0
2026-08-19 12:26:55,MRNA,62.9100,62.9100,62.9100,62.9100,0.0000,62.9100,0
2026-08-19 12:27:00,MRNA,62.9100,62.9100,62.9100,62.9100,0.0000,62.9100,0
2026-08-19 12:27:05,MRNA,62.9100,62.9100,62.9100,62.9100,0.0000,62.9100,0
2026-08-19 12:27:10,MRNA,62.9100,62.9100,62.9100,62.9100,0.0000,62.9100,0
2026-08-19 12:27:15,MRNA,62.9100,62.9100,62.9100,62.9100,0.0000,62.9100,0
2026-08-19 12:27:20,MRNA,62.9100,62.9100,62.9100,62.9100,0.0000,62.9100,0
2026-08-19 12:27:25,MRNA,62.9100,62.9100,62.9100,62.9100,0.0000,62.9100,0
2026-08-19 12:27:30,MRNA,62.9100,62.9100,62.9100,62.9100,0.0000,62.9100,0
2026-08-19 12:27:35,MRNA,62.9100,62.9100,62.9100,62.9100,0.0000,62.9100,0
2026-08-19 12:27:40,MRNA,62.9100,62.9100,62.9100,62.9100,0.0000,62.9100,0
2026-08-19 12:27:45,MRNA,62.9100,62.9100,62.9100,62.9100,0.0000,62.9100,0
2026-08-19 12:27:50,MRNA,62.9100,62.9100,62.9100,62.9100,0.0000,62.9100,0
2026-08-19 12:27:55,MRNA,62.9100,62.9100,62.9100,62.9100,0.0000,62.9100,0
2026-08-19 12:28:00,MRNA,62.9100,62.9100,62.9100,62.9100,0.0000,62.9100,0
2026-08-19 12:28:05,MRNA,62.9100,62.9100,62.9100,62.9100,0.0000,62.9100,0
2026-08-19 12:28:10,MRNA,62.9100,62.9100,62.9100,62.9100,0.0000,62.9100,0
2026-08-19 12:28:15,MRNA,62.9100,62.9100,62.9100,62.9100,0.0000,62.9100,0
2026-08-19 12:28:20,MRNA,62.9100,62.9100,62.9100,62.9100,0.0000,62.9100,0
2026-08-19 12:28:25,MRNA,62.9100,62.9100,62.9100,62.9100,0.0000,62.9100,0
2026-08-19 12:28:30,MRNA,62.9100,62.9100,62.9100,62.9100,0.0000,62.9100,0
2026-08-19 12:28:35,MRNA,62.9100,62.9100,62.9100,62.9100,0.0000,62.9100,0
2026-08-19 12:28:40,MRNA,62.9100,62.9100,62.9100,62.9100,0.0000,62.9100,0
2026-08-19 12:28:45,MRNA,62.9100,62.9100,62.9100,62.9100,0.0000,62.9100,0
2026-08-19 12:28:50,MRNA,62.9100,62.9100,62.9100,62.9100,0.0000,62.9100,0
2026-08-19 12:28:55,MRNA,62.9100,62.9100,62.9100,62.9100,0.0000,62.9100,0
2026-08-19 12:29:00,MRNA,62.9100,62.9100,62.9100,62.9100,0.0000,62.9100,0
2026-08-19 12:29:05,MRNA,62.9100,62.9100,62.9100,62.9100,0.0000,62.9100,0
2026-08-19 12:29:10,MRNA,62.9100,62.9100,62.9100,62.9100,0.0000,62.9100,0
2026-08-19 12:29:15,MRNA,62.9100,62.9100,62.9100,62.9100,0.0000,62.9100,0
2026-08-19 12:29:20,MRNA,62.9100,62.9100,62.9100,62.9100,0.0000,62.9100,0
2026-08-19 12:29:25,MRNA,62.9100,62.9100,62.9100,62.9100,0.0000,62.9100,0
2026-08-19 12:29:30,MRNA,62.9100,62.9100,62.9100,62.9100,0.0000,62.9100,0
2026-08-19 12:29:35,MRNA,62.9100,62.9100,62.9100,62.9100,0.0000,62.9100,0
2026-08-19 12:29:40,MRNA,62.9100,62.9100,62.9100,62.9100,0.0000,62.9100,0
2026-08-19 12:29:45,MRNA,62.9100,62.9100,62.9100,62.9100,0.0000,62.9100,0
2026-08-19 12:29:50,MRNA,62.9100,62.9100,62.9100,62.9100,0.0000,62.9100,0
2026-08-19 12:29:55,MRNA,62.9100,62.9100,62.9100,62.9100,0.0000,62.9100,0
2026-08-19 12:30:00,MRNA,62.9100,62.9100,62.9100,62.9100,0.0000,62.9100,0
2026-08-19 12:30:05,MRNA,62.9100,62.9100,62.9100,62.9100,0.0000,62.9100,0
2026-08-19 12:30:10,MRNA,62.9100,62.9100,62.9100,62.9100,0.0000,62.9100,0
2026-08-19 12:30:15,MRNA,62.9100,62.9100,62.9100,62.9100,0.0000,62.9100,0
2026-08-19 12:30:20,MRNA,62.9100,62.9100,62.9100,62.9100,0.0000,62.9100,0
2026-08-19 12:30:25,MRNA,62.9100,62.9100,62.9100,62.9100,0.0000,62.9100,0
2026-08-19 12:30:30,MRNA,62.9100,62.9100,62.9100,62.9100,0.0000,62.9100,0
2026-08-19 12:30:35,MRNA,62.9100,62.9100,62.9100,62.9100,0.0000,62.9100,0
2026-08-19 12:30:40,MRNA,62.9100,62.9100,62.9100,62.9100,0.0000,62.9100,0
2026-08-19 12:30:45,MRNA,62.9100,62.9100,62.9100,62.9100,0.0000,62.9100,0
2026-08-19 12:30:50,MRNA,62.9100,62.9100,62.9100,62.9100,0.0000,62.9100,0
2026-08-19 12:30:55,MRNA,62.9100,62.9100,62.9100,62.9100,0.0000,62.9100,0
2026-08-19 12:31:00,MRNA,62.9100,62.9100,62.9100,62.9100,0.0000,62.9100,0
2026-08-19 12:31:05,MRNA,62.9100,62.9100,62.9100,62.9100,0.0000,62.9100,0
2026-08-19 12:31:10,MRNA,62.9100,62.9100,62.9100,62.9100,0.0000,62.9100,0
2026-08-19 12:31:15,MRNA,62.9100,62.9100,62.9100,62.9100,0.0000,62.9100,0
2026-08-19 12:31:20,MRNA,62.9100,62.9100,62.9100,62.9100,0.0000,62.9100,0
2026-08-19 12:31:25,MRNA,62.9100,62.9100,62.9100,62.9100,0.0000,62.9100,0
2026-08-19 12:31:30,MRNA,62.9100,62.9100,62.9100,62.9100,0.0000,62.9100,0
2026-08-19 12:31:35,MRNA,62.9100,62.9100,62.9100,62.9100,0.0000,62.9100,0
2026-08-19 12:31:40,MRNA,62.9100,62.9100,62.9100,62.9100,0.0000,62.9100,0
2026-08-19 12:31:45,MRNA,62.9100,62.9100,62.9100,62.9100,0.0000,62.9100,0
2026-08-19 12:31:50,MRNA,62.9100,62.9100,62.9100,62.9100,0.0000,62.9100,0
2026-08-19 12:31:55,MRNA,62.9100,62.9100,62.9100,62.9100,0.0000,62.9100,0
2026-08-19 12:32:00,MRNA,62.9100,62.9100,62.9100,62.9100,0.0000,62.9100,0
2026-08-19 12:32:05,MRNA,62.9100,62.9100,62.9100,62.9100,0.0000,62.9100,0
2026-08-19 12:32:10,MRNA,62.9100,62.9100,62.9100,62.9100,0.0000,62.9100,0
2026-08-19 12:32:15,MRNA,62.9100,62.9100,62.9100,62.9100,0.0000,62.9100,0
2026-08-19 12:32:20,MRNA,62.9100,62.9100,62.9100,62.9100,0.0000,62.9100,0
2026-08-19 12:32:25,MRNA,62.9100,62.9100,62.9100,62.9100,0.0000,62.9100,0
2026-08-19 12:32:30,MRNA,62.9100,62.9100,62.9100,62.9100,0.0000,62.9100,0
2026-08-19 12:32:35,MRNA,62.9100,62.9100,62.9100,62.9100,0.0000,62.9100,0
2026-08-19 12:32:40,MRNA,62.9100,62.9100,62.9100,62.9100,0.0000,62.9100,0
2026-08-19 12:32:45,MRNA,62.9100,62.9100,62.9100,62.9100,0.0000,62.9100,0
2026-08-19 12:32:50,MRNA,62.9100,62.9100,62.9100,62.9100,0.0000,62.9100,0
2026-08-19 12:32:55,MRNA,62.9100,62.9100,62.9100,62.9100,0.0000,62.9100,0
2026-08-19 12:33:00,MRNA,62.9100,62.9100,62.9100,62.9100,0.0000,62.9100,0
2026-08-19 12:33:05,MRNA,62.9100,62.9100,62.9100,62.9100,0.0000,62.9100,0
2026-08-19 12:33:10,MRNA,62.9100,62.9100,62.9100,62.9100,0.0000,62.9100,0
2026-08-19 12:33:15,MRNA,62.9100,62.9100,62.9100,62.9100,0.0000,62.9100,0
2026-08-19 12:33:20,MRNA,62.9100,62.9100,62.9100,62.9100,0.0000,62.9100,0
2026-08-19 12:33:25,MRNA,62.9100,62.9100,62.9100,62.9100,0.0000,62.9100,0
2026-08-19 12:33:30,MRNA,62.9100,62.9100,62.9100,62.9100,0.0000,62.9100,0
2026-08-19 12:33:35,MRNA,62.9100,62.9100,62.9100,62.9100,0.0000,62.9100,0
2026-08-19 12:33:40,MRNA,62.9100,62.9100,62.9100,62.9100,0.0000,62.9100,0
2026-08-19 12:33:45,MRNA,62.9100,62.9100,62.9100,62.9100,0.0000,62.9100,0
2026-08-19 12:33:50,MRNA,62.9100,62.9100,62.9100,62.9100,0.0000,62.9100,0
2026-08-19 12:33:55,MRNA,62.9100,62.9100,62.9100,62.9100,0.0000,62.9100,0
2026-08-19 12:34:00,MRNA,62.9100,62.9100,62.9100,62.9100,0.0000,62.9100,0
2026-08-19 12:34:05,MRNA,62.9100,62.9100,62.9100,62.9100,0.0000,62.9100,0
2026-08-19 12:34:10,MRNA,62.9100,62.9100,62.9100,62.9100,0.0000,62.9100,0
2026-08-19 12:34:15,MRNA,62.9100,62.9100,62.9100,62.9100,0.0000,62.9100,0
2026-08-19 12:34:20,MRNA,62.9100,62.9100,62.9100,62.9100,0.0000,62.9100,0
2026-08-19 12:34:25,MRNA,62.9100,62.9100,62.9100,62.9100,0.0000,62.9100,0
2026-08-19 12:34:30,MRNA,62.9100,62.9100,62.9100,62.9100,0.0000,62.9100,0
2026-08-19 12:34:35,MRNA,62.9100,62.9100,62.9100,62.9100,0.0000,62.9100,0
2026-08-19 12:34:40,MRNA,62.9100,62.9100,62.9100,62.9100,0.0000,62.9100,0
2026-08-19 12:34:45,MRNA,62.9100,62.9100,62.9100,62.9100,0.0000,62.9100,0
2026-08-19 12:34:50,MRNA,62.9100,62.9100,62.9100,62.9100,0.0000,62.9100,0
2026-08-19 12:34:55,MRNA,62.9100,62.9100,62.9100,62.9100,0.0000,62.9100,0
2026-08-19 12:35:00,MRNA,62.9100,62.9100,62.9100,62.9100,0.0000,62.9100,0
2026-08-19 12:35:05,MRNA,62.9100,62.9100,62.9100,62.9100,0.0000,62.9100,0
2026-08-19 12:35:10,MRNA,62.9100,62.9100,62.9100,62.9100,0.0000,62.9100,0
2026-08-19 12:35:15,MRNA,62.9100,62.9100,62.9100,62.9100,0.0000,62.9100,0
2026-08-19 12:35:20,MRNA,62.9100,62.9100,62.9100,62.9100,0.0000,62.9100,0
2026-08-19 12:35:25,MRNA,62.9100,62.9100,62.9100,62.9100,0.0000,62.9100,0
2026-08-19 12:35:30,MRNA,62.9100,62.9100,62.9100,62.9100,0.0000,62.9100,0
2026-08-19 12:35:35,MRNA,62.9100,62.9100,62.9100,62.9100,0.0000,62.9100,0
2026-08-19 12:35:40,MRNA,62.9100,62.9100,62.9100,62.9100,0.0000,62.9100,0
2026-08-19 12:35:45,MRNA,62.9100,62.9100,62.9100,62.9100,0.0000,62.9100,0
2026-08-19 12:35:50,MRNA,62.9100,62.9100,62.9100,62.9100,0.0000,62.9100,0
2026-08-19 12:35:55,MRNA,62.9100,62.9100,62.9100,62.9100,0.0000,62.9100,0
2026-08-19 12:36:00,MRNA,62.9100,62.9100,62.9100,62.9100,0.0000,62.9100,0
2026-08-19 12:36:05,MRNA,62.9100,62.9100,62.9100,62.9100,0.0000,62.9100,0
2026-08-19 12:36:10,MRNA,62.9100,62.9100,62.9100,62.9100,0.0000,62.9100,0
2026-08-19 12:36:15,MRNA,62.9100,62.9100,62.9100,62.9100,0.0000,62.9100,0
2026-08-19 12:36:20,MRNA,62.9100,62.9100,62.9100,62.9100,0.0000,62.9100,0
2026-08-19 12:36:25,MRNA,62.9100,62.9100,62.9100,62.9100,0.0000,62.9100,0
2026-08-19 12:36:30,MRNA,62.9100,62.9100,62.9100,62.9100,0.0000,62.9100,0
2026-08-19 12:36:35,MRNA,62.9100,62.9100,62.9100,62.9100,0.0000,62.9100,0
2026-08-19 12:36:40,MRNA,62.9100,62.9100,62.9100,62.9100,0.0000,62.9100,0
2026-08-19 12:36:45,MRNA,62.9100,62.9100,62.9100,62.9100,0.0000,62.9100,0
2026-08-19 12:36:50,MRNA,62.9100,62.9100,62.9100,62.9100,0.0000,62.9100,0
2026-08-19 12:36:55,MRNA,62.9100,62.9100,62.9100,62.9100,0.0000,62.9100,0
2026-08-19 12:37:00,MRNA,62.9100,62.9100,62.9100,62.9100,0.0000,62.9100,0
2026-08-19 12:37:05,MRNA,62.9100,62.9100,62.9100,62.9100,0.0000,62.9100,0
2026-08-19 12:37:10,MRNA,62.9100,62.9100,62.9100,62.9100,0.0000,62.9100,0
2026-08-19 12:37:15,MRNA,62.9100,62.9100,62.9100,62.9100,0.0000,62.9100,0
2026-08-19 12:37:20,MRNA,62.9100,62.9100,62.9100,62.9100,0.0000,62.9100,0
2026-08-19 12:37:25,MRNA,62.9100,62.9100,62.9100,62.9100,0.0000,62.9100,0
2026-08-19 12:37:30,MRNA,62.9100,62.9100,62.9100,62.9100,0.0000,62.9100,0
2026-08-19 12:37:35,MRNA,62.9100,62.9100,62.9100,62.9100,0.0000,62.9100,0
2026-08-19 12:37:40,MRNA,62.9100,62.9100,62.9100,62.9100,0.0000,62.9100,0
2026-08-19 12:37:45,MRNA,62.9100,62.9100,62.9100,62.9100,0.0000,62.9100,0
2026-08-19 12:37:50,MRNA,62.9100,62.9100,62.9100,62.9100,0.0000,62.9100,0
2026-08-19 12:37:55,MRNA,62.9100,62.9100,62.9100,62.9100,0.0000,62.9100,0
2026-08-19 12:38:00,MRNA,62.9100,62.9100,62.9100,62.9100,0.0000,62.9100,0
2026-08-19 12:38:05,MRNA,62.9100,62.9100,62.9100,62.9100,0.0000,62.9100,0
2026-08-19 12:38:10,MRNA,62.9100,62.9100,62.9100,62.9100,0.0000,62.9100,0
2026-08-19 12:38:15,MRNA,62.9100,62.9100,62.9100,62.9100,0.0000,62.9100,0
2026-08-19 12:38:20,MRNA,62.9100,62.9100,62.9100,62.9100,0.0000,62.9100,0
2026-08-19 12:38:25,MRNA,62.9100,62.9100,62.9100,62.9100,0.0000,62.9100,0
2026-08-19 12:38:30,MRNA,62.9100,62.9100,62.9100,62.9100,0.0000,62.9100,0
2026-08-19 12:38:35,MRNA,62.9100,62.9100,62.9100,62.9100,0.0000,62.9100,0
2026-08-19 12:38:40,MRNA,62.9100,62.9100,62.9100,62.9100,0.0000,62.9100,0
2026-08-19 12:38:45,MRNA,62.9100,62.9100,62.9100,62.9100,0.0000,62.9100,0
2026-08-19 12:38:50,MRNA,62.9100,62.9100,62.9100,62.9100,0.0000,62.9100,0
2026-08-19 12:38:55,MRNA,62.9100,62.9100,62.9100,62.9100,0.0000,62.9100,0
2026-08-19 12:39:00,MRNA,62.9100,62.9100,62.9100,62.9100,0.0000,62.9100,0
2026-08-19 12:39:05,MRNA,62.9100,62.9100,62.9100,62.9100,0.0000,62.9100,0
2026-08-19 12:39:10,MRNA,62.9100,62.9100,62.9100,62.9100,0.0000,62.9100,0
2026-08-19 12:39:15,MRNA,62.9100,62.9100,62.9100,62.9100,0.0000,62.9100,0
2026-08-19 12:39:20,MRNA,62.9100,62.9100,62.9100,62.9100,0.0000,62.9100,0
2026-08-19 12:39:25,MRNA,62.9100,62.9100,62.9100,62.9100,0.0000,62.9100,0
2026-08-19 12:39:30,MRNA,62.9100,62.9100,62.9100,62.9100,0.0000,62.9100,0
2026-08-19 12:39:35,MRNA,62.9100,62.9100,62.9100,62.9100,0.0000,62.9100,0
2026-08-19 12:39:40,MRNA,62.9100,62.9100,62.9100,62.9100,0.0000,62.9100,0
2026-08-19 12:39:45,MRNA,62.9100,62.9100,62.9100,62.9100,0.0000,62.9100,0
2026-08-19 12:39:50,MRNA,62.9100,62.9100,62.9100,62.9100,0.0000,62.9100,0
2026-08-19 12:39:55,MRNA,62.9100,62.9100,62.9100,62.9100,0.0000,62.9100,0
2026-08-19 12:40:00,MRNA,62.9100,62.9100,62.9100,62.9100,0.0000,62.9100,0
2026-08-19 12:40:05,MRNA,62.9100,62.9100,62.9100,62.9100,0.0000,62.9100,0
2026-08-19 12:40:10,MRNA,62.9100,62.9100,62.9100,62.9100,0.0000,62.9100,0
2026-08-19 12:40:15,MRNA,62.9100,62.9100,62.9100,62.9100,0.0000,62.9100,0
2026-08-19 12:40:20,MRNA,62.9100,62.9100,62.9100,62.9100,0.0000,62.9100,0
2026-08-19 12:40:25,MRNA,62.9100,62.9100,62.9100,62.9100,0.0000,62.9100,0
2026-08-19 12:40:30,MRNA,62.9100,62.9100,62.9100,62.9100,0.0000,62.9100,0
2026-08-19 12:40:35,MRNA,62.9100,62.9100,62.9100,62.9100,0.0000,62.9100,0
2026-08-19 12:40:40,MRNA,62.9100,62.9100,62.9100,62.9100,0.0000,62.9100,0
2026-08-19 12:40:45,MRNA,62.9100,62.9100,62.9100,62.9100,0.0000,62.9100,0
2026-08-19 12:40:50,MRNA,62.9100,62.9100,62.9100,62.9100,0.0000,62.9100,0
2026-08-19 12:40:55,MRNA,62.9100,62.9100,62.9100,62.9100,0.0000,62.9100,0
2026-08-19 12:41:00,MRNA,62.9100,62.9100,62.9100,62.9100,0.0000,62.9100,0
2026-08-19 12:41:05,MRNA,62.9100,62.9100,62.9100,62.9100,0.0000,62.9100,0
2026-08-19 12:41:10,MRNA,62.9100,62.9100,62.9100,62.9100,0.0000,62.9100,0
2026-08-19 12:41:15,MRNA,62.9100,62.9100,62.9100,62.9100,0.0000,62.9100,0
2026-08-19 12:41:20,MRNA,62.9100,62.9100,62.9100,62.9100,0.0000,62.9100,0
2026-08-19 12:41:25,MRNA,62.9100,62.9100,62.9100,62.9100,0.0000,62.9100,0
2026-08-19 12:41:30,MRNA,62.9100,62.9100,62.9100,62.9100,0.0000,62.9100,0
2026-08-19 12:41:35,MRNA,62.9100,62.9100,62.9100,62.9100,0.0000,62.9100,0
2026-08-19 12:41:40,MRNA,62.9100,62.9100,62.9100,62.9100,0.0000,62.9100,0
2026-08-19 12:41:45,MRNA,62.9100,62.9100,62.9100,62.9100,0.0000,62.9100,0
2026-08-19 12:41:50,MRNA,62.9100,62.9100,62.9100,62.9100,0.0000,62.9100,0
2026-08-19 12:41:55,MRNA,62.9100,62.9100,62.9100,62.9100,0.0000,62.9100,0
2026-08-19 12:42:00,MRNA,62.9100,62.9100,62.9100,62.9100,0.0000,62.9100,0
2026-08-19 12:42:05,MRNA,62.9100,62.9100,62.9100,62.9100,0.0000,62.9100,0
2026-08-19 12:42:10,MRNA,62.9100,62.9100,62.9100,62.9100,0.0000,62.9100,0
2026-08-19 12:42:15,MRNA,62.9100,62.9100,62.9100,62.9100,0.0000,62.9100,0
2026-08-19 12:42:20,MRNA,62.9100,62.9100,62.9100,62.9100,0.0000,62.9100,0
2026-08-19 12:42:25,MRNA,62.9100,62.9100,62.9100,62.9100,0.0000,62.9100,0
2026-08-19 12:42:30,MRNA,62.9100,62.9100,62.9100,62.9100,0.0000,62.9100,0
2026-08-19 12:42:35,MRNA,62.9100,62.9100,62.9100,62.9100,0.0000,62.9100,0
2026-08-19 12:42:40,MRNA,62.9100,62.9100,62.9100,62.9100,0.0000,62.9100,0
2026-08-19 12:42:45,MRNA,62.9100,62.9100,62.9100,62.9100,0.0000,62.9100,0
2026-08-19 12:42:50,MRNA,62.9100,62.9100,62.9100,62.9100,0.0000,62.9100,0
2026-08-19 12:42:55,MRNA,62.9100,62.9100,62.9100,62.9100,0.0000,62.9100,0
2026-08-19 12:43:00,MRNA,62.9100,62.9100,62.9100,62.9100,0.0000,62.9100,0
2026-08-19 12:43:05,MRNA,62.9100,62.9100,62.9100,62.9100,0.0000,62.9100,0
2026-08-19 12:43:10,MRNA,62.9100,62.9100,62.9100,62.9100,0.0000,62.9100,0
2026-08-19 12:43:15,MRNA,62.9100,62.9100,62.9100,62.9100,0.0000,62.9100,0
2026-08-19 12:43:20,MRNA,62.9100,62.9100,62.9100,62.9100,0.0000,62.9100,0
2026-08-19 12:43:25,MRNA,62.9100,62.9100,62.9100,62.9100,0.0000,62.9100,0
2026-08-19 12:43:30,MRNA,62.9100,62.9100,62.9100,62.9100,0.0000,62.9100,0
2026-08-19 12:43:35,MRNA,62.9100,62.9100,62.9100,62.9100,0.0000,62.9100,0
2026-08-19 12:43:40,MRNA,62.9100,62.9100,62.9100,62.9100,0.0000,62.9100,0
2026-08-19 12:43:45,MRNA,62.9100,62.9100,62.9100,62.9100,0.0000,62.9100,0
2026-08-19 12:43:50,MRNA,62.9100,62.9100,62.9100,62.9100,0.0000,62.9100,0
2026-08-19 12:43:55,MRNA,62.9100,62.9100,62.9100,62.9100,0.0000,62.9100,0
2026-08-19 12:44:00,MRNA,62.9100,62.9100,62.9100,62.9100,0.0000,62.9100,0
2026-08-19 12:44:05,MRNA,62.9100,62.9100,62.9100,62.9100,0.0000,62.9100,0
2026-08-19 12:44:10,MRNA,62.9100,62.9100,62.9100,62.9100,0.0000,62.9100,0
2026-08-19 12:44:15,MRNA,62.9100,62.9100,62.9100,62.9100,0.0000,62.9100,0
2026-08-19 12:44:20,MRNA,62.9100,62.9100,62.9100,62.9100,0.0000,62.9100,0
2026-08-19 12:44:25,MRNA,62.9100,62.9100,62.9100,62.9100,0.0000,62.9100,0
2026-08-19 12:44:30,MRNA,62.9100,62.9100,62.9100,62.9100,0.0000,62.9100,0
2026-08-19 12:44:35,MRNA,62.9100,62.9100,62.9100,62.9100,0.0000,62.9100,0
2026-08-19 12:44:40,MRNA,62.9100,62.9100,62.9100,62.9100,0.0000,62.9100,0
2026-08-19 12:44:45,MRNA,62.9100,62.9100,62.9100,62.9100,0.0000,62.9100,0
2026-08-19 12:44:50,MRNA,62.9100,62.9100,62.9100,62.9100,0.0000,62.9100,0
2026-08-19 12:44:55,MRNA,62.9100,62.9100,62.9100,62.9100,0.0000,62.9100,0
2026-08-19 12:45:00,MRNA,62.9100,62.9100,62.9100,62.9100,0.0000,62.9100,0
2026-08-19 12:45:05,MRNA,62.9100,62.9100,62.9100,62.9100,0.0000,62.9100,0
2026-08-19 12:45:10,MRNA,62.9100,62.9100,62.9100,62.9100,0.0000,62.9100,0
2026-08-19 12:45:15,MRNA,62.9100,62.9100,62.9100,62.9100,0.0000,62.9100,0
2026-08-19 12:45:20,MRNA,62.9100,62.9100,62.9100,62.9100,0.0000,62.9100,0
2026-08-19 12:45:25,MRNA,62.9100,62.9100,62.9100,62.9100,0.0000,62.9100,0
2026-08-19 12:45:30,MRNA,62.9100,62.9100,62.9100,62.9100,0.0000,62.9100,0
2026-08-19 12:45:35,MRNA,62.9100,62.9100,62.9100,62.9100,0.0000,62.9100,0
2026-08-19 12:45:40,MRNA,62.9100,62.9100,62.9100,62.9100,0.0000,62.9100,0
2026-08-19 12:45:45,MRNA,62.9100,62.9100,62.9100,62.9100,0.0000,62.9100,0
2026-08-19 12:45:50,MRNA,62.9100,62.9100,62.9100,62.9100,0.0000,62.9100,0
2026-08-19 12:45:55,MRNA,62.9100,62.9100,62.9100,62.9100,0.0000,62.9100,0
2026-08-19 12:46:00,MRNA,62.9100,62.9100,62.9100,62.9100,0.0000,62.9100,0
2026-08-19 12:46:05,MRNA,62.9100,62.9100,62.9100,62.9100,0.0000,62.9100,0
2026-08-19 12:46:10,MRNA,62.9100,62.9100,62.9100,62.9100,0.0000,62.9100,0
2026-08-19 12:46:15,MRNA,62.9100,62.9100,62.9100,62.9100,0.0000,62.9100,0
2026-08-19 12:46:20,MRNA,62.9100,62.9100,62.9100,62.9100,0.0000,62.9100,0
2026-08-19 12:46:25,MRNA,62.9100,62.9100,62.9100,62.9100,0.0000,62.9100,0
2026-08-19 12:46:30,MRNA,62.9100,62.9100,62.9100,62.9100,0.0000,62.9100,0
2026-08-19 12:46:35,MRNA,62.9100,62.9100,62.9100,62.9100,0.0000,62.9100,0
2026-08-19 12:46:40,MRNA,62.9100,62.9100,62.9100,62.9100,0.0000,62.9100,0
2026-08-19 12:46:45,MRNA,62.9100,62.9100,62.9100,62.9100,0.0000,62.9100,0
2026-08-19 12:46:50,MRNA,62.9100,62.9100,62.9100,62.9100,0.0000,62.9100,0
2026-08-19 12:46:55,MRNA,62.9100,62.9100,62.9100,62.9100,0.0000,62.9100,0
2026-08-19 12:47:00,MRNA,62.9100,62.9100,62.9100,62.9100,0.0000,62.9100,0
2026-08-19 12:47:05,MRNA,62.9100,62.9100,62.9100,62.9100,0.0000,62.9100,0
2026-08-19 12:47:10,MRNA,62.9100,62.9100,62.9100,62.9100,0.0000,62.9100,0
2026-08-19 12:47:15,MRNA,62.9100,62.9100,62.9100,62.9100,0.0000,62.9100,0
2026-08-19 12:47:20,MRNA,62.9100,62.9100,62.9100,62.9100,0.0000,62.9100,0
2026-08-19 12:47:25,MRNA,62.9100,62.9100,62.9100,62.9100,0.0000,62.9100,0
2026-08-19 12:47:30,MRNA,62.9100,62.9100,62.9100,62.9100,0.0000,62.9100,0
2026-08-19 12:47:35,MRNA,62.9100,62.9100,62.9100,62.9100,0.0000,62.9100,0
2026-08-19 12:47:40,MRNA,62.9100,62.9100,62.9100,62.9100,0.0000,62.9100,0
2026-08-19 12:47:45,MRNA,62.9100,62.9100,62.9100,62.9100,0.0000,62.9100,0
2026-08-19 12:47:50,MRNA,62.9100,62.9100,62.9100,62.9100,0.0000,62.9100,0
2026-08-19 12:47:55,MRNA,62.9100,62.9100,62.9100,62.9100,0.0000,62.9100,0
2026-08-19 12:48:00,MRNA,62.9100,62.9100,62.9100,62.9100,0.0000,62.9100,0
2026-08-19 12:48:05,MRNA,62.9100,62.9100,62.9100,62.9100,0.0000,62.9100,0
2026-08-19 12:48:10,MRNA,62.9100,62.9100,62.9100,62.9100,0.0000,62.9100,0
2026-08-19 12:48:15,MRNA,62.9100,62.9100,62.9100,62.9100,0.0000,62.9100,0
2026-08-19 12:48:20,MRNA,62.9100,62.9100,62.9100,62.9100,0.0000,62.9100,0
2026-08-19 12:48:25,MRNA,62.9100,62.9100,62.9100,62.9100,0.0000,62.9100,0
2026-08-19 12:48:30,MRNA,62.9100,62.9100,62.9100,62.9100,0.0000,62.9100,0
2026-08-19 12:48:35,MRNA,62.9100,62.9100,62.9100,62.9100,0.0000,62.9100,0
2026-08-19 12:48:40,MRNA,62.9100,62.9100,62.9100,62.9100,0.0000,62.9100,0
2026-08-19 12:48:45,MRNA,62.9100,62.9100,62.9100,62.9100,0.0000,62.9100,0
2026-08-19 12:48:50,MRNA,62.9100,62.9100,62.9100,62.9100,0.0000,62.9100,0
2026-08-19 12:48:55,MRNA,62.9100,62.9100,62.9100,62.9100,0.0000,62.9100,0
2026-08-19 12:49:00,MRNA,62.9100,62.9100,62.9100,62.9100,0.0000,62.9100,0
2026-08-19 12:49:05,MRNA,62.9100,62.9100,62.9100,62.9100,0.0000,62.9100,0
2026-08-19 12:49:10,MRNA,62.9100,62.9100,62.9100,62.9100,0.0000,62.9100,0
2026-08-19 12:49:15,MRNA,62.9100,62.9100,62.9100,62.9100,0.0000,62.9100,0
2026-08-19 12:49:20,MRNA,62.9100,62.9100,62.9100,62.9100,0.0000,62.9100,0
2026-08-19 12:49:25,MRNA,62.9100,62.9100,62.9100,62.9100,0.0000,62.9100,0
2026-08-19 12:49:30,MRNA,62.9100,62.9100,62.9100,62.9100,0.0000,62.9100,0
2026-08-19 12:49:35,MRNA,62.9100,62.9100,62.9100,62.9100,0.0000,62.9100,0
2026-08-19 12:49:40,MRNA,62.9100,62.9100,62.9100,62.9100,0.0000,62.9100,0
2026-08-19 12:49:45,MRNA,62.9100,62.9100,62.9100,62.9100,0.0000,62.9100,0
2026-08-19 12:49:50,MRNA,62.9100,62.9100,62.9100,62.9100,0.0000,62.9100,0
2026-08-19 12:49:55,MRNA,62.9100,62.9100,62.9100,62.9100,0.0000,62.9100,0
2026-08-19 12:50:00,MRNA,62.9100,62.9100,62.9100,62.9100,0.0000,62.9100,0
2026-08-19 12:50:05,MRNA,62.9100,62.9100,62.9100,62.9100,0.0000,62.9100,0
2026-08-19 12:50:10,MRNA,62.9100,62.9100,62.9100,62.9100,0.0000,62.9100,0
2026-08-19 12:50:15,MRNA,62.9100,62.9100,62.9100,62.9100,0.0000,62.9100,0
2026-08-19 12:50:20,MRNA,62.9100,62.9100,62.9100,62.9100,0.0000,62.9100,0
2026-08-19 12:50:25,MRNA,62.9100,62.9100,62.9100,62.9100,0.0000,62.9100,0
2026-08-19 12:50:30,MRNA,62.9100,62.9100,62.9100,62.9100,0.0000,62.9100,0
2026-08-19 12:50:35,MRNA,62.9100,62.9100,62.9100,62.9100,0.0000,62.9100,0
2026-08-19 12:50:40,MRNA,62.9100,62.9100,62.9100,62.9100,0.0000,62.9100,0
2026-08-19 12:50:45,MRNA,62.9100,62.9100,62.9100,62.9100,0.0000,62.9100,0
2026-08-19 12:50:50,MRNA,62.9100,62.9100,62.9100,62.9100,0.0000,62.9100,0
2026-08-19 12:50:55,MRNA,62.9100,62.9100,62.9100,62.9100,0.0000,62.9100,0
2026-08-19 12:51:00,MRNA,62.9100,62.9100,62.9100,62.9100,0.0000,62.9100,0
2026-08-19 12:51:05,MRNA,62.9100,62.9100,62.9100,62.9100,0.0000,62.9100,0
2026-08-19 12:51:10,MRNA,62.9100,62.9100,62.9100,62.9100,0.0000,62.9100,0
2026-08-19 12:51:15,MRNA,62.9100,62.9100,62.9100,62.9100,0.0000,62.9100,0
2026-08-19 12:51:20,MRNA,62.9100,62.9100,62.9100,62.9100,0.0000,62.9100,0
2026-08-19 12:51:25,MRNA,62.9100,62.9100,62.9100,62.9100,0.0000,62.9100,0
2026-08-19 12:51:30,MRNA,62.9100,62.9100,62.9100,62.9100,0.0000,62.9100,0
2026-08-19 12:51:35,MRNA,62.9100,62.9100,62.9100,62.9100,0.0000,62.9100,0
2026-08-19 12:51:40,MRNA,62.9100,62.9100,62.9100,62.9100,0.0000,62.9100,0
2026-08-19 12:51:45,MRNA,62.9100,62.9100,62.9100,62.9100,0.0000,62.9100,0
2026-08-19 12:51:50,MRNA,62.9100,62.9100,62.9100,62.9100,0.0000,62.9100,0
2026-08-19 12:51:55,MRNA,62.9100,62.9100,62.9100,62.9100,0.0000,62.9100,0
2026-08-19 12:52:00,MRNA,62.9100,62.9100,62.9100,62.9100,0.0000,62.9100,0
2026-08-19 12:52:05,MRNA,62.9100,62.9100,62.9100,62.9100,0.0000,62.9100,0
2026-08-19 12:52:10,MRNA,62.9100,62.9100,62.9100,62.9100,0.0000,62.9100,0
2026-08-19 12:52:15,MRNA,62.9100,62.9100,62.9100,62.9100,0.0000,62.9100,0
2026-08-19 12:52:20,MRNA,62.9100,62.9100,62.9100,62.9100,0.0000,62.9100,0
2026-08-19 12:52:25,MRNA,62.9100,62.9100,62.9100,62.9100,0.0000,62.9100,0
2026-08-19 12:52:30,MRNA,62.9100,62.9100,62.9100,62.9100,0.0000,62.9100,0
2026-08-19 12:52:35,MRNA,62.9100,62.9100,62.9100,62.9100,0.0000,62.9100,0
2026-08-19 12:52:40,MRNA,62.9100,62.9100,62.9100,62.9100,0.0000,62.9100,0
2026-08-19 12:52:45,MRNA,62.9100,62.9100,62.9100,62.9100,0.0000,62.9100,0
2026-08-19 12:52:50,MRNA,62.9100,62.9100,62.9100,62.9100,0.0000,62.9100,0
2026-08-19 12:52:55,MRNA,63.0600,63.0600,63.0600,63.0600,193.0000,63.0600,1
2026-08-19 12:53:00,MRNA,63.0600,63.0600,63.0600,63.0600,0.0000,63.0600,0
2026-08-19 12:53:05,MRNA,63.0600,63.0600,63.0600,63.0600,0.0000,63.0600,0
2026-08-19 12:53:10,MRNA,63.0600,63.0600,63.0600,63.0600,0.0000,63.0600,0
2026-08-19 12:53:15,MRNA,63.0600,63.0600,63.0600,63.0600,0.0000,63.0600,0
2026-08-19 12:53:20,MRNA,63.0600,63.0600,63.0600,63.0600,0.0000,63.0600,0
2026-08-19 12:53:25,MRNA,63.0600,63.0600,63.0600,63.0600,0.0000,63.0600,0
2026-08-19 12:53:30,MRNA,63.0600,63.0600,63.0600,63.0600,0.0000,63.0600,0
2026-08-19 12:53:35,MRNA,63.0600,63.0600,63.0600,63.0600,0.0000,63.0600,0
2026-08-19 12:53:40,MRNA,63.0600,63.0600,63.0600,63.0600,0.0000,63.0600,0
2026-08-19 12:53:45,MRNA,63.0600,63.0600,63.0600,63.0600,0.0000,63.0600,0
2026-08-19 12:53:50,MRNA,63.0600,63.0600,63.0600,63.0600,0.0000,63.0600,0
2026-08-19 12:53:55,MRNA,63.0600,63.0600,63.0600,63.0600,0.0000,63.0600,0
2026-08-19 12:54:00,MRNA,63.0600,63.0600,63.0600,63.0600,0.0000,63.0600,0
2026-08-19 12:54:05,MRNA,63.0600,63.0600,63.0600,63.0600,0.0000,63.0600,0
2026-08-19 12:54:10,MRNA,63.0600,63.0600,63.0600,63.0600,0.0000,63.0600,0
2026-08-19 12:54:15,MRNA,63.0600,63.0600,63.0600,63.0600,0.0000,63.0600,0
2026-08-19 12:54:20,MRNA,63.0600,63.0600,63.0600,63.0600,0.0000,63.0600,0
2026-08-19 12:54:25,MRNA,63.0600,63.0600,63.0600,63.0600,0.0000,63.0600,0
2026-08-19 12:54:30,MRNA,63.0600,63.0600,63.0600,63.0600,0.0000,63.0600,0
2026-08-19 12:54:35,MRNA,63.0600,63.0600,63.0600,63.0600,0.0000,63.0600,0
2026-08-19 12:54:40,MRNA,63.0600,63.0600,63.0600,63.0600,0.0000,63.0600,0
2026-08-19 12:54:45,MRNA,63.0600,63.0600,63.0600,63.0600,0.0000,63.0600,0
2026-08-19 12:54:50,MRNA,63.0600,63.0600,63.0600,63.0600,0.0000,63.0600,0
2026-08-19 12:54:55,MRNA,63.0600,63.0600,63.0600,63.0600,0.0000,63.0600,0
2026-08-19 12:55:00,MRNA,63.0600,63.0600,63.0600,63.0600,0.0000,63.0600,0
2026-08-19 12:55:05,MRNA,63.0600,63.0600,63.0600,63.0600,0.0000,63.0600,0
2026-08-19 12:55:10,MRNA,63.0600,63.0600,63.0600,63.0600,0.0000,63.0600,0
2026-08-19 12:55:15,MRNA,63.0600,63.0600,63.0600,63.0600,0.0000,63.0600,0
2026-08-19 12:55:20,MRNA,63.0600,63.0600,63.0600,63.0600,0.0000,63.0600,0
2026-08-19 12:55:25,MRNA,63.0600,63.0600,63.0600,63.0600,0.0000,63.0600,0
2026-08-19 12:55:30,MRNA,63.0600,63.0600,63.0600,63.0600,0.0000,63.0600,0
2026-08-19 12:55:35,MRNA,63.0600,63.0600,63.0600,63.0600,0.0000,63.0600,0
2026-08-19 12:55:40,MRNA,63.0600,63.0600,63.0600,63.0600,0.0000,63.0600,0
2026-08-19 12:55:45,MRNA,63.0600,63.0600,63.0600,63.0600,0.0000,63.0600,0
2026-08-19 12:55:50,MRNA,63.0600,63.0600,63.0600,63.0600,0.0000,63.0600,0
2026-08-19 12:55:55,MRNA,63.0600,63.0600,63.0600,63.0600,0.0000,63.0600,0
2026-08-19 12:56:00,MRNA,63.0600,63.0600,63.0600,63.0600,0.0000,63.0600,0
2026-08-19 12:56:05,MRNA,63.0600,63.0600,63.0600,63.0600,0.0000,63.0600,0
2026-08-19 12:56:10,MRNA,63.0600,63.0600,63.0600,63.0600,0.0000,63.0600,0
2026-08-19 12:56:15,MRNA,63.0600,63.0600,63.0600,63.0600,0.0000,63.0600,0
2026-08-19 12:56:20,MRNA,63.0600,63.0600,63.0600,63.0600,0.0000,63.0600,0
2026-08-19 12:56:25,MRNA,63.0600,63.0600,63.0600,63.0600,0.0000,63.0600,0
2026-08-19 12:56:30,MRNA,63.0600,63.0600,63.0600,63.0600,0.0000,63.0600,0
2026-08-19 12:56:35,MRNA,63.0600,63.0600,63.0600,63.0600,0.0000,63.0600,0
2026-08-19 12:56:40,MRNA,63.0600,63.0600,63.0600,63.0600,0.0000,63.0600,0
2026-08-19 12:56:45,MRNA,63.0600,63.0600,63.0600,63.0600,0.0000,63.0600,0
2026-08-19 12:56:50,MRNA,63.0600,63.0600,63.0600,63.0600,0.0000,63.0600,0
2026-08-19 12:56:55,MRNA,63.0600,63.0600,63.0600,63.0600,0.0000,63.0600,0
2026-08-19 12:57:00,MRNA,63.0600,63.0600,63.0600,63.0600,0.0000,63.0600,0
2026-08-19 12:57:05,MRNA,63.0600,63.0600,63.0600,63.0600,0.0000,63.0600,0
2026-08-19 12:57:10,MRNA,63.0600,63.0600,63.0600,63.0600,0.0000,63.0600,0
2026-08-19 12:57:15,MRNA,63.0600,63.0600,63.0600,63.0600,0.0000,63.0600,0
2026-08-19 12:57:20,MRNA,63.0600,63.0600,63.0600,63.0600,0.0000,63.0600,0
2026-08-19 12:57:25,MRNA,63.0600,63.0600,63.0600,63.0600,0.0000,63.0600,0
2026-08-19 12:57:30,MRNA,63.0600,63.0600,63.0600,63.0600,0.0000,63.0600,0
2026-08-19 12:57:35,MRNA,63.0600,63.0600,63.0600,63.0600,0.0000,63.0600,0
2026-08-19 12:57:40,MRNA,63.0600,63.0600,63.0600,63.0600,0.0000,63.0600,0
2026-08-19 12:57:45,MRNA,63.0600,63.0600,63.0600,63.0600,0.0000,63.0600,0
2026-08-19 12:57:50,MRNA,63.0600,63.0600,63.0600,63.0600,0.0000,63.0600,0
2026-08-19 12:57:55,MRNA,63.0600,63.0600,63.0600,63.0600,0.0000,63.0600,0
2026-08-19 12:58:00,MRNA,63.0600,63.0600,63.0600,63.0600,0.0000,63.0600,0
2026-08-19 12:58:05,MRNA,63.0600,63.0600,63.0600,63.0600,0.0000,63.0600,0
2026-08-19 12:58:10,MRNA,63.0600,63.0600,63.0600,63.0600,0.0000,63.0600,0
2026-08-19 12:58:15,MRNA,63.0600,63.0600,63.0600,63.0600,0.0000,63.0600,0
2026-08-19 12:58:20,MRNA,63.0600,63.0600,63.0600,63.0600,0.0000,63.0600,0
2026-08-19 12:58:25,MRNA,63.0600,63.0600,63.0600,63.0600,0.0000,63.0600,0
2026-08-19 12:58:30,MRNA,63.0600,63.0600,63.0600,63.0600,0.0000,63.0600,0
2026-08-19 12:58:35,MRNA,63.0600,63.0600,63.0600,63.0600,0.0000,63.0600,0
2026-08-19 12:58:40,MRNA,63.0600,63.0600,63.0600,63.0600,0.0000,63.0600,0
2026-08-19 12:58:45,MRNA,63.0600,63.0600,63.0600,63.0600,0.0000,63.0600,0
2026-08-19 12:58:50,MRNA,63.0600,63.0600,63.0600,63.0600,0.0000,63.0600,0
2026-08-19 12:58:55,MRNA,63.0600,63.0600,63.0600,63.0600,0.0000,63.0600,0
2026-08-19 12:59:00,MRNA,63.0600,63.0600,63.0600,63.0600,0.0000,63.0600,0
2026-08-19 12:59:05,MRNA,63.0600,63.0600,63.0600,63.0600,0.0000,63.0600,0
2026-08-19 12:59:10,MRNA,63.0600,63.0600,63.0600,63.0600,0.0000,63.0600,0
2026-08-19 12:59:15,MRNA,63.0600,63.0600,63.0600,63.0600,0.0000,63.0600,0
2026-08-19 12:59:20,MRNA,63.0600,63.0600,63.0600,63.0600,0.0000,63.0600,0
2026-08-19 12:59:25,MRNA,63.0600,63.0600,63.0600,63.0600,0.0000,63.0600,0
2026-08-19 12:59:30,MRNA,63.0600,63.0600,63.0600,63.0600,0.0000,63.0600,0
2026-08-19 12:59:35,MRNA,63.0600,63.0600,63.0600,63.0600,0.0000,63.0600,0
2026-08-19 12:59:40,MRNA,63.0600,63.0600,63.0600,63.0600,0.0000,63.0600,0
2026-08-19 12:59:45,MRNA,63.0600,63.0600,63.0600,63.0600,0.0000,63.0600,0
2026-08-19 12:59:50,MRNA,63.0600,63.0600,63.0600,63.0600,0.0000,63.0600,0
2026-08-19 12:59:55,MRNA,63.0600,63.0600,63.0600,63.0600,0.0000,63.0600,0
2026-08-19 13:00:00,MRNA,63.0600,63.0600,63.0600,63.0600,0.0000,63.0600,0
2026-08-19 13:00:05,MRNA,63.0600,63.0600,63.0600,63.0600,0.0000,63.0600,0
2026-08-19 13:00:10,MRNA,63.0600,63.0600,63.0600,63.0600,0.0000,63.0600,0
2026-08-19 13:00:15,MRNA,63.0600,63.0600,63.0600,63.0600,0.0000,63.0600,0
2026-08-19 13:00:20,MRNA,63.0600,63.0600,63.0600,63.0600,0.0000,63.0600,0
2026-08-19 13:00:25,MRNA,63.0600,63.0600,63.0600,63.0600,0.0000,63.0600,0
2026-08-19 13:00:30,MRNA,63.0600,63.0600,63.0600,63.0600,0.0000,63.0600,0
2026-08-19 13:00:35,MRNA,63.0600,63.0600,63.0600,63.0600,0.0000,63.0600,0
2026-08-19 13:00:40,MRNA,63.0600,63.0600,63.0600,63.0600,0.0000,63.0600,0
2026-08-19 13:00:45,MRNA,63.0600,63.0600,63.0600,63.0600,0.0000,63.0600,0
2026-08-19 13:00:50,MRNA,63.0600,63.0600,63.0600,63.0600,0.0000,63.0600,0
2026-08-19 13:00:55,MRNA,63.0600,63.0600,63.0600,63.0600,0.0000,63.0600,0
2026-08-19 13:01:00,MRNA,63.0600,63.0600,63.0600,63.0600,0.0000,63.0600,0
2026-08-19 13:01:05,MRNA,63.0600,63.0600,63.0600,63.0600,0.0000,63.0600,0
2026-08-19 13:01:10,MRNA,63.0600,63.0600,63.0600,63.0600,0.0000,63.0600,0
2026-08-19 13:01:15,MRNA,63.0600,63.0600,63.0600,63.0600,0.0000,63.0600,0
2026-08-19 13:01:20,MRNA,63.0600,63.0600,63.0600,63.0600,0.0000,63.0600,0
2026-08-19 13:01:25,MRNA,63.0600,63.0600,63.0600,63.0600,0.0000,63.0600,0
2026-08-19 13:01:30,MRNA,63.0600,63.0600,63.0600,63.0600,0.0000,63.0600,0
2026-08-19 13:01:35,MRNA,63.0600,63.0600,63.0600,63.0600,0.0000,63.0600,0
2026-08-19 13:01:40,MRNA,63.0600,63.0600,63.0600,63.0600,0.0000,63.0600,0
2026-08-19 13:01:45,MRNA,63.0600,63.0600,63.0600,63.0600,0.0000,63.0600,0
2026-08-19 13:01:50,MRNA,63.0600,63.0600,63.0600,63.0600,0.0000,63.0600,0
2026-08-19 13:01:55,MRNA,63.0600,63.0600,63.0600,63.0600,0.0000,63.0600,0
2026-08-19 13:02:00,MRNA,63.0600,63.0600,63.0600,63.0600,0.0000,63.0600,0
2026-08-19 13:02:05,MRNA,63.0600,63.0600,63.0600,63.0600,0.0000,63.0600,0
2026-08-19 13:02:10,MRNA,63.0600,63.0600,63.0600,63.0600,0.0000,63.0600,0
2026-08-19 13:02:15,MRNA,63.0600,63.0600,63.0600,63.0600,0.0000,63.0600,0
2026-08-19 13:02:20,MRNA,63.0600,63.0600,63.0600,63.0600,0.0000,63.0600,0
2026-08-19 13:02:25,MRNA,63.0600,63.0600,63.0600,63.0600,0.0000,63.0600,0
2026-08-19 13:02:30,MRNA,63.0600,63.0600,63.0600,63.0600,0.0000,63.0600,0
2026-08-19 13:02:35,MRNA,63.0600,63.0600,63.0600,63.0600,0.0000,63.0600,0
2026-08-19 13:02:40,MRNA,63.0600,63.0600,63.0600,63.0600,0.0000,63.0600,0
2026-08-19 13:02:45,MRNA,63.0600,63.0600,63.0600,63.0600,0.0000,63.0600,0
2026-08-19 13:02:50,MRNA,63.0600,63.0600,63.0600,63.0600,0.0000,63.0600,0
2026-08-19 13:02:55,MRNA,63.0600,63.0600,63.0600,63.0600,0.0000,63.0600,0
2026-08-19 13:03:00,MRNA,63.0600,63.0600,63.0600,63.0600,0.0000,63.0600,0
2026-08-19 13:03:05,MRNA,63.0600,63.0600,63.0600,63.0600,0.0000,63.0600,0
2026-08-19 13:03:10,MRNA,63.0600,63.0600,63.0600,63.0600,0.0000,63.0600,0
2026-08-19 13:03:15,MRNA,63.0600,63.0600,63.0600,63.0600,0.0000,63.0600,0
2026-08-19 13:03:20,MRNA,63.0600,63.0600,63.0600,63.0600,0.0000,63.0600,0
2026-08-19 13:03:25,MRNA,63.0600,63.0600,63.0600,63.0600,0.0000,63.0600,0
2026-08-19 13:03:30,MRNA,63.0600,63.0600,63.0600,63.0600,0.0000,63.0600,0
2026-08-19 13:03:35,MRNA,63.0600,63.0600,63.0600,63.0600,0.0000,63.0600,0
2026-08-19 13:03:40,MRNA,63.0600,63.0600,63.0600,63.0600,0.0000,63.0600,0
2026-08-19 13:03:45,MRNA,63.0600,63.0600,63.0600,63.0600,0.0000,63.0600,0
2026-08-19 13:03:50,MRNA,63.0600,63.0600,63.0600,63.0600,0.0000,63.0600,0
2026-08-19 13:03:55,MRNA,63.0600,63.0600,63.0600,63.0600,0.0000,63.0600,0
2026-08-19 13:04:00,MRNA,63.0600,63.0600,63.0600,63.0600,0.0000,63.0600,0
2026-08-19 13:04:05,MRNA,63.0600,63.0600,63.0600,63.0600,0.0000,63.0600,0
2026-08-19 13:04:10,MRNA,63.0600,63.0600,63.0600,63.0600,0.0000,63.0600,0
2026-08-19 13:04:15,MRNA,63.0600,63.0600,63.0600,63.0600,0.0000,63.0600,0
2026-08-19 13:04:20,MRNA,63.0600,63.0600,63.0600,63.0600,0.0000,63.0600,0
2026-08-19 13:04:25,MRNA,63.0600,63.0600,63.0600,63.0600,0.0000,63.0600,0
2026-08-19 13:04:30,MRNA,63.0600,63.0600,63.0600,63.0600,0.0000,63.0600,0
2026-08-19 13:04:35,MRNA,63.0600,63.0600,63.0600,63.0600,0.0000,63.0600,0
2026-08-19 13:04:40,MRNA,63.0600,63.0600,63.0600,63.0600,0.0000,63.0600,0
2026-08-19 13:04:45,MRNA,63.0600,63.0600,63.0600,63.0600,0.0000,63.0600,0
2026-08-19 13:04:50,MRNA,63.0600,63.0600,63.0600,63.0600,0.0000,63.0600,0
2026-08-19 13:04:55,MRNA,63.0600,63.0600,63.0600,63.0600,0.0000,63.0600,0
2026-08-19 13:05:00,MRNA,63.0600,63.0600,63.0600,63.0600,0.0000,63.0600,0
2026-08-19 13:05:05,MRNA,63.0600,63.0600,63.0600,63.0600,0.0000,63.0600,0
2026-08-19 13:05:10,MRNA,63.0600,63.0600,63.0600,63.0600,0.0000,63.0600,0
2026-08-19 13:05:15,MRNA,63.0600,63.0600,63.0600,63.0600,0.0000,63.0600,0
2026-08-19 13:05:20,MRNA,63.0600,63.0600,63.0600,63.0600,0.0000,63.0600,0
2026-08-19 13:05:25,MRNA,63.0600,63.0600,63.0600,63.0600,0.0000,63.0600,0
2026-08-19 13:05:30,MRNA,63.0600,63.0600,63.0600,63.0600,0.0000,63.0600,0
2026-08-19 13:05:35,MRNA,63.0600,63.0600,63.0600,63.0600,0.0000,63.0600,0
2026-08-19 13:05:40,MRNA,63.0600,63.0600,63.0600,63.0600,0.0000,63.0600,0
2026-08-19 13:05:45,MRNA,63.0600,63.0600,63.0600,63.0600,0.0000,63.0600,0
2026-08-19 13:05:50,MRNA,63.0600,63.0600,63.0600,63.0600,0.0000,63.0600,0
2026-08-19 13:05:55,MRNA,63.0600,63.0600,63.0600,63.0600,0.0000,63.0600,0
2026-08-19 13:06:00,MRNA,63.0600,63.0600,63.0600,63.0600,0.0000,63.0600,0
2026-08-19 13:06:05,MRNA,63.0600,63.0600,63.0600,63.0600,0.0000,63.0600,0
2026-08-19 13:06:10,MRNA,63.0600,63.0600,63.0600,63.0600,0.0000,63.0600,0
2026-08-19 13:06:15,MRNA,63.0600,63.0600,63.0600,63.0600,0.0000,63.0600,0
2026-08-19 13:06:20,MRNA,63.0600,63.0600,63.0600,63.0600,0.0000,63.0600,0
2026-08-19 13:06:25,MRNA,63.0600,63.0600,63.0600,63.0600,0.0000,63.0600,0
2026-08-19 13:06:30,MRNA,63.0600,63.0600,63.0600,63.0600,0.0000,63.0600,0
2026-08-19 13:06:35,MRNA,63.0600,63.0600,63.0600,63.0600,0.0000,63.0600,0
2026-08-19 13:06:40,MRNA,63.0600,63.0600,63.0600,63.0600,0.0000,63.0600,0
2026-08-19 13:06:45,MRNA,63.0600,63.0600,63.0600,63.0600,0.0000,63.0600,0
2026-08-19 13:06:50,MRNA,63.0600,63.0600,63.0600,63.0600,0.0000,63.0600,0
2026-08-19 13:06:55,MRNA,63.0600,63.0600,63.0600,63.0600,0.0000,63.0600,0
2026-08-19 13:07:00,MRNA,63.0600,63.0600,63.0600,63.0600,0.0000,63.0600,0
2026-08-19 13:07:05,MRNA,63.0600,63.0600,63.0600,63.0600,0.0000,63.0600,0
2026-08-19 13:07:10,MRNA,63.0600,63.0600,63.0600,63.0600,0.0000,63.0600,0
2026-08-19 13:07:15,MRNA,63.0600,63.0600,63.0600,63.0600,0.0000,63.0600,0
2026-08-19 13:07:20,MRNA,63.0600,63.0600,63.0600,63.0600,0.0000,63.0600,0
2026-08-19 13:07:25,MRNA,63.0600,63.0600,63.0600,63.0600,0.0000,63.0600,0
2026-08-19 13:07:30,MRNA,63.0600,63.0600,63.0600,63.0600,0.0000,63.0600,0
2026-08-19 13:07:35,MRNA,63.0600,63.0600,63.0600,63.0600,0.0000,63.0600,0
2026-08-19 13:07:40,MRNA,63.0600,63.0600,63.0600,63.0600,0.0000,63.0600,0
2026-08-19 13:07:45,MRNA,63.0600,63.0600,63.0600,63.0600,0.0000,63.0600,0
2026-08-19 13:07:50,MRNA,63.0600,63.0600,63.0600,63.0600,0.0000,63.0600,0
2026-08-19 13:07:55,MRNA,63.0600,63.0600,63.0600,63.0600,0.0000,63.0600,0
2026-08-19 13:08:00,MRNA,63.0600,63.0600,63.0600,63.0600,0.0000,63.0600,0
2026-08-19 13:08:05,MRNA,63.0600,63.0600,63.0600,63.0600,0.0000,63.0600,0
2026-08-19 13:08:10,MRNA,63.0600,63.0600,63.0600,63.0600,0.0000,63.0600,0
2026-08-19 13:08:15,MRNA,63.0600,63.0600,63.0600,63.0600,0.0000,63.0600,0
2026-08-19 13:08:20,MRNA,63.0600,63.0600,63.0600,63.0600,0.0000,63.0600,0
2026-08-19 13:08:25,MRNA,63.0600,63.0600,63.0600,63.0600,0.0000,63.0600,0
2026-08-19 13:08:30,MRNA,63.0600,63.0600,63.0600,63.0600,0.0000,63.0600,0
2026-08-19 13:08:35,MRNA,63.0600,63.0600,63.0600,63.0600,0.0000,63.0600,0
2026-08-19 13:08:40,MRNA,63.0600,63.0600,63.0600,63.0600,0.0000,63.0600,0
2026-08-19 13:08:45,MRNA,63.0600,63.0600,63.0600,63.0600,0.0000,63.0600,0
2026-08-19 13:08:50,MRNA,63.0600,63.0600,63.0600,63.0600,0.0000,63.0600,0
2026-08-19 13:08:55,MRNA,63.0600,63.0600,63.0600,63.0600,0.0000,63.0600,0
2026-08-19 13:09:00,MRNA,63.0600,63.0600,63.0600,63.0600,0.0000,63.0600,0
2026-08-19 13:09:05,MRNA,63.0600,63.0600,63.0600,63.0600,0.0000,63.0600,0
2026-08-19 13:09:10,MRNA,63.0600,63.0600,63.0600,63.0600,0.0000,63.0600,0
2026-08-19 13:09:15,MRNA,63.0600,63.0600,63.0600,63.0600,0.0000,63.0600,0
2026-08-19 13:09:20,MRNA,63.0600,63.0600,63.0600,63.0600,0.0000,63.0600,0
2026-08-19 13:09:25,MRNA,63.0600,63.0600,63.0600,63.0600,0.0000,63.0600,0
2026-08-19 13:09:30,MRNA,63.0600,63.0600,63.0600,63.0600,0.0000,63.0600,0
2026-08-19 13:09:35,MRNA,63.0600,63.0600,63.0600,63.0600,0.0000,63.0600,0
2026-08-19 13:09:40,MRNA,63.0600,63.0600,63.0600,63.0600,0.0000,63.0600,0
2026-08-19 13:09:45,MRNA,63.0600,63.0600,63.0600,63.0600,0.0000,63.0600,0
2026-08-19 13:09:50,MRNA,63.0600,63.0600,63.0600,63.0600,0.0000,63.0600,0
2026-08-19 13:09:55,MRNA,63.0600,63.0600,63.0600,63.0600,0.0000,63.0600,0
2026-08-19 13:10:00,MRNA,63.0600,63.0600,63.0600,63.0600,0.0000,63.0600,0
2026-08-19 13:10:05,MRNA,63.0600,63.0600,63.0600,63.0600,0.0000,63.0600,0
2026-08-19 13:10:10,MRNA,63.0600,63.0600,63.0600,63.0600,0.0000,63.0600,0
2026-08-19 13:10:15,MRNA,63.0600,63.0600,63.0600,63.0600,0.0000,63.0600,0
2026-08-19 13:10:20,MRNA,63.0600,63.0600,63.0600,63.0600,0.0000,63.0600,0
2026-08-19 13:10:25,MRNA,63.0600,63.0600,63.0600,63.0600,0.0000,63.0600,0
2026-08-19 13:10:30,MRNA,63.0600,63.0600,63.0600,63.0600,0.0000,63.0600,0
2026-08-19 13:10:35,MRNA,63.0600,63.0600,63.0600,63.0600,0.0000,63.0600,0
2026-08-19 13:10:40,MRNA,63.0600,63.0600,63.0600,63.0600,0.0000,63.0600,0
2026-08-19 13:10:45,MRNA,63.0600,63.0600,63.0600,63.0600,0.0000,63.0600,0
2026-08-19 13:10:50,MRNA,63.0600,63.0600,63.0600,63.0600,0.0000,63.0600,0
2026-08-19 13:10:55,MRNA,63.0600,63.0600,63.0600,63.0600,0.0000,63.0600,0
2026-08-19 13:11:00,MRNA,63.0600,63.0600,63.0600,63.0600,0.0000,63.0600,0
2026-08-19 13:11:05,MRNA,63.0600,63.0600,63.0600,63.0600,0.0000,63.0600,0
2026-08-19 13:11:10,MRNA,63.0600,63.0600,63.0600,63.0600,0.0000,63.0600,0
2026-08-19 13:11:15,MRNA,63.0600,63.0600,63.0600,63.0600,0.0000,63.0600,0
2026-08-19 13:11:20,MRNA,63.0600,63.0600,63.0600,63.0600,0.0000,63.0600,0
2026-08-19 13:11:25,MRNA,63.0600,63.0600,63.0600,63.0600,0.0000,63.0600,0
2026-08-19 13:11:30,MRNA,63.0600,63.0600,63.0600,63.0600,0.0000,63.0600,0
2026-08-19 13:11:35,MRNA,63.0600,63.0600,63.0600,63.0600,0.0000,63.0600,0
2026-08-19 13:11:40,MRNA,63.0600,63.0600,63.0600,63.0600,0.0000,63.0600,0
2026-08-19 13:11:45,MRNA,63.0600,63.0600,63.0600,63.0600,0.0000,63.0600,0
2026-08-19 13:11:50,MRNA,63.0600,63.0600,63.0600,63.0600,0.0000,63.0600,0
2026-08-19 13:11:55,MRNA,63.0600,63.0600,63.0600,63.0600,0.0000,63.0600,0
2026-08-19 13:12:00,MRNA,63.0600,63.0600,63.0600,63.0600,0.0000,63.0600,0
2026-08-19 13:12:05,MRNA,63.0600,63.0600,63.0600,63.0600,0.0000,63.0600,0
2026-08-19 13:12:10,MRNA,63.0600,63.0600,63.0600,63.0600,0.0000,63.0600,0
2026-08-19 13:12:15,MRNA,63.0600,63.0600,63.0600,63.0600,0.0000,63.0600,0
2026-08-19 13:12:20,MRNA,63.0600,63.0600,63.0600,63.0600,0.0000,63.0600,0
2026-08-19 13:12:25,MRNA,63.0600,63.0600,63.0600,63.0600,0.0000,63.0600,0
2026-08-19 13:12:30,MRNA,63.0600,63.0600,63.0600,63.0600,0.0000,63.0600,0
2026-08-19 13:12:35,MRNA,63.0600,63.0600,63.0600,63.0600,0.0000,63.0600,0
2026-08-19 13:12:40,MRNA,63.0600,63.0600,63.0600,63.0600,0.0000,63.0600,0
2026-08-19 13:12:45,MRNA,63.0600,63.0600,63.0600,63.0600,0.0000,63.0600,0
2026-08-19 13:12:50,MRNA,63.0600,63.0600,63.0600,63.0600,0.0000,63.0600,0
2026-08-19 13:12:55,MRNA,63.0600,63.0600,63.0600,63.0600,0.0000,63.0600,0
2026-08-19 13:13:00,MRNA,63.0600,63.0600,63.0600,63.0600,0.0000,63.0600,0
2026-08-19 13:13:05,MRNA,63.0600,63.0600,63.0600,63.0600,0.0000,63.0600,0
2026-08-19 13:13:10,MRNA,63.0600,63.0600,63.0600,63.0600,0.0000,63.0600,0
2026-08-19 13:13:15,MRNA,63.0600,63.0600,63.0600,63.0600,0.0000,63.0600,0
2026-08-19 13:13:20,MRNA,63.0600,63.0600,63.0600,63.0600,0.0000,63.0600,0
2026-08-19 13:13:25,MRNA,63.0600,63.0600,63.0600,63.0600,0.0000,63.0600,0
2026-08-19 13:13:30,MRNA,63.0600,63.0600,63.0600,63.0600,0.0000,63.0600,0
2026-08-19 13:13:35,MRNA,63.0600,63.0600,63.0600,63.0600,0.0000,63.0600,0
2026-08-19 13:13:40,MRNA,63.0600,63.0600,63.0600,63.0600,0.0000,63.0600,0
2026-08-19 13:13:45,MRNA,63.0600,63.0600,63.0600,63.0600,0.0000,63.0600,0
2026-08-19 13:13:50,MRNA,63.0600,63.0600,63.0600,63.0600,0.0000,63.0600,0
2026-08-19 13:13:55,MRNA,63.0600,63.0600,63.0600,63.0600,0.0000,63.0600,0
2026-08-19 13:14:00,MRNA,63.0600,63.0600,63.0600,63.0600,0.0000,63.0600,0
2026-08-19 13:14:05,MRNA,63.0600,63.0600,63.0600,63.0600,0.0000,63.0600,0
2026-08-19 13:14:10,MRNA,63.0600,63.0600,63.0600,63.0600,0.0000,63.0600,0
2026-08-19 13:14:15,MRNA,63.0600,63.0600,63.0600,63.0600,0.0000,63.0600,0
2026-08-19 13:14:20,MRNA,63.0600,63.0600,63.0600,63.0600,0.0000,63.0600,0
2026-08-19 13:14:25,MRNA,63.0600,63.0600,63.0600,63.0600,0.0000,63.0600,0
2026-08-19 13:14:30,MRNA,63.0600,63.0600,63.0600,63.0600,0.0000,63.0600,0
2026-08-19 13:14:35,MRNA,63.0600,63.0600,63.0600,63.0600,0.0000,63.0600,0
2026-08-19 13:14:40,MRNA,63.0600,63.0600,63.0600,63.0600,0.0000,63.0600,0
2026-08-19 13:14:45,MRNA,63.0600,63.0600,63.0600,63.0600,0.0000,63.0600,0
2026-08-19 13:14:50,MRNA,63.0600,63.0600,63.0600,63.0600,0.0000,63.0600,0
2026-08-19 13:14:55,MRNA,63.0600,63.0600,63.0600,63.0600,0.0000,63.0600,0
2026-08-19 13:15:00,MRNA,63.0600,63.0600,63.0600,63.0600,0.0000,63.0600,0
2026-08-19 13:15:05,MRNA,63.0600,63.0600,63.0600,63.0600,0.0000,63.0600,0
2026-08-19 13:15:10,MRNA,63.0600,63.0600,63.0600,63.0600,0.0000,63.0600,0
2026-08-19 13:15:15,MRNA,63.0600,63.0600,63.0600,63.0600,0.0000,63.0600,0
2026-08-19 13:15:20,MRNA,63.0600,63.0600,63.0600,63.0600,0.0000,63.0600,0
2026-08-19 13:15:25,MRNA,63.0600,63.0600,63.0600,63.0600,0.0000,63.0600,0
2026-08-19 13:15:30,MRNA,63.0600,63.0600,63.0600,63.0600,0.0000,63.0600,0
2026-08-19 13:15:35,MRNA,63.0600,63.0600,63.0600,63.0600,0.0000,63.0600,0
2026-08-19 13:15:40,MRNA,63.0600,63.0600,63.0600,63.0600,0.0000,63.0600,0
2026-08-19 13:15:45,MRNA,63.0600,63.0600,63.0600,63.0600,0.0000,63.0600,0
2026-08-19 13:15:50,MRNA,63.0600,63.0600,63.0600,63.0600,0.0000,63.0600,0
2026-08-19 13:15:55,MRNA,63.0600,63.0600,63.0600,63.0600,0.0000,63.0600,0
2026-08-19 13:16:00,MRNA,63.0600,63.0600,63.0600,63.0600,0.0000,63.0600,0
2026-08-19 13:16:05,MRNA,63.0600,63.0600,63.0600,63.0600,0.0000,63.0600,0
2026-08-19 13:16:10,MRNA,63.0600,63.0600,63.0600,63.0600,0.0000,63.0600,0
2026-08-19 13:16:15,MRNA,63.0600,63.0600,63.0600,63.0600,0.0000,63.0600,0
2026-08-19 13:16:20,MRNA,63.0600,63.0600,63.0600,63.0600,0.0000,63.0600,0
2026-08-19 13:16:25,MRNA,63.0600,63.0600,63.0600,63.0600,0.0000,63.0600,0
2026-08-19 13:16:30,MRNA,63.0600,63.0600,63.0600,63.0600,0.0000,63.0600,0
2026-08-19 13:16:35,MRNA,63.0600,63.0600,63.0600,63.0600,0.0000,63.0600,0
2026-08-19 13:16:40,MRNA,63.0600,63.0600,63.0600,63.0600,0.0000,63.0600,0
2026-08-19 13:16:45,MRNA,63.0600,63.0600,63.0600,63.0600,0.0000,63.0600,0
2026-08-19 13:16:50,MRNA,63.0600,63.0600,63.0600,63.0600,0.0000,63.0600,0
2026-08-19 13:16:55,MRNA,63.0600,63.0600,63.0600,63.0600,0.0000,63.0600,0
2026-08-19 13:17:00,MRNA,63.0600,63.0600,63.0600,63.0600,0.0000,63.0600,0
2026-08-19 13:17:05,MRNA,63.0600,63.0600,63.0600,63.0600,0.0000,63.0600,0
2026-08-19 13:17:10,MRNA,63.0600,63.0600,63.0600,63.0600,0.0000,63.0600,0
2026-08-19 13:17:15,MRNA,63.0600,63.0600,63.0600,63.0600,0.0000,63.0600,0
2026-08-19 13:17:20,MRNA,63.0600,63.0600,63.0600,63.0600,0.0000,63.0600,0
2026-08-19 13:17:25,MRNA,63.0600,63.0600,63.0600,63.0600,0.0000,63.0600,0
2026-08-19 13:17:30,MRNA,63.0600,63.0600,63.0600,63.0600,0.0000,63.0600,0
2026-08-19 13:17:35,MRNA,63.0600,63.0600,63.0600,63.0600,0.0000,63.0600,0
2026-08-19 13:17:40,MRNA,63.0600,63.0600,63.0600,63.0600,0.0000,63.0600,0
2026-08-19 13:17:45,MRNA,63.0600,63.0600,63.0600,63.0600,0.0000,63.0600,0
2026-08-19 13:17:50,MRNA,63.0600,63.0600,63.0600,63.0600,0.0000,63.0600,0
2026-08-19 13:17:55,MRNA,63.0600,63.0600,63.0600,63.0600,0.0000,63.0600,0
2026-08-19 13:18:00,MRNA,63.0600,63.0600,63.0600,63.0600,0.0000,63.0600,0
2026-08-19 13:18:05,MRNA,63.0600,63.0600,63.0600,63.0600,0.0000,63.0600,0
2026-08-19 13:18:10,MRNA,63.0600,63.0600,63.0600,63.0600,0.0000,63.0600,0
2026-08-19 13:18:15,MRNA,63.0600,63.0600,63.0600,63.0600,0.0000,63.0600,0
2026-08-19 13:18:20,MRNA,63.0600,63.0600,63.0600,63.0600,0.0000,63.0600,0
2026-08-19 13:18:25,MRNA,63.0600,63.0600,63.0600,63.0600,0.0000,63.0600,0
2026-08-19 13:18:30,MRNA,63.0600,63.0600,63.0600,63.0600,0.0000,63.0600,0
2026-08-19 13:18:35,MRNA,63.0600,63.0600,63.0600,63.0600,0.0000,63.0600,0
2026-08-19 13:18:40,MRNA,63.0600,63.0600,63.0600,63.0600,0.0000,63.0600,0
2026-08-19 13:18:45,MRNA,63.0600,63.0600,63.0600,63.0600,0.0000,63.0600,0
2026-08-19 13:18:50,MRNA,63.0600,63.0600,63.0600,63.0600,0.0000,63.0600,0
2026-08-19 13:18:55,MRNA,63.0600,63.0600,63.0600,63.0600,0.0000,63.0600,0
2026-08-19 13:19:00,MRNA,63.0600,63.0600,63.0600,63.0600,0.0000,63.0600,0
2026-08-19 13:19:05,MRNA,63.0600,63.0600,63.0600,63.0600,0.0000,63.0600,0
2026-08-19 13:19:10,MRNA,63.0600,63.0600,63.0600,63.0600,0.0000,63.0600,0
2026-08-19 13:19:15,MRNA,63.0600,63.0600,63.0600,63.0600,0.0000,63.0600,0
2026-08-19 13:19:20,MRNA,63.0600,63.0600,63.0600,63.0600,0.0000,63.0600,0
2026-08-19 13:19:25,MRNA,63.0600,63.0600,63.0600,63.0600,0.0000,63.0600,0
2026-08-19 13:19:30,MRNA,63.0600,63.0600,63.0600,63.0600,0.0000,63.0600,0
2026-08-19 13:19:35,MRNA,63.0600,63.0600,63.0600,63.0600,0.0000,63.0600,0
2026-08-19 13:19:40,MRNA,63.0600,63.0600,63.0600,63.0600,0.0000,63.0600,0
2026-08-19 13:19:45,MRNA,63.0600,63.0600,63.0600,63.0600,0.0000,63.0600,0
2026-08-19 13:19:50,MRNA,63.0600,63.0600,63.0600,63.0600,0.0000,63.0600,0
2026-08-19 13:19:55,MRNA,63.0600,63.0600,63.0600,63.0600,0.0000,63.0600,0
2026-08-19 13:20:00,MRNA,63.0600,63.0600,63.0600,63.0600,0.0000,63.0600,0
2026-08-19 13:20:05,MRNA,63.0600,63.0600,63.0600,63.0600,0.0000,63.0600,0
2026-08-19 13:20:10,MRNA,63.0600,63.0600,63.0600,63.0600,0.0000,63.0600,0
2026-08-19 13:20:15,MRNA,63.0600,63.0600,63.0600,63.0600,0.0000,63.0600,0
2026-08-19 13:20:20,MRNA,63.0600,63.0600,63.0600,63.0600,0.0000,63.0600,0
2026-08-19 13:20:25,MRNA,63.0600,63.0600,63.0600,63.0600,0.0000,63.0600,0
2026-08-19 13:20:30,MRNA,63.0600,63.0600,63.0600,63.0600,0.0000,63.0600,0
2026-08-19 13:20:35,MRNA,63.0600,63.0600,63.0600,63.0600,0.0000,63.0600,0
2026-08-19 13:20:40,MRNA,63.0600,63.0600,63.0600,63.0600,0.0000,63.0600,0
2026-08-19 13:20:45,MRNA,63.0600,63.0600,63.0600,63.0600,0.0000,63.0600,0
2026-08-19 13:20:50,MRNA,63.0600,63.0600,63.0600,63.0600,0.0000,63.0600,0
2026-08-19 13:20:55,MRNA,63.0600,63.0600,63.0600,63.0600,0.0000,63.0600,0
2026-08-19 13:21:00,MRNA,63.0600,63.0600,63.0600,63.0600,0.0000,63.0600,0
2026-08-19 13:21:05,MRNA,63.0600,63.0600,63.0600,63.0600,0.0000,63.0600,0
2026-08-19 13:21:10,MRNA,63.0600,63.0600,63.0600,63.0600,0.0000,63.0600,0
2026-08-19 13:21:15,MRNA,63.0600,63.0600,63.0600,63.0600,0.0000,63.0600,0
2026-08-19 13:21:20,MRNA,63.0600,63.0600,63.0600,63.0600,0.0000,63.0600,0
2026-08-19 13:21:25,MRNA,63.0600,63.0600,63.0600,63.0600,0.0000,63.0600,0
2026-08-19 13:21:30,MRNA,63.0600,63.0600,63.0600,63.0600,0.0000,63.0600,0
2026-08-19 13:21:35,MRNA,63.0600,63.0600,63.0600,63.0600,0.0000,63.0600,0
2026-08-19 13:21:40,MRNA,63.0600,63.0600,63.0600,63.0600,0.0000,63.0600,0
2026-08-19 13:21:45,MRNA,63.0600,63.0600,63.0600,63.0600,0.0000,63.0600,0
2026-08-19 13:21:50,MRNA,63.0600,63.0600,63.0600,63.0600,0.0000,63.0600,0
2026-08-19 13:21:55,MRNA,63.0600,63.0600,63.0600,63.0600,0.0000,63.0600,0
2026-08-19 13:22:00,MRNA,63.0600,63.0600,63.0600,63.0600,0.0000,63.0600,0
2026-08-19 13:22:05,MRNA,63.0600,63.0600,63.0600,63.0600,0.0000,63.0600,0
2026-08-19 13:22:10,MRNA,63.0600,63.0600,63.0600,63.0600,0.0000,63.0600,0
2026-08-19 13:22:15,MRNA,63.0600,63.0600,63.0600,63.0600,0.0000,63.0600,0
2026-08-19 13:22:20,MRNA,63.0600,63.0600,63.0600,63.0600,0.0000,63.0600,0
2026-08-19 13:22:25,MRNA,63.0600,63.0600,63.0600,63.0600,0.0000,63.0600,0
2026-08-19 13:22:30,MRNA,63.0600,63.0600,63.0600,63.0600,0.0000,63.0600,0
2026-08-19 13:22:35,MRNA,63.0600,63.0600,63.0600,63.0600,0.0000,63.0600,0
2026-08-19 13:22:40,MRNA,63.0600,63.0600,63.0600,63.0600,0.0000,63.0600,0
2026-08-19 13:22:45,MRNA,63.0600,63.0600,63.0600,63.0600,0.0000,63.0600,0
2026-08-19 13:22:50,MRNA,63.0600,63.0600,63.0600,63.0600,0.0000,63.0600,0
2026-08-19 13:22:55,MRNA,63.0600,63.0600,63.0600,63.0600,0.0000,63.0600,0
2026-08-19 13:23:00,MRNA,63.0600,63.0600,63.0600,63.0600,0.0000,63.0600,0
2026-08-19 13:23:05,MRNA,63.0600,63.0600,63.0600,63.0600,0.0000,63.0600,0
2026-08-19 13:23:10,MRNA,63.0600,63.0600,63.0600,63.0600,0.0000,63.0600,0
2026-08-19 13:23:15,MRNA,63.0600,63.0600,63.0600,63.0600,0.0000,63.0600,0
2026-08-19 13:23:20,MRNA,63.0600,63.0600,63.0600,63.0600,0.0000,63.0600,0
2026-08-19 13:23:25,MRNA,63.0600,63.0600,63.0600,63.0600,0.0000,63.0600,0
2026-08-19 13:23:30,MRNA,63.0600,63.0600,63.0600,63.0600,0.0000,63.0600,0
2026-08-19 13:23:35,MRNA,63.0600,63.0600,63.0600,63.0600,0.0000,63.0600,0
2026-08-19 13:23:40,MRNA,63.0600,63.0600,63.0600,63.0600,0.0000,63.0600,0
2026-08-19 13:23:45,MRNA,63.0600,63.0600,63.0600,63.0600,0.0000,63.0600,0
2026-08-19 13:23:50,MRNA,63.0600,63.0600,63.0600,63.0600,0.0000,63.0600,0
2026-08-19 13:23:55,MRNA,63.0600,63.0600,63.0600,63.0600,0.0000,63.0600,0
2026-08-19 13:24:00,MRNA,63.0600,63.0600,63.0600,63.0600,0.0000,63.0600,0
2026-08-19 13:24:05,MRNA,63.0600,63.0600,63.0600,63.0600,0.0000,63.0600,0
2026-08-19 13:24:10,MRNA,63.0600,63.0600,63.0600,63.0600,0.0000,63.0600,0
2026-08-19 13:24:15,MRNA,63.0600,63.0600,63.0600,63.0600,0.0000,63.0600,0
2026-08-19 13:24:20,MRNA,63.0600,63.0600,63.0600,63.0600,0.0000,63.0600,0
2026-08-19 13:24:25,MRNA,63.0600,63.0600,63.0600,63.0600,0.0000,63.0600,0
2026-08-19 13:24:30,MRNA,63.0600,63.0600,63.0600,63.0600,0.0000,63.0600,0
2026-08-19 13:24:35,MRNA,63.0600,63.0600,63.0600,63.0600,0.0000,63.0600,0
2026-08-19 13:24:40,MRNA,63.0600,63.0600,63.0600,63.0600,0.0000,63.0600,0
2026-08-19 13:24:45,MRNA,63.0600,63.0600,63.0600,63.0600,0.0000,63.0600,0
2026-08-19 13:24:50,MRNA,63.0600,63.0600,63.0600,63.0600,0.0000,63.0600,0
2026-08-19 13:24:55,MRNA,63.0600,63.0600,63.0600,63.0600,0.0000,63.0600,0
2026-08-19 13:25:00,MRNA,63.0600,63.0600,63.0600,63.0600,0.0000,63.0600,0
2026-08-19 13:25:05,MRNA,63.0600,63.0600,63.0600,63.0600,0.0000,63.0600,0
2026-08-19 13:25:10,MRNA,63.0600,63.0600,63.0600,63.0600,0.0000,63.0600,0
2026-08-19 13:25:15,MRNA,63.0600,63.0600,63.0600,63.0600,0.0000,63.0600,0
2026-08-19 13:25:20,MRNA,63.0600,63.0600,63.0600,63.0600,0.0000,63.0600,0
2026-08-19 13:25:25,MRNA,63.0600,63.0600,63.0600,63.0600,0.0000,63.0600,0
2026-08-19 13:25:30,MRNA,63.0600,63.0600,63.0600,63.0600,0.0000,63.0600,0
2026-08-19 13:25:35,MRNA,63.0600,63.0600,63.0600,63.0600,0.0000,63.0600,0
2026-08-19 13:25:40,MRNA,63.0600,63.0600,63.0600,63.0600,0.0000,63.0600,0
2026-08-19 13:25:45,MRNA,63.0600,63.0600,63.0600,63.0600,0.0000,63.0600,0
2026-08-19 13:25:50,MRNA,63.0600,63.0600,63.0600,63.0600,0.0000,63.0600,0
2026-08-19 13:25:55,MRNA,63.0600,63.0600,63.0600,63.0600,0.0000,63.0600,0
2026-08-19 13:26:00,MRNA,63.0600,63.0600,63.0600,63.0600,0.0000,63.0600,0
2026-08-19 13:26:05,MRNA,63.0600,63.0600,63.0600,63.0600,0.0000,63.0600,0
2026-08-19 13:26:10,MRNA,63.0600,63.0600,63.0600,63.0600,0.0000,63.0600,0
2026-08-19 13:26:15,MRNA,63.0600,63.0600,63.0600,63.0600,0.0000,63.0600,0
2026-08-19 13:26:20,MRNA,63.0600,63.0600,63.0600,63.0600,0.0000,63.0600,0
2026-08-19 13:26:25,MRNA,63.0600,63.0600,63.0600,63.0600,0.0000,63.0600,0
2026-08-19 13:26:30,MRNA,63.0600,63.0600,63.0600,63.0600,0.0000,63.0600,0
2026-08-19 13:26:35,MRNA,63.0100,63.0100,63.0100,63.0100,100.0000,63.0100,1
2026-08-19 13:26:40,MRNA,63.0100,63.0100,63.0100,63.0100,0.0000,63.0100,0
2026-08-19 13:26:45,MRNA,63.0100,63.0100,63.0100,63.0100,0.0000,63.0100,0
2026-08-19 13:26:50,MRNA,63.0100,63.0100,63.0100,63.0100,0.0000,63.0100,0
2026-08-19 13:26:55,MRNA,63.0100,63.0100,63.0100,63.0100,276.0000,63.0100,1
2026-08-19 13:27:00,MRNA,63.0100,63.0100,63.0100,63.0100,0.0000,63.0100,0
2026-08-19 13:27:05,MRNA,63.0100,63.0100,63.0100,63.0100,0.0000,63.0100,0
2026-08-19 13:27:10,MRNA,63.0100,63.0100,63.0100,63.0100,0.0000,63.0100,0
2026-08-19 13:27:15,MRNA,63.0100,63.0100,63.0100,63.0100,0.0000,63.0100,0
2026-08-19 13:27:20,MRNA,63.0100,63.0100,63.0100,63.0100,0.0000,63.0100,0
2026-08-19 13:27:25,MRNA,63.0100,63.0100,63.0100,63.0100,0.0000,63.0100,0
2026-08-19 13:27:30,MRNA,63.0100,63.0100,63.0100,63.0100,0.0000,63.0100,0
2026-08-19 13:27:35,MRNA,63.0100,63.0100,63.0100,63.0100,0.0000,63.0100,0
2026-08-19 13:27:40,MRNA,63.0100,63.0100,63.0100,63.0100,0.0000,63.0100,0
2026-08-19 13:27:45,MRNA,63.0100,63.0100,63.0100,63.0100,0.0000,63.0100,0
2026-08-19 13:27:50,MRNA,63.0100,63.0100,63.0100,63.0100,0.0000,63.0100,0
2026-08-19 13:27:55,MRNA,63.0100,63.0100,63.0100,63.0100,0.0000,63.0100,0
2026-08-19 13:28:00,MRNA,63.0100,63.0100,63.0100,63.0100,0.0000,63.0100,0
2026-08-19 13:28:05,MRNA,63.0100,63.0100,63.0100,63.0100,0.0000,63.0100,0
2026-08-19 13:28:10,MRNA,63.0100,63.0100,63.0100,63.0100,0.0000,63.0100,0
2026-08-19 13:28:15,MRNA,63.0100,63.0100,63.0100,63.0100,0.0000,63.0100,0
2026-08-19 13:28:20,MRNA,63.0100,63.0100,63.0100,63.0100,0.0000,63.0100,0
2026-08-19 13:28:25,MRNA,63.0100,63.0100,63.0100,63.0100,0.0000,63.0100,0
2026-08-19 13:28:30,MRNA,63.0100,63.0100,63.0100,63.0100,0.0000,63.0100,0
2026-08-19 13:28:35,MRNA,63.0100,63.0100,63.0100,63.0100,0.0000,63.0100,0
2026-08-19 13:28:40,MRNA,63.0100,63.0100,63.0100,63.0100,0.0000,63.0100,0
2026-08-19 13:28:45,MRNA,63.0100,63.0100,63.0100,63.0100,0.0000,63.0100,0
2026-08-19 13:28:50,MRNA,63.0100,63.0100,63.0100,63.0100,0.0000,63.0100,0
2026-08-19 13:28:55,MRNA,63.0100,63.0100,63.0100,63.0100,0.0000,63.0100,0
2026-08-19 13:29:00,MRNA,63.0100,63.0100,63.0100,63.0100,0.0000,63.0100,0
2026-08-19 13:29:05,MRNA,63.0100,63.0100,63.0100,63.0100,0.0000,63.0100,0
2026-08-19 13:29:10,MRNA,63.0100,63.0100,63.0100,63.0100,0.0000,63.0100,0
2026-08-19 13:29:15,MRNA,63.0100,63.0100,63.0100,63.0100,0.0000,63.0100,0
2026-08-19 13:29:20,MRNA,63.0100,63.0100,63.0100,63.0100,0.0000,63.0100,0
2026-08-19 13:29:25,MRNA,63.0100,63.0100,63.0100,63.0100,0.0000,63.0100,0
2026-08-19 13:29:30,MRNA,63.0100,63.0100,63.0100,63.0100,0.0000,63.0100,0
2026-08-19 13:29:35,MRNA,63.0100,63.0100,63.0100,63.0100,0.0000,63.0100,0
2026-08-19 13:29:40,MRNA,63.0100,63.0100,63.0100,63.0100,0.0000,63.0100,0
2026-08-19 13:29:45,MRNA,63.0100,63.0100,63.0100,63.0100,0.0000,63.0100,0
2026-08-19 13:29:50,MRNA,63.0100,63.0100,63.0100,63.0100,0.0000,63.0100,0
2026-08-19 13:29:55,MRNA,63.0100,63.0100,63.0100,63.0100,0.0000,63.0100,0
2026-08-19 13:30:00,MRNA,63.0100,63.0100,63.0100,63.0100,0.0000,63.0100,0
2026-08-19 13:30:05,MRNA,63.0100,63.0100,63.0100,63.0100,0.0000,63.0100,0
2026-08-19 13:30:10,MRNA,63.0100,63.0100,63.0100,63.0100,0.0000,63.0100,0
2026-08-19 13:30:15,MRNA,63.0100,63.0100,63.0100,63.0100,0.0000,63.0100,0
2026-08-19 13:30:20,MRNA,63.0100,63.0100,63.0100,63.0100,0.0000,63.0100,0
2026-08-19 13:30:25,MRNA,63.0100,63.0100,63.0100,63.0100,0.0000,63.0100,0
2026-08-19 13:30:30,MRNA,63.0100,63.0100,63.0100,63.0100,0.0000,63.0100,0
2026-08-19 13:30:35,MRNA,63.0100,63.0100,63.0100,63.0100,0.0000,63.0100,0
2026-08-19 13:30:40,MRNA,63.0100,63.0100,63.0100,63.0100,0.0000,63.0100,0
2026-08-19 13:30:45,MRNA,63.0100,63.0100,63.0100,63.0100,0.0000,63.0100,0
2026-08-19 13:30:50,MRNA,63.0100,63.0100,63.0100,63.0100,0.0000,63.0100,0
2026-08-19 13:30:55,MRNA,63.0100,63.0100,63.0100,63.0100,0.0000,63.0100,0
2026-08-19 13:31:00,MRNA,63.0100,63.0100,63.0100,63.0100,0.0000,63.0100,0
2026-08-19 13:31:05,MRNA,63.0100,63.0100,63.0100,63.0100,0.0000,63.0100,0
2026-08-19 13:31:10,MRNA,63.0100,63.0100,63.0100,63.0100,0.0000,63.0100,0
2026-08-19 13:31:15,MRNA,63.0100,63.0100,63.0100,63.0100,0.0000,63.0100,0
2026-08-19 13:31:20,MRNA,63.0100,63.0100,63.0100,63.0100,0.0000,63.0100,0
2026-08-19 13:31:25,MRNA,63.0100,63.0100,63.0100,63.0100,0.0000,63.0100,0
2026-08-19 13:31:30,MRNA,63.0100,63.0100,63.0100,63.0100,0.0000,63.0100,0
2026-08-19 13:31:35,MRNA,63.0100,63.0100,63.0100,63.0100,0.0000,63.0100,0
2026-08-19 13:31:40,MRNA,63.0100,63.0100,63.0100,63.0100,0.0000,63.0100,0
2026-08-19 13:31:45,MRNA,63.0100,63.0100,63.0100,63.0100,0.0000,63.0100,0
2026-08-19 13:31:50,MRNA,63.0100,63.0100,63.0100,63.0100,0.0000,63.0100,0
2026-08-19 13:31:55,MRNA,63.0100,63.0100,63.0100,63.0100,0.0000,63.0100,0
2026-08-19 13:32:00,MRNA,63.0100,63.0100,63.0100,63.0100,0.0000,63.0100,0
2026-08-19 13:32:05,MRNA,63.0100,63.0100,63.0100,63.0100,0.0000,63.0100,0
2026-08-19 13:32:10,MRNA,63.0100,63.0100,63.0100,63.0100,0.0000,63.0100,0
2026-08-19 13:32:15,MRNA,63.0100,63.0100,63.0100,63.0100,0.0000,63.0100,0
2026-08-19 13:32:20,MRNA,63.0100,63.0100,63.0100,63.0100,0.0000,63.0100,0
2026-08-19 13:32:25,MRNA,63.0100,63.0100,63.0100,63.0100,0.0000,63.0100,0
2026-08-19 13:32:30,MRNA,63.0100,63.0100,63.0100,63.0100,0.0000,63.0100,0
2026-08-19 13:32:35,MRNA,63.0100,63.0100,63.0100,63.0100,0.0000,63.0100,0
2026-08-19 13:32:40,MRNA,63.0100,63.0100,63.0100,63.0100,0.0000,63.0100,0
2026-08-19 13:32:45,MRNA,63.0100,63.0100,63.0100,63.0100,0.0000,63.0100,0
2026-08-19 13:32:50,MRNA,63.0100,63.0100,63.0100,63.0100,0.0000,63.0100,0
2026-08-19 13:32:55,MRNA,63.0100,63.0100,63.0100,63.0100,0.0000,63.0100,0
2026-08-19 13:33:00,MRNA,63.0100,63.0100,63.0100,63.0100,0.0000,63.0100,0
2026-08-19 13:33:05,MRNA,63.0100,63.0100,63.0100,63.0100,0.0000,63.0100,0
2026-08-19 13:33:10,MRNA,63.0100,63.0100,63.0100,63.0100,0.0000,63.0100,0
2026-08-19 13:33:15,MRNA,63.0100,63.0100,63.0100,63.0100,0.0000,63.0100,0
2026-08-19 13:33:20,MRNA,63.0100,63.0100,63.0100,63.0100,0.0000,63.0100,0
2026-08-19 13:33:25,MRNA,63.0100,63.0100,63.0100,63.0100,0.0000,63.0100,0
2026-08-19 13:33:30,MRNA,63.0100,63.0100,63.0100,63.0100,0.0000,63.0100,0
2026-08-19 13:33:35,MRNA,63.0100,63.0100,63.0100,63.0100,0.0000,63.0100,0
2026-08-19 13:33:40,MRNA,63.0100,63.0100,63.0100,63.0100,0.0000,63.0100,0
2026-08-19 13:33:45,MRNA,63.0100,63.0100,63.0100,63.0100,0.0000,63.0100,0
2026-08-19 13:33:50,MRNA,63.0100,63.0100,63.0100,63.0100,0.0000,63.0100,0
2026-08-19 13:33:55,MRNA,63.0100,63.0100,63.0100,63.0100,0.0000,63.0100,0
2026-08-19 13:34:00,MRNA,63.0100,63.0100,63.0100,63.0100,0.0000,63.0100,0
2026-08-19 13:34:05,MRNA,63.0100,63.0100,63.0100,63.0100,0.0000,63.0100,0
2026-08-19 13:34:10,MRNA,63.0100,63.0100,63.0100,63.0100,0.0000,63.0100,0
2026-08-19 13:34:15,MRNA,63.0100,63.0100,63.0100,63.0100,0.0000,63.0100,0
2026-08-19 13:34:20,MRNA,63.0100,63.0100,63.0100,63.0100,0.0000,63.0100,0
2026-08-19 13:34:25,MRNA,63.0100,63.0100,63.0100,63.0100,0.0000,63.0100,0
2026-08-19 13:34:30,MRNA,63.0100,63.0100,63.0100,63.0100,0.0000,63.0100,0
2026-08-19 13:34:35,MRNA,63.0100,63.0100,63.0100,63.0100,0.0000,63.0100,0
2026-08-19 13:34:40,MRNA,63.0100,63.0100,63.0100,63.0100,0.0000,63.0100,0
2026-08-19 13:34:45,MRNA,63.0100,63.0100,63.0100,63.0100,0.0000,63.0100,0
2026-08-19 13:34:50,MRNA,63.0100,63.0100,63.0100,63.0100,0.0000,63.0100,0
2026-08-19 13:34:55,MRNA,63.0100,63.0100,63.0100,63.0100,0.0000,63.0100,0
2026-08-19 13:35:00,MRNA,63.0100,63.0100,63.0100,63.0100,0.0000,63.0100,0
2026-08-19 13:35:05,MRNA,63.0100,63.0100,63.0100,63.0100,0.0000,63.0100,0
2026-08-19 13:35:10,MRNA,63.0100,63.0100,63.0100,63.0100,0.0000,63.0100,0
2026-08-19 13:35:15,MRNA,63.0100,63.0100,63.0100,63.0100,0.0000,63.0100,0
2026-08-19 13:35:20,MRNA,63.0100,63.0100,63.0100,63.0100,0.0000,63.0100,0
2026-08-19 13:35:25,MRNA,63.0100,63.0100,63.0100,63.0100,0.0000,63.0100,0
2026-08-19 13:35:30,MRNA,63.0100,63.0100,63.0100,63.0100,0.0000,63.0100,0
2026-08-19 13:35:35,MRNA,63.0100,63.0100,63.0100,63.0100,0.0000,63.0100,0
2026-08-19 13:35:40,MRNA,63.0100,63.0100,63.0100,63.0100,0.0000,63.0100,0
2026-08-19 13:35:45,MRNA,63.0100,63.0100,63.0100,63.0100,0.0000,63.0100,0
2026-08-19 13:35:50,MRNA,63.0100,63.0100,63.0100,63.0100,0.0000,63.0100,0
2026-08-19 13:35:55,MRNA,63.0100,63.0100,63.0100,63.0100,0.0000,63.0100,0
2026-08-19 13:36:00,MRNA,63.0100,63.0100,63.0100,63.0100,0.0000,63.0100,0
2026-08-19 13:36:05,MRNA,63.0100,63.0100,63.0100,63.0100,0.0000,63.0100,0
2026-08-19 13:36:10,MRNA,63.0100,63.0100,63.0100,63.0100,0.0000,63.0100,0
2026-08-19 13:36:15,MRNA,63.0100,63.0100,63.0100,63.0100,0.0000,63.0100,0
2026-08-19 13:36:20,MRNA,63.0100,63.0100,63.0100,63.0100,0.0000,63.0100,0
2026-08-19 13:36:25,MRNA,63.0100,63.0100,63.0100,63.0100,0.0000,63.0100,0
2026-08-19 13:36:30,MRNA,63.0100,63.0100,63.0100,63.0100,0.0000,63.0100,0
2026-08-19 13:36:35,MRNA,63.0100,63.0100,63.0100,63.0100,0.0000,63.0100,0
2026-08-19 13:36:40,MRNA,63.0100,63.0100,63.0100,63.0100,0.0000,63.0100,0
2026-08-19 13:36:45,MRNA,63.0100,63.0100,63.0100,63.0100,0.0000,63.0100,0
2026-08-19 13:36:50,MRNA,63.0100,63.0100,63.0100,63.0100,0.0000,63.0100,0
2026-08-19 13:36:55,MRNA,63.0100,63.0100,63.0100,63.0100,0.0000,63.0100,0
2026-08-19 13:37:00,MRNA,63.0100,63.0100,63.0100,63.0100,0.0000,63.0100,0
2026-08-19 13:37:05,MRNA,63.0100,63.0100,63.0100,63.0100,0.0000,63.0100,0
2026-08-19 13:37:10,MRNA,63.0100,63.0100,63.0100,63.0100,0.0000,63.0100,0
2026-08-19 13:37:15,MRNA,63.0100,63.0100,63.0100,63.0100,0.0000,63.0100,0
2026-08-19 13:37:20,MRNA,63.0100,63.0100,63.0100,63.0100,0.0000,63.0100,0
2026-08-19 13:37:25,MRNA,63.0100,63.0100,63.0100,63.0100,0.0000,63.0100,0
2026-08-19 13:37:30,MRNA,63.0100,63.0100,63.0100,63.0100,0.0000,63.0100,0
2026-08-19 13:37:35,MRNA,63.0100,63.0100,63.0100,63.0100,0.0000,63.0100,0
2026-08-19 13:37:40,MRNA,63.0100,63.0100,63.0100,63.0100,0.0000,63.0100,0
2026-08-19 13:37:45,MRNA,63.0100,63.0100,63.0100,63.0100,0.0000,63.0100,0
2026-08-19 13:37:50,MRNA,63.0100,63.0100,63.0100,63.0100,0.0000,63.0100,0
2026-08-19 13:37:55,MRNA,63.0100,63.0100,63.0100,63.0100,0.0000,63.0100,0
2026-08-19 13:38:00,MRNA,63.0100,63.0100,63.0100,63.0100,0.0000,63.0100,0
2026-08-19 13:38:05,MRNA,63.0100,63.0100,63.0100,63.0100,0.0000,63.0100,0
2026-08-19 13:38:10,MRNA,63.0100,63.0100,63.0100,63.0100,0.0000,63.0100,0
2026-08-19 13:38:15,MRNA,63.0100,63.0100,63.0100,63.0100,0.0000,63.0100,0
2026-08-19 13:38:20,MRNA,63.0100,63.0100,63.0100,63.0100,0.0000,63.0100,0
2026-08-19 13:38:25,MRNA,63.0100,63.0100,63.0100,63.0100,0.0000,63.0100,0
2026-08-19 13:38:30,MRNA,63.0100,63.0100,63.0100,63.0100,0.0000,63.0100,0
2026-08-19 13:38:35,MRNA,63.0100,63.0100,63.0100,63.0100,0.0000,63.0100,0
2026-08-19 13:38:40,MRNA,63.0100,63.0100,63.0100,63.0100,0.0000,63.0100,0
2026-08-19 13:38:45,MRNA,63.0100,63.0100,63.0100,63.0100,0.0000,63.0100,0
2026-08-19 13:38:50,MRNA,63.0100,63.0100,63.0100,63.0100,0.0000,63.0100,0
2026-08-19 13:38:55,MRNA,63.0100,63.0100,63.0100,63.0100,0.0000,63.0100,0
2026-08-19 13:39:00,MRNA,63.0100,63.0100,63.0100,63.0100,0.0000,63.0100,0
2026-08-19 13:39:05,MRNA,63.0100,63.0100,63.0100,63.0100,0.0000,63.0100,0
2026-08-19 13:39:10,MRNA,63.0100,63.0100,63.0100,63.0100,0.0000,63.0100,0
2026-08-19 13:39:15,MRNA,63.0100,63.0100,63.0100,63.0100,0.0000,63.0100,0
2026-08-19 13:39:20,MRNA,63.0100,63.0100,63.0100,63.0100,0.0000,63.0100,0
2026-08-19 13:39:25,MRNA,63.0100,63.0100,63.0100,63.0100,0.0000,63.0100,0
2026-08-19 13:39:30,MRNA,63.0100,63.0100,63.0100,63.0100,0.0000,63.0100,0
2026-08-19 13:39:35,MRNA,63.0100,63.0100,63.0100,63.0100,0.0000,63.0100,0
2026-08-19 13:39:40,MRNA,63.0100,63.0100,63.0100,63.0100,0.0000,63.0100,0
2026-08-19 13:39:45,MRNA,63.0100,63.0100,63.0100,63.0100,0.0000,63.0100,0
2026-08-19 13:39:50,MRNA,63.0100,63.0100,63.0100,63.0100,0.0000,63.0100,0
2026-08-19 13:39:55,MRNA,63.0100,63.0100,63.0100,63.0100,0.0000,63.0100,0
2026-08-19 13:40:00,MRNA,63.0100,63.0100,63.0100,63.0100,0.0000,63.0100,0
2026-08-19 13:40:05,MRNA,63.0100,63.0100,63.0100,63.0100,0.0000,63.0100,0
2026-08-19 13:40:10,MRNA,63.0100,63.0100,63.0100,63.0100,0.0000,63.0100,0
2026-08-19 13:40:15,MRNA,63.0100,63.0100,63.0100,63.0100,0.0000,63.0100,0
2026-08-19 13:40:20,MRNA,63.0100,63.0100,63.0100,63.0100,0.0000,63.0100,0
2026-08-19 13:40:25,MRNA,63.0100,63.0100,63.0100,63.0100,0.0000,63.0100,0
2026-08-19 13:40:30,MRNA,63.0100,63.0100,63.0100,63.0100,0.0000,63.0100,0
2026-08-19 13:40:35,MRNA,63.0100,63.0100,63.0100,63.0100,0.0000,63.0100,0
2026-08-19 13:40:40,MRNA,63.0100,63.0100,63.0100,63.0100,0.0000,63.0100,0
2026-08-19 13:40:45,MRNA,63.0100,63.0100,63.0100,63.0100,0.0000,63.0100,0
2026-08-19 13:40:50,MRNA,63.0100,63.0100,63.0100,63.0100,0.0000,63.0100,0
2026-08-19 13:40:55,MRNA,63.0100,63.0100,63.0100,63.0100,0.0000,63.0100,0
2026-08-19 13:41:00,MRNA,63.0100,63.0100,63.0100,63.0100,0.0000,63.0100,0
2026-08-19 13:41:05,MRNA,63.0100,63.0100,63.0100,63.0100,0.0000,63.0100,0
2026-08-19 13:41:10,MRNA,63.0100,63.0100,63.0100,63.0100,0.0000,63.0100,0
2026-08-19 13:41:15,MRNA,63.0100,63.0100,63.0100,63.0100,0.0000,63.0100,0
2026-08-19 13:41:20,MRNA,63.0100,63.0100,63.0100,63.0100,0.0000,63.0100,0
2026-08-19 13:41:25,MRNA,63.0100,63.0100,63.0100,63.0100,0.0000,63.0100,0
2026-08-19 13:41:30,MRNA,63.0100,63.0100,63.0100,63.0100,0.0000,63.0100,0
2026-08-19 13:41:35,MRNA,63.0100,63.0100,63.0100,63.0100,0.0000,63.0100,0
2026-08-19 13:41:40,MRNA,63.0100,63.0100,63.0100,63.0100,0.0000,63.0100,0
2026-08-19 13:41:45,MRNA,63.0100,63.0100,63.0100,63.0100,0.0000,63.0100,0
2026-08-19 13:41:50,MRNA,63.0100,63.0100,63.0100,63.0100,0.0000,63.0100,0
2026-08-19 13:41:55,MRNA,63.0100,63.0100,63.0100,63.0100,0.0000,63.0100,0
2026-08-19 13:42:00,MRNA,63.0100,63.0100,63.0100,63.0100,0.0000,63.0100,0
2026-08-19 13:42:05,MRNA,63.0100,63.0100,63.0100,63.0100,0.0000,63.0100,0
2026-08-19 13:42:10,MRNA,63.0100,63.0100,63.0100,63.0100,0.0000,63.0100,0
2026-08-19 13:42:15,MRNA,63.0100,63.0100,63.0100,63.0100,0.0000,63.0100,0
2026-08-19 13:42:20,MRNA,63.0100,63.0100,63.0100,63.0100,0.0000,63.0100,0
2026-08-19 13:42:25,MRNA,63.0100,63.0100,63.0100,63.0100,0.0000,63.0100,0
2026-08-19 13:42:30,MRNA,63.0100,63.0100,63.0100,63.0100,0.0000,63.0100,0
2026-08-19 13:42:35,MRNA,63.0100,63.0100,63.0100,63.0100,0.0000,63.0100,0
2026-08-19 13:42:40,MRNA,63.0100,63.0100,63.0100,63.0100,0.0000,63.0100,0
2026-08-19 13:42:45,MRNA,63.0100,63.0100,63.0100,63.0100,0.0000,63.0100,0
2026-08-19 13:42:50,MRNA,63.0100,63.0100,63.0100,63.0100,0.0000,63.0100,0
2026-08-19 13:42:55,MRNA,63.0100,63.0100,63.0100,63.0100,0.0000,63.0100,0
2026-08-19 13:43:00,MRNA,63.0100,63.0100,63.0100,63.0100,0.0000,63.0100,0
2026-08-19 13:43:05,MRNA,63.0100,63.0100,63.0100,63.0100,0.0000,63.0100,0
2026-08-19 13:43:10,MRNA,63.0100,63.0100,63.0100,63.0100,0.0000,63.0100,0
2026-08-19 13:43:15,MRNA,63.0100,63.0100,63.0100,63.0100,0.0000,63.0100,0
2026-08-19 13:43:20,MRNA,63.0100,63.0100,63.0100,63.0100,0.0000,63.0100,0
2026-08-19 13:43:25,MRNA,63.0100,63.0100,63.0100,63.0100,0.0000,63.0100,0
2026-08-19 13:43:30,MRNA,63.0100,63.0100,63.0100,63.0100,0.0000,63.0100,0
2026-08-19 13:43:35,MRNA,63.0100,63.0100,63.0100,63.0100,0.0000,63.0100,0
2026-08-19 13:43:40,MRNA,63.0100,63.0100,63.0100,63.0100,0.0000,63.0100,0
2026-08-19 13:43:45,MRNA,63.0100,63.0100,63.0100,63.0100,0.0000,63.0100,0
2026-08-19 13:43:50,MRNA,63.0100,63.0100,63.0100,63.0100,0.0000,63.0100,0
2026-08-19 13:43:55,MRNA,63.0100,63.0100,63.0100,63.0100,0.0000,63.0100,0
2026-08-19 13:44:00,MRNA,63.0100,63.0100,63.0100,63.0100,0.0000,63.0100,0
2026-08-19 13:44:05,MRNA,63.0100,63.0100,63.0100,63.0100,0.0000,63.0100,0
2026-08-19 13:44:10,MRNA,63.0100,63.0100,63.0100,63.0100,0.0000,63.0100,0
2026-08-19 13:44:15,MRNA,63.0100,63.0100,63.0100,63.0100,0.0000,63.0100,0
2026-08-19 13:44:20,MRNA,63.0100,63.0100,63.0100,63.0100,0.0000,63.0100,0
2026-08-19 13:44:25,MRNA,63.0100,63.0100,63.0100,63.0100,0.0000,63.0100,0
2026-08-19 13:44:30,MRNA,63.0100,63.0100,63.0100,63.0100,0.0000,63.0100,0
2026-08-19 13:44:35,MRNA,63.0100,63.0100,63.0100,63.0100,0.0000,63.0100,0
2026-08-19 13:44:40,MRNA,63.0100,63.0100,63.0100,63.0100,0.0000,63.0100,0
2026-08-19 13:44:45,MRNA,63.0100,63.0100,63.0100,63.0100,0.0000,63.0100,0
2026-08-19 13:44:50,MRNA,63.0100,63.0100,63.0100,63.0100,0.0000,63.0100,0
2026-08-19 13:44:55,MRNA,63.1200,63.6300,63.0500,63.5800,1666.0000,63.2630,10
2026-08-19 13:45:00,MRNA,63.9400,64.0000,63.9100,64.0000,1569.0000,63.9560,6
2026-08-19 13:45:05,MRNA,64.1000,64.2600,64.1000,64.1000,300.0000,64.1530,3
2026-08-19 13:45:10,MRNA,64.1000,64.1000,64.1000,64.1000,0.0000,64.1000,0
2026-08-19 13:45:15,MRNA,64.4100,66.0000,64.4100,65.9400,7863.0000,65.2180,32
2026-08-19 13:45:20,MRNA,65.9400,68.1300,65.9400,67.0400,16631.0000,66.9610,67
2026-08-19 13:45:25,MRNA,68.1600,68.1600,68.1600,68.1600,200.0000,68.1600,1
2026-08-19 13:45:30,MRNA,68.1600,68.1600,68.1600,68.1600,700.0000,68.1600,4
2026-08-19 13:45:35,MRNA,68.1900,68.2000,66.1900,66.1900,645.0000,67.4320,6
2026-08-19 13:45:40,MRNA,66.1900,66.1900,66.1900,66.1900,0.0000,66.1900,0
2026-08-19 13:45:45,MRNA,68.4600,69.7300,67.8000,69.7300,2835.0000,69.0000,16
2026-08-19 13:45:50,MRNA,69.5800,71.0600,68.8700,70.9900,12711.0000,70.0460,19
2026-08-19 13:45:55,MRNA,70.0100,70.0100,70.0100,70.0100,271.0000,70.0100,1
2026-08-19 13:46:00,MRNA,68.7100,68.7100,68.7100,68.7100,100.0000,68.7100,1
2026-08-19 13:46:05,MRNA,68.4600,68.4700,68.4600,68.4600,1219.0000,68.4640,1
2026-08-19 13:46:10,MRNA,68.4600,68.4700,68.4600,68.4600,0.0000,68.4600,0
2026-08-19 13:46:15,MRNA,68.4600,68.4700,68.4600,68.4600,0.0000,68.4600,0
2026-08-19 13:46:20,MRNA,67.0700,67.0700,67.0100,67.0100,351.0000,67.0440,2
2026-08-19 13:46:25,MRNA,67.0200,67.0200,67.0200,67.0200,100.0000,67.0200,1
2026-08-19 13:46:30,MRNA,68.0800,68.0800,68.0800,68.0800,100.0000,68.0800,1
2026-08-19 13:46:35,MRNA,68.5000,69.4500,68.3900,68.9600,5592.0000,68.7180,26
2026-08-19 13:46:40,MRNA,69.9000,69.9100,69.2000,69.2000,300.0000,69.4340,2
2026-08-19 13:46:45,MRNA,69.1800,69.8300,69.1800,69.8300,350.0000,69.4590,2
2026-08-19 13:46:50,MRNA,69.8900,69.8900,69.8900,69.8900,150.0000,69.8900,1
2026-08-19 13:46:55,MRNA,69.7900,69.9900,69.7900,69.9900,5104.0000,69.9660,26
2026-08-19 13:47:00,MRNA,69.7900,71.0500,69.7900,70.7200,4116.0000,70.0930,12
2026-08-19 13:47:05,MRNA,70.1700,71.2700,70.1700,71.2700,1600.0000,70.5300,4
2026-08-19 13:47:10,MRNA,70.7800,70.7800,70.7800,70.7800,108.0000,70.7800,1
2026-08-19 13:47:15,MRNA,71.2300,72.0000,71.0500,71.4500,1784.0000,71.5380,12
2026-08-19 13:47:20,MRNA,71.4400,71.5000,71.0000,71.4500,1462.0000,71.3410,8
2026-08-19 13:47:25,MRNA,71.4500,71.4500,71.4500,71.4500,0.0000,71.4500,0
2026-08-19 13:47:30,MRNA,70.9200,70.9200,70.1700,70.1700,800.0000,70.4100,4
2026-08-19 13:47:35,MRNA,71.0000,71.0000,70.9200,70.9200,200.0000,70.9600,2
2026-08-19 13:47:40,MRNA,70.9900,70.9900,70.9900,70.9900,171.0000,70.9900,1
2026-08-19 13:47:45,MRNA,70.8500,70.8500,70.8500,70.8500,100.0000,70.8500,1
2026-08-19 13:47:50,MRNA,70.2500,72.0000,70.2500,72.0000,792.0000,71.2170,6
2026-08-19 13:47:55,MRNA,71.2100,71.2100,71.0000,71.0000,569.0000,71.1440,4
2026-08-19 13:48:00,MRNA,70.1700,70.4100,70.1700,70.4100,720.0000,70.2770,3
2026-08-19 13:48:05,MRNA,70.1700,70.1700,69.9000,70.0100,488.0000,70.0330,3
2026-08-19 13:48:10,MRNA,69.5300,69.5300,69.4300,69.4300,302.0000,69.4940,3
2026-08-19 13:48:15,MRNA,69.4300,70.0000,69.4200,69.4200,431.0000,69.5590,4
2026-08-19 13:48:20,MRNA,69.0200,69.0200,68.7600,68.7600,349.0000,68.9090,2
2026-08-19 13:48:25,MRNA,68.7700,68.7700,68.6700,68.7500,4800.0000,68.7500,13
2026-08-19 13:48:30,MRNA,68.7200,68.7500,68.7200,68.7500,250.0000,68.7330,2
2026-08-19 13:48:35,MRNA,68.7500,68.7500,68.7500,68.7500,0.0000,68.7500,0
2026-08-19 13:48:40,MRNA,68.8600,68.8600,68.8500,68.8600,100.0000,68.8600,1
2026-08-19 13:48:45,MRNA,69.2700,69.2800,68.5000,69.0000,6230.0000,68.9180,12
2026-08-19 13:48:50,MRNA,69.2800,69.2800,69.2800,69.2800,300.0000,69.2800,3
2026-08-19 13:48:55,MRNA,69.2000,69.2800,69.2000,69.2800,1152.0000,69.2690,2
2026-08-19 13:49:00,MRNA,69.2800,69.2800,69.2800,69.2800,0.0000,69.2800,0
2026-08-19 13:49:05,MRNA,69.2800,69.2800,69.2800,69.2800,0.0000,69.2800,0
2026-08-19 13:49:10,MRNA,69.4400,69.8600,69.3800,69.8600,3177.0000,69.5620,9
2026-08-19 13:49:15,MRNA,70.4800,70.8800,70.4800,70.8600,1138.0000,70.6130,8
2026-08-19 13:49:20,MRNA,71.2100,71.2100,71.2000,71.2000,300.0000,71.2070,3
2026-08-19 13:49:25,MRNA,71.4400,71.4600,70.7100,70.7100,2811.0000,71.1900,12
2026-08-19 13:49:30,MRNA,70.7000,71.0000,70.4800,70.4800,1329.0000,70.5910,4
2026-08-19 13:49:35,MRNA,70.0100,70.9900,69.9400,69.9400,5110.0000,70.3340,13
2026-08-19 13:49:40,MRNA,69.9400,69.9400,69.9400,69.9400,0.0000,69.9400,0
2026-08-19 13:49:45,MRNA,70.5600,70.5600,70.5600,70.5600,100.0000,70.5600,1
2026-08-19 13:49:50,MRNA,70.5600,70.5600,70.5600,70.5600,0.0000,70.5600,0
2026-08-19 13:49:55,MRNA,69.4400,69.4400,69.4400,69.4400,500.0000,69.4400,1
2026-08-19 13:50:00,MRNA,69.4400,69.4400,69.4400,69.4400,0.0000,69.4400,0
2026-08-19 13:50:05,MRNA,69.9400,69.9400,69.9400,69.9400,1000.0000,69.9400,1
2026-08-19 13:50:10,MRNA,69.9400,69.9400,69.9400,69.9400,0.0000,69.9400,0
2026-08-19 13:50:15,MRNA,69.9400,69.9400,69.9400,69.9400,0.0000,69.9400,0
2026-08-19 13:50:20,MRNA,69.9400,69.9400,69.5000,69.8000,1953.0000,69.8010,6
2026-08-19 13:50:25,MRNA,69.9400,69.9400,69.9400,69.9400,1000.0000,69.9400,2
2026-08-19 13:50:30,MRNA,69.9400,69.9400,69.9400,69.9400,0.0000,69.9400,0
2026-08-19 13:50:35,MRNA,69.9400,69.9400,69.9400,69.9400,1000.0000,69.9400,1
2026-08-19 13:50:40,MRNA,69.9400,71.0000,69.9400,71.0000,1303.0000,70.7790,5
2026-08-19 13:50:45,MRNA,71.0000,71.2400,70.2600,71.0000,5937.0000,70.9160,13
2026-08-19 13:50:50,MRNA,71.3900,71.3900,71.3900,71.3900,4744.0000,71.3900,18
2026-08-19 13:50:55,MRNA,71.8200,71.8200,71.8100,71.8100,1053.0000,71.8190,2
2026-08-19 13:51:00,MRNA,71.8700,72.7800,71.8700,72.7200,7322.0000,72.3560,23
2026-08-19 13:51:05,MRNA,72.7000,74.0500,72.4000,73.4300,16435.0000,73.3580,53
2026-08-19 13:51:10,MRNA,73.3300,74.4900,73.3200,74.4900,10192.0000,73.8140,30
2026-08-19 13:51:15,MRNA,74.5000,75.0000,74.5000,74.9000,5596.0000,74.8880,16
2026-08-19 13:51:20,MRNA,74.6100,75.3000,74.6100,75.0000,5228.0000,74.9770,23
2026-08-19 13:51:25,MRNA,75.0000,75.0600,75.0000,75.0000,2410.0000,75.0080,7
2026-08-19 13:51:30,MRNA,75.5000,75.5000,75.0200,75.5000,1208.0000,75.4150,6
2026-08-19 13:51:35,MRNA,75.2600,75.2700,75.0200,75.0200,1163.0000,75.1210,7
2026-08-19 13:51:40,MRNA,75.0600,75.6700,75.0000,75.5000,2542.0000,75.3900,15
2026-08-19 13:51:45,MRNA,75.5100,75.8000,75.4900,75.5500,1802.0000,75.5350,8
2026-08-19 13:51:50,MRNA,75.9600,75.9600,75.9600,75.9600,100.0000,75.9600,1
2026-08-19 13:51:55,MRNA,75.4900,75.4900,75.0000,75.3000,4883.0000,75.3830,16
2026-08-19 13:52:00,MRNA,75.9500,76.0000,75.3200,75.3200,4806.0000,75.9710,17
2026-08-19 13:52:05,MRNA,75.4900,75.5000,75.4400,75.4500,2863.0000,75.4830,7
2026-08-19 13:52:10,MRNA,75.3000,75.4900,75.1800,75.4900,400.0000,75.2880,3
2026-08-19 13:52:15,MRNA,75.5000,75.5000,75.5000,75.5000,933.0000,75.5000,2
2026-08-19 13:52:20,MRNA,75.2000,75.2000,75.2000,75.2000,250.0000,75.2000,1
2026-08-19 13:52:25,MRNA,76.0000,76.6600,76.0000,76.6600,1322.0000,76.1230,3
2026-08-19 13:52:30,MRNA,76.6600,76.6600,76.0000,76.6600,2584.0000,76.2150,11
2026-08-19 13:52:35,MRNA,76.0500,77.7500,76.0500,77.0600,3121.0000,76.6920,13
2026-08-19 13:52:40,MRNA,77.8600,78.5400,77.5000,78.5400,8836.0000,78.0690,37
2026-08-19 13:52:45,MRNA,78.0300,78.9400,78.0000,78.0000,1600.0000,78.4050,8
2026-08-19 13:52:50,MRNA,78.7000,79.6300,78.7000,79.4800,5056.0000,79.1320,27
2026-08-19 13:52:55,MRNA,79.5000,79.9300,79.5000,79.8300,6467.0000,79.7250,22
2026-08-19 13:53:00,MRNA,79.5200,80.0100,79.5000,80.0000,4567.0000,79.7350,21
2026-08-19 13:53:05,MRNA,80.5200,81.0600,80.0000,81.0100,2319.0000,80.5840,12
2026-08-19 13:53:10,MRNA,81.0100,82.0000,81.0100,81.4500,3781.0000,81.6330,19
2026-08-19 13:53:15,MRNA,81.8700,82.0000,80.7000,80.7000,8149.0000,81.5770,39
2026-08-19 13:53:20,MRNA,80.7000,81.7400,80.7000,81.2300,4649.0000,81.1270,24
2026-08-19 13:53:25,MRNA,81.0900,81.6900,80.7000,81.5000,6100.0000,81.3860,52
2026-08-19 13:53:30,MRNA,81.5000,82.1700,81.5000,82.1700,1212.0000,81.6670,9
2026-08-19 13:53:35,MRNA,81.9900,84.0200,81.9900,84.0200,17915.0000,83.2500,75
2026-08-19 13:53:40,MRNA,84.0000,84.4300,82.5000,82.6600,11128.0000,83.5490,33
2026-08-19 13:53:45,MRNA,83.0000,83.9500,82.5400,83.8100,3097.0000,83.1730,12
2026-08-19 13:53:50,MRNA,83.7400,84.2700,83.7000,83.9100,8948.0000,83.9900,35
2026-08-19 13:53:55,MRNA,83.9900,83.9900,83.7000,83.8000,1990.0000,83.8720,14
2026-08-19 13:54:00,MRNA,83.8300,84.7400,83.7700,84.4700,4357.0000,84.2510,26
2026-08-19 13:54:05,MRNA,84.6700,85.4800,84.6000,85.0000,10624.0000,84.9480,42
2026-08-19 13:54:10,MRNA,85.3100,87.2200,85.0100,87.2200,10374.0000,86.4230,39
2026-08-19 13:54:15,MRNA,87.0000,87.0000,86.0000,87.0000,6084.0000,86.6920,26
2026-08-19 13:54:20,MRNA,87.0000,88.5300,87.0000,88.4500,4554.0000,88.0220,23
2026-08-19 13:54:25,MRNA,88.0000,88.8300,88.0000,88.0600,6186.0000,88.3880,25
2026-08-19 13:54:30,MRNA,88.5000,88.5400,88.0000,88.5000,4363.0000,88.2110,18
2026-08-19 13:54:35,MRNA,88.2500,88.9400,87.3100,87.7000,8529.0000,87.9700,39
2026-08-19 13:54:40,MRNA,88.0000,88.8900,87.5600,88.8900,3002.0000,88.1630,15
2026-08-19 13:54:45,MRNA,88.1000,89.0000,87.2500,87.2500,6567.0000,87.8690,37
2026-08-19 13:54:50,MRNA,87.2500,88.5000,87.2500,88.3000,6836.0000,88.2650,53
2026-08-19 13:54:55,MRNA,88.3000,88.3700,88.2800,88.3000,5786.0000,88.3060,46
2026-08-19 13:55:00,MRNA,88.3200,91.8100,88.3200,90.0000,9449.0000,89.5010,49
2026-08-19 13:55:05,MRNA,91.5800,92.2700,91.5800,92.2700,2361.0000,92.0140,8
2026-08-19 13:55:10,MRNA,92.1500,93.4200,92.0000,92.0000,4077.0000,92.2050,13
2026-08-19 13:55:15,MRNA,92.7100,93.2500,92.0700,93.0000,3064.0000,92.6320,17
2026-08-19 13:55:20,MRNA,92.6900,92.6900,92.3800,92.4600,1643.0000,92.6290,5
2026-08-19 13:55:25,MRNA,92.7100,93.8700,92.6200,93.8700,5862.0000,92.8730,26
2026-08-19 13:55:30,MRNA,93.0200,93.3300,90.6500,90.6500,10132.0000,92.0580,51
2026-08-19 13:55:35,MRNA,90.6500,91.9700,90.0700,91.5600,1768.0000,90.9660,9
2026-08-19 13:55:40,MRNA,90.7500,90.7500,88.5900,89.0000,2641.0000,89.3790,18
2026-08-19 13:55:45,MRNA,88.5900,91.9800,88.5900,91.9300,17587.0000,90.0960,65
2026-08-19 13:55:50,MRNA,91.9400,92.0000,90.1900,90.1900,1581.0000,91.0060,10
2026-08-19 13:55:55,MRNA,91.5800,93.1600,91.5800,92.0900,14561.0000,92.3950,43
2026-08-19 13:56:00,MRNA,92.4800,92.4800,92.4800,92.4800,100.0000,92.4800,1
2026-08-19 13:56:05,MRNA,92.5100,94.0000,92.5100,93.0800,12740.0000,93.1200,62
2026-08-19 13:56:10,MRNA,93.4100,93.8300,93.0000,93.8300,15031.0000,93.0720,114
2026-08-19 13:56:15,MRNA,93.5900,95.0000,93.4200,93.9800,9600.0000,94.1290,51
2026-08-19 13:56:20,MRNA,94.0000,96.0000,93.9700,94.9900,7399.0000,94.7780,37
2026-08-19 13:56:25,MRNA,94.8900,96.0000,93.9700,95.1400,6962.0000,94.7770,29
2026-08-19 13:56:30,MRNA,95.0000,96.0000,95.0000,96.0000,3789.0000,95.2810,20
2026-08-19 13:56:35,MRNA,95.8400,96.5000,95.0000,95.4000,6106.0000,95.1400,17
2026-08-19 13:56:40,MRNA,95.9400,95.9500,95.0000,95.0000,3647.0000,95.4550,20
2026-08-19 13:56:45,MRNA,95.6100,95.6100,91.6700,92.0000,8834.0000,93.2130,29
2026-08-19 13:56:50,MRNA,91.0600,92.6500,91.0500,92.0000,2658.0000,91.7990,10
2026-08-19 13:56:55,MRNA,91.9000,92.9000,91.8900,92.4000,3372.0000,92.1180,23
2026-08-19 13:57:00,MRNA,91.9000,92.5000,91.9000,92.2000,11670.0000,92.0570,87
2026-08-19 13:57:05,MRNA,92.0200,92.3900,90.8000,92.3900,16500.0000,91.7930,100
2026-08-19 13:57:10,MRNA,92.3900,92.4000,90.1600,91.5000,2985.0000,91.2410,17
2026-08-19 13:57:15,MRNA,91.5200,91.9800,90.9900,90.9900,2795.0000,91.3890,11
2026-08-19 13:57:20,MRNA,90.9900,91.0000,90.0100,90.2100,3772.0000,90.5210,23
2026-08-19 13:57:25,MRNA,90.9300,92.0000,90.0000,91.0700,9277.0000,90.5330,43
2026-08-19 13:57:30,MRNA,90.9800,91.2600,90.9800,91.0000,4529.0000,91.0090,34
2026-08-19 13:57:35,MRNA,91.0000,91.0000,89.6700,90.0000,7046.0000,90.5490,36
2026-08-19 13:57:40,MRNA,90.9900,91.0000,90.1500,90.1500,1934.0000,90.8370,7
2026-08-19 13:57:45,MRNA,90.9900,91.0000,90.0000,91.0000,5707.0000,90.4090,26
2026-08-19 13:57:50,MRNA,91.0000,91.5800,90.7100,91.0300,3235.0000,91.1380,16
2026-08-19 13:57:55,MRNA,91.2900,91.6700,91.0000,91.0000,1829.0000,91.1240,4
2026-08-19 13:58:00,MRNA,91.0000,91.6600,91.0000,91.4100,2888.0000,91.1020,9
2026-08-19 13:58:05,MRNA,91.0000,91.0300,90.5900,91.0000,2736.0000,90.9540,19
2026-08-19 13:58:10,MRNA,91.0000,91.3000,91.0000,91.3000,700.0000,91.0830,3
2026-08-19 13:58:15,MRNA,91.0000,91.1600,90.0000,90.1000,6403.0000,90.6150,22
2026-08-19 13:58:20,MRNA,90.0200,91.6500,90.0000,91.3900,6564.0000,90.7140,22
2026-08-19 13:58:25,MRNA,91.5900,93.3400,91.0000,93.0000,5808.0000,92.3460,37
2026-08-19 13:58:30,MRNA,93.0000,94.0200,92.5900,92.6000,3879.0000,93.2920,17
2026-08-19 13:58:35,MRNA,93.1500,93.8000,93.0000,93.1600,4212.0000,93.4040,22
2026-08-19 13:58:40,MRNA,93.1600,94.0400,92.4000,94.0400,12074.0000,93.0850,58
2026-08-19 13:58:45,MRNA,94.3800,95.2500,94.0000,94.0000,13426.0000,94.6550,41
2026-08-19 13:58:50,MRNA,94.4900,95.0600,94.1600,95.0000,8249.0000,94.8810,28
2026-08-19 13:58:55,MRNA,95.0100,95.5800,95.0100,95.5800,1918.0000,95.3760,13
2026-08-19 13:59:00,MRNA,95.5900,96.9900,95.4700,96.2900,6908.0000,96.1600,38
2026-08-19 13:59:05,MRNA,95.8100,97.7700,95.8100,97.5900,12985.0000,96.9570,55
2026-08-19 13:59:10,MRNA,97.5000,97.6700,97.0100,97.4900,3126.0000,97.4110,17
2026-08-19 13:59:15,MRNA,97.7600,97.8400,97.5900,97.7400,7156.0000,97.7430,37
2026-08-19 13:59:20,MRNA,97.6400,98.8000,97.4700,98.0000,18891.0000,97.9650,87
2026-08-19 13:59:25,MRNA,98.0500,98.6700,97.6500,98.0000,6795.0000,98.0840,34
2026-08-19 13:59:30,MRNA,98.0000,98.6700,98.0000,98.3400,5781.0000,98.3540,24
2026-08-19 13:59:35,MRNA,98.0000,98.6700,98.0000,98.0100,6264.0000,98.0630,37
2026-08-19 13:59:40,MRNA,98.0000,98.6600,98.0000,98.6600,6182.0000,98.2180,31
2026-08-19 13:59:45,MRNA,98.6600,98.7900,98.5200,98.7700,1516.0000,98.7040,12
2026-08-19 13:59:50,MRNA,98.5000,99.6700,98.5000,99.1000,11587.0000,99.0950,37
2026-08-19 13:59:55,MRNA,99.2500,99.6400,99.0200,99.3800,5406.0000,99.3520,12
2026-08-19 14:00:00,MRNA,99.3200,101.2600,99.0000,101.2500,28625.0000,99.7120,123
2026-08-19 14:00:05,MRNA,100.8900,102.6500,100.6600,102.1600,10215.0000,101.4060,46
2026-08-19 14:00:10,MRNA,102.2200,103.6700,99.4900,99.7900,44836.0000,100.2810,106
2026-08-19 14:00:15,MRNA,100.6300,101.1000,99.5000,101.1000,9178.0000,100.1600,45
2026-08-19 14:00:20,MRNA,101.0100,102.0000,101.0000,101.4100,6073.0000,101.4640,24
2026-08-19 14:00:25,MRNA,102.0000,102.3400,100.3900,100.4700,12987.0000,101.8160,72
2026-08-19 14:00:30,MRNA,101.3300,101.3300,100.2700,101.0000,8175.0000,100.7100,27
2026-08-19 14:00:35,MRNA,101.0000,101.7500,101.0000,101.0000,3601.0000,101.1930,13
2026-08-19 14:00:40,MRNA,101.0000,101.9000,101.0000,101.5800,8481.0000,101.1960,37
2026-08-19 14:00:45,MRNA,101.5200,102.4000,101.0000,101.7200,15201.0000,101.5380,54
2026-08-19 14:00:50,MRNA,101.0000,103.9400,101.0000,103.0000,14906.0000,102.6430,59
2026-08-19 14:00:55,MRNA,103.9900,104.5000,103.0000,103.6100,8820.0000,103.8750,34
2026-08-19 14:01:00,MRNA,104.0100,108.0000,104.0100,106.0100,10126.0000,105.9360,40
2026-08-19 14:01:05,MRNA,106.2800,107.8700,106.2500,107.2400,12252.0000,106.8180,35
2026-08-19 14:01:10,MRNA,106.5700,108.6900,106.5700,107.8000,14905.0000,107.7860,70
2026-08-19 14:01:15,MRNA,108.0100,109.8000,108.0000,109.8000,8800.0000,108.9340,47
2026-08-19 14:01:20,MRNA,110.0000,111.0000,109.5000,111.0000,6687.0000,110.2490,37
2026-08-19 14:01:25,MRNA,110.7800,113.7400,110.7800,113.1000,10893.0000,112.2430,47
2026-08-19 14:01:30,MRNA,113.5900,113.7300,113.0000,113.4100,8689.0000,113.2630,34
2026-08-19 14:01:35,MRNA,113.6600,113.7000,111.0000,112.4000,34900.0000,112.6420,131
2026-08-19 14:01:40,MRNA,112.0400,114.9400,112.0000,114.9400,27201.0000,113.2560,138
2026-08-19 14:01:45,MRNA,114.9400,115.8000,114.3200,115.8000,12687.0000,115.0380,63
2026-08-19 14:01:50,MRNA,115.7200,116.9200,115.7200,116.5600,17132.0000,115.9480,35
2026-08-19 14:01:55,MRNA,116.5400,116.5400,115.0000,115.3300,13084.0000,115.3690,64
2026-08-19 14:02:00,MRNA,115.5400,116.9000,115.0200,116.9000,11313.0000,116.0670,52
2026-08-19 14:02:05,MRNA,116.2700,116.9400,113.3500,114.1100,33079.0000,114.8220,138
2026-08-19 14:02:10,MRNA,113.2500,114.9800,109.0000,111.9900,33072.0000,112.2050,172
2026-08-19 14:02:15,MRNA,109.9000,111.9900,109.0100,109.5200,10164.0000,110.0970,52
2026-08-19 14:02:20,MRNA,109.0800,109.8200,107.2100,109.6300,32312.0000,108.7360,72
2026-08-19 14:02:25,MRNA,107.9200,109.8500,107.5600,108.0100,21965.0000,108.3990,56
2026-08-19 14:02:30,MRNA,109.7500,109.8400,106.9400,107.0000,12861.0000,107.4930,80
2026-08-19 14:02:35,MRNA,106.1200,107.0000,106.0500,106.5000,7085.0000,106.8520,33
2026-08-19 14:02:40,MRNA,106.4000,106.4000,104.2700,105.2200,12962.0000,105.6040,49
2026-08-19 14:02:45,MRNA,105.9700,107.5000,105.1900,107.2200,13418.0000,106.3520,46
2026-08-19 14:02:50,MRNA,107.3800,107.5000,106.2700,106.2700,3171.0000,107.2140,13
2026-08-19 14:02:55,MRNA,107.0000,109.0000,107.0000,109.0000,11894.0000,107.8260,25
2026-08-19 14:03:00,MRNA,109.0000,109.1900,108.2100,109.0000,5202.0000,108.8210,27
2026-08-19 14:03:05,MRNA,108.7400,109.5900,108.2200,108.9800,9090.0000,109.0840,29
2026-08-19 14:03:10,MRNA,109.0500,109.8700,108.6300,109.4400,5722.0000,109.2730,29
2026-08-19 14:03:15,MRNA,109.1400,109.4500,109.0000,109.0000,4052.0000,109.1250,20
2026-08-19 14:03:20,MRNA,109.0000,109.4500,107.7400,108.6400,11118.0000,108.1120,60
2026-08-19 14:03:25,MRNA,108.2200,108.6400,107.0000,108.0300,8037.0000,107.7060,41
2026-08-19 14:03:30,MRNA,108.0000,108.9800,108.0000,108.8000,5369.0000,108.4760,22
2026-08-19 14:03:35,MRNA,108.0300,108.7700,108.0000,108.7700,6663.0000,108.0220,14
2026-08-19 14:03:40,MRNA,108.5000,110.6600,108.5000,109.9800,21448.0000,109.5650,75
2026-08-19 14:03:45,MRNA,109.8300,110.6500,109.5700,110.6500,3035.0000,110.4550,17
2026-08-19 14:03:50,MRNA,110.6500,111.9600,110.6500,111.7100,8477.0000,111.4930,41
2026-08-19 14:03:55,MRNA,111.7300,112.0000,110.9500,110.9500,4337.0000,111.5530,21
2026-08-19 14:04:00,MRNA,110.9900,111.3600,110.6500,111.3600,4596.0000,110.9750,25
2026-08-19 14:04:05,MRNA,111.7000,111.8700,110.0000,110.0000,7771.0000,110.7150,34
2026-08-19 14:04:10,MRNA,110.0000,110.0100,108.0000,108.0000,9167.0000,108.9010,46
2026-08-19 14:04:15,MRNA,108.4300,108.5000,107.0000,107.2400,8854.0000,107.5280,37
2026-08-19 14:04:20,MRNA,107.0300,107.8300,106.0000,106.7500,7336.0000,107.0120,25
2026-08-19 14:04:25,MRNA,106.0800,106.3800,105.0100,105.9900,6994.0000,105.7780,35
2026-08-19 14:04:30,MRNA,105.3000,105.3900,104.0000,104.0600,8981.0000,104.8830,42
2026-08-19 14:04:35,MRNA,104.8600,110.5300,104.1100,104.5700,35824.0000,108.4030,31
2026-08-19 14:04:40,MRNA,104.8700,105.0600,104.1700,105.0000,7027.0000,104.9060,26
2026-08-19 14:04:45,MRNA,104.5000,105.1200,103.0500,105.0000,9219.0000,104.3170,46
2026-08-19 14:04:50,MRNA,104.3000,105.0000,104.2900,104.9600,7026.0000,104.6310,31
2026-08-19 14:04:55,MRNA,104.9300,105.9900,104.4200,105.9900,9465.0000,104.9850,43
2026-08-19 14:05:00,MRNA,105.1100,106.0000,104.3000,104.3000,10173.0000,105.1960,49
2026-08-19 14:05:05,MRNA,105.0000,105.0000,103.9900,104.8800,6418.0000,104.2620,39
2026-08-19 14:05:10,MRNA,104.9700,105.0000,104.4000,104.8900,4275.0000,104.8800,25
2026-08-19 14:05:15,MRNA,104.9300,104.9400,104.4700,104.9400,2766.0000,104.7170,15
2026-08-19 14:05:20,MRNA,104.9800,105.0000,104.3200,104.4600,13702.0000,104.6730,46
2026-08-19 14:05:25,MRNA,104.4500,104.4500,103.0000,103.1500,10623.0000,103.7220,37
2026-08-19 14:05:30,MRNA,103.3500,104.0000,101.8100,102.2000,27934.0000,102.6150,78
2026-08-19 14:05:35,MRNA,101.7700,103.0400,101.7700,102.9600,8181.0000,102.8160,35
2026-08-19 14:05:40,MRNA,103.0000,103.9900,102.3700,103.9300,8143.0000,103.2890,36
2026-08-19 14:05:45,MRNA,103.9900,104.0000,103.4900,103.5700,4105.0000,103.7300,27
2026-08-19 14:05:50,MRNA,103.7100,103.9900,103.0000,103.4200,2989.0000,103.2900,18
2026-08-19 14:05:55,MRNA,103.4800,103.9400,102.4700,103.2000,6612.0000,103.1780,25
2026-08-19 14:06:00,MRNA,102.9600,103.0000,102.6000,102.7300,3152.0000,102.8370,13
2026-08-19 14:06:05,MRNA,102.7300,103.9800,102.7300,103.9100,15629.0000,103.2100,71
2026-08-19 14:06:10,MRNA,103.9000,103.9800,103.5500,103.5600,2944.0000,103.7920,13
2026-08-19 14:06:15,MRNA,103.5700,105.0000,103.5700,105.0000,13339.0000,104.5910,74
2026-08-19 14:06:20,MRNA,104.9600,107.8200,104.8800,107.7300,18510.0000,106.0160,88
2026-08-19 14:06:25,MRNA,107.0000,108.0000,107.0000,107.3800,12877.0000,107.7010,68
2026-08-19 14:06:30,MRNA,107.4800,108.7900,107.0000,108.7900,9476.0000,107.7440,51
2026-08-19 14:06:35,MRNA,108.8600,108.9500,108.0000,108.6000,10428.0000,108.7140,39
2026-08-19 14:06:40,MRNA,108.9100,109.7400,108.4900,108.9500,10979.0000,108.8760,74
2026-08-19 14:06:45,MRNA,108.9500,109.8800,107.5000,107.6000,26188.0000,108.8610,124
2026-08-19 14:06:50,MRNA,108.4600,108.4600,106.0000,106.1900,13637.0000,107.0500,73
2026-08-19 14:06:55,MRNA,106.8900,107.4900,105.3100,105.3200,9650.0000,106.2760,55
2026-08-19 14:07:00,MRNA,105.9500,106.5500,105.3100,105.8500,7080.0000,105.9880,45
2026-08-19 14:07:05,MRNA,105.8700,105.8700,102.8300,103.2400,11239.0000,104.0250,68
2026-08-19 14:07:10,MRNA,104.5900,104.5900,101.7500,102.1200,12092.0000,102.5510,55
2026-08-19 14:07:15,MRNA,101.7600,102.1500,101.3100,101.6500,13853.0000,101.7570,49
2026-08-19 14:07:20,MRNA,101.7500,102.8100,101.4000,101.5200,9917.0000,102.0220,52
2026-08-19 14:07:25,MRNA,101.3500,102.0000,101.3100,101.9900,12470.0000,101.5730,14
2026-08-19 14:07:30,MRNA,101.5500,102.9000,101.5500,101.7300,3092.0000,102.1000,16
2026-08-19 14:07:35,MRNA,102.0400,102.4300,101.7100,102.2900,1819.0000,102.0480,9
2026-08-19 14:07:40,MRNA,102.0000,102.2200,101.7800,101.7800,4055.0000,102.0690,15
2026-08-19 14:07:45,MRNA,101.7700,101.8200,101.0100,101.0100,8081.0000,101.2870,30
2026-08-19 14:07:50,MRNA,101.1700,101.7800,101.0000,101.2900,12037.0000,101.0850,51
2026-08-19 14:07:55,MRNA,101.5200,101.6100,101.2000,101.2300,1500.0000,101.2900,4
2026-08-19 14:08:00,MRNA,101.5000,102.4800,101.2300,102.4700,14489.0000,101.8670,59
2026-08-19 14:08:05,MRNA,102.4700,102.9000,102.4700,102.6100,2426.0000,102.7110,21
2026-08-19 14:08:10,MRNA,102.7400,102.8700,101.6800,102.2200,6078.0000,102.2760,35
2026-08-19 14:08:15,MRNA,101.6100,102.1300,101.6100,102.1200,200.0000,101.8670,2
2026-08-19 14:08:20,MRNA,101.6500,101.9500,101.6500,101.9000,2613.0000,101.8400,12
2026-08-19 14:08:25,MRNA,101.9300,101.9400,101.6000,101.6000,1450.0000,101.6550,4
2026-08-19 14:08:30,MRNA,101.6000,102.2200,101.6000,101.7900,7859.0000,101.9770,20
2026-08-19 14:08:35,MRNA,101.7900,101.9100,101.0000,101.0000,8144.0000,101.3930,40
2026-08-19 14:08:40,MRNA,101.0200,102.0600,101.0200,101.7600,4850.0000,101.7690,32
2026-08-19 14:08:45,MRNA,102.2000,102.2100,101.8400,101.8400,3239.0000,102.0630,20
2026-08-19 14:08:50,MRNA,101.9700,102.1600,101.7400,101.9400,4753.0000,101.9520,19
2026-08-19 14:08:55,MRNA,101.7700,101.7700,101.7000,101.7000,1582.0000,101.7360,3
2026-08-19 14:09:00,MRNA,101.9800,105.0000,101.9800,104.8100,23956.0000,103.9770,100
2026-08-19 14:09:05,MRNA,104.5400,105.0000,104.0800,104.6800,4907.0000,104.6850,26
2026-08-19 14:09:10,MRNA,104.1600,104.1700,103.0700,103.5000,2062.0000,103.8960,16
2026-08-19 14:09:15,MRNA,103.4100,103.4100,102.0100,102.1900,4442.0000,102.7200,23
2026-08-19 14:09:20,MRNA,102.0100,102.3200,101.6800,102.2200,4800.0000,102.1710,13
2026-08-19 14:09:25,MRNA,101.6800,101.6800,101.6800,101.6800,300.0000,101.6800,1
2026-08-19 14:09:30,MRNA,101.5500,101.7500,101.5500,101.7000,900.0000,101.6700,4
2026-08-19 14:09:35,MRNA,101.5000,101.8300,101.4300,101.5000,2047.0000,101.5910,9
2026-08-19 14:09:40,MRNA,101.5000,101.5000,101.2500,101.2500,1000.0000,101.4140,8
2026-08-19 14:09:45,MRNA,101.0000,101.0000,100.0000,100.0000,18333.0000,100.3110,97
2026-08-19 14:09:50,MRNA,100.4800,100.5000,99.8800,100.2500,12516.0000,100.0500,77
2026-08-19 14:09:55,MRNA,100.1900,100.2400,100.0000,100.1200,2341.0000,100.1200,19
2026-08-19 14:10:00,MRNA,100.0900,100.3000,99.8900,99.9900,11535.0000,100.1500,64
2026-08-19 14:10:05,MRNA,99.9000,100.3900,99.2300,100.0000,21653.0000,100.1140,71
2026-08-19 14:10:10,MRNA,99.9100,99.9300,99.0000,99.6200,8399.0000,99.4360,56
2026-08-19 14:10:15,MRNA,99.3600,99.6200,99.1100,99.3800,2252.0000,99.2360,15
2026-08-19 14:10:20,MRNA,99.3500,99.3500,98.5200,98.6900,10391.0000,98.9510,54
2026-08-19 14:10:25,MRNA,98.6900,98.6900,97.8600,98.0000,21477.0000,98.3250,92
2026-08-19 14:10:30,MRNA,98.0000,98.6500,97.9900,98.4800,9554.0000,98.4130,50
2026-08-19 14:10:35,MRNA,98.2000,98.4800,96.9100,96.9100,13222.0000,97.7010,66
2026-08-19 14:10:40,MRNA,96.9900,97.0000,96.6100,96.6500,6023.0000,96.7540,31
2026-08-19 14:10:45,MRNA,96.5500,96.8900,95.2000,96.8900,25501.0000,96.2830,111
2026-08-19 14:10:50,MRNA,96.8900,98.4600,96.8300,98.2000,17633.0000,97.7880,61
2026-08-19 14:10:55,MRNA,98.3200,98.3800,97.8000,98.0200,8164.0000,98.2070,33
2026-08-19 14:11:00,MRNA,98.2600,98.4700,97.3400,97.5500,13411.0000,98.0250,38
2026-08-19 14:11:05,MRNA,97.3000,97.7500,97.0500,97.0500,3550.0000,97.1240,13
2026-08-19 14:11:10,MRNA,97.2100,97.7400,97.2000,97.7400,2643.0000,97.5330,13
2026-08-19 14:11:15,MRNA,97.5500,97.9200,97.5500,97.7000,1880.0000,97.6940,13
2026-08-19 14:11:20,MRNA,97.9200,98.0000,97.7900,98.0000,834.0000,97.8700,5
2026-08-19 14:11:25,MRNA,98.0300,98.6500,98.0000,98.6500,6908.0000,98.2340,39
2026-08-19 14:11:30,MRNA,98.9000,99.0200,98.6000,99.0200,6727.0000,98.9670,29
2026-08-19 14:11:35,MRNA,99.3400,99.4800,98.0000,99.0200,16105.0000,98.8550,69
2026-08-19 14:11:40,MRNA,98.0600,98.3000,97.0000,97.0000,9478.0000,97.5190,45
2026-08-19 14:11:45,MRNA,97.3800,97.7700,97.0200,97.4800,12137.0000,97.3940,28
2026-08-19 14:11:50,MRNA,97.4800,97.9900,97.3500,97.9900,10715.0000,97.6300,16
2026-08-19 14:11:55,MRNA,98.0000,98.9800,97.6000,98.0000,5128.0000,98.2960,15
2026-08-19 14:12:00,MRNA,98.0000,98.0000,97.5600,97.8400,1833.0000,97.8220,12
2026-08-19 14:12:05,MRNA,97.8400,98.0000,97.5100,97.9800,3514.0000,97.9510,18
2026-08-19 14:12:10,MRNA,97.9200,98.4900,97.9200,98.0300,7433.0000,98.0640,45
2026-08-19 14:12:15,MRNA,98.3900,98.4800,98.2700,98.3800,6965.0000,98.3660,37
2026-08-19 14:12:20,MRNA,98.4900,98.4900,98.0000,98.0800,6288.0000,98.1330,32
2026-08-19 14:12:25,MRNA,98.2300,98.2300,96.3500,97.0000,27717.0000,97.3100,82
2026-08-19 14:12:30,MRNA,97.9700,97.9700,97.4200,97.9700,1130.0000,97.7980,6
2026-08-19 14:12:35,MRNA,97.9400,97.9500,97.6400,97.9300,4275.0000,97.7080,21
2026-08-19 14:12:40,MRNA,97.6300,97.9200,97.6300,97.8300,3027.0000,97.8360,16
2026-08-19 14:12:45,MRNA,97.5000,97.7400,95.0000,96.9600,54277.0000,95.8430,148
2026-08-19 14:12:50,MRNA,96.3500,96.6100,95.0000,95.0000,12080.0000,95.5890,53
2026-08-19 14:12:55,MRNA,95.1800,95.2200,95.0000,95.1100,10792.0000,95.0840,57
2026-08-19 14:13:00,MRNA,95.1900,95.2000,93.7500,93.7500,20180.0000,94.1170,78
2026-08-19 14:13:05,MRNA,93.7700,95.0900,93.3400,95.0800,22190.0000,93.8850,110
2026-08-19 14:13:10,MRNA,94.9500,95.8400,94.9300,95.8400,10748.0000,95.1250,66
2026-08-19 14:13:15,MRNA,95.4900,96.4000,95.4800,96.3800,5401.0000,95.9670,30
2026-08-19 14:13:20,MRNA,96.3300,97.1500,96.1400,97.1500,10206.0000,96.4550,32
2026-08-19 14:13:25,MRNA,97.2500,97.9900,97.2500,97.8400,7860.0000,97.7910,37
2026-08-19 14:13:30,MRNA,97.8200,97.8200,97.2700,97.2900,3743.0000,97.7040,24
2026-08-19 14:13:35,MRNA,97.5300,97.6200,96.0000,97.3100,25004.0000,96.3800,85
2026-08-19 14:13:40,MRNA,96.0200,97.0000,96.0200,96.6400,2000.0000,96.5750,14
2026-08-19 14:13:45,MRNA,96.8200,97.0000,96.6200,96.6300,933.0000,96.7150,8
2026-08-19 14:13:50,MRNA,96.6600,96.8100,96.6400,96.7600,1430.0000,96.7430,10
2026-08-19 14:13:55,MRNA,96.6400,96.8800,96.6300,96.8300,1620.0000,96.7060,12
2026-08-19 14:14:00,MRNA,96.8400,96.8400,96.4600,96.6400,1728.0000,96.5970,9
2026-08-19 14:14:05,MRNA,96.6200,96.7700,96.0300,96.0800,2245.0000,96.3620,13
2026-08-19 14:14:10,MRNA,96.5300,96.7000,96.0000,96.4900,4930.0000,96.3810,32
2026-08-19 14:14:15,MRNA,96.4900,97.3300,96.4900,97.3300,8161.0000,96.8940,30
2026-08-19 14:14:20,MRNA,97.4000,98.4900,97.2900,98.2200,19721.0000,98.0890,89
2026-08-19 14:14:25,MRNA,98.2200,98.4600,97.6600,97.6600,5550.0000,98.0120,29
2026-08-19 14:14:30,MRNA,97.5200,98.4600,97.5000,98.4100,6445.0000,98.0140,33
2026-08-19 14:14:35,MRNA,98.4000,99.0000,98.3000,98.3000,23486.0000,98.7130,83
2026-08-19 14:14:40,MRNA,98.5300,98.7700,98.4300,98.4900,5457.0000,98.5620,27
2026-08-19 14:14:45,MRNA,98.6100,98.6400,98.5100,98.5100,1930.0000,98.5900,12
2026-08-19 14:14:50,MRNA,98.6700,98.6700,98.5000,98.6200,7402.0000,98.5820,43
2026-08-19 14:14:55,MRNA,98.9400,98.9800,98.8100,98.8300,2336.0000,98.9060,11
2026-08-19 14:15:00,MRNA,98.8400,99.7900,98.8400,99.7900,15523.0000,99.3650,73
2026-08-19 14:15:05,MRNA,99.6200,99.8400,99.5100,99.8000,9814.0000,99.7570,41
2026-08-19 14:15:10,MRNA,99.8000,100.0000,99.5000,99.7100,19304.0000,99.8040,91
2026-08-19 14:15:15,MRNA,99.7500,99.7500,99.0000,99.2100,6116.0000,99.3650,37
2026-08-19 14:15:20,MRNA,99.2200,99.5000,99.1900,99.4100,6369.0000,99.3590,42
2026-08-19 14:15:25,MRNA,99.4500,99.6500,99.4100,99.5800,8860.0000,99.5150,37
2026-08-19 14:15:30,MRNA,99.5900,100.0000,99.5900,100.0000,9176.0000,99.9480,63
2026-08-19 14:15:35,MRNA,100.0000,100.4000,99.9900,100.3400,18111.0000,100.0690,78
2026-08-19 14:15:40,MRNA,100.3700,100.3900,100.0000,100.1100,6944.0000,100.1450,32
2026-08-19 14:15:45,MRNA,100.1100,100.3400,100.0500,100.1600,7803.0000,100.1450,28
2026-08-19 14:15:50,MRNA,100.1600,100.4000,99.6100,99.8000,14687.0000,100.0700,81
2026-08-19 14:15:55,MRNA,100.0000,100.0000,99.6900,99.7300,4114.0000,99.7770,21
2026-08-19 14:16:00,MRNA,99.8000,100.0000,99.5000,99.9100,12183.0000,99.8680,25
2026-08-19 14:16:05,MRNA,99.8600,100.1400,99.6400,100.1400,10035.0000,100.0140,40
2026-08-19 14:16:10,MRNA,100.0000,100.1300,99.7300,99.7400,3185.0000,99.9320,16
2026-08-19 14:16:15,MRNA,99.7800,99.9700,99.3700,99.5900,2177.0000,99.6260,15
2026-08-19 14:16:20,MRNA,99.5600,99.7400,99.5600,99.7200,1523.0000,99.6100,11
2026-08-19 14:16:25,MRNA,99.6000,99.6800,99.5000,99.6800,5474.0000,99.5920,29
2026-08-19 14:16:30,MRNA,99.6800,100.0900,99.6200,99.7900,8055.0000,99.9100,31
2026-08-19 14:16:35,MRNA,99.8400,99.8400,99.8000,99.8000,1125.0000,99.8070,2
2026-08-19 14:16:40,MRNA,99.7100,99.7100,98.4700,98.6300,6944.0000,99.1360,35
2026-08-19 14:16:45,MRNA,99.3800,99.3800,98.1000,98.2600,4454.0000,98.6290,27
2026-08-19 14:16:50,MRNA,98.4100,98.4500,98.2600,98.2700,4637.0000,98.3610,19
2026-08-19 14:16:55,MRNA,98.3100,98.7300,98.3100,98.7300,3301.0000,98.4710,23
2026-08-19 14:17:00,MRNA,98.6100,99.4300,98.5800,99.4300,4030.0000,98.9250,17
2026-08-19 14:17:05,MRNA,99.4900,99.7100,99.4300,99.6900,1051.0000,99.5940,8
2026-08-19 14:17:10,MRNA,99.6000,100.4000,99.6000,100.2100,6858.0000,100.0810,46
2026-08-19 14:17:15,MRNA,100.3700,100.3700,100.0300,100.1900,1977.0000,100.1720,13
2026-08-19 14:17:20,MRNA,100.0300,100.0500,99.7000,99.8200,6814.0000,99.9270,36
2026-08-19 14:17:25,MRNA,99.9800,99.9800,99.8200,99.9700,2439.0000,99.9370,9
2026-08-19 14:17:30,MRNA,99.9800,99.9800,99.6700,99.8900,6077.0000,99.9000,24
2026-08-19 14:17:35,MRNA,99.7800,99.8800,99.7800,99.8000,2300.0000,99.8540,15
2026-08-19 14:17:40,MRNA,99.8000,99.8100,99.4300,99.8000,6146.0000,99.6500,33
2026-08-19 14:17:45,MRNA,99.4300,99.6000,99.3900,99.6000,876.0000,99.4640,8
2026-08-19 14:17:50,MRNA,99.6300,99.9000,99.6300,99.8800,1521.0000,99.8170,9
2026-08-19 14:17:55,MRNA,99.8800,99.8800,99.7200,99.8000,3901.0000,99.8500,16
2026-08-19 14:18:00,MRNA,99.8800,100.3400,99.8000,100.0000,12480.0000,100.0270,51
2026-08-19 14:18:05,MRNA,100.0000,100.0000,99.8000,99.8300,3384.0000,99.9030,20
2026-08-19 14:18:10,MRNA,99.8000,99.9700,99.6000,99.8400,3742.0000,99.8000,22
2026-08-19 14:18:15,MRNA,99.8400,100.0000,99.8200,99.8400,3708.0000,99.8790,28
2026-08-19 14:18:20,MRNA,99.5900,99.6100,99.2200,99.2900,2009.0000,99.4060,13
2026-08-19 14:18:25,MRNA,99.6900,99.8000,99.3500,99.8000,1399.0000,99.5750,10
2026-08-19 14:18:30,MRNA,99.8400,100.1900,99.8400,100.1900,5438.0000,100.0800,25
2026-08-19 14:18:35,MRNA,100.1900,100.5000,99.9800,100.5000,9808.0000,100.1590,51
2026-08-19 14:18:40,MRNA,100.3400,100.5000,100.2000,100.2100,3542.0000,100.2630,17
2026-08-19 14:18:45,MRNA,100.2500,100.4900,100.1100,100.3000,3898.0000,100.2390,20
2026-08-19 14:18:50,MRNA,100.4800,100.5000,100.2600,100.2600,2053.0000,100.4420,12
2026-08-19 14:18:55,MRNA,100.3500,100.4500,100.2500,100.4500,2295.0000,100.3280,14
2026-08-19 14:19:00,MRNA,100.4500,100.5000,99.5500,99.5900,12456.0000,99.9980,68
2026-08-19 14:19:05,MRNA,99.6100,99.9700,99.5500,99.7200,8029.0000,99.8090,28
2026-08-19 14:19:10,MRNA,99.7100,99.9000,99.0200,99.0200,2754.0000,99.5640,20
2026-08-19 14:19:15,MRNA,99.0100,99.6100,98.9300,99.2900,7126.0000,99.0920,27
2026-08-19 14:19:20,MRNA,99.3400,99.4900,98.7600,99.4900,3852.0000,99.2870,30
2026-08-19 14:19:25,MRNA,99.5200,99.6600,99.4900,99.5000,5278.0000,99.5020,26
2026-08-19 14:19:30,MRNA,99.6500,99.8000,99.6100,99.7200,629.0000,99.6980,5
2026-08-19 14:19:35,MRNA,99.9800,100.0600,99.8500,99.9200,4128.0000,99.9710,22
2026-08-19 14:19:40,MRNA,99.9900,100.0000,99.9500,99.9500,2209.0000,99.9790,11
2026-08-19 14:19:45,MRNA,99.9500,100.0000,99.6800,99.9500,2240.0000,99.9350,11
2026-08-19 14:19:50,MRNA,100.0000,100.1200,99.6800,99.6800,11401.0000,99.9550,33
2026-08-19 14:19:55,MRNA,99.7600,99.9100,99.4900,99.4900,7924.0000,99.6050,48
2026-08-19 14:20:00,MRNA,99.5000,99.8700,99.2000,99.2000,27984.0000,99.5290,42
2026-08-19 14:20:05,MRNA,99.2100,99.7300,99.2100,99.5800,3270.0000,99.5220,22
2026-08-19 14:20:10,MRNA,99.6800,99.8800,99.6700,99.8200,4380.0000,99.7430,31
2026-08-19 14:20:15,MRNA,99.8300,99.8900,99.8300,99.8500,3100.0000,99.8480,24
2026-08-19 14:20:20,MRNA,99.8700,99.8700,99.6700,99.8500,15798.0000,99.8370,59
2026-08-19 14:20:25,MRNA,99.8500,99.8500,99.7000,99.7000,3585.0000,99.8060,22
2026-08-19 14:20:30,MRNA,99.7100,99.7100,99.0000,99.1500,7262.0000,99.4100,48
2026-08-19 14:20:35,MRNA,99.0200,99.5200,98.5700,99.4900,14874.0000,99.0150,65
2026-08-19 14:20:40,MRNA,99.6700,99.6700,99.4900,99.4900,1562.0000,99.5510,7
2026-08-19 14:20:45,MRNA,99.4900,99.4900,99.4900,99.4900,2026.0000,99.4900,12
2026-08-19 14:20:50,MRNA,99.4900,99.5000,99.4900,99.4900,2060.0000,99.4910,13
2026-08-19 14:20:55,MRNA,99.5000,99.5000,99.4900,99.4900,4545.0000,99.4960,14
2026-08-19 14:21:00,MRNA,99.4900,99.5000,99.4900,99.4900,1600.0000,99.4910,14
2026-08-19 14:21:05,MRNA,99.4900,99.5000,99.4900,99.5000,12271.0000,99.4960,54
2026-08-19 14:21:10,MRNA,99.4900,99.5000,99.4700,99.4700,5625.0000,99.4890,18
2026-08-19 14:21:15,MRNA,99.4000,99.4000,98.6200,98.7000,2437.0000,98.8340,16
2026-08-19 14:21:20,MRNA,99.0100,99.0800,98.6300,99.0200,3637.0000,98.9170,19
2026-08-19 14:21:25,MRNA,99.0200,99.3500,99.0200,99.0200,1979.0000,99.0920,7
2026-08-19 14:21:30,MRNA,99.3200,99.4300,99.0200,99.4300,12205.0000,99.3790,8
2026-08-19 14:21:35,MRNA,99.2000,100.2400,99.1800,100.2400,23536.0000,99.7930,107
2026-08-19 14:21:40,MRNA,100.1100,100.2700,99.5000,99.9800,15805.0000,99.7590,62
2026-08-19 14:21:45,MRNA,99.9900,100.3000,99.7700,100.0100,11851.0000,100.1320,50
2026-08-19 14:21:50,MRNA,99.9700,100.1400,99.9000,99.9100,8778.0000,99.9340,28
2026-08-19 14:21:55,MRNA,99.9800,99.9800,99.7900,99.7900,2314.0000,99.9430,16
2026-08-19 14:22:00,MRNA,99.4300,99.7500,99.0600,99.0700,1822.0000,99.4660,9
2026-08-19 14:22:05,MRNA,99.3000,99.4300,99.0600,99.4300,1390.0000,99.3500,6
2026-08-19 14:22:10,MRNA,99.2000,99.2900,99.2000,99.2400,2130.0000,99.2610,6
2026-08-19 14:22:15,MRNA,99.2600,99.3900,99.2400,99.3300,1944.0000,99.3020,9
2026-08-19 14:22:20,MRNA,99.3300,99.3500,99.2100,99.2400,3085.0000,99.2560,10
2026-08-19 14:22:25,MRNA,99.2400,99.2900,99.1600,99.1600,4251.0000,99.2430,17
2026-08-19 14:22:30,MRNA,99.1000,99.1600,99.0100,99.1300,3910.0000,99.0710,12
2026-08-19 14:22:35,MRNA,99.1100,99.1200,99.0200,99.1100,1411.0000,99.0640,7
2026-08-19 14:22:40,MRNA,99.0700,99.3400,98.9300,99.2200,7913.0000,99.0960,39
2026-08-19 14:22:45,MRNA,99.3500,99.3900,99.2500,99.3800,3072.0000,99.3210,13
2026-08-19 14:22:50,MRNA,99.3100,99.3900,99.3000,99.3000,545.0000,99.3210,4
2026-08-19 14:22:55,MRNA,99.3000,99.3800,99.0100,99.0100,5581.0000,99.2150,20
2026-08-19 14:23:00,MRNA,99.0100,99.0600,98.8200,98.8200,20893.0000,98.9800,26
2026-08-19 14:23:05,MRNA,98.8400,98.8400,98.3500,98.4900,6945.0000,98.5350,30
2026-08-19 14:23:10,MRNA,98.3300,98.4800,98.2000,98.2300,5781.0000,98.3050,22
2026-08-19 14:23:15,MRNA,98.2000,98.3200,98.0500,98.0600,7684.0000,98.1230,34
2026-08-19 14:23:20,MRNA,98.2100,98.3600,98.0000,98.3600,20354.0000,98.1490,57
2026-08-19 14:23:25,MRNA,98.3500,98.7400,98.3500,98.7400,983.0000,98.5320,7
2026-08-19 14:23:30,MRNA,98.6100,98.8000,98.6100,98.6600,3526.0000,98.7690,23
2026-08-19 14:23:35,MRNA,98.7900,98.8000,98.6600,98.7500,3712.0000,98.7100,7
2026-08-19 14:23:40,MRNA,98.7400,98.7800,98.5500,98.5500,2379.0000,98.6980,15
2026-08-19 14:23:45,MRNA,98.5500,98.6600,98.5500,98.5500,808.0000,98.5880,6
2026-08-19 14:23:50,MRNA,98.6600,98.6600,98.6100,98.6600,1350.0000,98.6320,7
2026-08-19 14:23:55,MRNA,98.7100,99.3000,98.7100,99.2300,7968.0000,98.9210,29
2026-08-19 14:24:00,MRNA,99.4700,99.7800,99.0000,99.2800,15151.0000,99.5180,35
2026-08-19 14:24:05,MRNA,99.6000,99.7800,99.3500,99.5300,8370.0000,99.6230,27
2026-08-19 14:24:10,MRNA,99.3000,99.6400,99.2500,99.6400,1959.0000,99.3490,13
2026-08-19 14:24:15,MRNA,99.6100,99.6100,99.1200,99.1300,4689.0000,99.2640,26
2026-08-19 14:24:20,MRNA,99.3000,99.3000,99.1300,99.1300,295.0000,99.1870,2
2026-08-19 14:24:25,MRNA,99.1200,99.3100,99.0000,99.0000,1958.0000,99.1090,11
2026-08-19 14:24:30,MRNA,99.3100,99.3100,98.9500,99.3000,5616.0000,99.1410,22
2026-08-19 14:24:35,MRNA,99.3000,99.6700,99.3000,99.5400,5158.0000,99.5650,19
2026-08-19 14:24:40,MRNA,99.6400,99.6900,99.4800,99.5800,4574.0000,99.6180,29
2026-08-19 14:24:45,MRNA,99.5400,99.6400,99.4800,99.6300,3572.0000,99.5760,18
2026-08-19 14:24:50,MRNA,99.6000,99.6400,99.6000,99.6300,3772.0000,99.6150,12
2026-08-19 14:24:55,MRNA,99.6200,99.9900,99.6200,99.9300,13350.0000,99.8860,38
2026-08-19 14:25:00,MRNA,99.9800,99.9900,99.3700,99.3700,7465.0000,99.7590,33
2026-08-19 14:25:05,MRNA,99.4000,99.5000,99.2500,99.4100,2150.0000,99.3630,13
2026-08-19 14:25:10,MRNA,99.5500,99.8300,99.5500,99.6000,5282.0000,99.7420,16
2026-08-19 14:25:15,MRNA,99.8700,99.8700,99.8700,99.8700,600.0000,99.8700,1
2026-08-19 14:25:20,MRNA,99.7300,99.8600,99.4200,99.5000,3240.0000,99.6310,13
2026-08-19 14:25:25,MRNA,99.6000,99.6800,99.5000,99.6100,2100.0000,99.5940,11
2026-08-19 14:25:30,MRNA,99.6300,99.8700,99.5000,99.5000,1140.0000,99.6470,6
2026-08-19 14:25:35,MRNA,99.7300,99.7400,99.0300,99.0300,5124.0000,99.4290,16
2026-08-19 14:25:40,MRNA,99.1000,99.4100,99.0200,99.4100,1709.0000,99.1900,8
2026-08-19 14:25:45,MRNA,99.2300,99.2300,99.2200,99.2300,150.0000,99.2280,1
2026-08-19 14:25:50,MRNA,99.4000,99.4700,99.4000,99.4600,1100.0000,99.4560,2
2026-08-19 14:25:55,MRNA,99.3000,99.5000,99.1400,99.2100,2309.0000,99.2660,9
2026-08-19 14:26:00,MRNA,99.2400,99.7500,99.2400,99.5800,6188.0000,99.5940,25
2026-08-19 14:26:05,MRNA,99.6200,99.7900,99.6200,99.7900,1930.0000,99.7560,11
2026-08-19 14:26:10,MRNA,99.6900,99.7500,99.5000,99.5000,13207.0000,99.5840,28
2026-08-19 14:26:15,MRNA,99.5300,99.6300,99.5000,99.5600,5241.0000,99.5090,15
2026-08-19 14:26:20,MRNA,99.5200,99.6200,99.5100,99.6200,1432.0000,99.5550,6
2026-08-19 14:26:25,MRNA,99.5800,99.6100,99.5500,99.5500,2582.0000,99.5640,14
2026-08-19 14:26:30,MRNA,99.5500,99.6100,99.5500,99.6100,3609.0000,99.5570,21
2026-08-19 14:26:35,MRNA,99.5500,99.5800,99.5500,99.5500,3737.0000,99.5540,23
2026-08-19 14:26:40,MRNA,99.5500,99.5800,99.5000,99.5300,8251.0000,99.5200,46
2026-08-19 14:26:45,MRNA,99.5000,99.5000,99.4500,99.4500,1043.0000,99.4610,8
2026-08-19 14:26:50,MRNA,99.4500,99.5000,99.4500,99.4500,7882.0000,99.4510,26
2026-08-19 14:26:55,MRNA,99.4500,99.9000,99.4500,99.7700,15275.0000,99.5840,73
2026-08-19 14:27:00,MRNA,99.8600,99.9500,99.8500,99.8700,7557.0000,99.9290,25
2026-08-19 14:27:05,MRNA,99.8700,100.0000,99.7600,99.8600,29160.0000,99.9560,86
2026-08-19 14:27:10,MRNA,99.7900,99.7900,99.6500,99.7200,8248.0000,99.6770,47
2026-08-19 14:27:15,MRNA,99.7700,99.7700,99.7600,99.7700,400.0000,99.7680,3
2026-08-19 14:27:20,MRNA,99.7600,99.8700,99.7000,99.7000,3828.0000,99.7340,23
2026-08-19 14:27:25,MRNA,99.8000,99.8700,99.7000,99.7700,12362.0000,99.7890,53
2026-08-19 14:27:30,MRNA,99.7600,99.8000,99.7000,99.7100,1814.0000,99.7320,13
2026-08-19 14:27:35,MRNA,99.7500,99.7600,99.7000,99.7000,694.0000,99.7270,6
2026-08-19 14:27:40,MRNA,99.7000,99.7000,99.7000,99.7000,600.0000,99.7000,2
2026-08-19 14:27:45,MRNA,99.7300,99.7500,99.7200,99.7400,2801.0000,99.7480,4
2026-08-19 14:27:50,MRNA,99.7300,99.9000,99.7200,99.8900,5369.0000,99.7490,24
2026-08-19 14:27:55,MRNA,99.9000,100.4700,99.9000,100.2900,28685.0000,100.1660,128
2026-08-19 14:28:00,MRNA,100.1600,100.2900,100.0200,100.1600,5805.0000,100.1580,22
2026-08-19 14:28:05,MRNA,100.1900,100.1900,100.0200,100.0800,4436.0000,100.1310,23
2026-08-19 14:28:10,MRNA,100.1200,102.0000,100.1200,101.5100,35868.0000,101.1150,168
2026-08-19 14:28:15,MRNA,101.6500,101.6800,101.3700,101.4800,12927.0000,101.5100,62
2026-08-19 14:28:20,MRNA,101.4400,101.4700,101.2600,101.3800,8025.0000,101.4210,15
2026-08-19 14:28:25,MRNA,101.2200,102.9000,101.2200,102.7400,32405.0000,102.0690,149
2026-08-19 14:28:30,MRNA,102.6300,103.1900,102.6000,103.0000,13432.0000,102.9530,69
2026-08-19 14:28:35,MRNA,102.8400,102.9900,102.6500,102.8200,7905.0000,102.8860,28
2026-08-19 14:28:40,MRNA,102.7700,103.2400,102.7700,103.0500,4372.0000,103.0070,25
2026-08-19 14:28:45,MRNA,103.0600,103.5400,102.7700,103.4700,22242.0000,103.1850,91
2026-08-19 14:28:50,MRNA,102.8600,102.9000,102.2700,102.4800,4258.0000,102.5150,21
2026-08-19 14:28:55,MRNA,102.1500,102.7200,102.0000,102.0200,3515.0000,102.2560,23
2026-08-19 14:29:00,MRNA,102.4400,102.4400,102.0000,102.4000,31280.0000,102.0380,37
2026-08-19 14:29:05,MRNA,102.0100,102.4000,102.0000,102.0000,6386.0000,102.0270,26
2026-08-19 14:29:10,MRNA,102.2500,102.3800,102.2100,102.2100,1600.0000,102.3090,6
2026-08-19 14:29:15,MRNA,102.1000,102.4700,102.1000,102.2400,3139.0000,102.3660,12
2026-08-19 14:29:20,MRNA,102.3900,102.4600,102.2000,102.2300,3326.0000,102.3380,14
2026-08-19 14:29:25,MRNA,102.2000,102.6800,102.2000,102.6700,2055.0000,102.4230,12
2026-08-19 14:29:30,MRNA,102.5900,102.7200,102.1400,102.2500,6862.0000,102.3150,22
2026-08-19 14:29:35,MRNA,102.2700,102.4600,102.1800,102.2300,5360.0000,102.2420,37
2026-08-19 14:29:40,MRNA,102.2000,102.4100,102.1600,102.1800,5150.0000,102.2770,30
2026-08-19 14:29:45,MRNA,102.2500,102.2800,102.1600,102.2700,2657.0000,102.2370,21
2026-08-19 14:29:50,MRNA,102.1600,102.1600,101.5000,101.5000,14874.0000,101.7930,66
2026-08-19 14:29:55,MRNA,101.5100,101.5400,101.4600,101.5400,8599.0000,101.5120,41
2026-08-19 14:30:00,MRNA,101.5100,101.5300,101.5000,101.5000,12771.0000,101.5050,59
2026-08-19 14:30:05,MRNA,101.5100,101.5100,101.5000,101.5000,4410.0000,101.5010,27
2026-08-19 14:30:10,MRNA,101.5100,101.7300,101.4100,101.5100,20487.0000,101.5050,77
2026-08-19 14:30:15,MRNA,101.9900,102.4900,101.6200,102.2500,21399.0000,102.0390,75
2026-08-19 14:30:20,MRNA,102.1100,102.4200,102.0700,102.0700,5688.0000,102.2400,36
2026-08-19 14:30:25,MRNA,102.3400,102.5000,102.1900,102.4700,2685.0000,102.3340,12
2026-08-19 14:30:30,MRNA,102.0800,102.2200,102.0700,102.1400,2476.0000,102.1620,14
2026-08-19 14:30:35,MRNA,102.2000,102.4900,102.2000,102.4800,2747.0000,102.3610,12
2026-08-19 14:30:40,MRNA,102.7500,102.9900,102.7500,102.9900,3483.0000,102.9380,18
2026-08-19 14:30:45,MRNA,102.9700,102.9800,102.9100,102.9100,2215.0000,102.9480,14
2026-08-19 14:30:50,MRNA,102.9500,102.9500,102.3700,102.3800,2363.0000,102.6450,13
2026-08-19 14:30:55,MRNA,102.3700,102.4900,102.0000,102.4400,6318.0000,102.2850,20
2026-08-19 14:31:00,MRNA,102.0700,102.4700,102.0700,102.1400,1708.0000,102.1300,6
2026-08-19 14:31:05,MRNA,102.0000,102.1000,102.0000,102.1000,1094.0000,102.0520,10
2026-08-19 14:31:10,MRNA,102.0900,102.4400,102.0000,102.4400,5430.0000,102.1280,33
2026-08-19 14:31:15,MRNA,102.5000,102.5500,101.9400,102.0000,5413.0000,102.2110,30
2026-08-19 14:31:20,MRNA,102.0000,102.0800,101.5200,101.8900,13164.0000,101.8530,77
2026-08-19 14:31:25,MRNA,101.8900,101.9100,101.8600,101.8600,2900.0000,101.8970,20
2026-08-19 14:31:30,MRNA,101.8500,101.8500,101.5500,101.5500,2058.0000,101.6830,9
2026-08-19 14:31:35,MRNA,101.8200,102.1300,101.5200,102.1300,9389.0000,101.7490,59
2026-08-19 14:31:40,MRNA,102.2400,102.3700,102.2400,102.3700,1505.0000,102.2760,4
2026-08-19 14:31:45,MRNA,102.4800,102.4900,102.2700,102.2800,3824.0000,102.3270,20
2026-08-19 14:31:50,MRNA,102.2800,102.3200,101.8100,102.2800,5707.0000,102.1750,27
2026-08-19 14:31:55,MRNA,102.2800,102.2900,101.6300,102.0600,4183.0000,102.0800,27
2026-08-19 14:32:00,MRNA,102.1800,102.1900,101.8100,102.0900,2621.0000,101.9510,16
2026-08-19 14:32:05,MRNA,102.0100,102.2000,102.0100,102.0900,2975.0000,102.1360,18
2026-08-19 14:32:10,MRNA,102.1800,103.0000,102.1100,103.0000,23034.0000,102.6140,112
2026-08-19 14:32:15,MRNA,102.7000,103.0000,102.1900,102.5100,3881.0000,102.7450,19
2026-08-19 14:32:20,MRNA,102.4500,102.5100,102.1100,102.1800,3282.0000,102.2470,20
2026-08-19 14:32:25,MRNA,102.2900,102.3300,102.2300,102.2400,1015.0000,102.2680,5
2026-08-19 14:32:30,MRNA,102.2500,102.3200,102.0000,102.1400,4855.0000,102.1190,28
2026-08-19 14:32:35,MRNA,102.1400,102.3500,102.0700,102.2500,4283.0000,102.2930,10
2026-08-19 14:32:40,MRNA,102.2500,102.2500,101.9400,102.1000,5205.0000,102.0640,28
2026-08-19 14:32:45,MRNA,102.1200,102.2300,102.1000,102.2000,1354.0000,102.1440,6
2026-08-19 14:32:50,MRNA,102.1300,102.2300,102.1000,102.2300,3077.0000,102.2050,15
2026-08-19 14:32:55,MRNA,102.3000,102.3000,102.2200,102.2500,25800.0000,102.2590,5
2026-08-19 14:33:00,MRNA,102.1000,102.2600,102.0000,102.1600,8890.0000,102.0630,26
2026-08-19 14:33:05,MRNA,102.2500,102.3500,102.2500,102.3500,11351.0000,102.3320,12
2026-08-19 14:33:10,MRNA,102.5000,102.5000,102.3100,102.5000,1875.0000,102.4640,10
2026-08-19 14:33:15,MRNA,102.5000,102.6800,102.5000,102.6500,2723.0000,102.5970,17
2026-08-19 14:33:20,MRNA,102.6600,102.6700,102.6000,102.6700,4670.0000,102.6310,13
2026-08-19 14:33:25,MRNA,102.6700,103.4900,102.6700,102.9900,24855.0000,103.0830,89
2026-08-19 14:33:30,MRNA,102.8800,103.4900,102.7200,103.0200,7418.0000,103.0200,23
2026-08-19 14:33:35,MRNA,102.7600,103.1900,102.7600,103.1900,1453.0000,103.0250,6
2026-08-19 14:33:40,MRNA,102.9800,103.1300,102.8500,102.9800,5802.0000,102.9970,35
2026-08-19 14:33:45,MRNA,103.0100,103.0800,102.9100,103.0000,5136.0000,103.0010,17
2026-08-19 14:33:50,MRNA,102.9500,103.0400,102.8300,103.0000,2047.0000,102.9600,15
2026-08-19 14:33:55,MRNA,102.9000,103.0300,102.8900,103.0000,1105.0000,102.9540,8
2026-08-19 14:34:00,MRNA,102.9700,103.0300,102.9600,102.9600,1880.0000,102.9890,13
2026-08-19 14:34:05,MRNA,103.0900,103.0900,102.9100,102.9100,1110.0000,103.0060,9
2026-08-19 14:34:10,MRNA,103.0000,103.5000,102.8400,103.0100,11489.0000,103.2000,47
2026-08-19 14:34:15,MRNA,103.2000,103.3000,102.8100,103.0100,3546.0000,103.0740,14
2026-08-19 14:34:20,MRNA,102.8500,103.0700,102.7800,103.0700,3468.0000,102.8620,21
2026-08-19 14:34:25,MRNA,103.0600,103.0600,102.9000,103.0000,6425.0000,102.9820,34
2026-08-19 14:34:30,MRNA,102.9900,103.1000,102.9400,103.0500,910.0000,103.0150,7
2026-08-19 14:34:35,MRNA,103.0300,103.0300,102.9100,102.9300,1900.0000,103.0090,14
2026-08-19 14:34:40,MRNA,103.0600,103.0600,102.6700,102.7100,4529.0000,102.9090,27
2026-08-19 14:34:45,MRNA,102.6700,102.9600,102.6700,102.7900,6012.0000,102.7670,25
2026-08-19 14:34:50,MRNA,102.7400,102.9000,102.4500,102.4700,8931.0000,102.5810,38
2026-08-19 14:34:55,MRNA,102.4900,102.5700,102.2100,102.4100,4861.0000,102.2990,24
2026-08-19 14:35:00,MRNA,102.2800,102.5000,102.2000,102.2600,7558.0000,102.3230,32
2026-08-19 14:35:05,MRNA,102.3400,102.3400,102.2500,102.2500,868.0000,102.2970,5
2026-08-19 14:35:10,MRNA,102.4200,102.7900,102.4100,102.7900,8888.0000,102.6290,24
2026-08-19 14:35:15,MRNA,102.5500,102.9300,102.5500,102.9200,1978.0000,102.7570,9
2026-08-19 14:35:20,MRNA,102.8800,102.9400,102.8500,102.8500,1350.0000,102.8910,9
2026-08-19 14:35:25,MRNA,102.9200,103.0100,102.8800,102.9400,4238.0000,102.9780,21
2026-08-19 14:35:30,MRNA,102.8000,102.8600,102.7900,102.8000,2086.0000,102.8070,10
2026-08-19 14:35:35,MRNA,102.7600,102.9200,102.6000,102.7000,2329.0000,102.7590,10
2026-08-19 14:35:40,MRNA,102.5900,102.7400,102.0700,102.7200,5226.0000,102.4150,28
2026-08-19 14:35:45,MRNA,102.2500,102.4700,102.0100,102.4700,6544.0000,102.0880,18
2026-08-19 14:35:50,MRNA,102.3000,102.4400,102.2800,102.3600,523.0000,102.3530,4
2026-08-19 14:35:55,MRNA,102.3000,102.4800,102.0100,102.4800,2583.0000,102.2300,11
2026-08-19 14:36:00,MRNA,102.2800,102.4000,102.2800,102.3000,1403.0000,102.3070,9
2026-08-19 14:36:05,MRNA,102.4100,102.4100,101.6900,102.0900,17052.0000,102.0100,60
2026-08-19 14:36:10,MRNA,102.0900,102.0900,101.5900,101.9400,6194.0000,101.8350,29
2026-08-19 14:36:15,MRNA,101.7200,102.0000,101.6200,101.7700,31820.0000,101.9440,46
2026-08-19 14:36:20,MRNA,101.8300,101.8800,101.5500,101.5500,2593.0000,101.6980,19
2026-08-19 14:36:25,MRNA,101.5400,101.6300,101.5000,101.6000,7837.0000,101.5170,35
2026-08-19 14:36:30,MRNA,101.6200,101.7100,101.5800,101.5800,2277.0000,101.6350,14
2026-08-19 14:36:35,MRNA,101.6600,101.6600,101.5100,101.5700,2580.0000,101.6060,14
2026-08-19 14:36:40,MRNA,101.5500,101.8400,101.5500,101.6900,7692.0000,101.6750,27
2026-08-19 14:36:45,MRNA,101.8300,101.8400,101.7400,101.8400,1275.0000,101.8170,5
2026-08-19 14:36:50,MRNA,101.8400,101.9200,101.7000,101.7000,3786.0000,101.8070,20
2026-08-19 14:36:55,MRNA,101.6600,101.7600,101.5600,101.5600,6070.0000,101.6270,26
2026-08-19 14:37:00,MRNA,101.6100,101.7500,101.6000,101.7500,1982.0000,101.6550,6
2026-08-19 14:37:05,MRNA,101.7800,101.7800,101.5800,101.6500,3310.0000,101.6890,29
2026-08-19 14:37:10,MRNA,101.6500,101.7200,101.6500,101.7100,600.0000,101.6830,5
2026-08-19 14:37:15,MRNA,101.7000,101.7300,101.5000,101.5000,6798.0000,101.5850,35
2026-08-19 14:37:20,MRNA,101.7300,101.8000,101.6900,101.7400,3205.0000,101.7480,12
2026-08-19 14:37:25,MRNA,101.6600,101.6700,101.5000,101.5000,2348.0000,101.5340,19
2026-08-19 14:37:30,MRNA,101.5000,101.5700,101.5000,101.5200,7784.0000,101.5280,37
2026-08-19 14:37:35,MRNA,101.5600,101.5700,101.5000,101.5000,9742.0000,101.5120,50
2026-08-19 14:37:40,MRNA,101.5400,101.6200,101.5000,101.5300,3251.0000,101.5490,19
2026-08-19 14:37:45,MRNA,101.5600,101.5700,101.5000,101.5700,4484.0000,101.5250,16
2026-08-19 14:37:50,MRNA,101.5000,102.0100,101.5000,102.0100,6003.0000,101.8440,26
2026-08-19 14:37:55,MRNA,102.2700,102.2700,102.0100,102.2700,3650.0000,102.1980,11
2026-08-19 14:38:00,MRNA,102.1500,102.6400,102.1500,102.6300,8460.0000,102.4990,35
2026-08-19 14:38:05,MRNA,102.6700,102.6800,102.5500,102.6800,1386.0000,102.6100,7
2026-08-19 14:38:10,MRNA,102.1800,102.4100,102.1800,102.1800,1000.0000,102.2330,6
2026-08-19 14:38:15,MRNA,102.2000,102.3900,102.0000,102.0000,825.0000,102.1520,6
2026-08-19 14:38:20,MRNA,102.3800,102.3800,102.0000,102.2800,400.0000,102.2130,3
2026-08-19 14:38:25,MRNA,102.0300,102.0300,102.0100,102.0100,898.0000,102.0250,3
2026-08-19 14:38:30,MRNA,102.2800,102.2800,101.7400,102.0000,3970.0000,101.9340,22
2026-08-19 14:38:35,MRNA,101.7800,101.9700,101.7300,101.7400,812.0000,101.8460,7
2026-08-19 14:38:40,MRNA,101.7400,101.7400,101.5000,101.7100,1137.0000,101.6470,10
2026-08-19 14:38:45,MRNA,101.9500,101.9900,101.7200,101.9900,2832.0000,101.9300,12
2026-08-19 14:38:50,MRNA,102.0000,102.0100,101.8100,102.0000,5432.0000,101.9890,17
2026-08-19 14:38:55,MRNA,101.9400,101.9400,101.8600,101.8600,250.0000,101.8900,2
2026-08-19 14:39:00,MRNA,102.0000,102.0100,102.0000,102.0000,200.0000,102.0010,2
2026-08-19 14:39:05,MRNA,101.9900,102.2700,101.9900,102.2700,2372.0000,102.0720,8
2026-08-19 14:39:10,MRNA,102.2700,102.5000,102.2700,102.4000,2284.0000,102.3590,10
2026-08-19 14:39:15,MRNA,102.5400,102.6300,102.4700,102.6300,2586.0000,102.5680,10
2026-08-19 14:39:20,MRNA,102.7100,102.8000,102.7000,102.7900,3824.0000,102.7590,17
2026-08-19 14:39:25,MRNA,102.8900,102.9200,102.8800,102.9200,2431.0000,102.9010,13
2026-08-19 14:39:30,MRNA,102.9700,104.3200,102.9700,104.0800,18934.0000,103.6160,98
2026-08-19 14:39:35,MRNA,104.3400,104.5000,103.7600,104.4300,9372.0000,104.3320,49
2026-08-19 14:39:40,MRNA,104.3300,104.4100,104.1900,104.3300,5098.0000,104.3050,33
2026-08-19 14:39:45,MRNA,104.3500,104.3600,104.0100,104.0400,2310.0000,104.2220,9
2026-08-19 14:39:50,MRNA,104.1000,104.4000,104.0900,104.2800,2570.0000,104.2470,12
2026-08-19 14:39:55,MRNA,104.3300,104.3900,104.2000,104.2000,5001.0000,104.3260,16
2026-08-19 14:40:00,MRNA,104.3300,104.4000,104.2200,104.2200,5963.0000,104.3530,21
2026-08-19 14:40:05,MRNA,104.2100,104.3500,104.1200,104.1700,4337.0000,104.1820,21
2026-08-19 14:40:10,MRNA,104.0800,104.3300,104.0800,104.2000,3781.0000,104.2180,15
2026-08-19 14:40:15,MRNA,104.1300,104.2900,104.1300,104.2800,1235.0000,104.2230,8
2026-08-19 14:40:20,MRNA,104.2900,104.2900,104.0100,104.0500,2916.0000,104.1070,17
2026-08-19 14:40:25,MRNA,104.2200,104.2900,104.1800,104.2800,1758.0000,104.2200,11
2026-08-19 14:40:30,MRNA,104.2900,104.2900,103.6500,103.6700,8360.0000,103.9060,50
2026-08-19 14:40:35,MRNA,103.6500,103.7800,103.5400,103.5700,3445.0000,103.6080,18
2026-08-19 14:40:40,MRNA,103.6200,103.7000,103.5500,103.7000,4132.0000,103.6220,19
2026-08-19 14:40:45,MRNA,103.6000,104.0000,103.6000,103.9300,1074.0000,103.7880,10
2026-08-19 14:40:50,MRNA,103.9300,104.0100,103.7700,104.0100,3151.0000,103.9880,14
2026-08-19 14:40:55,MRNA,104.0100,104.0100,103.9100,104.0000,6343.0000,103.9910,23
2026-08-19 14:41:00,MRNA,104.0000,104.0100,104.0000,104.0000,3997.0000,104.0040,17
2026-08-19 14:41:05,MRNA,104.0000,105.0000,104.0000,104.9900,30371.0000,104.4730,61
2026-08-19 14:41:10,MRNA,104.9900,105.5500,104.9600,105.5500,19987.0000,105.1060,74
2026-08-19 14:41:15,MRNA,105.5400,105.6700,105.0100,105.1700,11806.0000,105.3690,41
2026-08-19 14:41:20,MRNA,105.1500,105.5000,105.0400,105.4100,3285.0000,105.1930,15
2026-08-19 14:41:25,MRNA,105.5000,105.5200,105.4100,105.5000,9968.0000,105.4960,29
2026-08-19 14:41:30,MRNA,105.5400,105.7400,105.4300,105.5000,8591.0000,105.5470,32
2026-08-19 14:41:35,MRNA,105.5500,105.6200,105.1800,105.1800,4370.0000,105.3430,25
2026-08-19 14:41:40,MRNA,105.3400,105.3800,105.1600,105.3800,6330.0000,105.3110,24
2026-08-19 14:41:45,MRNA,105.2300,105.3700,105.2000,105.2600,2203.0000,105.2800,13
2026-08-19 14:41:50,MRNA,105.3500,105.7400,105.3500,105.5500,10088.0000,105.5580,29
2026-08-19 14:41:55,MRNA,105.5600,105.7400,105.5500,105.7400,3479.0000,105.7010,17
2026-08-19 14:42:00,MRNA,105.7400,105.9900,105.5800,105.9900,3652.0000,105.8420,21
2026-08-19 14:42:05,MRNA,105.9800,106.2100,105.9700,106.2000,9440.0000,106.0300,35
2026-08-19 14:42:10,MRNA,106.2800,106.5000,106.2300,106.4300,5925.0000,106.3560,32
2026-08-19 14:42:15,MRNA,106.4300,106.7500,106.4200,106.6100,7639.0000,106.5780,35
2026-08-19 14:42:20,MRNA,106.5000,106.7000,106.3100,106.7000,5039.0000,106.5190,36
2026-08-19 14:42:25,MRNA,106.7700,106.8900,106.6400,106.8600,10336.0000,106.7680,49
2026-08-19 14:42:30,MRNA,106.8700,106.9800,106.6600,106.8600,9354.0000,106.8660,45
2026-08-19 14:42:35,MRNA,106.8900,106.9500,106.7200,106.7900,5160.0000,106.8750,24
2026-08-19 14:42:40,MRNA,106.7300,107.5000,106.6600,107.4100,10607.0000,107.0510,50
2026-08-19 14:42:45,MRNA,107.0000,107.4900,107.0000,107.4300,3967.0000,107.3700,20
2026-08-19 14:42:50,MRNA,107.4400,107.5400,107.2400,107.5200,4281.0000,107.4780,19
2026-08-19 14:42:55,MRNA,107.5300,107.8300,107.5200,107.8100,6003.0000,107.6020,25
2026-08-19 14:43:00,MRNA,107.7300,108.4900,107.5900,108.4900,13631.0000,107.9530,74
2026-08-19 14:43:05,MRNA,108.0200,108.8300,108.0200,108.6500,6561.0000,108.5290,29
2026-08-19 14:43:10,MRNA,108.7100,109.1500,108.5000,109.1300,19236.0000,108.9000,85
2026-08-19 14:43:15,MRNA,109.0200,109.4800,108.9200,109.0800,11316.0000,109.1620,59
2026-08-19 14:43:20,MRNA,109.2300,109.4200,108.9000,109.2300,10382.0000,109.1840,42
2026-08-19 14:43:25,MRNA,109.1800,109.6500,109.0700,109.6400,9465.0000,109.4140,46
2026-08-19 14:43:30,MRNA,109.6600,109.6600,108.6000,108.6000,27149.0000,109.1970,116
2026-08-19 14:43:35,MRNA,108.5000,109.3600,108.1200,109.1500,51798.0000,108.8770,106
2026-08-19 14:43:40,MRNA,109.1500,109.4900,109.0000,109.4800,8856.0000,109.1450,44
2026-08-19 14:43:45,MRNA,109.5000,109.8000,109.4100,109.7000,12604.0000,109.5640,53
2026-08-19 14:43:50,MRNA,109.8400,109.9900,109.5800,109.8300,13134.0000,109.8160,67
2026-08-19 14:43:55,MRNA,109.8400,110.5300,109.8300,110.2600,37368.0000,110.0110,127
2026-08-19 14:44:00,MRNA,110.3800,111.1800,110.3800,111.0200,13523.0000,110.8870,70
2026-08-19 14:44:05,MRNA,111.1800,111.1900,110.0000,110.0000,11727.0000,110.2860,57
2026-08-19 14:44:10,MRNA,110.0600,110.3400,109.6000,109.6000,15859.0000,109.9440,74
2026-08-19 14:44:15,MRNA,109.6500,110.1000,109.5400,109.5400,7306.0000,109.9170,32
2026-08-19 14:44:20,MRNA,109.5900,109.8700,109.5100,109.5100,8116.0000,109.5840,47
2026-08-19 14:44:25,MRNA,109.5400,109.5400,109.3600,109.4900,7983.0000,109.4660,36
2026-08-19 14:44:30,MRNA,109.4900,109.5000,109.0400,109.3600,10560.0000,109.3190,55
2026-08-19 14:44:35,MRNA,109.3600,109.7200,109.0500,109.7200,16378.0000,109.3450,78
2026-08-19 14:44:40,MRNA,109.7200,109.7200,109.2300,109.3500,5594.0000,109.6050,26
2026-08-19 14:44:45,MRNA,109.2500,109.5400,109.2000,109.3000,3012.0000,109.3400,19
2026-08-19 14:44:50,MRNA,109.3500,109.5000,109.2100,109.5000,4330.0000,109.3960,22
2026-08-19 14:44:55,MRNA,109.3100,109.5000,109.3000,109.3000,1955.0000,109.4490,10
2026-08-19 14:45:00,MRNA,109.4600,109.5000,109.2700,109.2700,5515.0000,109.3490,21
2026-08-19 14:45:05,MRNA,109.3600,109.4700,109.2500,109.3900,4236.0000,109.3450,20
2026-08-19 14:45:10,MRNA,109.4000,109.4700,109.3500,109.4400,2596.0000,109.3970,13
2026-08-19 14:45:15,MRNA,109.4400,110.3000,109.4000,110.3000,19665.0000,109.8000,87
2026-08-19 14:45:20,MRNA,110.2200,111.7000,110.2100,111.6400,18213.0000,110.8970,99
2026-08-19 14:45:25,MRNA,111.4300,112.3700,111.4300,112.3700,16399.0000,111.8420,81
2026-08-19 14:45:30,MRNA,112.4000,112.4200,112.0000,112.0900,8987.0000,112.1510,43
2026-08-19 14:45:35,MRNA,112.0600,113.0000,112.0000,112.8100,10502.0000,112.5880,41
2026-08-19 14:45:40,MRNA,112.9800,113.1300,112.4700,113.0000,19501.0000,112.8990,85
2026-08-19 14:45:45,MRNA,113.3800,113.7400,112.5800,113.0900,15645.0000,113.1340,73
2026-08-19 14:45:50,MRNA,113.4800,114.5700,113.4300,114.2300,24643.0000,114.1360,99
2026-08-19 14:45:55,MRNA,114.5600,115.1800,114.2400,115.1300,28320.0000,114.8040,121
2026-08-19 14:46:00,MRNA,115.0700,115.8800,115.0700,115.5800,10233.0000,115.4540,52
2026-08-19 14:46:05,MRNA,115.5800,115.8300,114.5700,115.4700,34341.0000,114.9450,164
2026-08-19 14:46:10,MRNA,115.5300,116.1200,114.6000,116.1200,16178.0000,115.7430,83
2026-08-19 14:46:15,MRNA,116.1200,118.3800,116.1200,117.0000,37719.0000,117.3530,159
2026-08-19 14:46:20,MRNA,117.5000,117.5000,116.0000,116.4000,15273.0000,116.8000,81
2026-08-19 14:46:25,MRNA,116.4000,116.4500,115.1800,115.3100,32226.0000,115.8130,141
2026-08-19 14:46:30,MRNA,115.2600,115.4500,115.1800,115.2200,12478.0000,115.3030,60
2026-08-19 14:46:35,MRNA,115.2000,115.9900,115.1800,115.7100,13507.0000,115.4970,81
2026-08-19 14:46:40,MRNA,115.6200,116.5200,115.6200,116.5200,6137.0000,116.1160,36
2026-08-19 14:46:45,MRNA,116.6300,117.6900,116.6300,117.0000,16000.0000,117.0570,81
2026-08-19 14:46:50,MRNA,117.2000,117.5000,116.8700,116.8900,11283.0000,117.1190,52
2026-08-19 14:46:55,MRNA,116.9100,118.0000,116.9100,117.9500,12812.0000,117.5860,76
2026-08-19 14:47:00,MRNA,117.9200,118.9800,117.8900,118.8000,20334.0000,118.6420,74
2026-08-19 14:47:05,MRNA,118.6400,119.4400,118.1400,119.4300,18601.0000,118.8780,90
2026-08-19 14:47:10,MRNA,119.5000,119.8000,119.0000,119.8000,14912.0000,119.2790,65
2026-08-19 14:47:15,MRNA,119.6500,120.4800,119.5600,120.4800,40523.0000,119.9740,117
2026-08-19 14:47:20,MRNA,120.5400,120.8400,120.0000,120.3400,15158.0000,120.3620,74
2026-08-19 14:47:25,MRNA,120.8300,121.9800,119.9500,121.8700,18667.0000,120.8700,80
2026-08-19 14:47:30,MRNA,121.9000,123.1900,121.3300,122.8800,22040.0000,121.9200,83
2026-08-19 14:47:35,MRNA,123.3800,123.3800,122.5000,122.5500,27310.0000,123.0310,116
2026-08-19 14:47:40,MRNA,122.5100,123.3100,122.5000,122.8200,22792.0000,122.9560,112
2026-08-19 14:47:45,MRNA,122.8800,123.9000,122.8000,123.5700,16263.0000,123.4210,98
2026-08-19 14:47:50,MRNA,123.8900,124.5400,123.4800,124.1600,27475.0000,123.9640,154
2026-08-19 14:47:55,MRNA,124.0600,126.9400,123.6500,125.5400,29513.0000,125.0280,121
2026-08-19 14:48:00,MRNA,125.1200,125.8700,125.0000,125.5800,22511.0000,125.2630,110
2026-08-19 14:48:05,MRNA,125.0200,125.8300,125.0000,125.3500,21110.0000,125.3610,98
2026-08-19 14:48:10,MRNA,125.3100,125.3600,124.0000,124.3100,40803.0000,124.7100,228
2026-08-19 14:48:15,MRNA,124.2900,125.0000,123.9000,124.0400,29317.0000,124.4720,129
2026-08-19 14:48:20,MRNA,124.0700,125.0000,123.0000,123.0000,18321.0000,123.7890,95
2026-08-19 14:48:25,MRNA,123.0000,123.2800,121.0600,121.5200,33723.0000,121.3770,103
2026-08-19 14:48:30,MRNA,121.7100,122.1100,120.6200,122.0000,38825.0000,121.9180,210
2026-08-19 14:48:35,MRNA,122.0100,122.0200,121.7200,121.9500,17023.0000,121.9900,98
2026-08-19 14:48:40,MRNA,121.2600,121.4300,119.0000,119.1300,21834.0000,119.9690,57
2026-08-19 14:48:45,MRNA,119.4100,119.8900,118.4000,119.5400,19052.0000,119.1930,78
2026-08-19 14:48:50,MRNA,119.3000,119.4900,119.0000,119.3900,7950.0000,119.1560,39
2026-08-19 14:48:55,MRNA,119.3900,119.4900,117.9000,117.9000,10876.0000,118.9830,55
2026-08-19 14:49:00,MRNA,117.5500,119.3300,117.2000,119.0000,37686.0000,118.0470,144
2026-08-19 14:49:05,MRNA,118.6500,119.1100,117.8000,118.3100,5201.0000,118.4060,27
2026-08-19 14:49:10,MRNA,119.0000,119.5000,118.1400,119.3000,11131.0000,119.0320,52
2026-08-19 14:49:15,MRNA,119.9000,121.5000,119.9000,121.4800,12918.0000,120.4330,59
2026-08-19 14:49:20,MRNA,120.8300,121.2000,120.5600,120.5800,11492.0000,120.9890,44
2026-08-19 14:49:25,MRNA,121.1900,122.0000,120.8800,121.6000,6109.0000,121.3000,36
2026-08-19 14:49:30,MRNA,122.0000,122.9800,121.8000,122.0300,13745.0000,122.1810,68
2026-08-19 14:49:35,MRNA,122.2200,122.9900,122.0000,122.0500,11667.0000,122.4950,54
2026-08-19 14:49:40,MRNA,122.0000,122.7500,120.7400,121.3900,17343.0000,121.3120,70
2026-08-19 14:49:45,MRNA,120.9300,121.9000,120.9300,121.4900,6526.0000,121.5470,20
2026-08-19 14:49:50,MRNA,121.1400,122.5500,121.0300,122.5500,11794.0000,121.9290,46
2026-08-19 14:49:55,MRNA,122.2800,122.9800,121.9500,122.9800,5116.0000,122.4400,20
2026-08-19 14:50:00,MRNA,122.9300,124.0000,122.5300,122.5300,23608.0000,123.3590,106
2026-08-19 14:50:05,MRNA,122.5000,122.5000,121.1500,121.4100,6987.0000,121.9530,35
2026-08-19 14:50:10,MRNA,121.4400,122.4600,121.0000,121.6000,13185.0000,121.1660,55
2026-08-19 14:50:15,MRNA,121.5000,121.6400,121.0000,121.1600,1651.0000,121.3500,10
2026-08-19 14:50:20,MRNA,121.4900,122.7900,121.4900,122.5600,9193.0000,122.0500,49
2026-08-19 14:50:25,MRNA,122.0700,122.8000,122.0000,122.7100,9063.0000,122.1580,39
2026-08-19 14:50:30,MRNA,122.0000,123.5000,122.0000,123.1100,9985.0000,122.8280,42
2026-08-19 14:50:35,MRNA,123.4400,123.5700,123.2200,123.2200,5574.0000,123.3710,31
2026-08-19 14:50:40,MRNA,123.4900,125.8200,123.4900,125.3600,39049.0000,124.9750,151
2026-08-19 14:50:45,MRNA,125.3600,126.4300,125.0000,125.6000,26244.0000,125.7390,122
2026-08-19 14:50:50,MRNA,125.3300,127.3700,125.0000,127.0000,27029.0000,126.5190,126
2026-08-19 14:50:55,MRNA,126.8800,128.8500,126.6100,128.8500,14276.0000,127.5860,79
2026-08-19 14:51:00,MRNA,128.5300,130.9000,128.0600,130.4200,36552.0000,129.7570,148
2026-08-19 14:51:05,MRNA,130.3500,130.8900,128.2600,128.9000,23973.0000,129.6050,117
2026-08-19 14:51:10,MRNA,128.9900,130.1000,128.3900,129.9600,15102.0000,129.2250,87
2026-08-19 14:51:15,MRNA,129.9600,130.5500,129.9600,130.2400,15192.0000,130.1770,60
2026-08-19 14:51:20,MRNA,130.2400,130.5700,129.9800,130.0000,12474.0000,130.1420,66
2026-08-19 14:51:25,MRNA,130.4700,131.2200,130.0200,131.2200,16133.0000,130.3060,83
2026-08-19 14:51:30,MRNA,131.5000,132.5000,131.4700,132.5000,16640.0000,131.9380,72
2026-08-19 14:51:35,MRNA,132.1400,132.4400,130.1000,130.1800,33499.0000,131.1290,108
2026-08-19 14:51:40,MRNA,130.1800,130.6700,130.0200,130.5300,39663.0000,130.3960,255
2026-08-19 14:51:45,MRNA,130.5200,130.9000,130.5000,130.5000,9478.0000,130.6650,51
2026-08-19 14:51:50,MRNA,130.7900,130.8000,127.5700,127.5800,35835.0000,129.0530,133
2026-08-19 14:51:55,MRNA,128.1900,128.7100,127.0100,127.3100,9490.0000,127.6560,47
2026-08-19 14:52:00,MRNA,127.5700,127.9500,127.0400,127.4500,6401.0000,127.5430,29
2026-08-19 14:52:05,MRNA,127.3000,128.5300,127.0100,127.9300,12115.0000,127.8180,60
2026-08-19 14:52:10,MRNA,127.6100,128.5600,127.5800,127.6900,9145.0000,127.7090,48
2026-08-19 14:52:15,MRNA,128.0700,128.2500,127.1500,128.0500,12810.0000,127.6800,68
2026-08-19 14:52:20,MRNA,127.8700,128.9600,127.4100,128.6300,10577.0000,128.2530,61
2026-08-19 14:52:25,MRNA,128.9900,130.5200,128.5900,130.5200,26637.0000,129.7510,83
2026-08-19 14:52:30,MRNA,130.3400,130.5900,129.5000,129.9600,10542.0000,130.1320,46
2026-08-19 14:52:35,MRNA,129.0000,130.0500,129.0000,129.8500,11013.0000,129.6570,42
2026-08-19 14:52:40,MRNA,129.7000,129.9600,129.0000,129.0000,11648.0000,129.6370,43
2026-08-19 14:52:45,MRNA,129.3700,129.7200,129.1400,129.4400,1048.0000,129.4490,8
2026-08-19 14:52:50,MRNA,129.4000,129.5000,129.0900,129.4800,12588.0000,129.3970,44
2026-08-19 14:52:55,MRNA,129.5100,129.5100,129.3900,129.4200,4329.0000,129.4820,25
2026-08-19 14:53:00,MRNA,129.4900,129.5100,129.4000,129.5000,9200.0000,129.4980,71
2026-08-19 14:53:05,MRNA,129.5100,129.7900,129.4900,129.5000,14532.0000,129.6010,104
2026-08-19 14:53:10,MRNA,129.5000,129.6200,128.0000,128.9900,27249.0000,128.7480,151
2026-08-19 14:53:15,MRNA,128.1600,128.9800,128.0000,128.3500,5862.0000,128.3500,29
2026-08-19 14:53:20,MRNA,128.0800,128.7600,128.0000,128.2900,9116.0000,128.3070,47
2026-08-19 14:53:25,MRNA,128.1500,128.5600,128.0100,128.2200,3753.0000,128.2050,26
2026-08-19 14:53:30,MRNA,128.1200,129.7200,128.1200,129.7200,7091.0000,129.2300,38
2026-08-19 14:53:35,MRNA,129.5500,129.7200,129.2500,129.7200,5765.0000,129.6650,29
2026-08-19 14:53:40,MRNA,129.5800,129.7200,129.5700,129.7100,6795.0000,129.6940,43
2026-08-19 14:53:45,MRNA,129.7000,130.0000,129.0000,129.9700,28111.0000,129.8510,134
2026-08-19 14:53:50,MRNA,129.1000,129.1000,128.0000,128.0000,22311.0000,128.4520,121
2026-08-19 14:53:55,MRNA,128.0000,128.1200,127.0000,127.9000,30608.0000,127.5960,150
2026-08-19 14:54:00,MRNA,127.8500,127.8700,127.0000,127.5000,13362.0000,127.2890,80
2026-08-19 14:54:05,MRNA,127.7000,128.0000,127.1200,127.2100,3566.0000,127.5980,22
2026-08-19 14:54:10,MRNA,127.5600,127.5600,125.0000,125.0000,25336.0000,125.9580,110
2026-08-19 14:54:15,MRNA,125.0000,125.0500,123.5500,124.0500,17123.0000,124.4350,71
2026-08-19 14:54:20,MRNA,124.0000,124.0000,123.5700,123.6600,9473.0000,123.7850,57
2026-08-19 14:54:25,MRNA,123.8600,123.8700,123.0500,123.1000,8887.0000,123.4170,57
2026-08-19 14:54:30,MRNA,123.4400,123.4400,123.0100,123.0400,6260.0000,123.1260,39
2026-08-19 14:54:35,MRNA,123.2000,123.5500,122.5600,122.7100,23055.0000,123.1390,82
2026-08-19 14:54:40,MRNA,122.9800,124.0000,122.6400,123.9600,10721.0000,123.4840,47
2026-08-19 14:54:45,MRNA,124.0000,125.0000,123.6400,125.0000,20480.0000,124.6040,77
2026-08-19 14:54:50,MRNA,124.9100,125.0000,123.8700,123.8700,9661.0000,124.3720,47
2026-08-19 14:54:55,MRNA,124.0500,124.7900,123.8700,124.1200,6356.0000,124.4360,19
2026-08-19 14:55:00,MRNA,124.0900,124.5600,123.2200,123.4600,6040.0000,123.7690,33
2026-08-19 14:55:05,MRNA,123.2000,123.2600,122.5100,122.9500,13391.0000,122.9710,60
2026-08-19 14:55:10,MRNA,123.3100,123.8000,122.8300,123.3900,5635.0000,123.2930,29
2026-08-19 14:55:15,MRNA,123.3900,124.7900,123.3900,124.7900,3993.0000,123.8960,27
2026-08-19 14:55:20,MRNA,124.0100,125.0000,123.0000,124.0000,14129.0000,123.8800,69
2026-08-19 14:55:25,MRNA,123.7800,124.0000,123.0000,123.5000,13095.0000,123.2940,74
2026-08-19 14:55:30,MRNA,123.8700,123.8700,123.0000,123.1800,7101.0000,123.1680,39
2026-08-19 14:55:35,MRNA,123.0300,123.1600,121.1800,121.4100,19413.0000,122.4020,85
2026-08-19 14:55:40,MRNA,121.3900,122.8900,121.1400,121.4800,14470.0000,121.7970,62
2026-08-19 14:55:45,MRNA,121.5200,123.0000,121.1400,122.2500,11363.0000,122.4270,48
2026-08-19 14:55:50,MRNA,122.5600,122.9300,122.5600,122.6300,1271.0000,122.8130,7
2026-08-19 14:55:55,MRNA,122.9300,123.0000,122.6100,122.7000,7652.0000,122.9070,41
2026-08-19 14:56:00,MRNA,122.5400,122.5400,121.5500,122.0000,14098.0000,122.0290,72
2026-08-19 14:56:05,MRNA,122.1000,122.2300,121.6800,121.9700,13054.0000,121.8890,85
2026-08-19 14:56:10,MRNA,121.8800,122.2000,121.7100,121.9700,8303.0000,121.9120,41
2026-08-19 14:56:15,MRNA,122.0000,122.0000,121.5100,121.5100,8656.0000,121.7460,38
2026-08-19 14:56:20,MRNA,121.3600,121.5500,121.1500,121.5500,6333.0000,121.4110,31
2026-08-19 14:56:25,MRNA,121.7000,122.4000,121.5300,122.4000,5363.0000,121.9480,32
2026-08-19 14:56:30,MRNA,122.4000,123.0000,122.1800,122.5900,12681.0000,122.5570,42
2026-08-19 14:56:35,MRNA,122.5100,123.5600,122.5000,123.5600,15694.0000,122.9410,76
2026-08-19 14:56:40,MRNA,123.4400,124.4800,123.3100,124.4700,11385.0000,124.0920,58
2026-08-19 14:56:45,MRNA,124.4300,124.4700,123.2900,123.5300,8425.0000,124.0460,36
2026-08-19 14:56:50,MRNA,124.0000,124.0000,123.0000,123.5000,22492.0000,123.5280,105
2026-08-19 14:56:55,MRNA,123.7900,124.4400,123.4700,123.4800,6497.0000,123.8920,37
2026-08-19 14:57:00,MRNA,123.7900,123.7900,123.0100,123.0300,2608.0000,123.3450,16
2026-08-19 14:57:05,MRNA,123.6300,123.7800,123.1000,123.2600,2700.0000,123.3770,18
2026-08-19 14:57:10,MRNA,123.2700,123.9500,123.2100,123.7400,10983.0000,123.5960,43
2026-08-19 14:57:15,MRNA,123.2800,123.8000,123.0000,123.6500,8017.0000,123.3220,47
2026-08-19 14:57:20,MRNA,123.8000,123.8100,123.5800,123.7500,4355.0000,123.7320,28
2026-08-19 14:57:25,MRNA,123.6600,124.8100,123.6500,124.5800,11769.0000,124.3280,54
2026-08-19 14:57:30,MRNA,124.8000,124.8400,124.2800,124.5100,7797.0000,124.5820,43
2026-08-19 14:57:35,MRNA,124.0100,124.5100,124.0100,124.1100,12678.0000,124.2920,40
2026-08-19 14:57:40,MRNA,124.1800,124.5600,124.1100,124.2300,2600.0000,124.3140,11
2026-08-19 14:57:45,MRNA,124.2400,125.9400,124.0100,125.9000,38661.0000,124.9130,134
2026-08-19 14:57:50,MRNA,125.6700,126.4200,125.6100,125.7200,9726.0000,125.9060,60
2026-08-19 14:57:55,MRNA,125.0200,126.3200,125.0200,126.3200,12043.0000,125.8310,76
2026-08-19 14:58:00,MRNA,126.3600,126.9000,126.3000,126.7500,7134.0000,126.6520,31
2026-08-19 14:58:05,MRNA,126.9400,126.9900,126.5600,126.9000,5931.0000,126.7580,30
2026-08-19 14:58:10,MRNA,126.8000,126.8000,125.0000,125.1600,25555.0000,125.9180,63
2026-08-19 14:58:15,MRNA,125.0200,125.7500,124.0000,124.9300,13670.0000,124.4510,51
2026-08-19 14:58:20,MRNA,124.8300,124.9300,124.3300,124.3300,11532.0000,124.3970,31
2026-08-19 14:58:25,MRNA,124.4500,124.4800,124.3300,124.3300,13812.0000,124.3400,47
2026-08-19 14:58:30,MRNA,124.3300,124.9900,124.0000,124.7800,15587.0000,124.4830,81
2026-08-19 14:58:35,MRNA,124.7900,125.7200,124.7200,125.0000,3994.0000,125.2240,22
2026-08-19 14:58:40,MRNA,125.0000,125.7000,125.0000,125.1900,930.0000,125.4690,5
2026-08-19 14:58:45,MRNA,125.6800,126.5000,125.4700,126.4100,8821.0000,125.8600,43
2026-08-19 14:58:50,MRNA,126.5000,126.5000,126.0000,126.2700,7059.0000,126.2700,36
2026-08-19 14:58:55,MRNA,126.2300,127.0000,126.0100,126.7900,25654.0000,126.6640,120
2026-08-19 14:59:00,MRNA,126.6600,127.0000,126.4900,127.0000,13706.0000,126.8950,71
2026-08-19 14:59:05,MRNA,126.9900,127.0300,126.9000,126.9700,11559.0000,126.9620,58
2026-08-19 14:59:10,MRNA,126.9700,127.7300,126.0700,127.5600,45021.0000,126.8930,103
2026-08-19 14:59:15,MRNA,127.7300,129.2600,127.7300,128.6000,29245.0000,128.6910,106
2026-08-19 14:59:20,MRNA,128.0000,129.1400,128.0000,128.6000,10155.0000,128.6870,35
2026-08-19 14:59:25,MRNA,128.9800,128.9800,128.3100,128.3100,5317.0000,128.4960,23
2026-08-19 14:59:30,MRNA,128.6000,129.4700,128.2400,129.4700,13077.0000,129.0360,54
2026-08-19 14:59:35,MRNA,129.2400,129.4700,128.1900,128.1900,14950.0000,128.9480,88
2026-08-19 14:59:40,MRNA,128.2800,128.8500,128.0100,128.8200,3076.0000,128.3850,22
2026-08-19 14:59:45,MRNA,128.2800,129.7700,128.2800,129.7700,18851.0000,128.9640,62
2026-08-19 14:59:50,MRNA,129.4500,129.9900,129.2400,129.9500,11195.0000,129.7350,57
2026-08-19 14:59:55,MRNA,129.5700,130.0000,129.2400,129.8400,17234.0000,129.7580,100
2026-08-19 15:00:00,MRNA,129.6000,129.8800,128.7300,128.7300,13466.0000,129.3700,55
2026-08-19 15:00:05,MRNA,128.7700,129.0900,128.5000,129.0900,9508.0000,128.6960,47
2026-08-19 15:00:10,MRNA,128.9300,129.4100,127.5000,127.5100,12307.0000,128.1120,62
2026-08-19 15:00:15,MRNA,127.5200,127.5600,127.0000,127.3800,7998.0000,127.1890,51
2026-08-19 15:00:20,MRNA,127.0500,127.2000,127.0100,127.0100,6317.0000,127.0650,37
2026-08-19 15:00:25,MRNA,127.0200,127.2400,127.0000,127.0100,13117.0000,127.0320,67
2026-08-19 15:00:30,MRNA,127.0000,127.2000,127.0000,127.0000,14308.0000,127.0740,86
2026-08-19 15:00:35,MRNA,127.1900,127.1900,125.7600,125.7600,10504.0000,126.7090,63
2026-08-19 15:00:40,MRNA,125.6500,126.2000,125.1400,125.5400,11027.0000,125.6000,50
2026-08-19 15:00:45,MRNA,125.6700,125.6800,125.0100,125.0100,15015.0000,125.1870,65
2026-08-19 15:00:50,MRNA,125.1300,125.8600,125.0000,125.1300,16425.0000,125.2120,69
2026-08-19 15:00:55,MRNA,125.2200,125.4900,124.0000,125.0700,23756.0000,124.8600,161
2026-08-19 15:01:00,MRNA,125.1200,125.3800,125.0000,125.0600,4869.0000,125.1070,29
2026-08-19 15:01:05,MRNA,125.0600,125.5000,125.0000,125.3100,6652.0000,125.2760,35
2026-08-19 15:01:10,MRNA,125.1200,125.8300,125.1200,125.4400,5383.0000,125.4240,18
2026-08-19 15:01:15,MRNA,125.8500,125.8900,125.0000,125.0000,7860.0000,125.2940,44
2026-08-19 15:01:20,MRNA,125.0000,125.5000,124.0000,125.3600,32528.0000,124.9470,104
2026-08-19 15:01:25,MRNA,125.1000,125.1000,124.9400,125.0000,6691.0000,125.0140,41
2026-08-19 15:01:30,MRNA,125.0000,125.0200,125.0000,125.0000,11186.0000,125.0000,77
2026-08-19 15:01:35,MRNA,125.0000,125.1100,125.0000,125.0000,7517.0000,125.0170,51
2026-08-19 15:01:40,MRNA,125.1000,126.8200,125.1000,126.8200,18214.0000,125.6040,90
2026-08-19 15:01:45,MRNA,126.6800,127.0000,126.0800,126.6100,13142.0000,126.8010,43
2026-08-19 15:01:50,MRNA,126.0200,126.6800,125.8500,126.6700,7049.0000,126.3210,41
2026-08-19 15:01:55,MRNA,126.6800,126.6800,125.2000,126.2700,4829.0000,126.0370,22
2026-08-19 15:02:00,MRNA,125.9900,126.0000,125.2200,125.5700,4268.0000,125.5060,25
2026-08-19 15:02:05,MRNA,125.9800,127.1900,125.2500,126.6100,15842.0000,126.1730,75
2026-08-19 15:02:10,MRNA,126.7000,127.5000,126.5800,127.0000,11416.0000,127.1190,68
2026-08-19 15:02:15,MRNA,127.1600,127.5600,126.9600,127.3900,5622.0000,127.3490,34
2026-08-19 15:02:20,MRNA,127.2600,128.4400,127.0900,128.4100,13889.0000,127.8150,73
2026-08-19 15:02:25,MRNA,128.4500,129.7500,128.0100,129.7500,28926.0000,129.1070,113
2026-08-19 15:02:30,MRNA,129.7600,129.9300,129.3700,129.8500,14723.0000,129.7120,76
2026-08-19 15:02:35,MRNA,129.7400,131.9100,129.5000,131.2800,137285.0000,130.1690,245
2026-08-19 15:02:40,MRNA,131.0100,131.9900,130.6700,131.9100,12622.0000,131.3890,76
2026-08-19 15:02:45,MRNA,131.3400,131.4900,130.0100,131.1200,11451.0000,130.8030,74
2026-08-19 15:02:50,MRNA,131.2700,131.7300,131.0400,131.6300,11606.0000,131.3700,71
2026-08-19 15:02:55,MRNA,131.4000,131.7600,130.1100,130.1600,20716.0000,131.1840,123
2026-08-19 15:03:00,MRNA,130.2400,130.2700,128.0300,129.6300,21742.0000,129.4590,124
2026-08-19 15:03:05,MRNA,129.2200,129.8900,129.2200,129.2800,2867.0000,129.4680,18
2026-08-19 15:03:10,MRNA,129.6800,129.6800,128.6900,129.2400,9154.0000,129.1080,57
2026-08-19 15:03:15,MRNA,129.2900,129.7800,128.3500,129.4100,14186.0000,128.9540,68
2026-08-19 15:03:20,MRNA,129.2000,129.3900,128.3400,128.5900,7009.0000,128.7230,22
2026-08-19 15:03:25,MRNA,128.4900,128.4900,127.0000,127.0000,8072.0000,127.5820,46
2026-08-19 15:03:30,MRNA,127.5100,127.6500,127.0200,127.3000,4593.0000,127.2680,19
2026-08-19 15:03:35,MRNA,127.4400,127.6900,127.1800,127.4500,2499.0000,127.4820,15
2026-08-19 15:03:40,MRNA,127.4000,127.7500,127.4000,127.7500,4635.0000,127.7160,33
2026-08-19 15:03:45,MRNA,127.9400,128.5200,127.7500,128.5100,6749.0000,128.0430,26
2026-08-19 15:03:50,MRNA,128.6100,129.4900,128.5400,129.1900,10034.0000,128.9490,52
2026-08-19 15:03:55,MRNA,129.4000,129.9200,129.1300,129.8100,3450.0000,129.5380,21
2026-08-19 15:04:00,MRNA,129.7900,131.7700,129.7800,131.7700,29738.0000,130.6230,103
2026-08-19 15:04:05,MRNA,131.8100,134.0000,131.6900,132.2900,66906.0000,132.5840,309
2026-08-19 15:04:10,MRNA,132.2900,132.9500,131.2200,131.2200,7809.0000,132.2790,51
2026-08-19 15:04:15,MRNA,131.0000,131.3400,129.6000,129.6100,9477.0000,130.6470,52
2026-08-19 15:04:20,MRNA,129.4900,130.5300,129.4900,130.3300,19356.0000,130.0670,97
2026-08-19 15:04:25,MRNA,129.4900,130.4900,129.4900,130.0000,6463.0000,129.7430,25
2026-08-19 15:04:30,MRNA,129.9900,130.0000,128.2200,128.2200,23461.0000,129.0800,47
2026-08-19 15:04:35,MRNA,128.2800,128.5300,127.0100,128.0300,13822.0000,127.6770,61
2026-08-19 15:04:40,MRNA,128.0000,128.0000,127.3000,127.6400,7065.0000,127.6580,36
2026-08-19 15:04:45,MRNA,127.5700,127.7800,127.0000,127.5300,20128.0000,127.2540,102
2026-08-19 15:04:50,MRNA,127.3800,127.6100,127.0000,127.1000,16529.0000,127.3610,59
2026-08-19 15:04:55,MRNA,127.0500,127.4800,127.0400,127.4800,3768.0000,127.3310,13
2026-08-19 15:05:00,MRNA,127.1400,127.3700,127.0000,127.1200,7109.0000,127.2370,34
2026-08-19 15:05:05,MRNA,127.1300,128.4000,127.0000,128.2600,25517.0000,127.3610,111
2026-08-19 15:05:10,MRNA,128.4000,128.6200,127.7000,128.1400,3665.0000,128.1510,14
2026-08-19 15:05:15,MRNA,128.1200,128.1800,127.7000,128.1700,1497.0000,127.9290,11
2026-08-19 15:05:20,MRNA,128.0700,128.2000,127.6200,128.0000,5800.0000,128.0140,18
2026-08-19 15:05:25,MRNA,127.5300,127.7400,126.0000,126.2000,17962.0000,126.9210,74
2026-08-19 15:05:30,MRNA,126.3500,126.8200,126.2600,126.4500,6205.0000,126.6850,18
2026-08-19 15:05:35,MRNA,126.4400,126.7500,126.0000,126.0000,8911.0000,126.3260,32
2026-08-19 15:05:40,MRNA,126.0400,126.4600,126.0000,126.4000,10336.0000,126.1220,44
2026-08-19 15:05:45,MRNA,126.3300,126.4000,126.0000,126.0100,7417.0000,126.0970,35
2026-08-19 15:05:50,MRNA,126.0000,126.0400,126.0000,126.0300,3780.0000,126.0060,27
2026-08-19 15:05:55,MRNA,126.0000,126.0100,123.7800,123.9500,42536.0000,125.0280,164
2026-08-19 15:06:00,MRNA,124.2100,124.5600,123.4500,123.8400,16124.0000,123.8830,62
2026-08-19 15:06:05,MRNA,123.4500,124.4900,123.3400,124.0800,8060.0000,123.7010,39
2026-08-19 15:06:10,MRNA,124.5500,124.5500,124.0000,124.0000,6158.0000,124.2250,31
2026-08-19 15:06:15,MRNA,124.1100,124.5800,124.1100,124.5000,6841.0000,124.3950,41
2026-08-19 15:06:20,MRNA,124.1500,124.4000,123.0100,123.0100,8701.0000,123.7580,38
2026-08-19 15:06:25,MRNA,123.0100,123.5900,123.0000,123.3800,11811.0000,123.0860,59
2026-08-19 15:06:30,MRNA,123.0400,123.0400,121.5700,121.9900,13300.0000,122.2210,70
2026-08-19 15:06:35,MRNA,121.5900,121.9800,121.4300,121.7800,4967.0000,121.6730,32
2026-08-19 15:06:40,MRNA,121.7000,123.0000,121.4300,123.0000,17548.0000,122.5150,85
2026-08-19 15:06:45,MRNA,122.3700,122.9000,122.3100,122.5600,2942.0000,122.5190,18
2026-08-19 15:06:50,MRNA,122.6200,122.6800,122.1000,122.1800,10605.0000,122.5290,29
2026-08-19 15:06:55,MRNA,122.5300,122.9700,122.3000,122.9700,2096.0000,122.6460,14
2026-08-19 15:07:00,MRNA,122.7600,122.9700,122.3900,122.8300,5858.0000,122.6720,25
2026-08-19 15:07:05,MRNA,122.8800,122.8800,122.1000,122.1600,9735.0000,122.3410,41
2026-08-19 15:07:10,MRNA,122.1000,122.2700,121.0000,121.0900,32614.0000,121.4820,150
2026-08-19 15:07:15,MRNA,120.7500,122.0000,120.5500,121.3500,6956.0000,121.2320,27
2026-08-19 15:07:20,MRNA,121.7900,122.0000,121.4100,121.7400,5282.0000,121.7680,29
2026-08-19 15:07:25,MRNA,121.9000,122.0000,121.4100,121.9100,4775.0000,121.7660,17
2026-08-19 15:07:30,MRNA,121.6800,121.8000,121.4700,121.7800,3795.0000,121.6380,24
2026-08-19 15:07:35,MRNA,121.5800,121.9400,121.4700,121.8000,1829.0000,121.7090,13
2026-08-19 15:07:40,MRNA,121.9900,123.0000,121.9000,123.0000,9747.0000,122.2740,38
2026-08-19 15:07:45,MRNA,123.0000,124.1000,122.9800,124.0900,15056.0000,123.6370,80
2026-08-19 15:07:50,MRNA,123.6900,124.1000,123.4000,123.6000,9489.0000,123.7230,45
2026-08-19 15:07:55,MRNA,123.4100,123.6000,123.1700,123.2300,4800.0000,123.3800,22
2026-08-19 15:08:00,MRNA,123.2400,124.4400,123.2300,123.9100,15493.0000,123.8120,67
2026-08-19 15:08:05,MRNA,123.9000,123.9000,123.4000,123.7500,6553.0000,123.7050,34
2026-08-19 15:08:10,MRNA,123.7900,123.9000,123.5900,123.7700,7614.0000,123.7660,43
2026-08-19 15:08:15,MRNA,123.7000,124.2800,123.3300,123.9900,5613.0000,123.7960,35
2026-08-19 15:08:20,MRNA,124.2800,124.2800,122.2000,122.8300,7193.0000,123.2250,45
2026-08-19 15:08:25,MRNA,122.1700,122.9600,121.4000,121.4000,6495.0000,122.0440,37
2026-08-19 15:08:30,MRNA,121.4800,121.7500,121.4300,121.7500,2117.0000,121.6750,11
2026-08-19 15:08:35,MRNA,121.5600,122.0000,121.0500,121.1500,9801.0000,121.5530,52
2026-08-19 15:08:40,MRNA,121.0000,122.6200,121.0000,122.6200,7353.0000,121.2790,32
2026-08-19 15:08:45,MRNA,122.3500,122.7600,122.2000,122.6300,1947.0000,122.4950,12
2026-08-19 15:08:50,MRNA,122.3200,122.7500,122.3100,122.7500,633.0000,122.6490,5
2026-08-19 15:08:55,MRNA,122.2500,122.4100,121.3500,121.3500,6558.0000,121.9990,35
2026-08-19 15:09:00,MRNA,121.0100,121.7200,120.5800,121.7200,11003.0000,120.9830,74
2026-08-19 15:09:05,MRNA,120.6800,121.5000,119.9200,119.9200,35297.0000,120.3960,149
2026-08-19 15:09:10,MRNA,119.6000,119.9900,119.1900,119.9900,15894.0000,119.6590,85
2026-08-19 15:09:15,MRNA,119.8800,119.9400,119.1100,119.3200,21101.0000,119.4810,87
2026-08-19 15:09:20,MRNA,119.4400,119.8200,119.1800,119.5200,16766.0000,119.5660,95
2026-08-19 15:09:25,MRNA,119.2900,120.0600,119.0100,120.0600,17614.0000,119.7160,84
2026-08-19 15:09:30,MRNA,120.0500,120.4500,120.0000,120.4000,6850.0000,120.1300,44
2026-08-19 15:09:35,MRNA,120.4000,120.5000,120.1000,120.3800,4254.0000,120.2870,30
2026-08-19 15:09:40,MRNA,120.4000,120.4000,119.5000,119.5600,8680.0000,119.8490,56
2026-08-19 15:09:45,MRNA,119.9300,120.4700,119.6400,120.0000,11399.0000,120.0250,60
2026-08-19 15:09:50,MRNA,120.4500,120.4500,120.0100,120.3700,3333.0000,120.1540,20
2026-08-19 15:09:55,MRNA,120.4300,122.2100,120.1900,121.6300,25299.0000,121.4820,113
2026-08-19 15:10:00,MRNA,121.9700,122.0000,121.0000,121.4300,11145.0000,121.3720,55
2026-08-19 15:10:05,MRNA,121.4500,121.9600,121.0000,121.0000,6004.0000,121.5260,38
2026-08-19 15:10:10,MRNA,121.7400,121.8700,121.0200,121.0600,1600.0000,121.4750,9
2026-08-19 15:10:15,MRNA,121.4900,121.9600,121.0000,121.0000,6298.0000,121.3180,34
2026-08-19 15:10:20,MRNA,121.4200,122.2400,121.4200,122.2400,8207.0000,121.7360,49
2026-08-19 15:10:25,MRNA,122.5000,123.3300,122.4400,123.0700,15126.0000,122.9540,50
2026-08-19 15:10:30,MRNA,123.3200,124.0000,123.1500,123.3200,22246.0000,123.6810,114
2026-08-19 15:10:35,MRNA,123.2700,123.3100,119.9600,121.5200,40418.0000,121.6420,178
2026-08-19 15:10:40,MRNA,122.1900,122.3300,121.6000,121.7100,5445.0000,122.0830,14
2026-08-19 15:10:45,MRNA,122.0000,122.0000,121.6300,121.9700,3142.0000,121.8700,14
2026-08-19 15:10:50,MRNA,121.7400,121.9200,121.4700,121.5300,7647.0000,121.6310,26
2026-08-19 15:10:55,MRNA,121.6900,121.9000,121.0000,121.0000,4492.0000,121.5640,24
2026-08-19 15:11:00,MRNA,121.0000,121.5000,121.0000,121.4400,6711.0000,121.2920,40
2026-08-19 15:11:05,MRNA,121.1000,121.4700,119.9600,120.2600,19887.0000,120.3670,90
2026-08-19 15:11:10,MRNA,120.5000,120.5000,120.0000,120.1900,8219.0000,120.0400,23
2026-08-19 15:11:15,MRNA,120.2200,120.8300,120.0200,120.0600,3256.0000,120.2140,17
2026-08-19 15:11:20,MRNA,120.2500,120.2500,119.8000,119.8000,8772.0000,119.9870,48
2026-08-19 15:11:25,MRNA,119.9200,119.9500,119.1200,119.4400,16516.0000,119.5730,67
2026-08-19 15:11:30,MRNA,119.5400,119.6500,119.1200,119.1200,12563.0000,119.3280,65
2026-08-19 15:11:35,MRNA,119.0100,119.3000,118.6000,118.7300,20068.0000,118.9320,99
2026-08-19 15:11:40,MRNA,118.6800,119.0200,118.6000,118.7300,12328.0000,118.7500,43
2026-08-19 15:11:45,MRNA,118.8100,120.1500,118.6100,120.1500,30733.0000,119.4470,73
2026-08-19 15:11:50,MRNA,120.1400,120.1400,119.8500,119.9600,2098.0000,120.0540,10
2026-08-19 15:11:55,MRNA,119.9700,119.9800,118.0000,119.2000,13154.0000,119.1630,57
2026-08-19 15:12:00,MRNA,118.9700,119.0500,118.7100,118.7100,3629.0000,118.9340,26
2026-08-19 15:12:05,MRNA,118.8000,119.6700,118.5500,119.4100,10200.0000,118.9080,43
2026-08-19 15:12:10,MRNA,119.3600,119.5000,119.0000,119.0000,1437.0000,119.1250,8
2026-08-19 15:12:15,MRNA,119.0200,119.0200,118.6600,118.9100,1510.0000,118.8650,12
2026-08-19 15:12:20,MRNA,119.0200,119.0200,118.6300,118.8000,1200.0000,118.7330,5
2026-08-19 15:12:25,MRNA,118.9300,119.1600,118.6500,119.0000,3683.0000,118.8970,24
2026-08-19 15:12:30,MRNA,119.1800,119.4500,118.7000,118.7000,7548.0000,118.9810,43
2026-08-19 15:12:35,MRNA,119.0000,119.2100,118.6500,118.6500,7656.0000,118.9630,45
2026-08-19 15:12:40,MRNA,118.6300,118.7600,118.5000,118.7600,3364.0000,118.5720,26
2026-08-19 15:12:45,MRNA,118.7600,119.4400,118.7600,119.2000,2272.0000,119.0680,18
2026-08-19 15:12:50,MRNA,119.2600,119.8300,119.2600,119.7000,4333.0000,119.6390,24
2026-08-19 15:12:55,MRNA,119.8200,120.2600,119.7000,120.2300,15652.0000,119.9890,79
2026-08-19 15:13:00,MRNA,120.0400,120.9400,120.0000,120.9400,8147.0000,120.2250,34
2026-08-19 15:13:05,MRNA,120.4200,120.9200,119.8300,120.0000,6329.0000,120.2270,34
2026-08-19 15:13:10,MRNA,119.7700,119.9200,119.4900,119.9200,2321.0000,119.7080,13
2026-08-19 15:13:15,MRNA,119.6400,119.8200,119.0000,119.0000,7723.0000,119.3960,31
2026-08-19 15:13:20,MRNA,119.0100,119.1500,118.9300,119.1500,4332.0000,119.0500,17
2026-08-19 15:13:25,MRNA,119.0100,119.4900,118.8700,119.4900,1765.0000,119.0710,8
2026-08-19 15:13:30,MRNA,119.2000,119.3900,119.1000,119.3400,2000.0000,119.2250,14
2026-08-19 15:13:35,MRNA,119.2500,119.2500,119.0000,119.0100,1739.0000,119.0420,7
2026-08-19 15:13:40,MRNA,119.0000,119.0800,118.9500,119.0800,1490.0000,119.0100,11
2026-08-19 15:13:45,MRNA,119.1900,119.2000,118.7600,118.7700,9976.0000,118.9120,25
2026-08-19 15:13:50,MRNA,119.0000,120.0000,119.0000,119.6700,9514.0000,119.5220,29
2026-08-19 15:13:55,MRNA,119.5800,119.8900,119.0100,119.8800,6025.0000,119.3440,33
2026-08-19 15:14:00,MRNA,119.8600,119.8800,119.8300,119.8800,600.0000,119.8580,4
2026-08-19 15:14:05,MRNA,119.8800,120.0000,119.8000,120.0000,3710.0000,119.8720,17
2026-08-19 15:14:10,MRNA,119.9900,119.9900,119.6600,119.8000,2284.0000,119.8330,14
2026-08-19 15:14:15,MRNA,119.8000,119.8400,119.6000,119.7400,1495.0000,119.7120,11
2026-08-19 15:14:20,MRNA,119.6000,119.6500,119.5000,119.5000,2526.0000,119.5440,18
2026-08-19 15:14:25,MRNA,119.5000,119.5500,119.1800,119.5500,13790.0000,119.2980,22
2026-08-19 15:14:30,MRNA,119.3200,119.5000,119.0500,119.5000,2176.0000,119.1080,14
2026-08-19 15:14:35,MRNA,119.0900,119.2400,119.0500,119.0700,1127.0000,119.1220,9
2026-08-19 15:14:40,MRNA,119.0700,119.0700,118.5400,119.0000,10579.0000,118.8320,51
2026-08-19 15:14:45,MRNA,118.8000,118.8300,118.6100,118.8300,1149.0000,118.7790,7
2026-08-19 15:14:50,MRNA,118.8000,118.9900,118.8000,118.8200,2082.0000,118.9100,9
2026-08-19 15:14:55,MRNA,118.8400,119.0500,118.2000,118.2000,12248.0000,118.6990,55
2026-08-19 15:15:00,MRNA,118.3000,118.5800,118.2000,118.5800,3627.0000,118.3400,19
2026-08-19 15:15:05,MRNA,118.5800,119.0500,118.5800,119.0500,4032.0000,118.8360,20
2026-08-19 15:15:10,MRNA,119.0500,120.0000,119.0500,119.9100,23947.0000,119.7390,109
2026-08-19 15:15:15,MRNA,119.9000,120.0000,119.5400,119.7000,3250.0000,119.9030,23
2026-08-19 15:15:20,MRNA,119.5900,120.1000,119.5800,120.0000,8219.0000,119.8750,37
2026-08-19 15:15:25,MRNA,120.1000,120.6400,119.9100,120.2600,14458.0000,120.1560,52
2026-08-19 15:15:30,MRNA,120.0600,120.0600,118.9300,118.9300,5812.0000,119.8150,41
2026-08-19 15:15:35,MRNA,119.0600,119.6000,118.1100,118.1300,11923.0000,118.4660,67
2026-08-19 15:15:40,MRNA,118.5000,118.7000,117.3100,117.3100,22524.0000,117.9460,88
2026-08-19 15:15:45,MRNA,117.4600,117.6800,117.2300,117.5700,17486.0000,117.3890,84
2026-08-19 15:15:50,MRNA,117.5500,117.6100,116.7700,116.9500,12255.0000,117.1820,75
2026-08-19 15:15:55,MRNA,116.6600,117.1300,116.6600,117.0000,13134.0000,116.9180,50
2026-08-19 15:16:00,MRNA,117.0000,117.0000,116.7200,116.7300,13361.0000,116.8920,40
2026-08-19 15:16:05,MRNA,116.9600,117.0000,116.7200,116.9600,12650.0000,116.8700,82
2026-08-19 15:16:10,MRNA,116.9600,117.0000,116.4400,116.6200,9119.0000,116.8070,50
2026-08-19 15:16:15,MRNA,116.6700,117.9700,116.6100,117.2700,22862.0000,117.0860,93
2026-08-19 15:16:20,MRNA,117.3100,117.3100,116.3900,116.4500,5176.0000,116.7600,32
2026-08-19 15:16:25,MRNA,116.9500,116.9500,116.2000,116.3300,10561.0000,116.4710,59
2026-08-19 15:16:30,MRNA,116.6600,116.6600,115.5000,115.5000,18790.0000,115.9680,101
2026-08-19 15:16:35,MRNA,115.5100,115.8200,115.1000,115.2100,18921.0000,115.3950,79
2026-08-19 15:16:40,MRNA,115.2400,115.5000,115.0000,115.2200,28142.0000,115.0880,134
2026-08-19 15:16:45,MRNA,115.0800,115.2600,113.9700,114.4900,23195.0000,114.5850,130
2026-08-19 15:16:50,MRNA,114.0700,114.7900,114.0700,114.5900,9470.0000,114.5460,67
2026-08-19 15:16:55,MRNA,114.7700,114.9100,114.3500,114.7000,15702.0000,114.6670,58
2026-08-19 15:17:00,MRNA,114.4300,115.0000,114.2100,114.4700,32117.0000,114.8030,154
2026-08-19 15:17:05,MRNA,114.7000,114.8700,114.2200,114.6400,9880.0000,114.6460,66
2026-08-19 15:17:10,MRNA,114.8700,114.8900,114.2600,114.2800,21383.0000,114.5630,114
2026-08-19 15:17:15,MRNA,114.3000,114.4300,113.8700,113.8700,21627.0000,114.1820,95
2026-08-19 15:17:20,MRNA,114.0100,114.7500,113.7000,114.7500,37670.0000,114.1210,154
2026-08-19 15:17:25,MRNA,114.6800,115.1200,114.5900,115.0000,24394.0000,114.9710,122
2026-08-19 15:17:30,MRNA,114.9400,115.6200,114.7500,115.5900,12876.0000,115.1410,72
2026-08-19 15:17:35,MRNA,115.5400,115.8800,115.4500,115.4500,15171.0000,115.6630,94
2026-08-19 15:17:40,MRNA,115.4600,115.6900,115.1000,115.2800,4975.0000,115.3770,34
2026-08-19 15:17:45,MRNA,115.0900,115.2400,114.8000,114.9400,7220.0000,115.0270,36
2026-08-19 15:17:50,MRNA,115.0000,116.0500,115.0000,115.7100,15392.0000,115.7180,96
2026-08-19 15:17:55,MRNA,115.6000,115.9400,115.5500,115.7700,9818.0000,115.7480,44
2026-08-19 15:18:00,MRNA,115.9000,115.9000,115.3100,115.4200,8489.0000,115.5170,38
2026-08-19 15:18:05,MRNA,115.8800,116.0000,115.4400,115.5400,4718.0000,115.7440,28
2026-08-19 15:18:10,MRNA,115.4500,115.6400,115.1700,115.1900,3394.0000,115.3520,19
2026-08-19 15:18:15,MRNA,115.2300,115.2900,114.2000,114.3200,8105.0000,114.7920,46
2026-08-19 15:18:20,MRNA,114.3600,114.5400,114.2000,114.3600,6453.0000,114.3260,33
2026-08-19 15:18:25,MRNA,114.2700,114.3000,113.9800,114.0300,21794.0000,114.0580,105
2026-08-19 15:18:30,MRNA,114.0700,114.4200,113.8000,114.0700,8542.0000,114.1130,51
2026-08-19 15:18:35,MRNA,114.2300,114.3200,113.8900,113.8900,6442.0000,114.1340,38
2026-08-19 15:18:40,MRNA,114.0500,114.4000,114.0400,114.2800,4691.0000,114.2340,21
2026-08-19 15:18:45,MRNA,114.2400,114.4100,114.0000,114.4100,2300.0000,114.2320,16
2026-08-19 15:18:50,MRNA,114.2700,114.5300,114.2300,114.3200,9331.0000,114.3720,48
2026-08-19 15:18:55,MRNA,114.3600,114.3600,114.0000,114.1100,4585.0000,114.0990,23
2026-08-19 15:19:00,MRNA,114.1800,114.5000,114.0000,114.2200,7137.0000,114.2400,36
2026-08-19 15:19:05,MRNA,114.0100,114.0600,113.7500,113.7600,7708.0000,113.8950,37
2026-08-19 15:19:10,MRNA,113.9400,114.0000,113.3500,113.3500,14224.0000,113.7330,68
2026-08-19 15:19:15,MRNA,113.3300,113.9100,113.2400,113.7100,10086.0000,113.6710,50
2026-08-19 15:19:20,MRNA,113.7200,113.7500,113.4100,113.5000,2762.0000,113.6340,13
2026-08-19 15:19:25,MRNA,113.3700,113.6400,113.3500,113.4800,2190.0000,113.4460,13
2026-08-19 15:19:30,MRNA,113.4000,114.5300,113.4000,114.3400,23964.0000,114.0960,104
2026-08-19 15:19:35,MRNA,114.3700,114.4900,113.9900,114.3000,4189.0000,114.2900,29
2026-08-19 15:19:40,MRNA,114.2700,114.5000,114.2700,114.5000,4181.0000,114.3800,25
2026-08-19 15:19:45,MRNA,114.5000,115.4900,114.5000,114.5800,10957.0000,114.9690,64
2026-08-19 15:19:50,MRNA,115.0700,115.0700,114.6400,114.9400,3793.0000,114.8020,20
2026-08-19 15:19:55,MRNA,114.8400,115.0800,114.6500,114.8000,13734.0000,114.9500,93
2026-08-19 15:20:00,MRNA,114.8300,114.9000,114.2700,114.3300,8545.0000,114.5620,25
2026-08-19 15:20:05,MRNA,114.2600,114.2600,113.3900,113.9300,5777.0000,113.8140,34
2026-08-19 15:20:10,MRNA,113.4300,113.8900,113.3500,113.8900,2211.0000,113.5860,17
2026-08-19 15:20:15,MRNA,113.5000,113.5800,112.8700,112.9600,30190.0000,113.2010,91
2026-08-19 15:20:20,MRNA,112.9600,113.3800,112.9600,113.1000,12602.0000,113.2110,70
2026-08-19 15:20:25,MRNA,113.3000,113.8300,113.0800,113.7600,6748.0000,113.3550,34
2026-08-19 15:20:30,MRNA,113.7000,113.8100,113.4000,113.7800,1820.0000,113.6600,14
2026-08-19 15:20:35,MRNA,113.8100,114.8200,113.8100,113.9600,17317.0000,114.1930,83
2026-08-19 15:20:40,MRNA,114.1100,114.8400,114.0700,114.2900,5738.0000,114.3050,43
2026-08-19 15:20:45,MRNA,114.0800,114.5500,113.8900,113.8900,3015.0000,114.2660,19
2026-08-19 15:20:50,MRNA,114.1700,114.3400,114.0700,114.1400,5018.0000,114.2290,25
2026-08-19 15:20:55,MRNA,114.1600,114.2900,113.8200,114.2800,4255.0000,114.1070,20
2026-08-19 15:21:00,MRNA,114.2800,114.5300,113.8200,113.8200,3240.0000,114.1890,24
2026-08-19 15:21:05,MRNA,113.9700,114.4300,113.9700,114.0000,3400.0000,114.1350,24
2026-08-19 15:21:10,MRNA,113.8500,114.2000,113.8200,114.0000,3888.0000,113.9550,23
2026-08-19 15:21:15,MRNA,114.0400,114.2200,113.8200,114.0600,6031.0000,114.0620,35
2026-08-19 15:21:20,MRNA,114.2700,114.2700,114.1100,114.2200,1552.0000,114.2430,12
2026-08-19 15:21:25,MRNA,114.2700,114.5900,114.0000,114.0800,9005.0000,114.3020,61
2026-08-19 15:21:30,MRNA,114.0800,114.5000,114.0800,114.4600,887.0000,114.2410,8
2026-08-19 15:21:35,MRNA,114.4500,114.8400,114.4500,114.7900,5293.0000,114.6100,35
2026-08-19 15:21:40,MRNA,114.9900,115.0000,114.8000,114.9600,7637.0000,114.9090,40
2026-08-19 15:21:45,MRNA,114.8700,115.1900,114.8200,115.1000,36084.0000,114.9720,140
2026-08-19 15:21:50,MRNA,115.0700,115.2500,115.0200,115.2500,9438.0000,115.1400,68
2026-08-19 15:21:55,MRNA,115.2500,115.5000,115.2500,115.5000,10456.0000,115.3550,53
2026-08-19 15:22:00,MRNA,115.5000,116.0000,115.5000,115.8400,15855.0000,115.8640,88
2026-08-19 15:22:05,MRNA,115.9000,115.9000,115.5000,115.7700,17531.0000,115.6670,104
2026-08-19 15:22:10,MRNA,115.7800,115.9800,115.7400,115.9300,9602.0000,115.8510,49
2026-08-19 15:22:15,MRNA,115.9700,116.0300,115.9000,116.0000,19537.0000,115.9880,119
2026-08-19 15:22:20,MRNA,116.0000,116.8800,115.9900,116.8800,18346.0000,116.0620,90
2026-08-19 15:22:25,MRNA,116.8000,117.7300,116.7200,117.5400,15631.0000,117.2870,79
2026-08-19 15:22:30,MRNA,117.5000,117.6400,117.1000,117.5000,13455.0000,117.4230,86
2026-08-19 15:22:35,MRNA,117.4900,117.5000,117.0300,117.3500,19404.0000,117.1770,63
2026-08-19 15:22:40,MRNA,117.3700,118.3700,117.3000,118.0800,19906.0000,117.6950,86
2026-08-19 15:22:45,MRNA,118.3400,118.7900,118.3100,118.7900,10171.0000,118.4600,59
2026-08-19 15:22:50,MRNA,118.6100,119.5000,118.6100,119.2400,9749.0000,119.1610,63
2026-08-19 15:22:55,MRNA,119.1900,119.4700,119.0000,119.2000,27048.0000,119.2430,97
2026-08-19 15:23:00,MRNA,119.2100,119.2100,118.5000,118.7500,27314.0000,118.8970,111
2026-08-19 15:23:05,MRNA,118.5200,118.8500,118.0300,118.8500,21556.0000,118.4250,82
2026-08-19 15:23:10,MRNA,118.8500,118.9100,117.0100,117.7000,19774.0000,118.1090,100
2026-08-19 15:23:15,MRNA,117.8400,118.0800,117.3700,117.5700,9811.0000,117.8090,44
2026-08-19 15:23:20,MRNA,117.9800,118.0800,117.7900,118.0700,10208.0000,117.8950,47
2026-08-19 15:23:25,MRNA,117.8900,118.3100,117.7900,118.1600,16471.0000,118.0410,68
2026-08-19 15:23:30,MRNA,118.2500,118.3500,117.5500,118.3500,7439.0000,118.0770,43
2026-08-19 15:23:35,MRNA,118.3100,118.4800,118.1300,118.4800,7724.0000,118.3180,28
2026-08-19 15:23:40,MRNA,118.3300,118.5800,118.3300,118.4000,12111.0000,118.4170,27
2026-08-19 15:23:45,MRNA,118.4000,118.4100,118.0000,118.0100,12688.0000,118.0700,50
2026-08-19 15:23:50,MRNA,118.0100,118.1200,117.5800,118.0000,11483.0000,117.9210,57
2026-08-19 15:23:55,MRNA,118.1100,118.3900,118.0500,118.2000,8077.0000,118.3450,16
2026-08-19 15:24:00,MRNA,118.1900,118.2500,117.7900,118.0000,17257.0000,118.0390,71
2026-08-19 15:24:05,MRNA,118.1000,118.1000,117.5000,118.0300,18797.0000,117.7250,108
2026-08-19 15:24:10,MRNA,117.8400,118.0000,117.0000,117.0000,36609.0000,117.4220,126
2026-08-19 15:24:15,MRNA,117.0400,117.6500,117.0000,117.0600,13519.0000,117.2340,57
2026-08-19 15:24:20,MRNA,117.0700,117.4100,117.0000,117.2200,4050.0000,117.1180,27
2026-08-19 15:24:25,MRNA,117.0000,117.2000,117.0000,117.0000,4254.0000,117.0310,26
2026-08-19 15:24:30,MRNA,117.0100,117.0100,116.5700,116.7800,10099.0000,116.8910,68
2026-08-19 15:24:35,MRNA,116.7800,117.0200,116.5300,117.0100,28644.0000,116.8540,127
2026-08-19 15:24:40,MRNA,117.0200,117.6400,116.8200,117.3400,10864.0000,117.2730,38
2026-08-19 15:24:45,MRNA,117.3400,117.7300,117.3400,117.7300,3683.0000,117.5690,18
2026-08-19 15:24:50,MRNA,117.4200,117.5600,117.0000,117.4000,4449.0000,117.2960,14
2026-08-19 15:24:55,MRNA,117.1200,117.3300,117.0000,117.0200,2672.0000,117.1720,15
2026-08-19 15:25:00,MRNA,117.2500,117.2500,116.7500,116.9900,1636.0000,117.0470,11
2026-08-19 15:25:05,MRNA,116.7600,117.1100,116.6200,117.1100,3571.0000,116.7370,13
2026-08-19 15:25:10,MRNA,117.1100,117.3000,116.9100,117.2000,28065.0000,117.0440,44
2026-08-19 15:25:15,MRNA,117.2900,117.4400,117.1600,117.1700,2015.0000,117.3160,13
2026-08-19 15:25:20,MRNA,117.1100,117.4100,116.8000,117.1600,7461.0000,116.9980,50
2026-08-19 15:25:25,MRNA,117.0000,117.2000,116.7800,117.0000,1340.0000,116.9910,7
2026-08-19 15:25:30,MRNA,117.0300,117.1700,116.8300,117.1700,18477.0000,117.0900,15
2026-08-19 15:25:35,MRNA,117.2500,117.2700,117.0700,117.1400,1955.0000,117.1330,10
2026-08-19 15:25:40,MRNA,117.0900,117.0900,117.0000,117.0000,545.0000,117.0160,3
2026-08-19 15:25:45,MRNA,116.9900,117.2500,116.8300,117.1600,9880.0000,117.0290,34
2026-08-19 15:25:50,MRNA,116.8900,117.1400,116.8900,117.1300,1527.0000,116.9770,12
2026-08-19 15:25:55,MRNA,117.0200,117.1700,117.0100,117.0900,1783.0000,117.0830,12
2026-08-19 15:26:00,MRNA,117.0900,117.1700,117.0900,117.1700,564.0000,117.1270,5
2026-08-19 15:26:05,MRNA,117.2000,117.5200,117.2000,117.5000,7248.0000,117.4150,27
2026-08-19 15:26:10,MRNA,117.5000,117.5000,116.7900,116.7900,14257.0000,117.2090,63
2026-08-19 15:26:15,MRNA,116.8500,117.0100,116.8000,117.0100,1350.0000,116.9380,8
2026-08-19 15:26:20,MRNA,116.9900,117.0800,116.7800,116.8400,4015.0000,116.9680,20
2026-08-19 15:26:25,MRNA,116.9800,117.2500,116.9100,117.1700,6440.0000,117.0770,29
2026-08-19 15:26:30,MRNA,117.0900,117.0900,116.8200,116.9200,1667.0000,116.9840,11
2026-08-19 15:26:35,MRNA,116.9900,117.1700,116.9800,117.1200,2057.0000,117.0770,10
2026-08-19 15:26:40,MRNA,117.0400,117.2000,117.0400,117.1700,2173.0000,117.1200,13
2026-08-19 15:26:45,MRNA,117.0900,117.1000,116.9000,116.9400,2977.0000,116.9860,21
2026-08-19 15:26:50,MRNA,116.8300,117.2900,116.8200,117.0200,14579.0000,117.0640,50
2026-08-19 15:26:55,MRNA,117.0100,117.0900,116.9300,116.9400,3049.0000,117.0020,17
2026-08-19 15:27:00,MRNA,117.1000,117.1000,117.0000,117.0000,700.0000,117.0290,6
2026-08-19 15:27:05,MRNA,116.9200,117.1000,116.9200,117.0000,3006.0000,117.0000,17
2026-08-19 15:27:10,MRNA,116.9500,117.0900,116.9500,116.9900,3127.0000,117.0050,9
2026-08-19 15:27:15,MRNA,117.0000,117.3500,117.0000,117.2700,3885.0000,117.1140,20
2026-08-19 15:27:20,MRNA,117.1900,117.2700,117.1300,117.1300,669.0000,117.1950,5
2026-08-19 15:27:25,MRNA,117.3800,117.5000,117.1500,117.2500,4391.0000,117.3960,27
2026-08-19 15:27:30,MRNA,117.1900,117.4900,117.1900,117.3800,1926.0000,117.3960,12
2026-08-19 15:27:35,MRNA,117.2500,117.2500,116.9000,116.9000,5010.0000,117.0260,32
2026-08-19 15:27:40,MRNA,117.0200,117.1100,116.9200,117.0000,3429.0000,117.0040,18
2026-08-19 15:27:45,MRNA,117.1000,117.1000,117.0000,117.1000,790.0000,117.0840,4
2026-08-19 15:27:50,MRNA,117.0700,117.0900,117.0000,117.0900,1533.0000,117.0370,5
2026-08-19 15:27:55,MRNA,116.9900,117.1000,116.8800,117.0000,4157.0000,116.9910,25
2026-08-19 15:28:00,MRNA,117.0000,117.0900,116.9500,116.9700,5169.0000,117.0050,28
2026-08-19 15:28:05,MRNA,117.0000,117.0000,116.8500,116.9700,308.0000,116.9410,3
2026-08-19 15:28:10,MRNA,117.0800,117.1600,116.8800,117.1600,757.0000,117.0900,7
2026-08-19 15:28:15,MRNA,117.1400,117.1700,117.0900,117.1600,1249.0000,117.1240,9
2026-08-19 15:28:20,MRNA,117.1100,117.5000,117.1000,117.4100,6852.0000,117.3630,39
2026-08-19 15:28:25,MRNA,117.4100,117.6400,117.4000,117.6400,4120.0000,117.5240,16
2026-08-19 15:28:30,MRNA,117.6200,118.0400,117.6200,118.0400,15933.0000,117.9520,65
2026-08-19 15:28:35,MRNA,118.1000,118.2200,118.0900,118.1500,3783.0000,118.1250,20
2026-08-19 15:28:40,MRNA,118.1300,118.8000,118.1300,118.8000,17039.0000,118.4300,75
2026-08-19 15:28:45,MRNA,118.7700,118.9000,118.7300,118.7300,2796.0000,118.8340,21
2026-08-19 15:28:50,MRNA,118.7200,118.8600,118.4900,118.8600,8255.0000,118.7070,46
2026-08-19 15:28:55,MRNA,118.8600,118.8600,118.4900,118.6200,10556.0000,118.6490,45
2026-08-19 15:29:00,MRNA,118.7400,118.9000,118.4500,118.6200,19352.0000,118.6320,116
2026-08-19 15:29:05,MRNA,118.4500,118.5000,118.0000,118.0300,16230.0000,118.1220,90
2026-08-19 15:29:10,MRNA,118.0100,118.0500,118.0000,118.0000,2600.0000,118.0090,13
2026-08-19 15:29:15,MRNA,118.0200,118.0300,118.0000,118.0100,7294.0000,118.0050,53
2026-08-19 15:29:20,MRNA,118.0000,118.0000,117.1000,117.1500,5865.0000,117.2580,26
2026-08-19 15:29:25,MRNA,117.2600,117.4900,116.9000,116.9800,19384.0000,117.0900,74
2026-08-19 15:29:30,MRNA,116.9200,117.0900,116.9000,117.0300,5206.0000,116.9740,20
2026-08-19 15:29:35,MRNA,117.0500,117.1200,116.8200,117.0000,7826.0000,116.9710,39
2026-08-19 15:29:40,MRNA,117.0000,117.0700,116.9100,117.0300,2427.0000,117.0030,18
2026-08-19 15:29:45,MRNA,116.9200,117.2600,116.9000,117.2400,6470.0000,117.0730,29
2026-08-19 15:29:50,MRNA,117.1400,117.2700,117.1200,117.2700,1016.0000,117.1500,5
2026-08-19 15:29:55,MRNA,117.1800,117.3100,117.1400,117.1400,2324.0000,117.2550,14
2026-08-19 15:30:00,MRNA,117.1400,117.3100,117.1200,117.2000,5766.0000,117.1960,37
2026-08-19 15:30:05,MRNA,117.1200,117.1200,116.0000,116.9700,32412.0000,116.5790,129
2026-08-19 15:30:10,MRNA,116.5200,117.0900,116.3300,116.3400,7987.0000,116.9500,35
2026-08-19 15:30:15,MRNA,116.9200,117.0500,116.4800,117.0400,8344.0000,116.8880,45
2026-08-19 15:30:20,MRNA,116.7000,117.0500,116.7000,117.0500,3712.0000,116.8990,14
2026-08-19 15:30:25,MRNA,117.0100,117.1100,116.7000,116.7000,24172.0000,116.8450,95
2026-08-19 15:30:30,MRNA,116.7300,117.0000,116.7300,116.9900,5321.0000,116.8060,12
2026-08-19 15:30:35,MRNA,117.0000,117.1500,116.9800,117.0000,6776.0000,117.0900,23
2026-08-19 15:30:40,MRNA,116.9300,117.0600,116.9300,117.0600,870.0000,116.9850,7
2026-08-19 15:30:45,MRNA,116.8400,117.1700,116.8400,117.0800,1250.0000,117.0360,10
2026-08-19 15:30:50,MRNA,117.1000,117.2400,117.1000,117.2400,3116.0000,117.2000,19
2026-08-19 15:30:55,MRNA,117.2400,117.8800,117.2300,117.8800,20150.0000,117.4670,99
2026-08-19 15:31:00,MRNA,117.8700,117.9000,117.3700,117.5200,8468.0000,117.5600,33
2026-08-19 15:31:05,MRNA,117.4000,117.5300,116.7600,116.7800,8345.0000,116.9700,44
2026-08-19 15:31:10,MRNA,116.7800,117.0000,116.7600,116.8500,1698.0000,116.8440,14
2026-08-19 15:31:15,MRNA,117.0200,117.0200,116.7900,116.8500,1782.0000,116.8910,13
2026-08-19 15:31:20,MRNA,116.8500,118.2000,116.8500,118.2000,30537.0000,117.7360,116
2026-08-19 15:31:25,MRNA,118.1300,118.1400,117.5800,117.6600,7043.0000,117.6800,15
2026-08-19 15:31:30,MRNA,118.2000,118.2200,117.7900,118.2000,5968.0000,118.1680,37
2026-08-19 15:31:35,MRNA,118.3000,118.5000,118.2700,118.4500,4798.0000,118.3500,32
2026-08-19 15:31:40,MRNA,118.5000,118.5000,118.3000,118.5000,4944.0000,118.4110,24
2026-08-19 15:31:45,MRNA,118.5300,118.5400,118.0100,118.4000,9616.0000,118.2710,57
2026-08-19 15:31:50,MRNA,118.4100,118.4500,118.1800,118.4000,1000.0000,118.3730,10
2026-08-19 15:31:55,MRNA,118.4000,118.4000,118.2800,118.3300,5885.0000,118.3220,38
2026-08-19 15:32:00,MRNA,118.3700,118.4400,118.2800,118.2800,5268.0000,118.3490,30
2026-08-19 15:32:05,MRNA,118.2200,118.3200,118.2000,118.2100,4001.0000,118.2400,16
2026-08-19 15:32:10,MRNA,118.2400,118.3200,118.2400,118.3000,3343.0000,118.3130,24
2026-08-19 15:32:15,MRNA,118.3000,118.3100,118.3000,118.3000,1370.0000,118.3000,4
2026-08-19 15:32:20,MRNA,118.2900,118.3100,118.0000,118.0200,3655.0000,118.1660,20
2026-08-19 15:32:25,MRNA,118.1600,118.1600,118.0200,118.0200,810.0000,118.0510,5
2026-08-19 15:32:30,MRNA,118.0100,118.4500,118.0000,118.4500,13668.0000,118.2020,39
2026-08-19 15:32:35,MRNA,118.5000,119.0000,118.3000,118.9400,28290.0000,118.9040,138
2026-08-19 15:32:40,MRNA,119.0000,119.0000,118.9700,119.0000,4861.0000,118.9920,39
2026-08-19 15:32:45,MRNA,119.0000,119.0000,118.7000,118.9700,10645.0000,118.9440,63
2026-08-19 15:32:50,MRNA,118.8500,118.9700,118.6900,118.8800,4882.0000,118.9220,13
2026-08-19 15:32:55,MRNA,118.8800,119.0000,118.7500,118.8800,6501.0000,118.9550,33
2026-08-19 15:33:00,MRNA,119.0000,119.0000,118.5000,118.6400,8619.0000,118.7750,35
2026-08-19 15:33:05,MRNA,118.6100,118.6400,118.4900,118.4900,3193.0000,118.5510,16
2026-08-19 15:33:10,MRNA,118.4900,118.8600,118.4900,118.7200,3841.0000,118.6460,23
2026-08-19 15:33:15,MRNA,118.8300,118.8300,118.3000,118.3000,5972.0000,118.5790,18
2026-08-19 15:33:20,MRNA,118.5700,118.7700,118.3000,118.5500,3872.0000,118.4810,24
2026-08-19 15:33:25,MRNA,118.5900,118.7900,118.5800,118.7400,2151.0000,118.7290,5
2026-08-19 15:33:30,MRNA,118.8000,118.8000,118.6000,118.6800,501.0000,118.7310,4
2026-08-19 15:33:35,MRNA,118.7400,118.7400,118.5000,118.6400,3334.0000,118.5950,15
2026-08-19 15:33:40,MRNA,118.7400,118.7500,118.5500,118.6900,1176.0000,118.6210,5
2026-08-19 15:33:45,MRNA,118.5500,118.7700,118.5000,118.5400,5214.0000,118.6070,20
2026-08-19 15:33:50,MRNA,118.5800,118.6000,118.3900,118.3900,3125.0000,118.4470,17
2026-08-19 15:33:55,MRNA,118.3800,118.4100,118.3200,118.3600,722.0000,118.3710,6
2026-08-19 15:34:00,MRNA,118.5800,118.8000,118.5800,118.7100,3313.0000,118.6710,17
2026-08-19 15:34:05,MRNA,118.7100,118.7200,118.6300,118.6600,2150.0000,118.6490,12
2026-08-19 15:34:10,MRNA,118.6400,118.8000,118.5300,118.7500,3153.0000,118.6920,21
2026-08-19 15:34:15,MRNA,118.7500,118.9500,118.6900,118.9500,3284.0000,118.8120,21
2026-08-19 15:34:20,MRNA,118.9800,119.0400,118.8600,118.9900,8768.0000,118.9740,58
2026-08-19 15:34:25,MRNA,119.0000,119.0000,118.9800,118.9900,1472.0000,118.9940,10
2026-08-19 15:34:30,MRNA,119.0000,119.0000,118.9900,119.0000,3760.0000,118.9980,23
2026-08-19 15:34:35,MRNA,119.0000,119.9900,118.9900,119.9300,23543.0000,119.5050,89
2026-08-19 15:34:40,MRNA,119.9400,120.0000,119.6400,119.9600,81831.0000,119.9830,226
2026-08-19 15:34:45,MRNA,120.0000,120.0000,119.9000,119.9800,4991.0000,119.9750,35
2026-08-19 15:34:50,MRNA,120.0000,121.3000,120.0000,121.2200,33604.0000,120.6650,154
2026-08-19 15:34:55,MRNA,121.0100,121.3400,120.9400,120.9400,8646.0000,121.1520,30
2026-08-19 15:35:00,MRNA,121.2200,121.4800,120.8700,121.3400,18966.0000,121.2180,89
2026-08-19 15:35:05,MRNA,121.4700,121.4900,120.9800,121.0000,7561.0000,121.1970,50
2026-08-19 15:35:10,MRNA,120.9800,121.1200,120.1200,120.9700,8273.0000,120.9020,37
2026-08-19 15:35:15,MRNA,120.7500,120.9100,120.1000,120.1000,1998.0000,120.4770,13
2026-08-19 15:35:20,MRNA,120.4800,120.4900,120.0000,120.1100,11413.0000,120.0700,59
2026-08-19 15:35:25,MRNA,120.1100,120.5000,120.0000,120.5000,2300.0000,120.3280,17
2026-08-19 15:35:30,MRNA,120.2300,120.3000,120.0000,120.1000,6006.0000,120.1180,33
2026-08-19 15:35:35,MRNA,120.0300,120.4200,120.0000,120.4200,14872.0000,120.0710,57
2026-08-19 15:35:40,MRNA,120.2500,120.4400,120.1600,120.3800,5400.0000,120.2440,36
2026-08-19 15:35:45,MRNA,120.3800,120.5900,120.3700,120.5900,7164.0000,120.4350,38
2026-08-19 15:35:50,MRNA,120.6300,120.7000,120.0000,120.0400,26968.0000,120.1790,110
2026-08-19 15:35:55,MRNA,120.0000,120.0400,120.0000,120.0000,3194.0000,120.0170,24
2026-08-19 15:36:00,MRNA,120.0000,120.0400,120.0000,120.0000,3245.0000,120.0090,27
2026-08-19 15:36:05,MRNA,120.0000,120.0400,120.0000,120.0000,11377.0000,120.0120,59
2026-08-19 15:36:10,MRNA,120.0000,120.0200,118.3900,118.5100,13985.0000,119.2050,75
2026-08-19 15:36:15,MRNA,118.9600,118.9800,118.5200,118.5200,7440.0000,118.6560,22
2026-08-19 15:36:20,MRNA,118.5200,119.2900,118.5100,119.2700,10138.0000,118.9660,42
2026-08-19 15:36:25,MRNA,119.1800,119.3800,119.0500,119.0900,1630.0000,119.2130,11
2026-08-19 15:36:30,MRNA,119.0900,119.4900,119.0000,119.0500,5196.0000,119.0490,20
2026-08-19 15:36:35,MRNA,119.2800,120.0000,119.2600,119.7200,12849.0000,119.7380,64
2026-08-19 15:36:40,MRNA,119.4700,120.7000,119.4700,120.7000,9450.0000,120.1260,45
2026-08-19 15:36:45,MRNA,120.5300,121.0000,120.5300,121.0000,7193.0000,120.9470,18
2026-08-19 15:36:50,MRNA,121.0000,121.3000,120.8500,121.0100,11109.0000,121.0110,43
2026-08-19 15:36:55,MRNA,121.3200,121.7000,121.0100,121.6900,14589.0000,121.3710,50
2026-08-19 15:37:00,MRNA,121.7000,122.4000,121.6900,122.3200,13705.0000,122.0600,56
2026-08-19 15:37:05,MRNA,122.3100,122.3900,121.6600,122.1400,15925.0000,122.1300,69
2026-08-19 15:37:10,MRNA,122.2000,122.2000,121.8000,121.9000,2451.0000,122.1210,16
2026-08-19 15:37:15,MRNA,121.7400,122.5800,121.7400,122.2900,15649.0000,122.1220,74
2026-08-19 15:37:20,MRNA,122.4900,122.4900,121.9200,122.4800,15620.0000,122.1860,67
2026-08-19 15:37:25,MRNA,122.2700,122.3700,122.2000,122.2200,3901.0000,122.2800,19
2026-08-19 15:37:30,MRNA,122.3300,122.3600,122.0700,122.1400,11923.0000,122.2210,41
2026-08-19 15:37:35,MRNA,122.2300,122.3000,122.0900,122.3000,5494.0000,122.2270,18
2026-08-19 15:37:40,MRNA,122.3000,122.3100,122.1900,122.3000,3722.0000,122.2630,19
2026-08-19 15:37:45,MRNA,122.3000,122.5000,122.2400,122.4900,5424.0000,122.3590,19
2026-08-19 15:37:50,MRNA,122.5600,122.9700,122.4900,122.8900,10719.0000,122.8110,48
2026-08-19 15:37:55,MRNA,122.9600,122.9600,122.6500,122.7300,5249.0000,122.8230,20
2026-08-19 15:38:00,MRNA,122.7900,122.8000,122.1700,122.1700,10735.0000,122.5120,45
2026-08-19 15:38:05,MRNA,122.0500,122.1700,121.5000,121.5000,4959.0000,121.8240,29
2026-08-19 15:38:10,MRNA,121.2500,121.4300,121.1000,121.2000,4711.0000,121.2560,24
2026-08-19 15:38:15,MRNA,121.2000,121.3600,120.6900,120.6900,8430.0000,121.0240,25
2026-08-19 15:38:20,MRNA,120.6000,121.0900,120.6000,120.8600,3273.0000,120.9270,14
2026-08-19 15:38:25,MRNA,120.8600,120.9300,120.7300,120.8400,3480.0000,120.7840,20
2026-08-19 15:38:30,MRNA,120.7400,120.8200,120.7200,120.7200,1293.0000,120.7550,7
2026-08-19 15:38:35,MRNA,120.7400,121.2000,120.7300,121.1200,7247.0000,120.8750,26
2026-08-19 15:38:40,MRNA,121.0900,121.3300,120.9500,120.9500,2415.0000,121.1200,12
2026-08-19 15:38:45,MRNA,121.0700,121.0700,120.7200,120.7200,4357.0000,120.9880,14
2026-08-19 15:38:50,MRNA,120.7000,120.8600,120.2100,120.5700,6545.0000,120.5780,19
2026-08-19 15:38:55,MRNA,120.5700,120.5900,120.4800,120.5900,1486.0000,120.5300,10
2026-08-19 15:39:00,MRNA,120.7200,120.7200,120.5700,120.6700,2941.0000,120.6800,9
2026-08-19 15:39:05,MRNA,120.6700,120.7000,120.5000,120.5200,6355.0000,120.5900,16
2026-08-19 15:39:10,MRNA,120.5600,120.5600,120.2100,120.2900,1650.0000,120.3590,9
2026-08-19 15:39:15,MRNA,120.4700,121.0000,120.4700,120.9900,5224.0000,120.7500,18
2026-08-19 15:39:20,MRNA,120.9100,120.9900,120.6900,120.8100,1021.0000,120.8660,5
2026-08-19 15:39:25,MRNA,120.8500,120.9900,120.5800,120.7300,1609.0000,120.7880,10
2026-08-19 15:39:30,MRNA,120.5100,120.5100,120.1600,120.1600,3042.0000,120.2940,10
2026-08-19 15:39:35,MRNA,120.1600,120.4300,120.0000,120.1900,21746.0000,120.0600,66
2026-08-19 15:39:40,MRNA,120.1500,120.4300,120.0000,120.4300,2348.0000,120.2520,10
2026-08-19 15:39:45,MRNA,120.4100,120.8600,120.2500,120.8100,2635.0000,120.5270,13
2026-08-19 15:39:50,MRNA,120.9900,120.9900,120.7700,120.7700,1534.0000,120.9300,8
2026-08-19 15:39:55,MRNA,120.9400,121.0000,120.6000,120.8800,4777.0000,120.8790,28
2026-08-19 15:40:00,MRNA,120.5300,120.9800,120.4400,120.9300,2793.0000,120.8130,12
2026-08-19 15:40:05,MRNA,120.8300,120.8300,120.8300,120.8300,132.0000,120.8300,1
2026-08-19 15:40:10,MRNA,120.8400,121.0600,120.7400,121.0600,3176.0000,120.9620,13
2026-08-19 15:40:15,MRNA,121.0000,121.5000,121.0000,121.3600,4295.0000,121.4140,19
2026-08-19 15:40:20,MRNA,121.3600,121.5700,121.3600,121.5400,4291.0000,121.4980,22
2026-08-19 15:40:25,MRNA,121.5500,121.7600,121.0000,121.7600,8957.0000,121.3280,42
2026-08-19 15:40:30,MRNA,121.1400,121.3100,120.7300,121.3100,1585.0000,121.0610,10
2026-08-19 15:40:35,MRNA,120.6200,120.6200,120.1100,120.5500,1347.0000,120.4870,8
2026-08-19 15:40:40,MRNA,120.1800,120.5000,120.1100,120.2300,2605.0000,120.2410,16
2026-08-19 15:40:45,MRNA,120.2100,120.5000,120.1100,120.1100,2383.0000,120.2690,9
2026-08-19 15:40:50,MRNA,120.2000,120.4500,120.1400,120.4500,1585.0000,120.2390,12
2026-08-19 15:40:55,MRNA,120.4500,120.4600,120.3400,120.3400,1552.0000,120.3730,8
2026-08-19 15:41:00,MRNA,120.4000,120.8300,120.4000,120.6000,4597.0000,120.6030,11
2026-08-19 15:41:05,MRNA,120.7800,120.8400,120.5600,120.8300,3409.0000,120.7620,23
2026-08-19 15:41:10,MRNA,120.8300,120.9600,120.6800,120.8700,2633.0000,120.8380,15
2026-08-19 15:41:15,MRNA,120.8900,120.8900,120.6800,120.8500,1788.0000,120.7820,11
2026-08-19 15:41:20,MRNA,120.8600,120.8600,120.6100,120.8300,3909.0000,120.7720,19
2026-08-19 15:41:25,MRNA,120.8400,121.3200,120.8400,121.2800,9831.0000,121.1150,37
2026-08-19 15:41:30,MRNA,120.8800,121.6900,120.8800,121.6500,4780.0000,121.0840,11
2026-08-19 15:41:35,MRNA,121.7000,122.3000,121.6800,122.2900,12066.0000,121.9660,53
2026-08-19 15:41:40,MRNA,122.2900,122.2900,122.2500,122.2800,3232.0000,122.2810,18
2026-08-19 15:41:45,MRNA,122.2800,122.2900,121.7800,121.7800,5087.0000,122.0830,30
2026-08-19 15:41:50,MRNA,121.7600,121.9900,121.4800,121.8200,2679.0000,121.8220,17
2026-08-19 15:41:55,MRNA,121.7600,122.1400,121.7500,122.1400,8722.0000,121.9180,47
2026-08-19 15:42:00,MRNA,122.0700,122.2900,122.0200,122.2300,2938.0000,122.1450,14
2026-08-19 15:42:05,MRNA,122.2600,122.2900,121.7800,122.0000,6044.0000,122.0570,34
2026-08-19 15:42:10,MRNA,122.0000,122.2000,121.8200,122.0000,4239.0000,121.9870,28
2026-08-19 15:42:15,MRNA,122.1000,122.1000,121.8100,121.8100,12630.0000,121.9950,28
2026-08-19 15:42:20,MRNA,121.7800,121.8100,121.2300,121.2300,4147.0000,121.6130,15
2026-08-19 15:42:25,MRNA,121.3200,121.9300,121.2500,121.6900,3468.0000,121.4430,24
2026-08-19 15:42:30,MRNA,121.8000,122.0500,121.7500,122.0000,5216.0000,121.9650,27
2026-08-19 15:42:35,MRNA,121.8100,121.9900,121.5400,121.9900,400.0000,121.8330,3
2026-08-19 15:42:40,MRNA,121.6300,121.6300,121.5200,121.6200,819.0000,121.5580,6
2026-08-19 15:42:45,MRNA,121.4000,121.4400,121.3200,121.3500,3258.0000,121.3960,15
2026-08-19 15:42:50,MRNA,121.3000,121.3600,121.0800,121.3600,2763.0000,121.2120,20
2026-08-19 15:42:55,MRNA,121.3300,121.3300,121.1500,121.1600,2160.0000,121.2720,15
2026-08-19 15:43:00,MRNA,121.2400,121.5000,121.2300,121.4500,2061.0000,121.3290,15
2026-08-19 15:43:05,MRNA,121.4000,122.0000,121.3000,122.0000,11886.0000,121.6750,61
2026-08-19 15:43:10,MRNA,121.9700,122.0000,121.6200,121.9400,5733.0000,121.9450,33
2026-08-19 15:43:15,MRNA,121.8700,122.0000,121.8200,121.9700,7820.0000,121.9780,40
2026-08-19 15:43:20,MRNA,121.9400,121.9500,121.7700,121.8500,1720.0000,121.8500,11
2026-08-19 15:43:25,MRNA,121.7800,121.9000,121.7800,121.8000,474.0000,121.8210,3
2026-08-19 15:43:30,MRNA,121.8200,122.0000,121.8000,121.9700,6004.0000,121.9450,23
2026-08-19 15:43:35,MRNA,122.0000,122.0000,121.7700,121.9300,3319.0000,121.9260,17
2026-08-19 15:43:40,MRNA,121.9500,122.0000,121.9500,122.0000,1211.0000,121.9880,7
2026-08-19 15:43:45,MRNA,122.0100,122.0100,121.6800,121.9300,3200.0000,121.8600,19
2026-08-19 15:43:50,MRNA,121.9500,121.9800,121.9200,121.9600,651.0000,121.9550,6
2026-08-19 15:43:55,MRNA,121.9100,122.1600,121.8800,122.1400,4038.0000,122.0450,24
2026-08-19 15:44:00,MRNA,122.1500,122.4000,122.0700,122.4000,5791.0000,122.2010,20
2026-08-19 15:44:05,MRNA,122.2600,122.4000,122.2500,122.4000,4534.0000,122.3580,18
2026-08-19 15:44:10,MRNA,122.3500,122.5000,122.3400,122.4300,5134.0000,122.4460,24
2026-08-19 15:44:15,MRNA,122.7000,122.7000,122.3900,122.5700,3156.0000,122.4900,22
2026-08-19 15:44:20,MRNA,122.4200,122.6500,122.4200,122.5400,7211.0000,122.5630,45
2026-08-19 15:44:25,MRNA,122.5300,122.7000,122.5200,122.7000,7040.0000,122.6430,28
2026-08-19 15:44:30,MRNA,122.6100,122.8700,122.5000,122.8700,5421.0000,122.7440,33
2026-08-19 15:44:35,MRNA,122.8700,122.9700,122.7800,122.8800,5606.0000,122.8570,18
2026-08-19 15:44:40,MRNA,122.9100,122.9600,122.9100,122.9600,604.0000,122.9180,3
2026-08-19 15:44:45,MRNA,122.9600,123.5000,122.9500,123.4600,12463.0000,123.0900,53
2026-08-19 15:44:50,MRNA,123.5000,123.8900,123.4900,123.8300,6668.0000,123.7360,42
2026-08-19 15:44:55,MRNA,123.8800,123.9900,123.8500,123.9800,8314.0000,123.9350,46
2026-08-19 15:45:00,MRNA,123.9800,124.7600,123.9400,124.5400,18343.0000,124.2450,71
2026-08-19 15:45:05,MRNA,124.2900,124.5900,124.1100,124.2400,7088.0000,124.2760,38
2026-08-19 15:45:10,MRNA,124.2700,124.2700,122.5000,122.5000,23412.0000,123.3660,106
2026-08-19 15:45:15,MRNA,122.3900,122.8600,122.0000,122.0000,10891.0000,122.2160,57
2026-08-19 15:45:20,MRNA,122.0300,122.5000,121.8100,121.9300,5126.0000,121.9900,32
2026-08-19 15:45:25,MRNA,121.9900,122.0000,121.7800,121.9400,2356.0000,121.9470,16
2026-08-19 15:45:30,MRNA,121.8600,122.0000,121.6000,121.7900,5872.0000,121.8240,35
2026-08-19 15:45:35,MRNA,121.7300,121.8000,121.5200,121.8000,4572.0000,121.6940,28
2026-08-19 15:45:40,MRNA,121.6800,122.0000,121.6300,121.9900,5661.0000,121.8820,28
2026-08-19 15:45:45,MRNA,121.9900,122.0600,121.9000,121.9900,5917.0000,121.9740,28
2026-08-19 15:45:50,MRNA,122.0000,122.0400,121.8400,121.8400,5666.0000,121.9550,33
2026-08-19 15:45:55,MRNA,121.9000,122.0600,121.8500,122.0600,5840.0000,121.9540,39
2026-08-19 15:46:00,MRNA,122.0600,122.0600,121.8300,121.9500,5564.0000,121.9460,29
2026-08-19 15:46:05,MRNA,121.9900,122.0600,121.8000,121.8100,9311.0000,121.9540,53
2026-08-19 15:46:10,MRNA,122.0000,122.4400,122.0000,122.0000,4679.0000,122.0940,31
2026-08-19 15:46:15,MRNA,121.8100,122.0600,121.8100,122.0600,3457.0000,121.9620,24
2026-08-19 15:46:20,MRNA,122.0900,122.6900,122.0000,122.6300,4001.0000,122.3870,19
2026-08-19 15:46:25,MRNA,122.6700,122.9000,122.5200,122.7900,3454.0000,122.7930,25
2026-08-19 15:46:30,MRNA,122.6300,123.0200,122.5200,122.9100,6041.0000,122.8810,30
2026-08-19 15:46:35,MRNA,123.0900,123.1500,122.8400,122.9600,7428.0000,123.0620,25
2026-08-19 15:46:40,MRNA,123.3100,123.4900,123.1000,123.4900,2761.0000,123.2610,18
2026-08-19 15:46:45,MRNA,123.3200,123.4800,123.2100,123.4800,1571.0000,123.3290,12
2026-08-19 15:46:50,MRNA,123.2200,123.7000,123.2200,123.7000,10039.0000,123.4070,29
2026-08-19 15:46:55,MRNA,123.7000,124.1300,123.1000,124.0000,20747.0000,123.8500,68
2026-08-19 15:47:00,MRNA,124.2700,124.5000,123.6600,124.0000,4983.0000,124.0860,28
2026-08-19 15:47:05,MRNA,123.8000,124.2400,123.8000,123.9500,3272.0000,123.9410,15
2026-08-19 15:47:10,MRNA,123.9600,124.2100,123.7500,123.9000,6342.0000,123.9810,38
2026-08-19 15:47:15,MRNA,124.0000,124.2100,123.9200,123.9200,3295.0000,124.0430,15
2026-08-19 15:47:20,MRNA,124.1300,124.2100,123.8000,123.8000,7337.0000,124.0490,35
2026-08-19 15:47:25,MRNA,123.8600,124.0000,123.6200,123.9300,11741.0000,123.9510,45
2026-08-19 15:47:30,MRNA,123.9300,123.9300,123.1200,123.1300,2101.0000,123.5470,11
2026-08-19 15:47:35,MRNA,123.0800,123.4500,123.0600,123.1300,3542.0000,123.2460,17
2026-08-19 15:47:40,MRNA,123.2600,123.2600,123.0600,123.1000,4029.0000,123.1230,11
2026-08-19 15:47:45,MRNA,123.1000,123.2700,123.0000,123.2700,1859.0000,123.1180,13
2026-08-19 15:47:50,MRNA,123.1600,123.6500,123.1600,123.6200,1418.0000,123.3720,8
2026-08-19 15:47:55,MRNA,123.7400,123.7900,123.5600,123.7700,2004.0000,123.6260,6
2026-08-19 15:48:00,MRNA,123.7900,124.0200,123.7400,123.8000,3783.0000,123.8760,26
2026-08-19 15:48:05,MRNA,123.7000,123.9900,123.6400,123.8300,1979.0000,123.8550,11
2026-08-19 15:48:10,MRNA,123.8800,123.8800,123.5000,123.6300,2119.0000,123.6430,17
2026-08-19 15:48:15,MRNA,123.5100,123.5100,123.2500,123.4100,5897.0000,123.4570,11
2026-08-19 15:48:20,MRNA,123.4500,123.4600,123.0000,123.0900,11265.0000,123.0670,51
2026-08-19 15:48:25,MRNA,122.9900,123.0300,122.6800,122.8500,3776.0000,122.8600,29
2026-08-19 15:48:30,MRNA,122.6700,122.8100,122.6300,122.8000,2483.0000,122.7290,10
2026-08-19 15:48:35,MRNA,122.8500,122.9800,122.8000,122.8300,2489.0000,122.8760,17
2026-08-19 15:48:40,MRNA,122.8700,122.8700,122.7600,122.8400,1730.0000,122.8320,13
2026-08-19 15:48:45,MRNA,122.9800,123.0000,122.8500,123.0000,4304.0000,122.9460,23
2026-08-19 15:48:50,MRNA,123.1500,123.2200,122.8600,123.0000,4912.0000,122.9980,21
2026-08-19 15:48:55,MRNA,123.1200,123.1200,122.8500,122.8500,4020.0000,122.8610,8
2026-08-19 15:49:00,MRNA,123.1800,123.1900,122.8400,123.0000,1283.0000,123.0480,3
2026-08-19 15:49:05,MRNA,122.9000,122.9500,122.8200,122.8700,1828.0000,122.8690,12
2026-08-19 15:49:10,MRNA,122.9400,122.9500,122.7400,122.7400,5736.0000,122.8210,31
2026-08-19 15:49:15,MRNA,122.8000,122.8000,122.6300,122.7700,3115.0000,122.7230,19
2026-08-19 15:49:20,MRNA,122.6600,122.7900,122.6600,122.6700,802.0000,122.7330,5
2026-08-19 15:49:25,MRNA,122.6700,122.8000,122.6500,122.8000,3235.0000,122.7510,25
2026-08-19 15:49:30,MRNA,122.8000,123.2000,122.7900,123.1100,5090.0000,122.9570,30
2026-08-19 15:49:35,MRNA,123.0000,123.2000,123.0000,123.2000,200.0000,123.1000,2
2026-08-19 15:49:40,MRNA,123.2000,123.3100,123.2000,123.3000,3533.0000,123.2420,14
2026-08-19 15:49:45,MRNA,123.3600,123.4500,123.2600,123.4500,2516.0000,123.3710,18
2026-08-19 15:49:50,MRNA,123.2900,123.4500,123.2000,123.2800,1663.0000,123.2590,9
2026-08-19 15:49:55,MRNA,123.0100,123.2100,122.9200,122.9900,600.0000,123.0210,6
2026-08-19 15:50:00,MRNA,122.9400,123.0000,122.9400,123.0000,420.0000,122.9830,4
2026-08-19 15:50:05,MRNA,123.0400,123.0500,123.0400,123.0400,200.0000,123.0440,1
2026-08-19 15:50:10,MRNA,123.0000,123.0600,122.6000,122.7700,3597.0000,122.7680,21
2026-08-19 15:50:15,MRNA,122.6500,122.7600,122.6000,122.7600,1705.0000,122.6590,10
2026-08-19 15:50:20,MRNA,122.6000,122.7900,122.6000,122.6000,4325.0000,122.6740,20
2026-08-19 15:50:25,MRNA,122.6600,122.7600,122.5000,122.7100,7239.0000,122.6060,29
2026-08-19 15:50:30,MRNA,122.7500,122.7800,122.5200,122.6100,4090.0000,122.7000,24
2026-08-19 15:50:35,MRNA,122.6000,122.6000,122.2700,122.2800,9870.0000,122.4370,20
2026-08-19 15:50:40,MRNA,122.2800,122.4500,122.2700,122.3600,3487.0000,122.3920,13
2026-08-19 15:50:45,MRNA,122.2800,122.2900,122.1800,122.1900,1696.0000,122.2610,8
2026-08-19 15:50:50,MRNA,122.1600,122.7000,122.1600,122.7000,3304.0000,122.4090,18
2026-08-19 15:50:55,MRNA,122.5300,122.6600,122.5000,122.5000,6150.0000,122.5140,17
2026-08-19 15:51:00,MRNA,122.6900,122.6900,122.4400,122.4500,500.0000,122.5940,3
2026-08-19 15:51:05,MRNA,122.4500,122.5300,122.3700,122.4800,6211.0000,122.4030,29
2026-08-19 15:51:10,MRNA,122.4500,122.4700,121.9100,122.0000,18590.0000,122.1820,58
2026-08-19 15:51:15,MRNA,122.1400,122.1500,121.8900,121.8900,2725.0000,122.0040,11
2026-08-19 15:51:20,MRNA,121.8900,121.8900,121.2800,121.6200,16978.0000,121.5530,48
2026-08-19 15:51:25,MRNA,121.5100,121.8100,121.3000,121.6800,3963.0000,121.5190,20
2026-08-19 15:51:30,MRNA,121.5700,121.9000,121.5000,121.9000,7074.0000,121.6700,18
2026-08-19 15:51:35,MRNA,121.8700,121.9100,121.7000,121.7300,3159.0000,121.7940,12
2026-08-19 15:51:40,MRNA,121.7300,121.9000,121.7300,121.9000,1717.0000,121.7680,6
2026-08-19 15:51:45,MRNA,121.9100,122.2000,121.8300,121.9800,4215.0000,122.0760,22
2026-08-19 15:51:50,MRNA,121.9300,122.0700,121.9300,121.9700,1543.0000,122.0060,10
2026-08-19 15:51:55,MRNA,122.0000,122.1600,122.0000,122.0900,612.0000,122.0640,5
2026-08-19 15:52:00,MRNA,122.2000,122.5000,122.2000,122.4100,1433.0000,122.3310,11
2026-08-19 15:52:05,MRNA,122.3700,123.0200,122.2500,123.0000,27024.0000,122.7520,96
2026-08-19 15:52:10,MRNA,123.0000,123.6600,123.0000,123.6600,9004.0000,123.3270,27
2026-08-19 15:52:15,MRNA,123.7000,124.2300,123.7000,124.2300,19667.0000,124.0360,72
2026-08-19 15:52:20,MRNA,124.1100,124.2400,123.8100,124.0000,7055.0000,124.0720,41
2026-08-19 15:52:25,MRNA,123.9600,124.1100,123.5800,123.5800,10786.0000,123.8310,54
2026-08-19 15:52:30,MRNA,123.5500,123.7000,123.3500,123.5200,2088.0000,123.4850,15
2026-08-19 15:52:35,MRNA,123.4300,123.6600,123.2800,123.6600,3831.0000,123.4120,21
2026-08-19 15:52:40,MRNA,123.5000,123.5000,123.4100,123.4600,438.0000,123.4620,3
2026-08-19 15:52:45,MRNA,123.5400,123.6000,123.5400,123.6000,2944.0000,123.5890,7
2026-08-19 15:52:50,MRNA,123.4000,123.5000,123.4000,123.5000,1465.0000,123.4720,9
2026-08-19 15:52:55,MRNA,123.5000,123.5100,123.2500,123.5000,4914.0000,123.4280,30
2026-08-19 15:53:00,MRNA,123.5000,123.6200,123.4900,123.5900,750.0000,123.5510,5
2026-08-19 15:53:05,MRNA,123.6200,124.2300,123.5900,124.2200,14001.0000,123.9210,75
2026-08-19 15:53:10,MRNA,124.0600,124.2400,123.7500,124.0000,4942.0000,123.9880,25
2026-08-19 15:53:15,MRNA,123.6100,123.9900,123.3100,123.7100,7984.0000,123.6390,43
2026-08-19 15:53:20,MRNA,123.7100,123.7100,123.7100,123.7100,100.0000,123.7100,1
2026-08-19 15:53:25,MRNA,123.7100,123.7100,123.6400,123.6500,1213.0000,123.6680,7
2026-08-19 15:53:30,MRNA,123.6900,123.8900,123.5600,123.6600,1249.0000,123.7390,8
2026-08-19 15:53:35,MRNA,123.5600,123.7000,123.5000,123.5000,1854.0000,123.5460,12
2026-08-19 15:53:40,MRNA,123.5000,123.5000,123.4300,123.4400,200.0000,123.4680,2
2026-08-19 15:53:45,MRNA,123.4000,123.4200,123.0700,123.0700,3790.0000,123.3590,13
2026-08-19 15:53:50,MRNA,123.3300,123.3900,123.2000,123.3300,2500.0000,123.3170,9
2026-08-19 15:53:55,MRNA,123.0800,123.1200,123.0000,123.1200,2469.0000,123.0550,14
2026-08-19 15:54:00,MRNA,123.0800,123.4000,123.0000,123.2600,2662.0000,123.1990,14
2026-08-19 15:54:05,MRNA,123.2500,123.2800,123.0000,123.2800,6693.0000,123.0370,23
2026-08-19 15:54:10,MRNA,123.1000,123.2100,123.0900,123.2100,933.0000,123.1550,3
2026-08-19 15:54:15,MRNA,123.0800,123.1000,123.0700,123.1000,614.0000,123.0890,4
2026-08-19 15:54:20,MRNA,123.1000,123.4500,123.1000,123.4500,5662.0000,123.2630,25
2026-08-19 15:54:25,MRNA,123.4500,123.4500,123.3000,123.4300,1049.0000,123.4330,5
2026-08-19 15:54:30,MRNA,123.3100,123.4500,123.3000,123.3000,2735.0000,123.3480,19
2026-08-19 15:54:35,MRNA,123.4300,123.4500,123.3200,123.4300,4540.0000,123.4190,10
2026-08-19 15:54:40,MRNA,123.4300,123.7500,123.3500,123.3500,11166.0000,123.5270,37
2026-08-19 15:54:45,MRNA,123.6500,124.0000,123.5100,123.8800,5712.0000,123.8630,31
2026-08-19 15:54:50,MRNA,123.8000,123.8700,123.6900,123.6900,1195.0000,123.7880,10
2026-08-19 15:54:55,MRNA,123.5000,123.7000,123.3500,123.3700,5985.0000,123.4490,23
2026-08-19 15:55:00,MRNA,123.6000,123.6800,123.3900,123.4700,1905.0000,123.5110,12
2026-08-19 15:55:05,MRNA,123.3500,123.4800,123.0300,123.0300,4980.0000,123.1830,24
2026-08-19 15:55:10,MRNA,123.3900,123.3900,123.0300,123.1600,4411.0000,123.1400,16
2026-08-19 15:55:15,MRNA,123.0300,123.0700,122.8100,122.9800,10876.0000,122.9870,35
2026-08-19 15:55:20,MRNA,122.9300,123.1000,122.8100,123.1000,955.0000,122.9970,8
2026-08-19 15:55:25,MRNA,123.0800,123.0800,122.6400,122.6400,3963.0000,122.9050,24
2026-08-19 15:55:30,MRNA,122.6400,122.7500,122.5600,122.6200,2080.0000,122.6240,13
2026-08-19 15:55:35,MRNA,122.6200,122.7400,122.5800,122.5800,1514.0000,122.6410,8
2026-08-19 15:55:40,MRNA,122.6300,122.6300,122.3000,122.3100,4117.0000,122.4780,22
2026-08-19 15:55:45,MRNA,122.5000,122.5100,122.1100,122.1200,4591.0000,122.3460,22
2026-08-19 15:55:50,MRNA,122.3000,122.3300,122.0700,122.2800,2499.0000,122.2560,6
2026-08-19 15:55:55,MRNA,122.1600,122.1600,122.1600,122.1600,217.0000,122.1600,2
2026-08-19 15:56:00,MRNA,122.1000,122.1700,121.7700,121.8000,5969.0000,122.0120,27
2026-08-19 15:56:05,MRNA,121.7100,121.7100,121.5200,121.5600,5484.0000,121.6190,31
2026-08-19 15:56:10,MRNA,121.5200,121.8300,121.3600,121.7300,9670.0000,121.6070,37
2026-08-19 15:56:15,MRNA,121.9000,121.9100,121.6200,121.6800,5643.0000,121.7250,37
2026-08-19 15:56:20,MRNA,121.7400,121.8900,121.6800,121.8400,2598.0000,121.7950,16
2026-08-19 15:56:25,MRNA,121.8400,121.9100,121.7400,121.8000,4198.0000,121.7910,15
2026-08-19 15:56:30,MRNA,121.8200,121.9500,121.6600,121.6600,10715.0000,121.8040,53
2026-08-19 15:56:35,MRNA,121.6600,121.7000,121.5900,121.6800,2762.0000,121.6180,13
2026-08-19 15:56:40,MRNA,121.7600,121.7700,121.3000,121.3100,4315.0000,121.5720,23
2026-08-19 15:56:45,MRNA,121.2600,121.6400,121.2600,121.4900,3320.0000,121.4050,19
2026-08-19 15:56:50,MRNA,121.4300,121.5300,121.3000,121.5300,989.0000,121.3900,4
2026-08-19 15:56:55,MRNA,121.5300,121.9500,121.5300,121.9300,2436.0000,121.7040,14
2026-08-19 15:57:00,MRNA,121.9300,121.9300,121.6200,121.8600,2577.0000,121.7970,12
2026-08-19 15:57:05,MRNA,121.8200,121.9500,121.7000,121.9000,4049.0000,121.8200,16
2026-08-19 15:57:10,MRNA,121.9300,121.9300,121.7600,121.7600,2831.0000,121.9070,4
2026-08-19 15:57:15,MRNA,121.8200,121.8900,121.8000,121.8900,1475.0000,121.8350,6
2026-08-19 15:57:20,MRNA,121.8600,122.3100,121.8200,122.3000,5758.0000,122.0230,44
2026-08-19 15:57:25,MRNA,122.0800,122.4000,122.0700,122.4000,4382.0000,122.3030,14
2026-08-19 15:57:30,MRNA,122.4000,122.4800,122.0400,122.2700,1493.0000,122.3740,11
2026-08-19 15:57:35,MRNA,122.5000,122.5000,122.0800,122.0800,4114.0000,122.3110,11
2026-08-19 15:57:40,MRNA,122.3700,122.7400,121.9400,122.7400,8074.0000,122.3040,34
2026-08-19 15:57:45,MRNA,122.3500,122.6900,122.3500,122.5000,1490.0000,122.4750,6
2026-08-19 15:57:50,MRNA,122.4500,122.6000,122.4500,122.5900,3211.0000,122.5040,14
2026-08-19 15:57:55,MRNA,122.4800,122.5900,122.3500,122.3500,1458.0000,122.4650,8
2026-08-19 15:58:00,MRNA,122.3900,123.0000,122.3900,122.8000,12044.0000,122.8240,54
2026-08-19 15:58:05,MRNA,122.6500,123.0000,122.3200,122.3200,12825.0000,122.6100,66
2026-08-19 15:58:10,MRNA,122.3200,122.3200,122.3200,122.3200,0.0000,122.3200,0
2026-08-19 15:58:15,MRNA,122.4000,122.4000,122.4000,122.4000,655.0000,122.4000,3
2026-08-19 15:58:20,MRNA,122.3200,122.9300,122.3200,122.4700,4645.0000,122.6220,27
2026-08-19 15:58:25,MRNA,122.4700,122.4800,122.4700,122.4700,0.0000,122.4700,0
2026-08-19 15:58:30,MRNA,122.6900,122.8800,122.5700,122.5800,1221.0000,122.6140,4
2026-08-19 15:58:35,MRNA,122.9200,122.9300,122.5400,122.6500,1932.0000,122.6140,7
2026-08-19 15:58:40,MRNA,122.7000,122.7100,122.4400,122.5000,1579.0000,122.5220,12
2026-08-19 15:58:45,MRNA,122.6200,122.7500,122.4800,122.5100,1681.0000,122.5850,8
2026-08-19 15:58:50,MRNA,122.6600,122.6600,122.1000,122.1200,3587.0000,122.3320,11
2026-08-19 15:58:55,MRNA,122.3000,122.3700,122.0000,122.0000,1244.0000,122.0830,10
2026-08-19 15:59:00,MRNA,122.0000,122.0000,121.6400,121.6400,4609.0000,121.8370,12
2026-08-19 15:59:05,MRNA,121.5900,121.6800,121.5600,121.5900,912.0000,121.6000,5
2026-08-19 15:59:10,MRNA,121.5200,121.7700,121.4000,121.5800,2992.0000,121.5400,9
2026-08-19 15:59:15,MRNA,121.3200,121.5000,120.8300,120.8300,9665.0000,121.0380,39
2026-08-19 15:59:20,MRNA,120.6600,120.8800,120.1000,120.1000,6997.0000,120.4890,29
2026-08-19 15:59:25,MRNA,120.1100,120.3300,120.0000,120.1000,22744.0000,120.0510,64
2026-08-19 15:59:30,MRNA,120.1600,120.2800,120.0000,120.0500,16985.0000,120.0230,95
2026-08-19 15:59:35,MRNA,120.0000,120.3100,119.8800,120.0000,16864.0000,120.0190,93
2026-08-19 15:59:40,MRNA,120.1600,120.3200,120.0000,120.0000,4364.0000,120.1040,16
2026-08-19 15:59:45,MRNA,120.0500,120.3100,119.4100,119.6400,6665.0000,119.8790,34
2026-08-19 15:59:50,MRNA,119.5000,119.5000,119.0000,119.0000,9378.0000,119.0810,42
2026-08-19 15:59:55,MRNA,119.0000,119.2900,119.0000,119.1000,8484.0000,119.0560,48
2026-08-19 16:00:00,MRNA,119.1300,119.2000,119.0000,119.1100,11475.0000,119.0430,54
2026-08-19 16:00:05,MRNA,119.1100,119.3500,119.0000,119.2100,5279.0000,119.1170,32
2026-08-19 16:00:10,MRNA,119.3200,119.3500,119.1900,119.2000,2500.0000,119.2640,11
2026-08-19 16:00:15,MRNA,119.1900,119.2000,118.5800,118.9200,19840.0000,118.9510,111
2026-08-19 16:00:20,MRNA,118.6000,119.6000,118.6000,119.0500,5582.0000,119.1150,35
2026-08-19 16:00:25,MRNA,119.9600,120.8900,119.6100,120.0100,8541.0000,120.1450,50
2026-08-19 16:00:30,MRNA,120.2900,120.8900,120.2700,120.8900,2559.0000,120.6490,11
2026-08-19 16:00:35,MRNA,120.7300,120.8900,120.1200,120.1200,5743.0000,120.4250,17
2026-08-19 16:00:40,MRNA,120.1200,120.2000,120.0000,120.0400,2699.0000,120.0350,12
2026-08-19 16:00:45,MRNA,120.0600,120.1800,120.0200,120.0200,400.0000,120.0720,4
2026-08-19 16:00:50,MRNA,120.1500,120.1600,119.6300,119.6300,2018.0000,119.9770,12
2026-08-19 16:00:55,MRNA,119.9200,119.9200,119.6300,119.6300,1300.0000,119.8950,2
2026-08-19 16:01:00,MRNA,119.5600,119.9500,119.2000,119.5000,5816.0000,119.3250,13
2026-08-19 16:01:05,MRNA,119.1200,119.1200,119.0200,119.0800,783.0000,119.0720,5
2026-08-19 16:01:10,MRNA,119.0000,119.0500,118.8700,118.9300,4350.0000,118.9450,19
2026-08-19 16:01:15,MRNA,119.0000,119.0000,118.6100,118.6500,3168.0000,118.7720,17
2026-08-19 16:01:20,MRNA,118.6300,118.8100,118.5900,118.6000,3315.0000,118.6290,10
2026-08-19 16:01:25,MRNA,118.6300,118.8500,118.6000,118.7700,6012.0000,118.7940,14
2026-08-19 16:01:30,MRNA,118.8000,118.8500,118.0500,118.1200,15228.0000,118.5560,38
2026-08-19 16:01:35,MRNA,118.0900,118.4100,118.0800,118.3800,866.0000,118.2190,6
2026-08-19 16:01:40,MRNA,118.3500,118.3500,118.0400,118.0400,7777.0000,118.1450,41
2026-08-19 16:01:45,MRNA,118.0100,118.0500,117.5000,117.7400,13401.0000,117.9440,41
2026-08-19 16:01:50,MRNA,117.4500,117.7500,117.3000,117.3300,7417.0000,117.4890,35
2026-08-19 16:01:55,MRNA,117.4000,118.0700,117.3200,118.0500,11707.0000,117.7020,45
2026-08-19 16:02:00,MRNA,118.5000,118.5600,117.7600,118.0700,6388.0000,118.0240,29
2026-08-19 16:02:05,MRNA,118.0700,118.3900,117.7500,118.2800,3996.0000,118.0460,18
2026-08-19 16:02:10,MRNA,118.3000,118.3700,118.2100,118.3700,946.0000,118.2750,5
2026-08-19 16:02:15,MRNA,118.2000,118.2400,118.1800,118.2400,389.0000,118.2160,3
2026-08-19 16:02:20,MRNA,118.0500,118.5000,117.8000,118.3000,6603.0000,118.4180,20
2026-08-19 16:02:25,MRNA,118.2600,118.4900,118.2600,118.4300,4832.0000,118.4070,18
2026-08-19 16:02:30,MRNA,118.3900,118.4900,118.3000,118.3000,924.0000,118.3730,5
2026-08-19 16:02:35,MRNA,118.4000,118.4900,118.3000,118.4800,2310.0000,118.4100,11
2026-08-19 16:02:40,MRNA,118.4600,118.4800,118.3000,118.3100,4256.0000,118.4000,16
2026-08-19 16:02:45,MRNA,118.3400,118.6000,117.7200,117.7200,7948.0000,118.3140,39
2026-08-19 16:02:50,MRNA,117.5200,117.7400,117.5000,117.5600,2070.0000,117.6060,10
2026-08-19 16:02:55,MRNA,117.6000,117.6000,117.6000,117.6000,200.0000,117.6000,1
2026-08-19 16:03:00,MRNA,117.7400,117.7500,117.1500,117.1500,5271.0000,117.4940,26
2026-08-19 16:03:05,MRNA,117.2300,117.3400,117.0100,117.0100,4751.0000,117.1350,13
2026-08-19 16:03:10,MRNA,117.0200,117.0500,116.7900,117.0000,9555.0000,116.9640,36
2026-08-19 16:03:15,MRNA,116.9000,117.0000,116.7900,116.9900,2476.0000,116.9350,15
2026-08-19 16:03:20,MRNA,116.9300,116.9900,116.6700,116.6700,5436.0000,116.8640,23
2026-08-19 16:03:25,MRNA,116.7000,117.4400,116.6600,117.4400,13195.0000,116.9240,40
2026-08-19 16:03:30,MRNA,117.4400,117.5000,116.7900,117.3900,5213.0000,117.1600,22
2026-08-19 16:03:35,MRNA,117.4100,117.5000,117.0700,117.1300,4729.0000,117.2780,24
2026-08-19 16:03:40,MRNA,117.3800,117.4600,117.0000,117.0000,5190.0000,117.1070,19
2026-08-19 16:03:45,MRNA,117.1300,117.4800,117.1100,117.4500,4573.0000,117.2940,31
2026-08-19 16:03:50,MRNA,117.2500,117.5000,117.2500,117.3100,1986.0000,117.4280,9
2026-08-19 16:03:55,MRNA,117.2700,117.4800,117.2700,117.4800,1648.0000,117.3850,10
2026-08-19 16:04:00,MRNA,117.3900,117.5000,117.3900,117.4200,3513.0000,117.4860,20
2026-08-19 16:04:05,MRNA,117.4800,117.5000,117.4600,117.5000,1853.0000,117.4960,13
2026-08-19 16:04:10,MRNA,117.4900,117.5200,117.4500,117.4800,5143.0000,117.4900,30
2026-08-19 16:04:15,MRNA,117.5000,118.0000,117.4500,117.8000,5219.0000,117.7090,29
2026-08-19 16:04:20,MRNA,117.8100,118.0400,117.6800,118.0400,4110.0000,117.9780,18
2026-08-19 16:04:25,MRNA,118.1700,118.4900,118.1700,118.4900,1900.0000,118.3800,9
2026-08-19 16:04:30,MRNA,118.2500,118.4900,118.2000,118.4300,2093.0000,118.3640,13
2026-08-19 16:04:35,MRNA,118.4300,118.4700,118.1900,118.2200,3923.0000,118.3450,24
2026-08-19 16:04:40,MRNA,118.2300,118.3400,118.2200,118.2800,900.0000,118.3080,4
2026-08-19 16:04:45,MRNA,118.2800,118.3100,118.2800,118.3100,500.0000,118.2910,3
2026-08-19 16:04:50,MRNA,118.3200,118.6000,118.2600,118.5400,5002.0000,118.4130,31
2026-08-19 16:04:55,MRNA,118.3500,118.5500,118.3500,118.4300,1445.0000,118.4270,7
2026-08-19 16:05:00,MRNA,118.3500,118.5000,118.1900,118.3900,2438.0000,118.3630,18
2026-08-19 16:05:05,MRNA,118.5000,118.5000,118.1900,118.2000,789.0000,118.2390,6
2026-08-19 16:05:10,MRNA,118.1900,118.2000,118.1900,118.1900,5216.0000,118.1910,19
2026-08-19 16:05:15,MRNA,118.1900,118.1900,118.1100,118.1800,300.0000,118.1610,3
2026-08-19 16:05:20,MRNA,118.1800,118.6000,118.1500,118.3300,4885.0000,118.4480,20
2026-08-19 16:05:25,MRNA,118.3100,118.5000,118.1600,118.2500,8563.0000,118.4300,15
2026-08-19 16:05:30,MRNA,118.2500,118.2600,118.2500,118.2500,0.0000,118.2500,0
2026-08-19 16:05:35,MRNA,118.4500,118.4500,118.4500,118.4500,106.0000,118.4500,1
2026-08-19 16:05:40,MRNA,118.5000,118.5300,118.2500,118.3100,860.0000,118.3870,6
2026-08-19 16:05:45,MRNA,118.4800,118.5000,118.2500,118.2500,1874.0000,118.3390,5
2026-08-19 16:05:50,MRNA,118.2500,118.5000,118.2500,118.2500,1635.0000,118.2850,11
2026-08-19 16:05:55,MRNA,118.2700,118.2800,118.2600,118.2700,2064.0000,118.2620,3
2026-08-19 16:06:00,MRNA,118.4500,118.4500,118.2800,118.3800,542.0000,118.3630,4
2026-08-19 16:06:05,MRNA,118.3900,118.5000,118.3900,118.4500,1720.0000,118.4310,11
2026-08-19 16:06:10,MRNA,118.5000,118.6000,118.3700,118.5600,5307.0000,118.4700,12
2026-08-19 16:06:15,MRNA,118.4000,118.4000,118.2500,118.2500,2114.0000,118.3390,9
2026-08-19 16:06:20,MRNA,118.2500,118.3700,118.2500,118.3100,1350.0000,118.3500,4
2026-08-19 16:06:25,MRNA,118.3400,118.3500,118.1000,118.1000,1771.0000,118.2150,9
2026-08-19 16:06:30,MRNA,118.0200,118.0200,117.4000,117.4800,8166.0000,117.9010,28
2026-08-19 16:06:35,MRNA,117.4000,117.6800,117.2700,117.2700,1635.0000,117.4070,9
2026-08-19 16:06:40,MRNA,117.4200,117.6900,117.4000,117.4000,725.0000,117.4450,5
2026-08-19 16:06:45,MRNA,117.6200,117.6200,117.2700,117.5500,1228.0000,117.4220,5
2026-08-19 16:06:50,MRNA,117.6100,118.0000,117.6100,117.9400,2162.0000,117.8530,16
2026-08-19 16:06:55,MRNA,117.9400,118.5000,117.8400,118.0700,6388.0000,118.2190,27
2026-08-19 16:07:00,MRNA,118.4900,118.6000,118.3400,118.5800,6017.0000,118.5480,28
2026-08-19 16:07:05,MRNA,118.6000,118.6000,118.5000,118.5800,2337.0000,118.5420,12
2026-08-19 16:07:10,MRNA,118.5900,118.6000,118.5700,118.5800,4121.0000,118.5800,13
2026-08-19 16:07:15,MRNA,118.5900,118.6000,118.5900,118.6000,2029.0000,118.5970,12
2026-08-19 16:07:20,MRNA,118.6000,118.8800,118.5800,118.8700,7665.0000,118.6010,42
2026-08-19 16:07:25,MRNA,118.6900,119.6000,118.6800,119.5800,4393.0000,119.2840,23
2026-08-19 16:07:30,MRNA,119.2900,119.7400,119.2800,119.4900,2518.0000,119.5880,13
2026-08-19 16:07:35,MRNA,119.2000,120.1200,119.2000,120.0600,13577.0000,119.8950,58
2026-08-19 16:07:40,MRNA,120.5800,120.7500,120.2000,120.7500,12633.0000,120.4590,38
2026-08-19 16:07:45,MRNA,120.7400,120.8700,120.4900,120.7600,11296.0000,120.7610,84
2026-08-19 16:07:50,MRNA,120.8000,120.8700,120.6300,120.7700,10363.0000,120.7540,55
2026-08-19 16:07:55,MRNA,120.7700,120.8900,120.7500,120.8800,7635.0000,120.7770,49
2026-08-19 16:08:00,MRNA,120.8000,120.9800,120.7000,120.7500,8339.0000,120.7630,45
2026-08-19 16:08:05,MRNA,120.7500,120.7700,120.7100,120.7500,8189.0000,120.7540,43
2026-08-19 16:08:10,MRNA,120.7700,120.7700,120.7400,120.7500,7769.0000,120.7550,36
2026-08-19 16:08:15,MRNA,120.7700,120.7700,120.7100,120.7500,7478.0000,120.7490,45
2026-08-19 16:08:20,MRNA,120.7500,120.7600,120.3000,120.4200,13174.0000,120.6460,50
2026-08-19 16:08:25,MRNA,120.4000,120.4400,120.0100,120.2100,4835.0000,120.3110,14
2026-08-19 16:08:30,MRNA,120.0500,120.2600,120.0400,120.0500,2522.0000,120.1440,17
2026-08-19 16:08:35,MRNA,120.1300,120.3000,120.1100,120.2600,1286.0000,120.2360,7
2026-08-19 16:08:40,MRNA,120.2900,120.3000,120.1100,120.2600,2650.0000,120.2090,10
2026-08-19 16:08:45,MRNA,120.2600,120.2600,120.1100,120.1100,530.0000,120.1670,3
2026-08-19 16:08:50,MRNA,120.2400,120.9900,120.0900,120.9900,13219.0000,120.5170,37
2026-08-19 16:08:55,MRNA,120.9900,121.0000,120.7200,121.0000,15939.0000,120.9890,60
2026-08-19 16:09:00,MRNA,121.0300,121.7600,121.0300,121.5000,12934.0000,121.2750,51
2026-08-19 16:09:05,MRNA,121.4900,121.8400,121.3500,121.4800,1283.0000,121.5830,8
2026-08-19 16:09:10,MRNA,121.4800,121.5800,120.7600,120.9700,5792.0000,121.3080,18
2026-08-19 16:09:15,MRNA,120.9200,121.0000,120.6300,120.6400,5553.0000,120.7990,26
2026-08-19 16:09:20,MRNA,120.7500,120.7500,120.0600,120.1100,2283.0000,120.1980,16
2026-08-19 16:09:25,MRNA,120.0900,120.5200,120.0000,120.5100,8327.0000,120.0960,39
2026-08-19 16:09:30,MRNA,120.2000,120.8800,120.2000,120.7900,1799.0000,120.6350,6
2026-08-19 16:09:35,MRNA,120.7700,121.0000,120.7000,120.7000,1696.0000,120.9070,6
2026-08-19 16:09:40,MRNA,120.5300,120.8600,120.2600,120.4200,6158.0000,120.5770,33
2026-08-19 16:09:45,MRNA,120.3200,120.4500,120.0000,120.0500,6135.0000,120.1070,35
2026-08-19 16:09:50,MRNA,120.0500,120.2300,120.0000,120.0000,1781.0000,120.1460,10
2026-08-19 16:09:55,MRNA,120.0300,120.2300,120.0000,120.0000,3435.0000,120.1140,18
2026-08-19 16:10:00,MRNA,120.0600,120.2300,120.0100,120.1100,3024.0000,120.0930,14
2026-08-19 16:10:05,MRNA,120.3900,120.5400,120.0400,120.0400,4326.0000,120.3310,25
2026-08-19 16:10:10,MRNA,120.1900,120.3100,120.0000,120.3100,4243.0000,120.0420,26
2026-08-19 16:10:15,MRNA,120.3100,120.5400,120.1100,120.3300,2444.0000,120.3250,11
2026-08-19 16:10:20,MRNA,120.4100,120.5000,120.1600,120.4200,1731.0000,120.4030,10
2026-08-19 16:10:25,MRNA,120.3800,120.4900,120.1600,120.1700,3065.0000,120.2940,12
2026-08-19 16:10:30,MRNA,120.1600,120.3700,120.1200,120.3700,2365.0000,120.2780,10
2026-08-19 16:10:35,MRNA,120.3000,120.4500,120.2300,120.2700,800.0000,120.2910,5
2026-08-19 16:10:40,MRNA,120.3600,120.4500,120.2400,120.4300,1850.0000,120.3770,13
2026-08-19 16:10:45,MRNA,120.4500,121.2000,120.3400,120.8700,9654.0000,120.8290,42
2026-08-19 16:10:50,MRNA,121.2000,121.2000,120.8200,120.8900,1532.0000,121.0020,7
2026-08-19 16:10:55,MRNA,120.9900,120.9900,120.9700,120.9900,910.0000,120.9840,6
2026-08-19 16:11:00,MRNA,120.8600,121.1800,120.7400,121.1800,2309.0000,120.9890,16
2026-08-19 16:11:05,MRNA,121.0300,121.5000,121.0200,121.4400,3794.0000,121.2780,16
2026-08-19 16:11:10,MRNA,121.3500,121.8400,121.3500,121.7600,13031.0000,121.6510,54
2026-08-19 16:11:15,MRNA,121.6600,121.6600,121.0100,121.3200,2325.0000,121.3130,16
2026-08-19 16:11:20,MRNA,121.5000,121.5100,121.0000,121.2100,1888.0000,121.3480,13
2026-08-19 16:11:25,MRNA,121.0900,121.4100,121.0900,121.4100,3646.0000,121.3170,19
2026-08-19 16:11:30,MRNA,121.3900,121.4100,121.0100,121.0300,4411.0000,121.1960,21
2026-08-19 16:11:35,MRNA,121.0800,121.1900,121.0000,121.0000,4312.0000,121.0640,25
2026-08-19 16:11:40,MRNA,121.0200,121.0800,120.2000,120.2000,6410.0000,120.8030,33
2026-08-19 16:11:45,MRNA,120.2000,120.4800,120.2000,120.4500,1720.0000,120.4240,11
2026-08-19 16:11:50,MRNA,120.3000,120.4600,120.0300,120.3300,6166.0000,120.2460,25
2026-08-19 16:11:55,MRNA,120.2000,120.3400,120.0300,120.1200,4656.0000,120.1890,18
2026-08-19 16:12:00,MRNA,120.1300,120.3300,120.0200,120.1400,2078.0000,120.2030,13
2026-08-19 16:12:05,MRNA,120.3300,120.3300,120.0200,120.0500,5765.0000,120.2030,33
2026-08-19 16:12:10,MRNA,120.2000,121.0000,120.2000,120.5300,3519.0000,120.5530,21
2026-08-19 16:12:15,MRNA,120.8900,121.0000,120.7900,120.8100,721.0000,120.8660,6
2026-08-19 16:12:20,MRNA,120.8500,120.8900,120.5800,120.8400,2842.0000,120.7790,17
2026-08-19 16:12:25,MRNA,120.8400,120.9300,120.7100,120.9300,1301.0000,120.8400,8
2026-08-19 16:12:30,MRNA,120.9800,121.1200,120.9800,121.0000,4058.0000,121.0030,17
2026-08-19 16:12:35,MRNA,121.1700,121.6000,120.7600,121.5000,18512.0000,121.3150,54
2026-08-19 16:12:40,MRNA,121.6300,121.6600,121.5600,121.6100,2269.0000,121.5960,10
2026-08-19 16:12:45,MRNA,121.6600,121.8500,121.3700,121.5000,7584.0000,121.6320,38
2026-08-19 16:12:50,MRNA,121.3300,121.3400,121.1500,121.2300,3396.0000,121.2390,19
2026-08-19 16:12:55,MRNA,121.3300,121.4900,121.3300,121.4800,639.0000,121.4100,4
2026-08-19 16:13:00,MRNA,121.1200,121.5600,121.1100,121.5600,3188.0000,121.4780,13
2026-08-19 16:13:05,MRNA,121.4200,121.6600,121.1800,121.6600,4416.0000,121.4620,15
2026-08-19 16:13:10,MRNA,121.6100,121.9200,121.5200,121.7000,6856.0000,121.6930,45
2026-08-19 16:13:15,MRNA,121.5600,121.9600,121.5600,121.5600,5483.0000,121.6960,25
2026-08-19 16:13:20,MRNA,121.5900,121.7700,120.9500,121.1700,12159.0000,121.2220,48
2026-08-19 16:13:25,MRNA,121.1700,121.5200,120.9600,121.4100,7761.0000,121.1990,31
2026-08-19 16:13:30,MRNA,121.5100,121.5100,121.0000,121.5000,2535.0000,121.2550,14
2026-08-19 16:13:35,MRNA,121.5200,121.7500,121.3700,121.7400,4622.0000,121.5450,19
2026-08-19 16:13:40,MRNA,121.6600,122.6700,121.6600,122.5700,21488.0000,122.0600,76
2026-08-19 16:13:45,MRNA,122.7900,123.1100,122.7900,122.8700,11212.0000,122.9180,58
2026-08-19 16:13:50,MRNA,122.6600,122.7700,122.4000,122.4400,2625.0000,122.6370,15
2026-08-19 16:13:55,MRNA,122.7100,122.7300,122.2200,122.4000,6700.0000,122.5270,23
2026-08-19 16:14:00,MRNA,122.3500,122.7700,122.2000,122.6000,8275.0000,122.6000,20
2026-08-19 16:14:05,MRNA,122.8400,123.5000,122.8400,122.9000,15771.0000,123.1230,65
2026-08-19 16:14:10,MRNA,122.8000,123.1000,122.7000,123.0500,6154.0000,122.9330,31
2026-08-19 16:14:15,MRNA,123.0100,123.2900,123.0000,123.1400,7494.0000,123.1060,25
2026-08-19 16:14:20,MRNA,123.1500,123.1900,122.9300,123.0900,13050.0000,123.0240,38
2026-08-19 16:14:25,MRNA,123.1500,123.6000,122.9000,123.5400,10001.0000,123.2200,42
2026-08-19 16:14:30,MRNA,123.2600,123.7500,123.2600,123.3600,5970.0000,123.5160,30
2026-08-19 16:14:35,MRNA,123.4300,123.5000,123.1900,123.4900,5469.0000,123.4010,24
2026-08-19 16:14:40,MRNA,123.4000,123.4700,123.0300,123.0300,7909.0000,123.2860,31
2026-08-19 16:14:45,MRNA,123.2900,123.3200,123.0400,123.1100,3320.0000,123.2130,16
2026-08-19 16:14:50,MRNA,123.1900,123.1900,123.1700,123.1700,913.0000,123.1810,5
2026-08-19 16:14:55,MRNA,123.1900,123.6000,123.1900,123.4200,9044.0000,123.4640,39
2026-08-19 16:15:00,MRNA,123.4300,123.6800,123.2000,123.3700,5474.0000,123.4720,36
2026-08-19 16:15:05,MRNA,123.2200,123.3700,122.6500,122.7700,13467.0000,123.0570,72
2026-08-19 16:15:10,MRNA,122.6400,122.8700,122.5600,122.7800,5309.0000,122.6920,24
2026-08-19 16:15:15,MRNA,122.6900,122.7800,122.6300,122.7700,3745.0000,122.6960,21
2026-08-19 16:15:20,MRNA,122.8800,122.9900,122.5600,122.5600,6752.0000,122.6700,25
2026-08-19 16:15:25,MRNA,122.8000,123.0500,122.5500,123.0500,4901.0000,122.8320,19
2026-08-19 16:15:30,MRNA,122.8400,123.0100,122.8100,122.8800,1149.0000,122.9040,8
2026-08-19 16:15:35,MRNA,123.2000,123.7600,123.0000,123.7600,16280.0000,123.5990,57
2026-08-19 16:15:40,MRNA,123.8000,124.7500,123.7800,124.5700,39627.0000,124.1870,128
2026-08-19 16:15:45,MRNA,124.5500,124.7900,124.0000,124.0000,8075.0000,124.4460,47
2026-08-19 16:15:50,MRNA,124.0000,124.0000,123.5000,123.6500,9652.0000,123.7270,35
2026-08-19 16:15:55,MRNA,123.5700,123.5800,123.1900,123.1900,4969.0000,123.4900,31
2026-08-19 16:16:00,MRNA,123.4600,123.4600,121.8000,121.8000,8745.0000,122.6300,38
2026-08-19 16:16:05,MRNA,122.1300,122.2600,121.8300,122.2000,3089.0000,122.0250,21
2026-08-19 16:16:10,MRNA,122.1000,122.3900,122.0000,122.1000,824.0000,122.1220,7
2026-08-19 16:16:15,MRNA,122.2400,122.2500,122.0000,122.0800,3391.0000,122.0880,23
2026-08-19 16:16:20,MRNA,122.3900,122.3900,122.0700,122.2300,2466.0000,122.2740,8
2026-08-19 16:16:25,MRNA,122.3300,122.4000,122.0700,122.0800,6741.0000,122.1900,38
2026-08-19 16:16:30,MRNA,122.2200,122.2500,122.0000,122.0000,7524.0000,122.0380,35
2026-08-19 16:16:35,MRNA,121.8800,122.2200,121.6600,121.6600,5159.0000,121.7930,33
2026-08-19 16:16:40,MRNA,121.9100,122.0000,121.5800,121.8900,1060.0000,121.9000,6
2026-08-19 16:16:45,MRNA,121.9600,121.9700,121.3100,121.3100,5116.0000,121.7390,15
2026-08-19 16:16:50,MRNA,121.2600,121.6200,121.2600,121.5300,1586.0000,121.4770,7
2026-08-19 16:16:55,MRNA,121.6300,122.0000,121.6300,121.8900,4800.0000,121.8960,22
2026-08-19 16:17:00,MRNA,121.7800,122.0300,121.7800,122.0000,2856.0000,121.9700,16
2026-08-19 16:17:05,MRNA,122.1900,122.2500,122.0000,122.0600,2402.0000,122.0560,12
2026-08-19 16:17:10,MRNA,122.2500,122.2500,122.2500,122.2500,200.0000,122.2500,1
2026-08-19 16:17:15,MRNA,122.2500,122.6300,122.2500,122.6300,2479.0000,122.4190,9
2026-08-19 16:17:20,MRNA,122.4000,122.4300,122.1900,122.1900,2922.0000,122.2360,10
2026-08-19 16:17:25,MRNA,122.0000,122.2100,121.6900,122.2100,12631.0000,121.9200,31
2026-08-19 16:17:30,MRNA,121.9000,122.1800,121.8500,122.0000,2947.0000,122.0260,10
2026-08-19 16:17:35,MRNA,122.2100,122.2100,121.8100,122.2100,1041.0000,121.9520,5
2026-08-19 16:17:40,MRNA,121.7500,121.9400,121.7500,121.9300,700.0000,121.8020,2
2026-08-19 16:17:45,MRNA,121.7800,121.9900,121.5600,121.5600,3329.0000,121.7310,12
2026-08-19 16:17:50,MRNA,121.5600,121.6900,121.5500,121.5600,1568.0000,121.6090,9
2026-08-19 16:17:55,MRNA,121.5400,121.5400,121.0000,121.1400,4513.0000,121.2250,18
2026-08-19 16:18:00,MRNA,121.4800,121.4800,120.7000,120.7000,6233.0000,121.0330,24
2026-08-19 16:18:05,MRNA,120.5700,120.9900,120.1100,120.4000,8300.0000,120.4810,24
2026-08-19 16:18:10,MRNA,120.8700,120.8700,120.4200,120.5000,2643.0000,120.6130,13
2026-08-19 16:18:15,MRNA,120.4800,120.5000,120.1100,120.2700,8421.0000,120.2880,31
2026-08-19 16:18:20,MRNA,120.1700,120.4900,120.1600,120.3400,3001.0000,120.2570,20
2026-08-19 16:18:25,MRNA,120.3600,120.9000,120.2000,120.8900,6239.0000,120.4690,29
2026-08-19 16:18:30,MRNA,120.5000,120.8000,120.5000,120.7400,951.0000,120.6700,5
2026-08-19 16:18:35,MRNA,120.8600,120.9200,120.6900,120.8200,1483.0000,120.8750,11
2026-08-19 16:18:40,MRNA,120.8900,120.8900,120.6900,120.8000,2123.0000,120.7530,5
2026-08-19 16:18:45,MRNA,120.7800,120.7800,120.6600,120.7500,849.0000,120.7240,7
2026-08-19 16:18:50,MRNA,120.6600,120.8000,120.6300,120.6600,2053.0000,120.6590,7
2026-08-19 16:18:55,MRNA,120.6000,121.0000,120.5500,120.7000,5403.0000,120.8560,35
2026-08-19 16:19:00,MRNA,120.6800,120.8300,120.5600,120.6500,1450.0000,120.6730,9
2026-08-19 16:19:05,MRNA,120.8000,121.2300,120.8000,121.2300,2245.0000,121.0010,7
2026-08-19 16:19:10,MRNA,121.1900,121.3200,121.0000,121.1300,3800.0000,121.1740,23
2026-08-19 16:19:15,MRNA,120.8900,121.1200,120.8900,121.1200,1229.0000,120.9910,7
2026-08-19 16:19:20,MRNA,121.1200,121.2800,121.1200,121.2700,3348.0000,121.1750,16
2026-08-19 16:19:25,MRNA,121.1000,121.2600,121.0800,121.2600,1600.0000,121.1260,5
2026-08-19 16:19:30,MRNA,121.1200,121.1900,121.1200,121.1900,200.0000,121.1540,2
2026-08-19 16:19:35,MRNA,121.1200,121.2000,121.1200,121.1900,3223.0000,121.1350,8
2026-08-19 16:19:40,MRNA,121.1800,121.5500,121.1200,121.5400,2240.0000,121.4100,12
2026-08-19 16:19:45,MRNA,121.6700,121.8800,121.4000,121.8700,4900.0000,121.7180,29
2026-08-19 16:19:50,MRNA,121.8400,121.9000,121.7600,121.7600,4050.0000,121.8740,13
2026-08-19 16:19:55,MRNA,121.8900,121.9000,121.7400,121.8000,1176.0000,121.8200,7
2026-08-19 16:20:00,MRNA,121.8000,121.8500,121.1100,121.2400,11002.0000,121.3710,27
2026-08-19 16:20:05,MRNA,121.1200,121.1400,120.3600,120.3600,11769.0000,120.7870,39
2026-08-19 16:20:10,MRNA,120.3000,120.5900,120.2900,120.3300,808.0000,120.3390,6
2026-08-19 16:20:15,MRNA,120.5800,120.5800,120.2400,120.3100,1983.0000,120.3120,11
2026-08-19 16:20:20,MRNA,120.3300,120.5800,120.0200,120.0200,6593.0000,120.2530,35
2026-08-19 16:20:25,MRNA,120.0400,120.3000,120.0100,120.3000,4909.0000,120.1100,18
2026-08-19 16:20:30,MRNA,120.0500,120.0500,119.3300,119.3300,17082.0000,119.8430,48
2026-08-19 16:20:35,MRNA,119.3700,120.0000,119.3700,119.4800,5387.0000,119.6680,27
2026-08-19 16:20:40,MRNA,119.8800,120.0000,119.3700,120.0000,6174.0000,119.7200,29
2026-08-19 16:20:45,MRNA,119.7600,119.8300,119.3600,119.3600,7616.0000,119.4980,29
2026-08-19 16:20:50,MRNA,119.4100,119.7600,119.3100,119.3800,4913.0000,119.4780,17
2026-08-19 16:20:55,MRNA,119.3800,119.8900,119.3400,119.8600,3870.0000,119.6050,25
2026-08-19 16:21:00,MRNA,119.6700,120.0000,119.4200,119.9800,5402.0000,119.7840,27
2026-08-19 16:21:05,MRNA,119.9800,120.0000,119.5700,119.6400,2720.0000,119.7230,14
2026-08-19 16:21:10,MRNA,119.6100,120.3300,119.6100,120.0600,6291.0000,120.0350,23
2026-08-19 16:21:15,MRNA,120.1000,120.2500,120.0400,120.1000,1843.0000,120.0820,15
2026-08-19 16:21:20,MRNA,120.1000,120.4000,120.1000,120.4000,450.0000,120.3010,4
2026-08-19 16:21:25,MRNA,120.4000,120.4300,120.1300,120.4300,2158.0000,120.2140,8
2026-08-19 16:21:30,MRNA,120.4300,120.4300,120.0400,120.0900,3976.0000,120.1240,22
2026-08-19 16:21:35,MRNA,120.0400,120.0400,119.8200,119.9400,2112.0000,120.0180,19
2026-08-19 16:21:40,MRNA,120.2000,120.2000,119.9200,120.0000,1817.0000,120.0100,12
2026-08-19 16:21:45,MRNA,120.0000,120.0000,119.9300,119.9300,328.0000,119.9650,2
2026-08-19 16:21:50,MRNA,119.9200,119.9200,119.6600,119.6800,1421.0000,119.7070,3
2026-08-19 16:21:55,MRNA,119.6900,120.0200,119.6900,120.0000,1450.0000,119.9660,9
2026-08-19 16:22:00,MRNA,120.2000,120.2000,119.9800,120.0000,697.0000,120.0490,5
2026-08-19 16:22:05,MRNA,120.0000,120.5800,120.0000,120.5800,5502.0000,120.2000,17
2026-08-19 16:22:10,MRNA,120.5200,120.6400,120.4000,120.4600,800.0000,120.5470,7
2026-08-19 16:22:15,MRNA,120.4600,120.6800,120.4500,120.5300,1334.0000,120.6280,7
2026-08-19 16:22:20,MRNA,120.5000,120.8000,120.4700,120.5500,1043.0000,120.5700,6
2026-08-19 16:22:25,MRNA,120.7300,120.8800,120.4900,120.4900,300.0000,120.7000,3
2026-08-19 16:22:30,MRNA,120.5700,120.5700,120.5700,120.5700,437.0000,120.5700,2
2026-08-19 16:22:35,MRNA,120.5000,120.8000,120.5000,120.8000,1509.0000,120.5660,11
2026-08-19 16:22:40,MRNA,120.7400,120.7600,120.7400,120.7600,2026.0000,120.7580,3
2026-08-19 16:22:45,MRNA,120.7400,120.7500,120.5500,120.7300,1424.0000,120.6350,7
2026-08-19 16:22:50,MRNA,120.8000,120.8000,120.7700,120.7900,607.0000,120.7860,3
2026-08-19 16:22:55,MRNA,120.6900,120.8000,120.2100,120.2100,5797.0000,120.5290,25
2026-08-19 16:23:00,MRNA,120.5100,120.5100,120.2700,120.2700,400.0000,120.3650,4
2026-08-19 16:23:05,MRNA,120.6000,120.6000,120.0400,120.0400,4936.0000,120.2420,22
2026-08-19 16:23:10,MRNA,120.4600,120.4600,120.0900,120.1200,969.0000,120.2730,6
2026-08-19 16:23:15,MRNA,120.2700,120.3600,120.2400,120.2400,450.0000,120.3020,4
2026-08-19 16:23:20,MRNA,120.3500,120.4000,120.1000,120.1000,3038.0000,120.1760,13
2026-08-19 16:23:25,MRNA,120.0400,120.1600,120.0400,120.0400,2356.0000,120.0750,15
2026-08-19 16:23:30,MRNA,120.0400,120.0900,120.0400,120.0500,2932.0000,120.0590,11
2026-08-19 16:23:35,MRNA,120.1400,120.3900,120.0700,120.3200,7496.0000,120.2350,24
2026-08-19 16:23:40,MRNA,120.3500,120.3500,120.0400,120.0400,6550.0000,120.0850,24
2026-08-19 16:23:45,MRNA,120.2600,120.3000,120.2000,120.2100,1763.0000,120.2350,9
2026-08-19 16:23:50,MRNA,120.2800,120.2800,120.0400,120.2400,2796.0000,120.1110,15
2026-08-19 16:23:55,MRNA,120.1700,120.1700,120.0400,120.0400,2439.0000,120.0890,12
2026-08-19 16:24:00,MRNA,120.1700,120.7500,120.0400,120.7500,23444.0000,120.6720,30
2026-08-19 16:24:05,MRNA,120.0500,120.5000,120.0500,120.3700,2434.0000,120.2830,14
2026-08-19 16:24:10,MRNA,120.4700,120.5000,120.2700,120.4400,1661.0000,120.4600,9
2026-08-19 16:24:15,MRNA,120.2600,120.5000,120.2500,120.5000,907.0000,120.4310,5
2026-08-19 16:24:20,MRNA,120.6600,120.6700,120.5000,120.5000,1129.0000,120.5580,6
2026-08-19 16:24:25,MRNA,120.5700,120.7000,120.5100,120.7000,1050.0000,120.6410,6
2026-08-19 16:24:30,MRNA,120.5000,121.2500,120.0400,120.0400,11590.0000,120.6660,62
2026-08-19 16:24:35,MRNA,120.3700,121.0300,120.0400,120.5200,5300.0000,120.4690,23
2026-08-19 16:24:40,MRNA,120.5000,120.6500,120.2800,120.3800,2749.0000,120.4500,13
2026-08-19 16:24:45,MRNA,120.2900,120.3600,120.0600,120.3600,400.0000,120.2560,4
2026-08-19 16:24:50,MRNA,120.0500,120.2900,120.0400,120.0400,11004.0000,120.0690,82
2026-08-19 16:24:55,MRNA,120.0400,120.3500,120.0400,120.3500,17268.0000,120.0450,75
2026-08-19 16:25:00,MRNA,120.2500,120.3100,118.9000,119.0000,76927.0000,119.5650,153
2026-08-19 16:25:05,MRNA,119.0400,119.1000,118.1000,118.3500,11355.0000,118.6900,54
2026-08-19 16:25:10,MRNA,118.1900,118.4400,118.1000,118.3000,13597.0000,118.2720,77
2026-08-19 16:25:15,MRNA,118.4200,118.8500,118.3000,118.4500,10298.0000,118.5060,50
2026-08-19 16:25:20,MRNA,118.4400,118.4400,118.1500,118.2300,3838.0000,118.2460,25
2026-08-19 16:25:25,MRNA,118.1000,118.4100,118.0300,118.1500,7991.0000,118.2210,41
2026-08-19 16:25:30,MRNA,118.3000,118.3500,118.1100,118.1400,11449.0000,118.2300,63
2026-08-19 16:25:35,MRNA,118.1200,119.1000,118.0200,119.0000,20344.0000,118.5400,110
2026-08-19 16:25:40,MRNA,119.0000,119.0900,119.0000,119.0000,5948.0000,119.0170,44
2026-08-19 16:25:45,MRNA,119.0000,119.0500,118.8800,119.0000,7229.0000,118.9970,47
2026-08-19 16:25:50,MRNA,118.9900,119.0100,118.8100,119.0000,17454.0000,118.9910,69
2026-08-19 16:25:55,MRNA,119.0000,119.2600,119.0000,119.0300,13452.0000,119.0620,84
2026-08-19 16:26:00,MRNA,119.0800,119.8300,119.0100,119.0300,5232.0000,119.2540,31
2026-08-19 16:26:05,MRNA,119.0700,119.1000,118.9100,119.1000,4324.0000,119.0350,29
2026-08-19 16:26:10,MRNA,119.2500,119.6000,119.0000,119.0300,3853.0000,119.1360,22
2026-08-19 16:26:15,MRNA,119.0000,119.1600,119.0000,119.0100,6079.0000,119.0160,53
2026-08-19 16:26:20,MRNA,119.0000,119.1100,118.9700,119.0000,5744.0000,119.0150,36
2026-08-19 16:26:25,MRNA,119.0300,119.1500,119.0300,119.0600,746.0000,119.0830,7
2026-08-19 16:26:30,MRNA,119.1600,119.2100,119.0600,119.1000,2119.0000,119.1570,16
2026-08-19 16:26:35,MRNA,119.1700,119.6000,119.1500,119.4100,4890.0000,119.3910,35
2026-08-19 16:26:40,MRNA,119.2700,119.2800,119.0000,119.1600,3921.0000,119.1040,31
2026-08-19 16:26:45,MRNA,119.2000,119.3500,119.1700,119.2000,2122.0000,119.2700,10
2026-08-19 16:26:50,MRNA,119.3000,119.3700,119.2100,119.3000,4111.0000,119.3050,13
2026-08-19 16:26:55,MRNA,119.2100,119.4200,119.1200,119.3800,1920.0000,119.2520,17
2026-08-19 16:27:00,MRNA,119.4200,120.0000,119.3600,120.0000,11755.0000,119.8900,48
2026-08-19 16:27:05,MRNA,120.0100,120.7800,120.0100,120.5100,2891.0000,120.4950,16
2026-08-19 16:27:10,MRNA,120.4300,120.4300,120.0000,120.0000,10636.0000,120.0290,46
2026-08-19 16:27:15,MRNA,120.0000,120.1000,119.5600,119.5600,10854.0000,119.9730,69
2026-08-19 16:27:20,MRNA,119.6900,119.7300,119.5100,119.5800,1022.0000,119.6010,8
2026-08-19 16:27:25,MRNA,119.5100,119.6500,119.4300,119.4500,2304.0000,119.5340,13
2026-08-19 16:27:30,MRNA,119.3900,119.5600,119.3900,119.4400,3280.0000,119.4780,25
2026-08-19 16:27:35,MRNA,119.4300,119.8200,119.3600,119.3900,3704.0000,119.5170,32
2026-08-19 16:27:40,MRNA,119.4200,119.4200,118.5000,118.5900,15330.0000,118.9090,76
2026-08-19 16:27:45,MRNA,118.7000,118.7600,118.3500,118.4800,3540.0000,118.4650,32
2026-08-19 16:27:50,MRNA,118.4100,119.0000,118.3000,119.0000,6535.0000,118.5500,45
2026-08-19 16:27:55,MRNA,118.6000,119.1200,118.4500,119.0000,2085.0000,118.5780,14
2026-08-19 16:28:00,MRNA,119.0000,119.0000,117.1000,117.2600,38740.0000,117.8280,132
2026-08-19 16:28:05,MRNA,117.5700,118.0800,117.4100,117.8500,10555.0000,117.6830,53
2026-08-19 16:28:10,MRNA,117.7100,118.1400,117.6600,117.9000,10196.0000,117.9250,55
2026-08-19 16:28:15,MRNA,117.9000,118.0600,117.6600,117.7900,18728.0000,117.8140,80
2026-08-19 16:28:20,MRNA,117.7100,117.9400,117.6600,117.7000,4160.0000,117.7970,33
2026-08-19 16:28:25,MRNA,117.7000,117.7000,117.3300,117.3300,6617.0000,117.5610,40
2026-08-19 16:28:30,MRNA,117.3300,117.9100,117.2500,117.7500,9872.0000,117.6490,61
2026-08-19 16:28:35,MRNA,117.7500,117.8600,117.6600,117.8600,3800.0000,117.7520,27
2026-08-19 16:28:40,MRNA,117.7800,118.0200,117.7000,117.9800,9611.0000,117.8710,63
2026-08-19 16:28:45,MRNA,117.8500,118.0200,117.8200,117.9300,6290.0000,117.9390,35
2026-08-19 16:28:50,MRNA,117.9200,118.2300,117.4700,118.0000,38305.0000,117.9350,183
2026-08-19 16:28:55,MRNA,117.7700,117.9500,117.6000,117.6000,7316.0000,117.7890,41
2026-08-19 16:29:00,MRNA,117.5100,117.7000,117.5000,117.6100,4831.0000,117.5630,31
2026-08-19 16:29:05,MRNA,117.5800,117.7900,117.5000,117.7400,13048.0000,117.6510,66
2026-08-19 16:29:10,MRNA,117.6300,117.7000,117.1800,117.3500,25997.0000,117.5740,131
2026-08-19 16:29:15,MRNA,117.2800,117.6500,117.1100,117.5200,9767.0000,117.4390,57
2026-08-19 16:29:20,MRNA,117.4800,117.8300,117.4000,117.8300,5759.0000,117.5610,37
2026-08-19 16:29:25,MRNA,117.8400,117.8900,117.5000,117.6000,5701.0000,117.6240,32
2026-08-19 16:29:30,MRNA,117.6700,117.8400,117.6300,117.8300,4887.0000,117.7210,30
2026-08-19 16:29:35,MRNA,117.8500,118.0000,117.7500,117.9000,10294.0000,117.9100,47
2026-08-19 16:29:40,MRNA,117.9700,117.9700,117.5200,117.6800,2526.0000,117.6800,19
2026-08-19 16:29:45,MRNA,117.6800,117.8700,117.1000,117.1100,10146.0000,117.4900,43
2026-08-19 16:29:50,MRNA,117.1300,117.4600,116.7000,116.7500,13205.0000,117.0090,76
2026-08-19 16:29:55,MRNA,116.7000,116.7700,116.0600,116.0600,8765.0000,116.5640,63
2026-08-19 16:30:00,MRNA,116.0800,118.7600,115.5100,118.5900,1062269.0000,115.7850,850
2026-08-19 16:30:05,MRNA,118.5500,120.1500,117.2900,119.6300,216330.0000,119.6380,682
2026-08-19 16:30:10,MRNA,119.6900,119.7000,117.5600,118.6800,120370.0000,118.6280,578
2026-08-19 16:30:15,MRNA,118.7400,119.0000,117.7800,118.0900,61166.0000,118.2710,260
2026-08-19 16:30:20,MRNA,118.1400,118.1900,116.2200,116.7600,132217.0000,117.1930,452
2026-08-19 16:30:25,MRNA,116.6300,117.1100,116.3400,116.9600,59293.0000,116.7250,179
2026-08-19 16:30:30,MRNA,116.9700,117.4200,116.0500,116.0500,69575.0000,116.7730,385
2026-08-19 16:30:35,MRNA,116.3700,116.3900,115.0100,115.2100,89084.0000,115.7070,416
2026-08-19 16:30:40,MRNA,115.0600,116.9700,115.0100,116.4200,106483.0000,115.6210,444
2026-08-19 16:30:45,MRNA,116.4200,116.6100,115.1200,115.4100,39573.0000,115.8050,191
2026-08-19 16:30:50,MRNA,115.3800,115.9000,115.0000,115.1000,78653.0000,115.1760,343
2026-08-19 16:30:55,MRNA,115.1100,115.9700,115.0100,115.9100,53571.0000,115.5100,296
2026-08-19 16:31:00,MRNA,116.0000,116.9700,115.8000,116.6200,52058.0000,116.2650,222
2026-08-19 16:31:05,MRNA,116.5700,116.7600,114.4600,115.3100,124179.0000,115.3940,578
2026-08-19 16:31:10,MRNA,115.5300,115.5300,114.4600,115.1500,61741.0000,114.8100,255
2026-08-19 16:31:15,MRNA,115.2400,116.0000,115.0600,115.6200,41592.0000,115.5530,194
2026-08-19 16:31:20,MRNA,115.5300,115.8900,115.1100,115.8900,41287.0000,115.5730,207
2026-08-19 16:31:25,MRNA,115.8000,116.2900,115.2800,115.9900,44407.0000,115.5940,169
2026-08-19 16:31:30,MRNA,116.0800,116.7700,115.8200,116.3000,37515.0000,116.2410,182
2026-08-19 16:31:35,MRNA,116.2800,117.7700,116.1300,117.4400,62185.0000,117.1280,250
2026-08-19 16:31:40,MRNA,117.5800,118.1400,117.1900,117.7000,73333.0000,117.6640,407
2026-08-19 16:31:45,MRNA,117.9400,118.3100,117.2500,117.9100,71432.0000,117.6680,325
2026-08-19 16:31:50,MRNA,117.8500,118.3700,117.3600,118.1800,69398.0000,117.7960,345
2026-08-19 16:31:55,MRNA,118.1800,118.5500,117.0000,117.2400,80679.0000,117.9200,370
2026-08-19 16:32:00,MRNA,117.2400,117.6400,116.0000,116.5000,57802.0000,116.8250,273
2026-08-19 16:32:05,MRNA,116.3600,116.8700,116.2300,116.5700,40448.0000,116.4990,164
2026-08-19 16:32:10,MRNA,116.6400,117.0000,116.1300,116.5600,50125.0000,116.6160,200
2026-08-19 16:32:15,MRNA,116.7700,118.3200,115.9500,118.0300,102485.0000,117.0880,415
2026-08-19 16:32:20,MRNA,118.1900,118.7700,117.7000,118.5500,55205.0000,118.2220,280
2026-08-19 16:32:25,MRNA,118.7600,119.0000,118.0500,118.3500,66296.0000,118.6520,232
2026-08-19 16:32:30,MRNA,118.5000,119.0000,118.1900,119.0000,52485.0000,118.8250,284
2026-08-19 16:32:35,MRNA,118.9800,119.4700,118.2100,118.7100,81133.0000,118.9720,371
2026-08-19 16:32:40,MRNA,118.8100,119.2400,118.5000,119.1500,23208.0000,118.9610,122
2026-08-19 16:32:45,MRNA,119.1000,119.9800,118.7400,119.8700,72879.0000,119.6180,270
2026-08-19 16:32:50,MRNA,119.7800,119.9000,119.0000,119.3400,51427.0000,119.4500,203
2026-08-19 16:32:55,MRNA,119.3400,119.5000,118.7900,118.8400,37422.0000,119.1890,178
2026-08-19 16:33:00,MRNA,118.9100,119.9000,118.1900,119.6900,54105.0000,119.1250,275
2026-08-19 16:33:05,MRNA,119.7600,119.8900,119.0000,119.0800,52973.0000,119.3840,217
2026-08-19 16:33:10,MRNA,119.4200,121.7300,119.3300,121.3300,216817.0000,120.6180,803
2026-08-19 16:33:15,MRNA,121.4500,122.0000,121.0800,121.9100,86606.0000,121.7200,331
2026-08-19 16:33:20,MRNA,121.9100,122.2500,121.0400,121.2100,136795.0000,121.7570,523
2026-08-19 16:33:25,MRNA,121.4100,121.8400,120.7700,121.5100,55599.0000,121.4230,287
2026-08-19 16:33:30,MRNA,121.5400,122.0300,121.3100,121.8000,57933.0000,121.6310,244
2026-08-19 16:33:35,MRNA,121.7800,121.9700,121.2800,121.7400,47166.0000,121.7470,191
2026-08-19 16:33:40,MRNA,121.6700,121.9700,120.5200,120.6600,50165.0000,121.0690,191
2026-08-19 16:33:45,MRNA,120.6600,120.9800,119.5500,119.6900,52148.0000,119.9250,212
2026-08-19 16:33:50,MRNA,119.9700,119.9800,117.5000,117.8100,103681.0000,118.6570,489
2026-08-19 16:33:55,MRNA,117.9600,118.9100,117.8800,118.2700,32923.0000,118.3560,177
2026-08-19 16:34:00,MRNA,118.2700,118.7700,116.5000,116.5400,73253.0000,117.3850,334
2026-08-19 16:34:05,MRNA,116.6100,117.3800,116.3500,117.1900,68692.0000,116.8940,313
2026-08-19 16:34:10,MRNA,117.1500,117.6700,116.7100,117.6600,23819.0000,117.1910,126
2026-08-19 16:34:15,MRNA,117.7800,118.0000,116.7100,116.9900,75029.0000,117.1110,368
2026-08-19 16:34:20,MRNA,116.9300,117.1700,116.3100,116.3900,43680.0000,116.6910,208
2026-08-19 16:34:25,MRNA,116.3100,116.9800,116.0000,116.9800,56416.0000,116.3270,234
2026-08-19 16:34:30,MRNA,116.8300,116.9600,116.3900,116.6700,15573.0000,116.6590,79
2026-08-19 16:34:35,MRNA,116.7000,116.9600,116.1500,116.7300,23133.0000,116.5540,112
2026-08-19 16:34:40,MRNA,116.8100,117.0100,116.6100,116.6800,23210.0000,116.8110,157
2026-08-19 16:34:45,MRNA,116.8600,117.7000,116.6200,117.4600,30022.0000,117.1550,113
2026-08-19 16:34:50,MRNA,117.7000,117.8800,117.2500,117.5100,18943.0000,117.4190,95
2026-08-19 16:34:55,MRNA,117.4000,117.6700,117.2600,117.3800,25405.0000,117.4820,104
2026-08-19 16:35:00,MRNA,117.4000,118.3800,117.4000,118.3800,34278.0000,117.7450,169
2026-08-19 16:35:05,MRNA,118.1700,118.9000,118.0200,118.8400,42833.0000,118.4480,219
2026-08-19 16:35:10,MRNA,118.4300,118.8400,117.9700,118.3400,27160.0000,118.1880,156
2026-08-19 16:35:15,MRNA,118.5000,118.6800,118.1900,118.2900,29056.0000,118.4760,176
2026-08-19 16:35:20,MRNA,118.3000,119.5600,118.2700,119.3500,45744.0000,118.8830,222
2026-08-19 16:35:25,MRNA,119.4100,120.3400,119.4100,119.7300,84634.0000,119.9120,369
2026-08-19 16:35:30,MRNA,119.7000,120.1500,119.4200,119.7200,30510.0000,119.8710,144
2026-08-19 16:35:35,MRNA,119.9200,120.7100,119.7200,120.3700,54188.0000,120.2530,251
2026-08-19 16:35:40,MRNA,120.4800,120.7200,120.0200,120.7100,42894.0000,120.3920,218
2026-08-19 16:35:45,MRNA,120.6100,120.7400,120.1800,120.5600,47500.0000,120.4770,204
2026-08-19 16:35:50,MRNA,120.5600,121.1100,120.4000,120.9600,78919.0000,120.8340,261
2026-08-19 16:35:55,MRNA,120.9400,121.0000,120.6700,121.0000,25833.0000,120.8970,134
2026-08-19 16:36:00,MRNA,120.8500,121.2500,120.7600,120.8800,31385.0000,120.9670,154
2026-08-19 16:36:05,MRNA,120.7000,120.9700,119.8100,119.8800,68820.0000,120.2910,328
2026-08-19 16:36:10,MRNA,119.8800,120.3000,119.6900,120.0600,38394.0000,119.8970,210
2026-08-19 16:36:15,MRNA,120.1400,120.9000,120.1400,120.7800,21052.0000,120.4990,135
2026-08-19 16:36:20,MRNA,120.7800,120.8200,119.8800,119.8800,40721.0000,120.3030,223
2026-08-19 16:36:25,MRNA,120.0000,120.5000,119.4200,119.8600,40244.0000,119.8590,167
2026-08-19 16:36:30,MRNA,119.8600,120.4000,119.6900,119.9300,51460.0000,120.0150,183
2026-08-19 16:36:35,MRNA,119.9800,119.9800,119.5000,119.5000,26405.0000,119.7240,144
2026-08-19 16:36:40,MRNA,119.6000,119.7000,119.1500,119.2000,27055.0000,119.4090,171
2026-08-19 16:36:45,MRNA,119.2800,119.6100,118.4300,118.6400,44454.0000,118.8730,190
2026-08-19 16:36:50,MRNA,118.7000,119.5000,118.5500,119.3600,26315.0000,119.0470,110
2026-08-19 16:36:55,MRNA,119.3300,120.3900,119.2100,119.5700,131059.0000,119.9510,667
2026-08-19 16:37:00,MRNA,119.5700,119.9000,119.4500,119.5500,10556.0000,119.6970,46
2026-08-19 16:37:05,MRNA,119.5200,119.8100,119.1100,119.3300,34284.0000,119.4060,141
2026-08-19 16:37:10,MRNA,119.3200,119.8000,119.1600,119.5000,28501.0000,119.4200,110
2026-08-19 16:37:15,MRNA,119.4700,119.9900,119.2900,119.7700,22390.0000,119.5950,104
2026-08-19 16:37:20,MRNA,119.9900,119.9900,119.5600,119.9100,15032.0000,119.7270,85
2026-08-19 16:37:25,MRNA,119.8600,120.3500,119.8300,119.9400,95474.0000,120.0250,222
2026-08-19 16:37:30,MRNA,119.8500,120.7800,119.6000,120.5400,70438.0000,120.1920,313
2026-08-19 16:37:35,MRNA,120.7700,120.7800,119.9900,119.9900,42867.0000,120.3030,227
2026-08-19 16:37:40,MRNA,120.0700,120.3400,119.9200,120.1700,26652.0000,120.1210,151
2026-08-19 16:37:45,MRNA,120.0900,120.4300,120.0000,120.3400,20880.0000,120.2680,82
2026-08-19 16:37:50,MRNA,120.4900,122.6600,120.3400,122.6600,205278.0000,121.7750,874
2026-08-19 16:37:55,MRNA,122.5900,122.9900,122.3900,122.8900,67342.0000,122.7640,287
2026-08-19 16:38:00,MRNA,122.8000,123.8600,122.6400,123.1400,147384.0000,123.1920,512
2026-08-19 16:38:05,MRNA,123.1800,123.5000,122.8900,123.0900,67720.0000,123.2130,237
2026-08-19 16:38:10,MRNA,123.2100,123.5000,123.0500,123.3900,56283.0000,123.3120,239
2026-08-19 16:38:15,MRNA,123.3700,123.6700,123.2700,123.6200,42798.0000,123.5650,190
2026-08-19 16:38:20,MRNA,123.6200,124.3000,123.2300,124.2700,81395.0000,123.8160,336
2026-08-19 16:38:25,MRNA,124.2500,125.1700,124.2000,125.1700,348054.0000,124.9400,954
2026-08-19 16:38:30,MRNA,125.1600,125.2800,124.7200,125.0700,172121.0000,125.0790,615
2026-08-19 16:38:35,MRNA,125.0700,125.8000,125.0400,125.6300,57135.0000,125.4900,283
2026-08-19 16:38:40,MRNA,125.6700,125.8800,125.5000,125.5700,76145.0000,125.7360,344
2026-08-19 16:38:45,MRNA,125.5700,125.6200,125.1400,125.4100,67548.0000,125.3450,236
2026-08-19 16:38:50,MRNA,125.4500,125.7800,125.3200,125.6500,34280.0000,125.5830,130
2026-08-19 16:38:55,MRNA,125.7700,126.3800,125.5700,126.2100,131053.0000,126.0620,555
2026-08-19 16:39:00,MRNA,126.2100,126.2100,124.8400,125.0000,196409.0000,125.2850,723
2026-08-19 16:39:05,MRNA,125.0600,125.4200,124.8600,125.2200,63238.0000,125.1740,222
2026-08-19 16:39:10,MRNA,125.2200,125.6800,125.0000,125.1400,55487.0000,125.2950,219
2026-08-19 16:39:15,MRNA,125.0600,125.7800,125.0100,125.7800,31420.0000,125.3470,95
2026-08-19 16:39:20,MRNA,125.7900,126.4400,125.7100,126.2200,51465.0000,126.1420,244
2026-08-19 16:39:25,MRNA,126.2200,126.4100,125.6800,125.8500,63732.0000,125.9850,280
2026-08-19 16:39:30,MRNA,125.9100,126.6800,125.7700,126.4700,71366.0000,126.2790,296
2026-08-19 16:39:35,MRNA,126.4200,126.6000,126.0400,126.6000,38417.0000,126.2990,190
2026-08-19 16:39:40,MRNA,126.6000,126.6800,126.2000,126.3300,41226.0000,126.4200,156
2026-08-19 16:39:45,MRNA,126.3800,126.6200,126.3100,126.5500,27458.0000,126.4360,126
2026-08-19 16:39:50,MRNA,126.5300,126.8800,126.3800,126.3800,56361.0000,126.6590,239
2026-08-19 16:39:55,MRNA,126.4600,126.7800,125.9100,126.3400,58515.0000,126.2410,284
2026-08-19 16:40:00,MRNA,126.2600,126.5400,125.8800,126.0800,53474.0000,126.3150,216
2026-08-19 16:40:05,MRNA,126.0200,126.2100,125.4500,125.8700,52755.0000,125.7880,198
2026-08-19 16:40:10,MRNA,125.7500,126.0000,125.3600,125.5800,44545.0000,125.6430,177
2026-08-19 16:40:15,MRNA,125.4500,126.0400,125.4400,126.0100,23678.0000,125.8340,107
2026-08-19 16:40:20,MRNA,125.9300,126.5900,125.9200,126.3000,26767.0000,126.2590,120
2026-08-19 16:40:25,MRNA,126.2900,126.3500,126.0100,126.3400,18539.0000,126.2110,107
2026-08-19 16:40:30,MRNA,126.3000,126.4300,125.5000,125.8800,46486.0000,125.8790,201
2026-08-19 16:40:35,MRNA,125.9300,125.9300,125.2000,125.3100,36899.0000,125.5450,199
2026-08-19 16:40:40,MRNA,125.5200,125.5200,124.6200,124.9000,116940.0000,124.9650,436
2026-08-19 16:40:45,MRNA,124.8400,125.0500,124.6600,124.9000,62122.0000,124.7950,308
2026-08-19 16:40:50,MRNA,124.8700,125.6000,124.8300,125.3500,28063.0000,125.1860,133
2026-08-19 16:40:55,MRNA,125.2500,125.6000,125.1100,125.2400,24118.0000,125.3040,98
2026-08-19 16:41:00,MRNA,125.2000,125.3000,124.9700,125.1900,48098.0000,125.1070,246
2026-08-19 16:41:05,MRNA,125.1600,126.1500,125.1100,126.1500,40239.0000,125.6380,187
2026-08-19 16:41:10,MRNA,126.1400,126.1600,125.0000,125.4800,81022.0000,125.5880,373
2026-08-19 16:41:15,MRNA,125.4800,126.5000,125.1600,126.4400,28299.0000,125.8170,145
2026-08-19 16:41:20,MRNA,126.3200,126.9500,126.2700,126.5700,42069.0000,126.6440,205
2026-08-19 16:41:25,MRNA,126.5700,127.0400,126.4100,126.6600,103709.0000,126.9070,367
2026-08-19 16:41:30,MRNA,126.6300,126.9300,126.5500,126.8600,48589.0000,126.7450,235
2026-08-19 16:41:35,MRNA,126.6000,127.8700,126.5900,127.7100,70608.0000,127.3250,323
2026-08-19 16:41:40,MRNA,127.7100,127.9000,127.4200,127.7000,50596.0000,127.7200,209
2026-08-19 16:41:45,MRNA,127.7000,128.1600,127.3800,127.9900,123851.0000,127.8470,529
2026-08-19 16:41:50,MRNA,127.8500,128.3000,127.8500,128.2100,73696.0000,128.1040,311
2026-08-19 16:41:55,MRNA,128.2600,128.6500,128.0000,128.6000,62890.0000,128.2790,290
2026-08-19 16:42:00,MRNA,128.5000,128.7000,128.0100,128.0100,83772.0000,128.3980,445
2026-08-19 16:42:05,MRNA,128.0900,128.5000,127.0500,127.2400,108798.0000,127.6260,410
2026-08-19 16:42:10,MRNA,127.3500,128.0000,127.2200,127.4700,53068.0000,127.6660,239
2026-08-19 16:42:15,MRNA,127.6400,128.0000,127.0000,128.0000,51133.0000,127.3490,210
2026-08-19 16:42:20,MRNA,127.9100,127.9800,126.9400,127.1100,46660.0000,127.2710,137
2026-08-19 16:42:25,MRNA,127.0100,127.2800,126.2900,126.6800,75681.0000,126.7650,294
2026-08-19 16:42:30,MRNA,126.4900,127.1600,126.4900,126.8700,33492.0000,126.7950,149
2026-08-19 16:42:35,MRNA,126.8700,127.0100,126.4900,126.6200,19684.0000,126.6970,110
2026-08-19 16:42:40,MRNA,126.4900,126.6100,126.1400,126.2700,56377.0000,126.3180,146
2026-08-19 16:42:45,MRNA,126.2000,126.5000,125.3900,125.4800,53918.0000,126.0250,265
2026-08-19 16:42:50,MRNA,125.6000,126.1700,125.5100,125.8600,25361.0000,125.7820,109
2026-08-19 16:42:55,MRNA,125.8700,126.2800,125.8000,126.1400,35210.0000,126.0410,114
2026-08-19 16:43:00,MRNA,126.1000,126.2800,125.7200,125.9600,22692.0000,125.9600,116
2026-08-19 16:43:05,MRNA,125.8600,125.8600,124.1500,124.2000,116348.0000,124.9690,458
2026-08-19 16:43:10,MRNA,124.2600,124.7400,123.7000,123.9300,66328.0000,124.2530,310
2026-08-19 16:43:15,MRNA,123.9300,124.8900,123.7000,124.2500,58020.0000,124.4150,228
2026-08-19 16:43:20,MRNA,124.3200,124.5500,124.0600,124.2000,46216.0000,124.3010,162
2026-08-19 16:43:25,MRNA,124.1600,124.2700,123.7200,124.2000,28480.0000,124.0360,146
2026-08-19 16:43:30,MRNA,124.1800,124.4900,124.0100,124.4700,30907.0000,124.2740,135
2026-08-19 16:43:35,MRNA,124.3800,124.7200,124.3800,124.6000,23708.0000,124.5710,104
2026-08-19 16:43:40,MRNA,124.6000,124.6100,123.4700,123.6900,51335.0000,123.9890,256
2026-08-19 16:43:45,MRNA,123.6900,124.3000,123.3100,124.2100,52069.0000,123.8520,221
2026-08-19 16:43:50,MRNA,124.2800,124.4900,124.1100,124.2600,23873.0000,124.2800,100
2026-08-19 16:43:55,MRNA,124.1400,124.8500,123.8200,123.8200,83705.0000,124.2930,348
2026-08-19 16:44:00,MRNA,123.8600,124.1200,123.7200,123.8200,12333.0000,123.8730,62
2026-08-19 16:44:05,MRNA,123.7600,124.0000,123.5300,123.9600,26315.0000,123.7890,125
2026-08-19 16:44:10,MRNA,123.8500,124.8500,123.5000,124.6100,29972.0000,124.0480,171
2026-08-19 16:44:15,MRNA,124.6000,124.7900,124.3600,124.4600,19577.0000,124.5420,99
2026-08-19 16:44:20,MRNA,124.5400,124.8500,124.3900,124.6700,21337.0000,124.6100,97
2026-08-19 16:44:25,MRNA,124.6700,125.0800,124.5400,124.6200,49367.0000,124.8300,200
2026-08-19 16:44:30,MRNA,124.7600,124.8200,124.2000,124.5000,53298.0000,124.5690,245
2026-08-19 16:44:35,MRNA,124.4700,124.5600,123.9200,124.1600,23468.0000,124.1970,117
2026-08-19 16:44:40,MRNA,124.1300,124.2500,124.0200,124.0400,11504.0000,124.1440,57
2026-08-19 16:44:45,MRNA,124.1300,124.2400,123.7800,123.9500,9212.0000,123.9360,61
2026-08-19 16:44:50,MRNA,123.9400,124.0600,123.2100,123.6400,48915.0000,123.6270,175
2026-08-19 16:44:55,MRNA,123.6700,124.2500,123.4700,124.0600,27096.0000,123.9630,135
2026-08-19 16:45:00,MRNA,124.0000,124.1900,123.5800,124.1200,25087.0000,124.0110,95
2026-08-19 16:45:05,MRNA,124.0300,124.2100,123.3800,123.5200,33909.0000,123.7710,150
2026-08-19 16:45:10,MRNA,123.3600,124.4000,123.1900,124.2700,34803.0000,123.8750,204
2026-08-19 16:45:15,MRNA,124.3500,124.5000,124.0700,124.3200,23454.0000,124.3060,113
2026-08-19 16:45:20,MRNA,124.3100,124.7000,124.2400,124.5400,30819.0000,124.5030,150
2026-08-19 16:45:25,MRNA,124.4900,124.9500,124.2200,124.7000,34046.0000,124.5870,161
2026-08-19 16:45:30,MRNA,124.7100,125.2700,124.5000,124.5700,48139.0000,124.9190,234
2026-08-19 16:45:35,MRNA,124.6200,124.9000,124.5100,124.6300,21276.0000,124.6830,83
2026-08-19 16:45:40,MRNA,124.7100,124.7900,124.2800,124.4000,11017.0000,124.4950,67
2026-08-19 16:45:45,MRNA,124.4000,124.8000,124.0000,124.4600,45993.0000,124.3480,208
2026-08-19 16:45:50,MRNA,124.5900,125.1300,124.4500,125.0400,12718.0000,124.7720,70
2026-08-19 16:45:55,MRNA,125.0400,125.0600,124.5000,124.6600,26531.0000,124.8640,128
2026-08-19 16:46:00,MRNA,124.9500,125.1900,124.6100,125.0900,22374.0000,124.9470,130
2026-08-19 16:46:05,MRNA,125.0900,125.3300,124.7800,124.9900,31566.0000,125.0670,157
2026-08-19 16:46:10,MRNA,125.0800,126.0000,124.6100,125.7900,71905.0000,125.5280,343
2026-08-19 16:46:15,MRNA,125.7800,127.8300,125.6500,127.5500,120807.0000,126.8600,445
2026-08-19 16:46:20,MRNA,127.5600,128.7000,127.5200,128.4700,91659.0000,128.2060,442
2026-08-19 16:46:25,MRNA,128.6400,128.7500,128.2800,128.4700,58422.0000,128.5190,272
2026-08-19 16:46:30,MRNA,128.4100,128.7500,128.0000,128.5400,44592.0000,128.3410,250
2026-08-19 16:46:35,MRNA,128.5600,128.7100,128.2200,128.5900,38659.0000,128.4480,207
2026-08-19 16:46:40,MRNA,128.4200,128.7500,128.1200,128.3300,61908.0000,128.4840,252
2026-08-19 16:46:45,MRNA,128.3400,128.3400,127.3900,127.6900,61128.0000,127.8210,303
2026-08-19 16:46:50,MRNA,127.6000,128.0000,127.4400,127.9300,27438.0000,127.7850,124
2026-08-19 16:46:55,MRNA,127.8900,128.2700,127.8400,127.9900,29273.0000,128.0500,148
2026-08-19 16:47:00,MRNA,127.9200,128.1400,127.2700,127.5100,47122.0000,127.6780,243
2026-08-19 16:47:05,MRNA,127.2700,127.6400,126.5300,126.5700,33779.0000,127.0190,188
2026-08-19 16:47:10,MRNA,126.5600,126.8700,126.2000,126.3800,64716.0000,126.5790,251
2026-08-19 16:47:15,MRNA,126.2900,126.4700,125.7600,125.8200,54365.0000,126.1610,247
2026-08-19 16:47:20,MRNA,125.8200,126.1400,125.5700,126.0100,22555.0000,125.8500,121
2026-08-19 16:47:25,MRNA,125.9500,126.1400,125.5400,125.7500,23750.0000,125.8050,140
2026-08-19 16:47:30,MRNA,125.6700,126.0200,125.5000,126.0200,25390.0000,125.7390,116
2026-08-19 16:47:35,MRNA,126.1100,126.5000,125.9100,126.5000,26327.0000,126.2350,139
2026-08-19 16:47:40,MRNA,126.3800,126.7100,125.9100,126.4500,47454.0000,126.3120,171
2026-08-19 16:47:45,MRNA,126.4400,126.6200,126.3100,126.3800,28828.0000,126.4690,107
2026-08-19 16:47:50,MRNA,126.4600,126.6800,126.3100,126.5000,12103.0000,126.5080,75
2026-08-19 16:47:55,MRNA,126.5000,126.6600,126.0700,126.1500,18934.0000,126.3360,85
2026-08-19 16:48:00,MRNA,126.1500,126.8200,126.1000,126.5800,37142.0000,126.5090,177
2026-08-19 16:48:05,MRNA,126.5800,127.2600,126.5200,126.9800,31697.0000,126.9030,134
2026-08-19 16:48:10,MRNA,126.9200,127.1200,126.5000,126.6500,51092.0000,126.7550,194
2026-08-19 16:48:15,MRNA,126.7200,127.7500,126.5600,127.4800,31582.0000,127.1460,135
2026-08-19 16:48:20,MRNA,127.4800,127.7500,127.3400,127.6400,21025.0000,127.5730,127
2026-08-19 16:48:25,MRNA,127.6400,127.8900,127.5900,127.7300,17660.0000,127.7330,89
2026-08-19 16:48:30,MRNA,127.8500,128.4500,127.8100,128.4500,59244.0000,128.1410,227
2026-08-19 16:48:35,MRNA,128.2700,128.5000,127.7700,128.4000,84054.0000,128.2590,408
2026-08-19 16:48:40,MRNA,128.3400,128.7500,128.1300,128.6300,59129.0000,128.4210,276
2026-08-19 16:48:45,MRNA,128.6200,129.2500,128.5000,129.1700,133314.0000,128.9680,486
2026-08-19 16:48:50,MRNA,129.1800,129.2500,128.6200,128.8400,59207.0000,128.9520,272
2026-08-19 16:48:55,MRNA,128.8600,129.3700,128.8300,129.1600,40631.0000,129.1140,113
2026-08-19 16:49:00,MRNA,129.1600,129.5300,129.1200,129.5300,55061.0000,129.3350,195
2026-08-19 16:49:05,MRNA,129.4200,129.5300,129.2300,129.3100,33127.0000,129.4130,156
2026-08-19 16:49:10,MRNA,129.2400,129.9400,128.7700,128.9100,133604.0000,129.5380,630
2026-08-19 16:49:15,MRNA,128.8300,129.5000,128.7700,129.3000,63429.0000,129.2390,194
2026-08-19 16:49:20,MRNA,129.3000,129.6400,129.1400,129.4000,38476.0000,129.3590,183
2026-08-19 16:49:25,MRNA,129.5000,129.5600,129.2600,129.4500,16944.0000,129.3980,94
2026-08-19 16:49:30,MRNA,129.4700,129.4700,128.7800,129.3100,64022.0000,129.0370,326
2026-08-19 16:49:35,MRNA,129.2500,129.6400,128.9500,129.1600,66832.0000,129.3520,251
2026-08-19 16:49:40,MRNA,129.3100,129.5500,128.9700,129.5500,32287.0000,129.2520,163
2026-08-19 16:49:45,MRNA,129.4000,129.5500,129.1400,129.4100,21982.0000,129.3670,103
2026-08-19 16:49:50,MRNA,129.4000,130.1800,129.2700,130.0000,214522.0000,129.8890,677
2026-08-19 16:49:55,MRNA,129.9700,130.0000,129.4700,129.4700,32779.0000,129.6880,178
2026-08-19 16:50:00,MRNA,129.5000,129.8300,129.3300,129.7500,47468.0000,129.5550,219
2026-08-19 16:50:05,MRNA,129.7400,129.8600,129.6100,129.7200,26319.0000,129.7790,148
2026-08-19 16:50:10,MRNA,129.7000,129.9300,129.5000,129.7100,25349.0000,129.7440,135
2026-08-19 16:50:15,MRNA,129.7100,130.4700,129.7100,130.3400,66431.0000,130.1650,266
2026-08-19 16:50:20,MRNA,130.3400,130.8200,130.2000,130.7000,55686.0000,130.4950,275
2026-08-19 16:50:25,MRNA,130.6900,130.8200,130.4300,130.5900,31426.0000,130.5650,139
2026-08-19 16:50:30,MRNA,130.6800,130.7000,130.3000,130.4500,33353.0000,130.4800,140
2026-08-19 16:50:35,MRNA,130.4500,130.5600,130.2400,130.4500,50528.0000,130.3370,182
2026-08-19 16:50:40,MRNA,130.4900,131.4000,130.4500,131.2700,71487.0000,130.9880,268
2026-08-19 16:50:45,MRNA,131.3100,131.5900,130.8800,130.9400,56640.0000,131.2850,292
2026-08-19 16:50:50,MRNA,130.9000,131.2200,130.6200,130.9700,23436.0000,130.8800,132
2026-08-19 16:50:55,MRNA,130.9100,131.0700,130.7800,130.9300,25140.0000,130.9480,111
2026-08-19 16:51:00,MRNA,130.9100,131.2200,130.4600,131.0000,63313.0000,130.8380,278
2026-08-19 16:51:05,MRNA,131.1100,132.8000,131.0000,132.8000,186184.0000,131.7970,611
2026-08-19 16:51:10,MRNA,132.7800,133.3300,132.6500,133.2400,78567.0000,132.9900,340
2026-08-19 16:51:15,MRNA,133.2400,133.3500,133.0700,133.1600,53449.0000,133.2230,224
2026-08-19 16:51:20,MRNA,133.1300,133.3200,132.8100,132.8100,69681.0000,133.0380,325
2026-08-19 16:51:25,MRNA,132.9100,133.4300,132.7600,133.3600,39435.0000,132.9870,186
2026-08-19 16:51:30,MRNA,133.4100,133.5000,132.8200,132.9000,38983.0000,133.1570,156
2026-08-19 16:51:35,MRNA,132.9600,133.4700,132.8400,133.3700,32224.0000,133.1420,153
2026-08-19 16:51:40,MRNA,133.2500,133.7000,133.1300,133.7000,34632.0000,133.3560,141
2026-08-19 16:51:45,MRNA,133.7100,133.8200,133.5200,133.5500,42041.0000,133.6750,205
2026-08-19 16:51:50,MRNA,133.5000,133.8200,133.4800,133.8100,37999.0000,133.6110,120
2026-08-19 16:51:55,MRNA,133.8000,133.8000,133.4700,133.6100,40899.0000,133.5710,135
2026-08-19 16:52:00,MRNA,133.5000,133.6300,132.6400,132.9400,75176.0000,133.2060,375
2026-08-19 16:52:05,MRNA,132.8900,133.0000,132.1900,132.5000,61629.0000,132.5070,261
2026-08-19 16:52:10,MRNA,132.4000,132.7900,132.3500,132.5300,36650.0000,132.5700,148
2026-08-19 16:52:15,MRNA,132.5800,133.4400,132.4900,132.8600,42457.0000,132.9610,199
2026-08-19 16:52:20,MRNA,132.9900,134.2500,132.8000,133.9100,82423.0000,133.7280,412
2026-08-19 16:52:25,MRNA,133.9100,134.4700,133.8200,134.4700,40969.0000,134.1510,186
2026-08-19 16:52:30,MRNA,134.4500,134.6600,134.3100,134.4100,38511.0000,134.4970,173
2026-08-19 16:52:35,MRNA,134.3900,134.6200,134.3200,134.5300,37900.0000,134.4700,200
2026-08-19 16:52:40,MRNA,134.5300,134.8400,134.4400,134.7500,28504.0000,134.6180,162
2026-08-19 16:52:45,MRNA,134.8700,135.4000,134.7300,135.3300,189552.0000,135.0320,727
2026-08-19 16:52:50,MRNA,135.2200,135.9500,135.1200,135.8400,64604.0000,135.5160,215
2026-08-19 16:52:55,MRNA,135.8600,136.1900,135.4400,135.4800,108065.0000,135.8830,451
2026-08-19 16:53:00,MRNA,135.8000,136.2000,135.1300,135.1300,81750.0000,135.6890,341
2026-08-19 16:53:05,MRNA,135.1400,135.4200,134.7200,135.1100,75718.0000,135.0550,295
2026-08-19 16:53:10,MRNA,135.1100,135.4200,135.0600,135.2800,23448.0000,135.2480,120
2026-08-19 16:53:15,MRNA,135.2800,135.7800,135.1200,135.7100,33111.0000,135.3290,128
2026-08-19 16:53:20,MRNA,135.6800,136.2300,135.5000,135.6100,48857.0000,135.8290,221
2026-08-19 16:53:25,MRNA,135.6600,136.2700,135.5500,136.1300,36473.0000,135.8890,183
2026-08-19 16:53:30,MRNA,136.1300,136.6500,136.0500,136.6500,40224.0000,136.2730,201
2026-08-19 16:53:35,MRNA,136.4800,136.7600,136.2800,136.4900,50070.0000,136.5280,212
2026-08-19 16:53:40,MRNA,136.4900,136.7300,136.0200,136.3900,59087.0000,136.3350,274
2026-08-19 16:53:45,MRNA,136.3900,136.8800,135.6500,136.6100,72370.0000,136.1960,337
2026-08-19 16:53:50,MRNA,136.7200,136.7500,136.2400,136.6600,53716.0000,136.4980,189
2026-08-19 16:53:55,MRNA,136.6500,136.7300,135.5300,135.6200,80510.0000,136.3750,336
2026-08-19 16:54:00,MRNA,135.6800,136.2300,135.4800,136.2300,69679.0000,135.9000,244
2026-08-19 16:54:05,MRNA,136.2300,136.4300,135.9500,136.2500,68218.0000,136.1640,273
2026-08-19 16:54:10,MRNA,136.2800,136.8100,136.0600,136.3000,48810.0000,136.4400,270
2026-08-19 16:54:15,MRNA,136.4300,137.7700,136.4300,137.5300,102227.0000,137.2540,404
2026-08-19 16:54:20,MRNA,137.3900,137.7000,137.2700,137.6700,39576.0000,137.5150,183
2026-08-19 16:54:25,MRNA,137.7000,137.8700,137.2900,137.4100,88635.0000,137.6340,389
2026-08-19 16:54:30,MRNA,137.2900,138.3600,137.2900,138.2300,96696.0000,137.8810,297
2026-08-19 16:54:35,MRNA,138.2300,138.3500,137.7600,138.2100,66651.0000,138.1120,242
2026-08-19 16:54:40,MRNA,138.2300,138.8700,138.1200,138.6800,59573.0000,138.3590,194
2026-08-19 16:54:45,MRNA,138.8300,138.9500,138.2400,138.2800,82509.0000,138.6400,363
2026-08-19 16:54:50,MRNA,138.3600,138.3700,137.7100,137.8600,83827.0000,138.0070,426
2026-08-19 16:54:55,MRNA,137.8600,138.4400,137.8200,138.2200,38979.0000,138.1680,125
2026-08-19 16:55:00,MRNA,138.2000,138.9000,138.1400,138.2100,60236.0000,138.5960,219
2026-08-19 16:55:05,MRNA,138.5000,138.7300,138.1400,138.4400,75951.0000,138.4420,289
2026-08-19 16:55:10,MRNA,138.5000,138.7500,137.3500,137.3900,112397.0000,138.2000,436
2026-08-19 16:55:15,MRNA,137.5900,138.0000,137.0100,137.3800,94654.0000,137.3960,403
2026-08-19 16:55:20,MRNA,137.3400,137.4000,136.7200,137.0000,59912.0000,137.0320,249
2026-08-19 16:55:25,MRNA,137.0000,137.2300,136.5800,136.9800,52083.0000,136.8990,221
2026-08-19 16:55:30,MRNA,137.0000,137.7800,136.8500,137.6800,36940.0000,137.2550,148
2026-08-19 16:55:35,MRNA,137.7700,137.8700,136.7500,136.8100,42516.0000,137.2520,194
2026-08-19 16:55:40,MRNA,136.7700,136.8600,136.3700,136.5100,37912.0000,136.6300,198
2026-08-19 16:55:45,MRNA,136.5400,137.3200,135.7200,135.8600,122503.0000,136.4290,357
2026-08-19 16:55:50,MRNA,135.8600,136.8300,135.7600,136.7200,34705.0000,136.1020,135
2026-08-19 16:55:55,MRNA,136.8000,136.8500,136.3900,136.6200,38431.0000,136.6600,152
2026-08-19 16:56:00,MRNA,136.7100,137.5000,136.4600,137.3800,40664.0000,136.8810,208
2026-08-19 16:56:05,MRNA,137.4200,137.6900,137.0000,137.2500,86870.0000,137.2910,288
2026-08-19 16:56:10,MRNA,137.4000,137.6800,137.1400,137.4200,34614.0000,137.4470,141
2026-08-19 16:56:15,MRNA,137.5300,137.8800,137.3100,137.4900,43079.0000,137.5730,185
2026-08-19 16:56:20,MRNA,137.5500,138.5200,137.4000,138.3100,78144.0000,138.1460,287
2026-08-19 16:56:25,MRNA,138.2300,138.4100,137.1600,137.5500,71585.0000,137.8030,290
2026-08-19 16:56:30,MRNA,137.5500,137.6900,136.3600,136.3600,37516.0000,137.1950,220
2026-08-19 16:56:35,MRNA,136.5100,137.1400,136.2000,137.1000,40244.0000,136.5630,182
2026-08-19 16:56:40,MRNA,136.9100,137.4000,136.3000,136.6100,68013.0000,137.0650,221
2026-08-19 16:56:45,MRNA,136.7200,136.8600,135.2400,135.5900,64206.0000,135.7460,332
2026-08-19 16:56:50,MRNA,135.5300,137.1800,135.5000,137.0100,75282.0000,135.9900,345
2026-08-19 16:56:55,MRNA,137.1000,137.9000,136.8000,137.8100,63345.0000,137.5220,246
2026-08-19 16:57:00,MRNA,137.8300,139.5100,137.8300,139.5000,124541.0000,138.9010,564
2026-08-19 16:57:05,MRNA,139.5300,140.0000,139.0600,139.5100,167199.0000,139.7420,713
2026-08-19 16:57:10,MRNA,139.5300,140.0000,139.2500,139.7600,109670.0000,139.6280,335
2026-08-19 16:57:15,MRNA,139.7900,140.0000,139.3100,139.5100,55305.0000,139.7430,249
2026-08-19 16:57:20,MRNA,139.5100,139.5900,138.2200,138.4200,73226.0000,138.9860,276
2026-08-19 16:57:25,MRNA,138.5700,138.5700,137.0000,138.2800,84803.0000,137.9780,429
2026-08-19 16:57:30,MRNA,138.2700,139.1800,138.1300,139.0100,61196.0000,138.6030,294
2026-08-19 16:57:35,MRNA,138.9300,139.5800,138.9000,139.4000,44933.0000,139.2490,259
2026-08-19 16:57:40,MRNA,139.3400,139.7500,139.0300,139.6600,49208.0000,139.4470,246
2026-08-19 16:57:45,MRNA,139.6200,140.5000,139.6200,140.5000,163318.0000,140.0690,709
2026-08-19 16:57:50,MRNA,140.5400,140.7700,138.7300,138.8500,91892.0000,139.7970,462
2026-08-19 16:57:55,MRNA,138.7400,138.9700,138.4200,138.7000,46880.0000,138.6860,200
2026-08-19 16:58:00,MRNA,138.7600,139.0000,136.6300,136.7100,97213.0000,137.6770,406
2026-08-19 16:58:05,MRNA,136.7100,137.1400,135.5500,135.8800,75599.0000,136.1700,340
2026-08-19 16:58:10,MRNA,135.9100,137.8500,135.6700,137.8500,89573.0000,137.1310,367
2026-08-19 16:58:15,MRNA,137.7500,137.8300,136.8200,137.4000,24529.0000,137.3510,123
2026-08-19 16:58:20,MRNA,137.3900,138.0000,137.3000,137.8100,27963.0000,137.5840,131
2026-08-19 16:58:25,MRNA,137.6600,137.8200,136.5000,136.7300,34394.0000,137.1520,207
2026-08-19 16:58:30,MRNA,136.7300,137.4300,136.4800,137.0500,52831.0000,136.9840,169
2026-08-19 16:58:35,MRNA,137.0800,137.5600,136.7100,137.5400,26555.0000,137.1000,111
2026-08-19 16:58:40,MRNA,137.7200,138.4000,137.4800,138.3000,19148.0000,137.9800,97
2026-08-19 16:58:45,MRNA,138.2100,138.5000,136.2800,138.1400,60043.0000,137.7860,290
2026-08-19 16:58:50,MRNA,138.1400,138.4700,136.2700,136.8800,77962.0000,137.5050,394
2026-08-19 16:58:55,MRNA,136.9300,137.0900,135.7100,136.0700,59188.0000,136.3060,319
2026-08-19 16:59:00,MRNA,136.0000,136.8800,135.7700,135.9500,33679.0000,136.1690,173
2026-08-19 16:59:05,MRNA,135.9500,136.1800,135.3700,135.7400,68398.0000,135.7370,291
2026-08-19 16:59:10,MRNA,135.7700,135.8300,134.6400,135.4100,130153.0000,135.0650,466
2026-08-19 16:59:15,MRNA,135.5400,136.1200,134.9600,135.3500,85841.0000,135.4840,439
2026-08-19 16:59:20,MRNA,135.3000,135.7000,135.1000,135.1800,43165.0000,135.3790,209
2026-08-19 16:59:25,MRNA,135.2100,135.4300,134.6800,135.2500,55016.0000,135.0930,248
2026-08-19 16:59:30,MRNA,135.2500,135.8200,135.0300,135.5700,41762.0000,135.4500,155
2026-08-19 16:59:35,MRNA,135.6400,135.8900,135.0100,135.2800,48418.0000,135.5690,116
2026-08-19 16:59:40,MRNA,135.2800,135.6200,134.2700,134.5900,35342.0000,135.0230,212
2026-08-19 16:59:45,MRNA,134.5900,134.8900,133.5600,133.7000,60261.0000,134.1920,266
2026-08-19 16:59:50,MRNA,133.5800,134.0000,132.7100,132.8500,118167.0000,133.3020,470
2026-08-19 16:59:55,MRNA,132.9200,133.4600,132.3000,132.7000,96210.0000,132.7760,438
2026-08-19 17:00:00,MRNA,132.4900,132.4900,131.5900,131.7900,115002.0000,132.0920,521
2026-08-19 17:00:05,MRNA,131.7800,132.8300,131.6300,132.4800,74912.0000,132.3650,333
2026-08-19 17:00:10,MRNA,132.3800,132.7700,132.2900,132.4500,34688.0000,132.5390,178
2026-08-19 17:00:15,MRNA,132.3900,132.4100,131.0400,131.3800,78398.0000,131.5240,377
2026-08-19 17:00:20,MRNA,131.3500,132.1500,131.2000,132.0700,34689.0000,131.6740,177
2026-08-19 17:00:25,MRNA,132.0900,132.4500,131.6200,131.8200,66307.0000,132.0120,345
2026-08-19 17:00:30,MRNA,131.8100,132.1100,131.6200,131.9100,22316.0000,131.9100,98
2026-08-19 17:00:35,MRNA,131.8400,132.1700,131.6300,132.0900,27378.0000,131.9000,109
2026-08-19 17:00:40,MRNA,132.0900,132.1700,131.6200,132.0900,28908.0000,131.9840,115
2026-08-19 17:00:45,MRNA,132.0900,132.4400,131.7800,132.2200,16927.0000,132.0450,78
2026-08-19 17:00:50,MRNA,132.4400,132.9900,132.2500,132.8700,43101.0000,132.6200,184
2026-08-19 17:00:55,MRNA,132.8900,133.4600,132.8600,132.8600,49239.0000,133.0360,193
2026-08-19 17:01:00,MRNA,132.8600,133.7000,132.4200,133.5900,33222.0000,133.2190,144
2026-08-19 17:01:05,MRNA,133.5900,133.7000,133.2400,133.4900,29085.0000,133.4470,142
2026-08-19 17:01:10,MRNA,133.3300,134.0000,133.3300,134.0000,31271.0000,133.8300,144
2026-08-19 17:01:15,MRNA,133.9300,134.3700,133.7300,133.8500,58930.0000,134.0330,255
2026-08-19 17:01:20,MRNA,133.8500,134.9400,133.8500,134.5700,47360.0000,134.3650,260
2026-08-19 17:01:25,MRNA,134.6800,135.3200,134.6800,134.8800,62780.0000,135.0280,276
2026-08-19 17:01:30,MRNA,134.8800,135.0000,134.5500,134.8000,35918.0000,134.7610,123
2026-08-19 17:01:35,MRNA,134.8800,135.0000,134.4400,134.7300,29548.0000,134.7700,123
2026-08-19 17:01:40,MRNA,134.6600,135.0000,134.5800,134.8600,30030.0000,134.7960,111
2026-08-19 17:01:45,MRNA,134.8600,135.3600,134.6100,135.1000,24770.0000,134.9780,104
2026-08-19 17:01:50,MRNA,135.1400,135.4900,134.9300,135.4400,41856.0000,135.1170,104
2026-08-19 17:01:55,MRNA,135.2300,135.5000,135.0100,135.2100,24238.0000,135.2780,137
2026-08-19 17:02:00,MRNA,135.2700,135.6900,135.0200,135.4400,30511.0000,135.4090,127
2026-08-19 17:02:05,MRNA,135.5800,136.6700,135.5000,136.5600,42249.0000,135.9910,196
2026-08-19 17:02:10,MRNA,136.5400,136.7000,135.7100,135.7300,45737.0000,135.9790,168
2026-08-19 17:02:15,MRNA,135.8000,136.0300,135.6000,135.6200,33460.0000,135.8370,130
2026-08-19 17:02:20,MRNA,135.5000,136.0000,135.2800,135.9500,26309.0000,135.6410,150
2026-08-19 17:02:25,MRNA,135.7700,136.2000,135.7500,136.0000,17209.0000,135.9040,86
2026-08-19 17:02:30,MRNA,136.1300,136.2300,135.7500,136.0000,14418.0000,136.0680,82
2026-08-19 17:02:35,MRNA,136.0000,136.5000,135.7500,136.3400,18097.0000,136.0770,85
2026-08-19 17:02:40,MRNA,136.3400,136.8500,136.2600,136.6000,26736.0000,136.5760,100
2026-08-19 17:02:45,MRNA,136.6100,137.3900,136.5900,136.7700,70074.0000,136.9620,323
2026-08-19 17:02:50,MRNA,136.5600,136.8000,136.0500,136.2500,31078.0000,136.3600,112
2026-08-19 17:02:55,MRNA,136.2700,136.2800,135.7500,136.0000,34512.0000,136.0470,158
2026-08-19 17:03:00,MRNA,136.0000,137.1500,135.8800,137.1300,43712.0000,136.4790,142
2026-08-19 17:03:05,MRNA,137.1400,137.4900,136.3200,136.3400,43180.0000,136.8270,204
2026-08-19 17:03:10,MRNA,136.4400,136.6200,135.8300,135.8600,39419.0000,136.0920,169
2026-08-19 17:03:15,MRNA,135.9000,136.8000,135.8000,136.4900,30548.0000,136.1170,143
2026-08-19 17:03:20,MRNA,136.5000,136.9500,136.4100,136.8400,16458.0000,136.5950,81
2026-08-19 17:03:25,MRNA,136.9000,137.1700,136.6200,136.9100,32846.0000,136.8940,108
2026-08-19 17:03:30,MRNA,136.9100,137.8100,136.5600,137.4800,46848.0000,137.2880,251
2026-08-19 17:03:35,MRNA,137.6700,137.9900,137.3400,137.5000,50920.0000,137.7460,263
2026-08-19 17:03:40,MRNA,137.6200,137.6300,137.1800,137.3400,27781.0000,137.3660,110
2026-08-19 17:03:45,MRNA,137.4900,137.9600,137.3600,137.8100,20260.0000,137.6860,103
2026-08-19 17:03:50,MRNA,137.6800,138.2000,137.3000,138.1800,57672.0000,137.8660,247
2026-08-19 17:03:55,MRNA,138.1500,138.7300,138.1400,138.7100,45965.0000,138.5060,198
2026-08-19 17:04:00,MRNA,138.8000,140.4600,138.7100,140.4600,183310.0000,139.6840,745
2026-08-19 17:04:05,MRNA,140.4000,140.5100,139.4900,140.0300,102316.0000,140.1950,588
2026-08-19 17:04:10,MRNA,140.0300,140.5100,139.7700,140.3700,55190.0000,140.1500,293
2026-08-19 17:04:15,MRNA,140.4100,140.7400,139.2100,139.3700,61353.0000,140.1350,223
2026-08-19 17:04:20,MRNA,139.3400,140.1600,139.3400,139.7500,42130.0000,139.8620,150
2026-08-19 17:04:25,MRNA,139.9000,139.9000,139.0600,139.2200,34515.0000,139.4370,167
2026-08-19 17:04:30,MRNA,139.1800,139.4000,138.7300,139.2000,38384.0000,139.0930,203
2026-08-19 17:04:35,MRNA,139.1900,139.2900,138.6500,138.6800,50383.0000,138.9710,207
2026-08-19 17:04:40,MRNA,138.7100,139.6900,138.5100,139.6300,38199.0000,138.9230,171
2026-08-19 17:04:45,MRNA,139.6900,140.0000,139.5700,139.7700,36926.0000,139.8460,212
2026-08-19 17:04:50,MRNA,139.7800,140.7000,139.5700,140.4800,50495.0000,140.0220,212
2026-08-19 17:04:55,MRNA,140.6400,141.0300,140.4500,140.8000,99145.0000,140.8530,472
2026-08-19 17:05:00,MRNA,140.6100,141.3100,140.2200,141.2100,49500.0000,140.7240,227
2026-08-19 17:05:05,MRNA,141.2600,141.2700,140.7200,140.9500,51425.0000,140.8920,250
2026-08-19 17:05:10,MRNA,140.8900,141.0000,140.3600,140.6200,37061.0000,140.7620,174
2026-08-19 17:05:15,MRNA,140.6600,141.4900,140.5000,140.5000,64279.0000,140.9360,231
2026-08-19 17:05:20,MRNA,140.7400,142.1300,140.6500,141.8700,89289.0000,141.7490,355
2026-08-19 17:05:25,MRNA,141.7400,142.1000,141.3900,141.5500,65520.0000,141.7780,304
2026-08-19 17:05:30,MRNA,141.5100,141.8000,141.4300,141.7200,24642.0000,141.5920,140
2026-08-19 17:05:35,MRNA,141.6600,142.3300,141.6600,142.3000,61904.0000,142.1700,269
2026-08-19 17:05:40,MRNA,142.2700,142.3300,141.5700,141.6900,78640.0000,141.8520,327
2026-08-19 17:05:45,MRNA,141.6300,141.7600,141.0900,141.0900,57425.0000,141.3780,226
2026-08-19 17:05:50,MRNA,141.1300,141.8000,141.1300,141.7500,52033.0000,141.6960,240
2026-08-19 17:05:55,MRNA,141.7700,141.8000,141.3800,141.5600,18059.0000,141.5990,113
2026-08-19 17:06:00,MRNA,141.5800,142.1900,141.5000,141.9200,73071.0000,141.8970,270
2026-08-19 17:06:05,MRNA,141.9400,142.1600,141.8000,142.0000,32772.0000,142.0220,145
2026-08-19 17:06:10,MRNA,142.0000,142.6200,141.7700,142.5400,46002.0000,142.0750,239
2026-08-19 17:06:15,MRNA,142.6000,142.6300,141.9500,142.4600,65087.0000,142.3660,264
2026-08-19 17:06:20,MRNA,142.3800,143.8200,142.2900,143.6900,80401.0000,143.0960,394
2026-08-19 17:06:25,MRNA,143.5300,144.3100,143.2900,143.5600,88711.0000,143.8770,383
2026-08-19 17:06:30,MRNA,143.5600,143.8100,142.6700,142.6700,71442.0000,143.0730,324
2026-08-19 17:06:35,MRNA,142.6500,143.1000,142.3500,143.0600,27400.0000,142.7920,140
2026-08-19 17:06:40,MRNA,143.0200,143.8200,143.0100,143.6500,39159.0000,143.3950,137
2026-08-19 17:06:45,MRNA,143.6400,144.2900,143.5400,144.2900,44160.0000,143.9390,195
2026-08-19 17:06:50,MRNA,144.1600,144.5000,144.1100,144.2900,92409.0000,144.2760,297
2026-08-19 17:06:55,MRNA,144.2900,144.2900,143.3600,143.6600,33841.0000,143.6740,162
2026-08-19 17:07:00,MRNA,143.6600,144.4400,143.4400,144.0900,31979.0000,143.8220,158
2026-08-19 17:07:05,MRNA,144.0800,144.2200,143.6700,144.1400,33752.0000,143.9280,161
2026-08-19 17:07:10,MRNA,144.2000,144.4400,143.9000,144.1400,35606.0000,144.2250,143
2026-08-19 17:07:15,MRNA,144.1500,144.3800,144.0200,144.0700,32114.0000,144.2210,167
2026-08-19 17:07:20,MRNA,144.1500,144.5000,144.0700,144.4000,26098.0000,144.3030,108
2026-08-19 17:07:25,MRNA,144.3600,144.5000,144.1500,144.2700,50268.0000,144.4040,187
2026-08-19 17:07:30,MRNA,144.2300,144.8300,144.1500,144.7500,48159.0000,144.4860,209
2026-08-19 17:07:35,MRNA,144.8000,145.6000,144.6500,145.6000,100943.0000,144.9580,373
2026-08-19 17:07:40,MRNA,145.4200,145.7100,143.8600,144.4600,137322.0000,144.7280,712
2026-08-19 17:07:45,MRNA,144.4300,144.6000,144.1500,144.4700,26006.0000,144.4840,123
2026-08-19 17:07:50,MRNA,144.4700,144.9300,144.3600,144.8400,36973.0000,144.6860,182
2026-08-19 17:07:55,MRNA,144.7600,145.2300,144.7500,144.9800,75138.0000,144.9710,318
2026-08-19 17:08:00,MRNA,144.9600,146.0000,144.9100,145.2200,54687.0000,145.4520,288
2026-08-19 17:08:05,MRNA,145.2000,146.4900,145.0000,146.0000,70865.0000,145.5990,330
2026-08-19 17:08:10,MRNA,145.8600,146.0000,145.5000,145.7600,54862.0000,145.7200,247
2026-08-19 17:08:15,MRNA,145.8500,146.4700,145.6800,146.2500,56572.0000,146.0830,243
2026-08-19 17:08:20,MRNA,146.2400,146.4700,144.6800,145.7600,104205.0000,145.4100,487
2026-08-19 17:08:25,MRNA,145.5300,146.3900,145.3100,146.0200,89230.0000,145.9040,339
2026-08-19 17:08:30,MRNA,145.9500,146.2800,145.0200,145.3900,81783.0000,145.7610,430
2026-08-19 17:08:35,MRNA,145.7200,145.9300,145.5400,145.9200,28919.0000,145.7680,149
2026-08-19 17:08:40,MRNA,145.7300,147.4000,145.7300,147.4000,78125.0000,146.6380,353
2026-08-19 17:08:45,MRNA,147.4000,148.4000,147.2600,148.3600,107997.0000,147.9720,373
2026-08-19 17:08:50,MRNA,148.2000,148.4100,147.9800,148.2500,97653.0000,148.2360,332
2026-08-19 17:08:55,MRNA,148.2500,148.5500,147.9500,148.2900,103974.0000,148.2600,556
2026-08-19 17:09:00,MRNA,148.2800,148.8500,147.7200,148.0600,86744.0000,148.1990,470
2026-08-19 17:09:05,MRNA,148.1000,148.5500,147.9700,148.4200,49967.0000,148.2710,235
2026-08-19 17:09:10,MRNA,148.4100,148.7700,147.9200,148.5000,82215.0000,148.2440,392
2026-08-19 17:09:15,MRNA,148.5500,148.9500,148.1100,148.8000,45778.0000,148.5500,206
2026-08-19 17:09:20,MRNA,148.8600,149.2900,148.5900,149.2600,94878.0000,149.0170,347
2026-08-19 17:09:25,MRNA,149.1500,149.3700,148.8000,149.3500,69186.0000,149.1280,336
2026-08-19 17:09:30,MRNA,149.2000,149.3500,148.3800,148.9800,113631.0000,148.7950,609
2026-08-19 17:09:35,MRNA,148.9900,149.6300,148.8000,149.2500,81905.0000,149.3400,464
2026-08-19 17:09:40,MRNA,149.1600,149.3700,148.2400,148.4300,98950.0000,148.6280,534
2026-08-19 17:09:45,MRNA,148.4700,149.2200,148.2900,148.9700,37833.0000,148.7410,169
2026-08-19 17:09:50,MRNA,149.2300,149.2300,148.3700,149.0500,37979.0000,148.8020,187
2026-08-19 17:09:55,MRNA,149.2000,149.2500,148.0700,148.0700,69978.0000,148.7400,332
2026-08-19 17:10:00,MRNA,148.1100,148.3400,145.1000,145.4100,152502.0000,146.1600,706
2026-08-19 17:10:05,MRNA,145.4200,146.9500,145.1300,146.4400,71824.0000,145.9670,360
2026-08-19 17:10:10,MRNA,146.1800,147.5000,146.0300,147.2800,30490.0000,146.7850,125
2026-08-19 17:10:15,MRNA,147.2800,147.4700,146.5600,146.7900,44503.0000,147.0200,203
2026-08-19 17:10:20,MRNA,146.7500,146.8900,145.3500,145.5200,70512.0000,145.8780,382
2026-08-19 17:10:25,MRNA,145.3600,146.2200,145.3500,146.0600,72687.0000,145.7740,337
2026-08-19 17:10:30,MRNA,146.1100,146.5600,144.7900,145.2100,82666.0000,145.6380,338
2026-08-19 17:10:35,MRNA,145.3200,145.7800,144.7900,144.9900,55588.0000,145.2970,317
2026-08-19 17:10:40,MRNA,144.8000,145.1600,143.3500,143.3700,99176.0000,144.3560,445
2026-08-19 17:10:45,MRNA,143.3700,143.8700,143.0100,143.8200,61346.0000,143.3110,219
2026-08-19 17:10:50,MRNA,143.4200,143.9000,142.6500,143.6700,72304.0000,143.1690,321
2026-08-19 17:10:55,MRNA,143.4100,143.9800,143.3800,143.8200,32401.0000,143.6260,179
2026-08-19 17:11:00,MRNA,143.9400,143.9400,142.7000,143.0000,51830.0000,143.2480,221
2026-08-19 17:11:05,MRNA,142.7500,142.9600,142.4100,142.4800,52639.0000,142.6710,278
2026-08-19 17:11:10,MRNA,142.5400,142.5500,141.6100,141.6700,65025.0000,141.8760,274
2026-08-19 17:11:15,MRNA,141.6600,142.3200,140.9900,142.1400,63754.0000,141.5710,344
2026-08-19 17:11:20,MRNA,142.1400,142.6400,141.9200,142.0800,36599.0000,142.2350,167
2026-08-19 17:11:25,MRNA,142.1700,142.9400,142.1700,142.9400,27953.0000,142.5150,145
2026-08-19 17:11:30,MRNA,142.8600,143.3700,142.7000,143.2800,23358.0000,143.0920,120
2026-08-19 17:11:35,MRNA,143.2800,143.5100,143.1300,143.3900,31567.0000,143.3080,159
2026-08-19 17:11:40,MRNA,143.2000,143.3900,142.6500,143.0000,39015.0000,142.9410,109
2026-08-19 17:11:45,MRNA,142.8100,143.1900,142.4700,142.7700,19971.0000,142.7470,87
2026-08-19 17:11:50,MRNA,142.7700,143.5000,142.4900,143.5000,25916.0000,143.0430,123
2026-08-19 17:11:55,MRNA,143.4000,143.5900,142.6500,143.4700,36657.0000,143.3680,169
2026-08-19 17:12:00,MRNA,143.4700,143.9900,143.3400,143.9900,23839.0000,143.6400,90
2026-08-19 17:12:05,MRNA,143.8900,143.9900,143.2000,143.6600,55515.0000,143.6110,184
2026-08-19 17:12:10,MRNA,143.4800,143.7100,142.9500,142.9500,23000.0000,143.3170,98
2026-08-19 17:12:15,MRNA,142.9600,143.4000,142.5000,142.5800,23482.0000,142.7690,96
2026-08-19 17:12:20,MRNA,142.5200,143.6200,142.4800,143.4800,43204.0000,143.0210,96
2026-08-19 17:12:25,MRNA,143.2700,143.5800,143.0700,143.5000,14640.0000,143.4040,52
2026-08-19 17:12:30,MRNA,143.5700,143.7100,143.2800,143.4500,24797.0000,143.5460,91
2026-08-19 17:12:35,MRNA,143.4600,143.8700,143.2600,143.7400,35602.0000,143.5350,115
2026-08-19 17:12:40,MRNA,143.6700,143.7500,143.3500,143.5400,14071.0000,143.5730,78
2026-08-19 17:12:45,MRNA,143.5800,143.6300,143.3600,143.5200,30287.0000,143.5860,88
2026-08-19 17:12:50,MRNA,143.6100,143.6100,142.8000,143.5300,28133.0000,143.2500,133
2026-08-19 17:12:55,MRNA,143.5200,144.4000,143.1200,143.9000,26246.0000,143.6840,122
2026-08-19 17:13:00,MRNA,144.2400,144.3700,143.6100,144.2000,23380.0000,143.8870,127
2026-08-19 17:13:05,MRNA,144.3700,144.7000,143.2000,143.2100,60551.0000,143.6970,259
2026-08-19 17:13:10,MRNA,143.3300,143.8000,143.2100,143.2800,25099.0000,143.4880,108
2026-08-19 17:13:15,MRNA,143.3500,143.3500,142.3300,142.5200,40811.0000,142.9410,218
2026-08-19 17:13:20,MRNA,142.4600,142.6700,141.1300,141.6900,86714.0000,141.6920,352
2026-08-19 17:13:25,MRNA,141.6300,142.1200,141.4400,141.6000,28702.0000,141.8590,122
2026-08-19 17:13:30,MRNA,141.6600,142.8200,141.6500,142.6200,24391.0000,142.2600,110
2026-08-19 17:13:35,MRNA,142.5200,142.6800,142.4800,142.6000,8340.0000,142.5830,49
2026-08-19 17:13:40,MRNA,142.5500,143.2900,142.1400,143.0700,22267.0000,142.7500,125
2026-08-19 17:13:45,MRNA,143.1400,143.7100,142.4300,142.7000,68166.0000,143.2210,339
2026-08-19 17:13:50,MRNA,142.8400,143.0500,141.7300,142.6900,21296.0000,142.4360,128
2026-08-19 17:13:55,MRNA,142.5200,142.8600,142.0800,142.5900,25651.0000,142.4860,107
2026-08-19 17:14:00,MRNA,142.8000,142.8800,142.0600,142.1800,47721.0000,142.3100,150
2026-08-19 17:14:05,MRNA,142.1500,142.9000,141.8000,142.7900,25267.0000,142.3810,109
2026-08-19 17:14:10,MRNA,142.7900,144.3900,142.5900,143.9600,50770.0000,143.5180,234
2026-08-19 17:14:15,MRNA,143.9800,144.4000,143.6800,144.3000,41915.0000,144.0850,215
2026-08-19 17:14:20,MRNA,144.3500,144.7600,144.1100,144.2700,36656.0000,144.4160,179
2026-08-19 17:14:25,MRNA,144.2300,144.9900,144.2000,144.6200,38683.0000,144.6080,161
2026-08-19 17:14:30,MRNA,144.5700,145.1600,144.4800,144.7600,91421.0000,144.9020,339
2026-08-19 17:14:35,MRNA,144.8500,144.9900,143.3100,143.5700,43486.0000,144.2110,232
2026-08-19 17:14:40,MRNA,143.5700,144.7500,143.3100,144.5500,24504.0000,143.9950,80
2026-08-19 17:14:45,MRNA,144.5600,144.9400,144.4000,144.7000,21698.0000,144.7220,99
2026-08-19 17:14:50,MRNA,144.7800,144.8700,144.0000,144.1300,21551.0000,144.3640,102
2026-08-19 17:14:55,MRNA,144.0900,144.2400,143.5800,143.9100,26577.0000,144.0020,114
2026-08-19 17:15:00,MRNA,144.2400,144.4100,143.9100,143.9300,14599.0000,144.1840,58
2026-08-19 17:15:05,MRNA,143.8900,144.1300,143.3100,143.8600,17708.0000,143.7360,83
2026-08-19 17:15:10,MRNA,143.8600,144.1000,143.5900,144.1000,16103.0000,143.8590,85
2026-08-19 17:15:15,MRNA,144.0600,144.6800,143.7400,144.4600,31077.0000,144.2370,145
2026-08-19 17:15:20,MRNA,144.4600,144.9400,144.1300,144.8500,25802.0000,144.5210,123
2026-08-19 17:15:25,MRNA,144.7900,144.8800,143.8000,144.1300,50428.0000,144.3790,207
2026-08-19 17:15:30,MRNA,144.2000,144.2100,142.7000,142.8300,51354.0000,143.3950,207
2026-08-19 17:15:35,MRNA,142.7700,143.6800,142.6900,143.2500,31029.0000,143.1650,137
2026-08-19 17:15:40,MRNA,143.2100,143.3200,142.5000,142.8200,34659.0000,142.8210,186
2026-08-19 17:15:45,MRNA,142.8200,142.9400,142.2000,142.3100,32373.0000,142.6050,154
2026-08-19 17:15:50,MRNA,142.3400,142.9600,142.0600,142.8500,32921.0000,142.5380,128
2026-08-19 17:15:55,MRNA,142.8500,143.4700,142.7700,143.3500,21114.0000,143.1000,105
2026-08-19 17:16:00,MRNA,143.2900,143.6200,143.0800,143.4400,14197.0000,143.3840,73
2026-08-19 17:16:05,MRNA,143.2600,143.8000,143.0700,143.6800,16202.0000,143.6150,60
2026-08-19 17:16:10,MRNA,143.6800,143.8000,143.0200,143.0200,25778.0000,143.5740,145
2026-08-19 17:16:15,MRNA,143.0200,143.7500,143.0100,143.3600,31454.0000,143.2420,161
2026-08-19 17:16:20,MRNA,143.2800,143.3900,143.0600,143.3200,8840.0000,143.2720,39
2026-08-19 17:16:25,MRNA,143.3200,144.2700,143.2500,144.1400,34084.0000,143.7460,139
2026-08-19 17:16:30,MRNA,144.1900,144.6300,144.0800,144.3700,30765.0000,144.3650,136
2026-08-19 17:16:35,MRNA,144.3800,144.6000,144.3100,144.4200,18048.0000,144.4820,65
2026-08-19 17:16:40,MRNA,144.3800,144.4600,143.5400,143.8400,24147.0000,144.0910,129
2026-08-19 17:16:45,MRNA,143.7800,144.0800,143.5600,144.0800,10677.0000,143.9090,62
2026-08-19 17:16:50,MRNA,144.0800,144.4300,144.0000,144.1200,13624.0000,144.1860,79
2026-08-19 17:16:55,MRNA,144.0900,144.4300,144.0500,144.2500,37997.0000,144.1730,127
2026-08-19 17:17:00,MRNA,144.2600,144.6800,143.3500,143.7400,37449.0000,144.1110,194
2026-08-19 17:17:05,MRNA,143.4900,143.5900,142.7600,142.9400,26572.0000,143.2300,112
2026-08-19 17:17:10,MRNA,142.7500,143.8000,142.5100,143.8000,31908.0000,143.0200,125
2026-08-19 17:17:15,MRNA,143.7300,144.5000,143.3800,144.1800,44097.0000,144.1790,160
2026-08-19 17:17:20,MRNA,144.3600,144.6300,144.1400,144.4700,20270.0000,144.4380,109
2026-08-19 17:17:25,MRNA,144.3600,145.6700,144.3600,145.4300,102373.0000,144.9650,331
2026-08-19 17:17:30,MRNA,145.4800,145.9000,144.6200,145.0600,77154.0000,145.3340,388
2026-08-19 17:17:35,MRNA,145.0400,145.3900,144.4200,144.8100,30268.0000,144.8100,168
2026-08-19 17:17:40,MRNA,144.7100,145.3700,144.7100,144.9900,16215.0000,145.0890,80
2026-08-19 17:17:45,MRNA,144.9300,145.9700,144.9100,145.9700,30107.0000,145.3610,151
2026-08-19 17:17:50,MRNA,145.9700,146.8100,145.3900,146.5500,102349.0000,146.1510,553
2026-08-19 17:17:55,MRNA,146.4800,147.8900,146.4200,147.8600,66835.0000,147.3140,325
2026-08-19 17:18:00,MRNA,147.6600,148.4100,147.2900,147.6200,99995.0000,147.9090,376
2026-08-19 17:18:05,MRNA,147.6600,148.3000,147.4200,148.1800,51265.0000,147.8510,206
2026-08-19 17:18:10,MRNA,148.1500,148.7000,148.0000,148.6900,52636.0000,148.3830,211
2026-08-19 17:18:15,MRNA,148.4700,148.8600,148.3900,148.8000,42787.0000,148.6370,215
2026-08-19 17:18:20,MRNA,148.8600,149.3200,147.8800,148.1800,113449.0000,148.7910,489
2026-08-19 17:18:25,MRNA,148.0200,148.0200,146.7800,147.0000,71748.0000,147.2370,302
2026-08-19 17:18:30,MRNA,147.2600,147.5600,146.7800,147.5600,38669.0000,147.2220,184
2026-08-19 17:18:35,MRNA,147.4400,148.7200,147.4400,148.6300,31166.0000,148.0690,167
2026-08-19 17:18:40,MRNA,148.6300,149.4000,148.5500,149.3700,43931.0000,149.0580,200
2026-08-19 17:18:45,MRNA,149.3800,149.5400,149.1100,149.3700,75835.0000,149.3500,349
2026-08-19 17:18:50,MRNA,149.3600,149.8600,149.3200,149.6800,60402.0000,149.6960,259
2026-08-19 17:18:55,MRNA,149.6500,149.8600,149.3700,149.5700,78166.0000,149.6400,349
2026-08-19 17:19:00,MRNA,149.5700,149.8500,148.6000,149.3500,80011.0000,149.4440,340
2026-08-19 17:19:05,MRNA,149.4300,149.7900,149.1200,149.1300,39758.0000,149.4640,216
2026-08-19 17:19:10,MRNA,149.2500,149.4400,149.0600,149.3100,37535.0000,149.2540,176
2026-08-19 17:19:15,MRNA,149.3200,149.6800,149.2300,149.6100,34447.0000,149.4560,147
2026-08-19 17:19:20,MRNA,149.6000,149.7000,148.9000,149.0300,33774.0000,149.4070,180
2026-08-19 17:19:25,MRNA,149.1300,149.6100,148.9400,149.1500,28702.0000,149.2880,148
2026-08-19 17:19:30,MRNA,149.1400,149.7800,149.1200,149.7000,39122.0000,149.5860,184
2026-08-19 17:19:35,MRNA,149.7400,152.9000,149.4600,152.3100,293415.0000,150.7160,1200
2026-08-19 17:19:40,MRNA,151.9300,153.8200,151.0600,153.6700,89099.0000,152.8320,388
2026-08-19 17:19:45,MRNA,153.3800,153.7500,152.5700,152.7000,65916.0000,153.1120,297
2026-08-19 17:19:50,MRNA,152.8500,153.7900,152.2800,153.7000,73512.0000,152.8800,341
2026-08-19 17:19:55,MRNA,153.7000,154.2500,153.4200,153.9900,101738.0000,154.0370,450
2026-08-19 17:20:00,MRNA,153.9800,154.2900,152.5700,152.7900,138964.0000,153.5050,502
2026-08-19 17:20:05,MRNA,152.7200,153.8600,152.7000,153.3200,90380.0000,153.3080,361
2026-08-19 17:20:10,MRNA,153.2200,154.2600,153.0000,154.1400,80076.0000,153.6390,319
2026-08-19 17:20:15,MRNA,154.0500,154.2900,153.4300,153.9500,97654.0000,153.9820,358
2026-08-19 17:20:20,MRNA,153.9600,155.0000,153.9500,154.7400,84853.0000,154.5620,389
2026-08-19 17:20:25,MRNA,154.8700,154.9700,154.0400,154.3900,65177.0000,154.3690,349
2026-08-19 17:20:30,MRNA,154.4100,154.9900,154.2500,154.7900,40348.0000,154.5900,152
2026-08-19 17:20:35,MRNA,154.9200,154.9900,154.3300,154.8600,58827.0000,154.7530,276
2026-08-19 17:20:40,MRNA,154.8600,155.0000,154.8000,154.9700,38096.0000,154.9140,156
2026-08-19 17:20:45,MRNA,155.0000,155.7400,154.8200,155.5500,115804.0000,155.2660,500
2026-08-19 17:20:50,MRNA,155.5000,155.6400,153.2500,153.9100,147218.0000,154.4710,728
2026-08-19 17:20:55,MRNA,153.9100,154.0600,152.6500,153.0000,73578.0000,153.4670,354
2026-08-19 17:21:00,MRNA,153.0900,154.7400,152.7200,154.7200,108220.0000,153.5290,420
2026-08-19 17:21:05,MRNA,154.5900,154.9900,153.9100,153.9700,44321.0000,154.5700,191
2026-08-19 17:21:10,MRNA,153.9000,154.0700,153.3500,153.4600,54735.0000,153.7220,273
2026-08-19 17:21:15,MRNA,153.5400,153.8600,153.0000,153.7500,41712.0000,153.4800,204
2026-08-19 17:21:20,MRNA,154.0000,154.6500,153.5600,154.5200,49229.0000,154.2610,196
2026-08-19 17:21:25,MRNA,154.4800,154.8700,153.2500,154.4700,50828.0000,154.0580,220
2026-08-19 17:21:30,MRNA,154.4100,154.6200,154.0200,154.1900,28341.0000,154.2400,120
2026-08-19 17:21:35,MRNA,154.2900,154.9500,154.0000,154.8000,31951.0000,154.4310,178
2026-08-19 17:21:40,MRNA,154.9800,154.9800,154.0600,154.0700,53358.0000,154.5580,209
2026-08-19 17:21:45,MRNA,154.0600,154.1500,152.3000,153.2400,123039.0000,153.0350,559
2026-08-19 17:21:50,MRNA,153.2400,154.5700,153.0400,154.5700,38838.0000,153.7570,144
2026-08-19 17:21:55,MRNA,154.5100,157.3400,154.0600,157.0100,112100.0000,155.8680,416
2026-08-19 17:22:00,MRNA,156.7600,157.3700,156.0000,156.6700,106192.0000,156.7810,406
2026-08-19 17:22:05,MRNA,156.8400,157.3000,156.0000,156.3700,64741.0000,156.8900,269
2026-08-19 17:22:10,MRNA,156.3300,157.4900,156.2600,157.2000,72855.0000,156.8120,312
2026-08-19 17:22:15,MRNA,157.2000,157.7400,156.7800,157.6700,68613.0000,157.2590,292
2026-08-19 17:22:20,MRNA,157.7400,158.3400,157.4200,157.8200,80466.0000,157.9250,383
2026-08-19 17:22:25,MRNA,157.7100,158.5100,157.2800,157.7000,102896.0000,157.8010,429
2026-08-19 17:22:30,MRNA,157.5000,158.0000,157.2800,157.6900,63352.0000,157.6440,317
2026-08-19 17:22:35,MRNA,157.7800,158.4700,157.7800,158.2100,41700.0000,158.1420,232
2026-08-19 17:22:40,MRNA,158.2600,158.4100,157.6900,157.7600,58038.0000,158.1070,284
2026-08-19 17:22:45,MRNA,157.9000,158.4000,157.6900,158.3700,51183.0000,157.9550,256
2026-08-19 17:22:50,MRNA,158.3700,158.8800,158.2100,158.2400,66077.0000,158.6210,320
2026-08-19 17:22:55,MRNA,158.3900,158.8200,157.2600,158.6100,127021.0000,158.1200,524
2026-08-19 17:23:00,MRNA,158.6100,158.8100,158.0000,158.2000,56940.0000,158.2820,232
2026-08-19 17:23:05,MRNA,158.3000,158.5200,157.8200,158.4400,59770.0000,158.1240,272
2026-08-19 17:23:10,MRNA,158.3000,158.6800,157.7400,158.2800,79356.0000,158.2380,369
2026-08-19 17:23:15,MRNA,158.3000,158.9700,158.2000,158.7500,46151.0000,158.6170,201
2026-08-19 17:23:20,MRNA,158.9000,159.3600,157.2700,157.6400,154145.0000,158.3770,626
2026-08-19 17:23:25,MRNA,157.7000,158.2600,156.4500,156.6100,60504.0000,157.3850,320
2026-08-19 17:23:30,MRNA,156.8100,157.5100,156.0200,157.4200,63465.0000,156.6250,274
2026-08-19 17:23:35,MRNA,157.4800,157.5300,156.0500,156.6700,41880.0000,156.5440,201
2026-08-19 17:23:40,MRNA,156.7000,157.5700,156.4300,157.3700,44326.0000,156.9070,162
2026-08-19 17:23:45,MRNA,157.3700,157.8600,157.1700,157.6900,24870.0000,157.5770,109
2026-08-19 17:23:50,MRNA,157.6300,157.8400,156.9000,157.3000,26219.0000,157.3200,149
2026-08-19 17:23:55,MRNA,157.3100,157.5300,156.7700,157.1000,22456.0000,157.1910,106
2026-08-19 17:24:00,MRNA,157.0700,157.2500,153.3700,153.8400,122010.0000,154.6400,501
2026-08-19 17:24:05,MRNA,154.0400,154.7800,153.1100,154.6700,55220.0000,153.9290,235
2026-08-19 17:24:10,MRNA,154.6700,154.8000,154.2200,154.2400,31049.0000,154.4860,120
2026-08-19 17:24:15,MRNA,154.3200,154.7300,154.1700,154.6200,35325.0000,154.4180,186
2026-08-19 17:24:20,MRNA,154.3300,154.7700,153.5000,153.5000,47403.0000,154.1770,182
2026-08-19 17:24:25,MRNA,153.4800,154.2400,153.1700,153.4100,25374.0000,153.4310,129
2026-08-19 17:24:30,MRNA,153.3900,153.4900,152.4300,152.7800,48157.0000,153.0100,254
2026-08-19 17:24:35,MRNA,152.8900,153.0300,152.5300,152.7900,57258.0000,152.7280,280
2026-08-19 17:24:40,MRNA,152.8100,153.8100,152.5700,153.1000,51195.0000,153.2660,222
2026-08-19 17:24:45,MRNA,153.1500,154.6400,153.0000,154.3100,47482.0000,153.6930,145
2026-08-19 17:24:50,MRNA,154.3400,154.6300,154.0200,154.3300,36578.0000,154.3290,110
2026-08-19 17:24:55,MRNA,154.4500,154.7800,154.0000,154.3500,32727.0000,154.4350,179
2026-08-19 17:25:00,MRNA,154.2900,154.4600,153.3900,153.9400,23747.0000,154.0010,94
2026-08-19 17:25:05,MRNA,153.6900,154.3100,153.5500,153.7700,22117.0000,153.9360,78
2026-08-19 17:25:10,MRNA,153.7700,154.1900,153.3000,153.3000,23950.0000,153.7850,110
2026-08-19 17:25:15,MRNA,153.3000,154.3200,153.0000,154.1300,41227.0000,153.8940,166
2026-08-19 17:25:20,MRNA,154.1600,155.5000,154.0000,154.5800,70370.0000,154.9200,422
2026-08-19 17:25:25,MRNA,154.4800,155.2600,154.4100,155.1300,32923.0000,154.8750,127
2026-08-19 17:25:30,MRNA,155.1800,156.5600,155.0000,156.2500,36784.0000,156.0790,201
2026-08-19 17:25:35,MRNA,156.2900,157.2700,155.9800,156.8000,43758.0000,156.6900,229
2026-08-19 17:25:40,MRNA,156.7600,158.1500,156.7600,157.9100,63467.0000,157.6330,292
2026-08-19 17:25:45,MRNA,157.8900,157.9600,157.3800,157.5800,45397.0000,157.6510,238
2026-08-19 17:25:50,MRNA,157.8200,158.8700,157.6400,158.3100,61152.0000,158.2360,313
2026-08-19 17:25:55,MRNA,158.3000,158.4800,157.4700,158.1200,65029.0000,158.0180,297
2026-08-19 17:26:00,MRNA,158.0200,160.0000,157.8200,159.3700,99486.0000,159.2330,472
2026-08-19 17:26:05,MRNA,159.3500,159.9200,159.0000,159.3700,59081.0000,159.3560,291
2026-08-19 17:26:10,MRNA,159.2500,159.9800,158.0000,159.5300,72990.0000,159.3670,396
2026-08-19 17:26:15,MRNA,159.3000,159.9000,158.8900,159.1000,66931.0000,159.2820,344
2026-08-19 17:26:20,MRNA,159.1000,159.7400,158.8300,159.3600,39843.0000,159.2390,220
2026-08-19 17:26:25,MRNA,159.2800,159.4500,158.0800,158.3300,62100.0000,158.7110,335
2026-08-19 17:26:30,MRNA,158.3900,158.4000,157.1800,157.9200,103105.0000,157.8300,503
2026-08-19 17:26:35,MRNA,158.1600,159.7000,157.5800,159.5900,56451.0000,158.6810,312
2026-08-19 17:26:40,MRNA,159.6500,161.8200,159.2700,161.8100,208467.0000,160.2960,840
2026-08-19 17:26:45,MRNA,161.8700,163.0000,161.2900,162.6400,109149.0000,162.2770,446
2026-08-19 17:26:50,MRNA,162.9400,162.9400,162.0800,162.6400,112316.0000,162.6000,501
2026-08-19 17:26:55,MRNA,162.6300,162.7000,159.3600,159.6800,133888.0000,161.0960,772
2026-08-19 17:27:00,MRNA,159.6800,160.4300,158.6400,160.4300,51340.0000,159.3470,298
2026-08-19 17:27:05,MRNA,160.7400,161.8500,159.7800,161.5400,37600.0000,160.9590,173
2026-08-19 17:27:10,MRNA,161.2500,162.0000,160.4000,160.9200,61533.0000,161.3200,258
2026-08-19 17:27:15,MRNA,160.7800,160.8700,160.0800,160.4100,24986.0000,160.4260,147
2026-08-19 17:27:20,MRNA,160.3200,162.0000,159.6900,161.9500,51038.0000,160.7390,266
2026-08-19 17:27:25,MRNA,161.4500,162.0700,161.0700,161.8000,61839.0000,161.6990,256
2026-08-19 17:27:30,MRNA,161.7900,162.0000,160.6100,161.0300,76920.0000,161.4660,217
2026-08-19 17:27:35,MRNA,161.2100,162.6000,160.6200,161.1400,94960.0000,161.7130,345
2026-08-19 17:27:40,MRNA,160.9400,162.0000,160.7400,161.9500,26989.0000,161.4240,118
2026-08-19 17:27:45,MRNA,161.6900,162.0000,160.2600,160.2600,48324.0000,161.1730,251
2026-08-19 17:27:50,MRNA,160.1500,161.3500,160.1000,160.6700,43858.0000,160.7720,229
2026-08-19 17:27:55,MRNA,160.7300,161.0000,160.4100,160.6700,22144.0000,160.6510,129
2026-08-19 17:28:00,MRNA,160.4000,161.0000,160.3200,160.5900,28310.0000,160.7870,120
2026-08-19 17:28:05,MRNA,160.5300,160.5400,158.8200,159.1200,102221.0000,159.6430,472
2026-08-19 17:28:10,MRNA,159.0000,159.0700,155.8600,156.9800,103516.0000,157.6140,467
2026-08-19 17:28:15,MRNA,156.8300,156.9800,155.2000,156.0500,112095.0000,156.0610,503
2026-08-19 17:28:20,MRNA,156.2500,156.7200,155.6900,156.0800,45470.0000,156.2210,180
2026-08-19 17:28:25,MRNA,156.2000,156.5300,155.5500,156.3100,36028.0000,156.1390,168
2026-08-19 17:28:30,MRNA,156.2500,158.0000,156.0600,158.0000,28415.0000,157.0820,157
2026-08-19 17:28:35,MRNA,158.0000,158.5000,157.8500,157.8700,48813.0000,158.2380,228
2026-08-19 17:28:40,MRNA,158.1000,158.7100,157.8300,158.6700,22048.0000,158.3480,116
2026-08-19 17:28:45,MRNA,158.6000,159.0000,158.5200,158.6800,17715.0000,158.7720,86
2026-08-19 17:28:50,MRNA,158.8600,159.4700,158.6800,159.2700,28382.0000,159.1520,127
2026-08-19 17:28:55,MRNA,159.4300,161.0000,158.8000,159.4600,80048.0000,159.7600,423
2026-08-19 17:29:00,MRNA,159.2700,159.7300,158.6500,159.1600,73064.0000,158.9860,190
2026-08-19 17:29:05,MRNA,158.9100,159.1700,157.6800,157.9000,52761.0000,158.2870,281
2026-08-19 17:29:10,MRNA,158.0000,158.2100,157.0000,157.7900,30277.0000,157.6850,167
2026-08-19 17:29:15,MRNA,157.5700,158.5600,157.4300,158.4200,25587.0000,157.9880,106
2026-08-19 17:29:20,MRNA,158.4200,159.0800,158.1000,158.6200,18193.0000,158.5010,88
2026-08-19 17:29:25,MRNA,159.0000,160.2500,158.4800,159.8300,72679.0000,159.4570,206
2026-08-19 17:29:30,MRNA,159.9100,161.0200,159.6200,160.7800,76164.0000,160.3360,311
2026-08-19 17:29:35,MRNA,160.8900,162.2700,160.5500,161.3400,140702.0000,161.3020,499
2026-08-19 17:29:40,MRNA,161.4100,161.7300,160.3000,160.9500,47706.0000,161.0140,211
2026-08-19 17:29:45,MRNA,161.0400,161.4900,160.4400,161.0600,39007.0000,160.8440,207
2026-08-19 17:29:50,MRNA,161.0800,161.5000,160.5100,161.3000,46365.0000,160.9450,173
2026-08-19 17:29:55,MRNA,161.0500,161.6600,160.7400,161.4600,54047.0000,161.2570,222
2026-08-19 17:30:00,MRNA,161.4300,161.6400,160.6000,160.7200,24155.0000,161.0160,130
2026-08-19 17:30:05,MRNA,160.6600,160.8300,159.2000,159.6900,52685.0000,159.9410,221
2026-08-19 17:30:10,MRNA,159.5900,160.6100,159.5400,160.0300,26124.0000,159.9640,117
2026-08-19 17:30:15,MRNA,160.3100,160.6100,160.0000,160.3500,17337.0000,160.2270,70
2026-08-19 17:30:20,MRNA,160.3500,160.5200,159.4100,159.8200,21405.0000,159.8690,143
2026-08-19 17:30:25,MRNA,159.5300,160.7400,159.0100,159.2800,53156.0000,160.1160,273
2026-08-19 17:30:30,MRNA,159.2600,159.9400,158.5000,158.5100,42200.0000,159.0720,185
2026-08-19 17:30:35,MRNA,158.5100,158.5100,157.5000,157.6900,94159.0000,157.9910,470
2026-08-19 17:30:40,MRNA,157.7500,157.8900,157.1000,157.3600,59258.0000,157.4290,331
2026-08-19 17:30:45,MRNA,157.3000,157.4700,154.0100,156.0800,145788.0000,155.6870,670
2026-08-19 17:30:50,MRNA,156.2100,156.6000,155.5800,156.4600,38444.0000,156.1440,165
2026-08-19 17:30:55,MRNA,156.3200,156.8800,156.0000,156.2800,27226.0000,156.4250,123
2026-08-19 17:31:00,MRNA,156.4100,157.5700,154.9100,157.2900,97514.0000,156.0920,378
2026-08-19 17:31:05,MRNA,157.2900,158.8800,157.2900,158.3900,63720.0000,158.4840,268
2026-08-19 17:31:10,MRNA,158.0500,158.7100,158.0500,158.3400,36343.0000,158.4400,157
2026-08-19 17:31:15,MRNA,158.5200,158.9300,158.2600,158.9200,20964.0000,158.5410,116
2026-08-19 17:31:20,MRNA,158.5800,158.9200,157.0000,157.2300,38986.0000,157.9200,179
2026-08-19 17:31:25,MRNA,157.3600,157.8100,157.0000,157.7000,30991.0000,157.4330,155
2026-08-19 17:31:30,MRNA,157.9600,158.6500,157.4100,157.7000,26888.0000,157.9280,150
2026-08-19 17:31:35,MRNA,157.8600,157.9600,157.3500,157.3700,27361.0000,157.6000,154
2026-08-19 17:31:40,MRNA,157.5200,158.3900,157.5100,157.8300,15396.0000,157.8890,78
2026-08-19 17:31:45,MRNA,158.0000,158.6200,157.7700,158.1200,18073.0000,158.1820,106
2026-08-19 17:31:50,MRNA,158.3300,158.4700,157.6100,157.6100,21042.0000,158.0560,97
2026-08-19 17:31:55,MRNA,157.7400,157.9800,155.8200,156.1600,51623.0000,156.6920,302
2026-08-19 17:32:00,MRNA,155.9200,155.9600,153.8300,154.5300,86486.0000,154.5490,440
2026-08-19 17:32:05,MRNA,154.4400,155.6600,153.7600,153.8400,44226.0000,154.5750,206
2026-08-19 17:32:10,MRNA,153.8800,154.4100,153.4500,154.4100,39469.0000,153.8520,185
2026-08-19 17:32:15,MRNA,154.0300,154.4100,152.1200,152.8400,80393.0000,152.9120,319
2026-08-19 17:32:20,MRNA,152.7700,154.1000,152.1500,153.8400,65400.0000,153.1970,360
2026-08-19 17:32:25,MRNA,153.7900,154.5600,153.5400,154.3200,35804.0000,154.1960,159
2026-08-19 17:32:30,MRNA,154.2500,155.8400,154.2500,155.0700,46118.0000,155.0300,250
2026-08-19 17:32:35,MRNA,155.3300,155.8100,155.0700,155.8100,24183.0000,155.4710,110
2026-08-19 17:32:40,MRNA,155.5900,156.8600,155.5200,155.9100,46662.0000,156.1030,241
2026-08-19 17:32:45,MRNA,155.6700,157.9100,155.5800,157.7500,44474.0000,156.6120,229
2026-08-19 17:32:50,MRNA,157.7700,160.1900,157.4400,160.1900,109674.0000,158.8870,462
2026-08-19 17:32:55,MRNA,160.5000,161.0000,159.4000,159.8400,65962.0000,160.2870,303
2026-08-19 17:33:00,MRNA,159.4900,161.0000,158.4700,160.0200,59055.0000,160.1420,317
2026-08-19 17:33:05,MRNA,160.2200,161.0000,158.2900,158.5600,45749.0000,159.2310,172
2026-08-19 17:33:10,MRNA,158.7600,159.3500,158.3000,159.0000,26114.0000,158.7290,136
2026-08-19 17:33:15,MRNA,158.6900,158.9600,158.1200,158.1200,17694.0000,158.4940,88
2026-08-19 17:33:20,MRNA,158.3500,159.0000,158.1300,158.6400,20363.0000,158.5070,107
2026-08-19 17:33:25,MRNA,158.8300,159.9000,158.5800,159.2600,26187.0000,159.2190,133
2026-08-19 17:33:30,MRNA,159.4200,159.6500,158.7900,159.0400,17873.0000,159.2100,87
2026-08-19 17:33:35,MRNA,158.9200,159.2900,158.0000,158.1900,32975.0000,158.3600,188
2026-08-19 17:33:40,MRNA,158.3000,158.8100,158.0000,158.4600,18783.0000,158.5180,92
2026-08-19 17:33:45,MRNA,158.4500,158.7000,158.1900,158.3000,15904.0000,158.3530,95
2026-08-19 17:33:50,MRNA,158.2700,159.0000,158.0000,158.8100,27649.0000,158.5110,172
2026-08-19 17:33:55,MRNA,158.9300,159.5900,158.6400,159.1600,29364.0000,159.1640,125
2026-08-19 17:34:00,MRNA,159.0200,159.6900,158.6000,159.6000,34776.0000,159.1030,139
2026-08-19 17:34:05,MRNA,159.6900,160.0000,158.9000,159.0600,40930.0000,159.5410,157
2026-08-19 17:34:10,MRNA,159.1000,159.6000,158.5400,159.5000,20567.0000,159.0930,95
2026-08-19 17:34:15,MRNA,158.9300,159.7100,158.9300,159.2300,26503.0000,159.3230,95
2026-08-19 17:34:20,MRNA,159.2300,159.3300,158.2600,159.0000,64559.0000,158.8540,230
2026-08-19 17:34:25,MRNA,159.1100,159.2800,158.6000,159.1300,15414.0000,159.0310,56
2026-08-19 17:34:30,MRNA,158.9800,159.2800,158.7100,158.9200,15630.0000,158.9650,93
2026-08-19 17:34:35,MRNA,158.6000,158.6800,158.0000,158.2900,27481.0000,158.2920,142
2026-08-19 17:34:40,MRNA,158.2900,158.5400,158.2100,158.4200,19755.0000,158.3370,96
2026-08-19 17:34:45,MRNA,158.4200,160.2000,158.0100,159.3300,78663.0000,159.4080,363
2026-08-19 17:34:50,MRNA,159.1000,159.3300,158.7000,158.9200,35901.0000,158.9790,164
2026-08-19 17:34:55,MRNA,158.7500,158.9200,157.5200,158.3700,50870.0000,158.1430,287
2026-08-19 17:35:00,MRNA,158.5000,159.2000,158.4100,158.6900,24711.0000,158.7740,128
2026-08-19 17:35:05,MRNA,158.7600,159.7000,158.7600,159.3300,29601.0000,159.3070,88
2026-08-19 17:35:10,MRNA,159.3200,160.2000,159.3100,159.8400,49796.0000,159.8180,208
2026-08-19 17:35:15,MRNA,159.9900,160.3900,159.5000,160.0000,38041.0000,159.9440,162
2026-08-19 17:35:20,MRNA,160.0000,160.0000,158.9000,159.2300,30279.0000,159.4350,159
2026-08-19 17:35:25,MRNA,159.2100,160.7700,158.9300,160.5400,26656.0000,160.0640,121
2026-08-19 17:35:30,MRNA,160.7100,162.0000,160.2000,161.7100,123836.0000,161.2520,555
2026-08-19 17:35:35,MRNA,161.7300,162.8000,161.3300,162.6500,119255.0000,161.9420,537
2026-08-19 17:35:40,MRNA,162.5800,163.4000,162.3400,163.3900,102331.0000,163.0560,410
2026-08-19 17:35:45,MRNA,163.0000,163.4700,162.2400,163.0000,95328.0000,162.9850,316
2026-08-19 17:35:50,MRNA,163.0000,163.4000,162.1900,162.6200,52299.0000,162.9190,205
2026-08-19 17:35:55,MRNA,162.4000,163.0000,161.7900,162.5800,72650.0000,162.3170,236
2026-08-19 17:36:00,MRNA,162.5700,163.0000,162.3100,163.0000,28649.0000,162.6880,145
2026-08-19 17:36:05,MRNA,163.0300,163.0300,160.5000,160.8500,85652.0000,161.6510,323
2026-08-19 17:36:10,MRNA,160.7900,161.2800,160.0100,161.1000,38186.0000,160.6870,192
2026-08-19 17:36:15,MRNA,161.1000,161.4200,158.9000,158.9000,82179.0000,159.9290,402
2026-08-19 17:36:20,MRNA,158.8700,159.7300,158.6000,159.3000,38125.0000,159.2060,171
2026-08-19 17:36:25,MRNA,159.7200,160.7300,159.2600,160.1400,40974.0000,159.9770,157
2026-08-19 17:36:30,MRNA,160.3500,161.0000,160.0000,161.0000,22368.0000,160.6010,105
2026-08-19 17:36:35,MRNA,160.9900,160.9900,160.0000,160.0100,25735.0000,160.5530,112
2026-08-19 17:36:40,MRNA,160.1000,160.7300,160.0600,160.3800,17691.0000,160.3520,77
2026-08-19 17:36:45,MRNA,160.0500,160.3600,159.5600,159.9100,22613.0000,159.9970,90
2026-08-19 17:36:50,MRNA,159.9100,159.9200,158.7300,159.3500,28721.0000,159.0240,137
2026-08-19 17:36:55,MRNA,159.0500,159.5200,159.0500,159.3100,13465.0000,159.2990,47
2026-08-19 17:37:00,MRNA,159.4600,159.5600,159.1500,159.2600,20531.0000,159.2740,93
2026-08-19 17:37:05,MRNA,159.3500,159.5500,158.6000,158.7500,27113.0000,158.8960,117
2026-08-19 17:37:10,MRNA,158.7600,160.0100,158.4900,159.4400,66200.0000,159.2040,291
2026-08-19 17:37:15,MRNA,159.4900,159.6100,158.4900,158.6800,26071.0000,158.9880,98
2026-08-19 17:37:20,MRNA,158.6500,158.7100,157.5600,157.9700,46080.0000,158.2100,253
2026-08-19 17:37:25,MRNA,158.0100,158.6000,157.8000,158.4300,35967.0000,158.1050,168
2026-08-19 17:37:30,MRNA,158.6000,158.8000,157.1100,157.2000,21097.0000,157.8430,103
2026-08-19 17:37:35,MRNA,157.2000,157.5900,156.6300,157.3800,40870.0000,157.0920,154
2026-08-19 17:37:40,MRNA,157.4900,157.7800,157.3000,157.5300,20779.0000,157.4350,63
2026-08-19 17:37:45,MRNA,157.7800,157.8300,157.4500,157.5000,12191.0000,157.6750,55
2026-08-19 17:37:50,MRNA,157.5700,157.5800,156.5000,156.7700,35375.0000,157.0880,192
2026-08-19 17:37:55,MRNA,156.7500,157.1500,156.5100,156.5500,22818.0000,156.8900,85
2026-08-19 17:38:00,MRNA,156.7500,157.0000,155.1000,155.5100,54061.0000,155.9000,233
2026-08-19 17:38:05,MRNA,155.2900,156.0400,155.1000,155.8200,45538.0000,155.5400,210
2026-08-19 17:38:10,MRNA,155.9600,156.0100,155.2000,155.4900,76615.0000,155.7830,251
2026-08-19 17:38:15,MRNA,155.8300,156.3000,155.1800,155.5800,51563.0000,155.7720,212
2026-08-19 17:38:20,MRNA,155.4800,155.9700,155.3500,155.8800,26355.0000,155.6460,84
2026-08-19 17:38:25,MRNA,155.8300,156.4200,155.6700,156.1400,27772.0000,156.0160,124
2026-08-19 17:38:30,MRNA,156.2800,156.2800,155.6700,156.1300,32379.0000,155.9620,142
2026-08-19 17:38:35,MRNA,156.1300,156.4600,155.7300,155.7300,23195.0000,156.1920,134
2026-08-19 17:38:40,MRNA,155.7200,156.5300,155.3700,156.5300,51217.0000,155.7350,263
2026-08-19 17:38:45,MRNA,156.2700,156.2800,155.4100,155.8500,15624.0000,155.7050,99
2026-08-19 17:38:50,MRNA,155.8100,156.5000,155.0300,155.3400,62856.0000,155.5670,321
2026-08-19 17:38:55,MRNA,155.0500,155.4300,154.4100,154.6700,60341.0000,154.9740,226
2026-08-19 17:39:00,MRNA,154.6600,155.0000,154.3600,154.5100,19300.0000,154.7790,86
2026-08-19 17:39:05,MRNA,154.5200,155.5500,154.3600,155.2400,42914.0000,155.1270,253
2026-08-19 17:39:10,MRNA,155.2000,155.3900,154.6800,155.1900,19274.0000,154.9660,64
2026-08-19 17:39:15,MRNA,155.2800,156.4900,155.0000,155.4600,43836.0000,155.5440,228
2026-08-19 17:39:20,MRNA,155.9300,156.1600,155.0000,155.6700,30440.0000,155.4810,129
2026-08-19 17:39:25,MRNA,155.2000,155.4700,154.6000,154.7000,14197.0000,155.0280,78
2026-08-19 17:39:30,MRNA,154.7700,154.7700,154.1100,154.2700,38454.0000,154.3620,156
2026-08-19 17:39:35,MRNA,154.0900,154.6400,153.6800,154.3800,64660.0000,154.0760,248
2026-08-19 17:39:40,MRNA,154.3900,155.3400,154.1900,154.9700,30040.0000,154.7970,140
2026-08-19 17:39:45,MRNA,154.9900,155.2800,154.5400,154.6400,17310.0000,155.0070,53
2026-08-19 17:39:50,MRNA,154.5000,154.6800,153.8400,154.4100,29683.0000,154.2600,108
2026-08-19 17:39:55,MRNA,154.4600,154.7700,153.9800,154.1900,10684.0000,154.3600,62
2026-08-19 17:40:00,MRNA,154.3100,154.6200,153.5500,153.7700,18095.0000,153.8920,93
2026-08-19 17:40:05,MRNA,153.8500,153.8500,152.7200,152.8300,52155.0000,153.1260,278
2026-08-19 17:40:10,MRNA,152.9200,152.9900,151.5100,152.1000,86745.0000,152.3300,336
2026-08-19 17:40:15,MRNA,152.3000,152.9700,151.9900,152.7400,54201.0000,152.5190,252
2026-08-19 17:40:20,MRNA,152.7500,153.7500,152.6200,153.1900,64010.0000,153.1770,293
2026-08-19 17:40:25,MRNA,153.1900,153.3600,152.7600,153.0700,29655.0000,153.0550,129
2026-08-19 17:40:30,MRNA,153.0700,153.2600,152.7800,152.9100,14331.0000,152.9580,78
2026-08-19 17:40:35,MRNA,152.8800,153.2600,152.8800,153.1600,16951.0000,153.0970,68
2026-08-19 17:40:40,MRNA,153.0800,153.7400,152.7900,153.4600,18215.0000,153.2640,88
2026-08-19 17:40:45,MRNA,153.4400,153.6100,153.1900,153.4400,14925.0000,153.3460,57
2026-08-19 17:40:50,MRNA,153.3200,153.5500,152.1800,152.4100,39252.0000,152.9490,160
2026-08-19 17:40:55,MRNA,152.5600,152.5600,151.4000,151.5600,64965.0000,152.1050,334
2026-08-19 17:41:00,MRNA,151.6800,152.0000,151.2300,151.4800,55564.0000,151.4920,203
2026-08-19 17:41:05,MRNA,151.5600,152.0600,151.2500,151.8200,36028.0000,151.6080,158
2026-08-19 17:41:10,MRNA,151.7900,152.4700,151.6100,152.2900,29240.0000,152.1020,144
2026-08-19 17:41:15,MRNA,152.0000,152.7900,152.0000,152.6000,31775.0000,152.2890,116
2026-08-19 17:41:20,MRNA,152.5500,153.4700,152.3600,153.4700,56972.0000,153.0050,256
2026-08-19 17:41:25,MRNA,153.3200,153.8600,153.1100,153.8500,26572.0000,153.5980,114
2026-08-19 17:41:30,MRNA,153.5000,154.1700,153.4800,153.7100,54478.0000,153.8760,212
2026-08-19 17:41:35,MRNA,153.7100,153.9600,153.2000,153.6300,28693.0000,153.5360,128
2026-08-19 17:41:40,MRNA,153.6700,154.1400,152.5500,152.8700,39520.0000,153.5090,186
2026-08-19 17:41:45,MRNA,152.7300,153.1900,152.1100,152.2300,22695.0000,152.5880,113
2026-08-19 17:41:50,MRNA,152.3100,152.5500,151.5500,152.0800,29691.0000,151.9600,126
2026-08-19 17:41:55,MRNA,152.0300,152.3900,151.9200,151.9400,29674.0000,152.0800,101
2026-08-19 17:42:00,MRNA,151.7300,151.8700,150.5600,150.5600,99775.0000,151.1580,446
2026-08-19 17:42:05,MRNA,151.1800,151.4200,150.5300,150.6700,27290.0000,150.8390,171
2026-08-19 17:42:10,MRNA,150.7000,151.2000,150.5900,150.7900,55618.0000,150.8790,302
2026-08-19 17:42:15,MRNA,150.7900,151.4200,150.5300,151.2300,60063.0000,150.8910,311
2026-08-19 17:42:20,MRNA,151.3400,151.4700,151.0000,151.2000,20498.0000,151.1680,100
2026-08-19 17:42:25,MRNA,151.1300,151.9400,150.9900,151.5500,38111.0000,151.4440,171
2026-08-19 17:42:30,MRNA,151.9100,151.9300,151.4100,151.8200,20588.0000,151.7830,93
2026-08-19 17:42:35,MRNA,151.7700,151.7800,151.2500,151.4100,23007.0000,151.5300,117
2026-08-19 17:42:40,MRNA,151.3900,151.6600,151.0100,151.3300,10089.0000,151.3270,57
2026-08-19 17:42:45,MRNA,151.5000,151.5000,150.6000,150.7500,25477.0000,150.9580,113
2026-08-19 17:42:50,MRNA,150.9600,151.2500,150.3600,150.7600,63541.0000,150.6160,344
2026-08-19 17:42:55,MRNA,150.6400,151.0000,150.6400,150.7300,13378.0000,150.7770,75
2026-08-19 17:43:00,MRNA,150.7100,151.7600,150.3400,151.7100,50753.0000,151.1950,197
2026-08-19 17:43:05,MRNA,151.7100,152.9300,151.4600,152.8100,52268.0000,152.2750,210
2026-08-19 17:43:10,MRNA,152.8100,153.2900,152.5000,153.0100,33899.0000,152.9100,136
2026-08-19 17:43:15,MRNA,153.0100,153.1500,152.6800,152.9400,20546.0000,152.9210,129
2026-08-19 17:43:20,MRNA,152.9500,153.7000,152.8000,153.0000,45375.0000,153.3540,157
2026-08-19 17:43:25,MRNA,153.2300,153.5000,152.7200,153.3400,25530.0000,153.2170,157
2026-08-19 17:43:30,MRNA,153.3600,154.0400,153.3500,153.9900,23027.0000,153.7120,102
2026-08-19 17:43:35,MRNA,153.8800,154.1000,153.6300,153.8100,47406.0000,153.8800,210
2026-08-19 17:43:40,MRNA,153.9100,154.2000,153.7600,154.0300,27716.0000,153.9850,160
2026-08-19 17:43:45,MRNA,154.1900,154.6400,153.3600,153.5500,76708.0000,153.9800,316
2026-08-19 17:43:50,MRNA,153.3900,153.8000,151.4700,151.5100,77756.0000,152.7070,329
2026-08-19 17:43:55,MRNA,151.7500,152.3200,151.4700,152.0300,39083.0000,151.8280,212
2026-08-19 17:44:00,MRNA,152.0300,152.2000,151.6500,151.7800,22233.0000,151.8370,91
2026-08-19 17:44:05,MRNA,151.5900,151.8900,150.6500,150.8600,64825.0000,151.3640,245
2026-08-19 17:44:10,MRNA,151.0900,151.1200,149.1300,149.4500,117465.0000,149.7990,521
2026-08-19 17:44:15,MRNA,149.3600,150.8400,149.1200,150.4100,62194.0000,150.0430,208
2026-08-19 17:44:20,MRNA,150.6400,150.8800,149.6000,149.9800,29076.0000,150.1180,174
2026-08-19 17:44:25,MRNA,149.8600,150.0700,149.6000,149.8800,20789.0000,149.8290,98
2026-08-19 17:44:30,MRNA,149.8800,150.2200,149.6100,150.0600,36055.0000,149.9950,178
2026-08-19 17:44:35,MRNA,150.0600,150.4800,149.3300,149.3400,58727.0000,149.8530,296
2026-08-19 17:44:40,MRNA,149.5100,149.5600,149.1100,149.1500,68416.0000,149.2420,306
2026-08-19 17:44:45,MRNA,149.1100,149.3600,149.1100,149.1500,20933.0000,149.2130,92
2026-08-19 17:44:50,MRNA,149.1500,149.3400,148.5300,148.5300,140892.0000,149.0870,572
2026-08-19 17:44:55,MRNA,148.5300,150.0000,148.5300,149.5000,68523.0000,149.2510,352
2026-08-19 17:45:00,MRNA,149.2600,149.5000,148.7800,149.1200,32381.0000,149.0650,149
2026-08-19 17:45:05,MRNA,148.9700,149.0900,147.6300,147.7800,78979.0000,148.0880,248
2026-08-19 17:45:10,MRNA,147.6600,148.3000,147.6600,147.9200,44187.0000,147.8520,243
2026-08-19 17:45:15,MRNA,148.0300,149.6000,147.7500,149.5000,55785.0000,148.7850,254
2026-08-19 17:45:20,MRNA,149.1200,149.6000,148.7600,149.5100,24034.0000,149.2280,126
2026-08-19 17:45:25,MRNA,149.5500,149.7600,149.2200,149.3100,23661.0000,149.5390,130
2026-08-19 17:45:30,MRNA,149.3100,149.7100,149.2000,149.3900,33051.0000,149.3980,203
2026-08-19 17:45:35,MRNA,149.3900,150.0100,149.3100,149.8800,54106.0000,149.7710,278
2026-08-19 17:45:40,MRNA,149.7300,150.0100,149.3300,149.4200,57583.0000,149.7930,241
2026-08-19 17:45:45,MRNA,149.4700,149.6100,148.1500,148.3900,36451.0000,148.8190,190
2026-08-19 17:45:50,MRNA,148.1900,148.8100,148.1200,148.4400,26910.0000,148.5370,137
2026-08-19 17:45:55,MRNA,148.3000,148.6700,148.2600,148.5400,15507.0000,148.4440,86
2026-08-19 17:46:00,MRNA,148.6700,148.9000,148.4200,148.6400,18055.0000,148.6580,92
2026-08-19 17:46:05,MRNA,148.7300,148.7300,147.0800,147.4200,72492.0000,147.6520,262
2026-08-19 17:46:10,MRNA,147.1100,147.8600,147.1100,147.2200,29656.0000,147.4040,136
2026-08-19 17:46:15,MRNA,147.3000,147.7400,146.4900,147.1900,93602.0000,147.0730,338
2026-08-19 17:46:20,MRNA,147.1900,147.4700,147.0200,147.2900,51033.0000,147.1950,216
2026-08-19 17:46:25,MRNA,147.3100,148.0400,147.2000,147.3000,41050.0000,147.5660,216
2026-08-19 17:46:30,MRNA,147.4700,148.0000,147.3400,147.7800,28009.0000,147.7000,134
2026-08-19 17:46:35,MRNA,147.7400,147.9200,145.2000,145.2000,98182.0000,146.1660,366
2026-08-19 17:46:40,MRNA,145.2300,145.6500,145.1000,145.5000,92494.0000,145.3200,391
2026-08-19 17:46:45,MRNA,145.3100,145.5000,144.5100,144.9400,137705.0000,144.9670,598
2026-08-19 17:46:50,MRNA,144.9900,145.1000,144.6000,144.8800,55714.0000,144.9260,250
2026-08-19 17:46:55,MRNA,144.7700,144.9700,144.5200,144.8400,48709.0000,144.7890,220
2026-08-19 17:47:00,MRNA,144.8900,145.0000,143.3100,143.4100,70494.0000,144.1860,303
2026-08-19 17:47:05,MRNA,143.4100,143.8500,143.3600,143.6300,56188.0000,143.6200,234
2026-08-19 17:47:10,MRNA,143.5900,144.7300,142.8000,144.5400,132232.0000,143.6000,527
2026-08-19 17:47:15,MRNA,144.5400,145.4500,144.3600,145.3500,88049.0000,145.0190,430
2026-08-19 17:47:20,MRNA,145.3300,145.4400,144.7300,144.7700,42874.0000,145.0820,217
2026-08-19 17:47:25,MRNA,144.8800,145.0000,144.1100,144.7300,30344.0000,144.5000,152
2026-08-19 17:47:30,MRNA,144.8800,146.0000,144.8600,145.7400,47221.0000,145.3140,238
2026-08-19 17:47:35,MRNA,146.0500,146.8900,145.5500,146.5800,48639.0000,146.4480,211
2026-08-19 17:47:40,MRNA,146.5700,146.7100,145.5900,145.6000,43888.0000,146.2400,180
2026-08-19 17:47:45,MRNA,145.5800,146.3000,145.5000,146.2200,27410.0000,145.9040,154
2026-08-19 17:47:50,MRNA,146.3200,146.3300,145.5100,145.7600,45791.0000,145.9260,223
2026-08-19 17:47:55,MRNA,145.7500,146.5000,145.5000,146.3600,109143.0000,145.9910,182
2026-08-19 17:48:00,MRNA,146.1500,146.6400,145.9900,146.1900,33320.0000,146.2220,142
2026-08-19 17:48:05,MRNA,146.0900,146.6100,145.9300,146.3800,32913.0000,146.2670,172
2026-08-19 17:48:10,MRNA,146.2800,146.4500,145.1600,145.4400,41508.0000,145.7330,217
2026-08-19 17:48:15,MRNA,145.2400,145.7700,145.2400,145.7200,14989.0000,145.4910,80
2026-08-19 17:48:20,MRNA,145.9300,146.2000,145.6600,146.0800,38202.0000,145.9530,143
2026-08-19 17:48:25,MRNA,146.0900,146.4900,145.9300,146.3100,24864.0000,146.1980,89
2026-08-19 17:48:30,MRNA,146.4900,146.8800,146.1500,146.5400,34554.0000,146.5790,140
2026-08-19 17:48:35,MRNA,146.5300,146.7600,145.9200,146.5000,30549.0000,146.2870,129
2026-08-19 17:48:40,MRNA,146.4300,146.7500,146.2900,146.6600,12962.0000,146.4760,70
2026-08-19 17:48:45,MRNA,146.7500,147.3900,146.6600,147.3900,35229.0000,146.9610,125
2026-08-19 17:48:50,MRNA,147.3000,147.7500,147.1900,147.5700,39485.0000,147.4980,175
2026-08-19 17:48:55,MRNA,147.5700,147.9700,147.1800,147.9100,52359.0000,147.5670,265
2026-08-19 17:49:00,MRNA,147.8000,147.8600,147.1800,147.5600,33296.0000,147.4710,166
2026-08-19 17:49:05,MRNA,147.5600,147.6900,147.1700,147.3400,30614.0000,147.4100,120
2026-08-19 17:49:10,MRNA,147.3800,147.7000,147.0700,147.1300,26469.0000,147.3600,170
2026-08-19 17:49:15,MRNA,147.3200,147.5000,146.8800,147.0300,29504.0000,147.1420,139
2026-08-19 17:49:20,MRNA,146.8900,147.3400,146.7300,147.0700,19200.0000,147.0610,92
2026-08-19 17:49:25,MRNA,146.8600,147.6600,146.7300,147.4200,23793.0000,147.2100,106
2026-08-19 17:49:30,MRNA,147.3900,148.6900,147.3900,148.3400,54799.0000,147.9630,186
2026-08-19 17:49:35,MRNA,148.2500,148.7000,148.0200,148.7000,37764.0000,148.5150,180
2026-08-19 17:49:40,MRNA,148.6000,148.9500,148.5000,148.8200,31934.0000,148.6810,192
2026-08-19 17:49:45,MRNA,148.8600,149.0000,148.4900,148.7900,46048.0000,148.7710,201
2026-08-19 17:49:50,MRNA,148.7900,148.8200,148.0000,148.7100,62503.0000,148.4720,236
2026-08-19 17:49:55,MRNA,148.7100,149.1200,148.3800,148.5700,44422.0000,148.7540,157
2026-08-19 17:50:00,MRNA,148.6000,148.8800,147.7400,148.2800,33010.0000,148.3610,156
2026-08-19 17:50:05,MRNA,148.5000,148.8400,148.0000,148.1600,27459.0000,148.3090,98
2026-08-19 17:50:10,MRNA,148.1600,148.8400,147.9900,148.2200,57168.0000,148.3700,192
2026-08-19 17:50:15,MRNA,148.0400,148.6000,147.0700,147.3000,51589.0000,148.0490,217
2026-08-19 17:50:20,MRNA,147.2900,148.2100,146.7000,146.8500,44156.0000,147.2710,207
2026-08-19 17:50:25,MRNA,146.8500,147.4200,146.7000,147.0000,24234.0000,147.0460,111
2026-08-19 17:50:30,MRNA,147.2100,147.8300,147.0000,147.4800,24114.0000,147.4660,99
2026-08-19 17:50:35,MRNA,147.3500,147.9100,147.3400,147.9100,18269.0000,147.4610,77
2026-08-19 17:50:40,MRNA,147.7500,148.5500,147.5500,148.2500,12914.0000,148.1850,70
2026-08-19 17:50:45,MRNA,148.2500,149.7300,148.2500,149.5500,31418.0000,149.1160,167
2026-08-19 17:50:50,MRNA,149.4200,150.0000,148.8900,148.8900,53750.0000,149.6270,267
2026-08-19 17:50:55,MRNA,148.8000,148.9900,148.2500,148.5900,18390.0000,148.6250,98
2026-08-19 17:51:00,MRNA,148.4100,149.0000,148.4100,148.9900,25227.0000,148.7870,136
2026-08-19 17:51:05,MRNA,149.0000,149.0100,148.0600,148.0600,20009.0000,148.5370,116
2026-08-19 17:51:10,MRNA,148.2200,148.5300,147.5000,147.8400,52932.0000,147.9300,268
2026-08-19 17:51:15,MRNA,147.8300,148.0500,147.5000,147.7200,18918.0000,147.7810,103
2026-08-19 17:51:20,MRNA,147.6300,148.7000,147.3900,148.4600,21248.0000,147.9480,120
2026-08-19 17:51:25,MRNA,148.1600,148.6700,148.0000,148.2200,10722.0000,148.2880,44
2026-08-19 17:51:30,MRNA,148.3300,148.8700,148.0000,148.5100,18417.0000,148.3630,95
2026-08-19 17:51:35,MRNA,148.3600,148.8400,147.2600,147.4700,23671.0000,147.8290,116
2026-08-19 17:51:40,MRNA,147.3200,147.5600,146.6500,147.2200,58990.0000,146.9970,323
2026-08-19 17:51:45,MRNA,147.0100,148.4400,147.0100,147.9000,19180.0000,147.8060,70
2026-08-19 17:51:50,MRNA,148.1500,148.5000,147.8600,148.3600,15935.0000,148.2660,39
2026-08-19 17:51:55,MRNA,148.1400,148.7500,148.1300,148.2300,10017.0000,148.4660,49
2026-08-19 17:52:00,MRNA,148.4300,148.4800,147.9300,148.2400,12070.0000,148.1900,65
2026-08-19 17:52:05,MRNA,148.4100,148.8500,148.0700,148.7900,13657.0000,148.5190,73
2026-08-19 17:52:10,MRNA,148.5700,148.7400,148.3000,148.5800,9348.0000,148.6240,23
2026-08-19 17:52:15,MRNA,148.5900,149.3600,148.5900,149.2200,14583.0000,149.0530,74
2026-08-19 17:52:20,MRNA,149.2300,149.4000,148.7400,149.3500,40607.0000,149.1150,191
2026-08-19 17:52:25,MRNA,149.4200,149.8200,149.1300,149.2900,35236.0000,149.5560,137
2026-08-19 17:52:30,MRNA,149.6400,149.6400,149.0000,149.5000,18321.0000,149.2680,72
2026-08-19 17:52:35,MRNA,149.5000,149.8900,149.4700,149.7800,18658.0000,149.6950,96
2026-08-19 17:52:40,MRNA,149.7800,149.9900,149.5000,149.9900,19175.0000,149.7930,107
2026-08-19 17:52:45,MRNA,149.9200,150.4700,149.6000,149.9000,68564.0000,150.0050,298
2026-08-19 17:52:50,MRNA,149.9400,150.0000,149.7200,149.8000,27657.0000,149.8750,152
2026-08-19 17:52:55,MRNA,149.9800,150.1700,149.7700,149.8700,11091.0000,149.9250,59
2026-08-19 17:53:00,MRNA,149.9100,150.6100,149.7900,149.9800,24667.0000,150.0510,141
2026-08-19 17:53:05,MRNA,149.9800,150.1200,149.7800,149.9100,25512.0000,149.9500,109
2026-08-19 17:53:10,MRNA,149.9900,150.6100,149.9000,150.4900,26886.0000,150.2410,156
2026-08-19 17:53:15,MRNA,150.4800,150.6600,149.8700,149.8700,35148.0000,150.1940,176
2026-08-19 17:53:20,MRNA,149.8800,150.1700,149.0300,149.2700,47717.0000,149.5950,213
2026-08-19 17:53:25,MRNA,149.1100,149.4700,149.0300,149.3300,10458.0000,149.2300,51
2026-08-19 17:53:30,MRNA,149.5000,149.6300,149.2600,149.4200,9330.0000,149.4980,57
2026-08-19 17:53:35,MRNA,149.5900,149.7700,149.2700,149.3700,10711.0000,149.5020,65
2026-08-19 17:53:40,MRNA,149.3700,149.8000,149.0400,149.5400,17511.0000,149.3970,80
2026-08-19 17:53:45,MRNA,149.5100,149.7500,149.3600,149.3800,8605.0000,149.5340,49
2026-08-19 17:53:50,MRNA,149.4700,149.5000,149.1300,149.1300,6930.0000,149.3390,42
2026-08-19 17:53:55,MRNA,149.3900,149.4000,148.9900,149.2900,49719.0000,149.0550,122
2026-08-19 17:54:00,MRNA,149.2800,149.4500,148.7700,148.7700,19407.0000,149.0640,62
2026-08-19 17:54:05,MRNA,148.7100,148.7300,148.0200,148.0300,37099.0000,148.3890,132
2026-08-19 17:54:10,MRNA,148.1300,148.2900,147.2900,147.3800,49364.0000,147.8630,224
2026-08-19 17:54:15,MRNA,147.6800,148.7700,147.2800,148.0900,39137.0000,147.9950,216
2026-08-19 17:54:20,MRNA,148.0000,148.4900,147.8800,148.3100,12681.0000,148.1550,66
2026-08-19 17:54:25,MRNA,148.1200,148.9200,148.1200,148.5800,12630.0000,148.5670,65
2026-08-19 17:54:30,MRNA,148.8200,148.8900,148.1800,148.5600,13302.0000,148.4220,59
2026-08-19 17:54:35,MRNA,148.6600,148.7700,148.3800,148.3800,8314.0000,148.6250,44
2026-08-19 17:54:40,MRNA,148.3800,148.7800,148.3800,148.5200,18588.0000,148.5930,82
2026-08-19 17:54:45,MRNA,148.4800,148.5300,147.6100,148.0000,26608.0000,148.0560,94
2026-08-19 17:54:50,MRNA,148.0000,148.2900,148.0000,148.0000,8775.0000,148.1310,43
2026-08-19 17:54:55,MRNA,148.1200,148.6500,148.0600,148.4700,20918.0000,148.2750,85
2026-08-19 17:55:00,MRNA,148.5100,148.6700,148.1900,148.2500,5616.0000,148.3820,36
2026-08-19 17:55:05,MRNA,148.2500,148.3200,147.6900,147.6900,13864.0000,148.1100,61
2026-08-19 17:55:10,MRNA,147.8500,147.9200,147.6000,147.7400,8701.0000,147.7090,41
2026-08-19 17:55:15,MRNA,147.7400,148.0700,147.6100,147.8400,20312.0000,147.7740,99
2026-08-19 17:55:20,MRNA,147.8100,148.0900,147.4700,147.4900,19529.0000,147.8090,85
2026-08-19 17:55:25,MRNA,147.4400,147.6700,146.6400,146.7000,65938.0000,147.3090,273
2026-08-19 17:55:30,MRNA,146.7800,147.0400,146.0800,146.1800,35598.0000,146.4340,194
2026-08-19 17:55:35,MRNA,146.4400,146.4400,145.8000,146.0000,35548.0000,146.0450,214
2026-08-19 17:55:40,MRNA,146.0000,146.6400,145.8000,146.2700,41586.0000,146.0470,227
2026-08-19 17:55:45,MRNA,146.3100,146.5100,145.4300,145.9100,37357.0000,145.7760,240
2026-08-19 17:55:50,MRNA,145.8900,145.9900,145.5900,145.8300,20474.0000,145.7270,71
2026-08-19 17:55:55,MRNA,145.7300,145.8200,144.5000,144.5600,46350.0000,145.0270,175
2026-08-19 17:56:00,MRNA,144.7500,144.9900,144.5100,144.6500,23123.0000,144.7580,93
2026-08-19 17:56:05,MRNA,144.5100,145.1500,144.4300,144.9600,38525.0000,144.8240,120
2026-08-19 17:56:10,MRNA,145.0000,145.5400,144.7400,145.3800,22878.0000,145.2810,100
2026-08-19 17:56:15,MRNA,145.4700,145.8500,145.1700,145.5300,23680.0000,145.5370,124
2026-08-19 17:56:20,MRNA,145.5400,146.8500,145.4300,146.6900,47294.0000,146.1140,189
2026-08-19 17:56:25,MRNA,146.4200,147.0700,146.1500,146.8900,38411.0000,146.8190,152
2026-08-19 17:56:30,MRNA,146.8900,147.0800,146.5800,146.6900,25585.0000,146.8260,96
2026-08-19 17:56:35,MRNA,146.7400,146.8000,146.3600,146.6100,9133.0000,146.5810,41
2026-08-19 17:56:40,MRNA,146.6100,147.1900,146.3300,146.9800,21990.0000,146.8220,82
2026-08-19 17:56:45,MRNA,147.0300,147.3100,146.8000,146.9500,22844.0000,147.2020,77
2026-08-19 17:56:50,MRNA,147.0300,147.0300,146.7000,146.8300,10854.0000,146.8180,55
2026-08-19 17:56:55,MRNA,146.7000,146.7000,145.5100,146.0100,28616.0000,146.0430,153
2026-08-19 17:57:00,MRNA,146.1000,146.3700,145.6500,146.1700,12571.0000,146.0840,46
2026-08-19 17:57:05,MRNA,146.1900,146.3600,146.0000,146.1800,10133.0000,146.1800,49
2026-08-19 17:57:10,MRNA,146.1800,146.3600,145.9800,146.0100,14079.0000,146.1210,78
2026-08-19 17:57:15,MRNA,146.0100,146.3600,145.5900,145.6700,31641.0000,145.9410,155
2026-08-19 17:57:20,MRNA,145.6300,146.1900,145.5200,146.0000,14642.0000,145.8720,78
2026-08-19 17:57:25,MRNA,146.0000,146.7000,146.0000,146.6000,13195.0000,146.4420,63
2026-08-19 17:57:30,MRNA,146.7000,146.9600,146.5000,146.6600,12145.0000,146.7510,57
2026-08-19 17:57:35,MRNA,146.7100,146.9000,146.3700,146.8000,15594.0000,146.6450,60
2026-08-19 17:57:40,MRNA,146.9600,147.4300,146.6500,146.9800,28894.0000,147.0450,138
2026-08-19 17:57:45,MRNA,147.0300,147.2900,146.7100,146.7900,11802.0000,146.9880,62
2026-08-19 17:57:50,MRNA,146.7900,147.1300,146.6500,146.6500,13530.0000,146.8350,67
2026-08-19 17:57:55,MRNA,146.7800,147.3600,146.5000,147.1100,23642.0000,146.8440,116
2026-08-19 17:58:00,MRNA,147.3600,147.8400,147.1200,147.1300,29234.0000,147.3300,91
2026-08-19 17:58:05,MRNA,147.4500,147.7100,147.3500,147.4700,11070.0000,147.5470,54
2026-08-19 17:58:10,MRNA,147.5100,147.7200,147.3700,147.4500,15083.0000,147.5280,86
2026-08-19 17:58:15,MRNA,147.4500,147.7600,147.2400,147.7600,13588.0000,147.4610,80
2026-08-19 17:58:20,MRNA,147.5200,147.7400,147.3300,147.4100,12042.0000,147.4490,56
2026-08-19 17:58:25,MRNA,147.4500,147.6700,147.3000,147.4000,9243.0000,147.4620,55
2026-08-19 17:58:30,MRNA,147.4000,147.8500,147.3500,147.7000,11710.0000,147.6430,70
2026-08-19 17:58:35,MRNA,147.7000,147.9000,147.5500,147.7600,15058.0000,147.7180,43
2026-08-19 17:58:40,MRNA,147.5500,147.7300,146.9000,147.3400,20500.0000,147.1710,77
2026-08-19 17:58:45,MRNA,147.1900,147.6900,147.1900,147.5500,7764.0000,147.3540,34
2026-08-19 17:58:50,MRNA,147.3100,147.4400,147.0800,147.1900,8116.0000,147.2580,44
2026-08-19 17:58:55,MRNA,147.2200,147.4400,147.1400,147.3700,5755.0000,147.3270,20
2026-08-19 17:59:00,MRNA,147.1400,148.7700,147.1400,148.6900,43756.0000,148.0590,160
2026-08-19 17:59:05,MRNA,148.4200,148.7700,148.3400,148.7100,13036.0000,148.6020,67
2026-08-19 17:59:10,MRNA,148.7100,149.3400,148.6400,149.0800,28801.0000,148.9920,94
2026-08-19 17:59:15,MRNA,149.4200,149.6000,149.2500,149.3900,27907.0000,149.4150,111
2026-08-19 17:59:20,MRNA,149.3600,149.6000,149.0000,149.1800,31944.0000,149.4020,107
2026-08-19 17:59:25,MRNA,149.0000,149.5700,149.0000,149.5700,19442.0000,149.2910,98
2026-08-19 17:59:30,MRNA,149.3100,149.6500,149.2000,149.5900,15985.0000,149.4980,81
2026-08-19 17:59:35,MRNA,149.5400,149.7300,149.4400,149.6700,21567.0000,149.5920,108
2026-08-19 17:59:40,MRNA,149.6700,150.0000,149.0800,149.2600,84625.0000,149.7760,342
2026-08-19 17:59:45,MRNA,149.4300,149.4300,148.2200,148.5200,33877.0000,148.7150,220
2026-08-19 17:59:50,MRNA,148.3300,148.8100,148.2000,148.3200,14685.0000,148.4130,85
2026-08-19 17:59:55,MRNA,148.3200,148.5400,148.0200,148.1000,30687.0000,148.2170,180
2026-08-19 18:00:00,MRNA,148.1700,148.1700,147.7000,147.8600,29614.0000,147.9620,125
2026-08-19 18:00:05,MRNA,147.9700,148.1000,147.1400,147.3100,14213.0000,147.5810,66
2026-08-19 18:00:10,MRNA,147.2600,147.4000,146.5000,146.8400,30378.0000,146.7580,168
2026-08-19 18:00:15,MRNA,146.8400,146.9900,146.5600,146.6600,12238.0000,146.7260,49
2026-08-19 18:00:20,MRNA,146.6300,146.7500,145.5100,145.7800,30189.0000,145.9340,132
2026-08-19 18:00:25,MRNA,145.8100,146.1800,145.6100,145.8000,31278.0000,145.8660,180
2026-08-19 18:00:30,MRNA,145.6100,145.8000,145.1300,145.4500,20476.0000,145.4210,87
2026-08-19 18:00:35,MRNA,145.4600,146.4300,145.3000,145.5200,40142.0000,145.7130,178
2026-08-19 18:00:40,MRNA,145.9200,146.5000,145.2000,145.4100,16596.0000,145.4440,85
2026-08-19 18:00:45,MRNA,145.3100,146.3200,145.1800,145.8200,33257.0000,145.6790,158
2026-08-19 18:00:50,MRNA,145.8200,145.9400,145.4600,145.5000,8261.0000,145.6980,42
2026-08-19 18:00:55,MRNA,145.6400,145.9000,145.4600,145.6200,23344.0000,145.6900,131
2026-08-19 18:01:00,MRNA,145.5000,146.0000,145.4800,145.5000,22928.0000,145.7360,101
2026-08-19 18:01:05,MRNA,145.6100,145.6200,144.7300,144.8400,53872.0000,145.0470,235
2026-08-19 18:01:10,MRNA,144.8600,145.0000,144.5100,144.6300,15648.0000,144.7320,87
2026-08-19 18:01:15,MRNA,144.6600,144.8000,143.5800,143.7900,41137.0000,144.2290,171
2026-08-19 18:01:20,MRNA,143.9100,144.4600,143.8000,144.2100,20028.0000,144.2030,95
2026-08-19 18:01:25,MRNA,144.1300,144.6500,144.0000,144.4400,20171.0000,144.3730,88
2026-08-19 18:01:30,MRNA,144.4100,144.5200,144.2400,144.2500,9247.0000,144.3990,54
2026-08-19 18:01:35,MRNA,144.2700,144.3300,143.9800,144.1400,21131.0000,144.1450,112
2026-08-19 18:01:40,MRNA,144.4400,145.2300,144.4000,145.0300,37807.0000,144.9550,186
2026-08-19 18:01:45,MRNA,145.1100,145.4800,145.0000,145.0500,39819.0000,145.1780,203
2026-08-19 18:01:50,MRNA,145.2500,145.2600,144.7700,144.8600,13579.0000,145.0810,61
2026-08-19 18:01:55,MRNA,144.8600,145.1300,144.6100,144.6200,15351.0000,144.9180,98
2026-08-19 18:02:00,MRNA,144.6200,145.4500,144.5000,145.3600,26306.0000,144.9960,112
2026-08-19 18:02:05,MRNA,145.3300,145.6300,145.2700,145.4400,22960.0000,145.4410,120
2026-08-19 18:02:10,MRNA,145.4400,145.8600,145.2700,145.8500,40233.0000,145.6010,210
2026-08-19 18:02:15,MRNA,145.8500,145.9000,145.5200,145.6000,18931.0000,145.7330,73
2026-08-19 18:02:20,MRNA,145.6100,145.7300,145.2800,145.2800,13712.0000,145.5670,74
2026-08-19 18:02:25,MRNA,145.3700,145.4600,145.0800,145.2600,19804.0000,145.2320,98
2026-08-19 18:02:30,MRNA,145.0600,145.9000,144.7600,145.5900,55156.0000,145.4400,269
2026-08-19 18:02:35,MRNA,145.6500,145.6700,145.3000,145.4100,5286.0000,145.4580,24
2026-08-19 18:02:40,MRNA,145.5900,145.6900,145.1600,145.3800,14119.0000,145.3980,44
2026-08-19 18:02:45,MRNA,145.3300,145.5000,144.8500,145.0400,20214.0000,145.1070,104
2026-08-19 18:02:50,MRNA,144.8900,145.0900,144.5300,144.6900,16075.0000,144.8640,85
2026-08-19 18:02:55,MRNA,144.7000,145.0700,144.5300,144.6600,12222.0000,144.6720,52
2026-08-19 18:03:00,MRNA,144.5300,145.0000,144.5300,144.9100,19963.0000,144.7440,65
2026-08-19 18:03:05,MRNA,144.9000,145.0600,144.6100,144.7500,15479.0000,144.8520,93
2026-08-19 18:03:10,MRNA,144.8100,145.2800,144.8000,145.1500,18066.0000,145.0200,90
2026-08-19 18:03:15,MRNA,145.2700,145.6000,144.9800,145.1500,24318.0000,145.2580,137
2026-08-19 18:03:20,MRNA,145.1900,145.8000,145.0700,145.6500,14255.0000,145.4210,67
2026-08-19 18:03:25,MRNA,145.6300,146.0000,145.0800,145.3100,64483.0000,145.6250,321
2026-08-19 18:03:30,MRNA,145.1300,145.1300,143.9800,144.1300,58942.0000,144.4630,176
2026-08-19 18:03:35,MRNA,144.0000,144.3700,143.9300,144.1100,27845.0000,144.1270,113
2026-08-19 18:03:40,MRNA,144.1400,144.6000,144.0000,144.3400,19121.0000,144.3030,103
2026-08-19 18:03:45,MRNA,144.4700,144.6000,144.1500,144.4300,6858.0000,144.3620,36
2026-08-19 18:03:50,MRNA,144.3500,144.5500,144.0100,144.3600,25622.0000,144.2510,142
2026-08-19 18:03:55,MRNA,144.2400,144.9000,144.0100,144.5900,9717.0000,144.3960,47
2026-08-19 18:04:00,MRNA,144.6100,144.6200,143.7800,143.7800,24838.0000,144.1250,113
2026-08-19 18:04:05,MRNA,143.7800,144.2300,143.5800,143.6600,18247.0000,143.7320,89
2026-08-19 18:04:10,MRNA,143.6300,143.6600,143.2900,143.3200,26088.0000,143.5240,133
2026-08-19 18:04:15,MRNA,143.2600,143.5800,143.2600,143.4300,12132.0000,143.3980,67
2026-08-19 18:04:20,MRNA,143.3900,143.7000,143.0600,143.7000,18396.0000,143.3270,101
2026-08-19 18:04:25,MRNA,143.6300,144.0000,143.3700,143.5000,28711.0000,143.7450,117
2026-08-19 18:04:30,MRNA,143.5500,143.6300,143.0100,143.4200,25688.0000,143.2430,109
2026-08-19 18:04:35,MRNA,143.1400,143.6500,143.1400,143.5200,14850.0000,143.3950,81
2026-08-19 18:04:40,MRNA,143.5000,143.8600,143.4100,143.6100,24606.0000,143.6000,131
2026-08-19 18:04:45,MRNA,143.6300,143.6300,142.8600,142.8600,42318.0000,143.0550,172
2026-08-19 18:04:50,MRNA,142.8600,143.0000,142.5000,142.8300,31901.0000,142.7440,162
2026-08-19 18:04:55,MRNA,142.8100,142.9700,142.3700,142.3800,37329.0000,142.6400,159
2026-08-19 18:05:00,MRNA,142.3800,142.7000,141.5000,141.6400,72409.0000,141.9260,338
2026-08-19 18:05:05,MRNA,141.7900,143.5000,141.6400,142.9100,130635.0000,142.4600,562
2026-08-19 18:05:10,MRNA,143.1000,143.2200,142.7100,143.1500,40073.0000,142.9100,219
2026-08-19 18:05:15,MRNA,142.9100,143.5800,142.8000,143.5800,21213.0000,143.1730,120
2026-08-19 18:05:20,MRNA,143.5100,144.4000,143.2000,144.0000,54864.0000,143.9300,260
2026-08-19 18:05:25,MRNA,143.9100,144.3200,143.6800,144.0500,24018.0000,143.9400,113
2026-08-19 18:05:30,MRNA,144.0800,144.6900,144.0000,144.5600,17534.0000,144.4100,100
2026-08-19 18:05:35,MRNA,144.5600,144.6800,144.4100,144.5300,14660.0000,144.5850,57
2026-08-19 18:05:40,MRNA,144.6700,144.8300,144.5000,144.7000,12781.0000,144.6060,62
2026-08-19 18:05:45,MRNA,144.6800,144.6900,143.8800,144.3500,33068.0000,144.3420,132
2026-08-19 18:05:50,MRNA,144.4600,144.6100,144.0800,144.3200,10963.0000,144.4890,53
2026-08-19 18:05:55,MRNA,144.3200,144.6100,144.0600,144.3600,15722.0000,144.3910,92
2026-08-19 18:06:00,MRNA,144.5000,144.5100,144.2100,144.3400,6511.0000,144.3680,37
2026-08-19 18:06:05,MRNA,144.3600,144.6100,144.3400,144.5200,17508.0000,144.4760,85
2026-08-19 18:06:10,MRNA,144.5200,144.6000,143.8800,144.2500,28500.0000,144.3290,100
2026-08-19 18:06:15,MRNA,144.1000,144.1800,143.3800,143.4400,30207.0000,143.7130,171
2026-08-19 18:06:20,MRNA,143.6700,143.9000,143.3800,143.6100,7971.0000,143.6600,49
2026-08-19 18:06:25,MRNA,143.6800,144.5500,143.5500,144.4700,20508.0000,144.1980,105
2026-08-19 18:06:30,MRNA,144.5400,144.5400,144.0200,144.1900,9712.0000,144.2670,57
2026-08-19 18:06:35,MRNA,144.1900,144.3600,143.8500,143.9300,20664.0000,144.0090,81
2026-08-19 18:06:40,MRNA,143.9300,144.0600,143.7400,143.9200,32197.0000,143.9740,134
2026-08-19 18:06:45,MRNA,143.9200,144.2400,143.0000,143.1600,101820.0000,143.6890,203
2026-08-19 18:06:50,MRNA,143.1000,143.6200,143.1000,143.3400,25665.0000,143.2660,130
2026-08-19 18:06:55,MRNA,143.3500,143.4300,143.0000,143.1200,19003.0000,143.2370,99
2026-08-19 18:07:00,MRNA,143.1200,143.3100,142.2100,142.2200,64506.0000,142.6890,235
2026-08-19 18:07:05,MRNA,142.2300,142.5100,142.0800,142.3100,50107.0000,142.2550,236
2026-08-19 18:07:10,MRNA,142.3600,142.3800,141.7000,142.0600,24765.0000,142.0250,141
2026-08-19 18:07:15,MRNA,141.8100,141.8600,141.2100,141.3300,35985.0000,141.4660,189
2026-08-19 18:07:20,MRNA,141.4900,141.6500,141.3000,141.3300,11966.0000,141.3850,62
2026-08-19 18:07:25,MRNA,141.2900,141.6500,141.2600,141.3000,33809.0000,141.4180,136
2026-08-19 18:07:30,MRNA,141.4700,142.0000,141.2100,141.7200,51117.0000,141.5630,192
2026-08-19 18:07:35,MRNA,141.8000,142.1000,141.6600,142.0000,28744.0000,141.8850,149
2026-08-19 18:07:40,MRNA,141.9400,142.3000,141.9300,141.9600,31313.0000,142.0760,96
2026-08-19 18:07:45,MRNA,142.0000,142.1700,141.6500,142.1000,20839.0000,141.9310,90
2026-08-19 18:07:50,MRNA,141.9700,142.0500,141.8400,141.9500,11585.0000,141.9400,50
2026-08-19 18:07:55,MRNA,141.8400,142.0400,141.7300,142.0000,11808.0000,141.9460,55
2026-08-19 18:08:00,MRNA,142.0000,142.2000,141.7000,141.7500,24173.0000,141.9830,89
2026-08-19 18:08:05,MRNA,141.7500,142.0000,141.5000,141.8600,23857.0000,141.7690,85
2026-08-19 18:08:10,MRNA,141.8800,142.3000,141.7700,142.0200,36420.0000,142.0320,93
2026-08-19 18:08:15,MRNA,141.9900,142.1000,141.7600,141.7600,25510.0000,141.9150,81
2026-08-19 18:08:20,MRNA,141.7900,141.8700,141.5000,141.6800,18213.0000,141.6250,89
2026-08-19 18:08:25,MRNA,141.5000,141.8500,141.5000,141.5100,11996.0000,141.6150,51
2026-08-19 18:08:30,MRNA,141.5500,141.7000,141.3000,141.4000,17855.0000,141.4310,77
2026-08-19 18:08:35,MRNA,141.3800,141.7000,141.3000,141.5000,19239.0000,141.4520,88
2026-08-19 18:08:40,MRNA,141.6000,141.8400,141.5900,141.6600,7574.0000,141.6940,34
2026-08-19 18:08:45,MRNA,141.6100,141.6200,141.2100,141.2800,19479.0000,141.3520,102
2026-08-19 18:08:50,MRNA,141.2200,141.4100,141.2100,141.2100,15950.0000,141.2790,90
2026-08-19 18:08:55,MRNA,141.2800,141.5400,141.2800,141.4400,22931.0000,141.4280,115
2026-08-19 18:09:00,MRNA,141.4400,141.7600,141.2100,141.3300,20578.0000,141.4720,114
2026-08-19 18:09:05,MRNA,141.2600,141.3300,141.0100,141.0200,37433.0000,141.1850,179
2026-08-19 18:09:10,MRNA,141.1100,141.2900,140.2100,140.8300,107624.0000,140.7890,353
2026-08-19 18:09:15,MRNA,140.7800,140.9600,140.4900,140.6700,27772.0000,140.7150,108
2026-08-19 18:09:20,MRNA,140.6500,141.0000,140.2100,140.3100,33357.0000,140.5580,151
2026-08-19 18:09:25,MRNA,140.2900,140.6300,140.1900,140.4100,53753.0000,140.3240,317
2026-08-19 18:09:30,MRNA,140.3100,140.3700,139.3300,139.6200,137186.0000,139.9300,546
2026-08-19 18:09:35,MRNA,139.7300,140.0000,139.3400,139.6500,54837.0000,139.5740,296
2026-08-19 18:09:40,MRNA,139.5400,139.7200,139.2400,139.3800,28743.0000,139.4170,127
2026-08-19 18:09:45,MRNA,139.4100,139.5000,139.1100,139.1700,60244.0000,139.3100,261
2026-08-19 18:09:50,MRNA,139.1700,139.4500,138.8100,139.3400,64037.0000,139.1020,261
2026-08-19 18:09:55,MRNA,139.4300,139.5000,139.1000,139.3900,37041.0000,139.3010,169
2026-08-19 18:10:00,MRNA,139.3500,139.6300,139.2600,139.4000,29001.0000,139.4170,159
2026-08-19 18:10:05,MRNA,139.3400,139.4100,138.6000,138.7600,42509.0000,138.9050,139
2026-08-19 18:10:10,MRNA,138.6100,139.0700,138.6000,139.0700,30621.0000,138.8500,147
2026-08-19 18:10:15,MRNA,138.9500,139.4900,138.7600,139.2900,29574.0000,139.2390,127
2026-08-19 18:10:20,MRNA,139.4400,139.5800,139.1400,139.3900,37238.0000,139.4020,183
2026-08-19 18:10:25,MRNA,139.2800,139.4700,139.1400,139.3100,17321.0000,139.3220,64
2026-08-19 18:10:30,MRNA,139.3100,139.5000,139.2300,139.3200,11134.0000,139.3980,69
2026-08-19 18:10:35,MRNA,139.3300,139.3300,138.6900,138.7600,17605.0000,138.9500,76
2026-08-19 18:10:40,MRNA,138.6500,138.8800,138.6000,138.8000,21188.0000,138.7030,111
2026-08-19 18:10:45,MRNA,138.8400,138.9900,138.6100,138.8200,29303.0000,138.8080,148
2026-08-19 18:10:50,MRNA,138.9300,139.0400,138.8000,139.0000,19113.0000,138.9100,92
2026-08-19 18:10:55,MRNA,138.9200,139.1900,138.8300,139.1900,27425.0000,138.9840,106
2026-08-19 18:11:00,MRNA,139.1600,139.4000,138.9400,139.3100,29093.0000,139.2260,123
2026-08-19 18:11:05,MRNA,139.3900,139.4500,139.1300,139.2200,15196.0000,139.2830,77
2026-08-19 18:11:10,MRNA,139.2200,139.4000,139.1100,139.3100,15286.0000,139.2360,95
2026-08-19 18:11:15,MRNA,139.2200,139.8600,139.1500,139.7000,31754.0000,139.5220,155
2026-08-19 18:11:20,MRNA,139.8500,140.1900,139.6200,139.6900,79679.0000,139.9610,288
2026-08-19 18:11:25,MRNA,139.7500,140.0000,139.7000,139.7800,18165.0000,139.8140,86
2026-08-19 18:11:30,MRNA,139.7500,139.8100,139.3600,139.5200,31096.0000,139.5390,178
2026-08-19 18:11:35,MRNA,139.5300,139.5300,138.8400,138.9800,32133.0000,139.1180,139
2026-08-19 18:11:40,MRNA,138.9100,139.0200,138.7000,138.7900,17422.0000,138.8120,97
2026-08-19 18:11:45,MRNA,138.8800,138.9300,138.6900,138.7900,30835.0000,138.8890,160
2026-08-19 18:11:50,MRNA,138.7800,138.9300,138.6000,138.7700,21148.0000,138.7420,130
2026-08-19 18:11:55,MRNA,138.7000,138.7700,138.6000,138.7000,17803.0000,138.7110,73
2026-08-19 18:12:00,MRNA,138.7500,138.7600,138.4500,138.4500,17741.0000,138.5530,89
2026-08-19 18:12:05,MRNA,138.4500,138.4800,138.1100,138.1800,30723.0000,138.2620,129
2026-08-19 18:12:10,MRNA,138.2300,138.2800,138.0200,138.2200,47519.0000,138.1690,301
2026-08-19 18:12:15,MRNA,138.1800,138.5000,138.0400,138.1500,45900.0000,138.2310,194
2026-08-19 18:12:20,MRNA,138.1600,138.5900,138.0000,138.5100,61481.0000,138.1410,331
2026-08-19 18:12:25,MRNA,138.4900,138.5500,138.2500,138.3800,14064.0000,138.3690,73
2026-08-19 18:12:30,MRNA,138.3700,138.3700,138.0600,138.2300,13544.0000,138.1710,63
2026-08-19 18:12:35,MRNA,138.1600,138.2500,137.6000,137.7200,53838.0000,137.9890,237
2026-08-19 18:12:40,MRNA,137.7200,138.1600,137.6700,138.0100,32628.0000,137.8840,164
2026-08-19 18:12:45,MRNA,138.0100,138.0500,137.3800,137.5100,27075.0000,137.6970,130
2026-08-19 18:12:50,MRNA,137.5100,138.0000,137.4100,137.8500,40033.0000,137.7740,227
2026-08-19 18:12:55,MRNA,137.7700,138.0900,137.7000,137.9500,33736.0000,137.8680,136
2026-08-19 18:13:00,MRNA,137.9500,138.4700,137.9000,138.1900,47776.0000,138.2410,215
2026-08-19 18:13:05,MRNA,138.1000,138.2400,137.8700,138.1400,20726.0000,138.1100,95
2026-08-19 18:13:10,MRNA,138.2200,138.2200,137.8900,137.9200,27958.0000,137.9920,96
2026-08-19 18:13:15,MRNA,137.9200,138.2200,137.9000,138.0700,23711.0000,138.0350,157
2026-08-19 18:13:20,MRNA,138.0300,138.1500,137.8100,138.1000,29040.0000,138.0250,185
2026-08-19 18:13:25,MRNA,138.0600,138.1400,138.0000,138.0400,16806.0000,138.0680,93
2026-08-19 18:13:30,MRNA,138.0500,138.3800,138.0000,138.3800,32512.0000,138.1910,134
2026-08-19 18:13:35,MRNA,138.3100,138.6500,138.2200,138.6100,18225.0000,138.4130,68
2026-08-19 18:13:40,MRNA,138.6500,138.7600,138.2500,138.2500,20804.0000,138.4910,108
2026-08-19 18:13:45,MRNA,138.3700,138.3700,137.5000,137.6800,41921.0000,138.0140,179
2026-08-19 18:13:50,MRNA,137.7600,138.1100,137.6800,137.9000,37014.0000,137.8620,190
2026-08-19 18:13:55,MRNA,137.9000,137.9800,137.7900,137.8500,10098.0000,137.9050,56
2026-08-19 18:14:00,MRNA,137.9400,137.9400,137.4600,137.5600,25553.0000,137.6630,109
2026-08-19 18:14:05,MRNA,137.6600,137.6600,137.2500,137.4600,20004.0000,137.4150,100
2026-08-19 18:14:10,MRNA,137.3500,137.9100,137.3400,137.6800,39215.0000,137.6740,187
2026-08-19 18:14:15,MRNA,137.7200,137.7800,137.4100,137.5200,29462.0000,137.5320,162
2026-08-19 18:14:20,MRNA,137.6800,137.8300,137.3600,137.4000,27776.0000,137.6380,146
2026-08-19 18:14:25,MRNA,137.4100,137.8900,137.2600,137.8900,33682.0000,137.4700,136
2026-08-19 18:14:30,MRNA,137.8900,137.8900,137.2600,137.4400,24992.0000,137.6410,166
2026-08-19 18:14:35,MRNA,137.4400,137.6700,137.2600,137.4800,26715.0000,137.4770,133
2026-08-19 18:14:40,MRNA,137.4800,137.8000,137.2700,137.7100,21931.0000,137.5300,115
2026-08-19 18:14:45,MRNA,137.8000,139.2000,137.7100,139.2000,117668.0000,138.4320,408
2026-08-19 18:14:50,MRNA,139.1200,139.4500,138.8800,139.3600,41705.0000,139.1940,175
2026-08-19 18:14:55,MRNA,139.3000,139.4800,139.2200,139.3500,25464.0000,139.3310,98
2026-08-19 18:15:00,MRNA,139.3500,139.7000,139.2400,139.4500,28773.0000,139.4720,132
2026-08-19 18:15:05,MRNA,139.4400,139.7000,139.3700,139.5300,32994.0000,139.5070,134
2026-08-19 18:15:10,MRNA,139.4300,139.5600,139.1200,139.3200,40205.0000,139.3350,151
2026-08-19 18:15:15,MRNA,139.2700,139.5900,139.1300,139.4400,22161.0000,139.3980,78
2026-08-19 18:15:20,MRNA,139.3900,139.4400,138.9900,139.2000,20085.0000,139.1600,109
2026-08-19 18:15:25,MRNA,139.0400,139.1700,138.7800,138.8100,31479.0000,138.9590,114
2026-08-19 18:15:30,MRNA,138.8200,139.0400,138.2500,138.4100,35653.0000,138.8030,179
2026-08-19 18:15:35,MRNA,138.3500,138.7300,137.9900,138.5700,35439.0000,138.2480,194
2026-08-19 18:15:40,MRNA,138.5900,138.7300,138.2200,138.2500,15713.0000,138.4020,90
2026-08-19 18:15:45,MRNA,138.2000,138.4000,138.0200,138.3900,22610.0000,138.1530,87
2026-08-19 18:15:50,MRNA,138.3600,138.7300,138.0800,138.6300,11468.0000,138.4750,60
2026-08-19 18:15:55,MRNA,138.7300,138.8400,138.5400,138.5600,8253.0000,138.6800,48
2026-08-19 18:16:00,MRNA,138.5800,138.8700,138.5100,138.7000,25272.0000,138.6230,90
2026-08-19 18:16:05,MRNA,138.7800,138.7900,138.3800,138.6100,10410.0000,138.5580,67
2026-08-19 18:16:10,MRNA,138.5100,138.6700,138.4700,138.5000,13543.0000,138.5550,63
2026-08-19 18:16:15,MRNA,138.4800,138.5200,138.1000,138.2700,19121.0000,138.2820,129
2026-08-19 18:16:20,MRNA,138.4100,138.6400,138.1100,138.6400,22051.0000,138.2650,58
2026-08-19 18:16:25,MRNA,138.5700,138.9500,138.4900,138.8900,15090.0000,138.8230,64
2026-08-19 18:16:30,MRNA,138.8800,138.8900,138.5600,138.5900,18641.0000,138.6910,128
2026-08-19 18:16:35,MRNA,138.5900,138.8700,138.1100,138.2500,29567.0000,138.4630,135
2026-08-19 18:16:40,MRNA,138.1100,138.3100,138.0500,138.2300,14439.0000,138.1650,44
2026-08-19 18:16:45,MRNA,138.2100,138.3400,137.8600,138.2300,35375.0000,138.0560,153
2026-08-19 18:16:50,MRNA,138.0500,138.2400,137.9800,138.1700,8584.0000,138.1550,35
2026-08-19 18:16:55,MRNA,138.1700,138.1800,137.3200,137.6000,66518.0000,137.6430,148
2026-08-19 18:17:00,MRNA,137.7500,138.0000,137.4800,137.8600,9913.0000,137.8030,48
2026-08-19 18:17:05,MRNA,137.7900,139.0900,137.7600,139.0700,29370.0000,138.5770,133
2026-08-19 18:17:10,MRNA,139.1000,139.1300,138.6400,138.8900,22934.0000,138.9720,72
2026-08-19 18:17:15,MRNA,138.8000,138.9800,138.1000,138.2500,15713.0000,138.4850,89
2026-08-19 18:17:20,MRNA,138.2500,138.4700,137.4400,137.4400,36903.0000,138.0010,247
2026-08-19 18:17:25,MRNA,137.6800,137.7400,137.0400,137.1200,44433.0000,137.3760,159
2026-08-19 18:17:30,MRNA,137.0900,137.4600,136.8800,137.2500,40477.0000,137.1140,180
2026-08-19 18:17:35,MRNA,137.2800,137.3500,137.1100,137.2300,23327.0000,137.1860,78
2026-08-19 18:17:40,MRNA,137.3000,137.3500,136.9900,137.0600,17661.0000,137.0910,73
2026-08-19 18:17:45,MRNA,137.0600,137.2400,137.0000,137.1900,21997.0000,137.1460,113
2026-08-19 18:17:50,MRNA,137.1600,137.2600,136.7500,136.9500,19394.0000,136.9620,113
2026-08-19 18:17:55,MRNA,137.0200,137.0300,136.3900,136.4000,41997.0000,136.6040,149
2026-08-19 18:18:00,MRNA,136.4500,136.7300,136.4000,136.7200,23069.0000,136.5850,161
2026-08-19 18:18:05,MRNA,136.6600,137.0000,136.4800,136.8500,23877.0000,136.6770,119
2026-08-19 18:18:10,MRNA,136.8500,137.1800,136.7600,136.8800,25031.0000,136.9110,106
2026-08-19 18:18:15,MRNA,136.9100,137.2400,136.7800,137.0000,23077.0000,137.0560,94
2026-08-19 18:18:20,MRNA,137.1700,137.2300,136.8800,137.1100,22457.0000,137.0550,80
2026-08-19 18:18:25,MRNA,137.0600,137.4200,137.0200,137.3300,20186.0000,137.1550,91
2026-08-19 18:18:30,MRNA,137.3000,137.3700,137.0200,137.1000,39798.0000,137.1750,155
2026-08-19 18:18:35,MRNA,137.1100,137.2000,136.7600,136.8200,27225.0000,136.9680,131
2026-08-19 18:18:40,MRNA,136.8200,136.9800,136.7300,136.9800,10017.0000,136.8430,54
2026-08-19 18:18:45,MRNA,136.8000,137.0600,136.7400,136.9600,16360.0000,136.9530,88
2026-08-19 18:18:50,MRNA,137.0500,137.2100,136.7100,137.1700,31293.0000,137.0320,107
2026-08-19 18:18:55,MRNA,137.1400,137.2300,136.7900,136.8800,6522.0000,137.0120,41
2026-08-19 18:19:00,MRNA,136.8800,136.9100,136.1300,136.2900,27101.0000,136.3710,131
2026-08-19 18:19:05,MRNA,136.2900,136.7600,136.2200,136.4300,14688.0000,136.4130,69
2026-08-19 18:19:10,MRNA,136.5100,136.7000,136.1900,136.1900,18821.0000,136.3980,59
2026-08-19 18:19:15,MRNA,136.1900,136.5100,136.1800,136.4300,12118.0000,136.3450,90
2026-08-19 18:19:20,MRNA,136.4100,136.7300,136.3000,136.5500,6645.0000,136.5280,46
2026-08-19 18:19:25,MRNA,136.5500,136.6300,136.3800,136.6100,14235.0000,136.4730,51
2026-08-19 18:19:30,MRNA,136.5800,136.6000,136.3600,136.5000,8434.0000,136.4890,36
2026-08-19 18:19:35,MRNA,136.4900,136.9800,136.3300,136.6800,21897.0000,136.6400,116
2026-08-19 18:19:40,MRNA,136.7500,137.1200,136.5400,137.0000,21160.0000,136.8750,122
2026-08-19 18:19:45,MRNA,137.1000,137.2500,136.9000,137.0400,31422.0000,137.0740,125
2026-08-19 18:19:50,MRNA,137.1300,137.3500,136.9400,137.1000,21472.0000,137.1260,119
2026-08-19 18:19:55,MRNA,137.0400,137.3100,136.9000,137.2000,9782.0000,137.0600,47
2026-08-19 18:20:00,MRNA,137.0800,137.3100,137.0200,137.0200,14458.0000,137.1280,71
2026-08-19 18:20:05,MRNA,137.1500,137.6900,136.9800,137.6400,44666.0000,137.3490,172
2026-08-19 18:20:10,MRNA,137.6600,137.8800,137.4600,137.8800,31014.0000,137.6620,153
2026-08-19 18:20:15,MRNA,137.7200,138.0700,137.6700,137.6700,28506.0000,137.8820,145
2026-08-19 18:20:20,MRNA,137.6800,138.0000,137.6100,137.9700,25310.0000,137.8160,113
2026-08-19 18:20:25,MRNA,138.0500,138.3500,138.0400,138.2300,29450.0000,138.2370,126
2026-08-19 18:20:30,MRNA,138.2800,138.3600,138.1300,138.3500,28768.0000,138.2920,125
2026-08-19 18:20:35,MRNA,138.3600,138.4300,138.0000,138.1300,21121.0000,138.2640,123
2026-08-19 18:20:40,MRNA,138.1500,138.3300,138.0100,138.1600,20537.0000,138.1890,75
2026-08-19 18:20:45,MRNA,138.1800,138.4800,138.1500,138.4800,14372.0000,138.3120,60
2026-08-19 18:20:50,MRNA,138.4700,138.6400,138.4200,138.6300,20621.0000,138.5330,92
2026-08-19 18:20:55,MRNA,138.7200,138.7500,138.5900,138.6300,13858.0000,138.7030,55
2026-08-19 18:21:00,MRNA,138.5800,138.9000,138.5300,138.6300,25899.0000,138.7370,110
2026-08-19 18:21:05,MRNA,138.6200,138.8600,138.5200,138.7200,15402.0000,138.6270,74
2026-08-19 18:21:10,MRNA,138.7500,138.8000,138.6500,138.6500,15352.0000,138.7360,63
2026-08-19 18:21:15,MRNA,138.7300,139.2700,138.7000,139.1600,22169.0000,138.9630,101
2026-08-19 18:21:20,MRNA,139.1600,139.3000,138.9100,139.0300,23558.0000,139.0610,92
2026-08-19 18:21:25,MRNA,139.0500,139.3800,138.8100,139.2100,50277.0000,139.0480,209
2026-08-19 18:21:30,MRNA,139.1600,139.5700,139.1100,139.5700,27355.0000,139.3460,119
2026-08-19 18:21:35,MRNA,139.4800,139.7800,139.3900,139.7800,30828.0000,139.6060,114
2026-08-19 18:21:40,MRNA,139.7500,140.6000,139.6800,140.5800,59662.0000,140.0830,256
2026-08-19 18:21:45,MRNA,140.6000,141.1600,140.4600,140.9700,44544.0000,140.7720,205
2026-08-19 18:21:50,MRNA,140.8800,141.2500,140.8000,140.9800,36198.0000,140.9840,163
2026-08-19 18:21:55,MRNA,140.9900,141.4100,140.9600,141.1300,31013.0000,141.1360,124
2026-08-19 18:22:00,MRNA,141.1300,141.4500,140.9500,141.4500,39005.0000,141.1130,155
2026-08-19 18:22:05,MRNA,141.4400,141.7500,141.4200,141.7400,46970.0000,141.6110,165
2026-08-19 18:22:10,MRNA,141.6800,141.9700,141.6100,141.9000,34192.0000,141.7950,163
2026-08-19 18:22:15,MRNA,141.9600,142.6800,141.8300,142.5300,49862.0000,142.0920,216
2026-08-19 18:22:20,MRNA,142.5300,142.5600,141.9900,142.4400,66944.0000,142.2020,298
2026-08-19 18:22:25,MRNA,142.4400,142.8600,142.3300,142.6300,30827.0000,142.6710,135
2026-08-19 18:22:30,MRNA,142.6400,143.1500,142.5700,142.9500,49326.0000,142.9270,178
2026-08-19 18:22:35,MRNA,142.8100,143.2500,142.8100,143.0000,35399.0000,143.0510,158
2026-08-19 18:22:40,MRNA,143.0000,143.2500,142.7200,143.2500,90105.0000,142.9660,423
2026-08-19 18:22:45,MRNA,143.2200,143.5500,143.1000,143.4900,27346.0000,143.3490,150
2026-08-19 18:22:50,MRNA,143.4000,143.5000,143.1400,143.3600,42085.0000,143.3040,169
2026-08-19 18:22:55,MRNA,143.2700,143.5000,143.1500,143.4000,30236.0000,143.3700,139
2026-08-19 18:23:00,MRNA,143.1400,143.7300,143.1400,143.4300,45332.0000,143.4230,185
2026-08-19 18:23:05,MRNA,143.6000,143.7300,143.3400,143.5000,19227.0000,143.5260,82
2026-08-19 18:23:10,MRNA,143.4200,143.7300,143.3400,143.3400,42811.0000,143.4490,201
2026-08-19 18:23:15,MRNA,143.4600,143.8800,143.4400,143.8000,29281.0000,143.6980,94
2026-08-19 18:23:20,MRNA,143.7300,143.8800,141.9600,142.1700,109733.0000,142.7240,493
2026-08-19 18:23:25,MRNA,142.2500,142.9200,141.9200,142.8200,47416.0000,142.2000,190
2026-08-19 18:23:30,MRNA,142.7000,142.9600,142.1300,142.1900,25456.0000,142.4850,115
2026-08-19 18:23:35,MRNA,142.1700,142.6000,142.0100,142.4700,28447.0000,142.3910,141
2026-08-19 18:23:40,MRNA,142.4800,142.4800,141.8000,142.0100,18798.0000,142.0900,99
2026-08-19 18:23:45,MRNA,142.0400,142.3400,141.3600,141.5400,40320.0000,141.7430,162
2026-08-19 18:23:50,MRNA,141.4200,141.9800,141.4200,141.9800,15636.0000,141.7790,82
2026-08-19 18:23:55,MRNA,141.9800,142.5000,141.6700,142.2600,34978.0000,142.0720,139
2026-08-19 18:24:00,MRNA,142.2200,142.4000,141.7400,141.8700,19699.0000,142.0240,97
2026-08-19 18:24:05,MRNA,141.8800,142.2200,141.7300,142.0100,14767.0000,142.0310,83
2026-08-19 18:24:10,MRNA,141.9300,142.0100,141.3900,141.8000,17521.0000,141.6830,106
2026-08-19 18:24:15,MRNA,141.6500,141.6500,141.3900,141.4400,9903.0000,141.5080,66
2026-08-19 18:24:20,MRNA,141.4400,141.5400,140.1800,140.3500,79810.0000,140.8080,380
2026-08-19 18:24:25,MRNA,140.1800,140.5200,139.7800,140.0500,41779.0000,140.1100,210
2026-08-19 18:24:30,MRNA,140.0700,140.7400,140.0100,140.2000,58261.0000,140.2640,229
2026-08-19 18:24:35,MRNA,140.3300,140.7400,140.3100,140.6600,47154.0000,140.5190,147
2026-08-19 18:24:40,MRNA,140.6600,140.7800,140.5100,140.5600,37333.0000,140.6480,122
2026-08-19 18:24:45,MRNA,140.5400,140.6700,140.3600,140.6300,39518.0000,140.5110,101
2026-08-19 18:24:50,MRNA,140.6300,140.6300,140.2300,140.3800,30807.0000,140.3400,98
2026-08-19 18:24:55,MRNA,140.2700,140.4200,140.0100,140.0100,54860.0000,140.1980,192
2026-08-19 18:25:00,MRNA,140.0700,140.4600,139.7600,140.3800,25081.0000,140.0660,141
2026-08-19 18:25:05,MRNA,140.3000,140.5400,140.0300,140.4100,52833.0000,140.2210,139
2026-08-19 18:25:10,MRNA,140.3900,140.7000,140.3600,140.6400,21842.0000,140.5480,82
2026-08-19 18:25:15,MRNA,140.6300,140.7000,140.3300,140.5600,13952.0000,140.5010,91
2026-08-19 18:25:20,MRNA,140.5000,140.8700,140.4800,140.8400,16922.0000,140.6340,87
2026-08-19 18:25:25,MRNA,140.7000,140.9000,140.6500,140.8200,6503.0000,140.7620,41
2026-08-19 18:25:30,MRNA,140.8600,140.8900,140.4200,140.5300,23187.0000,140.5910,113
2026-08-19 18:25:35,MRNA,140.5000,141.1200,140.5000,140.9800,25300.0000,140.7700,127
2026-08-19 18:25:40,MRNA,141.0000,141.3100,140.8900,141.0100,12903.0000,141.1070,73
2026-08-19 18:25:45,MRNA,141.1600,141.3100,141.0200,141.2200,10585.0000,141.1800,44
2026-08-19 18:25:50,MRNA,141.1800,141.3300,140.9800,141.1100,24427.0000,141.1590,129
2026-08-19 18:25:55,MRNA,141.0700,141.4800,140.9900,141.4000,39056.0000,141.1450,114
2026-08-19 18:26:00,MRNA,141.3800,141.4800,140.6400,140.6400,29196.0000,141.1690,123
2026-08-19 18:26:05,MRNA,140.8400,141.0500,140.5100,140.6400,15704.0000,140.6810,72
2026-08-19 18:26:10,MRNA,140.7800,141.2000,140.7600,140.9000,15337.0000,140.9960,92
2026-08-19 18:26:15,MRNA,141.0300,141.2000,140.7600,140.9400,9174.0000,141.0250,49
2026-08-19 18:26:20,MRNA,140.8900,141.0700,140.8700,140.9100,6292.0000,140.9190,39
2026-08-19 18:26:25,MRNA,141.0000,141.1600,140.8500,141.0300,11971.0000,140.9670,59
2026-08-19 18:26:30,MRNA,141.0200,141.4800,141.0000,141.4000,28332.0000,141.2590,128
2026-08-19 18:26:35,MRNA,141.4100,141.4700,141.2300,141.3500,17270.0000,141.3510,76
2026-08-19 18:26:40,MRNA,141.3300,141.4700,141.1400,141.3600,16947.0000,141.2730,87
2026-08-19 18:26:45,MRNA,141.3100,141.5000,141.1700,141.2800,25985.0000,141.3850,136
2026-08-19 18:26:50,MRNA,141.2800,141.3500,140.9100,140.9100,16443.0000,141.1080,88
2026-08-19 18:26:55,MRNA,140.9100,141.2300,140.9100,140.9700,16861.0000,141.0850,76
2026-08-19 18:27:00,MRNA,141.2000,141.2900,141.0000,141.0300,4913.0000,141.1160,29
2026-08-19 18:27:05,MRNA,141.1000,141.2000,141.0700,141.0800,6673.0000,141.1370,44
2026-08-19 18:27:10,MRNA,141.0600,141.4000,140.9000,141.2600,39513.0000,141.0970,173
2026-08-19 18:27:15,MRNA,141.2100,141.4500,140.9100,141.4200,21830.0000,141.2540,98
2026-08-19 18:27:20,MRNA,141.3400,141.5000,141.3000,141.3900,25452.0000,141.4230,109
2026-08-19 18:27:25,MRNA,141.4400,141.6000,141.2000,141.6000,46509.0000,141.4260,207
2026-08-19 18:27:30,MRNA,141.6000,141.6500,141.5000,141.6100,18892.0000,141.5800,98
2026-08-19 18:27:35,MRNA,141.6100,141.7500,141.5000,141.6300,15724.0000,141.6340,69
2026-08-19 18:27:40,MRNA,141.6300,141.8700,141.6000,141.7700,15488.0000,141.7100,59
2026-08-19 18:27:45,MRNA,141.8900,142.2100,141.7100,142.1700,53658.0000,141.9760,187
2026-08-19 18:27:50,MRNA,142.1700,142.4900,142.0800,142.4800,26879.0000,142.3200,130
2026-08-19 18:27:55,MRNA,142.3400,142.6000,142.2000,142.4700,21061.0000,142.4490,101
2026-08-19 18:28:00,MRNA,142.3400,142.7300,142.3400,142.7000,21841.0000,142.5630,97
2026-08-19 18:28:05,MRNA,142.6800,143.0000,142.5700,142.8400,19413.0000,142.7490,87
2026-08-19 18:28:10,MRNA,142.8300,142.9900,142.3000,142.5000,30839.0000,142.4920,160
2026-08-19 18:28:15,MRNA,142.5500,142.6800,142.2700,142.4300,26688.0000,142.4500,106
2026-08-19 18:28:20,MRNA,142.4100,142.5300,141.8500,142.0300,37821.0000,142.1900,146
2026-08-19 18:28:25,MRNA,142.0300,142.2000,141.7300,141.8600,16346.0000,141.8640,78
2026-08-19 18:28:30,MRNA,141.8300,141.9500,141.7300,141.9400,3624.0000,141.8610,22
2026-08-19 18:28:35,MRNA,141.8600,141.9100,141.7700,141.8100,7230.0000,141.8520,36
2026-08-19 18:28:40,MRNA,141.8500,141.9600,141.7400,141.8600,14483.0000,141.8510,81
2026-08-19 18:28:45,MRNA,141.8900,141.9500,141.7400,141.8600,5336.0000,141.8530,37
2026-08-19 18:28:50,MRNA,141.9500,141.9500,141.7300,141.8600,5401.0000,141.8070,37
2026-08-19 18:28:55,MRNA,141.8100,142.0700,141.7400,141.8000,39602.0000,141.9300,165
2026-08-19 18:29:00,MRNA,141.9500,141.9500,141.7100,141.8200,9714.0000,141.8350,53
2026-08-19 18:29:05,MRNA,141.8600,141.8600,141.0700,141.2500,43891.0000,141.4120,186
2026-08-19 18:29:10,MRNA,141.3200,141.5400,141.1800,141.1800,8166.0000,141.4020,43
2026-08-19 18:29:15,MRNA,141.2400,142.5000,141.2000,142.3600,40374.0000,141.8480,166
2026-08-19 18:29:20,MRNA,142.2200,142.6000,142.0400,142.0400,30829.0000,142.3820,126
2026-08-19 18:29:25,MRNA,142.2700,142.4300,142.0700,142.3300,4048.0000,142.2640,20
2026-08-19 18:29:30,MRNA,142.3500,142.5200,142.1400,142.3000,17268.0000,142.3350,77
2026-08-19 18:29:35,MRNA,142.1700,142.4900,142.1100,142.1800,9240.0000,142.2600,55
2026-08-19 18:29:40,MRNA,142.1100,142.1700,141.3900,141.4500,19907.0000,141.9070,97
2026-08-19 18:29:45,MRNA,141.5900,141.9100,141.3100,141.7800,12676.0000,141.4910,51
2026-08-19 18:29:50,MRNA,141.7700,141.9400,141.6700,141.7000,9969.0000,141.7710,40
2026-08-19 18:29:55,MRNA,141.7700,141.7700,141.5000,141.7200,4392.0000,141.6340,23
2026-08-19 18:30:00,MRNA,141.5200,141.9200,141.5200,141.8900,3165.0000,141.7820,21
2026-08-19 18:30:05,MRNA,141.7800,142.0500,141.3100,141.5700,12297.0000,141.7220,67
2026-08-19 18:30:10,MRNA,141.6000,141.9000,141.3300,141.8900,4237.0000,141.6570,27
2026-08-19 18:30:15,MRNA,141.6400,142.2600,141.6400,142.1800,16579.0000,142.0080,94
2026-08-19 18:30:20,MRNA,142.1800,142.2400,141.9100,141.9300,9628.0000,142.0580,50
2026-08-19 18:30:25,MRNA,141.8900,142.0600,141.5900,142.0000,18578.0000,141.8710,69
2026-08-19 18:30:30,MRNA,142.0300,142.0300,141.5000,141.6900,18791.0000,141.7470,42
2026-08-19 18:30:35,MRNA,141.6300,141.8000,141.3300,141.7100,6873.0000,141.5460,34
2026-08-19 18:30:40,MRNA,141.7200,141.8500,141.5000,141.6700,2146.0000,141.7070,12
2026-08-19 18:30:45,MRNA,141.7600,141.8500,141.6000,141.6000,3387.0000,141.7360,21
2026-08-19 18:30:50,MRNA,141.6600,141.8100,141.6000,141.7500,2324.0000,141.7180,12
2026-08-19 18:30:55,MRNA,141.7000,141.9300,141.5500,141.9300,10201.0000,141.6310,75
2026-08-19 18:31:00,MRNA,141.8500,141.9300,141.7700,141.8300,2775.0000,141.8390,11
2026-08-19 18:31:05,MRNA,141.7500,141.9800,141.6100,141.7300,4700.0000,141.8460,26
2026-08-19 18:31:10,MRNA,141.9800,142.2300,141.7600,141.9300,34729.0000,142.0430,93
2026-08-19 18:31:15,MRNA,141.9300,142.2900,141.7000,142.1300,8993.0000,142.0430,41
2026-08-19 18:31:20,MRNA,142.0900,142.5200,141.9600,142.4000,31705.0000,142.2490,113
2026-08-19 18:31:25,MRNA,142.4600,142.5500,142.2100,142.2500,25001.0000,142.3540,83
2026-08-19 18:31:30,MRNA,142.4500,142.4600,142.1300,142.2700,11500.0000,142.2250,58
2026-08-19 18:31:35,MRNA,142.2700,142.4000,142.0000,142.1000,26566.0000,142.1050,121
2026-08-19 18:31:40,MRNA,142.1000,142.1800,141.9400,142.0000,15876.0000,142.0180,65
2026-08-19 18:31:45,MRNA,142.0200,142.4000,142.0200,142.4000,18288.0000,142.2130,73
2026-08-19 18:31:50,MRNA,142.4100,142.5500,142.2800,142.5500,31955.0000,142.4360,176
2026-08-19 18:31:55,MRNA,142.4500,142.5500,142.0000,142.1500,8331.0000,142.2300,56
2026-08-19 18:32:00,MRNA,142.1000,142.5600,141.8600,141.9700,59647.0000,142.2000,161
2026-08-19 18:32:05,MRNA,141.9600,142.0800,141.8600,141.9700,9395.0000,141.9950,49
2026-08-19 18:32:10,MRNA,141.9400,142.2000,141.9200,142.1000,21783.0000,142.0480,97
2026-08-19 18:32:15,MRNA,142.2600,142.2600,142.0700,142.2000,4572.0000,142.1950,16
2026-08-19 18:32:20,MRNA,142.1900,142.3000,142.0600,142.0700,6564.0000,142.1870,34
2026-08-19 18:32:25,MRNA,142.0100,142.2700,141.8400,142.2000,6977.0000,142.0440,46
2026-08-19 18:32:30,MRNA,142.2000,142.3400,141.7500,141.9500,18066.0000,142.0720,90
2026-08-19 18:32:35,MRNA,141.7300,142.0200,141.6000,141.7700,10867.0000,141.7420,54
2026-08-19 18:32:40,MRNA,141.8600,142.0000,141.6400,141.9800,6728.0000,141.7950,28
2026-08-19 18:32:45,MRNA,141.9100,141.9600,141.7000,141.8000,3709.0000,141.8430,18
2026-08-19 18:32:50,MRNA,141.6100,141.7800,141.5200,141.7600,13932.0000,141.6280,74
2026-08-19 18:32:55,MRNA,141.6800,141.8700,141.5900,141.7800,9685.0000,141.7390,57
2026-08-19 18:33:00,MRNA,141.7800,142.2000,141.7800,142.1500,21080.0000,142.0410,113
2026-08-19 18:33:05,MRNA,142.1300,142.2100,141.7900,142.1000,12551.0000,142.0870,47
2026-08-19 18:33:10,MRNA,142.0900,142.2400,141.9100,141.9900,8904.0000,142.0680,37
2026-08-19 18:33:15,MRNA,141.9000,141.9900,141.8500,141.9900,3250.0000,141.9320,18
2026-08-19 18:33:20,MRNA,141.9900,142.0800,141.8600,141.9600,7858.0000,141.9810,19
2026-08-19 18:33:25,MRNA,142.0600,142.0600,141.8100,141.8100,9243.0000,141.9340,22
2026-08-19 18:33:30,MRNA,141.8500,142.0000,141.7500,142.0000,17133.0000,141.8440,53
2026-08-19 18:33:35,MRNA,141.9000,142.0000,141.8200,141.9700,4759.0000,141.8910,32
2026-08-19 18:33:40,MRNA,141.9700,142.1000,141.8600,142.1000,12117.0000,141.9980,56
2026-08-19 18:33:45,MRNA,141.9800,142.0100,141.7900,141.8600,9361.0000,141.8690,36
2026-08-19 18:33:50,MRNA,141.8300,141.8900,141.8000,141.8200,1850.0000,141.8390,10
2026-08-19 18:33:55,MRNA,141.8800,142.0000,141.6000,141.7500,14545.0000,141.7950,79
2026-08-19 18:34:00,MRNA,141.7500,141.7500,141.3900,141.5000,21070.0000,141.5470,90
2026-08-19 18:34:05,MRNA,141.5200,141.8700,141.4100,141.5700,17837.0000,141.6810,60
2026-08-19 18:34:10,MRNA,141.6400,141.6400,141.3500,141.4500,12136.0000,141.4580,55
2026-08-19 18:34:15,MRNA,141.4100,141.8400,141.2600,141.7000,35818.0000,141.4820,115
2026-08-19 18:34:20,MRNA,141.6400,141.8400,141.5700,141.7300,5273.0000,141.6900,24
2026-08-19 18:34:25,MRNA,141.6900,141.6900,141.5300,141.6600,7163.0000,141.6160,34
2026-08-19 18:34:30,MRNA,141.7000,141.9000,141.3800,141.4900,13590.0000,141.6600,69
2026-08-19 18:34:35,MRNA,141.3700,141.6100,141.2000,141.4100,18767.0000,141.3850,90
2026-08-19 18:34:40,MRNA,141.4200,141.6900,141.3700,141.6900,10617.0000,141.5610,62
2026-08-19 18:34:45,MRNA,141.6400,141.7300,141.4800,141.5900,4397.0000,141.6200,26
2026-08-19 18:34:50,MRNA,141.5300,141.5800,141.2500,141.3500,15846.0000,141.4290,83
2026-08-19 18:34:55,MRNA,141.2400,141.3900,140.6200,140.6600,54519.0000,140.9200,252
2026-08-19 18:35:00,MRNA,140.6600,141.0700,140.5100,141.0700,26797.0000,140.7020,130
2026-08-19 18:35:05,MRNA,141.0600,141.2900,140.8100,141.1400,26321.0000,141.0240,93
2026-08-19 18:35:10,MRNA,141.1400,141.2000,140.9600,141.0900,6575.0000,141.0960,47
2026-08-19 18:35:15,MRNA,141.1100,141.2800,140.8700,140.9600,8116.0000,141.1020,61
2026-08-19 18:35:20,MRNA,140.8300,141.0000,140.4700,140.6800,20528.0000,140.6140,115
2026-08-19 18:35:25,MRNA,140.6800,141.0200,140.5600,140.6600,23511.0000,140.7960,119
2026-08-19 18:35:30,MRNA,140.6700,140.7700,140.5200,140.6200,13175.0000,140.5750,42
2026-08-19 18:35:35,MRNA,140.6200,140.6300,140.1100,140.1300,16753.0000,140.4090,79
2026-08-19 18:35:40,MRNA,140.1300,140.3200,139.3600,139.3800,57827.0000,139.8200,261
2026-08-19 18:35:45,MRNA,139.3000,139.5900,138.2900,138.3200,59504.0000,138.6480,279
2026-08-19 18:35:50,MRNA,138.6000,138.7400,138.3100,138.3700,44723.0000,138.4840,236
2026-08-19 18:35:55,MRNA,138.3600,139.7000,138.3000,139.6900,22848.0000,138.9400,132
2026-08-19 18:36:00,MRNA,139.7500,139.8000,139.2000,139.6900,24479.0000,139.5430,114
2026-08-19 18:36:05,MRNA,139.6200,139.7900,139.2000,139.7300,10579.0000,139.5240,61
2026-08-19 18:36:10,MRNA,139.5700,139.8300,139.0000,139.1900,64722.0000,139.2310,142
2026-08-19 18:36:15,MRNA,139.1900,139.3900,139.0000,139.0000,11428.0000,139.1200,60
2026-08-19 18:36:20,MRNA,139.0100,139.1300,138.6600,138.7300,19455.0000,138.8460,129
2026-08-19 18:36:25,MRNA,138.8600,139.0000,138.6200,139.0000,20748.0000,138.8890,113
2026-08-19 18:36:30,MRNA,138.8100,139.0000,138.5600,138.6100,9269.0000,138.7660,40
2026-08-19 18:36:35,MRNA,138.6000,138.9900,138.5200,138.8200,20592.0000,138.7260,106
2026-08-19 18:36:40,MRNA,138.6500,139.4600,138.6500,139.1000,15982.0000,139.0920,77
2026-08-19 18:36:45,MRNA,139.0700,139.1000,138.3500,138.3500,15985.0000,138.7750,64
2026-08-19 18:36:50,MRNA,138.3500,138.5400,138.2400,138.3000,13534.0000,138.3660,57
2026-08-19 18:36:55,MRNA,138.3500,138.7200,138.2600,138.5800,9469.0000,138.5250,44
2026-08-19 18:37:00,MRNA,138.7800,138.9800,138.5300,138.7600,15297.0000,138.7750,90
2026-08-19 18:37:05,MRNA,138.5400,138.7700,138.2300,138.2300,8484.0000,138.5200,50
2026-08-19 18:37:10,MRNA,138.3800,138.5100,137.7700,137.7700,43378.0000,138.0030,195
2026-08-19 18:37:15,MRNA,137.8000,138.3000,137.7700,138.2900,17541.0000,138.0230,74
2026-08-19 18:37:20,MRNA,138.1000,138.4000,138.0500,138.0700,10692.0000,138.1420,51
2026-08-19 18:37:25,MRNA,138.1900,138.3900,137.7600,137.7600,16418.0000,138.0250,72
2026-08-19 18:37:30,MRNA,137.7900,137.9900,137.7000,137.7400,24282.0000,137.8140,121
2026-08-19 18:37:35,MRNA,137.7000,137.9700,137.3000,137.5500,28816.0000,137.4800,128
2026-08-19 18:37:40,MRNA,137.5500,137.5900,137.2500,137.4300,29117.0000,137.4030,115
2026-08-19 18:37:45,MRNA,137.5100,137.6200,137.2100,137.5800,32485.0000,137.3790,178
2026-08-19 18:37:50,MRNA,137.6700,138.1000,137.5300,138.1000,32702.0000,137.7930,119
2026-08-19 18:37:55,MRNA,137.9100,138.1000,137.8900,137.8900,10871.0000,137.9800,52
2026-08-19 18:38:00,MRNA,137.8600,138.1000,137.6400,138.0300,32679.0000,138.0070,117
2026-08-19 18:38:05,MRNA,138.0900,138.1000,137.6400,137.9000,17476.0000,137.8950,77
2026-08-19 18:38:10,MRNA,137.8000,137.9000,137.4100,137.4800,27448.0000,137.5960,118
2026-08-19 18:38:15,MRNA,137.5900,137.8900,137.3500,137.7900,6996.0000,137.6680,40
2026-08-19 18:38:20,MRNA,137.8200,137.8300,137.7100,137.7600,5996.0000,137.7860,43
2026-08-19 18:38:25,MRNA,137.7600,138.0600,137.2000,137.8400,18563.0000,137.5610,102
2026-08-19 18:38:30,MRNA,137.8300,138.0000,137.7000,137.9300,13971.0000,137.8430,42
2026-08-19 18:38:35,MRNA,137.8500,138.4600,137.8500,138.1000,38135.0000,138.1520,183
2026-08-19 18:38:40,MRNA,138.2800,138.5000,138.1100,138.3800,10779.0000,138.3190,60
2026-08-19 18:38:45,MRNA,138.3600,138.5500,137.9900,138.2200,26047.0000,138.2090,131
2026-08-19 18:38:50,MRNA,138.2300,138.2300,137.4300,137.7700,11197.0000,137.7550,52
2026-08-19 18:38:55,MRNA,137.4300,137.5700,137.1000,137.3900,22708.0000,137.2810,79
2026-08-19 18:39:00,MRNA,137.3900,137.5000,137.2000,137.4000,11587.0000,137.3680,67
2026-08-19 18:39:05,MRNA,137.3900,137.8100,137.2000,137.6200,26655.0000,137.5430,118
2026-08-19 18:39:10,MRNA,137.7200,138.3200,137.7200,137.8800,14981.0000,138.1040,67
2026-08-19 18:39:15,MRNA,138.3200,138.3200,138.0000,138.2000,7905.0000,138.1720,43
2026-08-19 18:39:20,MRNA,138.4000,138.6600,138.2700,138.5200,12778.0000,138.4900,56
2026-08-19 18:39:25,MRNA,138.5100,138.5100,138.0500,138.3300,10478.0000,138.2300,49
2026-08-19 18:39:30,MRNA,138.2100,138.3700,138.0500,138.3700,10669.0000,138.1890,52
2026-08-19 18:39:35,MRNA,138.1500,138.4900,138.1400,138.3900,10640.0000,138.3540,56
2026-08-19 18:39:40,MRNA,138.3900,138.5500,138.1100,138.1100,17209.0000,138.3520,62
2026-08-19 18:39:45,MRNA,138.5500,138.6800,138.1100,138.5200,15842.0000,138.4780,69
2026-08-19 18:39:50,MRNA,138.6600,138.9500,138.3600,138.3700,9656.0000,138.6850,45
2026-08-19 18:39:55,MRNA,138.5300,138.7600,138.3600,138.7100,8749.0000,138.5740,57
2026-08-19 18:40:00,MRNA,138.6700,139.7200,138.6200,139.6000,28531.0000,139.1750,135
2026-08-19 18:40:05,MRNA,139.7100,140.2000,139.6400,139.9000,47641.0000,139.8860,149
2026-08-19 18:40:10,MRNA,140.0800,140.1100,139.7600,140.0000,26943.0000,139.9590,94
2026-08-19 18:40:15,MRNA,139.9400,140.3800,139.8000,140.3800,24851.0000,140.0990,93
2026-08-19 18:40:20,MRNA,140.1900,140.3800,139.8000,139.9700,73907.0000,140.0700,138
2026-08-19 18:40:25,MRNA,139.9200,140.3700,139.8000,139.8000,14394.0000,140.0710,96
2026-08-19 18:40:30,MRNA,140.0000,140.1900,139.8000,139.8300,15581.0000,140.0140,61
2026-08-19 18:40:35,MRNA,139.8800,140.1800,139.6200,139.9900,21489.0000,139.9370,67
2026-08-19 18:40:40,MRNA,140.1400,140.2000,139.8500,140.0400,20717.0000,140.1050,78
2026-08-19 18:40:45,MRNA,140.0100,140.1700,139.8900,139.9900,15969.0000,140.0740,67
2026-08-19 18:40:50,MRNA,139.9900,140.1900,139.9600,140.0100,9371.0000,140.0500,51
2026-08-19 18:40:55,MRNA,140.0700,140.1100,139.7600,139.7600,12374.0000,139.9370,49
2026-08-19 18:41:00,MRNA,139.8400,140.1900,139.7600,139.9200,10560.0000,139.9940,55
2026-08-19 18:41:05,MRNA,139.9200,139.9300,139.3500,139.5500,14624.0000,139.6440,82
2026-08-19 18:41:10,MRNA,139.5500,139.6200,139.4000,139.5700,8542.0000,139.5320,26
2026-08-19 18:41:15,MRNA,139.6900,139.7500,139.5600,139.6400,8070.0000,139.7040,42
2026-08-19 18:41:20,MRNA,139.7500,139.8600,139.6300,139.8100,8473.0000,139.7260,47
2026-08-19 18:41:25,MRNA,139.8100,139.8200,139.1100,139.2000,22467.0000,139.5110,136
2026-08-19 18:41:30,MRNA,139.3600,139.6200,139.1100,139.5500,5680.0000,139.4180,36
2026-08-19 18:41:35,MRNA,139.5500,139.9600,139.4200,139.8100,9181.0000,139.6280,62
2026-08-19 18:41:40,MRNA,139.7700,139.8200,139.3000,139.3000,12014.0000,139.6080,80
2026-08-19 18:41:45,MRNA,139.6900,139.6900,139.2600,139.2600,6474.0000,139.3940,39
2026-08-19 18:41:50,MRNA,139.2600,139.4600,139.0800,139.2200,8498.0000,139.1950,37
2026-08-19 18:41:55,MRNA,139.2200,139.7000,139.0800,139.6900,11864.0000,139.3010,93
2026-08-19 18:42:00,MRNA,139.5600,139.7900,139.4800,139.5900,5549.0000,139.6680,37
2026-08-19 18:42:05,MRNA,139.7000,140.1900,139.6000,140.1900,28718.0000,139.9220,92
2026-08-19 18:42:10,MRNA,139.9400,140.4700,139.9400,140.4100,38241.0000,140.1770,135
2026-08-19 18:42:15,MRNA,140.4400,140.6500,140.2400,140.4600,36991.0000,140.4330,116
2026-08-19 18:42:20,MRNA,140.4500,140.5500,140.2400,140.2900,18420.0000,140.3570,59
2026-08-19 18:42:25,MRNA,140.3100,140.6000,140.3100,140.6000,9834.0000,140.4710,45
2026-08-19 18:42:30,MRNA,140.5000,140.5400,140.4000,140.4300,17305.0000,140.4470,79
2026-08-19 18:42:35,MRNA,140.4300,140.5000,140.3600,140.5000,19756.0000,140.4190,43
2026-08-19 18:42:40,MRNA,140.4400,140.5000,140.3100,140.3700,9349.0000,140.3700,45
2026-08-19 18:42:45,MRNA,140.3900,140.5500,140.3100,140.4400,17587.0000,140.4230,71
2026-08-19 18:42:50,MRNA,140.4400,140.5200,140.3500,140.4900,17365.0000,140.4110,77
2026-08-19 18:42:55,MRNA,140.5700,141.3000,140.4400,141.3000,37661.0000,140.9020,157
2026-08-19 18:43:00,MRNA,141.1200,141.7300,141.0000,141.6400,37369.0000,141.2770,166
2026-08-19 18:43:05,MRNA,141.6800,141.7300,141.4000,141.4900,23266.0000,141.6170,105
2026-08-19 18:43:10,MRNA,141.4400,141.9500,141.4000,141.8700,31804.0000,141.7690,161
2026-08-19 18:43:15,MRNA,141.7800,142.0000,141.6000,141.6000,100824.0000,141.9510,318
2026-08-19 18:43:20,MRNA,141.7700,141.9500,141.6000,141.6300,8292.0000,141.7470,50
2026-08-19 18:43:25,MRNA,141.7100,141.9300,141.5600,141.9100,20719.0000,141.7410,76
2026-08-19 18:43:30,MRNA,141.8300,142.0000,141.7300,141.8600,24726.0000,141.8830,101
2026-08-19 18:43:35,MRNA,141.7700,141.9200,141.3700,141.4500,22426.0000,141.6120,112
2026-08-19 18:43:40,MRNA,141.4500,141.5400,141.0800,141.3500,14849.0000,141.2920,79
2026-08-19 18:43:45,MRNA,141.2600,141.6000,141.2600,141.4700,8382.0000,141.4630,28
2026-08-19 18:43:50,MRNA,141.5000,141.5900,141.2100,141.2100,9791.0000,141.4040,52
2026-08-19 18:43:55,MRNA,141.2900,141.4700,141.0100,141.0100,12322.0000,141.2520,70
2026-08-19 18:44:00,MRNA,141.0100,141.1200,140.3100,140.4400,22022.0000,140.6600,127
2026-08-19 18:44:05,MRNA,140.3100,140.4600,140.0700,140.1400,17030.0000,140.2340,95
2026-08-19 18:44:10,MRNA,140.0200,140.4600,140.0200,140.0900,22925.0000,140.2480,133
2026-08-19 18:44:15,MRNA,140.0900,140.1300,139.8000,139.9000,19707.0000,139.9720,63
2026-08-19 18:44:20,MRNA,139.8500,139.9000,139.4500,139.6400,16137.0000,139.7000,97
2026-08-19 18:44:25,MRNA,139.7600,140.0000,139.5600,139.8700,15119.0000,139.7580,87
2026-08-19 18:44:30,MRNA,139.8400,140.0000,139.7400,139.9700,11435.0000,139.8650,74
2026-08-19 18:44:35,MRNA,139.9700,140.2600,139.8700,140.1600,10975.0000,140.0700,63
2026-08-19 18:44:40,MRNA,140.2000,140.3700,140.0000,140.0000,9151.0000,140.1520,35
2026-08-19 18:44:45,MRNA,140.0900,140.3800,139.9700,140.1700,10985.0000,140.1060,73
2026-08-19 18:44:50,MRNA,140.1700,140.5000,140.0900,140.0900,7224.0000,140.2780,40
2026-08-19 18:44:55,MRNA,140.2200,140.4200,140.0200,140.0700,5825.0000,140.2660,27
2026-08-19 18:45:00,MRNA,140.0700,140.1000,139.6400,140.0200,18878.0000,139.8770,96
2026-08-19 18:45:05,MRNA,139.9700,140.0900,139.9300,139.9400,1550.0000,140.0100,13
2026-08-19 18:45:10,MRNA,140.2200,140.2200,139.9300,140.1700,8084.0000,140.1020,44
2026-08-19 18:45:15,MRNA,140.2600,140.2600,139.7800,139.8900,8241.0000,139.9120,47
2026-08-19 18:45:20,MRNA,139.7800,139.9300,139.6500,139.8000,7979.0000,139.7440,55
2026-08-19 18:45:25,MRNA,139.8000,140.0000,139.8000,140.0000,7414.0000,139.9130,49
2026-08-19 18:45:30,MRNA,140.0200,140.6000,139.8900,140.5400,20786.0000,140.3720,108
2026-08-19 18:45:35,MRNA,140.5400,140.6500,140.1900,140.2800,6416.0000,140.4020,40
2026-08-19 18:45:40,MRNA,140.2100,140.4400,140.0600,140.1200,3308.0000,140.1470,28
2026-08-19 18:45:45,MRNA,140.1300,140.1400,139.7500,139.8500,12504.0000,139.8510,64
2026-08-19 18:45:50,MRNA,139.9400,140.1300,139.6800,139.9200,10654.0000,139.8720,62
2026-08-19 18:45:55,MRNA,139.8300,140.0700,139.8200,140.0600,11156.0000,139.9510,35
2026-08-19 18:46:00,MRNA,140.0700,140.1100,139.9500,140.0000,2615.0000,140.0150,21
2026-08-19 18:46:05,MRNA,140.1200,140.8200,140.1000,140.7700,24787.0000,140.4630,144
2026-08-19 18:46:10,MRNA,140.7700,140.7700,140.4400,140.5300,10399.0000,140.5760,46
2026-08-19 18:46:15,MRNA,140.5300,141.3400,140.2700,141.1800,26344.0000,140.8910,162
2026-08-19 18:46:20,MRNA,141.3100,141.5000,141.0900,141.3500,14467.0000,141.3360,75
2026-08-19 18:46:25,MRNA,141.2800,141.4500,141.0200,141.2200,12274.0000,141.2630,67
2026-08-19 18:46:30,MRNA,141.0600,141.4000,141.0200,141.3500,7848.0000,141.2170,49
2026-08-19 18:46:35,MRNA,141.1100,141.4100,141.1100,141.2400,5282.0000,141.2910,40
2026-08-19 18:46:40,MRNA,141.2300,141.2800,140.8000,140.9500,19795.0000,141.0660,84
2026-08-19 18:46:45,MRNA,140.9500,141.1000,140.7300,141.1000,10567.0000,140.9040,24
2026-08-19 18:46:50,MRNA,140.9100,141.0000,140.6700,140.8600,5101.0000,140.8260,43
2026-08-19 18:46:55,MRNA,140.8500,141.1300,140.8500,141.1300,23527.0000,140.9830,84
2026-08-19 18:47:00,MRNA,141.1300,141.7200,141.1100,141.5300,21776.0000,141.3890,73
2026-08-19 18:47:05,MRNA,141.5600,141.5700,141.3400,141.3400,12868.0000,141.4600,83
2026-08-19 18:47:10,MRNA,141.3500,141.5000,141.2200,141.3000,15244.0000,141.3910,56
2026-08-19 18:47:15,MRNA,141.4400,141.4400,140.6700,140.9200,8751.0000,140.9540,53
2026-08-19 18:47:20,MRNA,140.9500,141.0100,140.4300,140.5900,31378.0000,140.6870,134
2026-08-19 18:47:25,MRNA,140.7600,140.7700,140.4200,140.5400,4789.0000,140.5600,29
2026-08-19 18:47:30,MRNA,140.5400,140.7500,140.4500,140.6600,4935.0000,140.6100,26
2026-08-19 18:47:35,MRNA,140.4900,141.0000,140.3300,140.7800,20150.0000,140.5820,74
2026-08-19 18:47:40,MRNA,141.0100,141.1800,140.9100,140.9700,7644.0000,141.0210,26
2026-08-19 18:47:45,MRNA,140.9700,141.1000,140.1300,140.2900,23891.0000,140.6260,88
2026-08-19 18:47:50,MRNA,140.4100,140.7200,140.1300,140.4100,7957.0000,140.4560,38
2026-08-19 18:47:55,MRNA,140.3700,140.3700,139.7900,140.0500,21152.0000,140.0060,124
2026-08-19 18:48:00,MRNA,140.3100,140.4600,139.8700,140.1000,8129.0000,140.1810,45
2026-08-19 18:48:05,MRNA,140.1100,140.5000,140.0400,140.3200,8758.0000,140.3000,55
2026-08-19 18:48:10,MRNA,140.2700,140.4400,140.0000,140.2400,13099.0000,140.1930,86
2026-08-19 18:48:15,MRNA,140.4000,140.9600,140.2100,140.7900,13964.0000,140.6180,67
2026-08-19 18:48:20,MRNA,140.7900,140.9700,140.7800,140.8700,8597.0000,140.8800,44
2026-08-19 18:48:25,MRNA,140.8600,141.0000,140.7400,140.8700,7273.0000,140.8860,36
2026-08-19 18:48:30,MRNA,140.8800,141.3200,140.8700,141.1400,15217.0000,141.1230,89
2026-08-19 18:48:35,MRNA,141.3000,141.3000,140.6000,140.7600,7655.0000,140.8270,52
2026-08-19 18:48:40,MRNA,140.7600,140.8000,140.2100,140.2800,8426.0000,140.4090,62
2026-08-19 18:48:45,MRNA,140.2800,140.3700,140.0800,140.2300,14534.0000,140.2460,73
2026-08-19 18:48:50,MRNA,140.3000,140.7500,140.2000,140.3000,6056.0000,140.3380,44
2026-08-19 18:48:55,MRNA,140.2700,140.3000,140.1500,140.1600,4044.0000,140.2360,23
2026-08-19 18:49:00,MRNA,140.1800,140.6000,140.1500,140.5400,12161.0000,140.3530,83
2026-08-19 18:49:05,MRNA,140.5700,140.7700,140.4400,140.5000,9724.0000,140.6160,71
2026-08-19 18:49:10,MRNA,140.6200,140.9000,140.5100,140.6700,14053.0000,140.6550,69
2026-08-19 18:49:15,MRNA,140.8300,140.8300,140.5200,140.5300,7424.0000,140.6890,47
2026-08-19 18:49:20,MRNA,140.5300,140.9000,140.5300,140.9000,8769.0000,140.7020,62
2026-08-19 18:49:25,MRNA,140.8900,140.9000,140.8000,140.8000,2178.0000,140.8820,12
2026-08-19 18:49:30,MRNA,140.8900,141.4000,140.8900,141.2300,16567.0000,141.1720,97
2026-08-19 18:49:35,MRNA,141.2300,141.4600,141.1200,141.3400,13726.0000,141.3180,77
2026-08-19 18:49:40,MRNA,141.3800,141.4200,141.1500,141.3000,11627.0000,141.2310,83
2026-08-19 18:49:45,MRNA,141.2800,141.5100,141.1600,141.4700,35714.0000,141.3960,137
2026-08-19 18:49:50,MRNA,141.5500,141.8900,141.3100,141.6000,28318.0000,141.6390,102
2026-08-19 18:49:55,MRNA,141.7500,141.8000,141.5400,141.7500,7901.0000,141.6410,44
2026-08-19 18:50:00,MRNA,141.6400,141.8400,141.5400,141.7600,9380.0000,141.6740,51
2026-08-19 18:50:05,MRNA,141.6500,141.7000,141.0000,141.3200,16605.0000,141.4120,83
2026-08-19 18:50:10,MRNA,141.0100,141.2300,140.9000,141.0900,8739.0000,141.0510,61
2026-08-19 18:50:15,MRNA,141.1300,141.2300,140.6600,140.8900,19708.0000,141.0010,73
2026-08-19 18:50:20,MRNA,140.8300,140.9700,140.7800,140.9400,9806.0000,140.8640,45
2026-08-19 18:50:25,MRNA,140.9400,141.0800,140.9300,140.9900,2762.0000,141.0170,18
2026-08-19 18:50:30,MRNA,140.9900,141.3000,140.8800,141.0100,13114.0000,141.0140,83
2026-08-19 18:50:35,MRNA,141.2700,141.4500,141.0600,141.1900,5210.0000,141.2480,23
2026-08-19 18:50:40,MRNA,141.1800,141.3900,141.1000,141.2500,11580.0000,141.2190,61
2026-08-19 18:50:45,MRNA,141.3200,141.3400,140.9000,141.3300,11926.0000,141.1020,75
2026-08-19 18:50:50,MRNA,141.3300,141.5400,141.2200,141.5300,5552.0000,141.4460,35
2026-08-19 18:50:55,MRNA,141.4000,141.6900,141.2200,141.3600,7381.0000,141.3750,44
2026-08-19 18:51:00,MRNA,141.3600,141.5000,141.2500,141.5000,12204.0000,141.3980,53
2026-08-19 18:51:05,MRNA,141.3800,141.8000,141.3700,141.6600,17178.0000,141.6720,65
2026-08-19 18:51:10,MRNA,141.6600,141.9000,141.5500,141.8800,22813.0000,141.8070,115
2026-08-19 18:51:15,MRNA,141.8200,141.9000,141.4000,141.6200,31348.0000,141.5140,71
2026-08-19 18:51:20,MRNA,141.4200,141.6200,141.4200,141.5200,10127.0000,141.4990,61
2026-08-19 18:51:25,MRNA,141.5700,141.6000,141.3900,141.4400,6375.0000,141.4770,33
2026-08-19 18:51:30,MRNA,141.5200,142.0000,141.3900,141.7100,88288.0000,141.8840,278
2026-08-19 18:51:35,MRNA,141.6000,141.9300,141.4900,141.8400,6428.0000,141.7000,46
2026-08-19 18:51:40,MRNA,141.8400,142.1500,141.6000,141.7600,128355.0000,141.9820,365
2026-08-19 18:51:45,MRNA,141.7900,142.1100,141.6400,142.0600,25681.0000,141.8580,106
2026-08-19 18:51:50,MRNA,142.0600,142.0700,141.8100,141.8900,11170.0000,141.9030,66
2026-08-19 18:51:55,MRNA,141.8900,141.9000,141.5800,141.7100,16615.0000,141.7370,86
2026-08-19 18:52:00,MRNA,141.6700,141.9900,141.6700,141.9200,20272.0000,141.8340,112
2026-08-19 18:52:05,MRNA,141.9200,142.0600,141.8000,141.8800,21210.0000,141.9590,98
2026-08-19 18:52:10,MRNA,141.8600,141.9200,141.6500,141.8500,12480.0000,141.8100,72
2026-08-19 18:52:15,MRNA,141.9500,141.9500,141.2700,141.3900,35994.0000,141.4920,129
2026-08-19 18:52:20,MRNA,141.5300,142.5500,141.4000,142.5400,69339.0000,142.0140,301
2026-08-19 18:52:25,MRNA,142.4800,142.9200,142.4200,142.7600,44018.0000,142.7110,164
2026-08-19 18:52:30,MRNA,142.7500,142.9800,142.6900,142.7500,22962.0000,142.8240,104
2026-08-19 18:52:35,MRNA,142.7200,142.7600,142.3300,142.4300,18038.0000,142.5300,95
2026-08-19 18:52:40,MRNA,142.4400,142.5000,142.2000,142.2000,17995.0000,142.3340,49
2026-08-19 18:52:45,MRNA,142.3200,142.3400,142.1000,142.2200,19340.0000,142.2750,54
2026-08-19 18:52:50,MRNA,142.1100,142.1600,141.9400,142.0100,20864.0000,142.0260,76
2026-08-19 18:52:55,MRNA,142.0100,142.1600,141.6000,142.0700,45545.0000,141.9290,185
2026-08-19 18:53:00,MRNA,142.0700,142.1900,141.9400,142.0400,12127.0000,142.0550,67
2026-08-19 18:53:05,MRNA,141.9700,142.2700,141.8700,142.1700,18695.0000,142.1120,71
2026-08-19 18:53:10,MRNA,142.1700,142.3000,142.0500,142.1900,7985.0000,142.1450,39
2026-08-19 18:53:15,MRNA,142.1700,142.5800,142.1400,142.3800,29119.0000,142.3250,126
2026-08-19 18:53:20,MRNA,142.4200,142.4400,142.1300,142.2000,10377.0000,142.3270,63
2026-08-19 18:53:25,MRNA,142.0500,142.1400,142.0100,142.0200,7414.0000,142.0880,41
2026-08-19 18:53:30,MRNA,142.1500,142.1500,141.8500,141.9500,42226.0000,141.9860,180
2026-08-19 18:53:35,MRNA,141.9900,142.0100,141.8500,142.0000,7282.0000,141.9750,35
2026-08-19 18:53:40,MRNA,141.9600,142.0000,141.5900,141.9300,30624.0000,141.8850,115
2026-08-19 18:53:45,MRNA,141.7800,142.6000,141.6900,142.4400,54477.0000,142.0270,82
2026-08-19 18:53:50,MRNA,142.2900,142.3700,141.8200,142.0000,18135.0000,142.0650,102
2026-08-19 18:53:55,MRNA,141.9800,142.4400,141.6300,141.7100,26013.0000,142.0040,95
2026-08-19 18:54:00,MRNA,141.9900,142.1300,141.3900,142.1300,21510.0000,141.6500,113
2026-08-19 18:54:05,MRNA,142.0100,142.1000,141.7900,141.8600,10115.0000,141.9470,63
2026-08-19 18:54:10,MRNA,141.8700,141.9000,141.6500,141.6600,4385.0000,141.7870,30
2026-08-19 18:54:15,MRNA,141.6600,141.8700,141.5000,141.8100,8420.0000,141.7000,60
2026-08-19 18:54:20,MRNA,141.8100,141.9400,141.7600,141.8600,14451.0000,141.8640,88
2026-08-19 18:54:25,MRNA,141.8600,141.8900,141.8000,141.8500,3065.0000,141.8520,16
2026-08-19 18:54:30,MRNA,141.8800,142.1800,141.3500,141.4900,34714.0000,141.7450,194
2026-08-19 18:54:35,MRNA,141.8000,141.8000,141.4500,141.6300,5494.0000,141.5440,36
2026-08-19 18:54:40,MRNA,141.5800,141.7600,141.5000,141.5800,3925.0000,141.6130,26
2026-08-19 18:54:45,MRNA,141.5900,141.6000,141.3300,141.4500,15745.0000,141.4960,89
2026-08-19 18:54:50,MRNA,141.6000,141.6000,141.4000,141.5200,8811.0000,141.4860,37
2026-08-19 18:54:55,MRNA,141.4300,141.4900,141.1000,141.3100,24566.0000,141.3100,92
2026-08-19 18:55:00,MRNA,141.2800,141.4900,141.2800,141.4500,9310.0000,141.4020,62
2026-08-19 18:55:05,MRNA,141.3800,141.4200,141.0900,141.1900,8983.0000,141.2650,61
2026-08-19 18:55:10,MRNA,141.1900,141.6000,141.1800,141.4400,11205.0000,141.4030,79
2026-08-19 18:55:15,MRNA,141.4500,141.5200,141.2100,141.3100,7113.0000,141.3420,36
2026-08-19 18:55:20,MRNA,141.3100,141.7600,141.2900,141.3500,11988.0000,141.4950,61
2026-08-19 18:55:25,MRNA,141.2800,141.4500,141.1000,141.4400,3875.0000,141.2150,26
2026-08-19 18:55:30,MRNA,141.2700,141.5000,141.1100,141.4200,8373.0000,141.3350,44
2026-08-19 18:55:35,MRNA,141.4200,141.6300,141.4200,141.5700,3784.0000,141.5160,27
2026-08-19 18:55:40,MRNA,141.6600,141.8800,141.5400,141.5600,15921.0000,141.7590,51
2026-08-19 18:55:45,MRNA,141.6700,141.8200,141.6000,141.8200,5150.0000,141.6570,33
2026-08-19 18:55:50,MRNA,141.5900,141.6500,141.3300,141.3800,7625.0000,141.5130,58
2026-08-19 18:55:55,MRNA,141.3300,141.4000,141.3000,141.3000,3536.0000,141.3520,23
2026-08-19 18:56:00,MRNA,141.3800,141.5900,141.3000,141.4100,18617.0000,141.3700,87
2026-08-19 18:56:05,MRNA,141.4100,141.4200,141.3200,141.3400,5496.0000,141.3940,37
2026-08-19 18:56:10,MRNA,141.3800,141.4500,141.1500,141.3500,26990.0000,141.2930,78
2026-08-19 18:56:15,MRNA,141.3500,141.4000,141.2500,141.3500,2429.0000,141.3310,18
2026-08-19 18:56:20,MRNA,141.3400,141.3400,141.1000,141.1100,6355.0000,141.1820,38
2026-08-19 18:56:25,MRNA,141.1600,141.4500,141.1200,141.2200,9953.0000,141.2450,67
2026-08-19 18:56:30,MRNA,141.2300,141.7500,141.1700,141.5700,12465.0000,141.3620,99
2026-08-19 18:56:35,MRNA,141.4900,141.7300,141.4800,141.6700,8632.0000,141.5440,27
2026-08-19 18:56:40,MRNA,141.6700,141.6900,141.5600,141.5600,4100.0000,141.6110,29
2026-08-19 18:56:45,MRNA,141.5800,141.5900,141.3700,141.4800,6873.0000,141.5000,53
2026-08-19 18:56:50,MRNA,141.4800,141.5000,141.2000,141.3500,7835.0000,141.3060,30
2026-08-19 18:56:55,MRNA,141.2800,141.3500,141.1100,141.1700,4342.0000,141.2220,25
2026-08-19 18:57:00,MRNA,141.2700,141.2700,140.5500,140.7000,39216.0000,140.8540,206
2026-08-19 18:57:05,MRNA,140.7000,141.2400,140.6200,141.2300,14618.0000,140.9460,84
2026-08-19 18:57:10,MRNA,141.2200,141.4700,140.9900,141.3300,6884.0000,141.2900,43
2026-08-19 18:57:15,MRNA,141.3400,141.4600,141.2100,141.3700,4032.0000,141.3460,27
2026-08-19 18:57:20,MRNA,141.3700,141.4600,141.2100,141.4400,8086.0000,141.3410,55
2026-08-19 18:57:25,MRNA,141.4200,141.7300,141.3500,141.6000,13305.0000,141.5620,65
2026-08-19 18:57:30,MRNA,141.4900,141.6400,141.4700,141.4900,3611.0000,141.5260,18
2026-08-19 18:57:35,MRNA,141.4900,141.4900,141.3400,141.3500,5501.0000,141.4220,43
2026-08-19 18:57:40,MRNA,141.4100,141.4200,141.3200,141.3200,5977.0000,141.3410,24
2026-08-19 18:57:45,MRNA,141.3600,141.6400,141.3100,141.4700,14363.0000,141.4320,79
2026-08-19 18:57:50,MRNA,141.3100,141.6500,141.3100,141.5700,9297.0000,141.5410,32
2026-08-19 18:57:55,MRNA,141.5000,141.6700,141.5000,141.5300,5900.0000,141.5760,30
2026-08-19 18:58:00,MRNA,141.5700,141.7300,141.5000,141.6300,7958.0000,141.6370,43
2026-08-19 18:58:05,MRNA,141.6200,141.6500,141.4900,141.6400,4299.0000,141.5810,24
2026-08-19 18:58:10,MRNA,141.6700,141.7000,141.5100,141.7000,6940.0000,141.6090,36
2026-08-19 18:58:15,MRNA,141.5200,141.6400,141.3200,141.4400,10029.0000,141.4520,48
2026-08-19 18:58:20,MRNA,141.5100,141.5100,141.3400,141.4400,5834.0000,141.4110,28
2026-08-19 18:58:25,MRNA,141.4000,141.6900,141.3900,141.5500,6213.0000,141.4860,28
2026-08-19 18:58:30,MRNA,141.5800,141.6900,141.5000,141.5600,3317.0000,141.5660,16
2026-08-19 18:58:35,MRNA,141.5100,141.6400,141.5000,141.5000,4668.0000,141.5800,33
2026-08-19 18:58:40,MRNA,141.4600,141.5500,141.4300,141.5500,6839.0000,141.4720,47
2026-08-19 18:58:45,MRNA,141.5800,142.2000,141.5800,141.9600,83933.0000,141.9310,280
2026-08-19 18:58:50,MRNA,142.0600,142.2000,141.8700,142.1600,25062.0000,142.0930,89
2026-08-19 18:58:55,MRNA,142.1400,142.3500,142.1000,142.2900,15762.0000,142.1990,60
2026-08-19 18:59:00,MRNA,142.2900,142.7200,142.2900,142.6800,21757.0000,142.5270,79
2026-08-19 18:59:05,MRNA,142.6900,142.6900,142.1900,142.5600,16581.0000,142.4600,92
2026-08-19 18:59:10,MRNA,142.4300,142.6000,142.3700,142.5500,15845.0000,142.5070,37
2026-08-19 18:59:15,MRNA,142.3700,142.5400,142.2900,142.4600,12544.0000,142.4330,43
2026-08-19 18:59:20,MRNA,142.4200,142.5000,142.3400,142.3700,6223.0000,142.3830,23
2026-08-19 18:59:25,MRNA,142.4400,142.7200,142.3300,142.7100,17774.0000,142.5290,61
2026-08-19 18:59:30,MRNA,142.6600,143.6100,142.6300,143.4700,89987.0000,143.1250,328
2026-08-19 18:59:35,MRNA,143.5200,143.7500,143.4700,143.6200,23411.0000,143.6310,161
2026-08-19 18:59:40,MRNA,143.5900,144.2000,143.5800,144.1400,48959.0000,143.9890,172
2026-08-19 18:59:45,MRNA,144.1300,144.4800,144.1300,144.4800,30007.0000,144.3100,131
2026-08-19 18:59:50,MRNA,144.4100,144.5900,144.2800,144.5000,24234.0000,144.4340,97
2026-08-19 18:59:55,MRNA,144.3700,144.5400,144.2700,144.3800,14268.0000,144.3910,71
2026-08-19 19:00:00,MRNA,144.3800,144.4700,144.3000,144.3100,14948.0000,144.3830,75
2026-08-19 19:00:05,MRNA,144.3800,144.4400,143.9900,144.1900,42014.0000,144.1780,199
2026-08-19 19:00:10,MRNA,144.1400,144.3000,143.9100,144.1100,16724.0000,144.0710,86
2026-08-19 19:00:15,MRNA,144.1100,144.2700,143.9500,144.1700,12376.0000,144.1760,60
2026-08-19 19:00:20,MRNA,144.1700,144.5100,144.1200,144.1900,11114.0000,144.3020,74
2026-08-19 19:00:25,MRNA,144.2800,144.3000,143.8000,143.9500,32376.0000,143.9870,126
2026-08-19 19:00:30,MRNA,143.9900,144.1000,143.5700,144.0000,35202.0000,143.8850,182
2026-08-19 19:00:35,MRNA,143.8600,144.0000,143.6200,143.8000,11286.0000,143.8100,65
2026-08-19 19:00:40,MRNA,143.7900,143.9400,143.2800,143.3200,22584.0000,143.4980,105
2026-08-19 19:00:45,MRNA,143.3100,143.4900,142.5000,142.6400,20929.0000,143.0410,91
2026-08-19 19:00:50,MRNA,142.5800,143.1800,142.5000,143.1800,21103.0000,142.8350,73
2026-08-19 19:00:55,MRNA,143.0400,143.1600,142.7300,143.0600,11185.0000,142.9420,44
2026-08-19 19:01:00,MRNA,143.1500,143.2600,142.9100,143.2400,6170.0000,143.1250,34
2026-08-19 19:01:05,MRNA,143.2300,143.4500,143.1400,143.4400,14635.0000,143.3010,99
2026-08-19 19:01:10,MRNA,143.4900,143.4900,142.8600,142.9000,20770.0000,143.1490,133
2026-08-19 19:01:15,MRNA,143.0000,143.0000,142.7400,142.7400,5855.0000,142.8530,30
2026-08-19 19:01:20,MRNA,142.8900,143.0000,142.8000,142.8900,10677.0000,142.8970,59
2026-08-19 19:01:25,MRNA,142.8900,143.2700,142.7800,142.9400,27183.0000,143.0840,100
2026-08-19 19:01:30,MRNA,142.9100,143.2600,142.7100,143.2200,10991.0000,142.9840,79
2026-08-19 19:01:35,MRNA,143.2000,143.4100,143.0500,143.1700,5510.0000,143.2350,31
2026-08-19 19:01:40,MRNA,143.2300,143.5900,143.1300,143.5900,10717.0000,143.2870,41
2026-08-19 19:01:45,MRNA,143.4600,143.8800,143.3500,143.5800,32099.0000,143.7060,173
2026-08-19 19:01:50,MRNA,143.5500,143.6900,143.3600,143.5700,15042.0000,143.5390,99
2026-08-19 19:01:55,MRNA,143.6900,143.7400,143.3700,143.3700,10303.0000,143.5370,69
2026-08-19 19:02:00,MRNA,143.4000,143.9700,143.3000,143.9700,15916.0000,143.6350,74
2026-08-19 19:02:05,MRNA,143.9700,144.3300,143.9700,144.0700,29096.0000,144.1420,117
2026-08-19 19:02:10,MRNA,144.0000,144.2000,143.6000,144.0100,11336.0000,143.9130,68
2026-08-19 19:02:15,MRNA,143.9500,144.1200,143.8900,144.0100,20508.0000,144.0130,97
2026-08-19 19:02:20,MRNA,144.0300,144.9100,143.9600,144.7400,108118.0000,144.6450,443
2026-08-19 19:02:25,MRNA,144.8300,144.8900,144.6300,144.7800,13748.0000,144.7710,87
2026-08-19 19:02:30,MRNA,144.7800,144.8800,144.6800,144.8300,13666.0000,144.8380,54
2026-08-19 19:02:35,MRNA,144.8300,145.2600,144.6300,144.8100,125041.0000,144.9380,438
2026-08-19 19:02:40,MRNA,144.8100,144.8100,144.4500,144.7100,17052.0000,144.6330,89
2026-08-19 19:02:45,MRNA,144.7100,144.7500,144.3800,144.4300,19595.0000,144.5800,98
2026-08-19 19:02:50,MRNA,144.5000,144.5600,144.2600,144.4100,11375.0000,144.3810,56
2026-08-19 19:02:55,MRNA,144.4500,145.1100,144.3300,144.9900,78261.0000,144.8770,190
2026-08-19 19:03:00,MRNA,145.1000,145.4200,144.9300,145.2400,17564.0000,145.2230,103
2026-08-19 19:03:05,MRNA,145.2300,145.3700,144.9000,144.9000,14207.0000,145.0790,84
2026-08-19 19:03:10,MRNA,144.9000,145.0200,144.7900,144.9100,11007.0000,144.8940,59
2026-08-19 19:03:15,MRNA,144.9800,145.0000,144.7500,144.8700,13027.0000,144.8820,57
2026-08-19 19:03:20,MRNA,144.8700,145.1400,144.8000,145.1400,8321.0000,145.0160,43
2026-08-19 19:03:25,MRNA,145.0500,145.2100,144.9700,145.1600,11349.0000,145.1140,43
2026-08-19 19:03:30,MRNA,145.0500,145.1800,144.9400,144.9500,15490.0000,145.0540,69
2026-08-19 19:03:35,MRNA,145.0000,145.1900,144.9600,145.1100,13548.0000,145.0880,64
2026-08-19 19:03:40,MRNA,145.1900,145.3000,145.0700,145.2300,42550.0000,145.1880,132
2026-08-19 19:03:45,MRNA,145.2800,145.3700,145.2000,145.2000,9610.0000,145.2790,44
2026-08-19 19:03:50,MRNA,145.3700,145.4900,145.3200,145.4400,11907.0000,145.4290,54
2026-08-19 19:03:55,MRNA,145.4400,145.7200,145.3700,145.3700,29793.0000,145.5070,80
2026-08-19 19:04:00,MRNA,145.3800,145.6800,145.3700,145.5900,11903.0000,145.5020,60
2026-08-19 19:04:05,MRNA,145.5900,145.6700,145.2500,145.3100,31099.0000,145.3730,147
2026-08-19 19:04:10,MRNA,145.3200,145.7100,145.3000,145.6200,17747.0000,145.4740,100
2026-08-19 19:04:15,MRNA,145.6200,145.7400,145.5200,145.6400,12695.0000,145.6250,72
2026-08-19 19:04:20,MRNA,145.6100,145.7300,145.5400,145.6000,10209.0000,145.6550,41
2026-08-19 19:04:25,MRNA,145.6400,145.7100,145.2600,145.3800,20505.0000,145.5020,82
2026-08-19 19:04:30,MRNA,145.3800,145.4500,145.2600,145.4400,17232.0000,145.3710,48
2026-08-19 19:04:35,MRNA,145.3900,145.5000,145.1800,145.1900,27106.0000,145.2980,76
2026-08-19 19:04:40,MRNA,145.3500,145.3500,144.9000,144.9000,27820.0000,145.0610,113
2026-08-19 19:04:45,MRNA,145.0500,145.1700,144.8800,144.8800,17464.0000,144.9650,100
2026-08-19 19:04:50,MRNA,144.9700,145.0000,144.6500,144.6500,20221.0000,144.8320,72
2026-08-19 19:04:55,MRNA,144.7000,144.7700,144.6100,144.7500,21291.0000,144.6950,80
2026-08-19 19:05:00,MRNA,144.8100,144.8500,144.7000,144.8100,8650.0000,144.7710,39
2026-08-19 19:05:05,MRNA,144.8700,144.9900,144.6600,144.7200,15651.0000,144.8340,77
2026-08-19 19:05:10,MRNA,144.6900,144.8400,144.5400,144.8300,22749.0000,144.7080,109
2026-08-19 19:05:15,MRNA,144.8500,145.6600,144.7900,145.6600,39748.0000,145.2640,189
2026-08-19 19:05:20,MRNA,145.6500,145.6600,145.4000,145.5000,14917.0000,145.5560,67
2026-08-19 19:05:25,MRNA,145.6000,145.7400,145.4500,145.6000,15756.0000,145.5740,57
2026-08-19 19:05:30,MRNA,145.7400,145.7700,145.4900,145.6400,24145.0000,145.6410,100
2026-08-19 19:05:35,MRNA,145.6100,145.9000,145.5300,145.7600,24730.0000,145.7430,84
2026-08-19 19:05:40,MRNA,145.7700,146.3300,145.7700,146.1500,44234.0000,145.9940,153
2026-08-19 19:05:45,MRNA,146.3600,146.4200,146.1100,146.2900,17275.0000,146.2860,83
2026-08-19 19:05:50,MRNA,146.3700,146.5400,146.2100,146.5000,20207.0000,146.4010,91
2026-08-19 19:05:55,MRNA,146.5000,146.5900,146.3300,146.3400,21010.0000,146.4630,86
2026-08-19 19:06:00,MRNA,146.3800,146.6900,146.3400,146.6900,19837.0000,146.4750,68
2026-08-19 19:06:05,MRNA,146.6300,146.8000,146.4500,146.6100,38049.0000,146.6190,139
2026-08-19 19:06:10,MRNA,146.6200,146.7700,146.5300,146.6000,29323.0000,146.6010,126
2026-08-19 19:06:15,MRNA,146.5200,146.7400,146.5100,146.6600,17626.0000,146.6540,78
2026-08-19 19:06:20,MRNA,146.7400,146.7400,146.1000,146.3300,36351.0000,146.3410,175
2026-08-19 19:06:25,MRNA,146.3000,146.3800,146.0600,146.2100,19595.0000,146.2550,86
2026-08-19 19:06:30,MRNA,146.3400,146.6600,146.1700,146.5000,24025.0000,146.4370,66
2026-08-19 19:06:35,MRNA,146.5000,146.5000,146.1500,146.2700,13828.0000,146.3190,46
2026-08-19 19:06:40,MRNA,146.3900,146.4300,145.7700,145.8300,37432.0000,145.9880,184
2026-08-19 19:06:45,MRNA,145.8300,145.9400,145.7200,145.8600,34790.0000,145.8100,188
2026-08-19 19:06:50,MRNA,145.8900,145.9400,145.4200,145.5000,17165.0000,145.6530,85
2026-08-19 19:06:55,MRNA,145.5000,145.5200,145.2800,145.4300,15162.0000,145.3880,51
2026-08-19 19:07:00,MRNA,145.3800,145.8300,145.3000,145.8300,14343.0000,145.5410,68
2026-08-19 19:07:05,MRNA,145.7600,145.9400,145.6300,145.7800,11007.0000,145.7990,59
2026-08-19 19:07:10,MRNA,145.7900,145.8300,145.6400,145.7000,9497.0000,145.7230,41
2026-08-19 19:07:15,MRNA,145.6500,145.9300,145.6400,145.9200,12364.0000,145.7370,38
2026-08-19 19:07:20,MRNA,145.9300,146.3000,145.8400,146.2900,10669.0000,146.0190,44
2026-08-19 19:07:25,MRNA,146.3000,146.3900,146.1700,146.2800,20320.0000,146.2850,52
2026-08-19 19:07:30,MRNA,146.3100,146.7600,146.2600,146.6400,29671.0000,146.5760,149
2026-08-19 19:07:35,MRNA,146.6700,147.3900,146.6200,147.0300,48095.0000,147.0030,127
2026-08-19 19:07:40,MRNA,147.0400,147.2100,146.7700,146.7700,20172.0000,147.0140,106
2026-08-19 19:07:45,MRNA,146.8600,146.9400,146.3400,146.5400,20895.0000,146.6530,72
2026-08-19 19:07:50,MRNA,146.5400,146.6000,146.4000,146.4400,11468.0000,146.5060,30
2026-08-19 19:07:55,MRNA,146.5000,146.5700,146.3900,146.5100,5821.0000,146.4770,33
2026-08-19 19:08:00,MRNA,146.4500,146.5600,146.3600,146.5400,16727.0000,146.4560,54
2026-08-19 19:08:05,MRNA,146.5800,147.0000,146.5800,146.9400,16622.0000,146.8220,75
2026-08-19 19:08:10,MRNA,146.8500,147.0000,146.8000,146.9500,17045.0000,146.9240,47
2026-08-19 19:08:15,MRNA,146.9000,147.0100,146.6700,146.9600,19589.0000,146.8570,121
2026-08-19 19:08:20,MRNA,147.0100,147.0100,146.7400,146.8400,7240.0000,146.8370,39
2026-08-19 19:08:25,MRNA,146.8200,147.1700,146.7700,147.1300,18833.0000,146.9910,85
2026-08-19 19:08:30,MRNA,147.1000,147.3700,147.1000,147.2600,11460.0000,147.2310,60
2026-08-19 19:08:35,MRNA,147.1700,147.2700,146.9800,147.1100,12563.0000,147.1320,59
2026-08-19 19:08:40,MRNA,147.1000,147.1500,146.9300,147.1500,17690.0000,147.0400,68
2026-08-19 19:08:45,MRNA,147.0900,147.2600,147.0700,147.1700,12576.0000,147.1730,60
2026-08-19 19:08:50,MRNA,147.1200,147.2500,146.7000,146.8900,35087.0000,147.0340,128
2026-08-19 19:08:55,MRNA,146.8900,147.0000,146.5000,146.7300,28774.0000,146.6730,121
2026-08-19 19:09:00,MRNA,146.8200,146.8500,146.4000,146.4500,10041.0000,146.6150,62
2026-08-19 19:09:05,MRNA,146.6300,146.7300,146.5600,146.6300,12133.0000,146.6330,52
2026-08-19 19:09:10,MRNA,146.7100,146.9800,146.6400,146.8100,7226.0000,146.8350,48
2026-08-19 19:09:15,MRNA,146.8100,146.8900,146.6700,146.7900,6436.0000,146.7950,35
2026-08-19 19:09:20,MRNA,146.9900,147.0000,146.6700,146.7800,15621.0000,146.8770,74
2026-08-19 19:09:25,MRNA,146.9000,146.9000,146.1500,146.3900,35616.0000,146.4480,106
2026-08-19 19:09:30,MRNA,146.4000,146.5900,146.3900,146.5400,10152.0000,146.4750,52
2026-08-19 19:09:35,MRNA,146.4600,146.5800,146.3300,146.5600,7505.0000,146.4020,28
2026-08-19 19:09:40,MRNA,146.4200,146.6900,146.4200,146.6900,4085.0000,146.5450,22
2026-08-19 19:09:45,MRNA,146.6900,146.6900,146.4000,146.4000,10104.0000,146.5380,46
2026-08-19 19:09:50,MRNA,146.4500,146.5000,146.0300,146.1600,20743.0000,146.1800,111
2026-08-19 19:09:55,MRNA,146.1000,146.2500,146.0000,146.2500,21009.0000,146.0740,102
2026-08-19 19:10:00,MRNA,146.2200,146.5000,146.1900,146.2200,4243.0000,146.2720,27
2026-08-19 19:10:05,MRNA,146.4100,146.5800,146.2200,146.4700,8282.0000,146.3930,31
2026-08-19 19:10:10,MRNA,146.4900,146.6100,146.4000,146.4500,10073.0000,146.5270,37
2026-08-19 19:10:15,MRNA,146.5000,146.7500,146.4600,146.7300,9367.0000,146.5770,35
2026-08-19 19:10:20,MRNA,146.6600,146.7900,146.6100,146.6400,9680.0000,146.6920,53
2026-08-19 19:10:25,MRNA,146.7300,146.8300,146.6000,146.7000,14809.0000,146.6790,60
2026-08-19 19:10:30,MRNA,146.6400,146.7300,146.5100,146.5100,13885.0000,146.6200,45
2026-08-19 19:10:35,MRNA,146.5700,146.5800,146.2600,146.3800,11238.0000,146.4110,60
2026-08-19 19:10:40,MRNA,146.2700,146.4300,146.2200,146.3100,8803.0000,146.3120,49
2026-08-19 19:10:45,MRNA,146.3100,146.4500,146.2500,146.3200,7220.0000,146.3600,38
2026-08-19 19:10:50,MRNA,146.3800,146.4600,146.3000,146.3700,9584.0000,146.3700,58
2026-08-19 19:10:55,MRNA,146.3500,146.3500,146.2000,146.3100,8388.0000,146.2780,55
2026-08-19 19:11:00,MRNA,146.3100,146.3600,146.2300,146.3600,2336.0000,146.3110,16
2026-08-19 19:11:05,MRNA,146.2300,146.4400,146.2300,146.3400,7045.0000,146.3410,37
2026-08-19 19:11:10,MRNA,146.3600,146.3700,146.1900,146.2800,5595.0000,146.2680,37
2026-08-19 19:11:15,MRNA,146.2800,146.2900,146.1500,146.1600,6080.0000,146.2060,43
2026-08-19 19:11:20,MRNA,146.2000,146.2600,145.7000,146.0700,43733.0000,145.9590,199
2026-08-19 19:11:25,MRNA,145.9700,146.0600,145.8000,145.8500,15328.0000,145.9350,74
2026-08-19 19:11:30,MRNA,145.7500,145.9800,145.7500,145.8500,9103.0000,145.8340,41
2026-08-19 19:11:35,MRNA,145.8500,146.3200,145.8000,146.2800,17257.0000,146.0200,86
2026-08-19 19:11:40,MRNA,146.1600,146.3700,145.9200,146.1700,6184.0000,146.2040,22
2026-08-19 19:11:45,MRNA,146.2200,146.2600,145.8500,146.1200,14710.0000,146.0550,78
2026-08-19 19:11:50,MRNA,145.8600,146.5000,145.8600,146.0800,12456.0000,146.2490,62
2026-08-19 19:11:55,MRNA,146.1300,146.3000,145.7800,146.0700,23060.0000,145.9750,107
2026-08-19 19:12:00,MRNA,145.9200,146.0100,145.6000,145.6000,5756.0000,145.7160,34
2026-08-19 19:12:05,MRNA,145.6600,145.7000,145.4700,145.6100,21019.0000,145.5670,110
2026-08-19 19:12:10,MRNA,145.6100,146.0000,145.5700,145.8800,9585.0000,145.7730,34
2026-08-19 19:12:15,MRNA,145.8800,145.9000,145.7900,145.8500,7368.0000,145.8300,30
2026-08-19 19:12:20,MRNA,145.9000,145.9000,145.6600,145.7300,13132.0000,145.7430,49
2026-08-19 19:12:25,MRNA,145.8700,146.3000,145.7700,146.1600,51862.0000,146.0930,204
2026-08-19 19:12:30,MRNA,146.2800,146.4900,146.2500,146.3300,30017.0000,146.3260,93
2026-08-19 19:12:35,MRNA,146.2900,146.3600,146.2500,146.3100,5469.0000,146.2810,43
2026-08-19 19:12:40,MRNA,146.3400,146.4900,146.2500,146.4200,4504.0000,146.3500,25
2026-08-19 19:12:45,MRNA,146.3800,146.4800,146.3000,146.3800,6693.0000,146.3700,36
2026-08-19 19:12:50,MRNA,146.3900,146.7000,146.2000,146.7000,22859.0000,146.4170,110
2026-08-19 19:12:55,MRNA,146.6900,146.8900,146.4300,146.6300,17057.0000,146.7380,64
2026-08-19 19:13:00,MRNA,146.6700,146.6800,145.3100,145.4300,39499.0000,145.7750,229
2026-08-19 19:13:05,MRNA,145.5700,145.8000,145.4200,145.7900,11288.0000,145.5580,73
2026-08-19 19:13:10,MRNA,145.7200,145.9100,145.6500,145.8000,8071.0000,145.7520,40
2026-08-19 19:13:15,MRNA,145.8700,146.0200,145.6300,145.8000,9886.0000,145.8150,68
2026-08-19 19:13:20,MRNA,145.7800,145.8400,145.6000,145.7000,7836.0000,145.7440,34
2026-08-19 19:13:25,MRNA,145.7800,145.7800,145.6400,145.7200,4506.0000,145.7260,21
2026-08-19 19:13:30,MRNA,145.6400,145.7300,145.3500,145.6000,17930.0000,145.5080,74
2026-08-19 19:13:35,MRNA,145.5800,145.8500,145.5800,145.8400,17243.0000,145.6580,46
2026-08-19 19:13:40,MRNA,145.8500,145.8800,145.6700,145.7300,3650.0000,145.7530,26
2026-08-19 19:13:45,MRNA,145.7000,145.8500,145.6900,145.7100,6442.0000,145.7480,30
2026-08-19 19:13:50,MRNA,145.7100,145.7800,145.5700,145.6500,7437.0000,145.6530,36
2026-08-19 19:13:55,MRNA,145.6500,145.6800,145.5000,145.6400,19768.0000,145.5530,82
2026-08-19 19:14:00,MRNA,145.6000,145.9800,145.6000,145.8000,11318.0000,145.8300,64
2026-08-19 19:14:05,MRNA,145.8800,145.8800,145.7200,145.8100,6382.0000,145.8180,19
2026-08-19 19:14:10,MRNA,145.7800,145.8800,145.6500,145.6600,18192.0000,145.7990,147
2026-08-19 19:14:15,MRNA,145.6700,145.7000,145.2100,145.2800,25897.0000,145.4380,74
2026-08-19 19:14:20,MRNA,145.3200,145.4200,145.2200,145.2300,10022.0000,145.3220,37
2026-08-19 19:14:25,MRNA,145.2700,145.4200,145.1500,145.2700,10281.0000,145.2420,50
2026-08-19 19:14:30,MRNA,145.4200,145.5000,144.5700,145.0100,192093.0000,144.9970,310
2026-08-19 19:14:35,MRNA,144.6300,145.5000,144.6300,144.9500,26856.0000,145.1170,123
2026-08-19 19:14:40,MRNA,145.0000,145.0200,144.6100,144.6800,40537.0000,144.7640,244
2026-08-19 19:14:45,MRNA,144.7200,144.9900,144.6100,144.8100,12170.0000,144.7020,47
2026-08-19 19:14:50,MRNA,144.9500,145.2400,144.6700,145.0900,24223.0000,144.9760,113
2026-08-19 19:14:55,MRNA,145.2200,145.2900,145.0900,145.1900,15600.0000,145.1700,59
2026-08-19 19:15:00,MRNA,145.2700,145.3300,145.0900,145.3000,16166.0000,145.1870,66
2026-08-19 19:15:05,MRNA,145.1500,145.3800,144.8000,145.0900,10480.0000,145.1420,67
2026-08-19 19:15:10,MRNA,144.8500,145.1100,144.8100,145.0500,10628.0000,144.9840,53
2026-08-19 19:15:15,MRNA,145.0300,145.1000,144.8000,144.8800,8666.0000,144.9840,39
2026-08-19 19:15:20,MRNA,144.8700,144.9600,144.8000,144.9500,7602.0000,144.8680,32
2026-08-19 19:15:25,MRNA,144.8800,144.9500,144.7700,144.8600,5584.0000,144.8410,36
2026-08-19 19:15:30,MRNA,144.8100,145.1700,144.8100,145.1000,8206.0000,144.9670,37
2026-08-19 19:15:35,MRNA,144.8000,145.2000,144.8000,144.9900,9154.0000,145.0960,22
2026-08-19 19:15:40,MRNA,145.0400,145.1800,144.8500,144.8600,13077.0000,144.9800,64
2026-08-19 19:15:45,MRNA,144.8600,144.9700,144.5800,144.8300,24528.0000,144.6860,79
2026-08-19 19:15:50,MRNA,144.9700,145.1000,144.9100,145.0100,7654.0000,144.9700,48
2026-08-19 19:15:55,MRNA,145.0100,145.0300,144.8500,144.9300,15684.0000,144.9330,95
2026-08-19 19:16:00,MRNA,144.9600,144.9900,144.9200,144.9400,1292.0000,144.9400,11
2026-08-19 19:16:05,MRNA,144.9200,145.1400,144.9200,145.0400,7585.0000,144.9960,39
2026-08-19 19:16:10,MRNA,145.1000,145.2700,144.8200,145.0000,20125.0000,145.1200,90
2026-08-19 19:16:15,MRNA,145.0000,145.0300,144.8400,144.9000,7307.0000,144.9200,28
2026-08-19 19:16:20,MRNA,144.8200,144.9800,144.6700,144.8600,26371.0000,144.8530,122
2026-08-19 19:16:25,MRNA,144.8800,145.0800,144.8700,145.0500,12683.0000,144.9940,40
2026-08-19 19:16:30,MRNA,145.0500,145.1900,144.9600,144.9600,10768.0000,145.0560,53
2026-08-19 19:16:35,MRNA,145.0700,145.1900,144.9900,145.1000,5976.0000,145.0500,39
2026-08-19 19:16:40,MRNA,145.0900,145.1900,144.9200,145.0100,13418.0000,145.0690,52
2026-08-19 19:16:45,MRNA,145.0100,145.2800,144.8300,145.1300,20760.0000,145.1100,117
2026-08-19 19:16:50,MRNA,145.1700,145.3000,145.0700,145.2500,10314.0000,145.2390,47
2026-08-19 19:16:55,MRNA,145.3000,145.3500,145.1800,145.2300,6796.0000,145.2690,31
2026-08-19 19:17:00,MRNA,145.2300,145.4200,145.2200,145.3300,8465.0000,145.3480,51
2026-08-19 19:17:05,MRNA,145.3800,145.4400,145.2300,145.3800,16543.0000,145.3300,95
2026-08-19 19:17:10,MRNA,145.3100,145.3800,145.2100,145.3200,3232.0000,145.2920,22
2026-08-19 19:17:15,MRNA,145.3200,145.4200,145.1600,145.2500,12065.0000,145.2680,64
2026-08-19 19:17:20,MRNA,145.1600,145.4000,145.1500,145.3400,6034.0000,145.3040,22
2026-08-19 19:17:25,MRNA,145.4100,145.5000,145.2600,145.3300,14151.0000,145.3900,63
2026-08-19 19:17:30,MRNA,145.3300,145.7000,145.2300,145.6800,28263.0000,145.5410,109
2026-08-19 19:17:35,MRNA,145.7000,145.8500,145.5900,145.7500,20196.0000,145.7300,76
2026-08-19 19:17:40,MRNA,145.7500,146.0200,145.7300,145.9100,67660.0000,145.9120,197
2026-08-19 19:17:45,MRNA,145.9200,146.1000,145.8700,145.9300,19618.0000,145.9980,68
2026-08-19 19:17:50,MRNA,145.9400,146.6000,145.8900,145.9600,54479.0000,146.1560,219
2026-08-19 19:17:55,MRNA,145.9500,146.0200,145.7200,145.7600,10517.0000,145.8570,65
2026-08-19 19:18:00,MRNA,145.7900,146.1600,145.5500,145.6100,17265.0000,145.8440,102
2026-08-19 19:18:05,MRNA,145.5900,145.6400,145.2400,145.4500,13439.0000,145.4390,59
2026-08-19 19:18:10,MRNA,145.2600,145.5200,145.0800,145.1400,21215.0000,145.2250,94
2026-08-19 19:18:15,MRNA,145.2700,145.2900,144.8000,144.8100,35373.0000,145.0360,160
2026-08-19 19:18:20,MRNA,144.8800,144.9300,144.7600,144.8900,20407.0000,144.8430,61
2026-08-19 19:18:25,MRNA,144.8000,145.0900,144.7800,144.9800,20430.0000,144.9300,87
2026-08-19 19:18:30,MRNA,145.0100,145.0800,144.9000,145.0100,2895.0000,144.9840,17
2026-08-19 19:18:35,MRNA,144.9700,145.1900,144.8600,144.8600,8399.0000,145.0000,28
2026-08-19 19:18:40,MRNA,145.0400,145.0700,144.7400,144.8900,15990.0000,144.8660,68
2026-08-19 19:18:45,MRNA,144.8100,144.9300,144.8100,144.9100,3370.0000,144.8850,17
2026-08-19 19:18:50,MRNA,144.9100,144.9600,144.6000,144.7400,11795.0000,144.7550,52
2026-08-19 19:18:55,MRNA,144.7500,144.9700,144.6600,144.7300,16434.0000,144.7660,84
2026-08-19 19:19:00,MRNA,144.7100,144.7400,144.2500,144.3800,27855.0000,144.4310,110
2026-08-19 19:19:05,MRNA,144.2900,144.4100,144.1000,144.1000,17591.0000,144.2080,83
2026-08-19 19:19:10,MRNA,144.1500,144.2000,143.5200,143.9300,69763.0000,143.7950,223
2026-08-19 19:19:15,MRNA,143.8400,143.9800,143.5200,143.7500,19299.0000,143.7050,95
2026-08-19 19:19:20,MRNA,143.6800,143.7700,143.4400,143.4600,14112.0000,143.5700,81
2026-08-19 19:19:25,MRNA,143.5800,143.8200,143.4500,143.6300,19968.0000,143.5750,103
2026-08-19 19:19:30,MRNA,143.5600,143.7300,143.5500,143.6300,15368.0000,143.6210,45
2026-08-19 19:19:35,MRNA,143.6300,143.7900,143.5700,143.7500,16910.0000,143.6540,81
2026-08-19 19:19:40,MRNA,143.7500,144.2000,143.6800,144.1400,27028.0000,143.8960,89
2026-08-19 19:19:45,MRNA,144.0900,144.4900,144.0800,144.3900,8439.0000,144.3640,38
2026-08-19 19:19:50,MRNA,144.4200,144.4900,144.3000,144.3400,9805.0000,144.3820,62
2026-08-19 19:19:55,MRNA,144.2900,144.3400,144.0600,144.1100,6419.0000,144.2140,46
2026-08-19 19:20:00,MRNA,144.0600,144.2000,143.9600,144.1100,7973.0000,144.0600,42
2026-08-19 19:20:05,MRNA,144.0500,144.1000,143.6600,143.7500,11185.0000,143.8660,67
2026-08-19 19:20:10,MRNA,143.7500,143.7500,143.5300,143.6100,10226.0000,143.6530,66
2026-08-19 19:20:15,MRNA,143.5500,143.7200,143.2600,143.3600,25886.0000,143.5380,141
2026-08-19 19:20:20,MRNA,143.2300,143.4100,143.1000,143.1200,12577.0000,143.1860,69
2026-08-19 19:20:25,MRNA,143.1900,143.5000,143.1100,143.4000,16927.0000,143.3070,91
2026-08-19 19:20:30,MRNA,143.3000,143.6600,143.1200,143.2200,20562.0000,143.4090,122
2026-08-19 19:20:35,MRNA,143.1600,143.3100,143.1300,143.2500,1762.0000,143.2150,13
2026-08-19 19:20:40,MRNA,143.2400,143.3100,143.1500,143.3100,3189.0000,143.2310,20
2026-08-19 19:20:45,MRNA,143.2800,143.5000,143.1600,143.4800,29944.0000,143.3590,140
2026-08-19 19:20:50,MRNA,143.4600,143.7900,143.4200,143.5600,13260.0000,143.6300,46
2026-08-19 19:20:55,MRNA,143.5600,143.7600,143.5500,143.7600,5508.0000,143.6840,27
2026-08-19 19:21:00,MRNA,143.7100,143.9700,143.6100,143.6600,10148.0000,143.7600,52
2026-08-19 19:21:05,MRNA,143.6300,143.8400,143.4700,143.6400,9959.0000,143.6350,47
2026-08-19 19:21:10,MRNA,143.5900,143.8700,143.4200,143.6900,9840.0000,143.5680,43
2026-08-19 19:21:15,MRNA,143.6200,143.9700,143.6200,143.9700,8593.0000,143.7830,32
2026-08-19 19:21:20,MRNA,143.7800,144.2200,143.6200,144.2200,16199.0000,144.0170,82
2026-08-19 19:21:25,MRNA,144.2200,144.3500,144.1700,144.2500,11495.0000,144.2670,53
2026-08-19 19:21:30,MRNA,144.3000,144.3000,143.9500,144.0000,9984.0000,144.1140,49
2026-08-19 19:21:35,MRNA,144.1300,144.3000,143.9900,144.2000,13123.0000,144.1000,57
2026-08-19 19:21:40,MRNA,144.2000,144.3400,144.1000,144.2400,4063.0000,144.2410,33
2026-08-19 19:21:45,MRNA,144.1400,144.2300,144.0600,144.1700,5864.0000,144.1210,33
2026-08-19 19:21:50,MRNA,144.1200,144.2300,144.1200,144.1600,2026.0000,144.1720,12
2026-08-19 19:21:55,MRNA,144.1600,144.1600,143.5100,143.7200,20918.0000,143.8430,91
2026-08-19 19:22:00,MRNA,143.7200,143.9100,143.7000,143.8100,3763.0000,143.7680,20
2026-08-19 19:22:05,MRNA,143.8300,144.1600,143.7500,143.9500,8090.0000,143.9520,34
2026-08-19 19:22:10,MRNA,143.9100,143.9400,143.6900,143.7100,6168.0000,143.8110,42
2026-08-19 19:22:15,MRNA,143.6000,143.8500,143.5700,143.7200,5084.0000,143.6610,21
2026-08-19 19:22:20,MRNA,143.7200,143.8300,143.5500,143.6600,7229.0000,143.6740,25
2026-08-19 19:22:25,MRNA,143.6600,143.6700,143.3000,143.4400,11476.0000,143.4600,78
2026-08-19 19:22:30,MRNA,143.4300,143.7300,143.4300,143.6900,9003.0000,143.5890,40
2026-08-19 19:22:35,MRNA,143.7000,143.7600,143.6400,143.6400,3841.0000,143.7010,25
2026-08-19 19:22:40,MRNA,143.7200,143.7500,143.6000,143.6000,7764.0000,143.6460,34
2026-08-19 19:22:45,MRNA,143.6000,143.6100,143.3700,143.4900,12221.0000,143.4700,55
2026-08-19 19:22:50,MRNA,143.5200,143.6500,143.4200,143.6000,7499.0000,143.5270,32
2026-08-19 19:22:55,MRNA,143.5900,143.6900,143.3500,143.5200,5099.0000,143.5420,34
2026-08-19 19:23:00,MRNA,143.5300,143.9700,143.5300,143.8300,34524.0000,143.7960,138
2026-08-19 19:23:05,MRNA,143.9600,144.3000,143.8400,144.1300,19407.0000,144.0370,91
2026-08-19 19:23:10,MRNA,144.2100,144.2900,144.0300,144.0300,5262.0000,144.1600,31
2026-08-19 19:23:15,MRNA,144.0900,144.1400,143.7300,143.8800,5641.0000,143.9020,28
2026-08-19 19:23:20,MRNA,143.8600,144.0000,143.7300,143.8300,6728.0000,143.8690,31
2026-08-19 19:23:25,MRNA,143.8400,144.0900,143.8300,143.9600,2935.0000,143.9340,21
2026-08-19 19:23:30,MRNA,143.9300,144.0100,143.8400,143.8400,2993.0000,143.9180,10
2026-08-19 19:23:35,MRNA,143.9100,143.9500,143.7800,143.8600,7166.0000,143.8610,31
2026-08-19 19:23:40,MRNA,143.8800,144.0200,143.8700,143.9800,4658.0000,143.9810,26
2026-08-19 19:23:45,MRNA,143.9800,144.1000,143.9100,144.0100,5917.0000,143.9760,41
2026-08-19 19:23:50,MRNA,144.0600,144.6100,144.0600,144.6000,22194.0000,144.3440,83
2026-08-19 19:23:55,MRNA,144.5100,144.5600,144.4200,144.5000,5093.0000,144.4900,23
2026-08-19 19:24:00,MRNA,144.5000,144.7000,144.2000,144.3200,16433.0000,144.4540,88
2026-08-19 19:24:05,MRNA,144.3200,144.7500,144.3200,144.7200,8673.0000,144.4860,37
2026-08-19 19:24:10,MRNA,144.8000,144.8000,144.5800,144.6400,14091.0000,144.6930,45
2026-08-19 19:24:15,MRNA,144.6900,144.6900,144.5500,144.6200,9078.0000,144.6400,40
2026-08-19 19:24:20,MRNA,144.6400,144.7600,144.5500,144.7000,17727.0000,144.6830,66
2026-08-19 19:24:25,MRNA,144.7000,144.8000,144.5900,144.6400,11844.0000,144.7010,63
2026-08-19 19:24:30,MRNA,144.6800,144.6800,144.1000,144.3000,25542.0000,144.3060,78
2026-08-19 19:24:35,MRNA,144.3900,144.4400,144.1300,144.1400,3521.0000,144.2720,16
2026-08-19 19:24:40,MRNA,144.2100,144.4900,144.1600,144.2700,10782.0000,144.2570,45
2026-08-19 19:24:45,MRNA,144.2400,144.5300,144.2100,144.5000,4100.0000,144.3570,23
2026-08-19 19:24:50,MRNA,144.4700,144.7500,144.4500,144.6300,8800.0000,144.6260,35
2026-08-19 19:24:55,MRNA,144.6200,144.9500,144.5200,144.9500,11031.0000,144.7900,49
2026-08-19 19:25:00,MRNA,144.9800,145.3000,144.9800,145.1700,24106.0000,145.0970,108
2026-08-19 19:25:05,MRNA,145.1700,145.3000,145.0500,145.1700,7015.0000,145.1680,35
2026-08-19 19:25:10,MRNA,145.1900,145.2200,144.8300,144.8300,23042.0000,145.0650,148
2026-08-19 19:25:15,MRNA,144.9300,144.9600,144.7800,144.8400,6733.0000,144.8520,47
2026-08-19 19:25:20,MRNA,144.8400,145.0400,144.7300,144.9300,18268.0000,144.8740,60
2026-08-19 19:25:25,MRNA,144.9400,144.9900,144.8300,144.9200,6101.0000,144.9070,29
2026-08-19 19:25:30,MRNA,144.9200,144.9400,144.7300,144.7500,9082.0000,144.8180,35
2026-08-19 19:25:35,MRNA,144.7800,144.8400,144.5000,144.6800,12725.0000,144.5950,45
2026-08-19 19:25:40,MRNA,144.5300,144.8000,144.5300,144.6100,1968.0000,144.6650,9
2026-08-19 19:25:45,MRNA,144.7200,144.7200,144.5900,144.6100,5189.0000,144.6190,36
2026-08-19 19:25:50,MRNA,144.6100,144.6800,144.5500,144.5800,8197.0000,144.6210,37
2026-08-19 19:25:55,MRNA,144.6300,144.6400,144.2200,144.3400,14851.0000,144.4430,52
2026-08-19 19:26:00,MRNA,144.3400,144.4600,144.2400,144.4600,1750.0000,144.3490,11
2026-08-19 19:26:05,MRNA,144.3500,144.5700,144.2500,144.5700,4136.0000,144.3360,17
2026-08-19 19:26:10,MRNA,144.5600,144.5900,144.4700,144.4900,4229.0000,144.5270,24
2026-08-19 19:26:15,MRNA,144.5400,144.6000,144.2500,144.2500,9905.0000,144.4090,60
2026-08-19 19:26:20,MRNA,144.4200,144.5000,144.2500,144.3800,3070.0000,144.4030,13
2026-08-19 19:26:25,MRNA,144.2700,144.4200,144.2700,144.3800,2762.0000,144.3630,14
2026-08-19 19:26:30,MRNA,144.3700,144.5000,144.3400,144.4200,3186.0000,144.4090,20
2026-08-19 19:26:35,MRNA,144.3800,144.3800,144.1200,144.1300,9083.0000,144.2190,48
2026-08-19 19:26:40,MRNA,144.1600,144.2400,144.0200,144.0500,16034.0000,144.0960,74
2026-08-19 19:26:45,MRNA,144.0300,144.1900,143.7800,143.9100,16045.0000,143.9360,80
2026-08-19 19:26:50,MRNA,143.9000,144.0200,143.8000,143.9500,6365.0000,143.9310,33
2026-08-19 19:26:55,MRNA,143.9400,144.0000,143.8000,143.8600,6224.0000,143.9170,27
2026-08-19 19:27:00,MRNA,143.9300,144.0200,143.7900,143.8300,6003.0000,143.8860,46
2026-08-19 19:27:05,MRNA,143.8100,144.0000,143.7700,143.9000,6304.0000,143.8850,43
2026-08-19 19:27:10,MRNA,143.9100,144.0500,143.9000,143.9600,5333.0000,143.9750,21
2026-08-19 19:27:15,MRNA,143.8900,144.1100,143.8900,144.1100,2849.0000,143.9390,7
2026-08-19 19:27:20,MRNA,144.0000,144.1100,143.9000,144.0100,4358.0000,144.0330,14
2026-08-19 19:27:25,MRNA,143.9800,143.9800,143.7600,143.8400,14313.0000,143.8130,37
2026-08-19 19:27:30,MRNA,143.8600,143.8600,143.6800,143.8300,9452.0000,143.7500,45
2026-08-19 19:27:35,MRNA,143.8000,143.9000,143.7100,143.9000,8574.0000,143.8300,23
2026-08-19 19:27:40,MRNA,143.9100,144.1100,143.8300,144.0500,3184.0000,143.9700,18
2026-08-19 19:27:45,MRNA,144.0800,144.2900,144.0500,144.1800,5258.0000,144.1630,31
2026-08-19 19:27:50,MRNA,144.1500,144.3500,144.1200,144.3500,4033.0000,144.2090,13
2026-08-19 19:27:55,MRNA,144.3500,144.3500,144.0900,144.1900,4043.0000,144.1880,17
2026-08-19 19:28:00,MRNA,144.2300,144.3500,144.2100,144.2700,8869.0000,144.2820,20
2026-08-19 19:28:05,MRNA,144.2900,144.4000,144.2500,144.3300,3675.0000,144.3290,21
2026-08-19 19:28:10,MRNA,144.3400,144.5000,144.2400,144.3200,7889.0000,144.3870,46
2026-08-19 19:28:15,MRNA,144.3600,144.5000,144.3200,144.4100,7558.0000,144.4120,39
2026-08-19 19:28:20,MRNA,144.3500,144.4700,144.3300,144.3300,4292.0000,144.3990,23
2026-08-19 19:28:25,MRNA,144.4100,144.5000,144.3300,144.4100,8480.0000,144.4230,43
2026-08-19 19:28:30,MRNA,144.4800,144.4800,144.2300,144.3300,6544.0000,144.3310,41
2026-08-19 19:28:35,MRNA,144.3300,144.3900,144.2300,144.2300,3680.0000,144.2780,11
2026-08-19 19:28:40,MRNA,144.2300,144.3100,144.2100,144.2300,3040.0000,144.2310,16
2026-08-19 19:28:45,MRNA,144.2200,144.2500,144.1600,144.2300,4143.0000,144.2020,30
2026-08-19 19:28:50,MRNA,144.2300,144.2300,143.8000,143.8300,13237.0000,144.0020,72
2026-08-19 19:28:55,MRNA,143.8200,143.8700,143.7900,143.8300,6289.0000,143.8200,25
2026-08-19 19:29:00,MRNA,143.8300,144.1000,143.8100,143.9700,4906.0000,143.9090,18
2026-08-19 19:29:05,MRNA,143.8400,143.9800,143.8300,143.9000,9107.0000,143.8680,41
2026-08-19 19:29:10,MRNA,143.9400,144.0600,143.9400,143.9900,4507.0000,143.9970,22
2026-08-19 19:29:15,MRNA,144.0200,144.0300,143.9100,143.9100,3250.0000,143.9770,24
2026-08-19 19:29:20,MRNA,143.9100,144.2800,143.8800,144.2800,7541.0000,144.0510,35
2026-08-19 19:29:25,MRNA,144.1500,144.1800,143.7300,143.7400,14279.0000,143.8740,60
2026-08-19 19:29:30,MRNA,143.7200,144.0200,143.7000,143.7100,7451.0000,143.8090,33
2026-08-19 19:29:35,MRNA,143.8100,143.9000,143.7100,143.8300,2250.0000,143.8330,11
2026-08-19 19:29:40,MRNA,143.8300,143.9000,143.7400,143.8200,2600.0000,143.8080,12
2026-08-19 19:29:45,MRNA,143.8100,143.9600,143.8000,143.8400,2950.0000,143.8730,18
2026-08-19 19:29:50,MRNA,143.9200,144.0000,143.8500,143.9200,10481.0000,143.9620,45
2026-08-19 19:29:55,MRNA,143.9500,143.9800,143.9000,143.9100,2800.0000,143.9290,14
2026-08-19 19:30:00,MRNA,143.9400,144.0500,143.6100,143.7300,25614.0000,143.8060,147
2026-08-19 19:30:05,MRNA,143.7900,143.8800,143.6600,143.8800,5340.0000,143.8110,19
2026-08-19 19:30:10,MRNA,143.9100,143.9100,143.8400,143.8400,747.0000,143.8850,3
2026-08-19 19:30:15,MRNA,143.9000,144.0000,143.8100,143.8900,2325.0000,143.8970,13
2026-08-19 19:30:20,MRNA,143.8900,143.9000,143.6100,143.7100,9791.0000,143.7610,47
2026-08-19 19:30:25,MRNA,143.6900,143.7800,143.6100,143.6500,6363.0000,143.6860,21
2026-08-19 19:30:30,MRNA,143.6800,143.6800,143.3400,143.4900,18619.0000,143.5140,90
2026-08-19 19:30:35,MRNA,143.3600,143.5600,143.3600,143.5000,3310.0000,143.4320,14
2026-08-19 19:30:40,MRNA,143.6200,143.8700,143.6000,143.7800,18697.0000,143.7330,73
2026-08-19 19:30:45,MRNA,143.7500,143.8700,143.6800,143.8700,3135.0000,143.7120,26
2026-08-19 19:30:50,MRNA,143.7400,143.8600,143.7100,143.7900,1330.0000,143.7790,10
2026-08-19 19:30:55,MRNA,143.7300,143.7400,143.5700,143.5700,5680.0000,143.6660,42
2026-08-19 19:31:00,MRNA,143.5700,143.7300,143.5300,143.7300,4309.0000,143.6090,20
2026-08-19 19:31:05,MRNA,143.7300,143.7600,143.6000,143.6400,3636.0000,143.6810,12
2026-08-19 19:31:10,MRNA,143.6000,143.7000,143.6000,143.6900,2565.0000,143.6560,19
2026-08-19 19:31:15,MRNA,143.6900,143.7200,143.6500,143.6700,830.0000,143.6850,6
2026-08-19 19:31:20,MRNA,143.6600,143.7000,143.6400,143.6400,1854.0000,143.6750,16
2026-08-19 19:31:25,MRNA,143.6400,143.8600,143.6400,143.7800,6528.0000,143.7390,31
2026-08-19 19:31:30,MRNA,143.7800,143.9700,143.7700,143.8800,6738.0000,143.8780,34
2026-08-19 19:31:35,MRNA,143.9700,144.1700,143.7100,143.7200,32156.0000,143.9910,169
2026-08-19 19:31:40,MRNA,143.6500,143.8400,143.6500,143.8000,2880.0000,143.7630,8
2026-08-19 19:31:45,MRNA,143.7100,143.8700,143.5500,143.5500,4873.0000,143.6710,31
2026-08-19 19:31:50,MRNA,143.6500,143.6600,143.5400,143.6500,1950.0000,143.6120,7
2026-08-19 19:31:55,MRNA,143.6000,143.6900,143.4000,143.5400,8573.0000,143.5350,66
2026-08-19 19:32:00,MRNA,143.6200,143.6400,143.5200,143.6000,3258.0000,143.5740,24
2026-08-19 19:32:05,MRNA,143.5900,143.6000,143.3000,143.3400,12014.0000,143.4460,77
2026-08-19 19:32:10,MRNA,143.2800,143.3000,143.1500,143.1900,11425.0000,143.2130,50
2026-08-19 19:32:15,MRNA,143.1400,143.2300,143.1100,143.1700,8341.0000,143.1770,42
2026-08-19 19:32:20,MRNA,143.1100,143.1800,142.6500,142.6900,59425.0000,142.9010,214
2026-08-19 19:32:25,MRNA,142.8200,142.9800,142.6600,142.7600,12527.0000,142.8040,45
2026-08-19 19:32:30,MRNA,142.7900,142.9100,142.7000,142.8800,8752.0000,142.7950,45
2026-08-19 19:32:35,MRNA,142.9600,143.0900,142.8500,142.8900,17486.0000,142.9530,75
2026-08-19 19:32:40,MRNA,142.8900,142.9200,142.8300,142.9000,3509.0000,142.8910,19
2026-08-19 19:32:45,MRNA,142.9000,143.0700,142.8500,142.9900,6469.0000,142.9790,30
2026-08-19 19:32:50,MRNA,143.0100,143.1700,142.8800,143.0000,30372.0000,143.0050,70
2026-08-19 19:32:55,MRNA,143.0300,143.2800,142.9100,143.2300,9577.0000,143.2060,25
2026-08-19 19:33:00,MRNA,143.2000,143.3000,142.9700,143.1600,7310.0000,143.0980,40
2026-08-19 19:33:05,MRNA,143.1600,143.2600,142.8800,142.9200,6370.0000,142.9940,39
2026-08-19 19:33:10,MRNA,142.9200,142.9500,142.8000,142.8600,8764.0000,142.8710,48
2026-08-19 19:33:15,MRNA,142.8800,142.9300,142.6000,142.8000,11536.0000,142.7580,50
2026-08-19 19:33:20,MRNA,142.7800,142.9500,142.7200,142.7200,5491.0000,142.8300,28
2026-08-19 19:33:25,MRNA,142.7000,142.7800,142.3000,142.5000,13436.0000,142.5050,66
2026-08-19 19:33:30,MRNA,142.4200,142.6400,142.2500,142.2500,10249.0000,142.3720,57
2026-08-19 19:33:35,MRNA,142.2500,142.5700,142.1800,142.4700,14183.0000,142.3470,82
2026-08-19 19:33:40,MRNA,142.3900,142.4900,142.3800,142.4000,9611.0000,142.4280,33
2026-08-19 19:33:45,MRNA,142.5500,142.7600,142.5500,142.7000,12971.0000,142.6400,84
2026-08-19 19:33:50,MRNA,142.7000,142.8700,142.6000,142.7500,7451.0000,142.7130,35
2026-08-19 19:33:55,MRNA,142.7800,142.9500,142.6400,142.9100,6606.0000,142.8290,26
2026-08-19 19:34:00,MRNA,142.9300,143.1500,142.9200,143.0100,6910.0000,143.0260,31
2026-08-19 19:34:05,MRNA,142.9500,143.4000,142.9000,143.2500,15388.0000,143.0920,74
2026-08-19 19:34:10,MRNA,143.2600,143.4400,143.2300,143.2400,9647.0000,143.3480,48
2026-08-19 19:34:15,MRNA,143.3000,143.4700,143.1100,143.3000,4282.0000,143.2190,23
2026-08-19 19:34:20,MRNA,143.1200,143.2300,143.0600,143.1000,8157.0000,143.1160,44
2026-08-19 19:34:25,MRNA,143.1500,143.3000,143.0200,143.1700,9181.0000,143.2160,35
2026-08-19 19:34:30,MRNA,143.1700,143.3000,143.1000,143.2100,4531.0000,143.1940,24
2026-08-19 19:34:35,MRNA,143.2500,143.3000,143.1200,143.1300,9489.0000,143.2290,45
2026-08-19 19:34:40,MRNA,143.1100,143.4900,143.1000,143.3100,31399.0000,143.3160,129
2026-08-19 19:34:45,MRNA,143.2300,143.4400,143.2100,143.2600,2600.0000,143.2840,21
2026-08-19 19:34:50,MRNA,143.2500,143.4600,143.0600,143.1100,3167.0000,143.2220,25
2026-08-19 19:34:55,MRNA,143.1100,143.1400,143.0500,143.0800,3665.0000,143.0920,17
2026-08-19 19:35:00,MRNA,143.0300,143.0400,142.8900,142.9400,6103.0000,143.0010,38
2026-08-19 19:35:05,MRNA,142.8600,142.8600,142.5900,142.7300,8144.0000,142.7150,51
2026-08-19 19:35:10,MRNA,142.7300,143.2200,142.7300,143.1100,10229.0000,142.9660,50
2026-08-19 19:35:15,MRNA,143.2300,143.2300,143.0400,143.1300,5900.0000,143.1240,29
2026-08-19 19:35:20,MRNA,143.1300,143.1400,143.0400,143.0400,5165.0000,143.0980,25
2026-08-19 19:35:25,MRNA,143.0000,143.0200,142.9000,142.9500,5847.0000,142.9640,25
2026-08-19 19:35:30,MRNA,142.9500,143.3500,142.7900,143.2700,15967.0000,143.0100,66
2026-08-19 19:35:35,MRNA,143.2500,143.3500,143.0900,143.0900,8085.0000,143.1890,40
2026-08-19 19:35:40,MRNA,143.2500,143.2800,143.0500,143.1200,3609.0000,143.1310,17
2026-08-19 19:35:45,MRNA,143.1600,143.2600,143.0800,143.1600,3370.0000,143.1710,21
2026-08-19 19:35:50,MRNA,143.1800,143.4400,143.1800,143.3500,6899.0000,143.3320,32
2026-08-19 19:35:55,MRNA,143.3600,143.4700,143.3300,143.4700,5766.0000,143.4000,38
2026-08-19 19:36:00,MRNA,143.4700,143.4900,143.3600,143.4200,6752.0000,143.4400,34
2026-08-19 19:36:05,MRNA,143.4200,143.4300,143.2200,143.2900,7475.0000,143.3100,41
2026-08-19 19:36:10,MRNA,143.2900,143.3600,143.0800,143.1500,10055.0000,143.1880,59
2026-08-19 19:36:15,MRNA,143.0900,143.2000,143.0900,143.1400,8591.0000,143.1520,48
2026-08-19 19:36:20,MRNA,143.1100,143.2300,143.1000,143.1800,3463.0000,143.1600,24
2026-08-19 19:36:25,MRNA,143.1400,143.2100,143.1400,143.2100,1559.0000,143.1970,8
2026-08-19 19:36:30,MRNA,143.2000,143.2100,142.9500,142.9500,4357.0000,143.0660,31
2026-08-19 19:36:35,MRNA,142.9300,143.1500,142.8800,143.0200,6376.0000,142.9920,19
2026-08-19 19:36:40,MRNA,143.0700,143.0800,143.0000,143.0800,1121.0000,143.0600,6
2026-08-19 19:36:45,MRNA,143.0200,143.1500,143.0200,143.1000,2549.0000,143.1130,17
2026-08-19 19:36:50,MRNA,143.1200,143.2300,143.1100,143.2100,3651.0000,143.1940,26
2026-08-19 19:36:55,MRNA,143.1300,143.2200,143.0200,143.0500,9203.0000,143.1030,41
2026-08-19 19:37:00,MRNA,143.0200,143.1100,143.0000,143.0700,2840.0000,143.0490,17
2026-08-19 19:37:05,MRNA,143.0700,143.2800,143.0000,143.2100,4774.0000,143.1000,22
2026-08-19 19:37:10,MRNA,143.1500,143.2100,143.0300,143.1600,2010.0000,143.1160,12
2026-08-19 19:37:15,MRNA,143.1700,143.3900,143.1700,143.2200,3495.0000,143.2680,25
2026-08-19 19:37:20,MRNA,143.2300,143.2600,143.0000,143.0800,3831.0000,143.1380,30
2026-08-19 19:37:25,MRNA,143.0800,143.1300,143.0000,143.0600,4541.0000,143.0550,25
2026-08-19 19:37:30,MRNA,143.0600,143.1700,142.9300,143.0600,12913.0000,143.0480,58
2026-08-19 19:37:35,MRNA,143.0700,143.2500,143.0600,143.1600,2285.0000,143.1400,19
2026-08-19 19:37:40,MRNA,143.0900,143.2100,143.0800,143.0800,3248.0000,143.1330,18
2026-08-19 19:37:45,MRNA,143.1200,143.1500,143.0500,143.1400,3621.0000,143.1170,15
2026-08-19 19:37:50,MRNA,143.1000,143.1000,143.0200,143.0700,1711.0000,143.0500,9
2026-08-19 19:37:55,MRNA,143.0200,143.1000,142.9700,143.0400,6204.0000,143.0400,29
2026-08-19 19:38:00,MRNA,143.0400,143.0400,142.9500,143.0300,4829.0000,142.9950,31
2026-08-19 19:38:05,MRNA,143.0000,143.0300,142.9600,143.0000,1774.0000,142.9880,9
2026-08-19 19:38:10,MRNA,142.9700,143.0800,142.6100,142.7500,33343.0000,142.8410,151
2026-08-19 19:38:15,MRNA,142.7900,143.0000,142.7100,142.9700,14888.0000,142.8570,73
2026-08-19 19:38:20,MRNA,142.8000,142.8000,142.6000,142.6400,3203.0000,142.6930,24
2026-08-19 19:38:25,MRNA,142.6400,142.6900,142.6100,142.6100,1079.0000,142.6420,8
2026-08-19 19:38:30,MRNA,142.6900,142.6900,142.2500,142.3400,15423.0000,142.4890,59
2026-08-19 19:38:35,MRNA,142.2800,142.4400,142.1900,142.1900,16018.0000,142.3170,67
2026-08-19 19:38:40,MRNA,142.1900,142.7700,142.1700,142.6600,20934.0000,142.4600,85
2026-08-19 19:38:45,MRNA,142.5900,143.0000,142.5500,142.8300,8555.0000,142.8320,43
2026-08-19 19:38:50,MRNA,142.8600,143.0000,142.7300,142.9700,4281.0000,142.8720,17
2026-08-19 19:38:55,MRNA,142.9500,143.0000,142.7800,142.8900,10859.0000,142.9510,26
2026-08-19 19:39:00,MRNA,142.8500,143.0100,142.6100,142.7700,14072.0000,142.8720,89
2026-08-19 19:39:05,MRNA,142.7800,142.8700,142.7200,142.8100,1968.0000,142.8190,8
2026-08-19 19:39:10,MRNA,142.8100,143.0000,142.8100,142.9500,4796.0000,142.9110,20
2026-08-19 19:39:15,MRNA,143.0300,143.1800,143.0200,143.1400,7956.0000,143.0920,37
2026-08-19 19:39:20,MRNA,143.1400,143.3500,143.0100,143.0900,6248.0000,143.2020,41
2026-08-19 19:39:25,MRNA,143.1400,143.1500,142.8800,143.0200,5525.0000,143.0220,28
2026-08-19 19:39:30,MRNA,143.0000,143.0900,142.9800,143.0400,3010.0000,143.0220,20
2026-08-19 19:39:35,MRNA,143.0000,143.0400,142.7700,142.9400,4704.0000,142.8980,32
2026-08-19 19:39:40,MRNA,142.9400,143.1600,142.9300,143.0100,9175.0000,143.0700,22
2026-08-19 19:39:45,MRNA,143.0100,143.1500,143.0000,143.0200,6364.0000,143.0740,11
2026-08-19 19:39:50,MRNA,143.1500,143.2500,143.0600,143.2200,2952.0000,143.1700,16
2026-08-19 19:39:55,MRNA,143.2600,143.2900,142.7500,142.7900,19818.0000,142.9820,130
2026-08-19 19:40:00,MRNA,142.8000,142.8500,142.6000,142.7500,13906.0000,142.7290,74
2026-08-19 19:40:05,MRNA,142.6100,143.1200,142.6100,143.1100,6547.0000,142.8630,28
2026-08-19 19:40:10,MRNA,142.9500,143.0700,142.9500,143.0400,1800.0000,142.9860,7
2026-08-19 19:40:15,MRNA,143.0800,143.3000,143.0800,143.2200,7575.0000,143.2020,33
2026-08-19 19:40:20,MRNA,143.2200,143.3900,143.1300,143.3800,6984.0000,143.2980,25
2026-08-19 19:40:25,MRNA,143.3800,143.6800,143.3700,143.5400,10637.0000,143.4720,47
2026-08-19 19:40:30,MRNA,143.5000,143.6600,143.2800,143.2800,10380.0000,143.4120,54
2026-08-19 19:40:35,MRNA,143.2600,143.3100,143.1300,143.2200,5592.0000,143.2330,30
2026-08-19 19:40:40,MRNA,143.2500,143.2500,143.0700,143.0700,2596.0000,143.1630,17
2026-08-19 19:40:45,MRNA,143.1200,143.1300,143.0000,143.0100,9164.0000,143.0280,20
2026-08-19 19:40:50,MRNA,143.0300,143.1400,143.0100,143.1300,1900.0000,143.0590,8
2026-08-19 19:40:55,MRNA,143.1400,143.1600,143.0400,143.0800,3313.0000,143.0790,25
2026-08-19 19:41:00,MRNA,143.1600,143.3000,143.1400,143.2200,4504.0000,143.2310,27
2026-08-19 19:41:05,MRNA,143.2200,143.4100,143.2200,143.3400,6923.0000,143.3340,36
2026-08-19 19:41:10,MRNA,143.4000,143.4300,143.3600,143.3700,1111.0000,143.3870,7
2026-08-19 19:41:15,MRNA,143.3700,143.5700,143.3600,143.4600,5449.0000,143.4460,28
2026-08-19 19:41:20,MRNA,143.4300,143.5400,143.2600,143.4100,34129.0000,143.4820,108
2026-08-19 19:41:25,MRNA,143.3800,143.4400,143.3500,143.4300,2120.0000,143.3790,10
2026-08-19 19:41:30,MRNA,143.4800,143.6000,143.3200,143.4400,10251.0000,143.4510,57
2026-08-19 19:41:35,MRNA,143.4400,144.4400,143.3900,144.4400,31507.0000,143.8920,123
2026-08-19 19:41:40,MRNA,144.3000,144.4800,144.3000,144.3500,23335.0000,144.3780,95
2026-08-19 19:41:45,MRNA,144.3900,144.5000,144.3100,144.4900,15741.0000,144.4050,64
2026-08-19 19:41:50,MRNA,144.4900,144.6400,144.4400,144.5600,11699.0000,144.5430,52
2026-08-19 19:41:55,MRNA,144.5500,144.6700,144.5300,144.6100,10365.0000,144.6010,58
2026-08-19 19:42:00,MRNA,144.6100,144.6600,144.5200,144.5900,8451.0000,144.5790,28
2026-08-19 19:42:05,MRNA,144.5900,144.6600,144.5200,144.5800,10174.0000,144.5990,53
2026-08-19 19:42:10,MRNA,144.5800,144.7500,144.3100,144.6400,44149.0000,144.5750,155
2026-08-19 19:42:15,MRNA,144.5800,144.8200,144.4900,144.5800,24105.0000,144.6380,99
2026-08-19 19:42:20,MRNA,144.5500,145.3000,144.5500,145.2100,69558.0000,144.9590,186
2026-08-19 19:42:25,MRNA,145.1800,145.3200,145.1200,145.2200,13696.0000,145.2220,65
2026-08-19 19:42:30,MRNA,145.3200,145.3200,145.1000,145.1900,13900.0000,145.1970,74
2026-08-19 19:42:35,MRNA,145.3300,145.3800,145.2400,145.3300,15661.0000,145.3140,81
2026-08-19 19:42:40,MRNA,145.3500,145.3800,145.1600,145.2200,20413.0000,145.2850,80
2026-08-19 19:42:45,MRNA,145.2200,145.5000,145.1500,145.4100,18239.0000,145.2990,87
2026-08-19 19:42:50,MRNA,145.4100,145.5500,145.3600,145.5400,7155.0000,145.4620,34
2026-08-19 19:42:55,MRNA,145.5500,145.6700,145.4800,145.6700,11742.0000,145.5760,42
2026-08-19 19:43:00,MRNA,145.6100,145.6600,145.4800,145.5900,15595.0000,145.5680,57
2026-08-19 19:43:05,MRNA,145.5200,145.9000,145.5200,145.7600,19295.0000,145.6880,109
2026-08-19 19:43:10,MRNA,145.8100,145.9000,145.6900,145.8700,14435.0000,145.8170,75
2026-08-19 19:43:15,MRNA,145.8200,145.8400,145.1000,145.4000,41059.0000,145.5530,173
2026-08-19 19:43:20,MRNA,145.3400,145.5900,145.2900,145.5000,7511.0000,145.4570,52
2026-08-19 19:43:25,MRNA,145.5100,146.1800,145.5100,145.6400,34772.0000,145.8950,96
2026-08-19 19:43:30,MRNA,145.8200,145.8900,145.5800,145.8600,35863.0000,145.7440,206
2026-08-19 19:43:35,MRNA,145.8100,145.9000,145.6500,145.7100,12091.0000,145.7530,60
2026-08-19 19:43:40,MRNA,145.8500,145.9000,145.4500,145.6000,10956.0000,145.7490,59
2026-08-19 19:43:45,MRNA,145.5900,145.7200,145.5000,145.7200,10469.0000,145.6330,45
2026-08-19 19:43:50,MRNA,145.6800,145.8100,145.5500,145.7700,4626.0000,145.6970,22
2026-08-19 19:43:55,MRNA,145.7700,146.0300,145.4000,145.7600,35111.0000,145.7930,183
2026-08-19 19:44:00,MRNA,145.7200,145.7700,145.4300,145.6800,13367.0000,145.6430,58
2026-08-19 19:44:05,MRNA,145.6300,145.8500,145.5600,145.8500,14394.0000,145.6750,58
2026-08-19 19:44:10,MRNA,145.6800,146.2000,145.6800,146.1400,28621.0000,146.0400,97
2026-08-19 19:44:15,MRNA,146.1000,146.1300,145.3000,145.6100,20731.0000,145.7290,113
2026-08-19 19:44:20,MRNA,145.6100,145.7700,145.3400,145.5800,17313.0000,145.4910,87
2026-08-19 19:44:25,MRNA,145.4900,145.6500,145.3900,145.6300,2003.0000,145.5300,14
2026-08-19 19:44:30,MRNA,145.6400,146.0800,145.5200,145.9700,13167.0000,145.8510,43
2026-08-19 19:44:35,MRNA,146.0900,146.1800,145.8300,145.8800,29279.0000,145.9030,102
2026-08-19 19:44:40,MRNA,145.8800,145.9900,145.5500,145.9000,20156.0000,145.8180,69
2026-08-19 19:44:45,MRNA,145.7300,145.9000,145.7200,145.7200,5643.0000,145.8420,18
2026-08-19 19:44:50,MRNA,145.7800,145.9000,145.7100,145.7700,5203.0000,145.7770,24
2026-08-19 19:44:55,MRNA,145.7700,146.0500,145.7400,146.0300,4701.0000,145.9500,30
2026-08-19 19:45:00,MRNA,145.9800,146.0700,145.9000,146.0700,7924.0000,145.9750,46
2026-08-19 19:45:05,MRNA,145.9800,146.0100,145.8600,145.9100,3193.0000,145.9210,20
2026-08-19 19:45:10,MRNA,145.9800,146.0000,145.8000,145.9000,8570.0000,145.9010,45
2026-08-19 19:45:15,MRNA,145.9900,146.7000,145.9800,146.4700,29588.0000,146.3020,143
2026-08-19 19:45:20,MRNA,146.5600,146.7700,146.4700,146.6500,11596.0000,146.6430,60
2026-08-19 19:45:25,MRNA,146.6500,146.7900,146.6000,146.6600,13313.0000,146.6970,66
2026-08-19 19:45:30,MRNA,146.7200,147.7500,146.6900,147.3000,94664.0000,147.2330,264
2026-08-19 19:45:35,MRNA,147.2600,147.6000,147.2600,147.5500,11510.0000,147.4410,62
2026-08-19 19:45:40,MRNA,147.5400,147.5500,147.1300,147.1300,22531.0000,147.3610,125
2026-08-19 19:45:45,MRNA,147.1300,147.4700,146.9000,147.4300,20364.0000,147.1180,94
2026-08-19 19:45:50,MRNA,147.0400,147.5000,147.0400,147.5000,16799.0000,147.3950,81
2026-08-19 19:45:55,MRNA,147.4800,147.6000,147.4400,147.5300,8703.0000,147.5010,34
2026-08-19 19:46:00,MRNA,147.6000,148.0900,147.5500,148.0000,99955.0000,147.8710,431
2026-08-19 19:46:05,MRNA,148.0000,148.0000,147.8000,147.9100,22557.0000,147.9190,102
2026-08-19 19:46:10,MRNA,147.9100,148.0000,147.7800,147.8200,14604.0000,147.8710,68
2026-08-19 19:46:15,MRNA,147.8700,147.9900,147.8200,147.9000,14977.0000,147.8970,79
2026-08-19 19:46:20,MRNA,147.9200,147.9500,147.6500,147.7300,22395.0000,147.7920,108
2026-08-19 19:46:25,MRNA,147.6800,147.9400,147.6700,147.8800,12431.0000,147.8010,40
2026-08-19 19:46:30,MRNA,147.8800,148.4600,147.6600,148.2700,30067.0000,147.9620,152
2026-08-19 19:46:35,MRNA,148.1900,148.6800,148.1900,148.5800,39899.0000,148.3990,84
2026-08-19 19:46:40,MRNA,148.5700,148.7100,148.4800,148.5100,22379.0000,148.6150,95
2026-08-19 19:46:45,MRNA,148.5800,148.7900,148.5700,148.7200,12941.0000,148.6840,62
2026-08-19 19:46:50,MRNA,148.7500,149.0100,148.5900,148.8100,50581.0000,148.8480,248
2026-08-19 19:46:55,MRNA,148.8100,148.8200,148.3300,148.4900,28689.0000,148.5310,127
2026-08-19 19:47:00,MRNA,148.4000,148.6200,148.3400,148.5400,11222.0000,148.5470,29
2026-08-19 19:47:05,MRNA,148.5500,148.6900,148.4000,148.5800,13098.0000,148.5150,67
2026-08-19 19:47:10,MRNA,148.5500,148.9100,148.4800,148.6600,19795.0000,148.6540,100
2026-08-19 19:47:15,MRNA,148.6900,148.7700,148.6000,148.6900,8025.0000,148.7200,31
2026-08-19 19:47:20,MRNA,148.6800,148.7700,148.4400,148.7400,27014.0000,148.6480,120
2026-08-19 19:47:25,MRNA,148.7100,148.7700,148.4200,148.4500,13488.0000,148.5850,72
2026-08-19 19:47:30,MRNA,148.4400,148.4700,147.8500,147.9900,41240.0000,148.1490,168
2026-08-19 19:47:35,MRNA,148.0000,148.1800,147.4100,147.5600,37398.0000,147.7280,177
2026-08-19 19:47:40,MRNA,147.4800,147.6900,147.4700,147.5500,11769.0000,147.5260,56
2026-08-19 19:47:45,MRNA,147.4900,147.5700,147.3800,147.3800,17210.0000,147.4990,82
2026-08-19 19:47:50,MRNA,147.3600,147.6000,147.3600,147.5300,21564.0000,147.4970,54
2026-08-19 19:47:55,MRNA,147.5300,147.6900,147.5300,147.6100,20383.0000,147.6380,66
2026-08-19 19:48:00,MRNA,147.6500,148.4100,147.6400,148.3100,15070.0000,148.0900,70
2026-08-19 19:48:05,MRNA,148.3100,148.3700,147.9900,148.1000,40379.0000,148.1220,153
2026-08-19 19:48:10,MRNA,148.1200,148.1600,147.9500,148.0000,24292.0000,148.0590,104
2026-08-19 19:48:15,MRNA,147.9600,148.2700,147.9600,148.2700,3224.0000,148.1010,22
2026-08-19 19:48:20,MRNA,148.2300,148.3000,148.1700,148.2200,7927.0000,148.2230,38
2026-08-19 19:48:25,MRNA,148.2000,148.4800,148.2000,148.4700,5466.0000,148.3380,41
2026-08-19 19:48:30,MRNA,148.4400,148.7100,148.4400,148.6500,16639.0000,148.5820,55
2026-08-19 19:48:35,MRNA,148.6600,148.7400,148.5200,148.7300,15269.0000,148.6560,53
2026-08-19 19:48:40,MRNA,148.7300,148.7900,148.5300,148.5300,31775.0000,148.6430,121
2026-08-19 19:48:45,MRNA,148.5800,148.8800,148.5400,148.8100,16264.0000,148.7660,86
2026-08-19 19:48:50,MRNA,148.8600,148.9900,148.8000,148.9900,14652.0000,148.8760,58
2026-08-19 19:48:55,MRNA,148.9200,148.9900,148.7300,148.8300,19904.0000,148.9120,112
2026-08-19 19:49:00,MRNA,148.8200,148.9200,148.7100,148.7300,14608.0000,148.7760,65
2026-08-19 19:49:05,MRNA,148.7600,148.7800,148.5300,148.6200,15808.0000,148.6540,75
2026-08-19 19:49:10,MRNA,148.6200,148.8100,148.5400,148.6400,12976.0000,148.6690,74
2026-08-19 19:49:15,MRNA,148.6400,148.7200,148.6200,148.6300,7846.0000,148.6560,59
2026-08-19 19:49:20,MRNA,148.6300,148.7400,148.5100,148.6600,20088.0000,148.5870,76
2026-08-19 19:49:25,MRNA,148.6700,148.6900,148.5500,148.6300,5160.0000,148.6360,26
2026-08-19 19:49:30,MRNA,148.6500,148.6700,148.4000,148.5000,16847.0000,148.5130,93
2026-08-19 19:49:35,MRNA,148.5000,148.6100,148.3700,148.4500,16856.0000,148.4480,79
2026-08-19 19:49:40,MRNA,148.4100,148.6000,148.4100,148.4700,7744.0000,148.4940,38
2026-08-19 19:49:45,MRNA,148.4700,148.5000,148.3400,148.4000,6577.0000,148.4190,38
2026-08-19 19:49:50,MRNA,148.3700,148.9800,148.3700,148.8200,51920.0000,148.6340,191
2026-08-19 19:49:55,MRNA,148.9600,148.9900,148.7000,148.8700,13187.0000,148.8800,64
2026-08-19 19:50:00,MRNA,148.8800,148.9000,148.7400,148.9000,10253.0000,148.8470,39
2026-08-19 19:50:05,MRNA,148.7700,148.9900,148.7600,148.8900,11137.0000,148.8710,40
2026-08-19 19:50:10,MRNA,148.8600,149.1400,148.7000,149.0200,49836.0000,148.9630,196
2026-08-19 19:50:15,MRNA,149.0500,149.1400,148.9300,149.0400,8260.0000,149.0300,47
2026-08-19 19:50:20,MRNA,149.0600,149.1200,148.8200,149.0000,20909.0000,148.9800,113
2026-08-19 19:50:25,MRNA,148.9500,149.0700,148.9500,149.0400,9063.0000,149.0030,39
2026-08-19 19:50:30,MRNA,149.0700,149.2400,148.9300,149.1700,22086.0000,149.0910,100
2026-08-19 19:50:35,MRNA,149.1100,149.4000,149.1100,149.3800,22674.0000,149.3430,109
2026-08-19 19:50:40,MRNA,149.3600,149.4000,149.1000,149.1600,26659.0000,149.3020,129
2026-08-19 19:50:45,MRNA,149.2100,149.3900,149.1500,149.3800,16932.0000,149.3010,110
2026-08-19 19:50:50,MRNA,149.3500,149.4500,149.3200,149.4200,12338.0000,149.3820,50
2026-08-19 19:50:55,MRNA,149.4500,149.6000,149.2500,149.3900,33314.0000,149.4240,159
2026-08-19 19:51:00,MRNA,149.4200,149.4600,149.1000,149.3600,19694.0000,149.2740,117
2026-08-19 19:51:05,MRNA,149.3100,149.3800,149.2200,149.3300,8259.0000,149.3190,28
2026-08-19 19:51:10,MRNA,149.3600,149.3600,149.1800,149.2600,11389.0000,149.2520,59
2026-08-19 19:51:15,MRNA,149.2600,149.3000,148.9000,148.9400,41319.0000,149.0400,160
2026-08-19 19:51:20,MRNA,148.9800,149.2000,148.9300,149.0500,11373.0000,149.0310,64
2026-08-19 19:51:25,MRNA,149.1300,149.1400,148.9800,149.0800,1821.0000,149.0690,14
2026-08-19 19:51:30,MRNA,149.1400,149.4100,149.0900,149.3200,13580.0000,149.2530,54
2026-08-19 19:51:35,MRNA,149.3800,149.4600,149.3000,149.3500,7628.0000,149.3520,39
2026-08-19 19:51:40,MRNA,149.4000,149.8700,149.3500,149.8200,47830.0000,149.6380,91
2026-08-19 19:51:45,MRNA,149.8100,149.8800,149.6600,149.7700,25142.0000,149.7470,79
2026-08-19 19:51:50,MRNA,149.7700,149.8000,149.6500,149.7000,20601.0000,149.7020,84
2026-08-19 19:51:55,MRNA,149.6900,149.8200,149.5500,149.7500,21061.0000,149.6790,107
2026-08-19 19:52:00,MRNA,149.7600,149.8600,149.5600,149.8600,14161.0000,149.7250,49
2026-08-19 19:52:05,MRNA,149.7300,149.7400,149.5500,149.6400,15763.0000,149.6490,60
2026-08-19 19:52:10,MRNA,149.6400,149.7700,149.5700,149.7700,6585.0000,149.7010,40
2026-08-19 19:52:15,MRNA,149.8000,150.4300,149.7700,150.3800,158930.0000,150.0300,443
2026-08-19 19:52:20,MRNA,150.3400,150.5000,150.2000,150.5000,25436.0000,150.3490,83
2026-08-19 19:52:25,MRNA,150.5000,150.5000,150.0000,150.0000,20479.0000,150.3490,105
2026-08-19 19:52:30,MRNA,150.1700,150.3300,150.0600,150.2000,16739.0000,150.2070,53
2026-08-19 19:52:35,MRNA,150.2000,150.3500,150.1900,150.2200,15725.0000,150.2570,84
2026-08-19 19:52:40,MRNA,150.2200,150.5000,150.2000,150.4900,26523.0000,150.3700,83
2026-08-19 19:52:45,MRNA,150.4100,150.5400,150.3000,150.4900,22647.0000,150.4320,103
2026-08-19 19:52:50,MRNA,150.4900,150.5000,150.3700,150.4300,12664.0000,150.4660,59
2026-08-19 19:52:55,MRNA,150.4100,150.4700,150.2100,150.3000,19235.0000,150.3050,72
2026-08-19 19:53:00,MRNA,150.3500,150.4700,150.2300,150.2500,11538.0000,150.3450,59
2026-08-19 19:53:05,MRNA,150.3500,150.3600,150.2100,150.2300,7490.0000,150.2730,41
2026-08-19 19:53:10,MRNA,150.3000,150.5000,150.1500,150.3700,14631.0000,150.2910,81
2026-08-19 19:53:15,MRNA,150.4900,150.8500,150.4900,150.8300,20714.0000,150.6330,82
2026-08-19 19:53:20,MRNA,150.8300,151.0000,150.7400,150.8500,37307.0000,150.8980,150
2026-08-19 19:53:25,MRNA,150.9500,151.0000,150.8000,150.9600,48419.0000,150.9610,174
2026-08-19 19:53:30,MRNA,150.9600,151.0000,150.6700,150.8100,43655.0000,150.8390,174
2026-08-19 19:53:35,MRNA,150.8900,151.0000,150.7600,150.8600,12235.0000,150.8470,59
2026-08-19 19:53:40,MRNA,150.9200,151.0000,150.8100,150.9200,13917.0000,150.9400,56
2026-08-19 19:53:45,MRNA,150.8900,151.4000,150.8100,151.3500,40068.0000,150.9800,135
2026-08-19 19:53:50,MRNA,151.1200,151.6900,151.1200,151.3900,34871.0000,151.4630,140
2026-08-19 19:53:55,MRNA,151.3100,151.4900,151.2600,151.3700,15629.0000,151.3680,76
2026-08-19 19:54:00,MRNA,151.4200,151.6800,151.4200,151.6700,9999.0000,151.5820,45
2026-08-19 19:54:05,MRNA,151.6900,151.9300,151.4500,151.7100,57485.0000,151.6410,256
2026-08-19 19:54:10,MRNA,151.7900,151.7900,151.4000,151.6000,33633.0000,151.5550,149
2026-08-19 19:54:15,MRNA,151.6700,151.7700,151.6000,151.7300,14660.0000,151.6910,87
2026-08-19 19:54:20,MRNA,151.6900,151.9000,151.6800,151.8500,7178.0000,151.7780,40
2026-08-19 19:54:25,MRNA,151.8600,151.9800,151.4400,151.5700,50451.0000,151.7460,195
2026-08-19 19:54:30,MRNA,151.5300,152.4200,151.4600,152.3200,74123.0000,152.0070,253
2026-08-19 19:54:35,MRNA,152.2500,152.4200,152.1400,152.3900,19639.0000,152.2880,94
2026-08-19 19:54:40,MRNA,152.3900,152.7700,152.3400,152.6300,34089.0000,152.5720,135
2026-08-19 19:54:45,MRNA,152.6300,152.9000,152.6200,152.8700,33204.0000,152.7050,133
2026-08-19 19:54:50,MRNA,152.7300,152.9400,152.6700,152.7600,47804.0000,152.8050,241
2026-08-19 19:54:55,MRNA,152.7300,152.8100,152.0000,152.1300,54933.0000,152.4840,280
2026-08-19 19:55:00,MRNA,152.1100,152.1800,151.2000,151.2600,48808.0000,151.5380,203
2026-08-19 19:55:05,MRNA,151.2800,151.5500,151.1100,151.5200,33087.0000,151.2760,123
2026-08-19 19:55:10,MRNA,151.4900,151.5300,151.0200,151.3500,34054.0000,151.3430,133
2026-08-19 19:55:15,MRNA,151.4200,151.7000,151.3500,151.5500,11977.0000,151.5570,53
2026-08-19 19:55:20,MRNA,151.4700,151.6500,151.1100,151.2600,12057.0000,151.3230,61
2026-08-19 19:55:25,MRNA,151.2200,151.3000,151.1100,151.2000,25262.0000,151.1440,113
2026-08-19 19:55:30,MRNA,151.1700,151.3800,151.1100,151.2200,14725.0000,151.1750,68
2026-08-19 19:55:35,MRNA,151.2000,151.3900,151.1000,151.2500,17650.0000,151.1940,91
2026-08-19 19:55:40,MRNA,151.2100,151.4200,151.2100,151.2600,9206.0000,151.3040,33
2026-08-19 19:55:45,MRNA,151.3500,151.5700,151.1500,151.3800,23445.0000,151.2480,64
2026-08-19 19:55:50,MRNA,151.3800,151.6400,151.3100,151.5400,10104.0000,151.5190,55
2026-08-19 19:55:55,MRNA,151.5700,151.6700,151.4400,151.5700,7769.0000,151.5480,42
2026-08-19 19:56:00,MRNA,151.7000,151.7800,151.4600,151.6200,13726.0000,151.6110,48
2026-08-19 19:56:05,MRNA,151.6900,151.7000,151.3500,151.5200,8891.0000,151.4510,61
2026-08-19 19:56:10,MRNA,151.5400,151.7300,150.6000,150.8800,84598.0000,151.0840,420
2026-08-19 19:56:15,MRNA,150.7800,150.9900,150.6300,150.6600,24179.0000,150.7970,136
2026-08-19 19:56:20,MRNA,150.6000,151.2200,150.5600,151.0200,60756.0000,151.0730,267
2026-08-19 19:56:25,MRNA,150.9800,151.4500,150.9000,151.3100,20222.0000,151.1680,91
2026-08-19 19:56:30,MRNA,151.1800,151.3000,150.8200,150.9000,13902.0000,151.0770,107
2026-08-19 19:56:35,MRNA,150.8400,151.9200,150.6200,151.8000,41754.0000,151.3350,217
2026-08-19 19:56:40,MRNA,151.5900,151.9200,151.4300,151.7800,25966.0000,151.7370,93
2026-08-19 19:56:45,MRNA,151.7800,151.8500,151.6400,151.7900,10449.0000,151.7600,64
2026-08-19 19:56:50,MRNA,151.7900,151.9200,151.6200,151.8100,12635.0000,151.7720,64
2026-08-19 19:56:55,MRNA,151.9000,152.2300,151.7700,152.1800,24249.0000,152.0060,110
2026-08-19 19:57:00,MRNA,152.0500,152.2300,151.9700,152.1200,17276.0000,152.1030,120
2026-08-19 19:57:05,MRNA,152.1200,152.2200,151.6000,151.9100,26197.0000,151.9150,102
2026-08-19 19:57:10,MRNA,151.8500,151.9900,151.6300,151.9900,7356.0000,151.8040,38
2026-08-19 19:57:15,MRNA,152.0600,152.0600,151.8400,151.9100,11666.0000,151.9520,63
2026-08-19 19:57:20,MRNA,151.8400,151.9500,151.3600,151.5100,14973.0000,151.6190,71
2026-08-19 19:57:25,MRNA,151.4400,151.5100,151.0700,151.0700,17158.0000,151.2360,50
2026-08-19 19:57:30,MRNA,151.1700,151.3100,150.9400,151.1200,13243.0000,151.1380,57
2026-08-19 19:57:35,MRNA,151.1600,151.5100,151.0700,151.3800,11147.0000,151.2800,39
2026-08-19 19:57:40,MRNA,151.5100,151.6200,151.2500,151.6200,11400.0000,151.5090,37
2026-08-19 19:57:45,MRNA,151.5300,151.7800,151.5200,151.6700,10045.0000,151.6730,57
2026-08-19 19:57:50,MRNA,151.7400,151.7400,151.3400,151.5000,7712.0000,151.5400,53
2026-08-19 19:57:55,MRNA,151.3500,151.7600,151.3500,151.7600,20087.0000,151.5130,77
2026-08-19 19:58:00,MRNA,151.7000,152.0000,151.7000,151.9600,21005.0000,151.9220,82
2026-08-19 19:58:05,MRNA,151.8800,152.1100,151.6500,152.0600,13352.0000,151.9290,59
2026-08-19 19:58:10,MRNA,152.1000,152.2000,151.8400,152.0500,15286.0000,152.0390,53
2026-08-19 19:58:15,MRNA,151.8700,152.2000,151.8700,152.1200,6317.0000,152.0450,25
2026-08-19 19:58:20,MRNA,152.0700,152.3600,152.0700,152.3400,9097.0000,152.2200,41
2026-08-19 19:58:25,MRNA,152.3400,152.5000,152.2000,152.4600,15742.0000,152.4180,63
2026-08-19 19:58:30,MRNA,152.3300,152.5000,152.2000,152.3400,11022.0000,152.3590,62
2026-08-19 19:58:35,MRNA,152.4300,152.5000,152.3200,152.4400,10231.0000,152.4380,38
2026-08-19 19:58:40,MRNA,152.4400,152.5000,152.0700,152.4100,30667.0000,152.3270,147
2026-08-19 19:58:45,MRNA,152.4100,152.7100,151.6200,152.0000,85307.0000,152.1540,409
2026-08-19 19:58:50,MRNA,151.9300,152.0100,151.6000,151.6000,14049.0000,151.7950,80
2026-08-19 19:58:55,MRNA,151.6700,151.9400,151.6400,151.8200,14468.0000,151.8180,58
2026-08-19 19:59:00,MRNA,151.8000,151.8300,151.4600,151.5900,16554.0000,151.6020,96
2026-08-19 19:59:05,MRNA,151.6500,151.8400,151.5300,151.6800,9377.0000,151.7790,45
2026-08-19 19:59:10,MRNA,151.7700,151.9000,151.7700,151.8600,4628.0000,151.8140,20
2026-08-19 19:59:15,MRNA,151.8500,152.0000,151.7200,151.8500,12892.0000,151.9030,76
2026-08-19 19:59:20,MRNA,151.9200,152.0100,151.7800,151.8600,10233.0000,151.9260,35
2026-08-19 19:59:25,MRNA,151.8100,151.8400,151.7000,151.7200,3438.0000,151.7640,22
2026-08-19 19:59:30,MRNA,151.7900,151.8000,151.3500,151.3800,29437.0000,151.6060,94
2026-08-19 19:59:35,MRNA,151.3500,151.6700,151.2700,151.5400,14603.0000,151.3970,76
2026-08-19 19:59:40,MRNA,151.5400,151.6900,151.5000,151.5000,3969.0000,151.6020,26
2026-08-19 19:59:45,MRNA,151.4800,151.5900,151.4400,151.4600,4576.0000,151.5000,26
2026-08-19 19:59:50,MRNA,151.4500,151.6900,151.3300,151.4100,38626.0000,151.5060,220
2026-08-19 19:59:55,MRNA,151.3600,151.4900,151.1000,151.3800,27380.0000,151.2700,145
2026-08-19 20:00:00,MRNA,151.3600,151.5900,151.3000,151.5000,10010.0000,151.4780,77
2026-08-19 20:00:05,MRNA,151.3500,151.4000,150.5000,151.3600,38630.0000,150.8760,182
2026-08-19 20:00:10,MRNA,151.3600,151.5600,151.0000,151.4700,10897.0000,151.3050,48
2026-08-19 20:00:15,MRNA,151.4200,151.4300,150.9100,151.1800,9367.0000,151.2600,38
2026-08-19 20:00:20,MRNA,151.1200,151.3200,151.0200,151.2300,7374.0000,151.1750,34
2026-08-19 20:00:25,MRNA,151.2300,151.4700,151.2100,151.4200,8693.0000,151.3650,38
2026-08-19 20:00:30,MRNA,151.4000,151.5000,151.3000,151.3700,7020.0000,151.3970,27
2026-08-19 20:00:35,MRNA,151.5000,151.5000,151.3200,151.4500,7958.0000,151.4810,24
2026-08-19 20:00:40,MRNA,151.5000,151.6700,151.4400,151.4600,14768.0000,151.5440,61
2026-08-19 20:00:45,MRNA,151.5400,151.5400,151.2200,151.2900,15343.0000,151.3670,80
2026-08-19 20:00:50,MRNA,151.3100,151.4000,151.2300,151.2400,4758.0000,151.3310,23
2026-08-19 20:00:55,MRNA,151.2400,151.3700,151.1500,151.2700,5340.0000,151.2490,29
2026-08-19 20:01:00,MRNA,151.3000,151.3400,151.1500,151.1800,5490.0000,151.2430,24
2026-08-19 20:01:05,MRNA,151.1400,151.1800,150.9000,150.9100,15223.0000,151.0580,93
2026-08-19 20:01:10,MRNA,151.0700,151.2500,150.9400,151.0700,4182.0000,151.0860,23
2026-08-19 20:01:15,MRNA,151.0000,151.0700,150.1500,150.2200,21023.0000,150.5360,97
2026-08-19 20:01:20,MRNA,150.1200,150.4000,150.1000,150.2800,12752.0000,150.2440,72
2026-08-19 20:01:25,MRNA,150.2000,150.6100,150.1900,150.5100,14160.0000,150.3910,79
2026-08-19 20:01:30,MRNA,150.4100,150.8500,150.4000,150.7800,7494.0000,150.6270,36
2026-08-19 20:01:35,MRNA,150.7800,150.9200,150.7300,150.8600,6915.0000,150.8020,31
2026-08-19 20:01:40,MRNA,150.9800,151.1200,150.8600,151.1000,10319.0000,150.9930,40
2026-08-19 20:01:45,MRNA,151.1100,151.1200,150.7500,150.8700,9429.0000,150.9170,33
2026-08-19 20:01:50,MRNA,151.0000,151.2000,150.9700,151.1400,4892.0000,151.1370,26
2026-08-19 20:01:55,MRNA,151.2500,151.3000,151.0500,151.1300,7278.0000,151.1620,37
2026-08-19 20:02:00,MRNA,151.1100,151.2300,151.0400,151.1400,11043.0000,151.1650,69
2026-08-19 20:02:05,MRNA,151.1700,151.2800,151.0300,151.1400,9049.0000,151.1290,45
2026-08-19 20:02:10,MRNA,151.1700,151.1800,151.0100,151.0800,6302.0000,151.0910,39
2026-08-19 20:02:15,MRNA,151.0300,151.2900,151.0300,151.2500,7046.0000,151.1980,41
2026-08-19 20:02:20,MRNA,151.2200,151.2600,151.0800,151.1700,18716.0000,151.1480,97
2026-08-19 20:02:25,MRNA,151.2500,151.4300,151.1500,151.4200,12040.0000,151.2790,76
2026-08-19 20:02:30,MRNA,151.3300,151.4300,151.2200,151.3600,9888.0000,151.3360,45
2026-08-19 20:02:35,MRNA,151.3800,151.3900,151.2900,151.3100,5670.0000,151.3410,37
2026-08-19 20:02:40,MRNA,151.3100,151.3700,151.2000,151.3200,4138.0000,151.2680,17
2026-08-19 20:02:45,MRNA,151.3200,151.7000,151.3000,151.6400,12212.0000,151.5450,54
2026-08-19 20:02:50,MRNA,151.6000,151.8600,151.3000,151.4500,22742.0000,151.5710,139
2026-08-19 20:02:55,MRNA,151.4600,151.6100,151.4200,151.5500,4589.0000,151.5280,30
2026-08-19 20:03:00,MRNA,151.5300,151.5300,151.3000,151.3800,7371.0000,151.4170,39
2026-08-19 20:03:05,MRNA,151.3800,151.3900,151.2200,151.2800,9974.0000,151.3120,52
2026-08-19 20:03:10,MRNA,151.2800,151.4700,151.2800,151.3600,1389.0000,151.3630,11
2026-08-19 20:03:15,MRNA,151.4400,151.4400,151.2900,151.3600,3942.0000,151.3790,24
2026-08-19 20:03:20,MRNA,151.2900,151.3400,151.2000,151.3100,4121.0000,151.2590,29
2026-08-19 20:03:25,MRNA,151.2100,151.3700,151.2100,151.3200,4047.0000,151.3200,14
2026-08-19 20:03:30,MRNA,151.3500,151.4500,151.3100,151.3800,5966.0000,151.3800,34
2026-08-19 20:03:35,MRNA,151.3800,151.5100,151.3500,151.4700,3513.0000,151.4470,17
2026-08-19 20:03:40,MRNA,151.5500,151.6100,151.3500,151.3600,12557.0000,151.5050,58
2026-08-19 20:03:45,MRNA,151.4200,151.6800,151.3500,151.5600,12412.0000,151.5450,72
2026-08-19 20:03:50,MRNA,151.5900,151.8000,151.5600,151.8000,7948.0000,151.6810,28
2026-08-19 20:03:55,MRNA,151.7500,151.9300,151.7500,151.8700,10603.0000,151.8290,48
2026-08-19 20:04:00,MRNA,151.9300,152.4900,151.7600,152.4200,29687.0000,152.0810,122
2026-08-19 20:04:05,MRNA,152.4400,152.4900,152.2800,152.3200,19731.0000,152.3870,114
2026-08-19 20:04:10,MRNA,152.3600,152.5800,152.2700,152.5300,21794.0000,152.4300,93
2026-08-19 20:04:15,MRNA,152.5000,152.5800,152.2000,152.3300,21482.0000,152.3980,97
2026-08-19 20:04:20,MRNA,152.2100,152.5700,152.1300,152.4900,15521.0000,152.2940,62
2026-08-19 20:04:25,MRNA,152.3800,152.8500,152.3700,152.7000,27910.0000,152.6330,117
2026-08-19 20:04:30,MRNA,152.6000,152.7000,152.5400,152.6400,17196.0000,152.6500,62
2026-08-19 20:04:35,MRNA,152.6400,153.4500,152.6100,153.3000,85794.0000,152.9470,294
2026-08-19 20:04:40,MRNA,153.3000,153.4500,152.9900,153.3600,43882.0000,153.3130,152
2026-08-19 20:04:45,MRNA,153.3600,153.4400,153.1900,153.3100,25286.0000,153.3100,99
2026-08-19 20:04:50,MRNA,153.3100,153.4300,153.0300,153.2400,29254.0000,153.1700,156
2026-08-19 20:04:55,MRNA,153.3000,153.6500,153.1300,153.6500,54715.0000,153.3990,246
2026-08-19 20:05:00,MRNA,153.6400,153.8000,153.5200,153.8000,21221.0000,153.6730,100
2026-08-19 20:05:05,MRNA,153.8500,154.0100,153.7100,153.8500,74119.0000,153.8770,245
2026-08-19 20:05:10,MRNA,153.8100,154.2900,153.7800,154.1700,28607.0000,154.0760,101
2026-08-19 20:05:15,MRNA,154.1700,154.4000,154.0000,154.2200,36130.0000,154.2340,137
2026-08-19 20:05:20,MRNA,154.1900,154.3900,154.0500,154.1500,21292.0000,154.1990,85
2026-08-19 20:05:25,MRNA,154.1500,154.4400,154.1500,154.3600,21803.0000,154.2800,114
2026-08-19 20:05:30,MRNA,154.3600,154.4900,153.6800,153.9100,62130.0000,154.0800,217
2026-08-19 20:05:35,MRNA,153.9900,154.5000,153.6800,154.3800,29434.0000,154.1000,95
2026-08-19 20:05:40,MRNA,154.3300,154.4600,154.1200,154.1900,27256.0000,154.2710,85
2026-08-19 20:05:45,MRNA,154.1700,154.3100,154.0600,154.1800,22393.0000,154.1780,70
2026-08-19 20:05:50,MRNA,154.1800,154.3100,154.0900,154.2600,10086.0000,154.2090,51
2026-08-19 20:05:55,MRNA,154.2300,154.2700,153.6800,153.8900,20021.0000,154.0160,111
2026-08-19 20:06:00,MRNA,153.8400,154.1700,153.7900,154.1500,15800.0000,154.0360,59
2026-08-19 20:06:05,MRNA,154.1700,154.2500,154.0100,154.0900,15000.0000,154.1050,40
2026-08-19 20:06:10,MRNA,154.1700,154.3500,154.0400,154.2200,11093.0000,154.1970,50
2026-08-19 20:06:15,MRNA,154.2500,154.5000,154.2200,154.3900,19245.0000,154.3370,82
2026-08-19 20:06:20,MRNA,154.2900,154.4200,154.1000,154.2000,26109.0000,154.2510,74
2026-08-19 20:06:25,MRNA,154.1000,154.2600,153.9000,154.0000,16359.0000,154.0370,76
2026-08-19 20:06:30,MRNA,153.9000,154.0600,153.8000,153.8900,25868.0000,153.9280,148
2026-08-19 20:06:35,MRNA,154.0000,154.2900,153.8300,154.2900,20702.0000,154.0160,94
2026-08-19 20:06:40,MRNA,154.2400,154.3300,154.0800,154.3100,10250.0000,154.2150,55
2026-08-19 20:06:45,MRNA,154.3000,154.4000,154.2600,154.3300,9386.0000,154.3200,37
2026-08-19 20:06:50,MRNA,154.3300,154.4900,154.2800,154.2900,19986.0000,154.3740,113
2026-08-19 20:06:55,MRNA,154.2900,154.4200,154.2400,154.3300,6130.0000,154.3340,39
2026-08-19 20:07:00,MRNA,154.4200,154.4800,154.2600,154.3400,21714.0000,154.3670,89
2026-08-19 20:07:05,MRNA,154.3600,154.4400,153.9300,154.0200,25009.0000,154.1190,105
2026-08-19 20:07:10,MRNA,154.0800,154.0900,153.8000,153.9200,39103.0000,153.8800,158
2026-08-19 20:07:15,MRNA,154.0000,154.1100,153.9100,154.0000,8655.0000,154.0610,26
2026-08-19 20:07:20,MRNA,154.0000,154.0700,153.8200,153.8900,13445.0000,153.9390,62
2026-08-19 20:07:25,MRNA,153.9800,154.2000,153.7900,154.1800,26101.0000,153.9850,81
2026-08-19 20:07:30,MRNA,154.1100,154.3600,154.0000,154.3400,16224.0000,154.2010,41
2026-08-19 20:07:35,MRNA,154.2900,154.3700,154.1400,154.3100,11116.0000,154.2530,60
2026-08-19 20:07:40,MRNA,154.3100,154.4600,154.2600,154.4100,19929.0000,154.3920,57
2026-08-19 20:07:45,MRNA,154.4300,154.4700,154.2200,154.3000,10581.0000,154.3150,54
2026-08-19 20:07:50,MRNA,154.2900,154.3000,154.1700,154.2300,9119.0000,154.2320,41
2026-08-19 20:07:55,MRNA,154.2300,154.2600,154.0000,154.2600,10128.0000,154.1540,76
2026-08-19 20:08:00,MRNA,154.2600,154.4500,154.0800,154.3500,8209.0000,154.2990,33
2026-08-19 20:08:05,MRNA,154.3500,154.4500,154.2600,154.3500,8540.0000,154.3780,29
2026-08-19 20:08:10,MRNA,154.2800,154.3000,154.1800,154.2400,7137.0000,154.2320,39
2026-08-19 20:08:15,MRNA,154.2200,154.3000,153.6700,153.8800,21807.0000,153.9640,79
2026-08-19 20:08:20,MRNA,153.8800,154.0200,153.6700,153.7800,10773.0000,153.8570,61
2026-08-19 20:08:25,MRNA,153.7400,153.8500,153.5000,153.8000,22604.0000,153.6420,127
2026-08-19 20:08:30,MRNA,153.8000,153.8500,153.3800,153.4800,27844.0000,153.6300,149
2026-08-19 20:08:35,MRNA,153.3900,153.7200,153.3900,153.5700,21025.0000,153.5400,86
2026-08-19 20:08:40,MRNA,153.5700,153.5800,153.2100,153.3300,20832.0000,153.3680,105
2026-08-19 20:08:45,MRNA,153.3300,153.4600,153.0600,153.1000,22524.0000,153.3140,124
2026-08-19 20:08:50,MRNA,153.2200,153.2300,152.6200,152.7500,51967.0000,152.8870,213
2026-08-19 20:08:55,MRNA,152.7100,153.6000,152.7100,153.4000,45238.0000,153.0430,165
2026-08-19 20:09:00,MRNA,153.3300,153.5600,153.1200,153.1200,17261.0000,153.3120,78
2026-08-19 20:09:05,MRNA,153.1300,153.4600,153.1200,153.4200,8106.0000,153.2400,38
2026-08-19 20:09:10,MRNA,153.3800,153.5600,152.8900,153.0700,24692.0000,153.3000,120
2026-08-19 20:09:15,MRNA,152.8300,153.1100,152.6600,152.8800,26096.0000,152.8040,105
2026-08-19 20:09:20,MRNA,152.8800,152.9000,152.6600,152.7600,18337.0000,152.7990,86
2026-08-19 20:09:25,MRNA,152.7100,152.8900,152.2500,152.6800,57621.0000,152.5300,266
2026-08-19 20:09:30,MRNA,152.8000,153.0400,152.6000,152.7300,19826.0000,152.8260,94
2026-08-19 20:09:35,MRNA,152.7600,152.8800,152.5600,152.7600,8206.0000,152.6780,36
2026-08-19 20:09:40,MRNA,152.7600,153.0000,152.6100,153.0000,8382.0000,152.8020,24
2026-08-19 20:09:45,MRNA,152.9200,153.3400,152.7600,153.2200,14023.0000,153.0700,77
2026-08-19 20:09:50,MRNA,153.2200,153.4900,153.1400,153.4900,7088.0000,153.2790,42
2026-08-19 20:09:55,MRNA,153.4900,153.9300,153.3600,153.7600,54663.0000,153.6520,221
2026-08-19 20:10:00,MRNA,153.6000,154.0000,153.1600,153.2500,38287.0000,153.6510,175
2026-08-19 20:10:05,MRNA,153.1700,153.6400,153.1600,153.5400,6454.0000,153.4320,33
2026-08-19 20:10:10,MRNA,153.5300,153.7100,153.3600,153.5500,12889.0000,153.5470,78
2026-08-19 20:10:15,MRNA,153.5200,153.6200,153.4300,153.5200,8427.0000,153.5310,38
2026-08-19 20:10:20,MRNA,153.5500,153.6100,153.2500,153.2600,14221.0000,153.4760,72
2026-08-19 20:10:25,MRNA,153.2600,153.4400,152.8900,152.8900,14340.0000,153.1670,71
2026-08-19 20:10:30,MRNA,153.2500,153.2500,152.7100,152.8400,15388.0000,152.9050,85
2026-08-19 20:10:35,MRNA,153.1000,153.2100,152.9600,153.0300,6844.0000,153.0530,38
2026-08-19 20:10:40,MRNA,153.1100,153.2100,153.0000,153.1100,4243.0000,153.1240,20
2026-08-19 20:10:45,MRNA,153.1100,153.4700,153.0100,153.3400,9007.0000,153.2550,31
2026-08-19 20:10:50,MRNA,153.3400,153.8400,153.3400,153.6500,11849.0000,153.5060,49
2026-08-19 20:10:55,MRNA,153.8500,153.9200,153.4100,153.7200,20250.0000,153.6860,113
2026-08-19 20:11:00,MRNA,153.5900,154.2000,153.4700,154.0700,26670.0000,153.9080,72
2026-08-19 20:11:05,MRNA,154.0700,154.2000,153.7000,154.0700,39147.0000,154.0540,160
2026-08-19 20:11:10,MRNA,154.0900,154.8800,154.0000,154.8200,75454.0000,154.4400,371
2026-08-19 20:11:15,MRNA,154.8100,155.0000,154.5200,155.0000,138109.0000,154.9330,377
2026-08-19 20:11:20,MRNA,155.0000,155.4600,154.8500,155.2900,61575.0000,155.2550,252
2026-08-19 20:11:25,MRNA,155.3100,155.7700,155.2100,155.2200,54506.0000,155.5620,351
2026-08-19 20:11:30,MRNA,155.2200,155.3400,154.8700,154.9200,40124.0000,155.1130,96
2026-08-19 20:11:35,MRNA,155.0700,155.2200,154.9200,155.1000,18210.0000,155.0520,99
2026-08-19 20:11:40,MRNA,155.1000,155.3700,154.9100,155.2200,16925.0000,155.1040,104
2026-08-19 20:11:45,MRNA,155.2200,155.3000,154.9700,155.0900,20000.0000,155.1210,76
2026-08-19 20:11:50,MRNA,155.0200,155.2600,154.5400,154.8500,20686.0000,154.9390,125
2026-08-19 20:11:55,MRNA,154.8500,155.1100,154.8100,155.1000,5698.0000,154.9900,31
2026-08-19 20:12:00,MRNA,155.1400,155.2500,154.9200,154.9500,11029.0000,155.0880,69
2026-08-19 20:12:05,MRNA,154.9500,155.0900,154.6800,154.8600,17412.0000,154.9230,102
2026-08-19 20:12:10,MRNA,154.9900,154.9900,154.2600,154.4100,17509.0000,154.5880,86
2026-08-19 20:12:15,MRNA,154.5000,154.7100,154.2800,154.3400,21686.0000,154.4170,43
2026-08-19 20:12:20,MRNA,154.4900,154.7500,154.2800,154.3600,10242.0000,154.4350,48
2026-08-19 20:12:25,MRNA,154.2700,154.4600,154.0000,154.1900,14538.0000,154.1810,56
2026-08-19 20:12:30,MRNA,154.0900,154.2300,154.0100,154.1300,6912.0000,154.1070,39
2026-08-19 20:12:35,MRNA,154.1100,154.6300,154.0700,154.6100,14257.0000,154.3450,47
2026-08-19 20:12:40,MRNA,154.6100,154.7000,154.3900,154.4500,4746.0000,154.5320,31
2026-08-19 20:12:45,MRNA,154.6200,154.6600,154.5300,154.6400,5588.0000,154.6060,31
2026-08-19 20:12:50,MRNA,154.5800,154.8400,154.5100,154.7400,8630.0000,154.6720,40
2026-08-19 20:12:55,MRNA,154.7900,154.8700,154.7100,154.7900,10652.0000,154.7800,36
2026-08-19 20:13:00,MRNA,154.8700,155.0000,154.7000,154.8800,9080.0000,154.8950,31
2026-08-19 20:13:05,MRNA,154.8400,154.9200,154.4400,154.6900,23527.0000,154.6910,116
2026-08-19 20:13:10,MRNA,154.6600,154.7500,154.1100,154.1100,15865.0000,154.4120,82
2026-08-19 20:13:15,MRNA,154.1400,154.3000,154.1200,154.1700,6464.0000,154.2300,31
2026-08-19 20:13:20,MRNA,154.2400,154.3000,153.7500,154.0100,48179.0000,154.0340,271
2026-08-19 20:13:25,MRNA,153.9500,154.2300,153.3900,153.9600,37934.0000,153.8310,237
2026-08-19 20:13:30,MRNA,154.0300,155.4400,154.0300,155.3500,133605.0000,154.4560,292
2026-08-19 20:13:35,MRNA,155.4900,155.4900,154.9900,155.2500,11504.0000,155.2610,63
2026-08-19 20:13:40,MRNA,155.2000,155.3800,155.0700,155.3600,11510.0000,155.2350,47
2026-08-19 20:13:45,MRNA,155.4000,155.4000,154.9300,155.1700,21522.0000,155.1970,68
2026-08-19 20:13:50,MRNA,155.0200,155.4900,154.8300,155.3200,11892.0000,155.2380,71
2026-08-19 20:13:55,MRNA,155.1800,155.7800,154.8300,155.3100,36208.0000,155.3630,186
2026-08-19 20:14:00,MRNA,155.2200,155.7600,155.1200,155.6400,15670.0000,155.4190,54
2026-08-19 20:14:05,MRNA,155.6500,155.9200,155.5400,155.7700,36510.0000,155.7550,165
2026-08-19 20:14:10,MRNA,155.7200,155.9200,155.6900,155.8900,13882.0000,155.8260,61
2026-08-19 20:14:15,MRNA,155.8800,155.9900,155.8300,155.8900,14334.0000,155.8950,81
2026-08-19 20:14:20,MRNA,155.8900,156.3200,155.7000,155.7300,80435.0000,156.0140,288
2026-08-19 20:14:25,MRNA,155.7800,156.3000,155.6500,156.3000,15627.0000,155.8720,79
2026-08-19 20:14:30,MRNA,156.2100,156.3200,155.8100,155.9800,24784.0000,156.0000,112
2026-08-19 20:14:35,MRNA,156.0300,156.1000,155.8700,156.0500,20358.0000,155.9690,88
2026-08-19 20:14:40,MRNA,156.0300,156.4500,156.0000,156.2000,14173.0000,156.2260,55
2026-08-19 20:14:45,MRNA,156.3200,156.4500,156.1900,156.4500,10496.0000,156.3340,53
2026-08-19 20:14:50,MRNA,156.4500,156.5000,156.0200,156.2300,29539.0000,156.2590,103
2026-08-19 20:14:55,MRNA,156.1800,156.4000,156.1800,156.4000,12942.0000,156.2710,51
2026-08-19 20:15:00,MRNA,156.3600,156.4900,156.1900,156.2600,15163.0000,156.3060,56
2026-08-19 20:15:05,MRNA,156.2700,156.5400,156.2200,156.5000,15712.0000,156.3990,72
2026-08-19 20:15:10,MRNA,156.5800,156.6300,156.4000,156.5700,8688.0000,156.5260,55
2026-08-19 20:15:15,MRNA,156.6200,156.6200,156.3900,156.5700,11906.0000,156.5060,75
2026-08-19 20:15:20,MRNA,156.4700,156.6000,156.3100,156.3600,17575.0000,156.4170,60
2026-08-19 20:15:25,MRNA,156.3400,156.3700,156.0300,156.0300,26274.0000,156.1610,97
2026-08-19 20:15:30,MRNA,156.0300,156.4900,156.0200,156.4900,25581.0000,156.3150,69
2026-08-19 20:15:35,MRNA,156.3500,156.7400,156.3500,156.6400,19793.0000,156.5950,71
2026-08-19 20:15:40,MRNA,156.6100,156.6700,156.2100,156.4200,19683.0000,156.4000,64
2026-08-19 20:15:45,MRNA,156.5700,156.7400,156.3300,156.6400,13201.0000,156.6290,47
2026-08-19 20:15:50,MRNA,156.6400,156.7300,156.5500,156.6700,7036.0000,156.6620,34
2026-08-19 20:15:55,MRNA,156.6700,156.7700,156.5300,156.6400,21479.0000,156.6460,69
2026-08-19 20:16:00,MRNA,156.6000,156.9600,156.6000,156.8100,27522.0000,156.7970,138
2026-08-19 20:16:05,MRNA,156.7100,156.9000,156.7100,156.8700,7917.0000,156.8350,43
2026-08-19 20:16:10,MRNA,156.8700,157.3600,156.8200,156.9300,57516.0000,157.0520,221
2026-08-19 20:16:15,MRNA,156.9400,157.2400,156.9000,157.1600,18957.0000,157.0870,79
2026-08-19 20:16:20,MRNA,157.1800,157.2500,157.0700,157.1300,10329.0000,157.1520,47
2026-08-19 20:16:25,MRNA,157.2100,157.2600,157.0300,157.0700,20621.0000,157.1900,72
2026-08-19 20:16:30,MRNA,157.0200,157.4700,156.9200,157.4100,45255.0000,157.2040,183
2026-08-19 20:16:35,MRNA,157.3500,157.4500,157.0000,157.2600,34971.0000,157.2260,179
2026-08-19 20:16:40,MRNA,157.1000,157.3700,156.7400,156.7400,31542.0000,157.0380,126
2026-08-19 20:16:45,MRNA,156.7300,156.8700,156.5500,156.7400,13628.0000,156.7100,73
2026-08-19 20:16:50,MRNA,156.6500,157.0500,156.6500,157.0400,8472.0000,156.8530,53
2026-08-19 20:16:55,MRNA,157.0700,157.0800,156.7200,156.7200,16620.0000,156.8720,95
2026-08-19 20:17:00,MRNA,156.8700,157.0000,156.7000,156.8000,8077.0000,156.8420,33
2026-08-19 20:17:05,MRNA,156.7100,157.0000,156.7100,156.8300,15936.0000,156.9240,39
2026-08-19 20:17:10,MRNA,156.8300,156.9200,156.7500,156.9200,8875.0000,156.8270,33
2026-08-19 20:17:15,MRNA,156.8000,156.8700,156.3300,156.3500,27415.0000,156.5800,145
2026-08-19 20:17:20,MRNA,156.4900,156.9800,155.8700,156.8100,83264.0000,156.4910,285
2026-08-19 20:17:25,MRNA,156.7400,157.1500,156.6900,157.0000,23474.0000,156.9720,83
2026-08-19 20:17:30,MRNA,157.0400,157.3000,156.9500,157.1900,18115.0000,157.0860,86
2026-08-19 20:17:35,MRNA,157.0900,157.2600,157.0000,157.1200,12302.0000,157.0700,46
2026-08-19 20:17:40,MRNA,157.1600,157.1800,157.0100,157.0100,14333.0000,157.0770,26
2026-08-19 20:17:45,MRNA,157.0200,157.3000,157.0200,157.2800,11029.0000,157.1680,57
2026-08-19 20:17:50,MRNA,157.2200,157.3100,157.1400,157.1600,17087.0000,157.2320,53
2026-08-19 20:17:55,MRNA,157.1900,157.3500,157.1400,157.2400,14453.0000,157.2500,78
2026-08-19 20:18:00,MRNA,157.3900,157.8000,156.9400,157.5300,90176.0000,157.3900,373
2026-08-19 20:18:05,MRNA,157.5500,157.8700,157.4000,157.5400,25067.0000,157.6220,123
2026-08-19 20:18:10,MRNA,157.4100,157.7000,157.3700,157.6300,11182.0000,157.5600,64
2026-08-19 20:18:15,MRNA,157.6200,157.6600,156.9000,157.2200,40699.0000,157.3300,135
2026-08-19 20:18:20,MRNA,157.2500,157.4000,157.0000,157.0500,10802.0000,157.1980,49
2026-08-19 20:18:25,MRNA,157.1700,157.2400,157.0000,157.2100,11099.0000,157.1410,42
2026-08-19 20:18:30,MRNA,157.2300,157.2300,157.0500,157.1400,12116.0000,157.1230,56
2026-08-19 20:18:35,MRNA,157.1400,157.1400,156.5300,156.6600,27474.0000,156.8180,120
2026-08-19 20:18:40,MRNA,156.5600,156.7000,156.4000,156.7000,19266.0000,156.5520,81
2026-08-19 20:18:45,MRNA,156.6200,156.8900,156.5900,156.7700,10657.0000,156.7340,44
2026-08-19 20:18:50,MRNA,156.7700,156.8200,156.3800,156.3900,7974.0000,156.5700,49
2026-08-19 20:18:55,MRNA,156.3800,156.7900,156.3600,156.5600,19831.0000,156.6370,66
2026-08-19 20:19:00,MRNA,156.4600,156.8400,156.4600,156.7500,8690.0000,156.7150,41
2026-08-19 20:19:05,MRNA,156.8000,157.1900,156.7900,157.0400,16892.0000,156.9970,68
2026-08-19 20:19:10,MRNA,157.0900,157.2800,157.0300,157.0800,15558.0000,157.1560,52
2026-08-19 20:19:15,MRNA,157.0000,157.1100,156.6100,156.7500,23669.0000,156.8880,123
2026-08-19 20:19:20,MRNA,156.7600,156.8000,156.5800,156.5800,12665.0000,156.7380,36
2026-08-19 20:19:25,MRNA,156.8700,157.2200,156.7000,157.0600,40593.0000,156.9910,71
2026-08-19 20:19:30,MRNA,157.0000,157.0600,156.7000,156.7700,6747.0000,156.8820,35
2026-08-19 20:19:35,MRNA,156.6900,156.8000,156.6000,156.6000,16496.0000,156.6380,59
2026-08-19 20:19:40,MRNA,156.6300,156.8400,156.4300,156.5300,13746.0000,156.6170,81
2026-08-19 20:19:45,MRNA,156.4000,156.5500,155.8500,156.0900,40769.0000,156.0570,166
2026-08-19 20:19:50,MRNA,156.0000,156.2500,155.6000,155.8500,30199.0000,155.8000,82
2026-08-19 20:19:55,MRNA,155.6100,155.7000,154.8900,155.1600,82509.0000,155.0870,233
2026-08-19 20:20:00,MRNA,155.0600,155.1600,154.7000,155.0700,33938.0000,154.9620,147
2026-08-19 20:20:05,MRNA,155.0600,155.1400,154.7500,154.9600,22199.0000,154.9090,90
2026-08-19 20:20:10,MRNA,154.7200,155.0700,154.6700,154.7100,30565.0000,154.8460,132
2026-08-19 20:20:15,MRNA,154.7700,155.7100,154.6700,155.5000,51435.0000,155.1350,241
2026-08-19 20:20:20,MRNA,155.5100,155.7100,155.4200,155.5900,12615.0000,155.5470,43
2026-08-19 20:20:25,MRNA,155.6000,155.6000,154.8600,155.0800,11615.0000,155.1700,71
2026-08-19 20:20:30,MRNA,154.9700,155.3000,154.6300,154.7000,21546.0000,154.7650,107
2026-08-19 20:20:35,MRNA,154.7600,154.8100,154.1900,154.4700,28337.0000,154.4390,180
2026-08-19 20:20:40,MRNA,154.4800,154.7200,154.0500,154.0700,20484.0000,154.3540,69
2026-08-19 20:20:45,MRNA,154.4700,154.4700,153.7400,154.3300,37356.0000,154.1130,154
2026-08-19 20:20:50,MRNA,154.3200,154.7300,153.9600,154.5000,39961.0000,154.4320,190
2026-08-19 20:20:55,MRNA,154.4800,154.9500,154.4100,154.9000,10167.0000,154.7160,47
2026-08-19 20:21:00,MRNA,154.8100,155.1500,154.6600,155.0100,15821.0000,154.9270,68
2026-08-19 20:21:05,MRNA,154.9100,155.0600,154.8100,154.9700,10175.0000,154.9140,51
2026-08-19 20:21:10,MRNA,155.0100,155.1800,154.8500,155.0900,9993.0000,155.0550,39
2026-08-19 20:21:15,MRNA,155.0800,155.5900,154.9500,155.4000,22479.0000,155.3670,61
2026-08-19 20:21:20,MRNA,155.4100,155.4300,155.0000,155.1100,13671.0000,155.2410,68
2026-08-19 20:21:25,MRNA,155.1100,155.1200,154.9300,154.9700,10477.0000,155.0400,50
2026-08-19 20:21:30,MRNA,154.9500,155.1700,154.8400,155.0800,7464.0000,155.0470,46
2026-08-19 20:21:35,MRNA,155.0000,155.0900,154.7600,154.7600,15035.0000,154.9440,72
2026-08-19 20:21:40,MRNA,154.7900,155.2400,154.5300,154.7800,24373.0000,154.7950,121
2026-08-19 20:21:45,MRNA,154.7700,154.8600,154.6100,154.7000,6905.0000,154.7390,36
2026-08-19 20:21:50,MRNA,154.6500,154.9600,154.6000,154.7700,6800.0000,154.8080,35
2026-08-19 20:21:55,MRNA,154.8300,154.8900,154.5900,154.7500,10144.0000,154.8130,27
2026-08-19 20:22:00,MRNA,154.6800,154.6800,153.7600,153.9100,41919.0000,154.1800,224
2026-08-19 20:22:05,MRNA,153.7600,154.2400,153.7600,154.0200,12343.0000,154.0140,64
2026-08-19 20:22:10,MRNA,154.2500,154.3900,154.0200,154.2000,9652.0000,154.1680,36
2026-08-19 20:22:15,MRNA,154.2200,154.4800,153.8500,153.8600,30820.0000,154.1690,151
2026-08-19 20:22:20,MRNA,153.9600,153.9600,153.3700,153.4000,19085.0000,153.7260,93
2026-08-19 20:22:25,MRNA,153.4200,153.6200,153.2600,153.3700,24115.0000,153.4270,101
2026-08-19 20:22:30,MRNA,153.4700,153.6700,153.2600,153.4700,17777.0000,153.4730,74
2026-08-19 20:22:35,MRNA,153.4900,154.1300,153.3400,153.9900,14660.0000,153.7500,70
2026-08-19 20:22:40,MRNA,154.0300,154.2900,153.7400,154.0300,16167.0000,153.9530,94
2026-08-19 20:22:45,MRNA,154.0300,154.1600,153.8200,153.8500,13323.0000,153.9300,68
2026-08-19 20:22:50,MRNA,153.9000,154.4000,153.8000,154.2400,9411.0000,154.0380,39
2026-08-19 20:22:55,MRNA,154.3700,154.5000,154.2000,154.3900,19368.0000,154.4100,100
2026-08-19 20:23:00,MRNA,154.3200,154.3500,154.0700,154.1000,6206.0000,154.1730,38
2026-08-19 20:23:05,MRNA,154.0800,154.2800,154.0100,154.2000,7960.0000,154.1260,49
2026-08-19 20:23:10,MRNA,154.2900,155.0000,154.2000,154.9500,25422.0000,154.6160,138
2026-08-19 20:23:15,MRNA,154.8800,155.1900,154.8000,154.9900,23645.0000,155.0360,111
2026-08-19 20:23:20,MRNA,154.8100,155.1500,154.6100,154.9900,8738.0000,154.8930,42
2026-08-19 20:23:25,MRNA,154.9000,155.1900,154.8700,155.0000,12581.0000,155.0340,63
2026-08-19 20:23:30,MRNA,155.0300,155.0900,154.9200,154.9300,13317.0000,155.0360,42
2026-08-19 20:23:35,MRNA,155.0000,155.1200,154.8200,154.8300,12918.0000,154.9800,75
2026-08-19 20:23:40,MRNA,154.9700,155.0000,154.9000,154.9900,2127.0000,154.9630,12
2026-08-19 20:23:45,MRNA,154.9200,154.9300,154.7000,154.7800,6320.0000,154.8090,41
2026-08-19 20:23:50,MRNA,154.7400,154.8300,154.4900,154.8000,7783.0000,154.6510,45
2026-08-19 20:23:55,MRNA,154.7800,154.7900,154.3900,154.5100,6773.0000,154.6200,37
2026-08-19 20:24:00,MRNA,154.7700,154.9900,154.6500,154.8500,5805.0000,154.7900,21
2026-08-19 20:24:05,MRNA,154.9900,154.9900,154.7900,154.8200,7463.0000,154.8900,39
2026-08-19 20:24:10,MRNA,154.8700,154.9600,154.7900,154.9200,7282.0000,154.8490,38
2026-08-19 20:24:15,MRNA,154.9400,155.1500,154.8800,155.0900,18154.0000,154.9980,86
2026-08-19 20:24:20,MRNA,155.0900,155.1900,155.0300,155.0600,8812.0000,155.1100,51
2026-08-19 20:24:25,MRNA,155.0600,155.3900,155.0600,155.3800,24711.0000,155.2280,79
2026-08-19 20:24:30,MRNA,155.3800,156.5000,155.3700,156.3800,58952.0000,156.0910,193
2026-08-19 20:24:35,MRNA,156.4200,156.6500,156.3500,156.5900,26355.0000,156.5620,104
2026-08-19 20:24:40,MRNA,156.5800,156.7500,156.5400,156.6200,19400.0000,156.6080,86
2026-08-19 20:24:45,MRNA,156.6500,156.9100,156.6200,156.7100,19572.0000,156.7510,96
2026-08-19 20:24:50,MRNA,156.8500,157.0000,156.8300,156.8700,38119.0000,156.9560,138
2026-08-19 20:24:55,MRNA,156.9300,156.9900,156.3000,156.4200,55940.0000,156.6140,245
2026-08-19 20:25:00,MRNA,156.5400,156.5400,156.0200,156.1600,30299.0000,156.2380,132
2026-08-19 20:25:05,MRNA,156.4300,156.6200,156.3000,156.6000,7683.0000,156.4680,44
2026-08-19 20:25:10,MRNA,156.5200,156.8900,156.4500,156.8900,10796.0000,156.5890,55
2026-08-19 20:25:15,MRNA,156.9000,156.9000,156.7000,156.8200,10210.0000,156.7930,43
2026-08-19 20:25:20,MRNA,156.8200,156.9900,156.7100,156.9900,12955.0000,156.8380,64
2026-08-19 20:25:25,MRNA,156.9600,157.0300,156.6900,156.7600,46756.0000,156.9430,238
2026-08-19 20:25:30,MRNA,156.7800,157.0000,156.7800,157.0000,12463.0000,156.9300,58
2026-08-19 20:25:35,MRNA,156.9500,157.3400,156.9500,157.2400,20174.0000,157.1870,108
2026-08-19 20:25:40,MRNA,157.2600,157.3300,157.1100,157.1800,15623.0000,157.2440,69
2026-08-19 20:25:45,MRNA,157.2000,157.3300,156.9700,157.0600,26586.0000,157.0670,98
2026-08-19 20:25:50,MRNA,157.0900,157.1000,156.9000,156.9800,16239.0000,157.0130,81
2026-08-19 20:25:55,MRNA,157.0200,157.2000,156.9000,157.1900,9286.0000,157.0510,51
2026-08-19 20:26:00,MRNA,157.1400,157.1600,157.0900,157.1500,4416.0000,157.1260,21
2026-08-19 20:26:05,MRNA,157.1200,157.3300,157.1100,157.2600,7497.0000,157.2670,44
2026-08-19 20:26:10,MRNA,157.1900,157.2800,156.8400,156.8700,28104.0000,156.9960,150
2026-08-19 20:26:15,MRNA,156.9500,157.6800,156.9200,157.5800,46922.0000,157.4140,142
2026-08-19 20:26:20,MRNA,157.5900,158.0000,157.4500,157.9300,83240.0000,157.8600,243
2026-08-19 20:26:25,MRNA,157.8600,157.9900,156.9200,157.1300,78102.0000,157.6740,414
2026-08-19 20:26:30,MRNA,157.1400,157.1800,156.6900,156.8400,19950.0000,156.8760,93
2026-08-19 20:26:35,MRNA,156.8800,156.9400,156.1600,156.3700,24645.0000,156.4650,121
2026-08-19 20:26:40,MRNA,156.4400,156.4400,155.7400,155.9200,30634.0000,155.9940,113
2026-08-19 20:26:45,MRNA,155.8800,156.1000,155.6400,156.1000,17743.0000,155.8390,96
2026-08-19 20:26:50,MRNA,155.8700,156.4200,155.8700,156.4200,10332.0000,156.1550,43
2026-08-19 20:26:55,MRNA,156.3300,157.0000,156.3300,156.6400,11976.0000,156.6940,48
2026-08-19 20:27:00,MRNA,156.6700,156.7700,156.5100,156.6400,8644.0000,156.6700,37
2026-08-19 20:27:05,MRNA,156.6400,156.7400,156.5000,156.6100,12990.0000,156.6290,59
2026-08-19 20:27:10,MRNA,156.6100,157.1100,156.5800,157.0300,8644.0000,156.8710,48
2026-08-19 20:27:15,MRNA,157.0600,157.2100,156.8800,157.1900,10866.0000,157.0650,58
2026-08-19 20:27:20,MRNA,157.0900,157.4400,156.9800,157.0400,13293.0000,157.2490,78
2026-08-19 20:27:25,MRNA,156.9500,156.9500,156.5900,156.7500,13680.0000,156.7290,62
2026-08-19 20:27:30,MRNA,156.6800,156.6900,156.3900,156.5900,9842.0000,156.5320,32
2026-08-19 20:27:35,MRNA,156.5100,156.5300,156.2600,156.4900,17084.0000,156.4290,43
2026-08-19 20:27:40,MRNA,156.4700,156.5800,155.8500,155.9800,20722.0000,156.2530,85
2026-08-19 20:27:45,MRNA,155.9400,155.9400,155.7200,155.8500,12661.0000,155.7670,47
2026-08-19 20:27:50,MRNA,155.9600,155.9600,155.5700,155.6500,13773.0000,155.7440,83
2026-08-19 20:27:55,MRNA,155.6500,155.8300,155.5600,155.8100,10577.0000,155.6700,36
2026-08-19 20:28:00,MRNA,155.8700,155.8800,155.7000,155.7800,6872.0000,155.7740,30
2026-08-19 20:28:05,MRNA,155.8200,156.4000,155.7500,156.1300,12674.0000,156.1260,51
2026-08-19 20:28:10,MRNA,156.2600,156.4000,155.9000,156.0700,6866.0000,156.1540,46
2026-08-19 20:28:15,MRNA,155.9600,156.1100,155.7100,155.8300,6764.0000,155.9010,40
2026-08-19 20:28:20,MRNA,155.8200,156.1400,155.7100,155.9200,13083.0000,155.8760,36
2026-08-19 20:28:25,MRNA,155.8700,155.9800,155.7300,155.8500,2376.0000,155.8020,21
2026-08-19 20:28:30,MRNA,155.7400,155.8500,155.7200,155.8500,2480.0000,155.7910,12
2026-08-19 20:28:35,MRNA,155.8200,155.9800,155.5600,155.6200,15028.0000,155.6960,60
2026-08-19 20:28:40,MRNA,155.8200,156.0000,155.8200,155.8800,5345.0000,155.9280,28
2026-08-19 20:28:45,MRNA,155.9100,156.0900,155.9100,155.9800,5751.0000,155.9730,35
2026-08-19 20:28:50,MRNA,156.0100,156.0900,155.8400,156.0200,4962.0000,155.9400,27
2026-08-19 20:28:55,MRNA,155.9400,156.0400,155.6800,155.9100,16378.0000,155.8140,57
2026-08-19 20:29:00,MRNA,155.7800,155.9200,155.6800,155.8100,8365.0000,155.8440,31
2026-08-19 20:29:05,MRNA,155.8100,155.9300,155.7100,155.7800,4276.0000,155.8330,31
2026-08-19 20:29:10,MRNA,155.7500,155.8500,155.7000,155.8400,5053.0000,155.7910,24
2026-08-19 20:29:15,MRNA,155.8100,155.8400,155.7200,155.7200,3392.0000,155.8050,8
2026-08-19 20:29:20,MRNA,155.8100,155.8500,155.2400,155.7100,47831.0000,155.5350,114
2026-08-19 20:29:25,MRNA,155.7600,156.3400,155.7100,156.2000,21522.0000,155.9960,57
2026-08-19 20:29:30,MRNA,156.2000,156.3400,156.1500,156.2600,8533.0000,156.2440,32
2026-08-19 20:29:35,MRNA,156.3000,156.9200,156.1800,156.8100,19469.0000,156.6350,81
2026-08-19 20:29:40,MRNA,156.8000,156.9100,156.7400,156.8100,8781.0000,156.8030,45
2026-08-19 20:29:45,MRNA,156.8900,156.9400,156.7000,156.7900,13511.0000,156.8250,67
2026-08-19 20:29:50,MRNA,156.8600,156.9800,156.8200,156.9100,6981.0000,156.8920,34
2026-08-19 20:29:55,MRNA,156.9200,157.0500,156.6500,156.6600,56090.0000,156.8780,173
2026-08-19 20:30:00,MRNA,156.7000,156.7300,156.1100,156.2100,19527.0000,156.4410,102
2026-08-19 20:30:05,MRNA,156.1100,156.1900,155.9200,156.1900,11670.0000,155.9910,76
2026-08-19 20:30:10,MRNA,155.9200,156.1900,155.7500,155.9600,14050.0000,155.9750,83
2026-08-19 20:30:15,MRNA,155.9600,156.1800,155.7400,155.8700,2798.0000,155.9160,13
2026-08-19 20:30:20,MRNA,155.8200,155.8600,155.5300,155.5900,8932.0000,155.6640,51
2026-08-19 20:30:25,MRNA,155.5300,155.8600,155.5300,155.8300,8167.0000,155.7050,39
2026-08-19 20:30:30,MRNA,155.8400,156.4100,155.8200,156.3900,13641.0000,156.1270,56
2026-08-19 20:30:35,MRNA,156.2500,156.4100,156.2200,156.2700,9308.0000,156.3220,61
2026-08-19 20:30:40,MRNA,156.3500,156.4900,156.3000,156.3100,3404.0000,156.3810,23
2026-08-19 20:30:45,MRNA,156.4500,156.7000,156.3100,156.5600,8060.0000,156.5060,27
2026-08-19 20:30:50,MRNA,156.5600,156.7400,156.5000,156.6800,8799.0000,156.6640,42
2026-08-19 20:30:55,MRNA,156.6400,156.7800,156.5200,156.6600,11826.0000,156.6050,65
2026-08-19 20:31:00,MRNA,156.6600,156.8500,156.5600,156.6600,7371.0000,156.7140,49
2026-08-19 20:31:05,MRNA,156.6400,156.6600,156.0000,156.2600,68159.0000,156.4060,168
2026-08-19 20:31:10,MRNA,156.2600,156.4200,156.2000,156.2700,3911.0000,156.2670,15
2026-08-19 20:31:15,MRNA,156.3400,156.4300,156.2400,156.2600,5891.0000,156.3080,29
2026-08-19 20:31:20,MRNA,156.3200,156.3200,156.0000,156.0900,9621.0000,156.1310,42
2026-08-19 20:31:25,MRNA,156.0900,156.1200,155.6100,155.6600,18777.0000,155.8310,89
2026-08-19 20:31:30,MRNA,155.6600,155.8500,155.6300,155.8500,5062.0000,155.7520,27
2026-08-19 20:31:35,MRNA,155.8500,156.1900,155.7300,156.1600,8715.0000,155.9250,59
2026-08-19 20:31:40,MRNA,156.1500,156.3000,155.8500,155.9100,17443.0000,156.0850,99
2026-08-19 20:31:45,MRNA,155.8600,155.9400,155.7900,155.8300,1420.0000,155.8500,7
2026-08-19 20:31:50,MRNA,155.9000,155.9100,155.6600,155.6900,6537.0000,155.7580,37
2026-08-19 20:31:55,MRNA,155.7900,155.8800,155.6400,155.7600,6342.0000,155.7720,22
2026-08-19 20:32:00,MRNA,155.8100,155.8800,155.7500,155.8400,4923.0000,155.8100,18
2026-08-19 20:32:05,MRNA,155.8700,156.2000,155.6500,155.9400,12913.0000,155.8080,81
2026-08-19 20:32:10,MRNA,156.0500,156.3000,155.8800,156.0600,4481.0000,156.1080,21
2026-08-19 20:32:15,MRNA,156.1000,156.1700,155.8800,156.0700,4731.0000,156.0350,17
2026-08-19 20:32:20,MRNA,155.8800,156.1500,155.8600,156.0000,8439.0000,156.0220,39
2026-08-19 20:32:25,MRNA,156.0300,156.0300,155.6000,155.6100,14157.0000,155.7280,62
2026-08-19 20:32:30,MRNA,155.7500,155.8400,155.5500,155.6000,8082.0000,155.6990,47
2026-08-19 20:32:35,MRNA,155.5300,155.9100,155.3000,155.6900,19424.0000,155.5320,93
2026-08-19 20:32:40,MRNA,155.6500,155.8400,155.6500,155.7500,4400.0000,155.7460,29
2026-08-19 20:32:45,MRNA,155.8000,155.9500,155.7200,155.8100,3410.0000,155.8020,17
2026-08-19 20:32:50,MRNA,155.8400,156.0000,155.8100,155.9500,4157.0000,155.8720,17
2026-08-19 20:32:55,MRNA,155.9900,156.2300,155.8700,156.1300,12187.0000,156.0540,46
2026-08-19 20:33:00,MRNA,156.2200,156.2900,155.8100,155.8300,4910.0000,156.0280,30
2026-08-19 20:33:05,MRNA,155.7600,156.1100,155.7500,156.0600,7062.0000,155.9150,35
2026-08-19 20:33:10,MRNA,156.0000,156.1500,155.8500,156.0000,5960.0000,156.0140,26
2026-08-19 20:33:15,MRNA,155.9500,156.3500,155.8500,156.2500,9650.0000,156.1710,43
2026-08-19 20:33:20,MRNA,156.2000,156.3500,156.0700,156.0700,10066.0000,156.1920,59
2026-08-19 20:33:25,MRNA,156.1300,156.2200,155.7300,155.9700,10464.0000,155.9930,50
2026-08-19 20:33:30,MRNA,155.8400,156.0100,155.7300,155.7400,4236.0000,155.8470,22
2026-08-19 20:33:35,MRNA,155.8300,155.9300,155.7300,155.8200,2818.0000,155.8270,11
2026-08-19 20:33:40,MRNA,155.9300,156.1000,155.8500,156.1000,5792.0000,155.9380,28
2026-08-19 20:33:45,MRNA,156.0600,156.2000,156.0600,156.1300,5065.0000,156.1200,14
2026-08-19 20:33:50,MRNA,156.2000,156.3500,156.0200,156.1600,12921.0000,156.1780,64
2026-08-19 20:33:55,MRNA,156.0800,156.1400,155.9600,156.0300,5280.0000,156.0400,36
2026-08-19 20:34:00,MRNA,156.1200,156.2800,156.0000,156.1200,7586.0000,156.1940,21
2026-08-19 20:34:05,MRNA,156.2800,156.2800,156.0400,156.0800,10956.0000,156.1330,55
2026-08-19 20:34:10,MRNA,156.1600,156.6600,155.9000,156.3000,38730.0000,156.3020,213
2026-08-19 20:34:15,MRNA,156.4100,156.4600,156.1800,156.2500,5745.0000,156.2980,34
2026-08-19 20:34:20,MRNA,156.3600,156.5000,156.2500,156.4200,3938.0000,156.4110,24
2026-08-19 20:34:25,MRNA,156.5000,156.5000,156.3100,156.4000,2643.0000,156.4040,16
2026-08-19 20:34:30,MRNA,156.5000,156.5000,156.3300,156.4900,12414.0000,156.4260,38
2026-08-19 20:34:35,MRNA,156.3800,156.6000,156.3800,156.6000,6773.0000,156.4770,28
2026-08-19 20:34:40,MRNA,156.5300,156.9500,156.5200,156.7900,23917.0000,156.7490,93
2026-08-19 20:34:45,MRNA,156.8300,156.9700,156.8000,156.8100,12220.0000,156.8870,40
2026-08-19 20:34:50,MRNA,156.9000,157.4900,156.8000,157.1900,47025.0000,157.1340,190
2026-08-19 20:34:55,MRNA,157.1500,157.3100,156.9900,157.2300,10712.0000,157.1280,47
2026-08-19 20:35:00,MRNA,157.1200,157.2200,156.8700,157.1400,9928.0000,157.0460,68
2026-08-19 20:35:05,MRNA,157.2800,157.3800,157.0000,157.2600,20554.0000,157.1710,87
2026-08-19 20:35:10,MRNA,157.2500,157.3800,157.1500,157.3800,8009.0000,157.2790,42
2026-08-19 20:35:15,MRNA,157.2900,157.4400,157.0900,157.2800,14021.0000,157.2260,88
2026-08-19 20:35:20,MRNA,157.3400,157.4600,157.2300,157.4100,7393.0000,157.3110,30
2026-08-19 20:35:25,MRNA,157.4100,157.7700,157.3300,157.5000,46081.0000,157.5630,245
2026-08-19 20:35:30,MRNA,157.5000,157.6100,157.3600,157.4500,22959.0000,157.4880,84
2026-08-19 20:35:35,MRNA,157.4300,157.6500,157.4300,157.6300,35192.0000,157.5750,152
2026-08-19 20:35:40,MRNA,157.5800,157.5900,157.4100,157.4900,15298.0000,157.4770,86
2026-08-19 20:35:45,MRNA,157.4600,157.4900,157.2700,157.3400,8572.0000,157.3700,62
2026-08-19 20:35:50,MRNA,157.3400,157.5000,157.2900,157.4900,7746.0000,157.4340,32
2026-08-19 20:35:55,MRNA,157.4900,157.6400,157.3900,157.5700,13161.0000,157.5020,91
2026-08-19 20:36:00,MRNA,157.6100,157.7300,157.4900,157.7300,18852.0000,157.6000,117
2026-08-19 20:36:05,MRNA,157.7600,157.9900,157.6600,157.9900,33566.0000,157.8870,131
2026-08-19 20:36:10,MRNA,157.9500,158.2200,157.9100,158.1600,84966.0000,158.0500,268
2026-08-19 20:36:15,MRNA,158.1100,158.7000,158.0400,158.2000,68665.0000,158.3610,370
2026-08-19 20:36:20,MRNA,158.2200,158.4400,157.9700,158.3700,29777.0000,158.1960,139
2026-08-19 20:36:25,MRNA,158.2900,158.6700,158.2100,158.6700,17317.0000,158.3350,68
2026-08-19 20:36:30,MRNA,158.6900,158.6900,158.4100,158.6700,14732.0000,158.5430,69
2026-08-19 20:36:35,MRNA,158.5800,158.6800,158.4300,158.6000,34331.0000,158.5680,100
2026-08-19 20:36:40,MRNA,158.5100,158.6700,158.2800,158.4200,28366.0000,158.4690,110
2026-08-19 20:36:45,MRNA,158.4200,158.4800,157.8500,157.8500,31874.0000,158.2040,146
2026-08-19 20:36:50,MRNA,157.9100,158.1200,157.6800,157.7700,21650.0000,157.8700,93
2026-08-19 20:36:55,MRNA,157.9900,157.9900,157.6800,157.8000,11788.0000,157.7790,32
2026-08-19 20:37:00,MRNA,157.8600,158.0900,157.7400,158.0000,13020.0000,157.9730,45
2026-08-19 20:37:05,MRNA,158.0000,158.0900,157.6800,157.8300,15651.0000,157.8750,74
2026-08-19 20:37:10,MRNA,157.8600,157.9200,157.5500,157.6700,15905.0000,157.7780,81
2026-08-19 20:37:15,MRNA,157.5900,157.7000,157.5500,157.6300,7119.0000,157.6170,34
2026-08-19 20:37:20,MRNA,157.5700,157.7300,157.5100,157.5300,11145.0000,157.5890,67
2026-08-19 20:37:25,MRNA,157.6300,157.6400,157.4000,157.5500,17267.0000,157.4890,96
2026-08-19 20:37:30,MRNA,157.4900,157.6800,157.4800,157.6600,7449.0000,157.5390,28
2026-08-19 20:37:35,MRNA,157.6000,157.7500,157.4900,157.6100,14721.0000,157.6080,29
2026-08-19 20:37:40,MRNA,157.6100,157.6100,157.3800,157.3800,7999.0000,157.4530,35
2026-08-19 20:37:45,MRNA,157.4400,157.5000,157.0200,157.1800,10739.0000,157.2110,63
2026-08-19 20:37:50,MRNA,157.3300,157.4400,157.1700,157.3400,8993.0000,157.3170,34
2026-08-19 20:37:55,MRNA,157.3700,157.4100,156.3200,156.4400,73853.0000,156.7440,314
2026-08-19 20:38:00,MRNA,156.7100,156.7200,156.2700,156.3900,17053.0000,156.4670,87
2026-08-19 20:38:05,MRNA,156.4600,156.5400,156.1000,156.1900,8935.0000,156.2980,46
2026-08-19 20:38:10,MRNA,156.1000,156.4400,156.0500,156.0600,14354.0000,156.2120,86
2026-08-19 20:38:15,MRNA,156.1100,156.2900,156.0500,156.2900,9788.0000,156.1300,50
2026-08-19 20:38:20,MRNA,156.2000,156.7100,156.0800,156.5600,11368.0000,156.4880,48
2026-08-19 20:38:25,MRNA,156.5300,157.4600,156.5300,157.0600,49538.0000,156.9720,319
2026-08-19 20:38:30,MRNA,157.0400,157.2800,156.9700,157.0700,12503.0000,157.1190,52
2026-08-19 20:38:35,MRNA,157.1700,157.2100,157.0300,157.0800,7248.0000,157.1190,27
2026-08-19 20:38:40,MRNA,157.0000,157.0900,156.8600,157.0600,10676.0000,157.0010,49
2026-08-19 20:38:45,MRNA,156.9500,157.0300,156.8500,157.0300,4011.0000,156.9670,17
2026-08-19 20:38:50,MRNA,157.0700,157.2000,156.9600,157.2000,7444.0000,157.0660,33
2026-08-19 20:38:55,MRNA,157.1000,157.1300,156.8800,156.9600,6726.0000,156.9990,30
2026-08-19 20:39:00,MRNA,156.9400,157.3000,156.9000,157.1500,7676.0000,157.0420,43
2026-08-19 20:39:05,MRNA,157.3000,157.4800,157.1300,157.1500,12644.0000,157.3650,44
2026-08-19 20:39:10,MRNA,157.1100,157.4800,157.0000,157.1900,14025.0000,157.1720,73
2026-08-19 20:39:15,MRNA,157.2000,157.2800,157.1100,157.2700,7191.0000,157.1790,40
2026-08-19 20:39:20,MRNA,157.1900,157.5500,157.0900,157.5300,4748.0000,157.4040,23
2026-08-19 20:39:25,MRNA,157.3400,157.5900,157.2900,157.3900,10161.0000,157.4130,44
2026-08-19 20:39:30,MRNA,157.3400,157.4400,157.0500,157.2000,14727.0000,157.2030,79
2026-08-19 20:39:35,MRNA,157.2300,157.4100,157.1600,157.4000,5088.0000,157.2600,26
2026-08-19 20:39:40,MRNA,157.4100,157.5000,157.2500,157.4300,6396.0000,157.3960,24
2026-08-19 20:39:45,MRNA,157.2700,157.6000,157.2500,157.4800,8303.0000,157.4190,39
2026-08-19 20:39:50,MRNA,157.4700,158.0000,157.4000,157.8500,50044.0000,157.7930,207
2026-08-19 20:39:55,MRNA,157.8500,158.2100,157.8500,157.9800,30432.0000,158.0210,138
2026-08-19 20:40:00,MRNA,157.9200,158.2000,157.8900,157.9500,28172.0000,158.0540,125
2026-08-19 20:40:05,MRNA,158.0600,158.0700,157.7200,157.8600,11100.0000,157.9210,79
2026-08-19 20:40:10,MRNA,157.8600,157.9200,157.7300,157.8900,12198.0000,157.8330,29
2026-08-19 20:40:15,MRNA,157.7300,157.9400,157.7300,157.8700,4293.0000,157.8830,20
2026-08-19 20:40:20,MRNA,157.8700,157.9500,157.4100,157.4100,17089.0000,157.6510,101
2026-08-19 20:40:25,MRNA,157.5600,157.7200,156.6000,156.7200,31504.0000,157.0930,113
2026-08-19 20:40:30,MRNA,156.6200,157.9000,156.4700,156.8400,32605.0000,156.9170,221
2026-08-19 20:40:35,MRNA,156.8600,157.2500,156.7500,157.1300,10557.0000,156.9810,44
2026-08-19 20:40:40,MRNA,157.2300,157.7900,156.9500,157.1600,6196.0000,157.0540,29
2026-08-19 20:40:45,MRNA,157.0800,157.3000,157.0300,157.1400,3603.0000,157.0990,24
2026-08-19 20:40:50,MRNA,157.1800,157.3900,157.0700,157.1900,7639.0000,157.1910,22
2026-08-19 20:40:55,MRNA,157.1900,157.3800,157.1800,157.3800,2025.0000,157.3100,10
2026-08-19 20:41:00,MRNA,157.2900,157.5900,157.2000,157.5300,5157.0000,157.4360,25
2026-08-19 20:41:05,MRNA,157.5300,157.5900,157.4400,157.5000,9331.0000,157.5210,41
2026-08-19 20:41:10,MRNA,157.5400,157.5900,157.5000,157.5100,2792.0000,157.5450,11
2026-08-19 20:41:15,MRNA,157.5000,157.5500,157.3000,157.3400,7189.0000,157.4550,44
2026-08-19 20:41:20,MRNA,157.3200,157.6000,157.2000,157.5000,9610.0000,157.3540,47
2026-08-19 20:41:25,MRNA,157.4900,157.7500,157.4200,157.6400,8200.0000,157.5750,51
2026-08-19 20:41:30,MRNA,157.6400,157.6500,157.4700,157.5500,6454.0000,157.5580,32
2026-08-19 20:41:35,MRNA,157.5100,157.7900,157.5100,157.6200,11422.0000,157.6960,47
2026-08-19 20:41:40,MRNA,157.6600,157.7700,157.5100,157.5500,14671.0000,157.6580,66
2026-08-19 20:41:45,MRNA,157.6300,157.6300,157.4900,157.5800,8142.0000,157.5610,55
2026-08-19 20:41:50,MRNA,157.6500,157.6500,157.4200,157.4600,7262.0000,157.5050,13
2026-08-19 20:41:55,MRNA,157.4900,157.6500,157.3800,157.4400,7210.0000,157.5560,40
2026-08-19 20:42:00,MRNA,157.4400,157.7500,157.3800,157.6900,8561.0000,157.6350,31
2026-08-19 20:42:05,MRNA,157.7000,158.1600,157.5900,158.1100,38069.0000,157.9460,146
2026-08-19 20:42:10,MRNA,158.1800,158.2500,158.0200,158.0200,26025.0000,158.1410,83
2026-08-19 20:42:15,MRNA,158.1600,158.1700,157.8900,158.1100,22177.0000,158.0060,80
2026-08-19 20:42:20,MRNA,158.0600,158.1500,158.0000,158.0600,8061.0000,158.0610,33
2026-08-19 20:42:25,MRNA,158.0100,158.1400,157.9900,158.1400,5678.0000,158.0540,30
2026-08-19 20:42:30,MRNA,158.1400,158.1500,157.7200,157.7200,14456.0000,158.0070,90
2026-08-19 20:42:35,MRNA,158.0000,158.0000,157.8300,157.8300,8877.0000,157.9160,35
2026-08-19 20:42:40,MRNA,157.8300,158.1200,157.7800,158.0600,7168.0000,157.9950,39
2026-08-19 20:42:45,MRNA,158.0200,158.2600,157.9600,158.1800,9006.0000,158.1250,33
2026-08-19 20:42:50,MRNA,158.1800,158.1800,157.7400,157.8000,12268.0000,157.9550,52
2026-08-19 20:42:55,MRNA,157.8800,158.0000,157.7900,157.9000,8927.0000,157.9020,29
2026-08-19 20:43:00,MRNA,157.9000,157.9800,157.8000,157.9100,2034.0000,157.8970,17
2026-08-19 20:43:05,MRNA,158.0000,158.3300,158.0000,158.1600,9523.0000,158.1800,56
2026-08-19 20:43:10,MRNA,158.1600,158.2700,157.9200,158.0200,14381.0000,158.1170,76
2026-08-19 20:43:15,MRNA,158.0300,158.1700,157.8800,158.0300,6405.0000,158.0450,24
2026-08-19 20:43:20,MRNA,157.9700,158.3800,157.9000,158.2700,5037.0000,158.1790,31
2026-08-19 20:43:25,MRNA,158.1900,158.2900,158.1100,158.2100,6836.0000,158.2090,30
2026-08-19 20:43:30,MRNA,158.2200,158.3000,158.0900,158.1300,10118.0000,158.1770,57
2026-08-19 20:43:35,MRNA,158.2200,158.3700,158.1800,158.2200,6125.0000,158.2400,39
2026-08-19 20:43:40,MRNA,158.2300,158.3500,158.2000,158.3400,9985.0000,158.2500,31
2026-08-19 20:43:45,MRNA,158.2900,158.5000,158.2900,158.5000,11454.0000,158.4020,57
2026-08-19 20:43:50,MRNA,158.4300,158.6000,158.3600,158.5200,11240.0000,158.5150,45
2026-08-19 20:43:55,MRNA,158.5200,158.6500,158.4400,158.4800,22180.0000,158.5170,76
2026-08-19 20:44:00,MRNA,158.4100,158.5400,158.2300,158.2400,11175.0000,158.3790,50
2026-08-19 20:44:05,MRNA,158.3300,158.4000,158.1400,158.2200,13053.0000,158.2710,68
2026-08-19 20:44:10,MRNA,158.1700,158.6000,158.1300,158.6000,9163.0000,158.3200,47
2026-08-19 20:44:15,MRNA,158.5000,158.6800,158.4500,158.6100,15630.0000,158.5900,84
2026-08-19 20:44:20,MRNA,158.6100,158.7400,158.6000,158.6900,15095.0000,158.6840,42
2026-08-19 20:44:25,MRNA,158.7000,158.8000,158.3600,158.3600,34583.0000,158.6480,178
2026-08-19 20:44:30,MRNA,158.3100,158.6800,158.2500,158.3900,14507.0000,158.3740,66
2026-08-19 20:44:35,MRNA,158.3500,158.4300,158.3000,158.4200,6120.0000,158.3540,20
2026-08-19 20:44:40,MRNA,158.5000,158.8800,158.3700,158.8200,17505.0000,158.6720,87
2026-08-19 20:44:45,MRNA,158.8200,158.8800,158.5700,158.7700,17191.0000,158.7350,86
2026-08-19 20:44:50,MRNA,158.7400,158.8700,158.6400,158.8700,17638.0000,158.7690,56
2026-08-19 20:44:55,MRNA,158.8800,159.2500,158.7900,159.0700,90002.0000,159.0250,261
2026-08-19 20:45:00,MRNA,159.1800,159.2300,158.9800,159.0300,21474.0000,159.0550,87
2026-08-19 20:45:05,MRNA,159.0300,159.2400,158.9400,159.2400,24629.0000,159.0540,88
2026-08-19 20:45:10,MRNA,159.1400,159.8000,159.0400,159.5300,60919.0000,159.4350,273
2026-08-19 20:45:15,MRNA,159.5300,159.6600,158.2900,158.6000,52024.0000,158.9830,255
2026-08-19 20:45:20,MRNA,158.2700,158.8000,157.5900,157.7400,55336.0000,158.0840,225
2026-08-19 20:45:25,MRNA,157.6200,157.8000,157.3000,157.6800,32052.0000,157.5110,149
2026-08-19 20:45:30,MRNA,157.6800,158.3300,157.5800,158.0000,25530.0000,157.8900,135
2026-08-19 20:45:35,MRNA,157.9500,158.7000,157.6000,158.3400,69231.0000,158.1540,259
2026-08-19 20:45:40,MRNA,158.2500,158.5000,157.9900,158.2500,7357.0000,158.3390,34
2026-08-19 20:45:45,MRNA,158.3500,158.3600,157.6000,157.6000,12229.0000,157.9840,78
2026-08-19 20:45:50,MRNA,157.6500,157.7400,157.4000,157.4000,16753.0000,157.5570,93
2026-08-19 20:45:55,MRNA,157.5400,157.6300,157.4100,157.5200,16156.0000,157.5130,70
2026-08-19 20:46:00,MRNA,157.5400,157.5800,157.1100,157.2100,15908.0000,157.3720,103
2026-08-19 20:46:05,MRNA,157.1300,157.3800,156.8900,157.2800,46563.0000,157.1550,157
2026-08-19 20:46:10,MRNA,157.3300,157.6500,157.1700,157.1700,34960.0000,157.4600,142
2026-08-19 20:46:15,MRNA,157.1800,157.4900,157.1000,157.2300,17955.0000,157.3060,61
2026-08-19 20:46:20,MRNA,157.1000,157.2000,156.3200,156.4800,20971.0000,156.6880,87
2026-08-19 20:46:25,MRNA,156.4900,156.9200,156.3800,156.7300,23166.0000,156.6680,129
2026-08-19 20:46:30,MRNA,156.7300,156.9100,156.4000,156.5600,17544.0000,156.5880,64
2026-08-19 20:46:35,MRNA,156.3100,156.9900,156.2600,156.8500,33406.0000,156.5770,118
2026-08-19 20:46:40,MRNA,156.8300,156.8500,156.6100,156.6900,4994.0000,156.7680,24
2026-08-19 20:46:45,MRNA,156.7200,156.7200,156.4400,156.4500,17572.0000,156.5990,68
2026-08-19 20:46:50,MRNA,156.6600,156.7200,156.3200,156.3700,28866.0000,156.4990,136
2026-08-19 20:46:55,MRNA,156.3400,156.6800,156.3400,156.4100,10747.0000,156.5190,44
2026-08-19 20:47:00,MRNA,156.4100,156.5400,156.3700,156.5300,7034.0000,156.4730,44
2026-08-19 20:47:05,MRNA,156.5400,156.5800,156.3000,156.4000,9733.0000,156.4390,47
2026-08-19 20:47:10,MRNA,156.4000,156.5000,155.4300,155.6400,52304.0000,155.7660,256
2026-08-19 20:47:15,MRNA,155.6600,155.9100,155.5200,155.7400,29084.0000,155.7190,88
2026-08-19 20:47:20,MRNA,155.7400,156.7100,155.3200,155.3200,61929.0000,155.5590,398
2026-08-19 20:47:25,MRNA,155.3200,155.4900,155.0000,155.1600,48434.0000,155.1900,273
2026-08-19 20:47:30,MRNA,155.2800,155.6400,155.0000,155.5600,20134.0000,155.3830,77
2026-08-19 20:47:35,MRNA,155.4500,155.5600,155.1600,155.3300,18036.0000,155.3520,71
2026-08-19 20:47:40,MRNA,155.3600,155.4200,155.0700,155.2300,20347.0000,155.2440,101
2026-08-19 20:47:45,MRNA,155.2200,155.3000,154.9800,155.1800,25902.0000,155.0500,107
2026-08-19 20:47:50,MRNA,155.1600,155.3000,155.0000,155.1600,30726.0000,155.1560,131
2026-08-19 20:47:55,MRNA,155.0800,155.1200,154.2800,154.3300,32658.0000,154.5870,180
2026-08-19 20:48:00,MRNA,154.5100,154.5700,154.1100,154.3400,25150.0000,154.3460,143
2026-08-19 20:48:05,MRNA,154.5200,154.7300,154.1700,154.5200,45207.0000,154.4570,180
2026-08-19 20:48:10,MRNA,154.5200,154.6600,154.0600,154.3500,43754.0000,154.3020,182
2026-08-19 20:48:15,MRNA,154.3600,154.4600,153.4500,153.4600,45140.0000,153.9290,240
2026-08-19 20:48:20,MRNA,153.5500,153.9700,153.4500,153.7100,27949.0000,153.5700,107
2026-08-19 20:48:25,MRNA,153.6700,153.9900,153.5400,153.9200,16659.0000,153.7260,75
2026-08-19 20:48:30,MRNA,153.9500,153.9800,153.7400,153.8800,15023.0000,153.8490,48
2026-08-19 20:48:35,MRNA,153.9500,153.9500,153.5300,153.5300,34163.0000,153.7420,104
2026-08-19 20:48:40,MRNA,153.5300,153.7600,152.8600,153.0300,73455.0000,153.1350,238
2026-08-19 20:48:45,MRNA,153.0100,153.3000,152.8800,153.1300,28632.0000,153.0270,95
2026-08-19 20:48:50,MRNA,153.1300,153.5000,153.0200,153.4000,37856.0000,153.1970,140
2026-08-19 20:48:55,MRNA,153.2600,153.4800,153.1500,153.4100,16323.0000,153.3560,70
2026-08-19 20:49:00,MRNA,153.3900,154.2000,153.3600,153.9100,31333.0000,153.7350,141
2026-08-19 20:49:05,MRNA,153.9100,154.2900,153.8600,154.1600,28273.0000,154.0770,124
2026-08-19 20:49:10,MRNA,154.1000,154.7000,154.0900,154.5300,19451.0000,154.3210,59
2026-08-19 20:49:15,MRNA,154.5300,154.9200,154.4300,154.5600,31636.0000,154.5960,108
2026-08-19 20:49:20,MRNA,154.6300,154.6500,154.0700,154.4600,14298.0000,154.2950,86
2026-08-19 20:49:25,MRNA,154.2600,154.4100,153.9700,153.9800,13567.0000,154.1530,64
2026-08-19 20:49:30,MRNA,154.0000,154.0100,153.8100,153.8900,17584.0000,153.9460,80
2026-08-19 20:49:35,MRNA,153.9100,154.4300,153.9000,154.4000,17152.0000,154.1630,86
2026-08-19 20:49:40,MRNA,154.2500,154.6300,154.2500,154.4000,13441.0000,154.4880,48
2026-08-19 20:49:45,MRNA,154.3800,154.4800,154.1800,154.2900,6943.0000,154.2640,37
2026-08-19 20:49:50,MRNA,154.2500,154.3300,153.6000,153.8900,24777.0000,153.9510,135
2026-08-19 20:49:55,MRNA,154.0000,154.2800,153.9600,154.2300,18505.0000,154.0380,71
2026-08-19 20:50:00,MRNA,154.1800,154.4300,154.0800,154.3800,15589.0000,154.2860,54
2026-08-19 20:50:05,MRNA,154.3100,154.6100,154.2200,154.3800,22287.0000,154.4160,89
2026-08-19 20:50:10,MRNA,154.4000,154.5900,154.3500,154.4400,8390.0000,154.4850,40
2026-08-19 20:50:15,MRNA,154.4400,154.5800,154.0500,154.2400,13751.0000,154.2690,72
2026-08-19 20:50:20,MRNA,154.2300,154.3000,153.7600,153.7900,19844.0000,154.0010,60
2026-08-19 20:50:25,MRNA,153.7900,153.8400,153.3200,153.3700,18834.0000,153.5770,77
2026-08-19 20:50:30,MRNA,153.5700,153.6300,153.0000,153.2600,21735.0000,153.2230,96
2026-08-19 20:50:35,MRNA,153.4100,153.6000,153.2000,153.5900,14308.0000,153.3360,63
2026-08-19 20:50:40,MRNA,153.4700,153.5100,152.3000,152.4100,43808.0000,152.9320,306
2026-08-19 20:50:45,MRNA,152.4200,152.4600,152.0200,152.2100,30877.0000,152.2570,155
2026-08-19 20:50:50,MRNA,152.0200,152.3400,151.7900,152.1100,38540.0000,151.9980,186
2026-08-19 20:50:55,MRNA,152.0200,152.3800,151.8500,152.1000,34072.0000,152.0680,139
2026-08-19 20:51:00,MRNA,152.1700,152.2800,151.8200,151.8200,16457.0000,152.0330,81
2026-08-19 20:51:05,MRNA,151.9000,151.9000,151.5000,151.8800,23138.0000,151.6380,112
2026-08-19 20:51:10,MRNA,151.8600,152.0200,151.5800,151.9500,19177.0000,151.8400,93
2026-08-19 20:51:15,MRNA,152.0800,152.3800,151.6500,152.2200,27584.0000,151.9850,97
2026-08-19 20:51:20,MRNA,152.2900,152.4700,151.9800,152.0800,15861.0000,152.2010,77
2026-08-19 20:51:25,MRNA,152.1600,152.1600,151.6400,151.9700,206808.0000,151.9970,51
2026-08-19 20:51:30,MRNA,151.9800,152.0800,151.9100,152.0100,7891.0000,152.0180,48
2026-08-19 20:51:35,MRNA,151.9300,152.0200,151.4500,151.8800,25129.0000,151.8030,124
2026-08-19 20:51:40,MRNA,152.0000,152.2300,151.6900,151.9200,11729.0000,151.9990,62
2026-08-19 20:51:45,MRNA,151.9600,152.2700,151.8900,152.1300,9953.0000,152.0720,39
2026-08-19 20:51:50,MRNA,152.3200,152.4000,152.1400,152.3000,7174.0000,152.2530,39
2026-08-19 20:51:55,MRNA,152.3000,152.4100,152.1500,152.3000,3839.0000,152.3020,19
2026-08-19 20:52:00,MRNA,152.2000,152.3800,152.1700,152.3100,4815.0000,152.2720,27
2026-08-19 20:52:05,MRNA,152.3500,152.4900,152.1800,152.4900,15704.0000,152.3010,70
2026-08-19 20:52:10,MRNA,152.4700,152.7700,152.3600,152.6600,19300.0000,152.5750,87
2026-08-19 20:52:15,MRNA,152.6600,152.8900,152.5500,152.7500,23874.0000,152.7910,110
2026-08-19 20:52:20,MRNA,152.7300,152.8900,152.6400,152.7800,17486.0000,152.8020,82
2026-08-19 20:52:25,MRNA,152.7600,153.0000,152.6600,152.7800,19952.0000,152.8050,68
2026-08-19 20:52:30,MRNA,152.8000,153.0000,152.3600,152.4300,28380.0000,152.6850,161
2026-08-19 20:52:35,MRNA,152.4300,152.6800,152.3100,152.3100,14089.0000,152.5150,60
2026-08-19 20:52:40,MRNA,152.4700,152.5500,152.2200,152.5500,13337.0000,152.4050,76
2026-08-19 20:52:45,MRNA,152.5900,153.2500,152.5300,153.1900,43153.0000,152.7620,97
2026-08-19 20:52:50,MRNA,153.1000,153.2400,152.7600,152.7600,12533.0000,153.0180,72
2026-08-19 20:52:55,MRNA,153.0000,153.0000,152.5800,152.7800,7323.0000,152.7400,37
2026-08-19 20:53:00,MRNA,152.6300,153.1200,152.5900,153.0700,9180.0000,152.8230,52
2026-08-19 20:53:05,MRNA,153.2200,153.4000,152.9100,153.4000,6896.0000,153.1610,30
2026-08-19 20:53:10,MRNA,153.3200,153.4900,153.2100,153.2200,13872.0000,153.3380,64
2026-08-19 20:53:15,MRNA,153.3700,153.5900,153.0800,153.3800,12205.0000,153.2820,56
2026-08-19 20:53:20,MRNA,153.3800,153.6500,153.3000,153.6500,8112.0000,153.4860,36
2026-08-19 20:53:25,MRNA,153.5500,153.7000,153.3900,153.5300,10904.0000,153.5440,59
2026-08-19 20:53:30,MRNA,153.5200,153.7900,153.0100,153.1600,31597.0000,153.4800,176
2026-08-19 20:53:35,MRNA,153.0600,153.2900,152.8600,153.1100,16481.0000,153.0400,83
2026-08-19 20:53:40,MRNA,153.0400,153.2300,153.0400,153.1300,5832.0000,153.1440,27
2026-08-19 20:53:45,MRNA,153.0900,153.1400,152.6500,152.6700,13935.0000,152.8670,52
2026-08-19 20:53:50,MRNA,152.6800,152.8800,152.6500,152.7600,5144.0000,152.7880,24
2026-08-19 20:53:55,MRNA,152.7500,153.1400,152.7500,152.9700,9847.0000,152.9640,59
2026-08-19 20:54:00,MRNA,152.9100,153.1100,152.8200,153.1100,7327.0000,152.9860,44
2026-08-19 20:54:05,MRNA,152.9100,153.1100,152.8200,152.9700,14770.0000,152.9530,34
2026-08-19 20:54:10,MRNA,152.9200,153.0000,152.6600,152.6800,9950.0000,152.8160,52
2026-08-19 20:54:15,MRNA,152.7000,152.7500,152.4500,152.5400,12896.0000,152.5820,63
2026-08-19 20:54:20,MRNA,152.5400,152.7600,152.4300,152.7500,8335.0000,152.5080,44
2026-08-19 20:54:25,MRNA,152.7200,153.3800,152.7000,153.2100,11295.0000,152.9950,71
2026-08-19 20:54:30,MRNA,153.3100,153.5000,152.7000,153.1400,13925.0000,153.1900,90
2026-08-19 20:54:35,MRNA,153.0700,153.3400,152.9500,152.9900,7051.0000,153.0670,37
2026-08-19 20:54:40,MRNA,153.0000,153.0100,152.7500,152.8100,4862.0000,152.8540,29
2026-08-19 20:54:45,MRNA,152.7000,152.7900,152.6200,152.7700,8331.0000,152.6900,52
2026-08-19 20:54:50,MRNA,152.6700,152.8200,152.5700,152.6800,4283.0000,152.6490,15
2026-08-19 20:54:55,MRNA,152.6700,152.9200,152.5400,152.7300,5368.0000,152.6750,35
2026-08-19 20:55:00,MRNA,152.7900,152.7900,152.5900,152.6300,2180.0000,152.6580,16
2026-08-19 20:55:05,MRNA,152.6300,152.7300,152.5000,152.5900,7350.0000,152.5560,37
2026-08-19 20:55:10,MRNA,152.5700,153.1000,152.5300,152.9700,6732.0000,152.8350,50
2026-08-19 20:55:15,MRNA,153.2000,153.3900,153.0000,153.3200,10889.0000,153.1580,36
2026-08-19 20:55:20,MRNA,153.2700,153.4000,153.1700,153.4000,7722.0000,153.3040,40
2026-08-19 20:55:25,MRNA,153.4500,153.4800,153.2000,153.2000,4333.0000,153.3380,24
2026-08-19 20:55:30,MRNA,153.3000,153.3400,153.0800,153.0800,8863.0000,153.2050,45
2026-08-19 20:55:35,MRNA,153.1500,153.4100,153.1500,153.3300,3775.0000,153.2960,23
2026-08-19 20:55:40,MRNA,153.3600,153.7400,153.2000,153.6500,13356.0000,153.4740,45
2026-08-19 20:55:45,MRNA,153.6000,153.9700,153.5400,153.8500,16433.0000,153.7810,50
2026-08-19 20:55:50,MRNA,153.9600,153.9600,153.6000,153.6700,10995.0000,153.7290,42
2026-08-19 20:55:55,MRNA,153.6700,153.7900,153.5700,153.7900,7468.0000,153.6640,31
2026-08-19 20:56:00,MRNA,153.7300,153.7800,153.4800,153.6300,13334.0000,153.6240,62
2026-08-19 20:56:05,MRNA,153.6300,153.7200,153.4300,153.5400,8273.0000,153.5570,50
2026-08-19 20:56:10,MRNA,153.4300,153.8500,153.4300,153.5900,10611.0000,153.6230,45
2026-08-19 20:56:15,MRNA,153.4800,153.7400,153.1500,153.1500,37994.0000,153.4130,128
2026-08-19 20:56:20,MRNA,153.1500,153.4700,153.1500,153.3600,7509.0000,153.3570,37
2026-08-19 20:56:25,MRNA,153.3600,153.4800,153.2900,153.3600,6000.0000,153.3730,36
2026-08-19 20:56:30,MRNA,153.3500,153.4100,153.1700,153.2200,15476.0000,153.2720,61
2026-08-19 20:56:35,MRNA,153.2800,153.3200,152.8000,152.8200,20287.0000,153.0460,101
2026-08-19 20:56:40,MRNA,152.9400,153.1500,152.8700,153.0300,15665.0000,153.0010,83
2026-08-19 20:56:45,MRNA,153.0600,153.1500,152.9600,153.0700,4268.0000,153.0290,23
2026-08-19 20:56:50,MRNA,153.0200,153.0700,152.7000,152.7500,12725.0000,152.8470,40
2026-08-19 20:56:55,MRNA,152.8800,153.0000,152.5800,153.0000,5073.0000,152.8300,17
2026-08-19 20:57:00,MRNA,152.8800,153.0000,152.7500,152.9100,4396.0000,152.8430,25
2026-08-19 20:57:05,MRNA,152.9100,153.0600,152.8400,152.9600,6406.0000,152.9730,39
2026-08-19 20:57:10,MRNA,152.9600,153.0600,152.8900,152.9000,4183.0000,152.9620,17
2026-08-19 20:57:15,MRNA,152.8900,153.0600,152.8900,152.9300,13008.0000,152.9720,41
2026-08-19 20:57:20,MRNA,152.9300,153.0600,152.7900,152.9100,10721.0000,152.9250,51
2026-08-19 20:57:25,MRNA,152.8300,153.0000,152.7600,152.8800,1990.0000,152.8140,14
2026-08-19 20:57:30,MRNA,152.8700,152.9300,152.7700,152.8300,5112.0000,152.8330,14
2026-08-19 20:57:35,MRNA,152.9000,153.2200,152.8100,153.0100,10388.0000,152.9960,67
2026-08-19 20:57:40,MRNA,152.9200,153.0200,152.8700,152.9200,4336.0000,152.9590,29
2026-08-19 20:57:45,MRNA,153.0200,153.0700,152.8900,153.0700,2727.0000,152.9970,11
2026-08-19 20:57:50,MRNA,153.0900,154.2800,153.0500,153.9300,117083.0000,153.6940,292
2026-08-19 20:57:55,MRNA,153.9300,154.1800,153.8700,153.8700,9907.0000,154.0340,42
2026-08-19 20:58:00,MRNA,154.0900,154.1800,153.9200,153.9600,9397.0000,154.0620,32
2026-08-19 20:58:05,MRNA,154.0200,154.0200,153.8900,153.9400,3746.0000,153.9510,17
2026-08-19 20:58:10,MRNA,153.9400,154.0000,153.6400,153.6900,11820.0000,153.7840,97
2026-08-19 20:58:15,MRNA,153.6300,153.7400,153.5200,153.6100,8941.0000,153.6300,30
2026-08-19 20:58:20,MRNA,153.6100,153.7100,153.5100,153.6000,8637.0000,153.6000,27
2026-08-19 20:58:25,MRNA,153.6700,153.7700,153.4800,153.6600,10480.0000,153.6260,39
2026-08-19 20:58:30,MRNA,153.6700,153.8300,153.6400,153.6900,5376.0000,153.7160,20
2026-08-19 20:58:35,MRNA,153.6900,153.7300,153.6100,153.6100,7191.0000,153.6780,43
2026-08-19 20:58:40,MRNA,153.8000,153.8300,153.5400,153.7000,7710.0000,153.6890,55
2026-08-19 20:58:45,MRNA,153.7100,153.8000,153.6900,153.8000,3551.0000,153.7330,13
2026-08-19 20:58:50,MRNA,153.8200,153.8300,153.5500,153.7100,5748.0000,153.6650,38
2026-08-19 20:58:55,MRNA,153.6700,154.1800,153.6700,153.9600,27268.0000,153.9600,171
2026-08-19 20:59:00,MRNA,154.0300,154.1800,154.0000,154.1100,6739.0000,154.0820,25
2026-08-19 20:59:05,MRNA,154.1100,154.5000,154.0400,154.4100,18069.0000,154.3030,74
2026-08-19 20:59:10,MRNA,154.4700,154.5000,154.2600,154.3300,16497.0000,154.3430,51
2026-08-19 20:59:15,MRNA,154.3500,154.3500,153.5900,153.8200,29332.0000,153.9450,142
2026-08-19 20:59:20,MRNA,153.7500,153.9200,153.5500,153.9200,12147.0000,153.7310,53
2026-08-19 20:59:25,MRNA,153.8800,154.0000,153.6800,153.7400,22226.0000,153.9310,62
2026-08-19 20:59:30,MRNA,153.7900,154.0000,153.7100,154.0000,2537.0000,153.8010,14
2026-08-19 20:59:35,MRNA,153.9900,154.2900,153.8400,154.1600,14088.0000,154.0440,44
2026-08-19 20:59:40,MRNA,154.1600,154.3600,154.0000,154.1900,10431.0000,154.0910,27
2026-08-19 20:59:45,MRNA,154.1500,154.2600,153.8400,154.0600,5689.0000,154.0360,33
2026-08-19 20:59:50,MRNA,154.0000,154.1100,153.8400,154.0700,4385.0000,153.9780,29
2026-08-19 20:59:55,MRNA,154.0700,154.2400,153.9600,154.0000,14043.0000,154.1050,54
2026-08-19 21:00:00,MRNA,154.1300,154.7600,154.0000,154.5400,58733.0000,154.2950,81
2026-08-19 21:00:05,MRNA,154.6200,154.7600,154.4800,154.5600,17425.0000,154.6230,66
2026-08-19 21:00:10,MRNA,154.5400,154.6300,154.4000,154.6300,11921.0000,154.5280,51
2026-08-19 21:00:15,MRNA,154.6300,154.6300,154.3700,154.4800,5278.0000,154.4680,20
2026-08-19 21:00:20,MRNA,154.4800,154.5000,154.3200,154.4400,6553.0000,154.4390,26
2026-08-19 21:00:25,MRNA,154.4400,154.7500,154.3400,154.6600,13025.0000,154.6200,38
2026-08-19 21:00:30,MRNA,154.7500,154.9500,154.2500,154.7800,36792.0000,154.6350,132
2026-08-19 21:00:35,MRNA,154.7800,154.7800,154.4100,154.7300,9056.0000,154.6240,39
2026-08-19 21:00:40,MRNA,154.7300,154.9500,154.6300,154.8500,11755.0000,154.8390,36
2026-08-19 21:00:45,MRNA,154.8500,155.2400,154.6400,154.9600,35542.0000,154.9180,150
2026-08-19 21:00:50,MRNA,154.9600,155.2000,154.8800,154.9500,11520.0000,155.0070,54
2026-08-19 21:00:55,MRNA,155.0700,155.3200,155.0100,155.1800,23929.0000,155.1580,81
2026-08-19 21:01:00,MRNA,155.3900,155.4000,155.1100,155.3100,14812.0000,155.2880,71
2026-08-19 21:01:05,MRNA,155.2400,155.3800,155.1000,155.3100,16204.0000,155.2350,85
2026-08-19 21:01:10,MRNA,155.3100,155.3100,154.4200,154.5300,49653.0000,154.7370,171
2026-08-19 21:01:15,MRNA,154.7700,154.9000,154.5400,154.7800,5327.0000,154.6950,23
2026-08-19 21:01:20,MRNA,154.7300,154.7800,154.5400,154.5400,3524.0000,154.6450,24
2026-08-19 21:01:25,MRNA,154.5400,154.7700,154.5400,154.7400,4572.0000,154.6670,23
2026-08-19 21:01:30,MRNA,154.6400,154.8400,154.5800,154.8300,7282.0000,154.7580,26
2026-08-19 21:01:35,MRNA,154.8300,154.9400,154.7700,154.9400,4985.0000,154.8550,21
2026-08-19 21:01:40,MRNA,155.0000,155.0200,154.5100,154.7200,22419.0000,154.7990,130
2026-08-19 21:01:45,MRNA,154.5900,154.9000,154.5100,154.7100,2680.0000,154.6940,21
2026-08-19 21:01:50,MRNA,154.6600,154.9000,154.5200,154.7700,3646.0000,154.7040,20
2026-08-19 21:01:55,MRNA,154.7500,154.8000,154.6000,154.8000,2492.0000,154.7220,13
2026-08-19 21:02:00,MRNA,154.9000,154.9000,154.3000,154.4800,15052.0000,154.4970,85
2026-08-19 21:02:05,MRNA,154.4800,154.4900,154.0200,154.0300,20548.0000,154.1610,88
2026-08-19 21:02:10,MRNA,154.2000,154.3600,154.0200,154.0200,5273.0000,154.1220,27
2026-08-19 21:02:15,MRNA,154.2000,154.2100,153.3400,153.5900,32024.0000,153.7470,113
2026-08-19 21:02:20,MRNA,153.5500,153.9700,153.3600,153.4100,15875.0000,153.6780,53
2026-08-19 21:02:25,MRNA,153.3800,154.1200,153.3100,153.9900,17948.0000,153.7120,117
2026-08-19 21:02:30,MRNA,153.8600,154.3000,153.7100,153.8300,11322.0000,154.0110,45
2026-08-19 21:02:35,MRNA,153.7900,154.2100,153.7900,154.0000,6599.0000,154.0860,27
2026-08-19 21:02:40,MRNA,154.0200,154.2000,153.8500,154.0200,9050.0000,154.0190,39
2026-08-19 21:02:45,MRNA,154.0100,154.2000,153.8000,153.9000,14899.0000,153.9030,66
2026-08-19 21:02:50,MRNA,153.9000,154.0000,153.5400,153.7800,9804.0000,153.7700,43
2026-08-19 21:02:55,MRNA,153.6200,153.8800,153.6100,153.7800,7223.0000,153.7320,25
2026-08-19 21:03:00,MRNA,153.7800,154.0600,153.5000,154.0600,21079.0000,153.8250,90
2026-08-19 21:03:05,MRNA,153.6900,153.9500,153.4400,153.8100,5670.0000,153.7070,32
2026-08-19 21:03:10,MRNA,153.8200,153.9500,153.7400,153.8100,3220.0000,153.8230,14
2026-08-19 21:03:15,MRNA,153.7800,153.7800,153.4500,153.7100,10685.0000,153.5660,48
2026-08-19 21:03:20,MRNA,153.4700,153.9500,153.4500,153.6400,11139.0000,153.6080,75
2026-08-19 21:03:25,MRNA,153.7900,154.4700,153.7500,154.3400,32836.0000,154.1450,97
2026-08-19 21:03:30,MRNA,154.2600,154.8500,154.2600,154.6900,13522.0000,154.5910,57
2026-08-19 21:03:35,MRNA,154.6900,155.2300,154.6800,155.1200,35437.0000,154.9160,117
2026-08-19 21:03:40,MRNA,155.1200,155.2200,154.9600,154.9600,11969.0000,155.0960,53
2026-08-19 21:03:45,MRNA,155.0600,155.0700,154.6700,154.8500,7726.0000,154.8450,39
2026-08-19 21:03:50,MRNA,154.7800,154.9400,154.6800,154.9400,9373.0000,154.8040,61
2026-08-19 21:03:55,MRNA,154.9400,154.9800,154.8000,154.9000,6091.0000,154.9120,34
2026-08-19 21:04:00,MRNA,154.9000,155.4000,154.8000,155.4000,16140.0000,155.1760,74
2026-08-19 21:04:05,MRNA,155.3000,155.4000,155.0700,155.1900,29309.0000,155.2880,153
2026-08-19 21:04:10,MRNA,155.2100,155.2300,154.8000,154.9200,13309.0000,155.0610,66
2026-08-19 21:04:15,MRNA,154.8800,155.0500,154.8200,154.8900,7023.0000,154.9280,24
2026-08-19 21:04:20,MRNA,154.9700,155.0500,154.0800,154.2800,21127.0000,154.6860,130
2026-08-19 21:04:25,MRNA,154.3400,154.3400,153.5000,153.9300,19294.0000,153.9000,89
2026-08-19 21:04:30,MRNA,153.8300,154.1400,153.7100,154.0800,16770.0000,153.9000,83
2026-08-19 21:04:35,MRNA,154.0200,154.1400,153.9000,154.1400,3915.0000,154.0230,20
2026-08-19 21:04:40,MRNA,154.1300,154.1500,153.6700,153.8900,8838.0000,153.9280,62
2026-08-19 21:04:45,MRNA,153.8400,154.0900,153.8000,153.9800,6126.0000,153.9340,34
2026-08-19 21:04:50,MRNA,153.9800,154.1400,153.9800,154.1000,2205.0000,154.0750,13
2026-08-19 21:04:55,MRNA,154.1000,154.3000,154.0700,154.2900,9145.0000,154.2220,48
2026-08-19 21:05:00,MRNA,154.1800,154.2100,154.0500,154.1300,4864.0000,154.1400,34
2026-08-19 21:05:05,MRNA,154.1200,154.1200,153.7400,153.8500,14169.0000,153.9540,80
2026-08-19 21:05:10,MRNA,153.9700,154.0900,153.8200,154.0300,7801.0000,153.9750,37
2026-08-19 21:05:15,MRNA,153.9900,154.0000,153.8500,153.9600,3739.0000,153.9470,23
2026-08-19 21:05:20,MRNA,153.9400,154.0900,153.9400,154.0400,4636.0000,154.0020,22
2026-08-19 21:05:25,MRNA,153.9500,154.0700,153.8200,154.0600,2676.0000,153.9820,16
2026-08-19 21:05:30,MRNA,153.9900,154.0700,153.9900,154.0300,2284.0000,154.0310,11
2026-08-19 21:05:35,MRNA,154.0700,154.1400,154.0100,154.1000,2766.0000,154.1100,20
2026-08-19 21:05:40,MRNA,154.1100,154.1300,153.8800,153.9900,12397.0000,154.0190,54
2026-08-19 21:05:45,MRNA,153.8900,154.0900,153.7800,153.9700,8265.0000,153.9130,47
2026-08-19 21:05:50,MRNA,153.8800,153.9700,153.7300,153.8200,5190.0000,153.8280,27
2026-08-19 21:05:55,MRNA,153.8000,153.9800,153.8000,153.8900,9224.0000,153.9320,30
2026-08-19 21:06:00,MRNA,153.9800,154.0900,153.8300,153.9000,11745.0000,153.9940,67
2026-08-19 21:06:05,MRNA,153.9400,154.0400,153.5600,153.6600,6036.0000,153.7570,48
2026-08-19 21:06:10,MRNA,153.5600,153.7200,153.5200,153.5200,13517.0000,153.6380,54
2026-08-19 21:06:15,MRNA,153.6200,153.6200,153.0500,153.2800,28529.0000,153.3910,119
2026-08-19 21:06:20,MRNA,153.2500,153.3000,152.6200,152.8000,41729.0000,152.9960,230
2026-08-19 21:06:25,MRNA,152.8200,153.3000,152.8200,153.1900,17035.0000,153.0840,94
2026-08-19 21:06:30,MRNA,153.3400,154.0900,153.0700,153.9100,37417.0000,153.5260,120
2026-08-19 21:06:35,MRNA,153.7800,153.9400,153.7100,153.8100,4838.0000,153.8370,32
2026-08-19 21:06:40,MRNA,153.8100,154.4500,153.6700,154.2300,26910.0000,154.1080,113
2026-08-19 21:06:45,MRNA,154.1900,154.4900,154.1500,154.4900,17845.0000,154.3270,50
2026-08-19 21:06:50,MRNA,154.4600,154.4900,154.0300,154.1700,14555.0000,154.2790,71
2026-08-19 21:06:55,MRNA,154.1600,154.1800,153.9700,154.0900,7785.0000,154.0940,42
2026-08-19 21:07:00,MRNA,154.1300,154.1400,153.8000,153.8000,6658.0000,153.9540,33
2026-08-19 21:07:05,MRNA,153.7400,153.8700,153.2700,153.3900,7256.0000,153.5690,42
2026-08-19 21:07:10,MRNA,153.3500,153.4500,153.2100,153.2100,5887.0000,153.3390,27
2026-08-19 21:07:15,MRNA,153.2900,153.5800,153.2000,153.2500,13209.0000,153.3710,96
2026-08-19 21:07:20,MRNA,153.3900,153.4500,153.1100,153.4100,6451.0000,153.2970,46
2026-08-19 21:07:25,MRNA,153.4100,153.7400,153.1200,153.1200,8330.0000,153.3240,30
2026-08-19 21:07:30,MRNA,153.3500,153.4400,153.1200,153.3800,11994.0000,153.3460,62
2026-08-19 21:07:35,MRNA,153.3600,153.3800,153.2000,153.3000,5031.0000,153.2970,28
2026-08-19 21:07:40,MRNA,153.3000,153.3600,152.9000,153.0900,23233.0000,153.0530,104
2026-08-19 21:07:45,MRNA,153.0300,153.0300,152.8200,152.9700,15076.0000,152.9430,86
2026-08-19 21:07:50,MRNA,153.0300,153.0900,152.8500,152.8800,12022.0000,152.9370,40
2026-08-19 21:07:55,MRNA,152.8500,153.1800,152.8100,153.1700,17553.0000,153.0160,85
2026-08-19 21:08:00,MRNA,153.1000,153.1100,152.7300,152.7800,10933.0000,152.8790,63
2026-08-19 21:08:05,MRNA,152.7800,153.0000,152.6900,152.9400,13431.0000,152.8340,72
2026-08-19 21:08:10,MRNA,152.8600,152.9700,152.7200,152.7800,3429.0000,152.7970,22
2026-08-19 21:08:15,MRNA,152.7000,152.9000,152.7000,152.8100,9038.0000,152.7860,41
2026-08-19 21:08:20,MRNA,152.8100,152.9100,152.7000,152.8100,4403.0000,152.7910,21
2026-08-19 21:08:25,MRNA,152.8000,152.9400,152.7900,152.9000,3105.0000,152.8610,21
2026-08-19 21:08:30,MRNA,152.9000,152.9000,152.6800,152.6900,12813.0000,152.7910,69
2026-08-19 21:08:35,MRNA,152.6600,152.7200,152.4800,152.5900,21450.0000,152.5870,94
2026-08-19 21:08:40,MRNA,152.5900,152.6100,152.3300,152.4200,15604.0000,152.4520,75
2026-08-19 21:08:45,MRNA,152.3900,152.4000,152.2600,152.2900,5201.0000,152.3360,22
2026-08-19 21:08:50,MRNA,152.2300,152.2800,152.0100,152.1600,24068.0000,152.1170,131
2026-08-19 21:08:55,MRNA,152.0900,152.1700,151.5700,151.7200,38791.0000,151.9030,180
2026-08-19 21:09:00,MRNA,151.7000,152.1300,151.5800,151.7900,40770.0000,151.7700,169
2026-08-19 21:09:05,MRNA,151.8800,151.8800,151.2200,151.2900,32589.0000,151.4460,135
2026-08-19 21:09:10,MRNA,151.2900,151.4500,151.0100,151.0900,27234.0000,151.2310,138
2026-08-19 21:09:15,MRNA,151.0900,151.3700,151.0500,151.2700,23777.0000,151.1940,117
2026-08-19 21:09:20,MRNA,151.2600,151.4000,151.0700,151.3600,12235.0000,151.2550,57
2026-08-19 21:09:25,MRNA,151.3700,151.4800,151.1700,151.3400,8700.0000,151.2910,37
2026-08-19 21:09:30,MRNA,151.3000,151.3000,151.0700,151.0800,10729.0000,151.1660,71
2026-08-19 21:09:35,MRNA,151.1400,151.2000,150.2500,150.3500,39538.0000,150.6090,171
2026-08-19 21:09:40,MRNA,150.3500,150.4600,150.0200,150.1100,26394.0000,150.2530,133
2026-08-19 21:09:45,MRNA,150.2500,150.2800,149.3100,149.7100,88448.0000,149.8760,415
2026-08-19 21:09:50,MRNA,149.5100,150.0800,149.3700,149.7100,34420.0000,149.7820,142
2026-08-19 21:09:55,MRNA,149.7500,150.4600,149.7100,150.2900,43083.0000,150.0020,202
2026-08-19 21:10:00,MRNA,150.2400,150.7300,150.2300,150.7300,17563.0000,150.3870,71
2026-08-19 21:10:05,MRNA,150.8000,150.9000,150.5000,150.6300,16779.0000,150.6230,75
2026-08-19 21:10:10,MRNA,150.5600,150.8700,150.2700,150.4300,51444.0000,150.5090,316
2026-08-19 21:10:15,MRNA,150.5000,150.6500,150.4000,150.4100,16820.0000,150.5100,39
2026-08-19 21:10:20,MRNA,150.4800,150.9400,150.4200,150.7900,10014.0000,150.7570,47
2026-08-19 21:10:25,MRNA,150.7900,151.0000,150.2400,150.2400,19729.0000,150.6590,73
2026-08-19 21:10:30,MRNA,150.2500,150.3100,149.8500,149.9700,30883.0000,150.0430,161
2026-08-19 21:10:35,MRNA,149.7600,150.0900,149.7500,149.9700,22085.0000,149.9630,125
2026-08-19 21:10:40,MRNA,149.9000,149.9100,148.8200,149.0000,35576.0000,149.2250,201
2026-08-19 21:10:45,MRNA,149.1600,149.2700,148.7000,149.2500,31877.0000,148.9950,112
2026-08-19 21:10:50,MRNA,149.3700,149.6000,149.0100,149.0600,19105.0000,149.2070,121
2026-08-19 21:10:55,MRNA,149.0600,149.2100,148.8400,148.9700,21190.0000,149.0210,89
2026-08-19 21:11:00,MRNA,149.1100,149.5000,149.0300,149.1400,20606.0000,149.2360,91
2026-08-19 21:11:05,MRNA,149.3200,149.6000,149.1900,149.4400,12961.0000,149.4390,77
2026-08-19 21:11:10,MRNA,149.4300,149.5400,149.3100,149.3900,8785.0000,149.4480,46
2026-08-19 21:11:15,MRNA,149.4400,149.5000,149.3000,149.4900,7187.0000,149.4220,44
2026-08-19 21:11:20,MRNA,149.3800,149.6300,149.2300,149.5600,10013.0000,149.4270,61
2026-08-19 21:11:25,MRNA,149.5600,149.7100,149.2600,149.4300,12521.0000,149.4650,81
2026-08-19 21:11:30,MRNA,149.4800,149.6400,149.3300,149.5500,6100.0000,149.4790,31
2026-08-19 21:11:35,MRNA,149.5300,149.7000,149.4400,149.5800,6871.0000,149.5690,32
2026-08-19 21:11:40,MRNA,149.5800,149.8900,149.5000,149.7800,19693.0000,149.6890,87
2026-08-19 21:11:45,MRNA,149.7800,149.8900,149.7700,149.8700,3896.0000,149.8410,23
2026-08-19 21:11:50,MRNA,149.8500,149.8900,149.6300,149.6700,27083.0000,149.7530,102
2026-08-19 21:11:55,MRNA,149.7200,149.9100,149.7000,149.8800,9271.0000,149.7990,49
2026-08-19 21:12:00,MRNA,149.8800,150.0000,149.6200,149.8500,32293.0000,149.9160,159
2026-08-19 21:12:05,MRNA,149.8800,149.8900,149.4600,149.6500,20292.0000,149.6030,108
2026-08-19 21:12:10,MRNA,149.6900,149.6900,149.0500,149.1200,21071.0000,149.4240,109
2026-08-19 21:12:15,MRNA,149.1000,149.3900,149.0400,149.1800,10481.0000,149.1590,52
2026-08-19 21:12:20,MRNA,149.2200,149.3900,149.0700,149.2300,13624.0000,149.2030,64
2026-08-19 21:12:25,MRNA,149.3900,149.6400,149.2800,149.6300,5332.0000,149.4050,27
2026-08-19 21:12:30,MRNA,149.6300,149.7500,149.5600,149.7200,8724.0000,149.6680,40
2026-08-19 21:12:35,MRNA,149.7200,150.0000,149.7200,149.7200,22585.0000,149.9110,108
2026-08-19 21:12:40,MRNA,149.8000,149.8300,149.4300,149.6200,10210.0000,149.6860,58
2026-08-19 21:12:45,MRNA,149.5900,149.6300,149.3800,149.5300,9975.0000,149.4800,38
2026-08-19 21:12:50,MRNA,149.5300,149.8500,149.5300,149.6600,4763.0000,149.7000,23
2026-08-19 21:12:55,MRNA,149.6500,149.7000,149.5300,149.6100,6068.0000,149.6320,28
2026-08-19 21:13:00,MRNA,149.6200,149.6500,149.3800,149.4500,12009.0000,149.5440,77
2026-08-19 21:13:05,MRNA,149.5400,149.9900,149.3800,149.7300,13794.0000,149.6130,65
2026-08-19 21:13:10,MRNA,149.8600,149.9900,149.7300,149.7500,8290.0000,149.8790,26
2026-08-19 21:13:15,MRNA,149.8100,149.8100,149.5900,149.6400,4139.0000,149.7290,30
2026-08-19 21:13:20,MRNA,149.6200,149.6600,149.5400,149.6000,9128.0000,149.5980,42
2026-08-19 21:13:25,MRNA,149.6000,149.6700,149.1000,149.3600,31297.0000,149.4450,99
2026-08-19 21:13:30,MRNA,149.3600,149.6300,149.2300,149.4400,2804.0000,149.4640,15
2026-08-19 21:13:35,MRNA,149.2800,149.7100,149.2800,149.4500,4872.0000,149.5590,28
2026-08-19 21:13:40,MRNA,149.4600,149.4700,149.3500,149.4000,3053.0000,149.4100,13
2026-08-19 21:13:45,MRNA,149.4400,149.6400,149.4000,149.4500,16424.0000,149.4930,53
2026-08-19 21:13:50,MRNA,149.5100,149.5100,149.3400,149.4500,1620.0000,149.4540,8
2026-08-19 21:13:55,MRNA,149.4100,149.4200,149.2500,149.2500,5897.0000,149.3150,34
2026-08-19 21:14:00,MRNA,149.2800,149.3800,149.2100,149.3100,6502.0000,149.2930,42
2026-08-19 21:14:05,MRNA,149.2100,149.2100,149.0600,149.1500,12911.0000,149.1310,60
2026-08-19 21:14:10,MRNA,149.1100,149.4300,149.0700,149.3200,8820.0000,149.2900,38
2026-08-19 21:14:15,MRNA,149.3200,149.4400,149.0500,149.0600,14047.0000,149.2510,75
2026-08-19 21:14:20,MRNA,149.0700,149.2000,149.0400,149.1200,16739.0000,149.1590,66
2026-08-19 21:14:25,MRNA,149.1300,149.3300,148.9400,149.0200,19196.0000,149.0190,112
2026-08-19 21:14:30,MRNA,149.0200,149.1000,148.9500,149.0300,7629.0000,149.0360,55
2026-08-19 21:14:35,MRNA,148.9500,149.0000,148.4500,148.6000,32467.0000,148.6900,176
2026-08-19 21:14:40,MRNA,148.6100,148.7500,148.4600,148.5700,16673.0000,148.5620,67
2026-08-19 21:14:45,MRNA,148.5100,148.5700,148.1000,148.1700,22320.0000,148.2860,123
2026-08-19 21:14:50,MRNA,148.1200,148.4500,148.0800,148.1600,30000.0000,148.2610,120
2026-08-19 21:14:55,MRNA,148.2000,148.2200,147.8000,147.8000,39365.0000,147.9680,199
2026-08-19 21:15:00,MRNA,147.9200,148.1500,147.8100,147.8100,21747.0000,147.9740,111
2026-08-19 21:15:05,MRNA,147.8400,147.9400,147.5800,147.7900,32483.0000,147.7590,168
2026-08-19 21:15:10,MRNA,147.7900,148.0000,147.6900,147.9400,15768.0000,147.8540,74
2026-08-19 21:15:15,MRNA,147.8500,148.2000,147.8200,148.0600,15839.0000,148.0010,88
2026-08-19 21:15:20,MRNA,148.0600,148.2300,147.7500,147.9900,21975.0000,148.0150,146
2026-08-19 21:15:25,MRNA,148.0000,148.0700,147.8400,147.9100,8356.0000,147.9420,46
2026-08-19 21:15:30,MRNA,147.9100,148.1000,147.8100,147.8100,8440.0000,147.9230,39
2026-08-19 21:15:35,MRNA,147.8100,147.9000,147.5000,147.7800,14771.0000,147.6760,88
2026-08-19 21:15:40,MRNA,147.7800,148.1700,147.6300,148.0200,10894.0000,147.8750,54
2026-08-19 21:15:45,MRNA,148.0600,148.3400,148.0000,148.1100,11680.0000,148.1880,51
2026-08-19 21:15:50,MRNA,148.3000,148.3400,147.8200,147.9000,13200.0000,148.0310,93
2026-08-19 21:15:55,MRNA,147.8000,148.0000,147.8000,147.9800,9647.0000,147.8800,56
2026-08-19 21:16:00,MRNA,147.9500,148.3600,147.9500,148.2900,8559.0000,148.1540,45
2026-08-19 21:16:05,MRNA,148.2300,148.6800,148.0400,148.5600,39879.0000,148.4760,113
2026-08-19 21:16:10,MRNA,148.5600,148.9500,148.3600,148.9000,21098.0000,148.6450,78
2026-08-19 21:16:15,MRNA,148.7600,149.2800,148.7400,149.1000,22608.0000,149.0720,83
2026-08-19 21:16:20,MRNA,149.1000,149.5700,149.0100,149.2900,41297.0000,149.2850,191
2026-08-19 21:16:25,MRNA,149.4200,149.7500,149.3900,149.6300,16428.0000,149.5370,89
2026-08-19 21:16:30,MRNA,149.6300,149.7500,149.4800,149.5900,22061.0000,149.5940,102
2026-08-19 21:16:35,MRNA,149.5500,149.5500,149.2000,149.2100,12288.0000,149.3370,71
2026-08-19 21:16:40,MRNA,149.2200,149.4800,148.9100,149.0900,41157.0000,149.2010,141
2026-08-19 21:16:45,MRNA,149.2200,149.2600,148.9300,149.1000,6376.0000,149.1070,41
2026-08-19 21:16:50,MRNA,149.1500,149.1600,149.0100,149.1000,7877.0000,149.1110,21
2026-08-19 21:16:55,MRNA,149.1600,149.3300,149.0100,149.3000,9374.0000,149.2080,44
2026-08-19 21:17:00,MRNA,149.4500,149.4600,149.1600,149.1700,6248.0000,149.3100,29
2026-08-19 21:17:05,MRNA,149.2200,149.5000,149.1000,149.4200,16035.0000,149.3400,61
2026-08-19 21:17:10,MRNA,149.4500,149.9700,149.3700,149.8100,21123.0000,149.6580,74
2026-08-19 21:17:15,MRNA,149.7500,150.0000,149.6600,149.8200,24514.0000,149.8900,109
2026-08-19 21:17:20,MRNA,149.7200,149.9000,149.7200,149.8000,11813.0000,149.8000,43
2026-08-19 21:17:25,MRNA,149.8500,149.9200,149.4100,149.7500,18128.0000,149.7290,104
2026-08-19 21:17:30,MRNA,149.7200,149.9800,149.6400,149.9400,5741.0000,149.8110,37
2026-08-19 21:17:35,MRNA,149.9400,149.9400,149.6200,149.9000,13495.0000,149.7960,100
2026-08-19 21:17:40,MRNA,149.8500,149.9400,149.7600,149.8400,12111.0000,149.8590,42
2026-08-19 21:17:45,MRNA,149.7900,150.0000,149.6900,149.9900,29924.0000,149.9330,146
2026-08-19 21:17:50,MRNA,149.8700,150.2400,149.8700,150.0000,52005.0000,150.0180,330
2026-08-19 21:17:55,MRNA,150.0000,150.2900,150.0000,150.1500,18718.0000,150.1660,110
2026-08-19 21:18:00,MRNA,150.1800,150.3000,149.8900,149.9800,25056.0000,150.0380,129
2026-08-19 21:18:05,MRNA,149.9900,150.1700,149.9200,150.0600,13885.0000,150.0220,51
2026-08-19 21:18:10,MRNA,150.0600,150.1700,149.6600,149.8300,15499.0000,149.8820,95
2026-08-19 21:18:15,MRNA,149.8300,149.9300,149.7200,149.8500,7110.0000,149.8280,33
2026-08-19 21:18:20,MRNA,149.8500,149.9600,149.5200,149.6100,15527.0000,149.6340,71
2026-08-19 21:18:25,MRNA,149.6600,149.7700,149.5300,149.6500,3965.0000,149.6480,21
2026-08-19 21:18:30,MRNA,149.6500,149.8000,149.6500,149.7300,4440.0000,149.7260,24
2026-08-19 21:18:35,MRNA,149.7400,149.7700,149.6400,149.7200,2233.0000,149.7280,14
2026-08-19 21:18:40,MRNA,149.7000,149.7400,149.5400,149.6700,4714.0000,149.6490,27
2026-08-19 21:18:45,MRNA,149.6800,150.2900,149.6700,150.2200,27712.0000,150.1000,124
2026-08-19 21:18:50,MRNA,150.1700,150.2900,150.1600,150.2400,8185.0000,150.2220,47
2026-08-19 21:18:55,MRNA,150.2500,150.3900,150.1400,150.3400,28459.0000,150.2720,105
2026-08-19 21:19:00,MRNA,150.3800,150.4300,150.2200,150.3600,12401.0000,150.3040,41
2026-08-19 21:19:05,MRNA,150.2800,150.4800,150.2800,150.4100,6394.0000,150.3580,39
2026-08-19 21:19:10,MRNA,150.4000,150.5000,150.1100,150.3600,24464.0000,150.2830,79
2026-08-19 21:19:15,MRNA,150.3900,150.5700,150.3100,150.5100,11849.0000,150.4650,58
2026-08-19 21:19:20,MRNA,150.5500,150.8900,150.4200,150.8000,16640.0000,150.6060,85
2026-08-19 21:19:25,MRNA,150.6600,150.8800,150.6200,150.6300,18518.0000,150.7240,68
2026-08-19 21:19:30,MRNA,150.6900,151.0600,150.5800,150.8800,24920.0000,150.8650,102
2026-08-19 21:19:35,MRNA,150.9000,151.2000,150.7000,150.9400,12687.0000,150.8910,56
2026-08-19 21:19:40,MRNA,151.1000,151.2300,151.0000,151.2300,11235.0000,151.1090,52
2026-08-19 21:19:45,MRNA,151.2500,151.4900,151.2000,151.4700,26604.0000,151.2580,83
2026-08-19 21:19:50,MRNA,151.4100,151.5000,151.3100,151.3700,13146.0000,151.3980,65
2026-08-19 21:19:55,MRNA,151.3500,151.5000,151.2900,151.5000,37542.0000,151.4390,121
2026-08-19 21:20:00,MRNA,151.4400,151.5000,151.1500,151.3100,20925.0000,151.3700,101
2026-08-19 21:20:05,MRNA,151.4000,151.5000,150.7900,150.9600,35511.0000,151.1140,202
2026-08-19 21:20:10,MRNA,150.9300,151.1800,150.8000,150.9100,11485.0000,150.9790,68
2026-08-19 21:20:15,MRNA,151.2100,151.4000,151.0200,151.4000,6228.0000,151.2170,34
2026-08-19 21:20:20,MRNA,151.2800,151.4000,151.1600,151.1600,9989.0000,151.2610,48
2026-08-19 21:20:25,MRNA,151.1700,151.3800,151.1600,151.2900,7181.0000,151.2300,36
2026-08-19 21:20:30,MRNA,151.2800,151.3700,150.5100,150.6200,12534.0000,150.8190,67
2026-08-19 21:20:35,MRNA,150.5200,150.7500,150.4600,150.5800,14882.0000,150.5740,76
2026-08-19 21:20:40,MRNA,150.6800,150.6900,150.0200,150.4900,20549.0000,150.3460,103
2026-08-19 21:20:45,MRNA,150.4500,150.7200,150.4400,150.6700,10632.0000,150.6010,47
2026-08-19 21:20:50,MRNA,150.6700,150.8000,150.6600,150.7500,5765.0000,150.7410,31
2026-08-19 21:20:55,MRNA,150.7500,150.8100,150.5300,150.5300,5973.0000,150.7000,32
2026-08-19 21:21:00,MRNA,150.5300,150.5300,150.2500,150.3600,5827.0000,150.3420,28
2026-08-19 21:21:05,MRNA,150.4700,150.6700,150.4300,150.5600,9135.0000,150.5310,57
2026-08-19 21:21:10,MRNA,150.4400,150.7000,150.4300,150.5900,9078.0000,150.6010,28
2026-08-19 21:21:15,MRNA,150.4900,150.7800,150.4900,150.7500,5555.0000,150.6920,31
2026-08-19 21:21:20,MRNA,150.6500,150.9900,150.6400,150.9000,5965.0000,150.8410,44
2026-08-19 21:21:25,MRNA,150.9900,150.9900,150.8100,150.9200,14151.0000,150.8940,40
2026-08-19 21:21:30,MRNA,150.9000,151.1600,150.9000,150.9900,7892.0000,151.0480,50
2026-08-19 21:21:35,MRNA,151.0500,151.3700,151.0400,151.3400,9185.0000,151.1860,41
2026-08-19 21:21:40,MRNA,151.4000,151.7500,151.2900,151.7300,50297.0000,151.5510,217
2026-08-19 21:21:45,MRNA,151.7000,151.8100,151.4100,151.4800,19148.0000,151.6420,87
2026-08-19 21:21:50,MRNA,151.4800,151.6500,151.4100,151.6000,13202.0000,151.5230,51
2026-08-19 21:21:55,MRNA,151.5800,151.9100,151.5600,151.7900,17873.0000,151.6950,49
2026-08-19 21:22:00,MRNA,151.7100,152.4700,151.6700,152.2200,24959.0000,152.0090,90
2026-08-19 21:22:05,MRNA,152.3400,152.3800,152.0400,152.1200,13904.0000,152.1950,67
2026-08-19 21:22:10,MRNA,152.1200,152.3000,151.5700,151.5700,21029.0000,151.9120,126
2026-08-19 21:22:15,MRNA,151.7300,152.2800,151.6800,152.0800,22617.0000,151.9920,108
2026-08-19 21:22:20,MRNA,152.0500,152.0900,151.8600,151.9600,10806.0000,151.9980,62
2026-08-19 21:22:25,MRNA,152.0200,152.0800,151.8300,151.8600,5180.0000,151.9550,33
2026-08-19 21:22:30,MRNA,151.8600,152.0000,151.8100,151.9400,4262.0000,151.8970,21
2026-08-19 21:22:35,MRNA,151.9500,152.1500,151.9200,151.9300,20258.0000,152.0230,74
2026-08-19 21:22:40,MRNA,152.0300,152.1600,151.8900,152.0100,3943.0000,152.0180,20
2026-08-19 21:22:45,MRNA,152.0000,152.1500,151.9100,152.0300,11588.0000,152.0650,49
2026-08-19 21:22:50,MRNA,152.0300,152.1000,151.7100,151.7900,22506.0000,151.9430,134
2026-08-19 21:22:55,MRNA,151.7500,152.0500,151.7500,152.0000,5593.0000,151.9410,28
2026-08-19 21:23:00,MRNA,152.0000,152.1000,151.8000,151.9900,10793.0000,151.9860,44
2026-08-19 21:23:05,MRNA,151.9900,152.0000,151.8200,151.9100,4782.0000,151.9090,32
2026-08-19 21:23:10,MRNA,151.9600,152.1000,151.8600,151.9100,6362.0000,151.9810,30
2026-08-19 21:23:15,MRNA,151.8900,152.0300,151.8700,151.9800,5481.0000,151.9720,30
2026-08-19 21:23:20,MRNA,152.0100,152.1500,152.0000,152.0200,4585.0000,152.0520,21
2026-08-19 21:23:25,MRNA,152.0600,152.4500,152.0500,152.2400,22287.0000,152.2120,52
2026-08-19 21:23:30,MRNA,152.3000,152.3800,152.1800,152.2800,9644.0000,152.2480,34
2026-08-19 21:23:35,MRNA,152.2000,152.3800,152.1400,152.2900,5081.0000,152.2110,33
2026-08-19 21:23:40,MRNA,152.1700,152.4700,152.1700,152.3900,7435.0000,152.3960,39
2026-08-19 21:23:45,MRNA,152.4700,152.5000,152.2800,152.2800,10923.0000,152.3970,63
2026-08-19 21:23:50,MRNA,152.3800,152.4700,152.3500,152.3500,2694.0000,152.3840,14
2026-08-19 21:23:55,MRNA,152.3400,152.4700,152.3400,152.3600,4620.0000,152.3690,27
2026-08-19 21:24:00,MRNA,152.3000,152.4700,152.3000,152.3400,4772.0000,152.3870,32
2026-08-19 21:24:05,MRNA,152.3700,152.3800,152.0700,152.0900,27701.0000,152.1990,108
2026-08-19 21:24:10,MRNA,152.1900,152.3500,152.0800,152.1500,6632.0000,152.2490,27
2026-08-19 21:24:15,MRNA,152.2100,152.2500,152.0900,152.1600,13530.0000,152.1460,24
2026-08-19 21:24:20,MRNA,152.1400,152.3000,152.1400,152.1700,8222.0000,152.2190,31
2026-08-19 21:24:25,MRNA,152.2300,152.3500,152.0700,152.2400,9980.0000,152.1490,48
2026-08-19 21:24:30,MRNA,152.2000,152.4000,152.2000,152.3900,10904.0000,152.2670,40
2026-08-19 21:24:35,MRNA,152.3800,152.5300,152.1500,152.3000,20499.0000,152.3950,77
2026-08-19 21:24:40,MRNA,152.2200,152.2400,152.0800,152.2200,2701.0000,152.1690,15
2026-08-19 21:24:45,MRNA,152.2200,152.2500,152.0000,152.0200,25275.0000,152.0390,112
2026-08-19 21:24:50,MRNA,152.0600,152.2000,152.0000,152.0200,10446.0000,152.0760,56
2026-08-19 21:24:55,MRNA,152.1100,152.1900,152.0200,152.1700,7327.0000,152.1390,19
2026-08-19 21:25:00,MRNA,152.1600,152.3000,152.1100,152.2000,7016.0000,152.2410,24
2026-08-19 21:25:05,MRNA,152.2200,152.3500,152.1900,152.2900,6691.0000,152.2740,31
2026-08-19 21:25:10,MRNA,152.2900,152.4000,152.2000,152.2300,6552.0000,152.3050,39
2026-08-19 21:25:15,MRNA,152.3000,152.4000,152.2000,152.2000,10313.0000,152.2720,43
2026-08-19 21:25:20,MRNA,152.2900,152.2900,152.0400,152.1200,16490.0000,152.1780,112
2026-08-19 21:25:25,MRNA,152.1300,152.2100,151.8000,151.8000,19308.0000,151.9840,69
2026-08-19 21:25:30,MRNA,151.8600,151.9600,151.5100,151.5100,16616.0000,151.7770,58
2026-08-19 21:25:35,MRNA,151.6600,151.7500,150.3700,150.7100,78116.0000,151.0850,388
2026-08-19 21:25:40,MRNA,150.7100,151.1200,150.7100,151.0000,16052.0000,150.8670,58
2026-08-19 21:25:45,MRNA,150.8700,151.0000,150.6700,150.7400,11017.0000,150.8720,51
2026-08-19 21:25:50,MRNA,150.7700,150.9200,150.6800,150.8300,4517.0000,150.7840,20
2026-08-19 21:25:55,MRNA,150.9500,151.1900,150.7400,151.1300,17564.0000,150.9710,92
2026-08-19 21:26:00,MRNA,151.1900,151.2700,150.9900,151.1400,22572.0000,151.0850,129
2026-08-19 21:26:05,MRNA,151.1900,151.3700,151.1400,151.3100,10844.0000,151.2150,71
2026-08-19 21:26:10,MRNA,151.3100,151.3600,151.2100,151.2100,5338.0000,151.3120,27
2026-08-19 21:26:15,MRNA,151.2300,151.2300,150.5000,150.5100,27283.0000,150.9690,143
2026-08-19 21:26:20,MRNA,150.7000,150.7600,150.6200,150.7100,8160.0000,150.6810,40
2026-08-19 21:26:25,MRNA,150.7000,150.7600,150.6200,150.6200,2855.0000,150.6670,21
2026-08-19 21:26:30,MRNA,150.6900,151.0900,150.6300,151.0900,7040.0000,150.8180,33
2026-08-19 21:26:35,MRNA,151.0900,151.1800,150.8800,151.0900,9652.0000,151.1200,23
2026-08-19 21:26:40,MRNA,151.1300,151.4000,151.0000,151.1200,13417.0000,151.1830,52
2026-08-19 21:26:45,MRNA,151.1200,151.4500,151.0900,151.3400,4737.0000,151.2410,34
2026-08-19 21:26:50,MRNA,151.3400,151.7500,151.2200,151.6000,11180.0000,151.5580,43
2026-08-19 21:26:55,MRNA,151.5300,151.7500,151.5200,151.6400,7891.0000,151.6290,34
2026-08-19 21:27:00,MRNA,151.5600,152.0000,151.5600,152.0000,25435.0000,151.8720,90
2026-08-19 21:27:05,MRNA,152.0000,152.2600,151.9100,152.2500,11942.0000,152.1870,53
2026-08-19 21:27:10,MRNA,152.1900,152.3900,152.1100,152.1100,14892.0000,152.2230,44
2026-08-19 21:27:15,MRNA,152.1600,152.2300,152.0900,152.1000,5359.0000,152.1470,33
2026-08-19 21:27:20,MRNA,152.3200,152.5100,152.2100,152.3500,20315.0000,152.3930,97
2026-08-19 21:27:25,MRNA,152.3500,152.4200,152.2200,152.3200,8504.0000,152.3170,37
2026-08-19 21:27:30,MRNA,152.3100,152.5000,152.2400,152.3900,17620.0000,152.3700,75
2026-08-19 21:27:35,MRNA,152.4600,152.4900,152.3400,152.4000,14208.0000,152.3910,45
2026-08-19 21:27:40,MRNA,152.4400,152.6200,152.3400,152.5100,31338.0000,152.4810,124
2026-08-19 21:27:45,MRNA,152.4200,152.6100,152.3400,152.4600,7432.0000,152.4360,29
2026-08-19 21:27:50,MRNA,152.4600,152.4900,151.0000,151.4500,60468.0000,151.9180,366
2026-08-19 21:27:55,MRNA,151.0000,151.7600,151.0000,151.6300,26230.0000,151.4390,155
2026-08-19 21:28:00,MRNA,151.8300,152.0000,151.3900,151.5100,18069.0000,151.6740,79
2026-08-19 21:28:05,MRNA,151.6600,152.0000,151.4600,151.5500,14334.0000,151.6530,48
2026-08-19 21:28:10,MRNA,151.6200,151.6200,150.8000,151.3000,39914.0000,151.2720,203
2026-08-19 21:28:15,MRNA,150.8900,151.3100,150.7000,150.8500,29191.0000,150.8910,90
2026-08-19 21:28:20,MRNA,150.6900,150.9700,150.2300,150.3600,13376.0000,150.6490,87
2026-08-19 21:28:25,MRNA,150.3600,150.8200,150.1500,150.1500,11252.0000,150.3220,67
2026-08-19 21:28:30,MRNA,150.2000,150.3400,150.0200,150.1100,14432.0000,150.1060,59
2026-08-19 21:28:35,MRNA,150.0700,150.2200,149.6500,149.9400,63674.0000,149.9610,230
2026-08-19 21:28:40,MRNA,149.9300,150.3700,149.7900,150.2000,13191.0000,150.1050,70
2026-08-19 21:28:45,MRNA,150.2200,150.2700,150.0000,150.0000,8810.0000,150.1100,37
2026-08-19 21:28:50,MRNA,150.0100,150.1400,149.5800,149.8200,16803.0000,149.8720,94
2026-08-19 21:28:55,MRNA,149.8500,150.4000,149.7100,150.2200,10154.0000,150.0190,52
2026-08-19 21:29:00,MRNA,150.2200,150.5000,150.0300,150.2400,15871.0000,150.2120,90
2026-08-19 21:29:05,MRNA,150.3100,150.7700,150.2300,150.7100,7998.0000,150.5820,47
2026-08-19 21:29:10,MRNA,150.7900,150.9700,150.2700,150.4100,13666.0000,150.7070,62
2026-08-19 21:29:15,MRNA,150.4100,150.4100,149.7100,149.8900,9194.0000,150.0450,52
2026-08-19 21:29:20,MRNA,149.8900,150.4100,149.7600,150.1900,5472.0000,150.0790,32
2026-08-19 21:29:25,MRNA,150.1000,150.3000,150.1000,150.2300,7712.0000,150.2150,37
2026-08-19 21:29:30,MRNA,150.2500,150.3000,150.0600,150.2100,1664.0000,150.2070,13
2026-08-19 21:29:35,MRNA,150.0600,150.3600,150.0600,150.3100,6597.0000,150.2300,24
2026-08-19 21:29:40,MRNA,150.1400,150.2800,150.1000,150.1300,2720.0000,150.1640,8
2026-08-19 21:29:45,MRNA,150.1100,150.3000,150.0900,150.2100,5799.0000,150.1520,31
2026-08-19 21:29:50,MRNA,150.2200,150.2300,149.7100,150.0100,14134.0000,149.9690,80
2026-08-19 21:29:55,MRNA,150.0600,150.1300,149.4400,149.6400,21696.0000,149.6990,121
2026-08-19 21:30:00,MRNA,149.5600,149.7300,149.4600,149.7000,12171.0000,149.5930,65
2026-08-19 21:30:05,MRNA,149.4600,149.8000,149.4600,149.6000,13080.0000,149.6530,52
2026-08-19 21:30:10,MRNA,149.5100,149.6500,149.1500,149.4800,20846.0000,149.4510,92
2026-08-19 21:30:15,MRNA,149.4800,149.8500,149.2700,149.7900,9878.0000,149.5580,55
2026-08-19 21:30:20,MRNA,149.8000,149.8000,149.5000,149.6500,5510.0000,149.6950,10
2026-08-19 21:30:25,MRNA,149.6900,149.8000,149.5000,149.6500,5342.0000,149.6370,24
2026-08-19 21:30:30,MRNA,149.6500,149.8000,149.5900,149.6000,4926.0000,149.6920,28
2026-08-19 21:30:35,MRNA,149.7000,149.7000,149.5200,149.5900,2990.0000,149.6110,16
2026-08-19 21:30:40,MRNA,149.5200,150.3000,149.1500,150.3000,41026.0000,149.7680,173
2026-08-19 21:30:45,MRNA,150.1900,150.5000,149.8800,150.4000,9319.0000,150.3200,48
2026-08-19 21:30:50,MRNA,150.3600,150.7200,150.3500,150.5700,19795.0000,150.4790,75
2026-08-19 21:30:55,MRNA,150.5600,150.7000,150.4800,150.5800,8396.0000,150.5950,36
2026-08-19 21:31:00,MRNA,150.5600,150.8800,150.5500,150.8800,8459.0000,150.6980,45
2026-08-19 21:31:05,MRNA,150.9700,150.9700,150.7200,150.8600,17068.0000,150.8490,84
2026-08-19 21:31:10,MRNA,150.9300,151.3800,150.7900,151.2300,19987.0000,151.1160,77
2026-08-19 21:31:15,MRNA,151.3700,151.6500,151.0800,151.4200,17927.0000,151.4260,75
2026-08-19 21:31:20,MRNA,151.4100,151.7000,151.3800,151.5600,9461.0000,151.5500,35
2026-08-19 21:31:25,MRNA,151.5600,151.6600,151.5000,151.5400,4490.0000,151.5670,26
2026-08-19 21:31:30,MRNA,151.6300,151.6400,151.5100,151.5600,10143.0000,151.5770,40
2026-08-19 21:31:35,MRNA,151.5100,151.6100,151.3500,151.4900,15177.0000,151.4480,58
2026-08-19 21:31:40,MRNA,151.4800,151.6900,151.3800,151.6100,12181.0000,151.5260,31
2026-08-19 21:31:45,MRNA,151.5900,151.8300,151.5800,151.6900,10850.0000,151.6980,49
2026-08-19 21:31:50,MRNA,151.7200,151.7300,151.6600,151.6700,4478.0000,151.7010,13
2026-08-19 21:31:55,MRNA,151.6900,151.8700,151.6800,151.7600,4534.0000,151.7390,25
2026-08-19 21:32:00,MRNA,151.8900,151.9100,151.7200,151.7800,9712.0000,151.7880,55
2026-08-19 21:32:05,MRNA,151.7800,151.8600,151.7000,151.7100,1650.0000,151.7650,12
2026-08-19 21:32:10,MRNA,151.8100,151.9500,151.6000,151.6800,15352.0000,151.7750,86
2026-08-19 21:32:15,MRNA,151.7800,151.7800,151.5300,151.5900,10634.0000,151.6100,87
2026-08-19 21:32:20,MRNA,151.5900,151.7500,151.5400,151.6500,9735.0000,151.6290,43
2026-08-19 21:32:25,MRNA,151.6900,152.0000,151.6100,151.9200,10695.0000,151.8410,41
2026-08-19 21:32:30,MRNA,151.8900,152.0000,151.7900,151.9000,7609.0000,151.9020,31
2026-08-19 21:32:35,MRNA,151.8100,152.3100,151.8100,152.3100,78353.0000,152.0410,252
2026-08-19 21:32:40,MRNA,152.2100,152.3100,152.0100,152.2000,9546.0000,152.1830,45
2026-08-19 21:32:45,MRNA,152.2000,152.4500,152.0500,152.1900,14469.0000,152.2940,77
2026-08-19 21:32:50,MRNA,152.1900,152.3300,152.0600,152.3000,6406.0000,152.2460,38
2026-08-19 21:32:55,MRNA,152.3300,152.4500,152.2100,152.3500,6934.0000,152.3450,32
2026-08-19 21:33:00,MRNA,152.3500,152.3600,152.1200,152.3200,16712.0000,152.2410,55
2026-08-19 21:33:05,MRNA,152.2100,153.3000,152.1200,152.8300,68708.0000,152.6440,228
2026-08-19 21:33:10,MRNA,153.0000,153.2500,152.6500,152.7800,30430.0000,152.7570,144
2026-08-19 21:33:15,MRNA,152.8800,152.8900,152.6500,152.8900,5587.0000,152.7530,28
2026-08-19 21:33:20,MRNA,152.7700,153.2600,152.6500,152.9500,36982.0000,152.9810,119
2026-08-19 21:33:25,MRNA,152.9900,153.0800,152.8100,152.9000,16701.0000,152.9250,82
2026-08-19 21:33:30,MRNA,152.9000,152.9900,152.7000,152.9900,14085.0000,152.8500,43
2026-08-19 21:33:35,MRNA,152.9900,153.0000,152.6700,152.9900,9210.0000,152.8580,48
2026-08-19 21:33:40,MRNA,152.9200,153.3500,152.8200,153.2000,5150.0000,153.1080,30
2026-08-19 21:33:45,MRNA,153.2000,153.4800,153.0500,153.4800,21522.0000,153.2980,105
2026-08-19 21:33:50,MRNA,153.4100,153.7700,153.1900,153.3000,38962.0000,153.4500,170
2026-08-19 21:33:55,MRNA,153.2500,153.3400,153.1700,153.2500,14036.0000,153.2660,47
2026-08-19 21:34:00,MRNA,153.2500,153.6500,153.2200,153.6300,14784.0000,153.3820,79
2026-08-19 21:34:05,MRNA,153.4800,153.9400,153.3000,153.9400,17544.0000,153.7410,78
2026-08-19 21:34:10,MRNA,153.8200,153.8200,153.4200,153.6400,33544.0000,153.6170,103
2026-08-19 21:34:15,MRNA,153.6400,153.9000,153.5900,153.9000,13699.0000,153.6900,58
2026-08-19 21:34:20,MRNA,153.9000,153.9200,153.6800,153.7800,8312.0000,153.8150,48
2026-08-19 21:34:25,MRNA,153.8700,153.9800,153.7700,153.8100,11993.0000,153.8720,63
2026-08-19 21:34:30,MRNA,153.8000,153.9600,153.5900,153.7700,23289.0000,153.7820,136
2026-08-19 21:34:35,MRNA,153.8400,153.8700,153.6200,153.8100,8648.0000,153.7440,33
2026-08-19 21:34:40,MRNA,153.8200,153.9900,153.8100,153.8900,11789.0000,153.9130,45
2026-08-19 21:34:45,MRNA,153.9500,153.9800,153.8000,153.8200,18058.0000,153.8970,71
2026-08-19 21:34:50,MRNA,153.8700,154.3500,153.8300,154.2300,29825.0000,154.0660,121
2026-08-19 21:34:55,MRNA,154.2300,154.4600,154.2000,154.3300,26948.0000,154.3530,166
2026-08-19 21:35:00,MRNA,154.3300,154.5000,154.3000,154.3500,11254.0000,154.3670,54
2026-08-19 21:35:05,MRNA,154.3100,154.6700,153.9700,154.5400,54143.0000,154.3600,320
2026-08-19 21:35:10,MRNA,154.4400,154.5400,154.2900,154.4000,10970.0000,154.3740,67
2026-08-19 21:35:15,MRNA,154.2600,154.5000,154.2600,154.3100,12797.0000,154.3630,39
2026-08-19 21:35:20,MRNA,154.3000,154.3200,153.8800,153.8800,25525.0000,154.0360,107
2026-08-19 21:35:25,MRNA,153.9900,154.1000,153.8900,154.0500,11662.0000,154.0040,54
2026-08-19 21:35:30,MRNA,154.1000,154.1000,153.9100,153.9800,5351.0000,154.0180,35
2026-08-19 21:35:35,MRNA,153.9400,154.1300,153.9400,154.1000,6184.0000,154.0400,28
2026-08-19 21:35:40,MRNA,154.1100,154.1500,153.8800,154.0000,10291.0000,154.0270,48
2026-08-19 21:35:45,MRNA,153.8500,154.2000,153.8500,154.2000,18303.0000,154.0400,106
2026-08-19 21:35:50,MRNA,154.1900,154.6200,154.1500,154.4400,20225.0000,154.3110,55
2026-08-19 21:35:55,MRNA,154.3900,154.6400,154.1600,154.3000,12752.0000,154.4070,46
2026-08-19 21:36:00,MRNA,154.4500,154.4600,154.1000,154.1300,13088.0000,154.1700,59
2026-08-19 21:36:05,MRNA,154.1600,154.1900,153.8000,154.1300,25538.0000,153.9840,99
2026-08-19 21:36:10,MRNA,154.2100,154.2100,154.0000,154.1300,6542.0000,154.0960,26
2026-08-19 21:36:15,MRNA,154.2500,154.4500,154.1300,154.3600,6800.0000,154.2620,31
2026-08-19 21:36:20,MRNA,154.4900,154.5800,154.1300,154.2500,13939.0000,154.3220,64
2026-08-19 21:36:25,MRNA,154.1400,154.4900,154.1400,154.3500,3627.0000,154.3430,18
2026-08-19 21:36:30,MRNA,154.2000,154.7300,154.2000,154.6300,14136.0000,154.5590,62
2026-08-19 21:36:35,MRNA,154.5200,154.8700,154.4700,154.7800,38522.0000,154.6870,177
2026-08-19 21:36:40,MRNA,154.7500,155.0000,154.4900,154.6100,50964.0000,154.7520,227
2026-08-19 21:36:45,MRNA,154.5900,155.0000,154.2700,154.3200,18169.0000,154.5180,70
2026-08-19 21:36:50,MRNA,154.2400,154.3200,154.1000,154.2900,15492.0000,154.2470,47
2026-08-19 21:36:55,MRNA,154.4100,154.5000,154.1700,154.2200,15101.0000,154.3320,67
2026-08-19 21:37:00,MRNA,154.2700,154.4100,154.2000,154.2000,4962.0000,154.3040,24
2026-08-19 21:37:05,MRNA,154.4100,154.4900,154.2800,154.3200,8181.0000,154.3850,41
2026-08-19 21:37:10,MRNA,154.3100,154.4100,154.2100,154.2900,15690.0000,154.2920,34
2026-08-19 21:37:15,MRNA,154.2500,154.3800,154.2100,154.3200,3845.0000,154.2890,20
2026-08-19 21:37:20,MRNA,154.3200,154.4400,154.3200,154.4100,2771.0000,154.3980,12
2026-08-19 21:37:25,MRNA,154.4100,154.7600,154.3400,154.6800,13041.0000,154.6210,55
2026-08-19 21:37:30,MRNA,154.5500,154.7100,154.5500,154.6000,8354.0000,154.6290,36
2026-08-19 21:37:35,MRNA,154.5900,154.7100,154.5500,154.6700,4869.0000,154.6520,27
2026-08-19 21:37:40,MRNA,154.6000,154.6200,154.4000,154.4500,11416.0000,154.5230,66
2026-08-19 21:37:45,MRNA,154.5300,154.5300,154.4900,154.5000,1282.0000,154.5030,11
2026-08-19 21:37:50,MRNA,154.5000,154.8900,154.4500,154.7600,11510.0000,154.6340,46
2026-08-19 21:37:55,MRNA,154.6400,154.8700,154.6400,154.8700,7139.0000,154.7980,28
2026-08-19 21:38:00,MRNA,154.7900,154.8900,154.6400,154.7400,9075.0000,154.7910,51
2026-08-19 21:38:05,MRNA,154.6600,154.9100,154.6500,154.8400,6566.0000,154.7990,38
2026-08-19 21:38:10,MRNA,154.8000,155.1500,154.6100,154.6600,58255.0000,154.9870,253
2026-08-19 21:38:15,MRNA,154.6600,154.7700,154.5500,154.6700,9560.0000,154.6690,31
2026-08-19 21:38:20,MRNA,154.6700,154.8300,154.6300,154.7600,6507.0000,154.7350,27
2026-08-19 21:38:25,MRNA,154.7300,154.7800,154.6300,154.7700,2990.0000,154.7410,16
2026-08-19 21:38:30,MRNA,154.7700,155.1500,154.3000,154.6500,52868.0000,154.6160,239
2026-08-19 21:38:35,MRNA,154.5600,154.8400,154.5600,154.7200,3450.0000,154.6790,12
2026-08-19 21:38:40,MRNA,154.7600,154.9600,154.7100,154.8200,7211.0000,154.8090,38
2026-08-19 21:38:45,MRNA,154.9600,154.9600,154.4500,154.6100,5451.0000,154.6420,28
2026-08-19 21:38:50,MRNA,154.6200,154.8000,154.4000,154.5300,2815.0000,154.6610,14
2026-08-19 21:38:55,MRNA,154.8200,154.9300,154.8000,154.9000,8783.0000,154.8440,69
2026-08-19 21:39:00,MRNA,154.8200,154.8200,154.5800,154.8000,4388.0000,154.6850,33
2026-08-19 21:39:05,MRNA,154.7700,154.7700,154.4200,154.5800,10442.0000,154.5500,42
2026-08-19 21:39:10,MRNA,154.6100,154.7200,154.5800,154.7200,3757.0000,154.6430,13
2026-08-19 21:39:15,MRNA,154.6600,154.7500,154.5800,154.7200,5704.0000,154.6890,25
2026-08-19 21:39:20,MRNA,154.6700,154.7400,154.5000,154.5000,12059.0000,154.6340,53
2026-08-19 21:39:25,MRNA,154.5700,154.8000,154.5100,154.7500,8659.0000,154.6800,37
2026-08-19 21:39:30,MRNA,154.7200,154.9600,154.6500,154.6500,9970.0000,154.8260,37
2026-08-19 21:39:35,MRNA,154.8000,154.9500,154.8000,154.9500,8469.0000,154.8820,37
2026-08-19 21:39:40,MRNA,154.8900,154.9300,154.8400,154.8600,6402.0000,154.8890,27
2026-08-19 21:39:45,MRNA,154.9000,155.0800,154.8300,155.0400,39442.0000,154.9960,110
2026-08-19 21:39:50,MRNA,155.0200,155.0600,154.8300,154.9300,8584.0000,154.9400,55
2026-08-19 21:39:55,MRNA,154.9800,155.1500,154.8900,155.1500,5367.0000,155.0100,22
2026-08-19 21:40:00,MRNA,155.1500,155.4000,155.0700,155.3300,24661.0000,155.1890,100
2026-08-19 21:40:05,MRNA,155.2200,155.4800,155.2100,155.3600,12058.0000,155.3160,51
2026-08-19 21:40:10,MRNA,155.3600,155.7200,155.2500,155.5900,27948.0000,155.5470,112
2026-08-19 21:40:15,MRNA,155.5800,155.7200,155.5000,155.7000,19183.0000,155.6150,87
2026-08-19 21:40:20,MRNA,155.7200,155.7500,155.4700,155.6600,21669.0000,155.6310,82
2026-08-19 21:40:25,MRNA,155.5900,155.8900,155.5000,155.8500,49267.0000,155.8190,105
2026-08-19 21:40:30,MRNA,155.8500,155.8800,155.7500,155.8500,11753.0000,155.8220,66
2026-08-19 21:40:35,MRNA,155.8000,156.0500,155.0700,155.1900,62676.0000,155.6980,305
2026-08-19 21:40:40,MRNA,155.1500,155.3300,155.0000,155.2800,21758.0000,155.1470,95
2026-08-19 21:40:45,MRNA,155.2300,155.3900,155.2000,155.2700,11735.0000,155.2820,51
2026-08-19 21:40:50,MRNA,155.2400,155.4700,155.1600,155.4100,12787.0000,155.3130,61
2026-08-19 21:40:55,MRNA,155.3400,155.5000,155.3200,155.3800,7353.0000,155.3830,37
2026-08-19 21:41:00,MRNA,155.3800,155.6400,155.3600,155.4800,13518.0000,155.4650,71
2026-08-19 21:41:05,MRNA,155.4300,155.5300,154.6300,154.8100,59298.0000,154.9280,242
2026-08-19 21:41:10,MRNA,154.6600,155.1800,154.6300,155.1800,16091.0000,154.8700,54
2026-08-19 21:41:15,MRNA,154.9900,155.1200,154.8000,155.0100,7547.0000,154.9620,38
2026-08-19 21:41:20,MRNA,155.0100,155.1800,155.0100,155.0500,6705.0000,155.0940,31
2026-08-19 21:41:25,MRNA,155.0500,155.3500,155.0500,155.2800,6861.0000,155.1890,33
2026-08-19 21:41:30,MRNA,155.3200,155.3900,155.0500,155.2500,21909.0000,155.2160,95
2026-08-19 21:41:35,MRNA,155.3000,155.4500,155.2400,155.3000,19338.0000,155.3680,61
2026-08-19 21:41:40,MRNA,155.2200,155.3900,154.7000,155.1700,15429.0000,155.0130,68
2026-08-19 21:41:45,MRNA,154.8000,155.0900,154.7000,154.8900,8130.0000,154.9050,41
2026-08-19 21:41:50,MRNA,154.8900,154.9900,154.7300,154.7700,9949.0000,154.8470,56
2026-08-19 21:41:55,MRNA,154.7400,154.8000,154.4000,154.4100,24648.0000,154.5420,106
2026-08-19 21:42:00,MRNA,154.6000,154.6000,154.2800,154.5200,22507.0000,154.4510,104
2026-08-19 21:42:05,MRNA,154.5000,155.1800,154.4200,155.1300,26954.0000,154.7880,138
2026-08-19 21:42:10,MRNA,155.1700,155.1800,154.8100,154.8100,8550.0000,155.0140,47
2026-08-19 21:42:15,MRNA,154.8500,154.8800,154.8000,154.8600,4345.0000,154.8600,26
2026-08-19 21:42:20,MRNA,154.9200,154.9200,154.7200,154.7200,12806.0000,154.8150,80
2026-08-19 21:42:25,MRNA,154.7500,154.8100,154.5000,154.7300,11595.0000,154.6850,75
2026-08-19 21:42:30,MRNA,154.6600,154.7100,154.5000,154.5900,11727.0000,154.6050,41
2026-08-19 21:42:35,MRNA,154.6600,154.7100,154.3800,154.5400,13648.0000,154.5530,56
2026-08-19 21:42:40,MRNA,154.5600,154.5900,154.3500,154.5500,9369.0000,154.5280,46
2026-08-19 21:42:45,MRNA,154.5500,154.6600,154.5000,154.5800,11450.0000,154.5480,38
2026-08-19 21:42:50,MRNA,154.5000,155.1700,154.4200,155.0300,27483.0000,154.9170,102
2026-08-19 21:42:55,MRNA,154.9700,155.3400,154.9200,155.1700,28645.0000,155.1650,120
2026-08-19 21:43:00,MRNA,155.2200,155.3600,154.8300,154.9000,17064.0000,155.1440,83
2026-08-19 21:43:05,MRNA,154.7700,154.9300,154.7300,154.8800,4891.0000,154.8280,31
2026-08-19 21:43:10,MRNA,154.8800,155.0000,154.5100,154.8600,17129.0000,154.7620,108
2026-08-19 21:43:15,MRNA,154.9400,155.1000,154.7900,155.0700,26932.0000,155.0130,91
2026-08-19 21:43:20,MRNA,155.0700,155.1900,154.8900,155.0800,5168.0000,155.0380,23
2026-08-19 21:43:25,MRNA,154.9700,155.2000,154.9700,155.1400,5383.0000,155.0960,43
2026-08-19 21:43:30,MRNA,155.1100,155.1400,154.8900,155.1200,6919.0000,155.0180,35
2026-08-19 21:43:35,MRNA,155.1000,155.3500,155.1000,155.2400,8305.0000,155.2240,53
2026-08-19 21:43:40,MRNA,155.4000,155.4000,154.6800,154.8600,22406.0000,154.9990,102
2026-08-19 21:43:45,MRNA,154.8600,155.0300,154.7600,154.8800,4488.0000,154.8660,27
2026-08-19 21:43:50,MRNA,154.8800,155.2700,154.8400,155.2200,9795.0000,155.0610,32
2026-08-19 21:43:55,MRNA,155.3000,155.3900,155.0700,155.2400,5556.0000,155.2450,27
2026-08-19 21:44:00,MRNA,155.2900,155.4000,155.1300,155.3500,30196.0000,155.1990,173
2026-08-19 21:44:05,MRNA,155.3500,155.4500,155.0800,155.1900,13036.0000,155.2460,43
2026-08-19 21:44:10,MRNA,155.1900,155.2900,155.0000,155.0000,5757.0000,155.1230,29
2026-08-19 21:44:15,MRNA,155.0000,155.1100,155.0000,155.1100,2527.0000,155.0770,17
2026-08-19 21:44:20,MRNA,155.0300,155.1200,155.0200,155.1100,9173.0000,155.0850,60
2026-08-19 21:44:25,MRNA,155.1100,155.1100,154.9800,155.0300,8355.0000,155.0530,39
2026-08-19 21:44:30,MRNA,155.1000,155.1000,155.0100,155.1000,3733.0000,155.0600,17
2026-08-19 21:44:35,MRNA,155.0000,155.0600,154.9800,155.0000,7525.0000,155.0100,34
2026-08-19 21:44:40,MRNA,155.0000,155.0100,154.5000,154.7200,24831.0000,154.6910,131
2026-08-19 21:44:45,MRNA,154.7200,154.9500,154.5000,154.6900,9599.0000,154.6560,34
2026-08-19 21:44:50,MRNA,154.6900,155.1100,154.6800,155.0800,33470.0000,154.9960,160
2026-08-19 21:44:55,MRNA,155.0300,155.0900,154.9500,154.9600,3012.0000,155.0090,17
2026-08-19 21:45:00,MRNA,155.0300,155.2000,154.9700,155.0700,3631.0000,155.0800,17
2026-08-19 21:45:05,MRNA,155.1900,155.1900,154.9500,155.1500,3771.0000,155.0600,20
2026-08-19 21:45:10,MRNA,155.0400,155.3000,154.9900,155.3000,12558.0000,155.1800,30
2026-08-19 21:45:15,MRNA,155.1400,155.5500,155.1300,155.5500,18761.0000,155.4460,97
2026-08-19 21:45:20,MRNA,155.4900,155.8500,155.2600,155.7400,24268.0000,155.6340,125
2026-08-19 21:45:25,MRNA,155.7000,155.9000,155.6500,155.7800,14336.0000,155.8170,59
2026-08-19 21:45:30,MRNA,155.8300,156.3100,155.7600,156.2200,81935.0000,156.0020,460
2026-08-19 21:45:35,MRNA,156.0900,156.2900,155.7600,155.9600,20174.0000,155.9970,82
2026-08-19 21:45:40,MRNA,155.9000,156.0000,155.7600,155.8700,6572.0000,155.8640,39
2026-08-19 21:45:45,MRNA,155.8400,155.9700,155.5000,155.5700,26192.0000,155.7380,120
2026-08-19 21:45:50,MRNA,155.6000,155.9600,155.5700,155.8400,12835.0000,155.7120,39
2026-08-19 21:45:55,MRNA,155.9100,156.2500,155.6700,156.1200,46158.0000,155.9580,234
2026-08-19 21:46:00,MRNA,156.2900,156.2900,155.6600,156.2900,13863.0000,156.1240,58
2026-08-19 21:46:05,MRNA,156.2700,156.3800,156.0500,156.3200,20609.0000,156.2480,101
2026-08-19 21:46:10,MRNA,156.2500,156.3500,156.1000,156.1000,10329.0000,156.2210,37
2026-08-19 21:46:15,MRNA,156.1000,156.2100,155.9100,156.1800,17758.0000,156.1100,79
2026-08-19 21:46:20,MRNA,156.3000,156.3000,156.1600,156.2900,4724.0000,156.2580,20
2026-08-19 21:46:25,MRNA,156.1600,156.5000,156.1600,156.4000,15266.0000,156.3140,51
2026-08-19 21:46:30,MRNA,156.5000,156.5800,156.3900,156.4700,15943.0000,156.4720,91
2026-08-19 21:46:35,MRNA,156.4000,156.7100,156.4000,156.7000,16036.0000,156.5340,58
2026-08-19 21:46:40,MRNA,156.6100,156.7500,156.2500,156.3500,23731.0000,156.5300,116
2026-08-19 21:46:45,MRNA,156.3900,156.7300,156.3300,156.6100,12667.0000,156.4790,64
2026-08-19 21:46:50,MRNA,156.6100,156.7400,156.6100,156.6700,7083.0000,156.6570,29
2026-08-19 21:46:55,MRNA,156.7200,156.7500,156.3600,156.5100,25608.0000,156.5700,147
2026-08-19 21:47:00,MRNA,156.5600,156.6600,156.4300,156.4400,8526.0000,156.5200,46
2026-08-19 21:47:05,MRNA,156.4400,156.5000,156.3500,156.4400,19186.0000,156.4540,95
2026-08-19 21:47:10,MRNA,156.4300,156.5000,156.3500,156.3700,6907.0000,156.4100,40
2026-08-19 21:47:15,MRNA,156.3400,156.4900,156.3400,156.4900,4837.0000,156.3840,20
2026-08-19 21:47:20,MRNA,156.5000,156.7100,156.0000,156.1800,55990.0000,156.2440,250
2026-08-19 21:47:25,MRNA,156.0500,156.3400,156.0100,156.1600,10071.0000,156.1610,49
2026-08-19 21:47:30,MRNA,156.0900,156.3000,156.0400,156.2200,3435.0000,156.1380,20
2026-08-19 21:47:35,MRNA,156.2200,156.3300,156.1000,156.1200,3211.0000,156.2070,21
2026-08-19 21:47:40,MRNA,156.1100,156.2700,156.0300,156.1500,25457.0000,156.1150,81
2026-08-19 21:47:45,MRNA,156.0000,156.1500,155.8500,155.8500,21808.0000,156.0020,131
2026-08-19 21:47:50,MRNA,156.0600,156.3100,155.9900,156.1200,5231.0000,156.1770,24
2026-08-19 21:47:55,MRNA,156.2100,156.2800,156.0900,156.2000,12771.0000,156.2100,44
2026-08-19 21:48:00,MRNA,156.1600,156.3400,156.1100,156.2900,13816.0000,156.2550,62
2026-08-19 21:48:05,MRNA,156.2700,156.5900,156.2400,156.5100,26538.0000,156.4280,161
2026-08-19 21:48:10,MRNA,156.5100,156.5400,156.2900,156.3800,10309.0000,156.4140,53
2026-08-19 21:48:15,MRNA,156.3500,156.4600,156.2700,156.3600,5774.0000,156.3540,37
2026-08-19 21:48:20,MRNA,156.3400,156.4100,156.0000,156.2400,21026.0000,156.1980,111
2026-08-19 21:48:25,MRNA,156.1700,156.2700,156.0100,156.0100,20781.0000,156.1150,69
2026-08-19 21:48:30,MRNA,156.1800,156.3000,156.1000,156.3000,4896.0000,156.2000,31
2026-08-19 21:48:35,MRNA,156.2900,156.3700,156.1500,156.2900,11926.0000,156.2950,71
2026-08-19 21:48:40,MRNA,156.2800,156.3900,156.1900,156.2500,9118.0000,156.2970,65
2026-08-19 21:48:45,MRNA,156.2400,156.2800,156.0800,156.2000,4752.0000,156.2120,36
2026-08-19 21:48:50,MRNA,156.2600,156.2600,156.0600,156.1500,4040.0000,156.1870,16
2026-08-19 21:48:55,MRNA,156.2500,156.3000,156.0500,156.2900,8740.0000,156.2300,38
2026-08-19 21:49:00,MRNA,156.2200,156.2800,156.1300,156.1300,1220.0000,156.2280,10
2026-08-19 21:49:05,MRNA,156.1000,156.3900,156.1000,156.2800,6803.0000,156.2810,22
2026-08-19 21:49:10,MRNA,156.2900,156.5300,156.0700,156.1400,42839.0000,156.3820,187
2026-08-19 21:49:15,MRNA,156.1400,156.1900,156.0100,156.1700,11306.0000,156.0910,67
2026-08-19 21:49:20,MRNA,156.1000,156.3000,156.1000,156.2000,6438.0000,156.2020,27
2026-08-19 21:49:25,MRNA,156.2300,156.2400,156.1300,156.1400,1281.0000,156.2010,11
2026-08-19 21:49:30,MRNA,156.1500,156.2300,155.9400,155.9500,28268.0000,156.0910,177
2026-08-19 21:49:35,MRNA,155.9000,156.1000,155.9000,156.0100,16712.0000,155.9950,68
2026-08-19 21:49:40,MRNA,156.0600,156.0700,155.7500,155.9200,25719.0000,155.9060,140
2026-08-19 21:49:45,MRNA,155.9200,156.0300,155.9200,155.9600,8404.0000,155.9820,58
2026-08-19 21:49:50,MRNA,155.9400,156.0000,155.8500,155.9100,6946.0000,155.9200,33
2026-08-19 21:49:55,MRNA,155.9100,156.0000,155.8600,155.9100,10829.0000,155.9510,80
2026-08-19 21:50:00,MRNA,155.9100,156.2100,155.8500,156.2000,10783.0000,156.0200,61
2026-08-19 21:50:05,MRNA,156.1700,156.2000,156.0000,156.1300,17777.0000,156.1130,56
2026-08-19 21:50:10,MRNA,156.1100,156.1300,156.0000,156.0900,4722.0000,156.0820,25
2026-08-19 21:50:15,MRNA,156.1300,156.2500,156.0700,156.0700,6650.0000,156.1790,37
2026-08-19 21:50:20,MRNA,156.2000,156.2000,156.1000,156.1400,9172.0000,156.1320,44
2026-08-19 21:50:25,MRNA,156.2000,156.2500,156.1100,156.1100,5993.0000,156.1560,28
2026-08-19 21:50:30,MRNA,156.1100,156.3500,156.0000,156.2600,35581.0000,156.1600,132
2026-08-19 21:50:35,MRNA,156.0700,156.2400,155.0500,155.3800,61648.0000,155.6960,280
2026-08-19 21:50:40,MRNA,155.4400,155.7200,155.2200,155.5400,23524.0000,155.5250,70
2026-08-19 21:50:45,MRNA,155.5000,155.5900,155.1300,155.3800,68496.0000,155.3830,196
2026-08-19 21:50:50,MRNA,155.4400,155.7700,155.2800,155.4700,21859.0000,155.4430,83
2026-08-19 21:50:55,MRNA,155.6600,155.6700,155.4700,155.6400,13009.0000,155.5270,56
2026-08-19 21:51:00,MRNA,155.6400,155.8200,155.5600,155.7300,6056.0000,155.7030,33
2026-08-19 21:51:05,MRNA,155.5700,155.8800,155.2700,155.7200,26042.0000,155.5120,191
2026-08-19 21:51:10,MRNA,155.7200,155.8000,155.4900,155.5000,11328.0000,155.6050,50
2026-08-19 21:51:15,MRNA,155.5300,155.7900,155.5300,155.7900,5133.0000,155.5740,31
2026-08-19 21:51:20,MRNA,155.6700,155.7500,155.4800,155.4800,8100.0000,155.5740,43
2026-08-19 21:51:25,MRNA,155.4800,155.6200,155.1300,155.4700,29065.0000,155.4460,143
2026-08-19 21:51:30,MRNA,155.2500,155.5000,155.2500,155.4000,2809.0000,155.3550,14
2026-08-19 21:51:35,MRNA,155.3900,155.6100,155.2800,155.5000,12993.0000,155.4720,68
2026-08-19 21:51:40,MRNA,155.5000,155.8000,155.4800,155.6300,6418.0000,155.6700,45
2026-08-19 21:51:45,MRNA,155.7500,155.8100,155.5100,155.6600,8011.0000,155.7000,52
2026-08-19 21:51:50,MRNA,155.6600,155.6700,155.6200,155.6600,4989.0000,155.6620,16
2026-08-19 21:51:55,MRNA,155.6900,155.7600,155.5100,155.6800,6145.0000,155.5770,23
2026-08-19 21:52:00,MRNA,155.6200,155.8000,155.5000,155.7700,15221.0000,155.6470,76
2026-08-19 21:52:05,MRNA,155.7700,155.9400,155.7000,155.8500,5746.0000,155.8440,31
2026-08-19 21:52:10,MRNA,155.9300,156.0000,155.7100,155.8500,19358.0000,155.8980,81
2026-08-19 21:52:15,MRNA,155.8500,155.9900,155.7200,155.8600,4282.0000,155.8540,18
2026-08-19 21:52:20,MRNA,155.9000,155.9500,155.6600,155.7200,5235.0000,155.7680,32
2026-08-19 21:52:25,MRNA,155.7300,155.8600,155.5000,155.7300,18614.0000,155.6240,82
2026-08-19 21:52:30,MRNA,155.8200,156.0300,155.6500,156.0300,7667.0000,155.8240,36
2026-08-19 21:52:35,MRNA,156.0100,156.1000,155.7900,156.0000,5592.0000,156.0260,31
2026-08-19 21:52:40,MRNA,156.0400,156.0800,155.9200,156.0400,7138.0000,155.9960,31
2026-08-19 21:52:45,MRNA,156.0100,156.0900,155.9800,156.0100,4294.0000,156.0500,16
2026-08-19 21:52:50,MRNA,156.0800,156.1700,155.9200,155.9300,14063.0000,156.0280,39
2026-08-19 21:52:55,MRNA,155.9300,156.0100,155.8100,155.9500,10504.0000,155.9080,53
2026-08-19 21:53:00,MRNA,155.8800,156.3700,155.7600,156.2100,37430.0000,156.0990,189
2026-08-19 21:53:05,MRNA,156.2100,156.3000,156.0200,156.2200,10953.0000,156.1510,72
2026-08-19 21:53:10,MRNA,156.2200,156.3100,156.0700,156.3000,13070.0000,156.2060,61
2026-08-19 21:53:15,MRNA,156.3100,156.3200,156.0500,156.1200,7694.0000,156.1940,38
2026-08-19 21:53:20,MRNA,156.0700,156.1200,155.7800,155.8800,11359.0000,155.9330,74
2026-08-19 21:53:25,MRNA,155.8000,155.8500,155.7200,155.7500,9169.0000,155.7950,51
2026-08-19 21:53:30,MRNA,155.7400,155.8100,155.0600,155.3200,23350.0000,155.4910,135
2026-08-19 21:53:35,MRNA,155.3200,155.5000,155.1500,155.4900,5875.0000,155.3360,28
2026-08-19 21:53:40,MRNA,155.4100,155.7500,155.3800,155.7400,39573.0000,155.6790,137
2026-08-19 21:53:45,MRNA,155.6300,155.8400,155.5000,155.6300,6373.0000,155.6980,42
2026-08-19 21:53:50,MRNA,155.6200,155.7200,155.5000,155.6300,4451.0000,155.6170,35
2026-08-19 21:53:55,MRNA,155.6400,156.0000,155.5900,155.9900,36039.0000,155.9450,67
2026-08-19 21:54:00,MRNA,155.8500,155.9900,155.3900,155.5100,31649.0000,155.6820,122
2026-08-19 21:54:05,MRNA,155.5100,155.5800,155.3800,155.4000,23552.0000,155.5080,67
2026-08-19 21:54:10,MRNA,155.5100,155.6700,155.4100,155.5300,6020.0000,155.5220,31
2026-08-19 21:54:15,MRNA,155.5300,155.8900,155.4000,155.4000,23517.0000,155.6680,100
2026-08-19 21:54:20,MRNA,155.4800,155.5400,154.5300,155.5400,35227.0000,154.9160,164
2026-08-19 21:54:25,MRNA,155.2500,155.5000,154.9800,155.2700,7081.0000,155.1650,26
2026-08-19 21:54:30,MRNA,155.0400,155.3600,155.0400,155.2200,5125.0000,155.2150,31
2026-08-19 21:54:35,MRNA,155.2100,155.3100,155.0500,155.1900,2878.0000,155.2130,16
2026-08-19 21:54:40,MRNA,155.1300,155.2000,154.9500,155.0000,10813.0000,155.0530,64
2026-08-19 21:54:45,MRNA,154.8400,154.9800,154.7600,154.8800,3909.0000,154.8620,31
2026-08-19 21:54:50,MRNA,154.8100,154.9500,154.7000,154.8300,9724.0000,154.7750,28
2026-08-19 21:54:55,MRNA,154.8500,154.9800,154.2000,154.2000,15905.0000,154.5890,79
2026-08-19 21:55:00,MRNA,154.2600,154.3700,153.7200,153.9500,31442.0000,153.9900,165
2026-08-19 21:55:05,MRNA,154.0300,154.0700,153.6300,153.7100,29312.0000,153.7630,126
2026-08-19 21:55:10,MRNA,153.8300,154.1900,153.7100,154.1900,13691.0000,153.9130,63
2026-08-19 21:55:15,MRNA,154.0600,154.2000,153.9200,154.0600,5957.0000,154.0370,33
2026-08-19 21:55:20,MRNA,154.0500,154.0600,153.8800,153.9200,9519.0000,153.9340,58
2026-08-19 21:55:25,MRNA,153.9400,154.3000,153.8800,154.2300,11250.0000,154.0920,73
2026-08-19 21:55:30,MRNA,154.3900,154.4400,154.1500,154.3300,6779.0000,154.3170,31
2026-08-19 21:55:35,MRNA,154.3400,154.4400,154.2300,154.3400,4845.0000,154.3120,21
2026-08-19 21:55:40,MRNA,154.3300,154.6800,154.3300,154.4600,14301.0000,154.4960,44
2026-08-19 21:55:45,MRNA,154.5100,154.6000,154.2400,154.3900,14651.0000,154.4460,60
2026-08-19 21:55:50,MRNA,154.3900,154.5000,154.3900,154.4700,1555.0000,154.4530,9
2026-08-19 21:55:55,MRNA,154.4700,154.8600,154.4700,154.8600,8036.0000,154.6790,42
2026-08-19 21:56:00,MRNA,154.8200,154.8300,154.6900,154.7600,3204.0000,154.7730,18
2026-08-19 21:56:05,MRNA,154.7600,154.8800,154.6700,154.7900,6346.0000,154.8000,32
2026-08-19 21:56:10,MRNA,154.8000,154.8000,154.5500,154.7100,12890.0000,154.6180,70
2026-08-19 21:56:15,MRNA,154.7600,154.7600,154.3300,154.4300,8854.0000,154.4910,40
2026-08-19 21:56:20,MRNA,154.3900,154.5500,154.3100,154.4200,4177.0000,154.4040,16
2026-08-19 21:56:25,MRNA,154.4200,154.5400,154.3100,154.4600,2744.0000,154.4290,19
2026-08-19 21:56:30,MRNA,154.4200,154.8800,154.3500,154.8800,7043.0000,154.5880,41
2026-08-19 21:56:35,MRNA,154.8800,154.8800,154.6000,154.6400,13590.0000,154.7590,55
2026-08-19 21:56:40,MRNA,154.6100,154.7700,154.6000,154.6900,4285.0000,154.6660,23
2026-08-19 21:56:45,MRNA,154.6900,154.8800,154.6700,154.8200,7833.0000,154.8290,30
2026-08-19 21:56:50,MRNA,154.7800,154.7900,154.6700,154.7200,5374.0000,154.7240,30
2026-08-19 21:56:55,MRNA,154.7000,154.7900,154.6400,154.6900,10450.0000,154.6930,63
2026-08-19 21:57:00,MRNA,154.6900,154.8500,154.6900,154.8400,2569.0000,154.7680,12
2026-08-19 21:57:05,MRNA,154.8300,154.8700,154.6000,154.7100,6314.0000,154.7380,49
2026-08-19 21:57:10,MRNA,154.7100,154.8200,154.6900,154.8000,3829.0000,154.7500,21
2026-08-19 21:57:15,MRNA,154.6000,154.7500,154.6000,154.7300,1436.0000,154.7160,5
2026-08-19 21:57:20,MRNA,154.7600,154.8700,154.7300,154.8000,4720.0000,154.8000,17
2026-08-19 21:57:25,MRNA,154.7300,154.8000,154.6300,154.6400,5323.0000,154.7170,24
2026-08-19 21:57:30,MRNA,154.7500,154.7600,154.6300,154.7000,3936.0000,154.6960,12
2026-08-19 21:57:35,MRNA,154.6300,154.8100,154.6300,154.7200,6113.0000,154.7360,35
2026-08-19 21:57:40,MRNA,154.7200,154.7200,154.3100,154.3900,8432.0000,154.5330,56
2026-08-19 21:57:45,MRNA,154.3900,154.5000,154.1500,154.3500,10327.0000,154.3190,48
2026-08-19 21:57:50,MRNA,154.3400,154.9000,154.3000,154.7500,29701.0000,154.7130,178
2026-08-19 21:57:55,MRNA,154.8200,154.8800,154.7100,154.8700,19431.0000,154.8190,77
2026-08-19 21:58:00,MRNA,154.7900,154.8700,154.6900,154.6900,5438.0000,154.7640,34
2026-08-19 21:58:05,MRNA,154.6900,154.6900,154.3100,154.4900,11061.0000,154.5180,64
2026-08-19 21:58:10,MRNA,154.5600,154.7000,154.4800,154.5600,9829.0000,154.5200,34
2026-08-19 21:58:15,MRNA,154.5600,154.8000,154.5600,154.6900,6483.0000,154.7410,12
2026-08-19 21:58:20,MRNA,154.6000,154.6200,154.4100,154.4800,1684.0000,154.5280,10
2026-08-19 21:58:25,MRNA,154.5300,154.5800,154.3700,154.5100,5103.0000,154.4400,22
2026-08-19 21:58:30,MRNA,154.3700,154.8200,154.3700,154.7400,14436.0000,154.6230,81
2026-08-19 21:58:35,MRNA,154.6900,154.8300,154.6600,154.6600,4183.0000,154.7180,22
2026-08-19 21:58:40,MRNA,154.7500,154.7600,154.4500,154.6500,10931.0000,154.5360,59
2026-08-19 21:58:45,MRNA,154.6500,154.6600,154.5100,154.6000,5220.0000,154.5990,17
2026-08-19 21:58:50,MRNA,154.6600,154.8600,154.6500,154.6500,4814.0000,154.7410,26
2026-08-19 21:58:55,MRNA,154.7600,154.8800,154.7600,154.8800,3770.0000,154.8320,20
2026-08-19 21:59:00,MRNA,154.7800,154.8700,154.7000,154.7800,4625.0000,154.7900,22
2026-08-19 21:59:05,MRNA,154.8500,154.8600,154.6500,154.8400,7356.0000,154.8110,20
2026-08-19 21:59:10,MRNA,154.8500,154.8600,154.7100,154.8600,5890.0000,154.8100,22
2026-08-19 21:59:15,MRNA,154.8600,154.9000,154.6000,154.6900,21854.0000,154.7960,166
2026-08-19 21:59:20,MRNA,154.6500,154.8500,154.6500,154.7300,2202.0000,154.7300,16
2026-08-19 21:59:25,MRNA,154.7200,154.8000,154.4700,154.6600,8522.0000,154.6300,51
2026-08-19 21:59:30,MRNA,154.6900,154.6900,153.5500,153.8000,104842.0000,154.2150,379
2026-08-19 21:59:35,MRNA,153.7200,153.8000,153.0500,153.2700,22761.0000,153.3890,106
2026-08-19 21:59:40,MRNA,153.4900,153.4900,153.0600,153.2900,13646.0000,153.3060,23
2026-08-19 21:59:45,MRNA,153.3000,153.4900,153.3000,153.3900,5781.0000,153.3670,19
2026-08-19 21:59:50,MRNA,153.4900,153.4900,153.2900,153.4500,6502.0000,153.3700,33
2026-08-19 21:59:55,MRNA,153.4900,153.9600,153.4900,153.8500,16734.0000,153.7180,105
2026-08-19 22:00:00,MRNA,153.8400,153.8400,153.5400,153.6400,5896.0000,153.6490,31
2026-08-19 22:00:05,MRNA,153.7200,153.7500,153.5500,153.5500,3903.0000,153.6760,22
2026-08-19 22:00:10,MRNA,153.5800,153.7300,153.4700,153.4800,17419.0000,153.5640,52
2026-08-19 22:00:15,MRNA,153.5000,153.5600,153.3200,153.3400,9631.0000,153.4670,44
2026-08-19 22:00:20,MRNA,153.3200,153.5300,152.5000,152.8700,46990.0000,153.1520,168
2026-08-19 22:00:25,MRNA,153.0000,153.4000,152.9400,153.1600,12195.0000,153.0790,65
2026-08-19 22:00:30,MRNA,153.1600,153.2700,152.8200,153.0800,14431.0000,153.0220,77
2026-08-19 22:00:35,MRNA,153.0700,153.1400,152.8900,152.9300,7623.0000,153.0190,23
2026-08-19 22:00:40,MRNA,152.9300,153.1700,152.8900,153.1700,4002.0000,153.0390,30
2026-08-19 22:00:45,MRNA,153.1800,153.3400,153.1400,153.2400,6743.0000,153.2410,40
2026-08-19 22:00:50,MRNA,153.3500,153.6800,153.2100,153.6600,6900.0000,153.4710,32
2026-08-19 22:00:55,MRNA,153.6800,153.6900,153.4200,153.4500,7262.0000,153.5810,30
2026-08-19 22:01:00,MRNA,153.6600,153.7200,153.4500,153.6800,5690.0000,153.6210,23
2026-08-19 22:01:05,MRNA,153.6500,153.8800,153.5700,153.8800,4918.0000,153.7370,24
2026-08-19 22:01:10,MRNA,153.7500,153.8800,153.6600,153.8200,8699.0000,153.7400,19
2026-08-19 22:01:15,MRNA,153.8400,153.9500,153.7300,153.9100,7656.0000,153.8350,26
2026-08-19 22:01:20,MRNA,153.8800,153.9900,153.5500,153.7400,16133.0000,153.7460,82
2026-08-19 22:01:25,MRNA,153.6300,153.8000,153.5200,153.7200,6467.0000,153.6690,29
2026-08-19 22:01:30,MRNA,153.6500,153.7500,153.5500,153.6700,3595.0000,153.6520,15
2026-08-19 22:01:35,MRNA,153.5500,153.8000,153.5500,153.5700,3560.0000,153.6310,22
2026-08-19 22:01:40,MRNA,153.6800,153.6800,153.4500,153.5500,4493.0000,153.5470,29
2026-08-19 22:01:45,MRNA,153.3900,153.4800,153.1300,153.2100,12221.0000,153.2460,73
2026-08-19 22:01:50,MRNA,153.1400,153.8000,153.1300,153.5700,32302.0000,153.5430,156
2026-08-19 22:01:55,MRNA,153.4700,153.5700,153.4100,153.5700,2705.0000,153.4600,13
2026-08-19 22:02:00,MRNA,153.5100,153.5800,153.0700,153.2700,15064.0000,153.3430,91
2026-08-19 22:02:05,MRNA,153.1200,153.3500,153.1200,153.2500,3308.0000,153.2190,16
2026-08-19 22:02:10,MRNA,153.3400,153.3600,153.2000,153.2800,7781.0000,153.3410,69
2026-08-19 22:02:15,MRNA,153.3300,153.3300,153.1900,153.2700,5908.0000,153.2590,44
2026-08-19 22:02:20,MRNA,153.2600,153.3100,153.2000,153.2700,5158.0000,153.2560,32
2026-08-19 22:02:25,MRNA,153.2700,153.3600,153.1900,153.3600,21341.0000,153.3540,124
2026-08-19 22:02:30,MRNA,153.3600,153.3600,153.0700,153.1700,15179.0000,153.1950,111
2026-08-19 22:02:35,MRNA,153.0800,153.1900,153.0200,153.0800,5694.0000,153.0550,41
2026-08-19 22:02:40,MRNA,153.0300,153.2000,152.8000,153.2000,27690.0000,153.0320,162
2026-08-19 22:02:45,MRNA,153.0500,153.3600,153.0100,153.3000,8573.0000,153.2320,29
2026-08-19 22:02:50,MRNA,153.2400,153.5800,153.2400,153.3300,32305.0000,153.4180,138
2026-08-19 22:02:55,MRNA,153.3300,153.3600,152.8000,152.8700,44411.0000,152.9020,102
2026-08-19 22:03:00,MRNA,152.9300,153.1200,152.9300,153.1100,7496.0000,153.0400,40
2026-08-19 22:03:05,MRNA,153.2500,153.2500,152.8200,152.8800,15694.0000,152.9220,78
2026-08-19 22:03:10,MRNA,152.8800,153.0900,152.8200,152.9700,5161.0000,152.9280,22
2026-08-19 22:03:15,MRNA,152.9600,153.0900,152.9500,153.0100,5740.0000,153.0210,24
2026-08-19 22:03:20,MRNA,153.0100,153.2300,152.9700,153.1600,5422.0000,153.0520,27
2026-08-19 22:03:25,MRNA,153.1200,153.2400,153.0900,153.2200,3373.0000,153.1870,20
2026-08-19 22:03:30,MRNA,153.2700,153.4000,153.1000,153.1000,7204.0000,153.2590,50
2026-08-19 22:03:35,MRNA,153.1600,153.2100,153.0000,153.1100,23446.0000,153.0570,96
2026-08-19 22:03:40,MRNA,153.2300,153.5800,153.1000,153.4700,8428.0000,153.4380,61
2026-08-19 22:03:45,MRNA,153.4700,153.5700,153.2000,153.5700,5265.0000,153.4420,23
2026-08-19 22:03:50,MRNA,153.3500,153.5700,153.3500,153.5600,10194.0000,153.5030,23
2026-08-19 22:03:55,MRNA,153.4700,153.5500,153.1500,153.2200,10495.0000,153.2670,61
2026-08-19 22:04:00,MRNA,153.2900,153.3300,153.1800,153.2800,1432.0000,153.2440,10
2026-08-19 22:04:05,MRNA,153.0900,153.3100,153.0500,153.1500,1956.0000,153.1510,17
2026-08-19 22:04:10,MRNA,153.1600,153.1600,153.0500,153.0700,3288.0000,153.0800,23
2026-08-19 22:04:15,MRNA,153.1000,153.1600,153.0500,153.1000,5518.0000,153.1080,36
2026-08-19 22:04:20,MRNA,153.1000,153.1300,152.9000,152.9600,13890.0000,153.0210,74
2026-08-19 22:04:25,MRNA,153.0000,153.0800,152.9500,153.0300,2674.0000,153.0290,13
2026-08-19 22:04:30,MRNA,152.9900,153.3500,152.9800,153.2900,6396.0000,153.1810,27
2026-08-19 22:04:35,MRNA,153.2000,153.3500,153.1500,153.2600,4531.0000,153.2760,23
2026-08-19 22:04:40,MRNA,153.1900,153.3100,153.1800,153.2400,4583.0000,153.2730,15
2026-08-19 22:04:45,MRNA,153.2000,153.3300,153.0000,153.2800,9309.0000,153.1170,58
2026-08-19 22:04:50,MRNA,153.1100,153.1200,152.9500,152.9500,1606.0000,153.0900,14
2026-08-19 22:04:55,MRNA,153.1400,153.4200,153.1400,153.3600,4200.0000,153.3130,27
2026-08-19 22:05:00,MRNA,153.3600,153.4400,153.2800,153.3600,4500.0000,153.3680,32
2026-08-19 22:05:05,MRNA,153.4000,153.4400,153.2800,153.3600,2805.0000,153.3460,18
2026-08-19 22:05:10,MRNA,153.4400,153.5500,153.2600,153.5000,11107.0000,153.4300,63
2026-08-19 22:05:15,MRNA,153.4600,153.5500,153.4400,153.4700,5577.0000,153.4900,33
2026-08-19 22:05:20,MRNA,153.4700,153.5600,153.4400,153.5500,6210.0000,153.4890,36
2026-08-19 22:05:25,MRNA,153.4600,153.5800,153.3600,153.3600,6487.0000,153.4700,51
2026-08-19 22:05:30,MRNA,153.3800,153.4500,153.2600,153.3100,7213.0000,153.3290,43
2026-08-19 22:05:35,MRNA,153.3700,153.5000,153.3400,153.4700,3747.0000,153.4320,18
2026-08-19 22:05:40,MRNA,153.3900,153.5700,153.3900,153.4000,951.0000,153.4510,7
2026-08-19 22:05:45,MRNA,153.5200,153.5800,153.4900,153.5200,7727.0000,153.5600,60
2026-08-19 22:05:50,MRNA,153.4800,154.2500,153.4700,154.1300,41625.0000,153.9010,225
2026-08-19 22:05:55,MRNA,154.0100,154.4200,154.0000,154.2800,22599.0000,154.2440,87
2026-08-19 22:06:00,MRNA,154.2900,154.4000,154.2300,154.2600,12420.0000,154.3210,65
2026-08-19 22:06:05,MRNA,154.2400,154.3000,154.0600,154.2400,9731.0000,154.1540,49
2026-08-19 22:06:10,MRNA,154.1800,154.3000,153.8300,154.1300,19587.0000,154.0310,109
2026-08-19 22:06:15,MRNA,153.7900,154.0600,153.7900,153.9600,2754.0000,153.9450,11
2026-08-19 22:06:20,MRNA,153.8500,154.0900,153.7800,153.9700,12606.0000,153.9440,32
2026-08-19 22:06:25,MRNA,154.1300,154.1300,153.9000,153.9700,2474.0000,153.9870,14
2026-08-19 22:06:30,MRNA,153.9700,154.0800,152.8300,153.3700,34637.0000,153.4190,187
2026-08-19 22:06:35,MRNA,153.3600,153.4600,153.2300,153.3000,7572.0000,153.3410,29
2026-08-19 22:06:40,MRNA,153.3600,153.4600,153.2300,153.4600,3272.0000,153.3860,15
2026-08-19 22:06:45,MRNA,153.4600,153.4800,153.2200,153.2600,6452.0000,153.3260,23
2026-08-19 22:06:50,MRNA,153.3400,153.3400,153.1500,153.1700,8367.0000,153.2200,36
2026-08-19 22:06:55,MRNA,153.0800,153.3800,153.0800,153.3800,4860.0000,153.2430,29
2026-08-19 22:07:00,MRNA,153.3600,153.5000,153.1200,153.1700,16374.0000,153.3260,112
2026-08-19 22:07:05,MRNA,153.2800,153.4000,153.1200,153.2800,8157.0000,153.2680,38
2026-08-19 22:07:10,MRNA,153.3200,153.3300,153.1300,153.3000,1100.0000,153.2090,6
2026-08-19 22:07:15,MRNA,153.2600,153.3700,153.2100,153.3100,3167.0000,153.2450,21
2026-08-19 22:07:20,MRNA,153.2500,153.3700,153.2200,153.3000,3187.0000,153.2900,23
2026-08-19 22:07:25,MRNA,153.3100,153.6900,153.3100,153.5700,5545.0000,153.5570,37
2026-08-19 22:07:30,MRNA,153.5700,153.6500,153.4200,153.5600,9895.0000,153.4640,31
2026-08-19 22:07:35,MRNA,153.6100,153.8800,153.4600,153.8100,3715.0000,153.6020,16
2026-08-19 22:07:40,MRNA,153.8800,153.8900,153.7700,153.8500,7983.0000,153.8480,46
2026-08-19 22:07:45,MRNA,153.8300,153.9200,153.7700,153.9200,9806.0000,153.8400,46
2026-08-19 22:07:50,MRNA,153.7700,153.9200,153.7200,153.7700,5153.0000,153.7760,37
2026-08-19 22:07:55,MRNA,153.7700,153.9200,153.7700,153.9200,3598.0000,153.8260,13
2026-08-19 22:08:00,MRNA,153.8900,153.9700,153.6900,153.7700,11372.0000,153.8460,68
2026-08-19 22:08:05,MRNA,153.7900,153.9000,153.6700,153.8100,1747.0000,153.7810,11
2026-08-19 22:08:10,MRNA,153.7800,153.9200,153.7800,153.8100,6031.0000,153.8930,42
2026-08-19 22:08:15,MRNA,153.8200,154.2500,153.7900,154.2400,15820.0000,153.9600,80
2026-08-19 22:08:20,MRNA,154.3100,154.3300,154.1300,154.3300,7280.0000,154.2660,29
2026-08-19 22:08:25,MRNA,154.2300,154.2800,154.0800,154.1900,6690.0000,154.1750,44
2026-08-19 22:08:30,MRNA,154.1600,154.5000,154.1200,154.4200,14768.0000,154.3500,101
2026-08-19 22:08:35,MRNA,154.4200,154.5000,154.2900,154.4700,7310.0000,154.4090,40
2026-08-19 22:08:40,MRNA,154.4400,154.8600,154.3800,154.8000,15508.0000,154.5770,76
2026-08-19 22:08:45,MRNA,154.8000,155.7800,154.8000,155.6900,57184.0000,155.3170,195
2026-08-19 22:08:50,MRNA,155.3900,156.3500,155.3900,156.3500,60719.0000,155.9860,226
2026-08-19 22:08:55,MRNA,156.2200,156.5800,156.1800,156.3500,33058.0000,156.3560,137
2026-08-19 22:09:00,MRNA,156.3500,156.4100,156.2500,156.3300,13613.0000,156.3330,51
2026-08-19 22:09:05,MRNA,156.3600,156.9700,156.2300,156.8400,39078.0000,156.4480,172
2026-08-19 22:09:10,MRNA,156.8500,157.2500,156.7500,157.0000,68725.0000,157.0020,250
2026-08-19 22:09:15,MRNA,156.7400,157.2500,156.6700,157.0300,26352.0000,156.9150,119
2026-08-19 22:09:20,MRNA,157.1100,157.1300,156.5900,156.7600,33574.0000,156.9660,138
2026-08-19 22:09:25,MRNA,156.9300,156.9300,156.5900,156.7600,14440.0000,156.7440,55
2026-08-19 22:09:30,MRNA,156.6700,156.9300,156.5900,156.9300,9986.0000,156.7500,39
2026-08-19 22:09:35,MRNA,156.9400,157.2300,156.8700,157.1500,14836.0000,156.9940,66
2026-08-19 22:09:40,MRNA,157.2500,157.5000,156.9400,157.5000,18014.0000,157.2870,86
2026-08-19 22:09:45,MRNA,157.4300,157.5100,157.2500,157.4300,21317.0000,157.4140,101
2026-08-19 22:09:50,MRNA,157.3400,157.4400,157.1000,157.2800,15798.0000,157.2670,79
2026-08-19 22:09:55,MRNA,157.2800,157.4500,156.9100,157.0100,22099.0000,157.0940,122
2026-08-19 22:10:00,MRNA,157.1200,157.1300,156.6400,156.7300,12986.0000,156.8340,60
2026-08-19 22:10:05,MRNA,156.6900,156.9000,156.5800,156.5800,8069.0000,156.7050,37
2026-08-19 22:10:10,MRNA,156.5800,156.8900,156.2000,156.3200,15400.0000,156.5570,61
2026-08-19 22:10:15,MRNA,156.2700,156.4000,156.0100,156.0700,20267.0000,156.2090,70
2026-08-19 22:10:20,MRNA,156.1700,156.6300,156.0400,156.5500,10540.0000,156.3160,47
2026-08-19 22:10:25,MRNA,156.5600,156.9400,156.3600,156.8700,16355.0000,156.6400,48
2026-08-19 22:10:30,MRNA,156.9500,157.4500,156.8300,157.2900,18103.0000,157.2330,86
2026-08-19 22:10:35,MRNA,157.1400,157.3000,156.9000,157.0000,17868.0000,157.0780,98
2026-08-19 22:10:40,MRNA,156.9100,157.0000,156.7800,156.9200,8216.0000,156.9220,42
2026-08-19 22:10:45,MRNA,157.0000,157.1800,157.0000,157.0600,12365.0000,157.0800,56
2026-08-19 22:10:50,MRNA,157.0600,157.1500,156.8400,157.0600,14907.0000,157.0190,77
2026-08-19 22:10:55,MRNA,157.0200,157.0900,156.8900,157.0000,6116.0000,157.0270,20
2026-08-19 22:11:00,MRNA,157.0600,157.1500,156.4100,156.4100,29519.0000,156.8770,164
2026-08-19 22:11:05,MRNA,156.6600,156.6900,156.2200,156.2500,13609.0000,156.5360,63
2026-08-19 22:11:10,MRNA,156.2200,156.2700,155.6200,155.9400,26536.0000,155.9760,115
2026-08-19 22:11:15,MRNA,156.1100,156.1200,155.2000,155.6200,33795.0000,155.6460,125
2026-08-19 22:11:20,MRNA,155.7200,155.7800,155.3800,155.5800,16216.0000,155.4930,43
2026-08-19 22:11:25,MRNA,155.6300,155.7800,155.6000,155.6800,10643.0000,155.6780,30
2026-08-19 22:11:30,MRNA,155.6800,155.8500,155.5900,155.8500,4641.0000,155.7220,21
2026-08-19 22:11:35,MRNA,155.9000,156.0000,155.7800,155.9400,8967.0000,155.8970,35
2026-08-19 22:11:40,MRNA,155.8900,156.0000,155.7800,155.9900,7272.0000,155.8670,22
2026-08-19 22:11:45,MRNA,155.9000,156.0000,155.8000,155.9000,2609.0000,155.9180,15
2026-08-19 22:11:50,MRNA,155.9700,156.0400,155.9000,155.9800,5373.0000,155.9660,25
2026-08-19 22:11:55,MRNA,155.9900,156.0600,155.9300,156.0300,10599.0000,155.9890,33
2026-08-19 22:12:00,MRNA,156.0300,156.1100,155.9500,156.0000,4675.0000,156.0170,23
2026-08-19 22:12:05,MRNA,156.0100,156.1500,156.0000,156.0700,5211.0000,156.0520,17
2026-08-19 22:12:10,MRNA,156.1500,156.2500,155.8700,156.1100,24866.0000,156.0260,96
2026-08-19 22:12:15,MRNA,156.0300,156.2300,156.0000,156.2300,2900.0000,156.0650,10
2026-08-19 22:12:20,MRNA,156.3100,156.5700,156.1300,156.3500,11842.0000,156.3870,38
2026-08-19 22:12:25,MRNA,156.2400,156.6900,156.2400,156.4400,27368.0000,156.5700,91
2026-08-19 22:12:30,MRNA,156.5300,156.5300,156.1500,156.2100,7851.0000,156.3280,45
2026-08-19 22:12:35,MRNA,156.2100,156.3800,155.8700,156.0000,13663.0000,155.9920,69
2026-08-19 22:12:40,MRNA,156.0100,156.1500,155.9900,156.0100,4054.0000,156.0840,17
2026-08-19 22:12:45,MRNA,156.0300,156.2300,156.0100,156.2300,2078.0000,156.1180,13
2026-08-19 22:12:50,MRNA,156.1700,156.3500,156.1000,156.3000,12009.0000,156.2600,36
2026-08-19 22:12:55,MRNA,156.2300,156.3500,156.1600,156.3200,7096.0000,156.2900,28
2026-08-19 22:13:00,MRNA,156.3500,156.3500,156.0000,156.2000,9394.0000,156.1030,47
2026-08-19 22:13:05,MRNA,156.2500,156.2500,156.0800,156.1600,2862.0000,156.1800,20
2026-08-19 22:13:10,MRNA,156.1300,156.2500,156.0700,156.0700,870.0000,156.1290,4
2026-08-19 22:13:15,MRNA,156.0900,156.1300,156.0000,156.1300,3742.0000,156.0640,19
2026-08-19 22:13:20,MRNA,156.0000,156.0500,155.9100,155.9900,6247.0000,155.9860,46
2026-08-19 22:13:25,MRNA,155.9800,156.1000,155.7200,155.8100,13541.0000,155.8860,97
2026-08-19 22:13:30,MRNA,155.8100,155.9100,155.7200,155.7800,12652.0000,155.8240,52
2026-08-19 22:13:35,MRNA,155.7500,155.9500,155.7100,155.8600,3173.0000,155.8360,19
2026-08-19 22:13:40,MRNA,155.8600,156.0000,155.7200,155.9400,3534.0000,155.8500,11
2026-08-19 22:13:45,MRNA,155.9400,156.0000,155.7200,155.9600,3640.0000,155.9430,16
2026-08-19 22:13:50,MRNA,155.9900,156.0000,155.8600,155.8900,2925.0000,155.9370,23
2026-08-19 22:13:55,MRNA,155.8500,155.8900,155.2900,155.3500,27689.0000,155.6270,145
2026-08-19 22:14:00,MRNA,155.3500,155.7200,155.2000,155.3500,17993.0000,155.3810,97
2026-08-19 22:14:05,MRNA,155.3500,155.4500,154.6500,155.1600,31359.0000,155.0160,158
2026-08-19 22:14:10,MRNA,155.1300,155.5400,155.1200,155.4700,5717.0000,155.2880,26
2026-08-19 22:14:15,MRNA,155.5300,155.5500,155.1900,155.3300,4682.0000,155.3640,18
2026-08-19 22:14:20,MRNA,155.3300,155.4400,155.1800,155.1900,3496.0000,155.2890,19
2026-08-19 22:14:25,MRNA,155.1500,155.2800,155.0400,155.0900,6718.0000,155.1320,30
2026-08-19 22:14:30,MRNA,155.0900,155.1600,154.6300,154.7600,20321.0000,154.9840,79
2026-08-19 22:14:35,MRNA,154.7700,154.7900,154.6200,154.7500,5338.0000,154.6800,28
2026-08-19 22:14:40,MRNA,154.6300,154.9800,154.6300,154.8800,7849.0000,154.8750,34
2026-08-19 22:14:45,MRNA,154.8500,154.9000,154.5000,154.6100,20286.0000,154.6880,55
2026-08-19 22:14:50,MRNA,154.6100,154.7100,154.5300,154.5900,5163.0000,154.6080,17
2026-08-19 22:14:55,MRNA,154.5900,154.6200,154.4000,154.5300,11715.0000,154.5220,63
2026-08-19 22:15:00,MRNA,154.6300,154.7700,154.3900,154.4100,20020.0000,154.5720,109
2026-08-19 22:15:05,MRNA,154.5200,155.5000,154.4000,155.5000,23730.0000,154.8800,139
2026-08-19 22:15:10,MRNA,155.3300,155.4800,155.2000,155.4300,6422.0000,155.3670,36
2026-08-19 22:15:15,MRNA,155.4800,155.7000,155.4100,155.5900,7128.0000,155.5760,32
2026-08-19 22:15:20,MRNA,155.5900,156.2000,155.4500,156.0000,89900.0000,155.6800,366
2026-08-19 22:15:25,MRNA,155.8500,156.3000,155.8500,156.2200,16223.0000,156.1450,78
2026-08-19 22:15:30,MRNA,156.2200,156.2900,156.1300,156.2100,12672.0000,156.2310,33
2026-08-19 22:15:35,MRNA,156.2600,156.4100,156.0500,156.3300,55673.0000,156.1840,190
2026-08-19 22:15:40,MRNA,156.2600,156.4500,156.1600,156.2700,10892.0000,156.2860,30
2026-08-19 22:15:45,MRNA,156.3100,156.4000,156.3100,156.3100,4021.0000,156.3680,15
2026-08-19 22:15:50,MRNA,156.3100,156.5200,156.1400,156.1900,32181.0000,156.3940,140
2026-08-19 22:15:55,MRNA,156.1900,156.4200,156.1300,156.2600,8317.0000,156.2100,30
2026-08-19 22:16:00,MRNA,156.3500,156.4200,156.2600,156.3200,6989.0000,156.3570,28
2026-08-19 22:16:05,MRNA,156.3200,156.3900,156.1300,156.2600,18789.0000,156.2520,50
2026-08-19 22:16:10,MRNA,156.1600,156.4200,156.1600,156.3200,5528.0000,156.3280,27
2026-08-19 22:16:15,MRNA,156.2900,156.3900,156.1300,156.2400,9206.0000,156.2260,48
2026-08-19 22:16:20,MRNA,156.2800,156.4000,156.1800,156.3500,7795.0000,156.3350,35
2026-08-19 22:16:25,MRNA,156.3400,156.3400,155.5000,155.5200,24753.0000,155.8770,98
2026-08-19 22:16:30,MRNA,155.6400,155.7900,155.5000,155.6400,7739.0000,155.6630,37
2026-08-19 22:16:35,MRNA,155.6400,155.9300,155.6400,155.9300,4237.0000,155.8010,19
2026-08-19 22:16:40,MRNA,155.8700,156.2300,155.7900,156.2100,5729.0000,155.9750,29
2026-08-19 22:16:45,MRNA,156.1800,156.2600,155.9500,156.0300,7741.0000,156.1180,47
2026-08-19 22:16:50,MRNA,156.0200,156.1000,155.9400,155.9400,3421.0000,156.0340,11
2026-08-19 22:16:55,MRNA,155.9100,156.0400,155.7900,155.9900,15012.0000,155.9450,79
2026-08-19 22:17:00,MRNA,155.9000,156.1900,155.9000,156.1900,7043.0000,155.9910,37
2026-08-19 22:17:05,MRNA,156.1700,156.3800,156.1700,156.2500,18272.0000,156.2990,59
2026-08-19 22:17:10,MRNA,156.2400,156.4000,156.1300,156.2800,10242.0000,156.2640,56
2026-08-19 22:17:15,MRNA,156.2500,156.2800,156.1300,156.1300,2673.0000,156.2080,12
2026-08-19 22:17:20,MRNA,156.2500,156.3000,156.0100,156.0800,6364.0000,156.1430,33
2026-08-19 22:17:25,MRNA,156.0900,156.3600,156.0800,156.1600,10749.0000,156.2600,64
2026-08-19 22:17:30,MRNA,156.1100,156.2000,155.9900,156.0900,7212.0000,156.0310,40
2026-08-19 22:17:35,MRNA,155.9900,156.1900,155.9900,156.0000,2767.0000,156.0700,15
2026-08-19 22:17:40,MRNA,156.0600,156.0600,155.8800,155.9100,3724.0000,155.9790,20
2026-08-19 22:17:45,MRNA,155.9700,156.0000,155.8900,155.8900,950.0000,155.9490,6
2026-08-19 22:17:50,MRNA,155.9500,156.1300,155.8900,156.1100,9978.0000,156.0850,54
2026-08-19 22:17:55,MRNA,156.1100,156.5200,156.1100,156.4900,19903.0000,156.3490,69
2026-08-19 22:18:00,MRNA,156.4500,156.7800,156.4400,156.7800,23807.0000,156.6120,77
2026-08-19 22:18:05,MRNA,156.7600,156.7800,156.4800,156.5900,13018.0000,156.6180,72
2026-08-19 22:18:10,MRNA,156.7000,156.9000,156.5900,156.7900,11039.0000,156.7640,61
2026-08-19 22:18:15,MRNA,156.8400,156.9000,156.6900,156.7900,11941.0000,156.8190,38
2026-08-19 22:18:20,MRNA,156.8300,156.8900,156.7800,156.8500,14016.0000,156.8320,48
2026-08-19 22:18:25,MRNA,156.8000,157.2400,156.5800,156.6000,87693.0000,156.9480,312
2026-08-19 22:18:30,MRNA,156.5900,156.6600,156.5000,156.5800,7628.0000,156.5850,41
2026-08-19 22:18:35,MRNA,156.6600,156.7700,156.4200,156.5900,17422.0000,156.5610,68
2026-08-19 22:18:40,MRNA,156.6200,156.7700,156.5700,156.7000,6343.0000,156.6620,31
2026-08-19 22:18:45,MRNA,156.6600,156.7700,156.6100,156.7000,3033.0000,156.6950,16
2026-08-19 22:18:50,MRNA,156.7100,156.8000,156.5900,156.6000,9248.0000,156.6750,47
2026-08-19 22:18:55,MRNA,156.6800,156.8000,156.6000,156.7600,11748.0000,156.7120,29
2026-08-19 22:19:00,MRNA,156.7600,156.8300,156.6700,156.6700,3270.0000,156.7270,21
2026-08-19 22:19:05,MRNA,156.6700,156.9900,156.6700,156.8400,11997.0000,156.8470,66
2026-08-19 22:19:10,MRNA,156.8400,157.8000,156.7500,157.7500,62573.0000,157.4830,154
2026-08-19 22:19:15,MRNA,157.6700,157.8200,157.3500,157.6600,31480.0000,157.6290,155
2026-08-19 22:19:20,MRNA,157.6600,157.6700,157.3600,157.3900,24083.0000,157.5120,119
2026-08-19 22:19:25,MRNA,157.4200,157.5000,157.3400,157.4900,13197.0000,157.4110,70
2026-08-19 22:19:30,MRNA,157.4200,157.5800,157.3900,157.4800,8537.0000,157.4870,33
2026-08-19 22:19:35,MRNA,157.4400,157.5000,157.0400,157.1700,26068.0000,157.2630,106
2026-08-19 22:19:40,MRNA,157.1600,157.2200,156.6000,156.8100,16132.0000,156.9480,89
2026-08-19 22:19:45,MRNA,156.8100,156.9400,156.6700,156.7000,8076.0000,156.7640,30
2026-08-19 22:19:50,MRNA,156.6700,157.0700,156.5200,157.0600,16811.0000,156.6820,84
2026-08-19 22:19:55,MRNA,157.0000,157.7500,157.0000,157.5600,16858.0000,157.4420,93
2026-08-19 22:20:00,MRNA,157.5600,157.9900,157.4300,157.8600,19874.0000,157.7420,78
2026-08-19 22:20:05,MRNA,157.8900,158.2500,157.7600,158.2500,46330.0000,158.0050,200
2026-08-19 22:20:10,MRNA,158.2300,158.2800,157.9000,158.2000,18030.0000,158.1300,91
2026-08-19 22:20:15,MRNA,158.2100,158.3900,158.0800,158.1400,30105.0000,158.2480,93
2026-08-19 22:20:20,MRNA,158.1800,158.2500,157.8500,157.9400,17654.0000,158.0200,84
2026-08-19 22:20:25,MRNA,157.9200,158.2100,157.9200,158.0300,9328.0000,158.0720,50
2026-08-19 22:20:30,MRNA,157.9500,158.1100,157.8400,158.0000,18016.0000,157.9850,94
2026-08-19 22:20:35,MRNA,158.0100,158.0100,157.7000,157.8700,17963.0000,157.8650,77
2026-08-19 22:20:40,MRNA,157.8800,158.0800,157.8300,157.9800,7004.0000,157.9700,35
2026-08-19 22:20:45,MRNA,157.9400,158.2400,157.8900,158.2400,14609.0000,158.0260,50
2026-08-19 22:20:50,MRNA,158.0100,158.1300,157.7700,157.9000,17737.0000,157.9380,75
2026-08-19 22:20:55,MRNA,157.8700,158.0000,157.8500,157.9200,4479.0000,157.9170,25
2026-08-19 22:21:00,MRNA,157.9700,157.9700,157.7000,157.9000,16937.0000,157.8740,58
2026-08-19 22:21:05,MRNA,157.8400,158.0900,157.8400,158.0900,6718.0000,157.9720,31
2026-08-19 22:21:10,MRNA,158.0800,158.1000,157.7500,157.8000,19891.0000,157.9510,88
2026-08-19 22:21:15,MRNA,157.8000,158.0000,157.7700,158.0000,7889.0000,157.9050,35
2026-08-19 22:21:20,MRNA,158.0000,158.1000,157.8900,157.9800,4039.0000,158.0040,28
2026-08-19 22:21:25,MRNA,157.8900,157.8900,157.7500,157.8600,8688.0000,157.8200,38
2026-08-19 22:21:30,MRNA,157.8700,157.9100,157.7500,157.8700,6240.0000,157.8430,19
2026-08-19 22:21:35,MRNA,157.8300,157.8800,157.6800,157.7200,8030.0000,157.7480,43
2026-08-19 22:21:40,MRNA,157.6700,158.0000,157.6700,158.0000,9223.0000,157.9120,45
2026-08-19 22:21:45,MRNA,158.0000,158.0000,157.3500,157.5800,33519.0000,157.6610,126
2026-08-19 22:21:50,MRNA,157.5000,157.6500,157.2700,157.4000,14137.0000,157.4550,64
2026-08-19 22:21:55,MRNA,157.3200,157.4700,157.0100,157.3100,15495.0000,157.2280,67
2026-08-19 22:22:00,MRNA,157.3100,157.5000,156.8000,157.4700,37690.0000,157.1720,202
2026-08-19 22:22:05,MRNA,157.3900,157.5900,157.3500,157.5000,3671.0000,157.4690,25
2026-08-19 22:22:10,MRNA,157.4200,157.5900,157.3500,157.5900,5833.0000,157.4500,31
2026-08-19 22:22:15,MRNA,157.5600,157.6500,157.3700,157.6400,6187.0000,157.5350,25
2026-08-19 22:22:20,MRNA,157.5800,157.7500,157.4800,157.6700,8993.0000,157.5550,40
2026-08-19 22:22:25,MRNA,157.6700,157.7300,157.6000,157.6700,4510.0000,157.6590,22
2026-08-19 22:22:30,MRNA,157.6700,157.8200,157.6600,157.7600,4337.0000,157.7400,26
2026-08-19 22:22:35,MRNA,157.7800,157.8800,157.7500,157.7800,8210.0000,157.8300,39
2026-08-19 22:22:40,MRNA,157.8600,158.2200,157.8200,158.2100,25290.0000,158.0540,112
2026-08-19 22:22:45,MRNA,158.2200,158.2500,158.0500,158.0700,33000.0000,158.1960,122
2026-08-19 22:22:50,MRNA,158.0400,158.2000,158.0400,158.1500,7799.0000,158.1370,32
2026-08-19 22:22:55,MRNA,158.1400,158.2500,157.8000,158.0000,10306.0000,158.0320,55
2026-08-19 22:23:00,MRNA,158.1200,158.1400,158.0000,158.0600,2675.0000,158.0680,14
2026-08-19 22:23:05,MRNA,158.1200,158.4400,158.0000,158.2600,7525.0000,158.1950,41
2026-08-19 22:23:10,MRNA,158.2600,158.4700,157.7500,157.8400,23219.0000,158.0840,105
2026-08-19 22:23:15,MRNA,157.8100,157.9700,157.7500,157.9300,11294.0000,157.8660,51
2026-08-19 22:23:20,MRNA,157.9900,158.0900,157.8800,157.9400,7577.0000,157.9810,34
2026-08-19 22:23:25,MRNA,157.9400,158.3600,157.9300,158.2300,10470.0000,158.1750,60
2026-08-19 22:23:30,MRNA,158.2300,158.4400,158.2100,158.3000,17407.0000,158.3020,88
2026-08-19 22:23:35,MRNA,158.3800,158.3900,158.2400,158.2700,7707.0000,158.3060,34
2026-08-19 22:23:40,MRNA,158.2600,158.3600,158.0000,158.1000,15412.0000,158.2220,82
2026-08-19 22:23:45,MRNA,158.1000,158.2500,158.0600,158.2500,8739.0000,158.1530,46
2026-08-19 22:23:50,MRNA,158.1900,158.3600,158.1200,158.3600,5333.0000,158.2560,36
2026-08-19 22:23:55,MRNA,158.3500,158.3600,158.1800,158.2800,5241.0000,158.2740,32
2026-08-19 22:24:00,MRNA,158.2800,158.4200,158.2200,158.3600,8646.0000,158.3120,29
2026-08-19 22:24:05,MRNA,158.3300,158.4200,158.0600,158.0900,19104.0000,158.2140,101
2026-08-19 22:24:10,MRNA,158.1900,158.2900,157.7900,157.8800,23038.0000,158.0010,108
2026-08-19 22:24:15,MRNA,157.8800,158.2500,157.8800,158.1800,7919.0000,158.1090,40
2026-08-19 22:24:20,MRNA,158.2500,158.4500,158.2400,158.3100,10498.0000,158.3280,58
2026-08-19 22:24:25,MRNA,158.2700,158.4500,158.2500,158.2600,6025.0000,158.3220,35
2026-08-19 22:24:30,MRNA,158.3600,158.3800,158.1900,158.3300,7746.0000,158.2870,51
2026-08-19 22:24:35,MRNA,158.3000,158.3600,158.2100,158.2600,7387.0000,158.2760,42
2026-08-19 22:24:40,MRNA,158.2100,158.3300,158.2100,158.2700,4958.0000,158.2600,25
2026-08-19 22:24:45,MRNA,158.3100,158.3500,158.2300,158.2600,4120.0000,158.2630,22
2026-08-19 22:24:50,MRNA,158.2600,158.4000,158.1400,158.3900,11399.0000,158.2620,59
2026-08-19 22:24:55,MRNA,158.2200,159.0100,158.2200,158.8300,92754.0000,158.8140,268
2026-08-19 22:25:00,MRNA,158.9300,159.3500,158.8000,159.2600,78828.0000,159.0910,339
2026-08-19 22:25:05,MRNA,159.2600,159.4000,159.2000,159.2700,43652.0000,159.3040,175
2026-08-19 22:25:10,MRNA,159.3500,159.3500,158.5500,158.9200,82434.0000,158.8650,426
2026-08-19 22:25:15,MRNA,158.9300,159.0600,158.7000,159.0300,14099.0000,158.9370,74
2026-08-19 22:25:20,MRNA,159.0300,159.1000,158.7000,158.8400,36928.0000,158.9870,230
2026-08-19 22:25:25,MRNA,158.8400,159.0300,158.7000,158.8800,10144.0000,158.8650,40
2026-08-19 22:25:30,MRNA,158.7300,158.9900,158.7300,158.8800,6879.0000,158.8880,29
2026-08-19 22:25:35,MRNA,158.9500,159.6000,158.9100,159.4500,34594.0000,159.1740,207
2026-08-19 22:25:40,MRNA,159.6000,159.6000,159.3100,159.4100,36094.0000,159.4520,120
2026-08-19 22:25:45,MRNA,159.3700,159.5000,159.1500,159.1500,35652.0000,159.3160,130
2026-08-19 22:25:50,MRNA,159.1500,159.4400,159.0700,159.3100,14976.0000,159.2680,78
2026-08-19 22:25:55,MRNA,159.3200,159.4500,158.9800,159.2600,43322.0000,159.2300,107
2026-08-19 22:26:00,MRNA,159.3200,159.7800,159.1400,159.7800,65256.0000,159.5520,345
2026-08-19 22:26:05,MRNA,159.7000,159.9000,159.5800,159.7500,35806.0000,159.7660,153
2026-08-19 22:26:10,MRNA,159.8600,159.9900,159.5800,159.9000,57246.0000,159.9420,151
2026-08-19 22:26:15,MRNA,159.9000,159.9400,159.7500,159.8900,28626.0000,159.8630,138
2026-08-19 22:26:20,MRNA,159.8900,160.5800,159.7500,160.4100,129087.0000,160.0180,355
2026-08-19 22:26:25,MRNA,160.4100,160.7000,160.2200,160.5900,33405.0000,160.5280,172
2026-08-19 22:26:30,MRNA,160.6000,161.2600,160.5400,161.2600,101331.0000,160.8880,463
2026-08-19 22:26:35,MRNA,161.2600,161.4700,160.2900,160.5300,58561.0000,161.0390,300
2026-08-19 22:26:40,MRNA,160.5800,160.8100,160.2900,160.4700,26265.0000,160.5900,136
2026-08-19 22:26:45,MRNA,160.4700,160.5700,159.5800,159.6400,39942.0000,159.9090,184
2026-08-19 22:26:50,MRNA,159.6900,159.9400,159.5800,159.9400,15593.0000,159.7180,65
2026-08-19 22:26:55,MRNA,159.9100,160.5400,159.7000,160.3200,19340.0000,160.2980,97
2026-08-19 22:27:00,MRNA,160.3200,160.4900,160.1500,160.2700,16819.0000,160.2940,84
2026-08-19 22:27:05,MRNA,160.2700,160.4500,160.1500,160.2000,17944.0000,160.3080,68
2026-08-19 22:27:10,MRNA,160.1500,160.1700,159.2200,159.2200,43981.0000,159.7210,222
2026-08-19 22:27:15,MRNA,159.2300,159.5600,159.0800,159.3800,28136.0000,159.3190,108
2026-08-19 22:27:20,MRNA,159.3300,159.5600,159.3200,159.4000,10939.0000,159.4190,58
2026-08-19 22:27:25,MRNA,159.4800,160.3900,159.2600,160.2300,55361.0000,159.5540,185
2026-08-19 22:27:30,MRNA,160.3400,160.8400,159.3500,160.6900,25238.0000,160.5860,119
2026-08-19 22:27:35,MRNA,160.7300,160.8300,159.8500,159.8500,45548.0000,160.4650,182
2026-08-19 22:27:40,MRNA,159.8900,160.2000,159.7700,159.9400,11035.0000,159.9080,57
2026-08-19 22:27:45,MRNA,159.8000,160.5800,159.7700,160.3700,14984.0000,160.3140,79
2026-08-19 22:27:50,MRNA,160.3800,160.5300,160.1000,160.1600,11376.0000,160.3050,76
2026-08-19 22:27:55,MRNA,160.1600,160.2100,159.8200,160.0800,28756.0000,160.0380,133
2026-08-19 22:28:00,MRNA,160.1000,160.1000,159.5100,159.7000,14287.0000,159.7570,72
2026-08-19 22:28:05,MRNA,159.5900,160.1500,159.4700,159.6400,27946.0000,159.8350,186
2026-08-19 22:28:10,MRNA,159.5900,159.7100,159.4800,159.6400,6250.0000,159.6070,29
2026-08-19 22:28:15,MRNA,159.5900,159.9000,159.5900,159.7000,6185.0000,159.6860,26
2026-08-19 22:28:20,MRNA,159.7900,159.8000,157.9800,158.3000,122929.0000,158.5000,675
2026-08-19 22:28:25,MRNA,158.4200,158.4400,157.5800,157.7300,54856.0000,157.9190,317
2026-08-19 22:28:30,MRNA,157.6000,158.4400,157.5000,158.3200,44821.0000,157.8830,281
2026-08-19 22:28:35,MRNA,158.4400,158.8900,158.3200,158.3600,12452.0000,158.5760,58
2026-08-19 22:28:40,MRNA,158.4600,158.5200,158.3400,158.4000,11908.0000,158.3950,61
2026-08-19 22:28:45,MRNA,158.3400,158.5000,158.0000,158.0200,36285.0000,158.2640,177
2026-08-19 22:28:50,MRNA,158.1400,158.2300,157.9900,158.0200,20058.0000,158.0810,140
2026-08-19 22:28:55,MRNA,158.0100,158.3900,158.0000,158.2300,7658.0000,158.1170,49
2026-08-19 22:29:00,MRNA,158.3400,158.3400,157.9800,158.2600,14765.0000,158.1100,80
2026-08-19 22:29:05,MRNA,158.2600,158.6300,158.2000,158.6300,25241.0000,158.4340,138
2026-08-19 22:29:10,MRNA,158.4200,158.4600,157.7000,157.7100,51229.0000,157.9830,235
2026-08-19 22:29:15,MRNA,157.9700,158.6300,157.7300,158.4900,29768.0000,158.2820,82
2026-08-19 22:29:20,MRNA,158.4800,158.5400,158.1600,158.1600,12448.0000,158.3310,52
2026-08-19 22:29:25,MRNA,158.2300,158.4600,158.1300,158.2100,3505.0000,158.2600,26
2026-08-19 22:29:30,MRNA,158.3100,158.4100,158.2500,158.3600,13157.0000,158.3170,63
2026-08-19 22:29:35,MRNA,158.2200,158.4100,157.9200,157.9400,16766.0000,158.1390,102
2026-08-19 22:29:40,MRNA,157.9400,158.1700,157.8000,158.0600,8815.0000,158.0510,49
2026-08-19 22:29:45,MRNA,158.0600,158.1000,157.0100,157.2300,25343.0000,157.5720,156
2026-08-19 22:29:50,MRNA,157.1000,157.6500,157.0100,157.5000,12634.0000,157.3060,66
2026-08-19 22:29:55,MRNA,157.1000,158.0800,157.0900,158.0800,14317.0000,157.4460,71
2026-08-19 22:30:00,MRNA,157.8800,158.4100,157.7200,157.8400,19054.0000,157.9920,112
2026-08-19 22:30:05,MRNA,157.8300,157.9400,157.4400,157.7900,13935.0000,157.6320,74
2026-08-19 22:30:10,MRNA,157.6100,158.4100,157.5000,158.3100,10637.0000,158.0480,52
2026-08-19 22:30:15,MRNA,158.3100,158.4100,158.0400,158.3300,14751.0000,158.2070,81
2026-08-19 22:30:20,MRNA,158.3100,158.3800,157.5500,157.9000,27852.0000,158.0950,159
2026-08-19 22:30:25,MRNA,157.9100,158.1000,157.5300,158.0800,11614.0000,157.7550,63
2026-08-19 22:30:30,MRNA,157.9400,158.8500,157.9300,158.6500,21555.0000,158.5450,124
2026-08-19 22:30:35,MRNA,158.6300,158.9000,158.5300,158.8100,60850.0000,158.7920,330
2026-08-19 22:30:40,MRNA,158.7800,158.9000,158.5800,158.7700,42420.0000,158.7370,207
2026-08-19 22:30:45,MRNA,158.7500,159.2900,158.7200,158.9500,14676.0000,158.9930,84
2026-08-19 22:30:50,MRNA,159.2400,159.3300,158.9000,159.1000,28434.0000,159.1060,131
2026-08-19 22:30:55,MRNA,159.0100,159.0800,158.9500,159.0000,16189.0000,159.0230,83
2026-08-19 22:31:00,MRNA,159.0700,159.4000,158.9000,159.2600,17830.0000,159.0780,90
2026-08-19 22:31:05,MRNA,159.1900,159.7500,159.1400,159.6000,18441.0000,159.4500,99
2026-08-19 22:31:10,MRNA,159.6600,159.8500,159.5400,159.7600,21013.0000,159.6950,79
2026-08-19 22:31:15,MRNA,159.6600,160.2500,159.5400,160.1400,44773.0000,159.9620,214
2026-08-19 22:31:20,MRNA,160.1700,160.2400,159.7000,159.8600,32136.0000,159.9740,149
2026-08-19 22:31:25,MRNA,160.0000,160.0000,159.7600,159.8200,13011.0000,159.8310,64
2026-08-19 22:31:30,MRNA,159.8000,160.3000,159.7000,160.1900,23818.0000,160.0750,104
2026-08-19 22:31:35,MRNA,160.2500,160.2500,159.9700,160.0900,27068.0000,160.1090,130
2026-08-19 22:31:40,MRNA,160.0900,160.4300,160.0900,160.3800,11621.0000,160.2610,64
2026-08-19 22:31:45,MRNA,160.3500,160.6000,160.3500,160.5300,32645.0000,160.4950,131
2026-08-19 22:31:50,MRNA,160.5500,160.7200,160.3900,160.6900,15733.0000,160.5860,80
2026-08-19 22:31:55,MRNA,160.7000,160.8500,160.6500,160.7600,16987.0000,160.7210,97
2026-08-19 22:32:00,MRNA,160.7800,160.8500,160.4000,160.6900,36856.0000,160.6280,170
2026-08-19 22:32:05,MRNA,160.6500,160.9900,160.5600,160.9000,22224.0000,160.8240,109
2026-08-19 22:32:10,MRNA,160.9900,161.2000,160.7500,161.1000,48817.0000,160.9590,183
2026-08-19 22:32:15,MRNA,161.0800,161.5000,161.0000,161.2800,33345.0000,161.2560,163
2026-08-19 22:32:20,MRNA,161.2400,161.5000,161.1800,161.3300,34391.0000,161.3460,161
2026-08-19 22:32:25,MRNA,161.2600,161.6000,161.1400,161.5500,41003.0000,161.4290,189
2026-08-19 22:32:30,MRNA,161.6000,161.6600,161.3000,161.4700,25138.0000,161.4800,117
2026-08-19 22:32:35,MRNA,161.3400,161.6000,161.3400,161.5000,20601.0000,161.4660,102
2026-08-19 22:32:40,MRNA,161.4700,161.5600,161.2800,161.4400,25642.0000,161.3990,141
2026-08-19 22:32:45,MRNA,161.3900,161.4700,161.3000,161.4700,14094.0000,161.3810,57
2026-08-19 22:32:50,MRNA,161.4900,161.7000,161.4800,161.6100,19463.0000,161.6160,122
2026-08-19 22:32:55,MRNA,161.5900,161.9500,161.5100,161.8900,31365.0000,161.7960,116
2026-08-19 22:33:00,MRNA,161.9100,162.9900,161.9100,162.9200,145482.0000,162.2420,318
2026-08-19 22:33:05,MRNA,162.9800,162.9900,162.6100,162.9100,47972.0000,162.8400,214
2026-08-19 22:33:10,MRNA,162.9100,163.4000,162.5700,163.3700,112411.0000,163.0860,497
2026-08-19 22:33:15,MRNA,163.0600,163.4200,163.0100,163.4000,51524.0000,163.3500,256
2026-08-19 22:33:20,MRNA,163.4000,163.4000,162.8400,163.2600,41402.0000,163.0710,223
2026-08-19 22:33:25,MRNA,163.2200,164.2000,163.2100,164.0200,93802.0000,163.6660,423
2026-08-19 22:33:30,MRNA,163.9700,164.2200,163.6700,164.1600,36838.0000,164.0640,153
2026-08-19 22:33:35,MRNA,164.1800,164.4300,164.1100,164.4300,41551.0000,164.2630,205
2026-08-19 22:33:40,MRNA,164.4200,164.4400,163.9000,164.0700,74299.0000,164.1470,319
2026-08-19 22:33:45,MRNA,163.9200,164.1800,163.6700,163.7400,38150.0000,163.9180,191
2026-08-19 22:33:50,MRNA,163.9100,164.2000,163.7000,164.0300,26284.0000,163.9110,124
2026-08-19 22:33:55,MRNA,164.1800,164.3000,163.9100,164.2500,27977.0000,164.2020,130
2026-08-19 22:34:00,MRNA,164.2500,164.2500,162.8000,162.9500,60053.0000,163.4620,280
2026-08-19 22:34:05,MRNA,162.8500,163.1100,162.1300,162.5000,50455.0000,162.6660,236
2026-08-19 22:34:10,MRNA,162.3600,163.0000,162.1300,162.7000,42889.0000,162.7140,227
2026-08-19 22:34:15,MRNA,162.6800,163.4100,162.5900,163.3500,21903.0000,163.0350,110
2026-08-19 22:34:20,MRNA,163.2900,163.5800,163.1500,163.2400,22700.0000,163.3700,118
2026-08-19 22:34:25,MRNA,163.2900,163.4400,162.7600,163.0700,25135.0000,163.0270,133
2026-08-19 22:34:30,MRNA,163.0700,163.3000,162.0300,162.3800,15592.0000,162.7850,93
2026-08-19 22:34:35,MRNA,162.0900,162.5900,162.0300,162.3300,18070.0000,162.3170,63
2026-08-19 22:34:40,MRNA,162.3200,162.5700,162.1100,162.4400,27840.0000,162.2660,115
2026-08-19 22:34:45,MRNA,162.4800,162.9900,162.3300,162.8300,17403.0000,162.7460,76
2026-08-19 22:34:50,MRNA,162.8500,163.2500,162.8400,162.8400,17927.0000,163.0090,106
2026-08-19 22:34:55,MRNA,162.9700,163.1200,162.8300,162.9800,42697.0000,162.9680,61
2026-08-19 22:35:00,MRNA,162.9800,163.4300,162.9700,163.2700,28367.0000,163.2190,129
2026-08-19 22:35:05,MRNA,163.2000,163.2800,162.5200,162.7200,21443.0000,162.9130,109
2026-08-19 22:35:10,MRNA,162.8400,163.0000,162.5400,162.6200,8435.0000,162.6640,39
2026-08-19 22:35:15,MRNA,162.5400,163.0000,162.5400,162.8700,14899.0000,162.8170,57
2026-08-19 22:35:20,MRNA,162.9100,162.9100,162.3300,162.4700,21377.0000,162.5670,142
2026-08-19 22:35:25,MRNA,162.5000,163.5000,162.3800,163.3200,32527.0000,163.0080,191
2026-08-19 22:35:30,MRNA,163.4500,163.7100,163.1700,163.6200,24912.0000,163.4560,124
2026-08-19 22:35:35,MRNA,163.6100,163.8400,163.3600,163.7700,19766.0000,163.7150,97
2026-08-19 22:35:40,MRNA,163.8000,164.1400,163.7500,164.1400,51190.0000,163.9620,170
2026-08-19 22:35:45,MRNA,164.0700,164.8800,164.0300,164.7800,67033.0000,164.4490,258
2026-08-19 22:35:50,MRNA,164.7500,164.8800,164.6600,164.8000,53681.0000,164.7740,275
2026-08-19 22:35:55,MRNA,164.8300,164.8700,164.2500,164.4000,40779.0000,164.6370,177
2026-08-19 22:36:00,MRNA,164.3500,164.7000,164.2800,164.4500,17636.0000,164.4830,74
2026-08-19 22:36:05,MRNA,164.4700,164.9900,164.2900,164.6000,69784.0000,164.7240,346
2026-08-19 22:36:10,MRNA,164.6300,164.7500,164.5000,164.5100,25024.0000,164.6510,98
2026-08-19 22:36:15,MRNA,164.5800,164.7300,164.0700,164.1600,34103.0000,164.4050,181
2026-08-19 22:36:20,MRNA,164.0000,164.3200,163.7500,163.8800,34130.0000,163.9740,154
2026-08-19 22:36:25,MRNA,163.8900,163.9400,163.6400,163.7400,27925.0000,163.7550,81
2026-08-19 22:36:30,MRNA,163.7000,164.2300,163.7000,164.0900,17905.0000,163.9460,115
2026-08-19 22:36:35,MRNA,164.1100,164.3000,164.0200,164.1100,9923.0000,164.1730,60
2026-08-19 22:36:40,MRNA,164.1100,164.5000,163.9100,164.3400,16676.0000,164.2280,85
2026-08-19 22:36:45,MRNA,164.3300,164.6000,164.0800,164.5900,26144.0000,164.3260,109
2026-08-19 22:36:50,MRNA,164.4600,164.7600,164.3000,164.5900,32652.0000,164.5650,172
2026-08-19 22:36:55,MRNA,164.7200,164.9300,164.6300,164.8100,24350.0000,164.7830,133
2026-08-19 22:37:00,MRNA,164.7100,164.9200,164.4000,164.7200,63883.0000,164.7460,189
2026-08-19 22:37:05,MRNA,164.6900,165.0900,164.6900,165.0900,106453.0000,164.9770,318
2026-08-19 22:37:10,MRNA,165.7400,166.5000,165.7400,166.3200,54281.0000,166.3260,275
2026-08-19 22:37:15,MRNA,166.3200,166.5900,165.8000,166.1100,55293.0000,166.2420,243
2026-08-19 22:37:20,MRNA,166.1400,166.7200,165.9800,166.4700,57977.0000,166.3330,301
2026-08-19 22:37:25,MRNA,166.4600,166.5500,166.2300,166.2300,33842.0000,166.4170,169
2026-08-19 22:37:30,MRNA,166.1600,166.9300,165.8000,166.7700,50982.0000,166.3130,206
2026-08-19 22:37:35,MRNA,166.8300,167.7000,166.6800,167.3100,84527.0000,167.0380,410
2026-08-19 22:37:40,MRNA,167.2600,167.7000,167.0700,167.4200,56676.0000,167.3820,248
2026-08-19 22:37:45,MRNA,167.5300,167.7000,167.2600,167.5700,60901.0000,167.4650,341
2026-08-19 22:37:50,MRNA,167.4600,168.1800,167.3000,167.7500,78616.0000,167.7930,257
2026-08-19 22:37:55,MRNA,167.7600,168.0000,167.3600,167.6900,35016.0000,167.6200,189
2026-08-19 22:38:00,MRNA,167.8000,167.9300,167.5300,167.6800,35952.0000,167.7260,213
2026-08-19 22:38:05,MRNA,167.6300,167.8200,166.7000,167.3900,80941.0000,167.3320,311
2026-08-19 22:38:10,MRNA,167.3800,167.6500,167.2600,167.4200,16003.0000,167.4390,86
2026-08-19 22:38:15,MRNA,167.4000,167.7500,167.1900,167.3100,27289.0000,167.4560,140
2026-08-19 22:38:20,MRNA,167.3100,167.5100,166.7800,166.7800,33393.0000,167.1140,120
2026-08-19 22:38:25,MRNA,166.7900,167.0600,166.5700,166.6900,33397.0000,166.7710,119
2026-08-19 22:38:30,MRNA,166.7900,167.2800,166.7800,167.0000,13867.0000,166.9900,56
2026-08-19 22:38:35,MRNA,166.9000,166.9300,165.6700,165.6700,51607.0000,166.2880,178
2026-08-19 22:38:40,MRNA,166.6300,167.2400,165.6700,166.6300,45151.0000,166.7760,167
2026-08-19 22:38:45,MRNA,166.7300,167.2600,166.5000,167.2500,12455.0000,166.8040,60
2026-08-19 22:38:50,MRNA,167.2500,167.5000,166.7000,167.2600,19234.0000,167.2440,105
2026-08-19 22:38:55,MRNA,167.0200,167.3800,167.0200,167.1800,11711.0000,167.1340,46
2026-08-19 22:39:00,MRNA,167.3300,167.4100,166.9700,167.1600,19990.0000,167.1590,103
2026-08-19 22:39:05,MRNA,167.1300,167.6800,167.0000,167.5000,32184.0000,167.4210,154
2026-08-19 22:39:10,MRNA,167.5100,167.9900,167.3900,167.8700,28539.0000,167.6890,129
2026-08-19 22:39:15,MRNA,167.9600,168.4300,167.8300,167.9800,72395.0000,168.0970,337
2026-08-19 22:39:20,MRNA,168.0300,168.3100,167.5800,168.0000,36545.0000,167.8250,202
2026-08-19 22:39:25,MRNA,167.8800,168.0700,167.5900,167.9000,38267.0000,167.8580,183
2026-08-19 22:39:30,MRNA,167.8600,168.2800,167.5900,167.7700,28795.0000,167.9600,146
2026-08-19 22:39:35,MRNA,167.9400,167.9400,166.8700,167.1100,41363.0000,167.2060,178
2026-08-19 22:39:40,MRNA,167.1100,167.3300,166.9000,167.0400,17822.0000,167.0790,70
2026-08-19 22:39:45,MRNA,167.0000,167.3300,166.9900,167.0500,17503.0000,167.1260,82
2026-08-19 22:39:50,MRNA,167.1200,167.4100,167.0000,167.2300,15370.0000,167.2040,93
2026-08-19 22:39:55,MRNA,167.3200,167.4300,166.7800,167.1600,24579.0000,167.1050,122
2026-08-19 22:40:00,MRNA,167.0200,167.4700,166.8600,167.3100,18300.0000,167.1450,71
2026-08-19 22:40:05,MRNA,167.3100,167.4800,166.9200,167.0000,20901.0000,167.2930,113
2026-08-19 22:40:10,MRNA,167.0000,167.3400,167.0000,167.0900,14488.0000,167.1160,55
2026-08-19 22:40:15,MRNA,167.2100,167.5900,167.0300,167.4200,13931.0000,167.3930,69
2026-08-19 22:40:20,MRNA,167.4000,168.2500,167.2600,168.0000,40439.0000,167.8970,218
2026-08-19 22:40:25,MRNA,168.0000,168.3900,168.0000,168.3200,39193.0000,168.2150,222
2026-08-19 22:40:30,MRNA,168.3200,168.4500,168.1100,168.2800,47346.0000,168.2960,256
2026-08-19 22:40:35,MRNA,168.4300,168.7100,168.3400,168.6300,42591.0000,168.5370,188
2026-08-19 22:40:40,MRNA,168.7100,168.9500,168.5600,168.7800,44600.0000,168.7700,163
2026-08-19 22:40:45,MRNA,168.8100,168.9500,168.7100,168.8800,34622.0000,168.8020,161
2026-08-19 22:40:50,MRNA,168.8200,168.9500,168.7000,168.8600,22771.0000,168.8490,130
2026-08-19 22:40:55,MRNA,168.8500,169.3900,168.6000,169.3900,67742.0000,168.8800,306
2026-08-19 22:41:00,MRNA,169.3900,169.5900,168.9200,169.2600,56650.0000,169.3880,312
2026-08-19 22:41:05,MRNA,169.2600,169.5700,169.1100,169.5000,26587.0000,169.3330,126
2026-08-19 22:41:10,MRNA,169.3800,169.6700,169.0200,169.6400,63461.0000,169.3070,300
2026-08-19 22:41:15,MRNA,169.6700,170.9900,169.6000,170.8700,151488.0000,170.1180,640
2026-08-19 22:41:20,MRNA,170.8700,171.5400,170.7200,170.9500,98095.0000,171.0930,440
2026-08-19 22:41:25,MRNA,170.8400,171.5500,170.7200,171.4200,69831.0000,170.9850,314
2026-08-19 22:41:30,MRNA,171.4200,171.9400,171.4200,171.7900,69866.0000,171.6800,301
2026-08-19 22:41:35,MRNA,171.6800,172.3700,171.6700,172.1800,61400.0000,172.0370,191
2026-08-19 22:41:40,MRNA,172.2700,172.5000,171.5500,171.6500,114635.0000,172.1680,572
2026-08-19 22:41:45,MRNA,171.6600,171.8000,170.7200,171.1500,75168.0000,171.3280,315
2026-08-19 22:41:50,MRNA,171.3200,171.9000,171.1100,171.7000,49070.0000,171.5000,255
2026-08-19 22:41:55,MRNA,171.6400,171.8800,170.1800,170.4300,72013.0000,170.9330,355
2026-08-19 22:42:00,MRNA,170.5900,170.6100,169.0100,169.2900,70185.0000,169.7190,360
2026-08-19 22:42:05,MRNA,169.1600,170.0000,168.9700,169.7300,66135.0000,169.4680,248
2026-08-19 22:42:10,MRNA,169.5000,170.1100,169.4900,170.0200,30979.0000,169.7650,141
2026-08-19 22:42:15,MRNA,170.0200,170.7600,169.8600,170.7500,38129.0000,170.1900,188
2026-08-19 22:42:20,MRNA,170.8900,171.3300,170.5000,170.7400,44442.0000,170.9400,206
2026-08-19 22:42:25,MRNA,170.6400,170.7700,169.8800,170.1100,51484.0000,170.1870,164
2026-08-19 22:42:30,MRNA,170.1300,171.7100,169.9500,171.5200,98925.0000,170.7910,443
2026-08-19 22:42:35,MRNA,171.4400,171.8100,171.0600,171.3100,46538.0000,171.4380,224
2026-08-19 22:42:40,MRNA,171.4900,171.8900,171.0800,171.1600,36877.0000,171.4150,155
2026-08-19 22:42:45,MRNA,171.0700,171.1200,170.2500,170.6800,96406.0000,170.8570,299
2026-08-19 22:42:50,MRNA,170.6800,171.1500,170.6200,171.0100,21371.0000,170.8770,69
2026-08-19 22:42:55,MRNA,171.0400,171.1000,170.6800,170.7600,20353.0000,170.8890,75
2026-08-19 22:43:00,MRNA,170.7600,170.8100,169.7100,169.8500,97837.0000,170.0940,374
2026-08-19 22:43:05,MRNA,169.8800,169.9400,169.5000,169.8400,36538.0000,169.7380,151
2026-08-19 22:43:10,MRNA,169.9000,169.9600,168.1000,168.7500,105421.0000,169.0510,572
2026-08-19 22:43:15,MRNA,168.5200,169.9600,168.1200,168.6000,59288.0000,168.8380,305
2026-08-19 22:43:20,MRNA,168.3600,169.3600,167.6000,168.6400,111095.0000,168.3990,567
2026-08-19 22:43:25,MRNA,168.6400,168.9500,168.1600,168.8900,22412.0000,168.6190,104
2026-08-19 22:43:30,MRNA,168.8500,169.2200,168.4000,169.1300,14040.0000,168.7800,76
2026-08-19 22:43:35,MRNA,169.1300,169.2700,168.6300,168.8500,22258.0000,168.9530,88
2026-08-19 22:43:40,MRNA,168.6400,169.0100,168.4700,168.6400,35152.0000,168.7000,174
2026-08-19 22:43:45,MRNA,168.7600,168.7900,167.8400,167.9300,29102.0000,168.3050,122
2026-08-19 22:43:50,MRNA,167.9300,168.2900,167.7300,168.0200,26301.0000,167.9290,110
2026-08-19 22:43:55,MRNA,168.2200,168.6300,167.7500,168.4200,18688.0000,168.3420,104
2026-08-19 22:44:00,MRNA,168.3000,168.8400,168.2100,168.6300,18855.0000,168.5280,92
2026-08-19 22:44:05,MRNA,168.6200,168.8200,168.2900,168.4000,17796.0000,168.5210,88
2026-08-19 22:44:10,MRNA,168.3400,168.9900,168.2900,168.8900,16199.0000,168.6080,78
2026-08-19 22:44:15,MRNA,168.8900,169.2800,168.6800,169.2700,33621.0000,169.0740,151
2026-08-19 22:44:20,MRNA,169.1500,169.8000,169.1000,169.5400,23477.0000,169.3170,114
2026-08-19 22:44:25,MRNA,169.6800,169.6800,168.8200,169.0900,65073.0000,169.1660,311
2026-08-19 22:44:30,MRNA,169.3100,169.3100,168.3200,168.6300,28515.0000,168.8800,165
2026-08-19 22:44:35,MRNA,168.6700,168.7100,168.3200,168.5700,12272.0000,168.5070,62
2026-08-19 22:44:40,MRNA,168.5700,168.8000,168.3600,168.5000,9600.0000,168.5480,56
2026-08-19 22:44:45,MRNA,168.3800,169.0900,168.3500,168.9500,24606.0000,168.6910,118
2026-08-19 22:44:50,MRNA,168.9500,169.2700,168.8100,169.1700,16920.0000,169.0050,94
2026-08-19 22:44:55,MRNA,169.1000,169.6000,169.0600,169.4700,18483.0000,169.2960,96
2026-08-19 22:45:00,MRNA,169.3100,169.5600,168.6600,169.3900,24252.0000,169.0330,148
2026-08-19 22:45:05,MRNA,169.3900,169.6000,168.6000,168.7700,26878.0000,169.1210,131
2026-08-19 22:45:10,MRNA,168.6800,169.1900,168.2000,168.5700,20774.0000,168.5600,141
2026-08-19 22:45:15,MRNA,168.7400,168.9200,168.2100,168.3700,25274.0000,168.4700,67
2026-08-19 22:45:20,MRNA,168.2900,168.4700,168.1000,168.2800,13897.0000,168.2540,81
2026-08-19 22:45:25,MRNA,168.2800,168.8300,168.2100,168.6900,11833.0000,168.5010,62
2026-08-19 22:45:30,MRNA,168.7600,169.2500,168.7600,169.0500,16875.0000,169.0440,74
2026-08-19 22:45:35,MRNA,169.0500,169.0600,167.7500,168.0900,46925.0000,168.3410,210
2026-08-19 22:45:40,MRNA,167.9900,168.4000,167.7800,168.3000,25042.0000,168.1140,133
2026-08-19 22:45:45,MRNA,168.4000,168.5200,168.0600,168.4800,12549.0000,168.2420,66
2026-08-19 22:45:50,MRNA,168.5000,168.7900,168.3400,168.4200,11965.0000,168.5590,67
2026-08-19 22:45:55,MRNA,168.4900,168.7900,168.3600,168.4500,13759.0000,168.5390,81
2026-08-19 22:46:00,MRNA,168.6400,168.7000,168.2400,168.7000,21308.0000,168.5070,119
2026-08-19 22:46:05,MRNA,168.6100,168.7800,168.2600,168.4900,10086.0000,168.5400,67
2026-08-19 22:46:10,MRNA,168.4900,169.0000,168.3900,168.4000,9016.0000,168.6270,51
2026-08-19 22:46:15,MRNA,168.5000,168.5600,168.1900,168.4200,18267.0000,168.3080,95
2026-08-19 22:46:20,MRNA,168.4200,168.7100,168.3200,168.5100,10215.0000,168.5600,56
2026-08-19 22:46:25,MRNA,168.5100,169.2500,168.3200,169.1900,26041.0000,169.0040,117
2026-08-19 22:46:30,MRNA,169.1300,169.1500,168.5600,168.9200,17013.0000,168.8840,88
2026-08-19 22:46:35,MRNA,168.9600,169.9700,168.9000,169.8300,52453.0000,169.5040,255
2026-08-19 22:46:40,MRNA,169.9300,170.3500,169.6300,170.0900,61530.0000,169.9140,261
2026-08-19 22:46:45,MRNA,170.1700,170.3500,169.7900,169.9400,38863.0000,170.0540,171
2026-08-19 22:46:50,MRNA,169.9400,170.0700,168.2600,168.4900,56297.0000,169.2400,274
2026-08-19 22:46:55,MRNA,168.5500,168.9600,168.2700,168.9600,23282.0000,168.5420,143
2026-08-19 22:47:00,MRNA,168.7800,168.9600,168.5400,168.7400,13627.0000,168.7390,82
2026-08-19 22:47:05,MRNA,169.0600,169.6000,168.9300,169.4100,14106.0000,169.2500,71
2026-08-19 22:47:10,MRNA,169.4100,169.8600,169.4000,169.7000,19974.0000,169.7110,116
2026-08-19 22:47:15,MRNA,169.5600,169.7100,169.4600,169.5300,21631.0000,169.5750,106
2026-08-19 22:47:20,MRNA,169.6000,169.6300,168.8700,169.1700,23998.0000,169.3110,134
2026-08-19 22:47:25,MRNA,169.1700,170.0500,169.0300,169.6500,36219.0000,169.5820,210
2026-08-19 22:47:30,MRNA,169.6300,170.1200,169.5100,170.1200,34023.0000,169.9140,133
2026-08-19 22:47:35,MRNA,169.9100,170.3500,169.9000,170.1700,48597.0000,170.1260,163
2026-08-19 22:47:40,MRNA,170.1700,170.5600,170.1300,170.4500,32994.0000,170.3650,138
2026-08-19 22:47:45,MRNA,170.5200,170.7100,169.3800,169.5900,64226.0000,170.1420,372
2026-08-19 22:47:50,MRNA,169.7800,170.0000,169.4400,169.8600,15255.0000,169.6720,65
2026-08-19 22:47:55,MRNA,169.7500,170.5300,169.7400,170.4400,39215.0000,170.0420,156
2026-08-19 22:48:00,MRNA,170.3200,170.5200,169.5500,169.7500,26647.0000,169.9740,137
2026-08-19 22:48:05,MRNA,169.7400,170.7500,169.6400,170.5900,26322.0000,170.2620,162
2026-08-19 22:48:10,MRNA,170.6000,170.7800,170.2900,170.4800,34306.0000,170.4840,129
2026-08-19 22:48:15,MRNA,170.4700,170.7300,170.2900,170.6200,11889.0000,170.5540,54
2026-08-19 22:48:20,MRNA,170.6700,171.6200,170.5900,171.6200,70383.0000,171.0920,335
2026-08-19 22:48:25,MRNA,171.6700,171.6700,170.7800,170.8700,43927.0000,171.0980,191
2026-08-19 22:48:30,MRNA,170.8900,171.3400,170.7100,171.1900,39342.0000,170.9450,211
2026-08-19 22:48:35,MRNA,171.3100,171.6700,170.8000,171.0900,41657.0000,171.2030,225
2026-08-19 22:48:40,MRNA,171.0600,171.6800,171.0600,171.5300,23755.0000,171.4540,100
2026-08-19 22:48:45,MRNA,171.5300,171.6100,171.0800,171.1200,32444.0000,171.3200,132
2026-08-19 22:48:50,MRNA,171.0900,171.3500,170.7600,170.9700,37290.0000,171.0000,165
2026-08-19 22:48:55,MRNA,170.9400,171.0000,170.2700,170.5200,28706.0000,170.6840,112
2026-08-19 22:49:00,MRNA,170.4600,170.5500,169.5700,169.7500,30763.0000,170.0530,177
2026-08-19 22:49:05,MRNA,169.6100,170.0000,168.5000,168.8100,37576.0000,169.2030,194
2026-08-19 22:49:10,MRNA,168.8100,169.1100,168.4300,168.9300,35620.0000,168.7850,215
2026-08-19 22:49:15,MRNA,168.7500,169.7200,168.7300,168.8100,69698.0000,169.3510,182
2026-08-19 22:49:20,MRNA,168.9300,169.3300,168.5500,169.0100,29023.0000,168.8780,136
2026-08-19 22:49:25,MRNA,169.3300,169.7200,169.1600,169.4500,21011.0000,169.4500,99
2026-08-19 22:49:30,MRNA,169.5000,169.6300,168.8600,168.8600,27397.0000,169.2330,110
2026-08-19 22:49:35,MRNA,168.8300,169.5100,168.5100,169.5000,29276.0000,168.9600,139
2026-08-19 22:49:40,MRNA,169.1500,170.2000,169.1500,169.4300,42480.0000,169.8140,189
2026-08-19 22:49:45,MRNA,169.4300,169.4800,168.6300,169.0200,25017.0000,169.0740,142
2026-08-19 22:49:50,MRNA,169.0200,169.4200,168.8000,169.0000,15588.0000,169.0830,71
2026-08-19 22:49:55,MRNA,168.9200,169.1100,168.7100,169.0600,12127.0000,168.8830,60
2026-08-19 22:50:00,MRNA,169.3000,170.4100,168.8000,169.8000,33535.0000,170.0200,172
2026-08-19 22:50:05,MRNA,169.8000,170.5000,169.6700,170.2200,21181.0000,170.1420,103
2026-08-19 22:50:10,MRNA,170.2200,170.8700,169.9000,170.6900,24552.0000,170.3430,115
2026-08-19 22:50:15,MRNA,170.8900,171.7700,170.7200,171.6300,91315.0000,171.3420,388
2026-08-19 22:50:20,MRNA,171.6900,171.8600,171.4200,171.5500,35518.0000,171.6590,163
2026-08-19 22:50:25,MRNA,171.4200,171.6900,170.9400,171.0000,43900.0000,171.3380,205
2026-08-19 22:50:30,MRNA,171.3700,171.3700,170.8300,171.0900,12107.0000,171.0660,68
2026-08-19 22:50:35,MRNA,171.2300,171.2300,170.4200,170.6500,18733.0000,170.8490,106
2026-08-19 22:50:40,MRNA,170.3700,171.6400,170.3600,171.6400,39242.0000,171.2750,159
2026-08-19 22:50:45,MRNA,171.5700,171.6600,171.0800,171.3100,28023.0000,171.2870,115
2026-08-19 22:50:50,MRNA,171.2600,171.4400,168.8600,171.1500,32034.0000,170.8340,188
2026-08-19 22:50:55,MRNA,171.0300,171.3700,170.9800,171.3700,33290.0000,171.1700,133
2026-08-19 22:51:00,MRNA,171.3700,172.5000,171.2200,172.2100,80216.0000,171.8930,350
2026-08-19 22:51:05,MRNA,172.1700,172.7500,171.8900,172.1600,73344.0000,172.2020,270
2026-08-19 22:51:10,MRNA,172.1000,172.7600,172.0000,172.7500,26837.0000,172.4650,107
2026-08-19 22:51:15,MRNA,172.7900,173.9900,172.7200,173.9200,68910.0000,173.1910,292
2026-08-19 22:51:20,MRNA,173.8500,174.6900,173.5700,174.6500,97546.0000,173.9560,438
2026-08-19 22:51:25,MRNA,174.6300,174.9900,174.5300,174.7600,67163.0000,174.8080,320
2026-08-19 22:51:30,MRNA,174.7600,174.8800,173.7000,174.2700,91130.0000,174.1570,396
2026-08-19 22:51:35,MRNA,174.3500,174.5100,174.0900,174.3500,28188.0000,174.3630,149
2026-08-19 22:51:40,MRNA,174.4000,174.6900,174.1100,174.2900,42543.0000,174.3810,161
2026-08-19 22:51:45,MRNA,174.4900,174.5000,173.7500,174.2800,45874.0000,174.0960,214
2026-08-19 22:51:50,MRNA,174.2300,174.6700,174.0900,174.4700,20921.0000,174.3430,98
2026-08-19 22:51:55,MRNA,174.4700,174.6700,174.2700,174.4700,18449.0000,174.5150,100
2026-08-19 22:52:00,MRNA,174.5000,175.2600,174.3400,175.1300,121114.0000,174.8890,507
2026-08-19 22:52:05,MRNA,175.1300,175.2200,174.7700,175.0000,50425.0000,174.9800,246
2026-08-19 22:52:10,MRNA,174.9900,175.1600,174.7700,174.8000,42183.0000,174.9510,209
2026-08-19 22:52:15,MRNA,174.9300,175.5000,174.7700,175.1100,42779.0000,174.9750,247
2026-08-19 22:52:20,MRNA,175.0000,175.0000,174.0800,174.4400,74248.0000,174.4400,388
2026-08-19 22:52:25,MRNA,174.4900,174.6100,174.0400,174.2200,27182.0000,174.2500,135
2026-08-19 22:52:30,MRNA,174.1300,174.5600,174.1200,174.4100,35334.0000,174.3840,136
2026-08-19 22:52:35,MRNA,174.3500,174.5000,174.1100,174.1100,23672.0000,174.2570,99
2026-08-19 22:52:40,MRNA,174.2600,174.6300,174.0900,174.5700,20331.0000,174.2680,110
2026-08-19 22:52:45,MRNA,174.6600,174.6800,174.4100,174.6800,24561.0000,174.5270,119
2026-08-19 22:52:50,MRNA,174.6800,175.4700,174.6400,175.1800,68710.0000,175.0710,284
2026-08-19 22:52:55,MRNA,175.1800,175.8000,175.1500,175.7500,36581.0000,175.5420,149
2026-08-19 22:53:00,MRNA,175.7300,175.7400,175.3500,175.5200,33355.0000,175.5200,162
2026-08-19 22:53:05,MRNA,175.5800,175.6500,174.5000,174.5300,80267.0000,174.9840,369
2026-08-19 22:53:10,MRNA,174.5900,175.0000,173.5400,174.6800,103627.0000,174.1780,513
2026-08-19 22:53:15,MRNA,174.8500,175.2400,174.7200,175.2200,22941.0000,175.0090,105
2026-08-19 22:53:20,MRNA,175.3300,175.5400,175.2700,175.4100,25470.0000,175.4050,154
2026-08-19 22:53:25,MRNA,175.4600,175.5000,174.8500,174.9100,45517.0000,175.1000,247
2026-08-19 22:53:30,MRNA,174.8100,175.5000,174.7000,175.4200,27429.0000,175.2360,114
2026-08-19 22:53:35,MRNA,175.2200,175.7600,175.1900,175.3600,47113.0000,175.4150,177
2026-08-19 22:53:40,MRNA,175.3000,175.6800,175.2500,175.5400,22847.0000,175.4970,106
2026-08-19 22:53:45,MRNA,175.5000,176.3500,175.5000,176.2000,54096.0000,175.9120,206
2026-08-19 22:53:50,MRNA,176.2200,176.4000,175.8700,176.0000,51496.0000,176.1680,228
2026-08-19 22:53:55,MRNA,176.1100,176.4000,175.5700,176.2800,53167.0000,176.0140,224
2026-08-19 22:54:00,MRNA,176.3300,176.5100,175.9100,176.2000,38513.0000,176.2740,178
2026-08-19 22:54:05,MRNA,176.2500,176.5000,176.1000,176.1600,40626.0000,176.2780,188
2026-08-19 22:54:10,MRNA,176.0300,176.1200,175.0700,175.2300,50713.0000,175.3790,248
2026-08-19 22:54:15,MRNA,175.1900,175.3500,174.6600,175.0000,42790.0000,174.9710,225
2026-08-19 22:54:20,MRNA,175.0600,175.7600,174.9000,175.4700,21493.0000,175.4460,101
2026-08-19 22:54:25,MRNA,175.4300,176.0000,174.9000,174.9700,38570.0000,175.4010,248
2026-08-19 22:54:30,MRNA,174.8900,175.3000,174.7600,175.1100,22225.0000,174.9300,122
2026-08-19 22:54:35,MRNA,175.1100,175.2200,174.7200,174.8200,20823.0000,174.9770,127
2026-08-19 22:54:40,MRNA,174.7000,174.7300,173.1300,173.8000,87025.0000,173.7760,382
2026-08-19 22:54:45,MRNA,173.5700,174.7000,173.5600,173.8500,69733.0000,174.0500,233
2026-08-19 22:54:50,MRNA,173.7600,174.4000,173.6600,174.2300,22348.0000,174.0560,128
2026-08-19 22:54:55,MRNA,174.4700,174.8000,174.2500,174.6300,17321.0000,174.5560,110
2026-08-19 22:55:00,MRNA,174.6300,174.8600,173.8700,174.2300,58787.0000,174.4400,316
2026-08-19 22:55:05,MRNA,174.2900,174.3100,173.8400,173.9100,40429.0000,174.0530,183
2026-08-19 22:55:10,MRNA,174.0000,174.0000,173.3300,173.3900,33446.0000,173.6130,169
2026-08-19 22:55:15,MRNA,173.4200,174.5000,173.3600,174.3400,28069.0000,173.8820,153
2026-08-19 22:55:20,MRNA,174.3400,174.8400,174.2400,174.6200,28389.0000,174.5710,168
2026-08-19 22:55:25,MRNA,174.5600,174.6200,174.0800,174.1200,49606.0000,174.4300,217
2026-08-19 22:55:30,MRNA,174.0100,174.9300,174.0100,174.6300,35475.0000,174.3200,165
2026-08-19 22:55:35,MRNA,174.6300,175.0000,174.4700,174.9700,41077.0000,174.9330,162
2026-08-19 22:55:40,MRNA,175.0000,175.2500,174.8500,175.1600,65642.0000,174.9950,285
2026-08-19 22:55:45,MRNA,175.1700,175.4600,175.1200,175.4100,22501.0000,175.2710,109
2026-08-19 22:55:50,MRNA,175.4500,175.6900,175.3400,175.5500,38539.0000,175.4920,223
2026-08-19 22:55:55,MRNA,175.5800,175.9500,175.1800,175.8800,40757.0000,175.5870,223
2026-08-19 22:56:00,MRNA,175.8400,176.5000,175.7500,176.4900,53237.0000,176.2880,245
2026-08-19 22:56:05,MRNA,176.4900,176.6600,175.5700,176.1900,67467.0000,176.3310,330
2026-08-19 22:56:10,MRNA,176.0000,176.3600,175.8400,176.2800,36855.0000,176.1190,199
2026-08-19 22:56:15,MRNA,176.2800,176.3600,175.9300,176.2100,23162.0000,176.1800,116
2026-08-19 22:56:20,MRNA,176.2000,176.3000,175.4600,175.5800,44588.0000,175.9070,251
2026-08-19 22:56:25,MRNA,175.7500,175.7700,175.4200,175.6900,21715.0000,175.6540,137
2026-08-19 22:56:30,MRNA,175.6900,175.7300,174.9100,175.0200,43869.0000,175.3380,199
2026-08-19 22:56:35,MRNA,175.0200,175.4800,175.0100,175.4700,19361.0000,175.2160,93
2026-08-19 22:56:40,MRNA,175.3100,175.5800,175.2000,175.5800,13071.0000,175.3890,79
2026-08-19 22:56:45,MRNA,175.6400,175.7900,174.9800,175.5100,78517.0000,175.4900,305
2026-08-19 22:56:50,MRNA,175.5100,175.5300,175.1100,175.2000,35676.0000,175.3410,187
2026-08-19 22:56:55,MRNA,175.2300,175.3100,174.2800,174.4900,45935.0000,174.8720,303
2026-08-19 22:57:00,MRNA,174.2800,175.2700,173.7000,173.7400,105871.0000,174.3300,593
2026-08-19 22:57:05,MRNA,173.9700,175.0000,173.6100,174.6600,44301.0000,174.3190,233
2026-08-19 22:57:10,MRNA,174.5100,174.6600,173.9300,174.4700,30138.0000,174.2430,207
2026-08-19 22:57:15,MRNA,174.4700,175.2500,174.1500,174.5300,45873.0000,174.6770,278
2026-08-19 22:57:20,MRNA,174.5800,174.9800,174.2600,174.8000,30290.0000,174.6570,185
2026-08-19 22:57:25,MRNA,174.8800,175.3400,174.8000,175.1400,26235.0000,175.0710,137
2026-08-19 22:57:30,MRNA,175.1400,175.4000,174.7400,175.3500,30739.0000,175.0970,198
2026-08-19 22:57:35,MRNA,175.4400,175.6500,175.2000,175.5600,40811.0000,175.4570,230
2026-08-19 22:57:40,MRNA,175.5700,175.7100,175.4700,175.5600,25890.0000,175.5920,137
2026-08-19 22:57:45,MRNA,175.5600,175.8500,175.4500,175.5800,39488.0000,175.6890,256
2026-08-19 22:57:50,MRNA,175.6800,176.2400,175.5600,176.2400,49674.0000,175.9050,269
2026-08-19 22:57:55,MRNA,176.1100,176.2300,174.2200,174.7100,79995.0000,175.1980,460
2026-08-19 22:58:00,MRNA,174.5800,175.0000,173.6100,174.3200,85650.0000,174.4020,426
2026-08-19 22:58:05,MRNA,173.9900,174.2200,173.6600,174.0600,33208.0000,173.9910,188
2026-08-19 22:58:10,MRNA,174.0900,174.1800,173.9000,174.0800,27430.0000,173.9740,181
2026-08-19 22:58:15,MRNA,174.0700,174.1500,173.8500,173.9700,39598.0000,174.0070,238
2026-08-19 22:58:20,MRNA,173.9700,174.2100,173.8800,174.1900,42077.0000,173.9810,190
2026-08-19 22:58:25,MRNA,174.2100,174.7800,174.1000,174.6400,22556.0000,174.5700,128
2026-08-19 22:58:30,MRNA,174.6700,174.7300,174.4000,174.4500,45012.0000,174.5390,322
2026-08-19 22:58:35,MRNA,174.4000,174.6500,174.3800,174.5500,33849.0000,174.4750,218
2026-08-19 22:58:40,MRNA,174.6300,174.9900,174.6100,174.8500,32563.0000,174.7530,158
2026-08-19 22:58:45,MRNA,174.8500,174.8700,174.7500,174.7500,27451.0000,174.7920,132
2026-08-19 22:58:50,MRNA,174.7500,174.9700,174.6600,174.6900,57776.0000,174.7990,412
2026-08-19 22:58:55,MRNA,174.6400,174.8300,174.6400,174.8200,22443.0000,174.7220,119
2026-08-19 22:59:00,MRNA,174.8200,174.9600,174.6500,174.9600,51381.0000,174.7910,297
2026-08-19 22:59:05,MRNA,174.9600,175.4900,174.8800,175.2700,106137.0000,175.2090,509
2026-08-19 22:59:10,MRNA,175.2400,175.4600,175.1100,175.2200,52274.0000,175.2470,288
2026-08-19 22:59:15,MRNA,175.2500,175.2800,174.7100,175.0000,69913.0000,175.0510,430
2026-08-19 22:59:20,MRNA,174.9900,175.1200,174.8600,175.0000,62061.0000,174.9550,408
2026-08-19 22:59:25,MRNA,174.9000,175.0500,174.7600,174.9600,50575.0000,174.9020,342
2026-08-19 22:59:30,MRNA,174.9600,175.0300,174.8400,174.8700,58373.0000,174.9390,361
2026-08-19 22:59:35,MRNA,174.8600,174.8900,174.6700,174.7200,62267.0000,174.7570,382
2026-08-19 22:59:40,MRNA,174.7000,174.7700,174.5700,174.7100,59333.0000,174.6830,346
2026-08-19 22:59:45,MRNA,174.6800,174.7900,174.3600,174.6600,89149.0000,174.6110,466
2026-08-19 22:59:50,MRNA,174.6100,174.7600,174.1000,174.6700,66113.0000,174.5530,312
2026-08-19 22:59:55,MRNA,174.6100,174.9500,174.1000,174.9500,141098.0000,174.4510,465
2026-08-19 23:00:00,MRNA,174.7000,174.7100,173.9700,174.3800,2367512.0000,174.3800,45
2026-08-19 23:00:05,MRNA,173.9500,173.9700,173.9500,173.9700,300.0000,173.9600,3
2026-08-19 23:00:10,MRNA,173.6000,173.7000,173.5100,173.5200,1290.0000,173.6230,9
2026-08-19 23:00:15,MRNA,173.4000,173.5000,172.8000,173.0000,6489.0000,173.0090,33
2026-08-19 23:00:20,MRNA,172.9900,172.9900,172.0100,172.3800,5710.0000,172.5570,33
2026-08-19 23:00:25,MRNA,172.3300,172.7000,172.0000,172.2300,7811.0000,172.2460,40
2026-08-19 23:00:30,MRNA,172.5100,172.5300,171.4800,171.8800,3119.0000,171.9200,22
2026-08-19 23:00:35,MRNA,171.7900,171.8900,170.6300,170.6300,10784.0000,171.3420,45
2026-08-19 23:00:40,MRNA,170.6300,171.5000,170.4600,170.5000,13974.0000,170.6930,53
2026-08-19 23:00:45,MRNA,170.9400,172.3000,170.9400,172.1500,10861.0000,171.7370,41
2026-08-19 23:00:50,MRNA,171.3800,172.7100,171.3800,172.1100,4743.0000,172.1630,25
2026-08-19 23:00:55,MRNA,172.0700,172.8000,172.0700,172.7900,5232.0000,172.4870,23
2026-08-19 23:01:00,MRNA,172.6900,173.1500,172.2800,172.5000,9192.0000,172.8250,41
2026-08-19 23:01:05,MRNA,173.1000,173.1000,172.5000,172.5000,1860.0000,172.6930,4
2026-08-19 23:01:10,MRNA,172.5400,172.7500,172.1500,172.7500,1813.0000,172.5080,8
2026-08-19 23:01:15,MRNA,172.6000,172.7200,172.0500,172.0500,3320.0000,172.3480,13
2026-08-19 23:01:20,MRNA,172.4000,172.4000,172.0400,172.1200,1730.0000,172.1080,7
2026-08-19 23:01:25,MRNA,172.1800,172.4000,171.5000,171.5100,10204.0000,171.9980,56
2026-08-19 23:01:30,MRNA,171.3300,171.7700,171.0000,171.1600,3937.0000,171.4170,14
2026-08-19 23:01:35,MRNA,171.2800,172.0000,171.0000,171.0000,8514.0000,171.2570,32
2026-08-19 23:01:40,MRNA,171.3000,172.0000,170.9600,171.1900,11462.0000,171.3600,64
2026-08-19 23:01:45,MRNA,171.1800,171.4200,171.0300,171.0300,1298.0000,171.1490,12
2026-08-19 23:01:50,MRNA,171.1500,172.0000,171.0000,171.2400,5046.0000,171.4820,40
2026-08-19 23:01:55,MRNA,171.5000,171.5000,171.0000,171.1400,2345.0000,171.1680,17
2026-08-19 23:02:00,MRNA,171.0000,171.2000,170.8800,170.8800,9835.0000,171.0650,34
2026-08-19 23:02:05,MRNA,170.9400,170.9400,170.5500,170.5700,3594.0000,170.7320,29
2026-08-19 23:02:10,MRNA,170.5800,171.2100,170.5500,170.6900,5742.0000,170.8780,28
2026-08-19 23:02:15,MRNA,170.8500,171.4600,170.8500,171.0000,4502.0000,171.1090,17
2026-08-19 23:02:20,MRNA,171.4600,172.0000,171.0800,171.7400,9010.0000,171.8610,45
2026-08-19 23:02:25,MRNA,171.6200,171.7400,171.1600,171.3700,4326.0000,171.4310,19
2026-08-19 23:02:30,MRNA,171.1000,171.2800,171.0000,171.0100,2948.0000,171.1080,18
2026-08-19 23:02:35,MRNA,171.0300,171.5000,171.0300,171.3700,840.0000,171.3140,8
2026-08-19 23:02:40,MRNA,171.4500,171.7200,171.3500,171.7100,3013.0000,171.4960,17
2026-08-19 23:02:45,MRNA,171.7400,171.7700,171.3200,171.5300,6540.0000,171.5870,24
2026-08-19 23:02:50,MRNA,171.5500,171.9300,171.5500,171.5800,2420.0000,171.7780,17
2026-08-19 23:02:55,MRNA,171.8400,171.8600,171.1000,171.4100,6198.0000,171.4620,30
2026-08-19 23:03:00,MRNA,171.0700,171.2000,170.5500,170.5500,4473.0000,170.7990,24
2026-08-19 23:03:05,MRNA,170.9300,171.0000,170.7700,171.0000,700.0000,170.8910,3
2026-08-19 23:03:10,MRNA,170.7400,170.7700,170.3100,170.3100,4407.0000,170.5550,22
2026-08-19 23:03:15,MRNA,170.3000,170.5000,169.3400,169.3400,18116.0000,169.9070,79
2026-08-19 23:03:20,MRNA,169.2000,169.8800,168.6900,168.6900,9014.0000,169.0600,36
2026-08-19 23:03:25,MRNA,168.8000,169.0000,168.6000,168.6500,5061.0000,168.6770,31
2026-08-19 23:03:30,MRNA,168.6500,174.3800,168.5000,169.0000,131397.0000,173.8900,60
2026-08-19 23:03:35,MRNA,168.7900,169.1100,168.7100,168.7600,2260.0000,168.9200,16
2026-08-19 23:03:40,MRNA,168.7700,169.1700,168.7700,168.9700,13644.0000,169.0740,47
2026-08-19 23:03:45,MRNA,169.0000,169.5000,169.0000,169.2200,4671.0000,169.1890,14
2026-08-19 23:03:50,MRNA,169.2600,169.7800,169.2600,169.7800,2889.0000,169.4450,12
2026-08-19 23:03:55,MRNA,169.3800,169.7300,169.3100,169.5000,2126.0000,169.4730,14
2026-08-19 23:04:00,MRNA,169.4200,169.7500,169.0000,169.0000,7905.0000,169.3430,44
2026-08-19 23:04:05,MRNA,169.2300,169.6500,168.9100,169.0000,7280.0000,169.1740,30
2026-08-19 23:04:10,MRNA,169.1800,169.4600,169.0300,169.3000,4380.0000,169.2970,20
2026-08-19 23:04:15,MRNA,169.4200,169.9000,169.0000,169.9000,3208.0000,169.4720,21
2026-08-19 23:04:20,MRNA,169.9600,170.0000,169.5700,169.9000,3446.0000,169.8800,20
2026-08-19 23:04:25,MRNA,169.7000,171.3000,169.7000,171.3000,12866.0000,170.3270,57
2026-08-19 23:04:30,MRNA,171.0400,171.4000,170.6500,171.2400,5185.0000,171.1390,27
2026-08-19 23:04:35,MRNA,171.3500,171.9500,171.3100,171.9500,7467.0000,171.6550,23
2026-08-19 23:04:40,MRNA,171.5200,171.9500,171.5200,171.8700,3959.0000,171.7810,28
2026-08-19 23:04:45,MRNA,171.9500,171.9500,171.0200,171.0200,6267.0000,171.6160,32
2026-08-19 23:04:50,MRNA,171.0200,171.1800,170.5700,171.0100,3941.0000,170.8720,28
2026-08-19 23:04:55,MRNA,171.1000,171.1000,170.6000,170.6900,1263.0000,170.6460,6
2026-08-19 23:05:00,MRNA,170.9900,171.3900,170.7100,171.3900,3409.0000,171.0180,15
2026-08-19 23:05:05,MRNA,171.0800,171.5400,171.0100,171.5400,3996.0000,171.3260,29
2026-08-19 23:05:10,MRNA,171.4800,172.0500,171.4700,172.0500,10604.0000,171.9040,45
2026-08-19 23:05:15,MRNA,171.8300,172.5000,171.8100,172.2700,7025.0000,172.2410,44
2026-08-19 23:05:20,MRNA,172.1300,172.9900,172.1000,172.9100,4298.0000,172.4590,24
2026-08-19 23:05:25,MRNA,172.9200,173.4300,172.6500,172.9700,10858.0000,173.0320,62
2026-08-19 23:05:30,MRNA,172.6400,173.6900,172.3900,173.6900,13293.0000,173.1650,65
2026-08-19 23:05:35,MRNA,173.5900,173.8800,173.4800,173.8800,10251.0000,173.6130,40
2026-08-19 23:05:40,MRNA,173.8200,173.9800,173.4800,173.8000,4252.0000,173.7020,21
2026-08-19 23:05:45,MRNA,173.7900,173.8900,173.4800,173.8300,12883.0000,173.7260,34
2026-08-19 23:05:50,MRNA,173.9500,174.0000,173.4900,173.7300,13318.0000,173.6630,73
2026-08-19 23:05:55,MRNA,173.8000,173.8000,173.4400,173.6000,4949.0000,173.5700,38
2026-08-19 23:06:00,MRNA,173.8000,173.8000,173.1500,173.4600,6705.0000,173.5650,31
2026-08-19 23:06:05,MRNA,173.1000,173.1000,172.5700,172.5800,4653.0000,172.9240,25
2026-08-19 23:06:10,MRNA,172.5500,173.0000,172.5000,172.5700,8055.0000,172.6880,48
2026-08-19 23:06:15,MRNA,172.5000,172.8900,172.5000,172.5700,513.0000,172.6780,3
2026-08-19 23:06:20,MRNA,172.5900,172.9400,172.3200,172.3200,2396.0000,172.5480,17
2026-08-19 23:06:25,MRNA,172.6700,172.6900,172.3700,172.5200,585.0000,172.5980,5
2026-08-19 23:06:30,MRNA,172.7400,172.7400,172.2000,172.2900,2878.0000,172.4220,15
2026-08-19 23:06:35,MRNA,172.3700,172.3900,172.2000,172.2400,900.0000,172.2940,7
2026-08-19 23:06:40,MRNA,172.3600,172.4300,172.2000,172.2400,1933.0000,172.3060,13
2026-08-19 23:06:45,MRNA,172.2500,172.9800,172.2200,172.9800,1897.0000,172.5570,13
2026-08-19 23:06:50,MRNA,172.5400,172.9500,172.5400,172.9500,938.0000,172.7620,6
2026-08-19 23:06:55,MRNA,172.9700,172.9700,172.9100,172.9100,844.0000,172.9270,3
2026-08-19 23:07:00,MRNA,172.9400,173.7000,172.9400,173.7000,4419.0000,173.4330,29
2026-08-19 23:07:05,MRNA,173.7700,174.9000,173.6800,174.9000,11590.0000,174.1450,60
2026-08-19 23:07:10,MRNA,174.9000,175.7400,174.8000,175.5900,11830.0000,175.1660,73
2026-08-19 23:07:15,MRNA,175.7200,175.7300,175.0200,175.1200,7250.0000,175.3330,35
2026-08-19 23:07:20,MRNA,175.1600,177.0000,175.1200,175.4400,29595.0000,176.1220,120
2026-08-19 23:07:25,MRNA,175.3000,175.5000,174.9500,174.9500,4651.0000,175.2660,30
2026-08-19 23:07:30,MRNA,174.5200,174.9900,174.1000,174.5500,8039.0000,174.5330,31
2026-08-19 23:07:35,MRNA,174.7000,174.7000,172.9600,174.1200,7076.0000,173.7720,44
2026-08-19 23:07:40,MRNA,173.6300,174.0000,172.9000,173.4400,2796.0000,173.4120,13
2026-08-19 23:07:45,MRNA,173.0200,173.9600,173.0000,173.4400,1517.0000,173.5660,11
2026-08-19 23:07:50,MRNA,173.8800,173.9900,173.1400,173.9900,3931.0000,173.8020,31
2026-08-19 23:07:55,MRNA,173.6700,174.1300,173.2200,174.1300,1944.0000,173.5670,11
2026-08-19 23:08:00,MRNA,173.9500,174.0000,173.6500,173.9000,1500.0000,173.7370,9
2026-08-19 23:08:05,MRNA,173.6300,174.4900,173.6200,174.3400,3212.0000,174.0530,23
2026-08-19 23:08:10,MRNA,174.4500,174.4600,174.2100,174.4000,1610.0000,174.3490,10
2026-08-19 23:08:15,MRNA,174.5000,174.9000,174.2200,174.9000,10498.0000,174.7260,39
2026-08-19 23:08:20,MRNA,174.8500,175.0000,174.5000,174.5000,4657.0000,174.7840,22
2026-08-19 23:08:25,MRNA,174.9100,174.9700,174.5200,174.6800,2020.0000,174.7470,12
2026-08-19 23:08:30,MRNA,174.5200,175.1000,174.4600,175.0000,6583.0000,174.8720,34
2026-08-19 23:08:35,MRNA,175.1000,175.5000,175.1000,175.4900,7469.0000,175.3090,36
2026-08-19 23:08:40,MRNA,175.0800,175.5000,175.0200,175.4300,5808.0000,175.2750,29
2026-08-19 23:08:45,MRNA,175.0200,175.2500,174.5400,175.0100,4378.0000,174.9490,28
2026-08-19 23:08:50,MRNA,175.2400,175.2400,175.0300,175.0800,1251.0000,175.1500,9
2026-08-19 23:08:55,MRNA,175.0800,175.3800,175.0300,175.3800,2040.0000,175.2120,17
2026-08-19 23:09:00,MRNA,175.4000,175.9500,175.2800,175.9500,7720.0000,175.5390,30
2026-08-19 23:09:05,MRNA,175.9900,176.8900,175.7700,176.8800,8062.0000,176.2400,48
2026-08-19 23:09:10,MRNA,176.8400,176.9500,176.5000,176.9500,7621.0000,176.7960,24
2026-08-19 23:09:15,MRNA,176.9400,177.4400,176.5500,177.4400,24578.0000,176.9590,109
2026-08-19 23:09:20,MRNA,177.1300,177.5000,177.1300,177.1900,9516.0000,177.2460,50
2026-08-19 23:09:25,MRNA,177.4100,177.4100,176.7000,176.8900,8186.0000,177.0170,47
2026-08-19 23:09:30,MRNA,176.8100,177.1300,175.6200,175.6200,10473.0000,176.4240,47
2026-08-19 23:09:35,MRNA,175.8000,177.0000,175.6200,176.2600,8664.0000,176.1770,38
2026-08-19 23:09:40,MRNA,176.2500,176.3700,175.9600,176.0300,4823.0000,176.1810,16
2026-08-19 23:09:45,MRNA,176.5100,176.5100,176.0000,176.0700,1675.0000,176.1830,10
2026-08-19 23:09:50,MRNA,176.1200,176.5100,176.0000,176.2600,3177.0000,176.2270,20
2026-08-19 23:09:55,MRNA,176.0600,176.4000,175.9700,176.0600,2673.0000,176.1240,13
2026-08-19 23:10:00,MRNA,176.3400,177.0000,176.1900,177.0000,10089.0000,176.5340,47
2026-08-19 23:10:05,MRNA,177.0000,177.0000,176.4000,176.5600,11882.0000,176.8960,59
2026-08-19 23:10:10,MRNA,176.5600,177.0000,176.5600,176.7700,4387.0000,176.8220,21
2026-08-19 23:10:15,MRNA,176.9600,177.0000,176.5100,176.8900,3390.0000,176.7690,24
2026-08-19 23:10:20,MRNA,176.9000,176.9000,176.5400,176.7200,780.0000,176.6950,4
2026-08-19 23:10:25,MRNA,176.5100,176.7400,176.5100,176.5100,2651.0000,176.5950,16
2026-08-19 23:10:30,MRNA,176.6000,176.6400,176.0000,176.0000,13046.0000,176.3410,48
2026-08-19 23:10:35,MRNA,176.0000,176.0000,175.6200,175.6200,3231.0000,175.6550,18
2026-08-19 23:10:40,MRNA,175.6200,175.7900,175.0000,175.1000,10978.0000,175.2480,36
2026-08-19 23:10:45,MRNA,175.1000,175.2800,175.0000,175.0600,4851.0000,175.1140,21
2026-08-19 23:10:50,MRNA,175.0200,175.2400,175.0000,175.0500,2676.0000,175.0650,19
2026-08-19 23:10:55,MRNA,175.1300,175.3300,174.8300,175.0200,3342.0000,175.1060,21
2026-08-19 23:11:00,MRNA,174.8400,175.1100,174.7600,174.8700,4980.0000,174.9300,27
2026-08-19 23:11:05,MRNA,175.0000,175.0000,174.8000,175.0000,2650.0000,174.9040,4
2026-08-19 23:11:10,MRNA,174.9900,175.1600,174.7700,174.9100,6434.0000,174.9790,26
2026-08-19 23:11:15,MRNA,174.9800,175.0000,174.9100,174.9100,300.0000,174.9630,3
2026-08-19 23:11:20,MRNA,174.9300,175.0000,174.8500,175.0000,5123.0000,174.8880,12
2026-08-19 23:11:25,MRNA,175.1600,175.5000,174.5000,174.5000,6143.0000,174.8790,43
2026-08-19 23:11:30,MRNA,174.5000,175.0100,174.5000,174.5100,2263.0000,174.8590,15
2026-08-19 23:11:35,MRNA,174.5100,174.5100,174.0000,174.3800,6229.0000,174.3420,31
2026-08-19 23:11:40,MRNA,174.4100,174.4900,174.2500,174.2500,1955.0000,174.3160,13
2026-08-19 23:11:45,MRNA,174.2800,174.4400,173.5000,173.7100,8160.0000,173.9830,43
2026-08-19 23:11:50,MRNA,173.5800,173.6400,173.0000,173.1200,4011.0000,173.3690,28
2026-08-19 23:11:55,MRNA,173.0500,173.6400,172.8400,173.4200,5312.0000,173.1700,27
2026-08-19 23:12:00,MRNA,173.0400,173.4000,172.1600,172.1600,5923.0000,172.7400,31
2026-08-19 23:12:05,MRNA,172.1600,172.8800,172.1000,172.2400,1873.0000,172.4330,12
2026-08-19 23:12:10,MRNA,172.6900,172.9900,172.1200,172.5400,5412.0000,172.5960,29
2026-08-19 23:12:15,MRNA,172.4500,172.4500,171.7800,171.7800,9300.0000,172.0810,45
2026-08-19 23:12:20,MRNA,172.4800,172.4900,172.0000,172.0000,5062.0000,172.2040,21
2026-08-19 23:12:25,MRNA,172.1900,172.8200,172.1900,172.8200,610.0000,172.4710,4
2026-08-19 23:12:30,MRNA,172.8100,173.9500,172.8000,173.6000,5061.0000,173.2760,22
2026-08-19 23:12:35,MRNA,173.2500,173.5200,172.8100,173.1700,1923.0000,173.0410,7
2026-08-19 23:12:40,MRNA,173.4400,173.5200,173.0700,173.4600,4492.0000,173.3780,24
2026-08-19 23:12:45,MRNA,173.4500,173.4600,173.1000,173.1000,1078.0000,173.3240,6
2026-08-19 23:12:50,MRNA,173.3000,173.3000,173.1600,173.1600,200.0000,173.2300,2
2026-08-19 23:12:55,MRNA,173.1200,173.1300,173.1200,173.1200,130.0000,173.1200,1
2026-08-19 23:13:00,MRNA,173.1600,173.1600,172.8200,172.8600,3036.0000,172.9820,18
2026-08-19 23:13:05,MRNA,172.8000,173.1900,172.8000,173.1900,2652.0000,172.9400,13
2026-08-19 23:13:10,MRNA,173.2200,173.4100,172.8500,172.8500,1579.0000,173.1230,11
2026-08-19 23:13:15,MRNA,172.8500,173.3500,172.8100,172.9000,3153.0000,172.8950,20
2026-08-19 23:13:20,MRNA,172.8100,172.8600,172.4000,172.4000,2938.0000,172.7090,16
2026-08-19 23:13:25,MRNA,172.6500,172.6500,172.0000,172.0000,5164.0000,172.2710,22
2026-08-19 23:13:30,MRNA,172.0500,172.2600,171.8000,172.2500,1923.0000,172.0520,15
2026-08-19 23:13:35,MRNA,172.0000,172.1800,171.6600,171.6600,4571.0000,171.8790,23
2026-08-19 23:13:40,MRNA,171.7700,172.3900,171.7700,172.2400,9162.0000,172.0270,42
2026-08-19 23:13:45,MRNA,172.3600,172.9800,172.0200,172.4100,2641.0000,172.5760,21
2026-08-19 23:13:50,MRNA,173.0000,173.7000,172.6100,173.4500,5070.0000,173.2570,21
2026-08-19 23:13:55,MRNA,173.5200,173.7000,173.4700,173.7000,3055.0000,173.6540,17
2026-08-19 23:14:00,MRNA,173.7000,174.2400,173.7000,174.2400,4327.0000,173.9360,20
2026-08-19 23:14:05,MRNA,174.2400,174.2400,173.4700,173.7100,2733.0000,173.9430,12
2026-08-19 23:14:10,MRNA,173.4900,174.0000,173.4900,173.9700,4233.0000,173.7010,9
2026-08-19 23:14:15,MRNA,173.8900,173.8900,173.7400,173.7500,600.0000,173.7760,4
2026-08-19 23:14:20,MRNA,173.5300,173.7900,173.4200,173.7900,587.0000,173.5340,5
2026-08-19 23:14:25,MRNA,173.3300,173.3300,172.9800,172.9900,3281.0000,173.0650,10
2026-08-19 23:14:30,MRNA,173.0000,173.0000,172.4000,172.7500,2091.0000,172.6090,11
2026-08-19 23:14:35,MRNA,172.8000,172.8000,172.4100,172.5000,411.0000,172.5800,4
2026-08-19 23:14:40,MRNA,172.7200,172.8000,172.5100,172.5100,647.0000,172.7070,4
2026-08-19 23:14:45,MRNA,172.4300,172.7600,172.4000,172.4000,918.0000,172.5150,7
2026-08-19 23:14:50,MRNA,172.7500,172.7900,172.0000,172.0000,8384.0000,172.2780,40
2026-08-19 23:14:55,MRNA,172.0000,172.8000,171.9700,172.8000,3934.0000,172.3360,25
2026-08-19 23:15:00,MRNA,172.7900,173.2000,172.7900,173.2000,3722.0000,172.9720,19
2026-08-19 23:15:05,MRNA,173.4000,173.7900,173.0500,173.7900,4517.0000,173.5300,13
2026-08-19 23:15:10,MRNA,173.1400,173.8000,173.0700,173.1900,2051.0000,173.5730,9
2026-08-19 23:15:15,MRNA,172.9300,175.4300,172.9300,175.4300,15692.0000,174.5120,76
2026-08-19 23:15:20,MRNA,174.9100,175.4300,174.8000,175.4200,4304.0000,175.1690,21
2026-08-19 23:15:25,MRNA,175.4200,175.4700,175.0000,175.2700,8265.0000,175.2520,30
2026-08-19 23:15:30,MRNA,175.0000,175.2000,174.2400,175.2000,2426.0000,174.7910,9
2026-08-19 23:15:35,MRNA,175.1000,175.4000,174.1600,174.1600,2833.0000,174.9790,14
2026-08-19 23:15:40,MRNA,175.0000,175.2000,174.8900,175.0400,1600.0000,175.0260,4
2026-08-19 23:15:45,MRNA,174.9800,175.2000,174.9800,175.1500,3163.0000,175.1650,10
2026-08-19 23:15:50,MRNA,175.0300,175.3000,174.4000,175.3000,2777.0000,175.1090,12
2026-08-19 23:15:55,MRNA,175.4100,175.4500,174.9200,175.2100,1953.0000,175.3020,13
2026-08-19 23:16:00,MRNA,175.3100,175.3100,174.9400,175.3100,1169.0000,175.2780,5
2026-08-19 23:16:05,MRNA,175.0900,175.4600,174.9100,174.9100,8764.0000,175.2510,30
2026-08-19 23:16:10,MRNA,174.9200,175.4600,174.9200,175.2400,2178.0000,175.1660,14
2026-08-19 23:16:15,MRNA,175.4600,176.7300,175.4600,176.2900,19109.0000,176.1950,81
2026-08-19 23:16:20,MRNA,176.5800,178.0000,176.2100,177.6400,32545.0000,177.1300,118
2026-08-19 23:16:25,MRNA,177.9900,178.0000,176.6000,178.0000,11140.0000,177.7030,50
2026-08-19 23:16:30,MRNA,178.0000,178.5700,177.2400,178.0000,11899.0000,177.9470,56
2026-08-19 23:16:35,MRNA,177.3300,177.9800,177.0000,177.9800,6687.0000,177.7090,27
2026-08-19 23:16:40,MRNA,177.9200,178.4700,177.5200,178.0300,4558.0000,177.9180,26
2026-08-19 23:16:45,MRNA,178.4400,178.7200,178.0300,178.4500,5438.0000,178.4370,38
2026-08-19 23:16:50,MRNA,178.4000,178.8000,178.0000,178.3100,6139.0000,178.3660,39
2026-08-19 23:16:55,MRNA,178.0000,178.3400,177.8300,177.9700,8328.0000,178.0360,38
2026-08-19 23:17:00,MRNA,177.9700,178.0000,177.7000,177.7000,6908.0000,177.7880,27
2026-08-19 23:17:05,MRNA,177.7600,178.0000,177.6800,177.8000,10441.0000,177.8880,26
2026-08-19 23:17:10,MRNA,177.8100,178.5000,177.8000,178.4700,10877.0000,178.1530,63
2026-08-19 23:17:15,MRNA,178.5000,178.9900,178.0000,178.9900,8098.0000,178.6400,27
2026-08-19 23:17:20,MRNA,178.9700,179.6900,178.9000,179.6900,20344.0000,179.2150,90
2026-08-19 23:17:25,MRNA,179.1700,180.0000,179.1700,180.0000,11126.0000,179.8940,58
2026-08-19 23:17:30,MRNA,179.9800,180.5000,179.8500,179.9000,21933.0000,180.0160,104
2026-08-19 23:17:35,MRNA,179.9000,180.0000,179.0000,179.4900,25243.0000,179.6520,105
2026-08-19 23:17:40,MRNA,179.5700,180.7200,179.5700,180.3800,7371.0000,180.4540,47
2026-08-19 23:17:45,MRNA,180.4600,180.6900,180.2500,180.5300,12309.0000,180.3980,43
2026-08-19 23:17:50,MRNA,180.4400,180.6900,180.1000,180.1800,13082.0000,180.3710,51
2026-08-19 23:17:55,MRNA,180.4500,180.6900,180.1000,180.6800,5748.0000,180.3380,32
2026-08-19 23:18:00,MRNA,180.4200,180.8000,180.3600,180.4900,7234.0000,180.6360,41
2026-08-19 23:18:05,MRNA,180.3600,180.7500,180.0000,180.4000,11080.0000,180.4570,70
2026-08-19 23:18:10,MRNA,180.3800,180.3800,180.0000,180.0000,8338.0000,180.1240,42
2026-08-19 23:18:15,MRNA,180.3200,180.8000,180.1900,180.3500,10772.0000,180.5670,54
2026-08-19 23:18:20,MRNA,180.7500,180.8000,180.0300,180.3000,7277.0000,180.3080,46
2026-08-19 23:18:25,MRNA,180.0500,180.2800,179.5100,179.9900,8264.0000,179.9410,39
2026-08-19 23:18:30,MRNA,179.9700,179.9800,179.0200,179.0200,8303.0000,179.4600,34
2026-08-19 23:18:35,MRNA,179.0100,179.9000,179.0000,179.3000,9031.0000,179.3120,49
2026-08-19 23:18:40,MRNA,179.3000,179.5000,179.0000,179.3000,5087.0000,179.1840,23
2026-08-19 23:18:45,MRNA,179.2300,179.5000,179.0000,179.3700,4332.0000,179.1710,25
2026-08-19 23:18:50,MRNA,179.3200,179.9100,179.0000,179.0000,4771.0000,179.1890,25
2026-08-19 23:18:55,MRNA,179.0300,179.2200,179.0200,179.1700,3439.0000,179.1550,13
2026-08-19 23:19:00,MRNA,179.1900,179.5000,179.1800,179.5000,1000.0000,179.3110,7
2026-08-19 23:19:05,MRNA,179.4900,180.3000,179.2200,180.0300,10562.0000,179.9000,45
2026-08-19 23:19:10,MRNA,180.2900,180.2900,180.0500,180.2500,4616.0000,180.1670,15
2026-08-19 23:19:15,MRNA,180.3000,180.6200,180.0700,180.6000,6439.0000,180.3810,25
2026-08-19 23:19:20,MRNA,180.4100,180.6700,180.4000,180.6600,2187.0000,180.5420,15
2026-08-19 23:19:25,MRNA,180.5900,181.3000,180.5000,180.9200,32208.0000,180.8800,121
2026-08-19 23:19:30,MRNA,180.5300,180.9900,180.2900,180.3000,9517.0000,180.4800,45
2026-08-19 23:19:35,MRNA,180.2900,180.7900,180.2900,180.7100,4876.0000,180.5560,20
2026-08-19 23:19:40,MRNA,180.7800,180.7800,180.0000,180.0000,9302.0000,180.2320,52
2026-08-19 23:19:45,MRNA,180.3000,180.3000,179.6300,179.9800,2217.0000,179.9400,14
2026-08-19 23:19:50,MRNA,179.5700,179.9800,179.5700,179.7200,4391.0000,179.7270,15
2026-08-19 23:19:55,MRNA,179.5000,179.7000,179.5000,179.7000,932.0000,179.5760,7
2026-08-19 23:20:00,MRNA,179.8100,180.3000,179.6200,180.0000,10480.0000,179.9740,52
2026-08-19 23:20:05,MRNA,179.9800,179.9800,179.8300,179.9700,400.0000,179.9390,3
2026-08-19 23:20:10,MRNA,180.0000,180.7000,180.0000,180.2900,3269.0000,180.3860,13
2026-08-19 23:20:15,MRNA,180.7800,180.8100,180.3600,180.3600,6765.0000,180.5720,35
2026-08-19 23:20:20,MRNA,180.3900,180.5000,180.0000,180.0000,4933.0000,180.2200,28
2026-08-19 23:20:25,MRNA,180.0000,180.4300,180.0000,180.0200,1680.0000,180.2380,7
2026-08-19 23:20:30,MRNA,180.0100,180.0200,179.5000,179.9400,5616.0000,179.7970,30
2026-08-19 23:20:35,MRNA,179.5100,179.7700,179.5000,179.6200,3936.0000,179.5710,13
2026-08-19 23:20:40,MRNA,179.7500,179.7700,179.0000,179.0000,8346.0000,179.2190,46
2026-08-19 23:20:45,MRNA,178.9100,179.2300,178.6000,178.8000,4216.0000,178.9590,25
2026-08-19 23:20:50,MRNA,179.0000,179.0000,178.1200,178.1300,5627.0000,178.5850,37
2026-08-19 23:20:55,MRNA,178.4000,178.5300,177.9100,178.0100,9189.0000,178.1450,47
2026-08-19 23:21:00,MRNA,178.2600,179.0000,178.0000,178.3600,6221.0000,178.5110,36
2026-08-19 23:21:05,MRNA,179.0000,179.1300,178.3700,178.7400,3245.0000,178.8460,16
2026-08-19 23:21:10,MRNA,178.6900,179.0000,178.5600,178.6000,3090.0000,178.8170,14
2026-08-19 23:21:15,MRNA,179.0000,179.4900,179.0000,179.1100,1457.0000,179.3340,12
2026-08-19 23:21:20,MRNA,179.4900,179.4900,179.0500,179.4200,2099.0000,179.2090,13
2026-08-19 23:21:25,MRNA,179.0100,179.4900,179.0100,179.2300,1272.0000,179.1410,8
2026-08-19 23:21:30,MRNA,179.0900,179.4900,179.0500,179.3300,1979.0000,179.3020,14
2026-08-19 23:21:35,MRNA,179.3600,179.3900,179.3500,179.3900,775.0000,179.3790,2
2026-08-19 23:21:40,MRNA,179.2000,179.2000,178.5000,178.5000,6523.0000,178.8430,25
2026-08-19 23:21:45,MRNA,178.4900,178.9800,178.4600,178.5100,4377.0000,178.6460,21
2026-08-19 23:21:50,MRNA,178.7500,179.0000,178.3600,178.3600,1811.0000,178.6110,7
2026-08-19 23:21:55,MRNA,178.5900,178.9400,178.4900,178.5000,2364.0000,178.6690,15
2026-08-19 23:22:00,MRNA,178.5000,178.9400,178.5000,178.8000,1865.0000,178.6370,16
2026-08-19 23:22:05,MRNA,178.5000,178.8000,178.4800,178.6400,1749.0000,178.5450,8
2026-08-19 23:22:10,MRNA,178.6000,178.9400,178.4900,178.9400,10445.0000,178.8550,32
2026-08-19 23:22:15,MRNA,178.9300,178.9600,178.3900,178.3900,4242.0000,178.7880,24
2026-08-19 23:22:20,MRNA,178.3700,178.7400,178.2000,178.5800,2010.0000,178.3700,7
2026-08-19 23:22:25,MRNA,178.6000,178.6200,178.3200,178.5500,1545.0000,178.5410,8
2026-08-19 23:22:30,MRNA,178.6800,178.6800,178.5000,178.5000,381.0000,178.5840,3
2026-08-19 23:22:35,MRNA,178.5500,178.9600,178.5000,178.9200,3371.0000,178.6790,15
2026-08-19 23:22:40,MRNA,178.9400,179.7100,178.9300,179.7100,14401.0000,179.1970,57
2026-08-19 23:22:45,MRNA,179.8000,180.6100,179.4900,180.5000,9774.0000,180.2300,41
2026-08-19 23:22:50,MRNA,180.4000,181.0000,180.4000,180.7700,8029.0000,180.7850,34
2026-08-19 23:22:55,MRNA,180.8300,181.0000,180.3100,180.6900,14512.0000,180.7890,73
2026-08-19 23:23:00,MRNA,180.7000,181.5000,180.2000,181.3000,11422.0000,180.9730,56
2026-08-19 23:23:05,MRNA,181.4500,181.5000,181.0400,181.1400,4627.0000,181.3800,24
2026-08-19 23:23:10,MRNA,181.4400,181.8000,181.0500,181.2500,16180.0000,181.4070,58
2026-08-19 23:23:15,MRNA,181.1500,181.2500,180.5000,180.9600,9308.0000,181.0350,41
2026-08-19 23:23:20,MRNA,180.9300,181.0800,180.5000,180.5300,3403.0000,180.7770,15
2026-08-19 23:23:25,MRNA,180.8200,181.5000,180.6800,181.2300,5466.0000,181.1410,37
2026-08-19 23:23:30,MRNA,181.3300,182.1200,181.1500,181.7200,14486.0000,181.8630,80
2026-08-19 23:23:35,MRNA,182.0000,182.1900,181.9100,181.9600,8092.0000,182.0680,43
2026-08-19 23:23:40,MRNA,182.1700,182.2000,181.1000,181.6200,10839.0000,181.6400,50
2026-08-19 23:23:45,MRNA,181.3600,181.6800,181.0000,181.4400,9235.0000,181.3750,48
2026-08-19 23:23:50,MRNA,181.4400,181.6800,181.2600,181.6800,4335.0000,181.5170,25
2026-08-19 23:23:55,MRNA,181.5300,182.0000,181.3300,181.7400,6018.0000,181.5890,35
2026-08-19 23:24:00,MRNA,181.9600,181.9900,181.4400,181.9200,5442.0000,181.8060,30
2026-08-19 23:24:05,MRNA,181.9300,182.0000,181.4100,181.5000,7535.0000,181.8610,35
2026-08-19 23:24:10,MRNA,181.4400,181.7000,181.3400,181.7000,3297.0000,181.5060,15
2026-08-19 23:24:15,MRNA,181.9500,181.9500,181.7000,181.7200,1363.0000,181.8680,8
2026-08-19 23:24:20,MRNA,181.6800,182.0000,181.6800,182.0000,5588.0000,181.9290,29
2026-08-19 23:24:25,MRNA,181.9500,181.9500,181.2500,181.2900,7319.0000,181.6160,25
2026-08-19 23:24:30,MRNA,181.5500,181.6800,181.2400,181.6000,3030.0000,181.4150,13
2026-08-19 23:24:35,MRNA,181.5800,181.6000,181.2400,181.2400,4062.0000,181.3910,19
2026-08-19 23:24:40,MRNA,181.3500,181.5600,181.2200,181.4000,3137.0000,181.3590,13
2026-08-19 23:24:45,MRNA,181.3700,182.0000,181.3600,182.0000,5395.0000,181.6510,28
2026-08-19 23:24:50,MRNA,181.6100,182.0000,181.5400,181.7700,4612.0000,181.7630,14
2026-08-19 23:24:55,MRNA,181.9900,182.3000,181.8900,182.2000,7679.0000,182.0630,32
2026-08-19 23:25:00,MRNA,182.3000,182.5000,182.3000,182.5000,4053.0000,182.4540,23
2026-08-19 23:25:05,MRNA,182.5000,182.6800,182.4700,182.6400,6043.0000,182.5410,30
2026-08-19 23:25:10,MRNA,182.6400,182.7700,182.6000,182.7600,4806.0000,182.7040,15
2026-08-19 23:25:15,MRNA,182.7600,182.8000,182.1100,182.5000,14405.0000,182.5280,74
2026-08-19 23:25:20,MRNA,182.2800,182.5900,182.0000,182.0000,8301.0000,182.2540,37
2026-08-19 23:25:25,MRNA,182.0000,182.2700,182.0000,182.2600,6702.0000,182.0760,37
2026-08-19 23:25:30,MRNA,182.2700,182.3200,182.0000,182.0800,2501.0000,182.1230,16
2026-08-19 23:25:35,MRNA,182.0400,182.0900,181.6500,182.0000,8413.0000,181.9090,39
2026-08-19 23:25:40,MRNA,181.8800,182.2300,181.8800,182.2300,3291.0000,182.0940,23
2026-08-19 23:25:45,MRNA,182.0300,182.5200,182.0300,182.1700,6983.0000,182.3970,43
2026-08-19 23:25:50,MRNA,182.4400,182.7500,182.2400,182.7500,7621.0000,182.5350,26
2026-08-19 23:25:55,MRNA,182.6800,182.9300,182.5800,182.9300,3702.0000,182.7760,23
2026-08-19 23:26:00,MRNA,182.9700,183.9000,182.9700,183.8900,13669.0000,183.2690,54
2026-08-19 23:26:05,MRNA,183.7700,184.2700,183.7700,184.2700,7027.0000,183.9880,40
2026-08-19 23:26:10,MRNA,184.2100,184.7100,184.2100,184.7100,10070.0000,184.5560,48
2026-08-19 23:26:15,MRNA,184.6000,185.0100,184.5900,184.7300,28883.0000,184.8620,124
2026-08-19 23:26:20,MRNA,184.8500,186.0000,184.7500,186.0000,13678.0000,185.2210,55
2026-08-19 23:26:25,MRNA,185.5900,186.0000,185.5200,185.9600,15517.0000,185.7910,64
2026-08-19 23:26:30,MRNA,185.7700,185.9900,185.5200,185.7400,13861.0000,185.7630,54
2026-08-19 23:26:35,MRNA,185.5800,186.0000,185.5200,185.8500,15194.0000,185.8510,82
2026-08-19 23:26:40,MRNA,185.9400,186.4500,185.9300,186.4300,13310.0000,186.2390,88
2026-08-19 23:26:45,MRNA,186.4900,186.8700,186.4500,186.7100,7933.0000,186.6900,35
2026-08-19 23:26:50,MRNA,186.7400,187.3700,186.7100,187.2700,10102.0000,186.9490,62
2026-08-19 23:26:55,MRNA,187.3200,187.6800,187.0700,187.6500,14978.0000,187.3990,80
2026-08-19 23:27:00,MRNA,187.5700,187.8800,187.5500,187.6600,17938.0000,187.6960,92
2026-08-19 23:27:05,MRNA,187.7400,188.7700,187.7000,188.7700,15923.0000,188.0710,76
2026-08-19 23:27:10,MRNA,188.7100,189.0000,188.6800,188.9900,13226.0000,188.8620,82
2026-08-19 23:27:15,MRNA,188.8800,189.8000,188.8000,189.1800,18761.0000,189.1720,115
2026-08-19 23:27:20,MRNA,189.1800,189.7600,188.8000,189.0600,30869.0000,189.0280,151
2026-08-19 23:27:25,MRNA,189.4200,190.4200,189.0000,190.4200,38690.0000,189.8290,186
2026-08-19 23:27:30,MRNA,190.0000,190.5000,188.8000,188.8000,32755.0000,189.5770,143
2026-08-19 23:27:35,MRNA,189.1100,189.1100,188.8000,188.9000,13322.0000,188.8780,79
2026-08-19 23:27:40,MRNA,188.9000,188.9600,187.3700,187.3800,23023.0000,187.8900,91
2026-08-19 23:27:45,MRNA,187.3800,187.8000,186.7000,186.7100,22055.0000,187.2210,123
2026-08-19 23:27:50,MRNA,186.7100,187.0200,186.4000,186.8300,11917.0000,186.8300,70
2026-08-19 23:27:55,MRNA,186.9500,187.6300,186.6500,187.6000,11274.0000,187.0840,59
2026-08-19 23:28:00,MRNA,187.7000,188.9900,187.7000,188.9900,11056.0000,188.5510,54
2026-08-19 23:28:05,MRNA,188.8600,188.9500,188.3000,188.4400,8372.0000,188.6090,31
2026-08-19 23:28:10,MRNA,188.5100,188.7100,188.0000,188.4700,7639.0000,188.4600,46
2026-08-19 23:28:15,MRNA,188.4000,188.5000,188.0200,188.1700,19093.0000,188.2020,50
2026-08-19 23:28:20,MRNA,188.0100,190.4000,188.0100,190.3200,30130.0000,189.3330,162
2026-08-19 23:28:25,MRNA,190.4100,192.0000,190.4000,191.8200,29870.0000,191.0470,173
2026-08-19 23:28:30,MRNA,191.8200,192.5000,191.8100,192.4700,20952.0000,192.2060,100
2026-08-19 23:28:35,MRNA,192.4800,192.7800,192.3800,192.6700,19356.0000,192.5320,97
2026-08-19 23:28:40,MRNA,192.4100,192.7700,192.3800,192.4900,13429.0000,192.5490,78
2026-08-19 23:28:45,MRNA,192.6800,192.7400,190.5800,191.0800,36404.0000,191.8450,199
2026-08-19 23:28:50,MRNA,191.2600,191.2600,190.0000,190.0400,25278.0000,190.2900,90
2026-08-19 23:28:55,MRNA,190.0000,190.5300,189.1100,190.4800,15117.0000,190.0090,94
2026-08-19 23:29:00,MRNA,190.4700,191.0400,190.0100,190.5500,8408.0000,190.6190,43
2026-08-19 23:29:05,MRNA,190.5500,190.7600,190.0000,190.1300,12824.0000,190.3270,70
2026-08-19 23:29:10,MRNA,190.5500,190.8500,190.0500,190.1000,11332.0000,190.3810,43
2026-08-19 23:29:15,MRNA,190.3900,190.4300,190.0000,190.0000,7556.0000,190.1460,44
2026-08-19 23:29:20,MRNA,190.0000,190.5000,189.5000,190.0000,12155.0000,189.9760,76
2026-08-19 23:29:25,MRNA,189.4700,189.8900,189.0000,189.0500,9507.0000,189.2420,52
2026-08-19 23:29:30,MRNA,189.0300,189.7400,189.0000,189.2500,12707.0000,189.3870,44
2026-08-19 23:29:35,MRNA,189.2500,189.7400,189.2500,189.7300,7327.0000,189.4570,36
2026-08-19 23:29:40,MRNA,189.6800,190.0000,189.1600,189.8600,7436.0000,189.7470,45
2026-08-19 23:29:45,MRNA,189.5000,189.5900,189.1000,189.3000,3686.0000,189.4280,21
2026-08-19 23:29:50,MRNA,189.5600,189.5900,189.1200,189.2400,9586.0000,189.4150,40
2026-08-19 23:29:55,MRNA,189.1300,189.5900,189.0000,189.4900,7923.0000,189.1470,48
2026-08-19 23:30:00,MRNA,189.3400,190.0000,189.0000,190.0000,5727.0000,189.5990,34
2026-08-19 23:30:05,MRNA,189.9600,190.0000,189.2500,189.5000,10669.0000,189.7930,53
2026-08-19 23:30:10,MRNA,189.5200,190.0000,189.2000,189.2600,5218.0000,189.6580,30
2026-08-19 23:30:15,MRNA,189.6600,190.0000,189.2900,189.7700,3258.0000,189.7440,21
2026-08-19 23:30:20,MRNA,189.9600,190.0000,189.5700,189.5900,8913.0000,189.9560,52
2026-08-19 23:30:25,MRNA,189.5900,191.2000,189.5900,191.2000,21863.0000,190.2560,75
2026-08-19 23:30:30,MRNA,190.4000,192.0000,190.4000,191.5500,11351.0000,191.6690,63
2026-08-19 23:30:35,MRNA,191.8700,192.0000,191.4500,191.9800,12007.0000,191.7860,65
2026-08-19 23:30:40,MRNA,192.0000,193.0000,191.9700,192.5900,38389.0000,192.6580,126
2026-08-19 23:30:45,MRNA,192.5900,193.0000,192.3000,192.8000,12382.0000,192.5980,60
2026-08-19 23:30:50,MRNA,192.8200,193.3700,191.5900,192.5000,29084.0000,192.4670,137
2026-08-19 23:30:55,MRNA,192.3000,192.7000,191.6000,191.6000,8109.0000,192.0850,42
2026-08-19 23:31:00,MRNA,191.9700,192.4000,191.6000,191.6000,8810.0000,191.9780,32
2026-08-19 23:31:05,MRNA,192.0000,192.3000,191.5900,192.2700,8426.0000,191.8600,36
2026-08-19 23:31:10,MRNA,191.9400,192.2000,191.6000,192.0000,10402.0000,191.8540,51
2026-08-19 23:31:15,MRNA,191.9900,191.9900,191.6500,191.6500,5102.0000,191.7300,25
2026-08-19 23:31:20,MRNA,191.6500,192.7300,191.6500,192.4300,19891.0000,192.1790,126
2026-08-19 23:31:25,MRNA,192.2100,193.0000,192.0000,193.0000,11640.0000,192.4990,57
2026-08-19 23:31:30,MRNA,193.0000,193.5800,193.0000,193.0500,10157.0000,193.3400,52
2026-08-19 23:31:35,MRNA,193.4400,193.9900,193.0600,193.5500,12375.0000,193.6010,57
2026-08-19 23:31:40,MRNA,193.5400,193.9700,193.1100,193.3100,11315.0000,193.4690,64
2026-08-19 23:31:45,MRNA,193.2600,193.7900,193.1200,193.6000,9614.0000,193.4480,69
2026-08-19 23:31:50,MRNA,193.6000,193.9900,193.5100,193.8700,10114.0000,193.7650,53
2026-08-19 23:31:55,MRNA,193.9900,193.9900,193.2000,193.7600,14382.0000,193.7170,58
2026-08-19 23:32:00,MRNA,193.5900,194.0000,193.5700,193.6700,20450.0000,193.8510,99
2026-08-19 23:32:05,MRNA,193.9400,194.6900,193.9400,194.2800,14872.0000,194.2830,67
2026-08-19 23:32:10,MRNA,194.2400,194.7000,194.2200,194.7000,9992.0000,194.4800,50
2026-08-19 23:32:15,MRNA,194.4700,194.8800,194.2000,194.5300,14239.0000,194.6500,90
2026-08-19 23:32:20,MRNA,194.4700,194.7400,193.6000,194.0800,20718.0000,194.0400,112
2026-08-19 23:32:25,MRNA,193.6100,193.9800,192.5000,193.0000,20720.0000,193.1540,93
2026-08-19 23:32:30,MRNA,192.5100,193.7100,192.5000,193.4400,5878.0000,193.0830,39
2026-08-19 23:32:35,MRNA,193.2300,193.4400,193.0400,193.0600,2403.0000,193.2410,12
2026-08-19 23:32:40,MRNA,193.0500,193.3300,192.5000,193.3200,8350.0000,192.9860,46
2026-08-19 23:32:45,MRNA,193.3800,193.9000,193.1200,193.3400,7446.0000,193.5390,43
2026-08-19 23:32:50,MRNA,193.4400,193.9300,193.4400,193.9300,3105.0000,193.7400,20
2026-08-19 23:32:55,MRNA,193.7900,194.0000,193.5500,193.5500,5996.0000,193.8930,42
2026-08-19 23:33:00,MRNA,193.8000,193.9600,193.6200,193.7000,2400.0000,193.7680,23
2026-08-19 23:33:05,MRNA,193.6800,194.0000,193.3800,193.9100,11902.0000,193.7410,58
2026-08-19 23:33:10,MRNA,193.9000,194.0000,193.3800,193.4000,13933.0000,193.5990,81
2026-08-19 23:33:15,MRNA,193.3800,193.5000,192.3800,192.3800,25754.0000,193.0010,103
2026-08-19 23:33:20,MRNA,192.1000,193.1900,192.0000,192.2000,10359.0000,192.3340,74
2026-08-19 23:33:25,MRNA,192.4300,192.5300,191.6500,192.0000,10759.0000,192.0480,39
2026-08-19 23:33:30,MRNA,191.8000,192.6900,191.6500,192.5900,11375.0000,192.1030,55
2026-08-19 23:33:35,MRNA,192.6200,193.0000,192.1400,192.8600,7183.0000,192.6390,39
2026-08-19 23:33:40,MRNA,192.8600,192.8600,192.1000,192.1400,5073.0000,192.4710,38
2026-08-19 23:33:45,MRNA,192.2300,192.5000,192.0200,192.1600,1905.0000,192.2150,16
2026-08-19 23:33:50,MRNA,192.3000,193.0000,192.0000,192.5000,8434.0000,192.2400,40
2026-08-19 23:33:55,MRNA,192.3100,192.7900,192.0000,192.0000,8117.0000,192.4310,31
2026-08-19 23:34:00,MRNA,192.0000,192.5000,191.2000,191.5800,12454.0000,191.6010,60
2026-08-19 23:34:05,MRNA,191.3100,191.3800,191.0000,191.2000,8246.0000,191.1250,39
2026-08-19 23:34:10,MRNA,191.0600,192.0000,191.0600,191.7800,11155.0000,191.4200,64
2026-08-19 23:34:15,MRNA,191.0600,191.1400,190.0000,190.0100,11619.0000,190.4200,64
2026-08-19 23:34:20,MRNA,190.0500,190.0500,189.1000,189.3300,16486.0000,189.4980,79
2026-08-19 23:34:25,MRNA,189.1900,189.3700,188.2800,188.5000,17694.0000,188.8670,85
2026-08-19 23:34:30,MRNA,188.6500,189.1200,188.4400,188.5700,16101.0000,188.8050,80
2026-08-19 23:34:35,MRNA,188.5200,188.9600,188.4400,188.8000,9757.0000,188.7370,57
2026-08-19 23:34:40,MRNA,188.9300,189.0000,188.4700,188.8400,12020.0000,188.7570,61
2026-08-19 23:34:45,MRNA,188.9500,189.3300,188.5300,189.3200,9164.0000,188.9440,39
2026-08-19 23:34:50,MRNA,189.2400,189.5000,189.2200,189.4900,5497.0000,189.3800,28
2026-08-19 23:34:55,MRNA,189.3900,190.0000,189.3900,189.9600,5244.0000,189.7360,30
2026-08-19 23:35:00,MRNA,189.9000,191.0000,189.8700,191.0000,8372.0000,190.3550,43
2026-08-19 23:35:05,MRNA,190.8000,192.9900,190.5800,192.9700,13486.0000,191.8230,72
2026-08-19 23:35:10,MRNA,192.8400,193.6500,192.5300,193.5300,12635.0000,192.9720,87
2026-08-19 23:35:15,MRNA,193.5200,193.6500,192.6900,192.7200,15757.0000,192.9840,71
2026-08-19 23:35:20,MRNA,192.7000,193.0000,192.2000,192.8100,5016.0000,192.6500,33
2026-08-19 23:35:25,MRNA,192.8100,193.2000,192.3500,193.0900,5348.0000,192.8150,31
2026-08-19 23:35:30,MRNA,193.4400,193.5000,192.2000,192.6000,14683.0000,192.8680,51
2026-08-19 23:35:35,MRNA,192.5000,192.6000,192.0000,192.4300,4554.0000,192.2230,17
2026-08-19 23:35:40,MRNA,192.0200,192.4300,190.8400,191.7500,7643.0000,191.5240,56
2026-08-19 23:35:45,MRNA,191.7500,191.7500,190.5200,191.1200,3064.0000,191.4630,14
2026-08-19 23:35:50,MRNA,191.1800,191.2800,190.7000,190.8500,4202.0000,191.0470,16
2026-08-19 23:35:55,MRNA,191.2100,191.2700,190.8100,191.0000,2890.0000,191.0560,15
2026-08-19 23:36:00,MRNA,190.9300,191.6900,190.3600,190.5000,11477.0000,190.9820,62
2026-08-19 23:36:05,MRNA,190.4700,190.5000,190.0000,190.2400,9354.0000,190.1750,41
2026-08-19 23:36:10,MRNA,190.0300,190.4300,190.0000,190.0600,8565.0000,190.0870,49
2026-08-19 23:36:15,MRNA,190.0900,190.1000,189.0500,189.4800,15923.0000,189.7580,73
2026-08-19 23:36:20,MRNA,189.3600,189.6000,189.0500,189.1500,8748.0000,189.3640,27
2026-08-19 23:36:25,MRNA,189.2900,189.9800,189.2800,189.3000,4124.0000,189.8090,15
2026-08-19 23:36:30,MRNA,189.3500,189.6000,189.1300,189.4700,4258.0000,189.3220,13
2026-08-19 23:36:35,MRNA,189.0600,189.5200,189.0300,189.5200,4173.0000,189.2700,20
2026-08-19 23:36:40,MRNA,189.1100,189.5000,189.0000,189.2800,4692.0000,189.1330,30
2026-08-19 23:36:45,MRNA,189.1200,189.6200,189.1100,189.5000,4258.0000,189.3940,30
2026-08-19 23:36:50,MRNA,189.5000,189.9700,189.0000,189.4300,6795.0000,189.1480,32
2026-08-19 23:36:55,MRNA,189.0100,189.0100,187.1000,187.1100,21645.0000,188.2790,106
2026-08-19 23:37:00,MRNA,187.1000,187.4000,186.3500,186.3800,9228.0000,186.7320,50
2026-08-19 23:37:05,MRNA,186.3800,186.8500,186.0100,186.7400,12197.0000,186.4560,75
2026-08-19 23:37:10,MRNA,186.7300,187.3500,185.0800,185.3400,17994.0000,186.3820,98
2026-08-19 23:37:15,MRNA,185.0600,185.7100,184.7300,184.7300,25253.0000,185.1710,108
2026-08-19 23:37:20,MRNA,185.5800,185.6800,184.2800,184.6100,12963.0000,185.0930,66
2026-08-19 23:37:25,MRNA,184.3000,185.0000,184.3000,184.3000,9712.0000,184.6320,39
2026-08-19 23:37:30,MRNA,184.5900,185.5300,184.3500,185.0300,10362.0000,184.9910,59
2026-08-19 23:37:35,MRNA,185.5400,185.9900,185.0000,185.9900,5490.0000,185.3850,23
2026-08-19 23:37:40,MRNA,185.9500,186.0000,185.2500,185.3900,8015.0000,185.6110,31
2026-08-19 23:37:45,MRNA,185.5800,186.2200,185.5700,185.7500,6503.0000,186.0270,33
2026-08-19 23:37:50,MRNA,186.0300,186.2000,185.7400,185.7400,4834.0000,186.0440,24
2026-08-19 23:37:55,MRNA,186.0300,186.2200,185.8600,186.0100,4672.0000,186.0270,28
2026-08-19 23:38:00,MRNA,186.1600,186.3800,185.8100,186.0000,11569.0000,186.0710,51
2026-08-19 23:38:05,MRNA,186.3500,186.9600,185.8700,186.7900,7105.0000,186.3100,37
2026-08-19 23:38:10,MRNA,186.8100,186.9600,186.3000,186.9300,2882.0000,186.7750,13
2026-08-19 23:38:15,MRNA,186.4500,186.9600,186.0000,186.6100,9035.0000,186.5550,35
2026-08-19 23:38:20,MRNA,186.9500,187.8500,186.7000,187.1100,6983.0000,187.0410,37
2026-08-19 23:38:25,MRNA,187.1200,187.8200,174.3800,187.2500,10791.0000,180.2520,28
2026-08-19 23:38:30,MRNA,187.5000,187.8000,187.2400,187.5400,5721.0000,187.4660,39
2026-08-19 23:38:35,MRNA,187.2900,188.4400,187.2900,188.0500,11323.0000,188.0030,48
2026-08-19 23:38:40,MRNA,188.4400,188.7000,188.0700,188.7000,4563.0000,188.4470,24
2026-08-19 23:38:45,MRNA,188.6600,189.0000,188.4400,188.9700,3729.0000,188.6180,24
2026-08-19 23:38:50,MRNA,188.9500,189.7200,188.7000,189.7100,7264.0000,189.0860,32
2026-08-19 23:38:55,MRNA,189.1700,189.7800,189.0000,189.4800,12315.0000,189.3060,59
2026-08-19 23:39:00,MRNA,189.5000,189.7000,189.0100,189.5000,13080.0000,189.5460,38
2026-08-19 23:39:05,MRNA,189.6900,189.6900,189.0000,189.5000,6292.0000,189.3520,35
2026-08-19 23:39:10,MRNA,189.3700,189.5000,188.5100,188.9700,8666.0000,189.1010,40
2026-08-19 23:39:15,MRNA,188.5000,188.9800,188.0000,188.1200,6109.0000,188.3170,32
2026-08-19 23:39:20,MRNA,188.0800,188.2800,188.0000,188.0000,3465.0000,188.0550,13
2026-08-19 23:39:25,MRNA,188.0300,188.9000,188.0000,188.5700,4629.0000,188.3360,23
2026-08-19 23:39:30,MRNA,188.4100,188.9000,188.1400,188.1400,3795.0000,188.4370,24
2026-08-19 23:39:35,MRNA,188.3000,188.6600,188.1700,188.1700,1239.0000,188.3500,8
2026-08-19 23:39:40,MRNA,188.1800,188.1900,187.2500,187.2700,6355.0000,187.7370,33
2026-08-19 23:39:45,MRNA,187.0000,187.1300,186.3400,186.3400,4900.0000,186.7510,34
2026-08-19 23:39:50,MRNA,186.5500,187.7400,186.3300,187.7300,9012.0000,187.0710,45
2026-08-19 23:39:55,MRNA,187.5000,187.5000,186.3300,186.5800,740.0000,186.6560,5
2026-08-19 23:40:00,MRNA,186.5200,187.0100,186.5200,186.7900,4109.0000,186.9470,14
2026-08-19 23:40:05,MRNA,186.8000,187.0000,186.6000,186.6600,4804.0000,186.7850,27
2026-08-19 23:40:10,MRNA,186.9300,186.9600,186.2600,186.7500,3694.0000,186.4830,22
2026-08-19 23:40:15,MRNA,186.7000,186.8400,186.0300,186.8000,3906.0000,186.4890,21
2026-08-19 23:40:20,MRNA,186.7200,186.8000,186.3100,186.8000,1524.0000,186.5720,10
2026-08-19 23:40:25,MRNA,186.3400,186.8000,186.1400,186.8000,2593.0000,186.6100,15
2026-08-19 23:40:30,MRNA,186.8000,187.0000,186.6000,186.9100,2294.0000,186.8320,11
2026-08-19 23:40:35,MRNA,186.9300,187.0000,186.4600,187.0000,1859.0000,186.7760,11
2026-08-19 23:40:40,MRNA,187.0000,187.6600,186.9200,187.6600,7716.0000,187.2000,33
2026-08-19 23:40:45,MRNA,187.6600,188.5000,187.6500,188.5000,4821.0000,188.0210,27
2026-08-19 23:40:50,MRNA,188.0000,188.4300,185.5600,187.0000,17445.0000,186.6550,97
2026-08-19 23:40:55,MRNA,185.6200,186.0800,185.3100,185.4900,4631.0000,185.5360,27
2026-08-19 23:41:00,MRNA,185.4200,185.8800,184.3000,184.9400,14478.0000,184.9620,64
2026-08-19 23:41:05,MRNA,184.7500,185.0000,184.3000,184.5100,4823.0000,184.5670,22
2026-08-19 23:41:10,MRNA,184.5000,185.9200,184.3300,185.9100,5030.0000,184.9320,27
2026-08-19 23:41:15,MRNA,185.9100,186.2500,185.5500,186.1500,1411.0000,185.7900,7
2026-08-19 23:41:20,MRNA,186.2500,186.2500,185.7800,186.0000,2160.0000,185.8870,8
2026-08-19 23:41:25,MRNA,185.9500,186.0100,185.7900,185.9800,3342.0000,185.9830,11
2026-08-19 23:41:30,MRNA,185.7800,185.9100,185.4700,185.4700,435.0000,185.7220,4
2026-08-19 23:41:35,MRNA,185.8000,185.9500,185.4900,185.9500,1120.0000,185.7680,8
2026-08-19 23:41:40,MRNA,185.9400,186.0000,185.6300,186.0000,1279.0000,185.9220,9
2026-08-19 23:41:45,MRNA,185.5800,185.6200,185.0800,185.1000,3536.0000,185.4710,21
2026-08-19 23:41:50,MRNA,185.5000,185.5400,185.0500,185.4000,1560.0000,185.3230,8
2026-08-19 23:41:55,MRNA,185.0500,185.3600,185.0000,185.0500,5506.0000,185.0290,23
2026-08-19 23:42:00,MRNA,185.0600,185.3000,184.7800,184.9500,4450.0000,185.0290,22
2026-08-19 23:42:05,MRNA,184.6500,184.9200,184.5000,184.8300,10517.0000,184.6710,25
2026-08-19 23:42:10,MRNA,184.4400,184.4400,183.1600,183.4500,15882.0000,183.7920,79
2026-08-19 23:42:15,MRNA,183.5400,183.6800,183.0000,183.3300,18431.0000,183.2010,55
2026-08-19 23:42:20,MRNA,183.2300,184.3500,183.0000,183.9400,10045.0000,183.4220,40
2026-08-19 23:42:25,MRNA,184.1800,185.0000,183.0000,183.0900,28058.0000,183.5240,125
2026-08-19 23:42:30,MRNA,183.0100,183.1100,182.0000,182.0500,29022.0000,182.5610,75
2026-08-19 23:42:35,MRNA,182.6000,182.8000,182.0000,182.0000,6593.0000,182.2720,34
2026-08-19 23:42:40,MRNA,182.4900,182.6000,182.0000,182.4600,7850.0000,182.1180,41
2026-08-19 23:42:45,MRNA,182.2300,182.6000,182.2300,182.2300,6855.0000,182.3440,37
2026-08-19 23:42:50,MRNA,182.2700,182.5500,182.0000,182.0000,7908.0000,182.1450,39
2026-08-19 23:42:55,MRNA,182.2300,182.2300,182.0000,182.0000,8857.0000,182.0270,50
2026-08-19 23:43:00,MRNA,182.1000,183.0000,182.0000,183.0000,21021.0000,182.7140,73
2026-08-19 23:43:05,MRNA,183.0000,183.0000,182.3500,182.8000,8373.0000,182.7710,52
2026-08-19 23:43:10,MRNA,182.8000,184.0000,182.6700,184.0000,32559.0000,183.1130,127
2026-08-19 23:43:15,MRNA,183.8700,183.9900,183.4400,183.9900,2194.0000,183.7530,15
2026-08-19 23:43:20,MRNA,183.9800,184.7000,183.8200,184.3300,7336.0000,184.4230,27
2026-08-19 23:43:25,MRNA,184.5000,184.9600,184.3200,184.5300,7714.0000,184.6570,30
2026-08-19 23:43:30,MRNA,184.3300,185.2000,184.1600,185.2000,7127.0000,184.7260,38
2026-08-19 23:43:35,MRNA,185.1500,185.9000,185.0100,185.8000,6518.0000,185.2810,34
2026-08-19 23:43:40,MRNA,185.9000,185.9000,185.2300,185.3400,6556.0000,185.5210,35
2026-08-19 23:43:45,MRNA,185.3000,185.6600,185.2900,185.5000,3366.0000,185.5210,18
2026-08-19 23:43:50,MRNA,185.6000,185.6600,185.3900,185.4100,3924.0000,185.5330,19
2026-08-19 23:43:55,MRNA,185.5900,185.6700,185.3100,185.4300,2468.0000,185.4840,14
2026-08-19 23:44:00,MRNA,185.5000,185.6500,185.0500,185.6500,4116.0000,185.3970,25
2026-08-19 23:44:05,MRNA,185.2000,185.2000,184.6000,184.6000,8401.0000,184.9910,42
2026-08-19 23:44:10,MRNA,185.0000,185.0000,184.4500,184.5800,2411.0000,184.6690,14
2026-08-19 23:44:15,MRNA,184.6700,185.0000,184.0800,184.3900,3025.0000,184.5260,12
2026-08-19 23:44:20,MRNA,184.6000,184.6000,184.0000,184.0000,1218.0000,184.1210,10
2026-08-19 23:44:25,MRNA,184.0000,184.2900,183.2000,183.9100,4440.0000,183.8300,19
2026-08-19 23:44:30,MRNA,183.4700,184.0000,183.0000,183.2300,6408.0000,183.1430,18
2026-08-19 23:44:35,MRNA,183.0200,183.0200,182.3200,182.4100,6131.0000,182.8200,23
2026-08-19 23:44:40,MRNA,182.3300,182.8300,182.3300,182.7500,2685.0000,182.4880,11
2026-08-19 23:44:45,MRNA,182.5000,182.7500,182.1800,182.7500,4586.0000,182.5200,21
2026-08-19 23:44:50,MRNA,182.8000,183.5000,182.5100,183.5000,4457.0000,183.0540,19
2026-08-19 23:44:55,MRNA,183.4700,183.5000,182.7600,183.0000,3076.0000,183.2720,9
2026-08-19 23:45:00,MRNA,183.0000,183.5000,183.0000,183.2600,2273.0000,183.2440,6
2026-08-19 23:45:05,MRNA,183.3700,183.7700,183.0000,183.0000,2433.0000,183.4010,15
2026-08-19 23:45:10,MRNA,183.1500,183.5000,182.8500,183.2600,4267.0000,183.3090,26
2026-08-19 23:45:15,MRNA,183.5700,184.0000,183.1100,184.0000,4637.0000,183.7540,19
2026-08-19 23:45:20,MRNA,183.9900,184.3500,183.7900,184.3400,2905.0000,184.0490,16
2026-08-19 23:45:25,MRNA,184.2600,184.3800,184.1100,184.1100,1340.0000,184.2160,7
2026-08-19 23:45:30,MRNA,184.3900,184.8200,184.3500,184.8000,5111.0000,184.6270,28
2026-08-19 23:45:35,MRNA,184.4800,185.0000,184.4700,184.9900,1866.0000,184.7780,13
2026-08-19 23:45:40,MRNA,185.0000,185.0000,184.6000,184.8100,9397.0000,184.9470,40
2026-08-19 23:45:45,MRNA,184.8200,184.8300,184.4000,184.8300,1386.0000,184.7590,4
2026-08-19 23:45:50,MRNA,184.7400,184.7400,184.4000,184.4800,2471.0000,184.5650,16
2026-08-19 23:45:55,MRNA,184.7100,185.0000,184.4000,185.0000,3395.0000,184.6240,19
2026-08-19 23:46:00,MRNA,184.8300,185.0000,184.2500,184.5100,1760.0000,184.5930,13
2026-08-19 23:46:05,MRNA,184.5100,184.9900,184.1500,184.2400,2890.0000,184.5570,12
2026-08-19 23:46:10,MRNA,184.2000,184.5000,184.1000,184.1000,4204.0000,184.1860,13
2026-08-19 23:46:15,MRNA,184.0200,184.1500,183.4200,183.4200,4527.0000,183.7590,19
2026-08-19 23:46:20,MRNA,183.7000,183.7000,183.1000,183.4500,3505.0000,183.1800,14
2026-08-19 23:46:25,MRNA,183.2700,183.5100,183.0400,183.5100,1644.0000,183.2320,11
2026-08-19 23:46:30,MRNA,183.4400,183.4500,183.1000,183.1000,980.0000,183.3690,4
2026-08-19 23:46:35,MRNA,183.1200,183.4300,183.0100,183.4200,1592.0000,183.1450,9
2026-08-19 23:46:40,MRNA,183.0000,183.5000,182.9300,183.5000,3170.0000,183.1470,16
2026-08-19 23:46:45,MRNA,183.4800,183.4800,182.0000,182.0000,27566.0000,182.2450,69
2026-08-19 23:46:50,MRNA,182.0600,182.7200,181.2600,181.2600,9306.0000,181.8420,31
2026-08-19 23:46:55,MRNA,181.1300,181.7100,181.0100,181.3900,4865.0000,181.3140,27
2026-08-19 23:47:00,MRNA,181.5700,182.0000,181.0100,182.0000,4088.0000,181.4290,23
2026-08-19 23:47:05,MRNA,181.5600,182.7000,181.5500,182.0000,10285.0000,182.2630,38
2026-08-19 23:47:10,MRNA,182.5400,184.0000,182.5400,183.9900,6756.0000,183.4180,44
2026-08-19 23:47:15,MRNA,183.9800,184.0000,183.5200,183.5300,5432.0000,183.8770,34
2026-08-19 23:47:20,MRNA,183.7400,183.8100,183.4900,183.7900,2561.0000,183.6450,20
2026-08-19 23:47:25,MRNA,183.8500,184.8800,183.5000,184.1200,10070.0000,184.1090,57
2026-08-19 23:47:30,MRNA,184.3800,184.4800,182.8500,184.1900,10710.0000,184.0280,48
2026-08-19 23:47:35,MRNA,184.1600,184.5000,183.7000,183.7000,4302.0000,184.1420,28
2026-08-19 23:47:40,MRNA,183.8500,184.2500,183.8100,184.0000,4494.0000,184.0020,19
2026-08-19 23:47:45,MRNA,184.0000,184.3500,183.6300,183.6300,6383.0000,183.8530,33
2026-08-19 23:47:50,MRNA,183.7200,183.7300,183.7200,183.7200,250.0000,183.7230,1
2026-08-19 23:47:55,MRNA,183.6900,183.7000,183.0400,183.4800,1419.0000,183.3160,8
2026-08-19 23:48:00,MRNA,183.0400,183.1600,183.0000,183.1600,1315.0000,183.0480,9
2026-08-19 23:48:05,MRNA,183.1500,183.2500,183.0200,183.2500,700.0000,183.1230,4
2026-08-19 23:48:10,MRNA,183.1600,183.4000,183.0000,183.0600,2293.0000,183.1960,8
2026-08-19 23:48:15,MRNA,183.1300,183.2900,183.0200,183.2900,1784.0000,183.1180,9
2026-08-19 23:48:20,MRNA,183.2500,183.3000,182.4800,182.6000,4532.0000,182.7030,27
2026-08-19 23:48:25,MRNA,182.4500,182.9300,182.1000,182.6500,3066.0000,182.3760,20
2026-08-19 23:48:30,MRNA,182.2300,182.2500,182.0000,182.0000,4082.0000,182.0360,24
2026-08-19 23:48:35,MRNA,182.1000,182.1500,181.5800,182.1000,2785.0000,181.9540,15
2026-08-19 23:48:40,MRNA,181.8400,182.7500,181.7000,182.7500,3828.0000,182.1640,24
2026-08-19 23:48:45,MRNA,182.7500,183.0000,182.3400,182.9500,6213.0000,182.9490,27
2026-08-19 23:48:50,MRNA,182.9500,182.9900,182.1900,182.2500,6197.0000,182.6430,35
2026-08-19 23:48:55,MRNA,182.3000,183.0000,182.1100,182.1100,2299.0000,182.7950,7
2026-08-19 23:49:00,MRNA,182.8900,182.8900,182.0000,182.0000,984.0000,182.1530,7
2026-08-19 23:49:05,MRNA,182.2700,182.3200,182.1000,182.1200,1111.0000,182.1740,5
2026-08-19 23:49:10,MRNA,182.3200,182.3200,182.1000,182.1200,1778.0000,182.1220,8
2026-08-19 23:49:15,MRNA,182.2500,182.4000,181.6000,182.4000,8316.0000,182.0490,34
2026-08-19 23:49:20,MRNA,182.1000,182.5000,182.0400,182.1000,927.0000,182.2670,6
2026-08-19 23:49:25,MRNA,182.5600,182.8000,182.4200,182.8000,725.0000,182.5910,5
2026-08-19 23:49:30,MRNA,182.5600,182.6300,182.1500,182.4600,2686.0000,182.4040,13
2026-08-19 23:49:35,MRNA,182.1200,182.5000,181.1800,181.4000,5218.0000,181.5140,34
2026-08-19 23:49:40,MRNA,181.0800,181.1000,180.7100,180.7100,9685.0000,180.9530,54
2026-08-19 23:49:45,MRNA,180.7000,180.7000,180.4000,180.6000,5413.0000,180.5620,30
2026-08-19 23:49:50,MRNA,180.7200,180.8800,180.5100,180.7500,6804.0000,180.6970,30
2026-08-19 23:49:55,MRNA,181.0000,181.0000,180.3000,180.3200,5216.0000,180.6800,27
2026-08-19 23:50:00,MRNA,180.9100,180.9700,180.3500,180.5000,3475.0000,180.6570,25
2026-08-19 23:50:05,MRNA,180.9900,181.0000,180.5300,181.0000,6797.0000,180.8770,37
2026-08-19 23:50:10,MRNA,180.9900,181.9900,180.9900,181.8800,8646.0000,181.4220,37
2026-08-19 23:50:15,MRNA,181.8800,182.0000,181.6100,181.7700,5669.0000,181.8920,26
2026-08-19 23:50:20,MRNA,181.9800,181.9800,181.5000,181.7700,1633.0000,181.8640,9
2026-08-19 23:50:25,MRNA,181.9500,181.9800,181.7700,181.9800,1842.0000,181.9150,15
2026-08-19 23:50:30,MRNA,181.5600,181.9800,181.2000,181.8100,8363.0000,181.5520,21
2026-08-19 23:50:35,MRNA,181.4300,181.7000,181.2600,181.3700,1792.0000,181.4770,7
2026-08-19 23:50:40,MRNA,181.3100,181.3200,181.0000,181.1800,3556.0000,181.1400,23
2026-08-19 23:50:45,MRNA,181.1900,181.4000,181.0000,181.4000,1493.0000,181.1620,9
2026-08-19 23:50:50,MRNA,181.4000,181.4000,181.0000,181.0200,2128.0000,181.1790,12
2026-08-19 23:50:55,MRNA,181.0000,181.2000,180.7500,180.9600,2914.0000,180.9220,15
2026-08-19 23:51:00,MRNA,180.5500,180.5500,180.1000,180.3100,8180.0000,180.2320,31
2026-08-19 23:51:05,MRNA,180.6800,180.6800,180.0000,180.3400,32211.0000,180.0710,110
2026-08-19 23:51:10,MRNA,180.3400,180.5800,180.0000,180.1000,3393.0000,180.1840,19
2026-08-19 23:51:15,MRNA,180.1000,180.3900,180.0000,180.0000,5525.0000,180.1860,20
2026-08-19 23:51:20,MRNA,180.2500,180.2500,180.0000,180.0000,5184.0000,180.0220,27
2026-08-19 23:51:25,MRNA,180.0000,180.2900,180.0000,180.0000,11846.0000,180.0660,57
2026-08-19 23:51:30,MRNA,180.0000,180.0100,179.0200,179.2100,8280.0000,179.6100,33
2026-08-19 23:51:35,MRNA,179.0600,179.2500,179.0000,179.0100,20029.0000,179.0300,70
2026-08-19 23:51:40,MRNA,179.0100,179.2500,179.0000,179.0000,10382.0000,179.0350,47
2026-08-19 23:51:45,MRNA,179.1800,179.3000,179.0000,179.0000,11638.0000,179.0570,42
2026-08-19 23:51:50,MRNA,179.0400,179.1100,179.0000,179.1000,3378.0000,179.0160,17
2026-08-19 23:51:55,MRNA,179.0500,179.0500,178.2000,178.2000,9982.0000,178.8610,47
2026-08-19 23:52:00,MRNA,178.2000,178.5000,178.1000,178.2300,8994.0000,178.2780,26
2026-08-19 23:52:05,MRNA,178.1200,178.5000,178.0000,178.1600,16341.0000,178.1300,82
2026-08-19 23:52:10,MRNA,178.1600,178.4400,178.0000,178.1200,5671.0000,178.1930,27
2026-08-19 23:52:15,MRNA,178.1200,179.0700,178.1200,179.0700,11434.0000,178.5740,44
2026-08-19 23:52:20,MRNA,179.0700,179.1000,178.6600,178.9800,10243.0000,178.7940,34
2026-08-19 23:52:25,MRNA,178.9900,179.0000,178.6600,179.0000,2847.0000,178.9210,15
2026-08-19 23:52:30,MRNA,178.9600,180.0000,178.9600,179.8400,10275.0000,179.5850,44
2026-08-19 23:52:35,MRNA,179.8200,180.0000,179.5000,179.9100,2556.0000,179.8120,15
2026-08-19 23:52:40,MRNA,179.8700,179.8700,179.5200,179.8700,3800.0000,179.7140,17
2026-08-19 23:52:45,MRNA,179.9200,181.1900,179.7300,180.5300,16769.0000,180.2010,51
2026-08-19 23:52:50,MRNA,181.1700,181.2300,180.8700,181.0100,5810.0000,181.0490,27
2026-08-19 23:52:55,MRNA,181.1000,181.3700,180.9100,181.3600,4983.0000,181.1710,27
2026-08-19 23:53:00,MRNA,181.3900,181.9800,181.2300,181.2900,5386.0000,181.5240,22
2026-08-19 23:53:05,MRNA,181.2300,182.4500,181.2300,182.3900,11205.0000,182.0020,78
2026-08-19 23:53:10,MRNA,182.4500,182.5000,182.0100,182.0100,2971.0000,182.3410,21
2026-08-19 23:53:15,MRNA,182.7900,182.8600,182.4100,182.8600,4015.0000,182.6610,25
2026-08-19 23:53:20,MRNA,182.7200,183.0000,182.6900,182.9700,12940.0000,182.9420,51
2026-08-19 23:53:25,MRNA,182.8300,183.0000,182.4000,182.4000,7403.0000,182.7300,45
2026-08-19 23:53:30,MRNA,182.4000,183.4000,182.4000,183.3200,7428.0000,182.8360,31
2026-08-19 23:53:35,MRNA,183.0500,183.3400,182.7700,182.7700,7125.0000,183.0480,37
2026-08-19 23:53:40,MRNA,182.8000,183.0000,182.0700,182.4700,7025.0000,182.5910,25
2026-08-19 23:53:45,MRNA,182.1700,182.4800,182.1400,182.1400,3877.0000,182.3050,18
2026-08-19 23:53:50,MRNA,182.0100,182.4800,182.0100,182.4800,3560.0000,182.1980,19
2026-08-19 23:53:55,MRNA,182.1400,182.1600,182.1000,182.1600,457.0000,182.1370,3
2026-08-19 23:54:00,MRNA,182.2800,182.4600,181.8500,181.8500,5414.0000,182.0800,27
2026-08-19 23:54:05,MRNA,181.8000,181.9300,181.7000,181.8200,4289.0000,181.7850,22
2026-08-19 23:54:10,MRNA,181.8000,182.4000,181.4000,182.4000,7041.0000,181.9370,36
2026-08-19 23:54:15,MRNA,182.5000,182.6800,182.1000,182.6800,2621.0000,182.4950,15
2026-08-19 23:54:20,MRNA,182.6300,183.5000,182.5100,183.5000,6621.0000,183.2330,39
2026-08-19 23:54:25,MRNA,183.6400,183.9800,183.4500,183.8700,2500.0000,183.7980,16
2026-08-19 23:54:30,MRNA,183.7800,184.2500,183.7000,183.8600,9013.0000,183.9360,43
2026-08-19 23:54:35,MRNA,183.9400,184.0000,183.8000,183.9900,4562.0000,183.9480,23
2026-08-19 23:54:40,MRNA,183.7700,184.0000,183.5500,183.7400,4672.0000,183.8270,19
2026-08-19 23:54:45,MRNA,183.5500,183.5900,183.0100,183.0700,4969.0000,183.2460,12
2026-08-19 23:54:50,MRNA,183.0600,183.3700,182.6000,182.9800,4019.0000,182.8940,21
2026-08-19 23:54:55,MRNA,182.6100,182.9300,182.2000,182.2500,5518.0000,182.5480,22
2026-08-19 23:55:00,MRNA,182.9200,182.9200,182.0000,182.3100,5042.0000,182.3730,26
2026-08-19 23:55:05,MRNA,182.7000,182.7000,182.1100,182.2400,7196.0000,182.5690,35
2026-08-19 23:55:10,MRNA,182.0100,182.7000,182.0100,182.4000,650.0000,182.2380,6
2026-08-19 23:55:15,MRNA,182.1100,182.1100,181.2300,181.8000,11305.0000,181.9220,45
2026-08-19 23:55:20,MRNA,181.8400,181.8500,181.2300,181.6100,2502.0000,181.4840,20
2026-08-19 23:55:25,MRNA,182.0000,182.0000,181.2900,181.6600,900.0000,181.6540,7
2026-08-19 23:55:30,MRNA,181.5000,181.7900,181.5000,181.7500,1000.0000,181.7400,4
2026-08-19 23:55:35,MRNA,181.7200,181.7500,181.7200,181.7500,857.0000,181.7330,6
2026-08-19 23:55:40,MRNA,181.7300,181.8700,181.5800,181.5800,700.0000,181.7460,3
2026-08-19 23:55:45,MRNA,181.5100,181.9800,181.5100,181.9600,953.0000,181.9170,7
2026-08-19 23:55:50,MRNA,181.8900,182.0000,181.7500,181.9800,3902.0000,181.9570,10
2026-08-19 23:55:55,MRNA,181.8600,182.1400,181.7800,182.1400,2876.0000,181.9480,13
2026-08-19 23:56:00,MRNA,182.3900,182.4500,182.3500,182.4500,1669.0000,182.4150,8
2026-08-19 23:56:05,MRNA,182.5000,182.5000,182.0000,182.4200,1487.0000,182.4180,8
2026-08-19 23:56:10,MRNA,182.4900,182.5000,182.1000,182.4600,1396.0000,182.3690,9
2026-08-19 23:56:15,MRNA,182.4500,182.8800,182.4500,182.5000,6889.0000,182.6360,21
2026-08-19 23:56:20,MRNA,182.6000,182.9400,182.6000,182.9400,700.0000,182.8160,3
2026-08-19 23:56:25,MRNA,182.9800,183.0000,182.4300,182.5000,8016.0000,182.8390,40
2026-08-19 23:56:30,MRNA,182.8900,183.0000,182.6000,182.6600,1417.0000,182.8760,7
2026-08-19 23:56:35,MRNA,182.8800,182.8800,182.3000,182.3000,2107.0000,182.4950,13
2026-08-19 23:56:40,MRNA,182.4400,182.9900,182.2100,182.7300,2644.0000,182.4680,15
2026-08-19 23:56:45,MRNA,182.2600,182.7400,182.0500,182.0500,4646.0000,182.2550,18
2026-08-19 23:56:50,MRNA,182.0500,182.2000,182.0500,182.2000,3301.0000,182.0660,12
2026-08-19 23:56:55,MRNA,182.1900,182.5100,182.1800,182.3100,1790.0000,182.2940,10
2026-08-19 23:57:00,MRNA,182.3000,182.6200,182.0700,182.2000,5134.0000,182.3730,19
2026-08-19 23:57:05,MRNA,182.3000,182.3100,182.1800,182.2000,3453.0000,182.2000,10
2026-08-19 23:57:10,MRNA,182.1500,182.1500,181.5000,181.5000,8569.0000,181.8950,44
2026-08-19 23:57:15,MRNA,181.5000,181.9700,181.5000,181.9600,2670.0000,181.7710,16
2026-08-19 23:57:20,MRNA,181.8100,181.9400,181.5600,181.7500,1500.0000,181.7730,10
2026-08-19 23:57:25,MRNA,181.5400,181.7500,181.5000,181.5000,4668.0000,181.6670,23
2026-08-19 23:57:30,MRNA,181.5100,181.5100,180.6000,180.6500,10216.0000,181.0770,52
2026-08-19 23:57:35,MRNA,180.9200,181.0600,180.6700,181.0600,4168.0000,180.9240,24
2026-08-19 23:57:40,MRNA,181.0000,181.5000,181.0000,181.1200,1360.0000,181.1810,7
2026-08-19 23:57:45,MRNA,181.4100,181.4100,181.0000,181.0000,2688.0000,181.1440,14
2026-08-19 23:57:50,MRNA,181.0000,181.4700,181.0000,181.4700,3179.0000,181.1730,22
2026-08-19 23:57:55,MRNA,181.4800,181.5700,181.4800,181.5700,559.0000,181.5430,2
2026-08-19 23:58:00,MRNA,181.5200,181.5200,181.5200,181.5200,149.0000,181.5200,1
2026-08-19 23:58:05,MRNA,181.8200,181.9100,181.5700,181.9100,2216.0000,181.7820,10
2026-08-19 23:58:10,MRNA,181.8400,182.0500,181.8400,182.0500,4859.0000,182.0070,22
2026-08-19 23:58:15,MRNA,182.0100,182.6600,182.0100,182.6600,2791.0000,182.3950,19
2026-08-19 23:58:20,MRNA,182.6000,183.0000,182.5000,182.8100,3800.0000,182.8770,20
2026-08-19 23:58:25,MRNA,183.0000,183.0000,182.7800,182.9300,3128.0000,182.9690,10
2026-08-19 23:58:30,MRNA,182.9300,183.0500,182.7000,182.9500,4243.0000,182.9050,30
2026-08-19 23:58:35,MRNA,182.7000,182.9300,182.6200,182.7000,1783.0000,182.8430,8
2026-08-19 23:58:40,MRNA,182.5100,182.7400,182.0000,182.0000,4815.0000,182.4600,32
2026-08-19 23:58:45,MRNA,182.0000,182.7000,181.1100,181.1100,5225.0000,181.5970,21
2026-08-19 23:58:50,MRNA,181.0500,181.5000,181.0500,181.0500,1829.0000,181.2880,10
2026-08-19 23:58:55,MRNA,181.9300,181.9300,181.3600,181.3600,801.0000,181.7910,6
2026-08-19 23:59:00,MRNA,181.9300,181.9300,181.3000,181.3000,1276.0000,181.5630,3
2026-08-19 23:59:05,MRNA,181.3000,181.4800,180.7000,181.3800,9912.0000,181.1050,44
2026-08-19 23:59:10,MRNA,180.6000,180.9200,180.2100,180.2300,4862.0000,180.4800,19
2026-08-19 23:59:15,MRNA,180.2300,180.4000,179.5100,180.0000,14532.0000,180.0060,50
2026-08-19 23:59:20,MRNA,179.6700,180.1800,179.6700,180.0400,2440.0000,179.8400,17
2026-08-19 23:59:25,MRNA,180.0100,180.2300,179.6800,179.6800,2958.0000,179.9590,12
2026-08-19 23:59:30,MRNA,179.9900,179.9900,179.0000,179.3400,8493.0000,179.3900,34
2026-08-19 23:59:35,MRNA,179.0300,179.3600,179.0300,179.1100,3085.0000,179.2550,16
2026-08-19 23:59:40,MRNA,179.2500,179.5000,179.2500,179.3300,2390.0000,179.3780,10
2026-08-19 23:59:45,MRNA,179.3400,179.4900,178.7700,178.7700,4110.0000,179.1290,24
2026-08-19 23:59:50,MRNA,178.7700,179.3400,178.7700,178.9300,5230.0000,178.9530,30
2026-08-19 23:59:55,MRNA,178.7700,179.0000,178.7300,178.9100,3995.0000,178.8610,25
