time,symbol,open,high,low,close,volume,wap,count
2026-08-12 16:30:00,NBIS,226.0000,228.4400,224.9900,225.0000,458867.0000,226.4680,573
2026-08-12 16:30:05,NBIS,227.7300,227.7300,224.8800,227.1100,87968.0000,225.9070,440
2026-08-12 16:30:10,NBIS,227.4000,228.3500,226.5800,226.8900,42696.0000,227.7250,234
2026-08-12 16:30:15,NBIS,226.7600,226.9300,226.0900,226.6400,15738.0000,226.6020,87
2026-08-12 16:30:20,NBIS,226.3400,227.2700,225.6300,226.2500,21325.0000,226.5950,121
2026-08-12 16:30:25,NBIS,226.6400,226.8700,225.6100,225.6500,20159.0000,226.2830,103
2026-08-12 16:30:30,NBIS,225.7400,226.5800,225.6100,226.3000,14534.0000,226.0380,82
2026-08-12 16:30:35,NBIS,226.5000,226.5000,224.5400,224.5700,21738.0000,225.3820,109
2026-08-12 16:30:40,NBIS,224.6700,224.6700,221.1300,221.1600,118309.0000,222.8610,467
2026-08-12 16:30:45,NBIS,221.1000,221.5400,219.1800,219.7300,96228.0000,220.3760,443
2026-08-12 16:30:50,NBIS,219.5700,220.1700,218.1200,219.1400,55998.0000,219.0840,286
2026-08-12 16:30:55,NBIS,219.1300,219.1600,218.1900,218.9700,37630.0000,218.7420,150
2026-08-12 16:31:00,NBIS,218.8300,219.5800,218.2800,218.3000,37656.0000,218.9000,204
2026-08-12 16:31:05,NBIS,218.3000,219.4600,218.0300,218.5300,41732.0000,218.7370,231
2026-08-12 16:31:10,NBIS,218.4200,219.3000,218.0100,218.9600,48210.0000,218.6030,220
2026-08-12 16:31:15,NBIS,218.9800,220.3400,218.6700,220.0900,33095.0000,219.2990,193
2026-08-12 16:31:20,NBIS,220.3400,221.8900,220.3400,221.0900,67538.0000,221.1060,321
2026-08-12 16:31:25,NBIS,221.0800,221.4600,219.5000,219.8700,39427.0000,220.7200,178
2026-08-12 16:31:30,NBIS,219.8500,219.9400,216.1100,217.9800,97862.0000,217.7310,550
2026-08-12 16:31:35,NBIS,218.0100,218.9800,216.4300,217.3000,33324.0000,217.7810,152
2026-08-12 16:31:40,NBIS,217.2900,218.9800,217.0400,218.7000,13774.0000,217.9580,71
2026-08-12 16:31:45,NBIS,218.7000,220.5600,218.4100,220.0000,28049.0000,219.7110,198
2026-08-12 16:31:50,NBIS,220.0000,221.4000,219.4000,220.0300,30063.0000,220.4210,172
2026-08-12 16:31:55,NBIS,219.8300,220.5000,218.8900,219.0100,29878.0000,219.7390,128
2026-08-12 16:32:00,NBIS,218.9500,220.5000,218.6400,219.7500,22845.0000,219.6430,119
2026-08-12 16:32:05,NBIS,219.8300,220.6900,219.0000,219.7300,23037.0000,220.0580,154
2026-08-12 16:32:10,NBIS,219.7300,220.5000,219.1800,219.4500,21773.0000,219.9040,109
2026-08-12 16:32:15,NBIS,219.7400,220.7000,219.1000,219.2500,30898.0000,219.6550,197
2026-08-12 16:32:20,NBIS,219.3900,219.3900,217.9900,218.3700,55746.0000,218.5650,276
2026-08-12 16:32:25,NBIS,218.3800,219.9200,218.3800,218.7200,28687.0000,219.3540,169
2026-08-12 16:32:30,NBIS,218.8000,219.8900,218.5000,219.5800,19353.0000,219.1600,92
2026-08-12 16:32:35,NBIS,219.5800,220.8000,219.3400,220.4300,22797.0000,220.2420,117
2026-08-12 16:32:40,NBIS,220.4300,221.3200,220.1000,221.0100,45638.0000,220.8860,144
2026-08-12 16:32:45,NBIS,221.0000,222.8400,221.0000,222.5200,29406.0000,222.2330,184
2026-08-12 16:32:50,NBIS,222.6400,223.6000,222.1500,222.5600,63064.0000,222.8900,255
2026-08-12 16:32:55,NBIS,222.8200,222.9900,221.6700,222.6200,20375.0000,222.4120,124
2026-08-12 16:33:00,NBIS,222.4700,223.3600,222.0500,222.8100,47792.0000,222.6440,180
2026-08-12 16:33:05,NBIS,222.9800,223.9900,222.5600,223.1400,27526.0000,223.2510,168
2026-08-12 16:33:10,NBIS,223.6400,224.6600,223.1000,223.3600,47580.0000,223.9300,201
2026-08-12 16:33:15,NBIS,223.3600,223.6300,221.9000,222.1400,47847.0000,222.7650,266
2026-08-12 16:33:20,NBIS,222.2300,222.9800,221.4900,222.0000,41644.0000,222.0310,200
2026-08-12 16:33:25,NBIS,221.6000,224.7300,221.4500,224.7300,37072.0000,223.0250,212
2026-08-12 16:33:30,NBIS,224.3000,225.3600,223.7800,225.1300,44547.0000,224.6080,230
2026-08-12 16:33:35,NBIS,225.1300,225.5100,224.2600,225.5100,49528.0000,225.0730,139
2026-08-12 16:33:40,NBIS,225.6900,225.8500,225.0000,225.7100,27279.0000,225.4010,151
2026-08-12 16:33:45,NBIS,225.5300,225.7400,223.7600,224.0000,35367.0000,224.8890,205
2026-08-12 16:33:50,NBIS,224.0600,224.6100,223.2400,224.1000,25393.0000,223.9990,111
2026-08-12 16:33:55,NBIS,223.6700,224.6800,223.6300,224.4900,18854.0000,224.2650,117
2026-08-12 16:34:00,NBIS,224.5700,224.5700,223.3100,223.3100,24639.0000,224.0080,152
2026-08-12 16:34:05,NBIS,223.4100,223.6900,222.9200,223.2500,21779.0000,223.2390,141
2026-08-12 16:34:10,NBIS,223.1300,223.3000,222.7500,222.9200,18551.0000,223.0250,130
2026-08-12 16:34:15,NBIS,222.7500,225.0000,222.5000,223.8000,42469.0000,223.9550,221
2026-08-12 16:34:20,NBIS,224.9600,224.9900,223.3500,223.5100,38787.0000,224.1160,228
2026-08-12 16:34:25,NBIS,223.6600,223.8100,223.2200,223.5000,11759.0000,223.4750,64
2026-08-12 16:34:30,NBIS,223.6700,223.8400,223.2000,223.3300,22240.0000,223.6080,126
2026-08-12 16:34:35,NBIS,223.3300,223.7900,221.9100,221.9200,28166.0000,222.8920,132
2026-08-12 16:34:40,NBIS,221.9100,222.4700,220.4300,220.4300,38074.0000,221.2740,203
2026-08-12 16:34:45,NBIS,220.7500,221.0500,219.9000,220.3600,42195.0000,220.3300,155
2026-08-12 16:34:50,NBIS,220.3600,220.4500,219.0900,219.1000,17519.0000,219.8510,85
2026-08-12 16:34:55,NBIS,219.0600,220.1000,219.0500,219.4700,31992.0000,219.5990,103
2026-08-12 16:35:00,NBIS,219.3600,222.1000,219.3600,221.9300,38923.0000,220.9890,167
2026-08-12 16:35:05,NBIS,222.1100,222.6000,220.9500,221.1300,25785.0000,221.3240,112
2026-08-12 16:35:10,NBIS,221.1300,221.1300,220.0000,220.5400,27381.0000,220.6540,144
2026-08-12 16:35:15,NBIS,220.0000,222.2700,220.0000,222.0700,32780.0000,221.4520,211
2026-08-12 16:35:20,NBIS,222.1800,222.3900,221.3300,221.5400,29635.0000,221.9440,195
2026-08-12 16:35:25,NBIS,221.7300,223.7300,221.3300,223.4900,53487.0000,222.7010,357
2026-08-12 16:35:30,NBIS,223.2400,223.4400,222.4900,222.5500,17367.0000,222.9600,62
2026-08-12 16:35:35,NBIS,222.7400,224.2300,222.5600,223.9700,25579.0000,223.4260,132
2026-08-12 16:35:40,NBIS,224.0000,224.0600,223.0500,223.3300,13394.0000,223.5470,76
2026-08-12 16:35:45,NBIS,223.5100,223.9100,222.6900,223.7300,23637.0000,223.3200,96
2026-08-12 16:35:50,NBIS,223.7700,224.7500,223.6600,224.0900,26146.0000,224.2940,175
2026-08-12 16:35:55,NBIS,224.0600,224.5000,223.5800,224.1100,28339.0000,224.0570,153
2026-08-12 16:36:00,NBIS,224.1700,224.6000,223.6400,224.2200,24580.0000,223.9500,146
2026-08-12 16:36:05,NBIS,223.7800,224.6900,223.6500,224.4400,12076.0000,224.3070,69
2026-08-12 16:36:10,NBIS,224.4600,224.6800,223.6400,224.0300,22726.0000,224.1190,140
2026-08-12 16:36:15,NBIS,224.3500,226.0000,224.2000,226.0000,98855.0000,225.4140,364
2026-08-12 16:36:20,NBIS,225.9800,226.4700,225.6900,226.4200,32770.0000,226.1140,177
2026-08-12 16:36:25,NBIS,226.3400,227.4200,226.1000,227.2900,58423.0000,226.8050,270
2026-08-12 16:36:30,NBIS,227.2800,227.4600,226.4300,226.4900,43595.0000,226.8930,279
2026-08-12 16:36:35,NBIS,226.6200,226.7700,225.0000,226.5800,58470.0000,226.2290,286
2026-08-12 16:36:40,NBIS,224.7500,225.4700,224.6700,224.7600,10889.0000,224.9360,58
2026-08-12 16:36:45,NBIS,225.0400,225.0500,224.0600,224.4200,22141.0000,224.5450,141
2026-08-12 16:36:50,NBIS,224.9200,225.5200,224.6700,225.4400,13796.0000,225.1810,65
2026-08-12 16:36:55,NBIS,225.4400,225.6300,224.3900,224.3900,10293.0000,224.9610,68
2026-08-12 16:37:00,NBIS,224.6300,224.9200,224.3100,224.6200,26189.0000,224.5380,90
2026-08-12 16:37:05,NBIS,224.8900,225.3800,224.5700,225.2000,18322.0000,224.9970,87
2026-08-12 16:37:10,NBIS,224.7200,225.0000,224.3000,224.7100,14728.0000,224.6360,81
2026-08-12 16:37:15,NBIS,224.7500,224.9000,223.7600,224.3900,40818.0000,224.2400,243
2026-08-12 16:37:20,NBIS,224.3900,224.7300,223.5000,223.6300,24796.0000,224.2230,145
2026-08-12 16:37:25,NBIS,223.7500,224.3300,223.5000,223.8900,15362.0000,223.8810,82
2026-08-12 16:37:30,NBIS,223.8000,224.0300,223.5000,223.9800,8550.0000,223.8230,62
2026-08-12 16:37:35,NBIS,223.7700,224.3900,223.5000,224.2000,17585.0000,223.9220,97
2026-08-12 16:37:40,NBIS,224.3400,224.7400,224.0200,224.5800,10102.0000,224.4560,59
2026-08-12 16:37:45,NBIS,224.5100,224.8300,224.4900,224.5000,7039.0000,224.5900,52
2026-08-12 16:37:50,NBIS,224.5500,224.7600,224.0600,224.5000,15609.0000,224.5170,65
2026-08-12 16:37:55,NBIS,224.5100,224.6900,224.2100,224.3200,5842.0000,224.3900,32
2026-08-12 16:38:00,NBIS,224.2800,224.6300,223.8800,224.2500,9635.0000,224.1850,57
2026-08-12 16:38:05,NBIS,224.4900,225.5800,224.4900,225.1100,14583.0000,225.0620,78
2026-08-12 16:38:10,NBIS,225.1000,225.7500,225.1000,225.4300,17808.0000,225.4860,110
2026-08-12 16:38:15,NBIS,225.7300,226.7900,225.4200,226.6800,19339.0000,226.2660,122
2026-08-12 16:38:20,NBIS,226.7600,227.6500,226.7500,227.0000,37875.0000,227.2130,176
2026-08-12 16:38:25,NBIS,227.3200,227.6200,226.6000,227.2100,34950.0000,227.0770,117
2026-08-12 16:38:30,NBIS,227.1300,227.6400,226.5800,227.2000,9872.0000,227.1380,47
2026-08-12 16:38:35,NBIS,227.4000,228.5700,227.3900,228.3800,58867.0000,228.0690,265
2026-08-12 16:38:40,NBIS,228.2500,228.6600,227.1800,227.2000,33207.0000,228.0540,214
2026-08-12 16:38:45,NBIS,227.3100,228.4200,227.0700,228.2600,19699.0000,227.7710,94
2026-08-12 16:38:50,NBIS,228.1700,228.4400,227.2400,227.5200,19759.0000,227.7340,108
2026-08-12 16:38:55,NBIS,227.7400,228.0000,226.5000,226.9900,25886.0000,227.3670,151
2026-08-12 16:39:00,NBIS,226.5000,227.0000,225.1200,225.6400,27766.0000,225.7910,137
2026-08-12 16:39:05,NBIS,225.6300,226.7500,225.1900,225.9600,28087.0000,226.0240,170
2026-08-12 16:39:10,NBIS,226.4000,226.7000,225.0800,226.3100,48858.0000,225.6810,187
2026-08-12 16:39:15,NBIS,226.2500,227.9200,226.2000,227.7400,112312.0000,227.3060,447
2026-08-12 16:39:20,NBIS,227.9400,228.4800,226.9500,227.8000,51334.0000,227.9380,172
2026-08-12 16:39:25,NBIS,227.2500,227.8300,226.1500,226.1600,25686.0000,227.1430,98
2026-08-12 16:39:30,NBIS,226.5000,226.8000,226.0000,226.3600,15638.0000,226.2410,84
2026-08-12 16:39:35,NBIS,226.2700,226.7000,225.7700,226.4200,14171.0000,226.2260,77
2026-08-12 16:39:40,NBIS,226.3600,227.3400,226.2700,226.9100,14523.0000,226.9440,64
2026-08-12 16:39:45,NBIS,227.0800,227.0800,226.0000,226.4900,19739.0000,226.3660,83
2026-08-12 16:39:50,NBIS,226.8500,226.8500,225.0700,225.2200,7968.0000,225.9150,50
2026-08-12 16:39:55,NBIS,225.4700,226.0000,225.3400,225.5500,10248.0000,225.6390,51
2026-08-12 16:40:00,NBIS,225.7500,226.0000,225.1700,225.4600,6917.0000,225.6260,27
2026-08-12 16:40:05,NBIS,225.4600,225.4800,224.0100,224.3400,15774.0000,224.7450,75
2026-08-12 16:40:10,NBIS,224.0900,224.4400,223.6000,223.7200,22576.0000,223.8890,114
2026-08-12 16:40:15,NBIS,224.0300,224.4100,223.2200,224.1900,25914.0000,223.6990,123
2026-08-12 16:40:20,NBIS,224.2100,224.7400,224.0600,224.7400,11327.0000,224.4390,79
2026-08-12 16:40:25,NBIS,224.7700,225.0700,224.4400,224.8900,9013.0000,224.7680,59
2026-08-12 16:40:30,NBIS,224.3700,224.8800,224.1700,224.7300,8301.0000,224.4650,49
2026-08-12 16:40:35,NBIS,224.6600,224.8900,223.7500,224.8500,21416.0000,224.4280,141
2026-08-12 16:40:40,NBIS,224.8000,225.3800,224.1300,224.3500,14871.0000,224.8330,92
2026-08-12 16:40:45,NBIS,224.3500,224.7300,224.1800,224.2300,8534.0000,224.4610,54
2026-08-12 16:40:50,NBIS,224.3300,224.5800,223.5100,223.6700,16972.0000,223.8900,83
2026-08-12 16:40:55,NBIS,223.7200,224.3400,223.2500,223.4500,19923.0000,223.7210,85
2026-08-12 16:41:00,NBIS,223.4500,224.0000,222.2200,222.6000,48714.0000,223.0380,210
2026-08-12 16:41:05,NBIS,222.9100,223.0500,222.2500,222.7800,16829.0000,222.7610,99
2026-08-12 16:41:10,NBIS,222.8600,223.4800,222.7400,222.8300,19019.0000,223.0010,73
2026-08-12 16:41:15,NBIS,223.1200,224.8000,222.9000,224.7700,19301.0000,224.2010,149
2026-08-12 16:41:20,NBIS,224.6000,225.0700,224.6000,224.8100,19656.0000,224.8720,132
2026-08-12 16:41:25,NBIS,224.7900,225.8200,224.7900,225.4300,10427.0000,225.4250,60
2026-08-12 16:41:30,NBIS,225.6600,225.9400,225.2600,225.6600,17470.0000,225.5840,120
2026-08-12 16:41:35,NBIS,225.3300,226.5000,225.3300,226.0500,32064.0000,225.9780,179
2026-08-12 16:41:40,NBIS,225.8600,226.7500,225.6100,226.6300,14835.0000,226.1870,91
2026-08-12 16:41:45,NBIS,226.7400,226.9700,226.3800,226.7900,24015.0000,226.7900,168
2026-08-12 16:41:50,NBIS,226.7900,226.8900,225.0600,225.3100,31250.0000,225.5830,194
2026-08-12 16:41:55,NBIS,225.2000,226.3300,224.9300,226.2400,19265.0000,225.5020,119
2026-08-12 16:42:00,NBIS,226.3300,226.7200,225.9700,226.5000,29711.0000,226.3050,187
2026-08-12 16:42:05,NBIS,226.3200,226.5000,225.2700,225.2700,18714.0000,225.9150,107
2026-08-12 16:42:10,NBIS,225.0100,225.8200,224.9700,225.5000,13855.0000,225.4230,76
2026-08-12 16:42:15,NBIS,225.6000,225.6000,224.7900,225.4200,17752.0000,225.1940,120
2026-08-12 16:42:20,NBIS,225.4600,225.5700,224.9300,224.9300,7354.0000,225.2950,50
2026-08-12 16:42:25,NBIS,225.2400,225.2500,224.6900,224.7300,15774.0000,225.0080,45
2026-08-12 16:42:30,NBIS,224.5700,224.8000,224.0000,224.8000,12756.0000,224.1900,83
2026-08-12 16:42:35,NBIS,224.6800,225.1800,224.4800,225.0200,8439.0000,224.9860,51
2026-08-12 16:42:40,NBIS,225.2700,225.3900,224.5100,224.5100,7436.0000,224.9560,46
2026-08-12 16:42:45,NBIS,224.6900,226.7500,224.6900,226.4600,38421.0000,226.0320,226
2026-08-12 16:42:50,NBIS,226.3300,226.8600,226.0000,226.7200,15380.0000,226.5030,69
2026-08-12 16:42:55,NBIS,226.7200,227.3000,226.4500,226.7600,35023.0000,226.9600,156
2026-08-12 16:43:00,NBIS,226.9900,227.7500,226.7500,227.7500,21846.0000,227.3860,70
2026-08-12 16:43:05,NBIS,227.5100,227.6800,226.8600,227.0700,24194.0000,227.3090,81
2026-08-12 16:43:10,NBIS,227.1200,227.5000,227.0800,227.0900,5380.0000,227.2680,30
2026-08-12 16:43:15,NBIS,227.0700,227.3800,226.8300,227.2600,9262.0000,227.1270,40
2026-08-12 16:43:20,NBIS,227.1500,227.2500,226.2800,226.7000,6359.0000,226.8170,40
2026-08-12 16:43:25,NBIS,226.6500,226.8900,226.0100,226.0100,3239.0000,226.6170,21
2026-08-12 16:43:30,NBIS,225.9900,226.3800,225.9800,225.9800,9374.0000,226.1180,48
2026-08-12 16:43:35,NBIS,226.0000,226.3800,225.7900,225.9600,11943.0000,226.1390,77
2026-08-12 16:43:40,NBIS,225.9600,226.4000,225.9000,226.1600,11123.0000,226.2230,87
2026-08-12 16:43:45,NBIS,226.1800,227.2200,225.9500,226.6000,19226.0000,226.7610,110
2026-08-12 16:43:50,NBIS,226.6000,227.0000,226.3600,226.5000,8197.0000,226.6810,51
2026-08-12 16:43:55,NBIS,226.5400,226.6300,226.0500,226.0500,6469.0000,226.3380,28
2026-08-12 16:44:00,NBIS,226.0900,226.0900,225.4600,225.6500,6810.0000,225.6680,45
2026-08-12 16:44:05,NBIS,225.7500,225.9900,225.4700,225.7900,14850.0000,225.7550,100
2026-08-12 16:44:10,NBIS,225.7900,226.1200,225.6500,226.0000,8069.0000,225.8900,37
2026-08-12 16:44:15,NBIS,226.1000,226.1100,225.7500,225.7500,10801.0000,225.9190,34
2026-08-12 16:44:20,NBIS,225.9300,226.0600,225.3200,225.3200,14174.0000,225.7370,84
2026-08-12 16:44:25,NBIS,225.4400,225.7600,225.3400,225.7300,3613.0000,225.5730,21
2026-08-12 16:44:30,NBIS,225.7300,226.0000,225.4600,225.6300,2589.0000,225.7300,12
2026-08-12 16:44:35,NBIS,225.8200,226.0000,225.6700,225.8900,6469.0000,225.8010,37
2026-08-12 16:44:40,NBIS,225.7800,225.7800,225.1900,225.3100,5735.0000,225.4200,41
2026-08-12 16:44:45,NBIS,225.2200,225.3600,224.8600,225.0900,13983.0000,225.0590,80
2026-08-12 16:44:50,NBIS,225.2400,225.3100,224.4600,225.0200,9172.0000,224.9910,57
2026-08-12 16:44:55,NBIS,225.2200,225.4000,225.0000,225.0400,3239.0000,225.1890,22
2026-08-12 16:45:00,NBIS,225.1200,225.2100,224.5200,224.8900,8972.0000,224.9280,49
2026-08-12 16:45:05,NBIS,224.9600,225.4000,224.9200,225.0500,11250.0000,225.1140,42
2026-08-12 16:45:10,NBIS,224.9300,225.0900,224.5000,224.6000,24275.0000,224.9030,75
2026-08-12 16:45:15,NBIS,224.7900,225.8000,224.7000,225.6400,8625.0000,225.1140,34
2026-08-12 16:45:20,NBIS,225.6400,226.4000,225.4800,225.9300,14558.0000,225.9080,77
2026-08-12 16:45:25,NBIS,225.9500,225.9500,225.0000,225.0000,17857.0000,225.0870,39
2026-08-12 16:45:30,NBIS,225.2500,225.8300,225.0200,225.8300,1913.0000,225.4720,11
2026-08-12 16:45:35,NBIS,225.6000,226.9500,225.6000,226.7600,11211.0000,226.4260,67
2026-08-12 16:45:40,NBIS,226.8800,226.9600,226.0000,226.4900,6101.0000,226.4100,30
2026-08-12 16:45:45,NBIS,226.5000,227.2600,226.0000,227.0000,53286.0000,226.8970,187
2026-08-12 16:45:50,NBIS,227.2900,228.2200,227.2400,227.8600,111181.0000,227.8460,323
2026-08-12 16:45:55,NBIS,227.9900,228.0500,227.3900,227.8200,11785.0000,227.8130,53
2026-08-12 16:46:00,NBIS,227.9100,227.9200,226.0100,226.5800,20663.0000,226.8720,95
2026-08-12 16:46:05,NBIS,226.3400,227.1000,226.3200,227.0900,10551.0000,226.8120,41
2026-08-12 16:46:10,NBIS,226.9900,227.2000,226.5100,226.7600,3998.0000,226.8690,19
2026-08-12 16:46:15,NBIS,226.7900,227.4100,226.5700,227.4100,7349.0000,227.1730,40
2026-08-12 16:46:20,NBIS,227.3000,227.6100,227.1700,227.2100,8459.0000,227.4160,27
2026-08-12 16:46:25,NBIS,227.0200,227.1000,226.6200,226.8800,16694.0000,226.7660,107
2026-08-12 16:46:30,NBIS,227.1000,228.0000,227.1000,227.8000,9414.0000,227.6370,64
2026-08-12 16:46:35,NBIS,227.7900,227.8700,227.1000,227.2900,6672.0000,227.4330,47
2026-08-12 16:46:40,NBIS,227.5600,228.0000,227.3800,227.6600,16992.0000,227.7050,76
2026-08-12 16:46:45,NBIS,227.8200,227.9900,227.4000,227.9200,6968.0000,227.7630,52
2026-08-12 16:46:50,NBIS,227.9000,228.0000,227.4300,227.6700,7692.0000,227.7760,38
2026-08-12 16:46:55,NBIS,227.7200,228.2500,227.4700,228.0000,44005.0000,227.9390,168
2026-08-12 16:47:00,NBIS,228.0900,228.7000,228.0000,228.0000,31605.0000,228.4190,119
2026-08-12 16:47:05,NBIS,227.8300,228.2800,227.1200,227.6300,14680.0000,227.7330,75
2026-08-12 16:47:10,NBIS,227.9300,228.1500,227.6200,227.9600,4519.0000,227.9620,24
2026-08-12 16:47:15,NBIS,227.7200,228.0000,227.4300,227.7700,9791.0000,227.7190,58
2026-08-12 16:47:20,NBIS,227.5900,228.2800,227.4100,228.2100,12880.0000,227.8170,60
2026-08-12 16:47:25,NBIS,228.0900,228.8200,227.8200,228.6800,14385.0000,228.4040,72
2026-08-12 16:47:30,NBIS,228.6400,229.3500,228.3800,229.2400,73464.0000,229.0250,237
2026-08-12 16:47:35,NBIS,229.1700,229.2900,228.7100,229.1300,12287.0000,229.0710,68
2026-08-12 16:47:40,NBIS,229.1300,230.9900,229.0900,230.3500,160744.0000,230.0580,600
2026-08-12 16:47:45,NBIS,230.2200,230.8500,229.4700,230.2900,35655.0000,230.1480,150
2026-08-12 16:47:50,NBIS,230.0200,230.3600,229.7200,229.7700,21011.0000,229.9710,119
2026-08-12 16:47:55,NBIS,229.7800,229.9800,229.5100,229.8300,14424.0000,229.7220,71
2026-08-12 16:48:00,NBIS,229.6700,230.0600,229.6100,229.6100,16068.0000,229.8580,72
2026-08-12 16:48:05,NBIS,229.7800,229.9200,229.2500,229.6600,23194.0000,229.6490,109
2026-08-12 16:48:10,NBIS,229.6300,229.6400,229.3700,229.5900,4237.0000,229.4980,31
2026-08-12 16:48:15,NBIS,229.4800,229.8000,229.0500,229.2900,22911.0000,229.3820,114
2026-08-12 16:48:20,NBIS,229.0600,229.2500,228.5700,228.6400,15417.0000,228.8100,86
2026-08-12 16:48:25,NBIS,228.8200,229.0600,228.3500,228.7000,7174.0000,228.7070,37
2026-08-12 16:48:30,NBIS,228.6600,228.8400,228.3600,228.3700,10018.0000,228.5340,69
2026-08-12 16:48:35,NBIS,228.5600,229.8000,228.4800,229.7800,11851.0000,229.1010,70
2026-08-12 16:48:40,NBIS,229.4800,230.2500,229.4400,230.2400,35313.0000,229.9330,179
2026-08-12 16:48:45,NBIS,230.0900,230.9500,228.5000,230.6800,28162.0000,230.3970,166
2026-08-12 16:48:50,NBIS,230.6200,231.7500,228.0000,231.6900,52368.0000,230.8530,214
2026-08-12 16:48:55,NBIS,231.5500,231.7500,231.1400,231.6200,23442.0000,231.5010,124
2026-08-12 16:49:00,NBIS,231.7000,231.9500,230.5400,230.5400,26691.0000,231.5640,141
2026-08-12 16:49:05,NBIS,230.5400,231.2000,230.5400,231.1900,13428.0000,230.8740,56
2026-08-12 16:49:10,NBIS,231.1300,231.3500,231.0000,231.3500,13464.0000,231.1370,62
2026-08-12 16:49:15,NBIS,231.1700,231.1800,230.8800,231.1200,15218.0000,231.0630,71
2026-08-12 16:49:20,NBIS,231.1100,231.6000,230.9900,231.2100,11765.0000,231.3410,77
2026-08-12 16:49:25,NBIS,231.4500,231.6300,230.9900,231.1300,18077.0000,231.1980,95
2026-08-12 16:49:30,NBIS,231.1000,231.1100,230.7500,230.8900,13586.0000,230.9250,65
2026-08-12 16:49:35,NBIS,230.8400,230.9900,230.6900,230.7100,12517.0000,230.8500,66
2026-08-12 16:49:40,NBIS,230.7500,230.8200,230.4500,230.5500,9929.0000,230.6230,66
2026-08-12 16:49:45,NBIS,230.5000,230.5800,229.7800,229.9000,30982.0000,230.2980,200
2026-08-12 16:49:50,NBIS,230.1500,230.2900,229.8700,230.1200,14480.0000,230.1420,66
2026-08-12 16:49:55,NBIS,230.0400,230.2000,229.7500,229.8900,18142.0000,229.9360,111
2026-08-12 16:50:00,NBIS,229.8300,230.0900,229.7300,229.8000,15078.0000,229.8810,90
2026-08-12 16:50:05,NBIS,229.9500,230.3000,229.6800,230.3000,8079.0000,230.0320,62
2026-08-12 16:50:10,NBIS,229.8700,230.3800,229.7100,229.8400,10293.0000,229.9630,65
2026-08-12 16:50:15,NBIS,229.9900,229.9900,228.6500,228.6500,32380.0000,229.2510,195
2026-08-12 16:50:20,NBIS,228.6700,228.9100,228.2000,228.3200,14271.0000,228.4790,71
2026-08-12 16:50:25,NBIS,228.1300,228.2000,227.3400,227.6200,19860.0000,227.8080,115
2026-08-12 16:50:30,NBIS,227.7800,227.8500,227.4200,227.5500,6718.0000,227.6500,34
2026-08-12 16:50:35,NBIS,227.5400,228.4100,227.3300,228.2000,17328.0000,227.7000,69
2026-08-12 16:50:40,NBIS,228.3300,228.5700,228.1200,228.4100,7699.0000,228.3770,53
2026-08-12 16:50:45,NBIS,228.4100,228.4100,227.6500,227.7400,10073.0000,227.8710,63
2026-08-12 16:50:50,NBIS,227.9600,228.0000,227.6400,227.7600,8397.0000,227.7940,38
2026-08-12 16:50:55,NBIS,228.2200,228.4200,227.6500,227.6500,6193.0000,228.0340,35
2026-08-12 16:51:00,NBIS,227.7400,228.0000,227.6000,227.6100,8706.0000,227.7450,49
2026-08-12 16:51:05,NBIS,227.6500,229.1300,227.4700,229.1300,23642.0000,228.2350,143
2026-08-12 16:51:10,NBIS,229.0000,229.5700,228.9700,229.2800,18009.0000,229.2360,110
2026-08-12 16:51:15,NBIS,229.2800,229.2900,228.0000,228.4000,15606.0000,228.7500,73
2026-08-12 16:51:20,NBIS,228.2200,228.4300,227.3000,227.9200,13009.0000,227.7780,75
2026-08-12 16:51:25,NBIS,227.4100,228.0000,227.0000,227.5300,15731.0000,227.3040,69
2026-08-12 16:51:30,NBIS,227.8500,227.9800,227.5000,227.8500,9280.0000,227.6780,64
2026-08-12 16:51:35,NBIS,227.8500,228.0600,227.5300,227.9800,4161.0000,227.8310,31
2026-08-12 16:51:40,NBIS,227.8000,228.2200,227.7600,227.8600,3257.0000,227.9310,18
2026-08-12 16:51:45,NBIS,227.8600,228.3700,227.7300,228.3700,4763.0000,228.0110,30
2026-08-12 16:51:50,NBIS,228.2900,228.5000,228.0800,228.3200,3750.0000,228.3430,23
2026-08-12 16:51:55,NBIS,228.1900,228.2800,228.0700,228.1400,2978.0000,228.1700,22
2026-08-12 16:52:00,NBIS,228.0500,228.1400,227.1100,227.3500,15749.0000,227.6350,101
2026-08-12 16:52:05,NBIS,227.5000,227.5000,226.8000,226.9500,40543.0000,227.0060,178
2026-08-12 16:52:10,NBIS,226.9400,227.3700,226.7700,227.3700,27215.0000,226.9690,134
2026-08-12 16:52:15,NBIS,227.3700,227.5800,227.3200,227.4600,1530.0000,227.4600,11
2026-08-12 16:52:20,NBIS,227.3900,227.5900,227.1600,227.5900,5984.0000,227.3260,27
2026-08-12 16:52:25,NBIS,227.5700,227.6600,227.4500,227.6600,7512.0000,227.5930,37
2026-08-12 16:52:30,NBIS,227.6600,227.8900,227.5900,227.7000,3120.0000,227.7370,23
2026-08-12 16:52:35,NBIS,227.6900,227.8000,227.1300,227.1300,8004.0000,227.4450,51
2026-08-12 16:52:40,NBIS,227.0400,227.3600,227.0400,227.2000,2330.0000,227.2200,16
2026-08-12 16:52:45,NBIS,227.2200,227.7700,227.1100,227.4400,4691.0000,227.4370,36
2026-08-12 16:52:50,NBIS,227.4400,227.8000,227.1000,227.6300,7286.0000,227.4160,45
2026-08-12 16:52:55,NBIS,227.8400,228.7300,227.8400,228.5500,17187.0000,228.1430,132
2026-08-12 16:53:00,NBIS,228.3500,228.8100,228.2300,228.4400,11397.0000,228.5870,82
2026-08-12 16:53:05,NBIS,228.3600,228.5600,228.0000,228.0400,12514.0000,228.3320,70
2026-08-12 16:53:10,NBIS,228.0700,228.5000,227.8700,228.4300,7770.0000,228.0850,49
2026-08-12 16:53:15,NBIS,228.4300,229.0000,228.2200,228.3400,17874.0000,228.6800,92
2026-08-12 16:53:20,NBIS,228.2300,228.3700,227.9100,227.9700,5888.0000,228.1340,43
2026-08-12 16:53:25,NBIS,227.9200,228.1300,227.7400,227.7800,6458.0000,227.9560,30
2026-08-12 16:53:30,NBIS,227.8300,228.3800,227.7200,228.2800,13311.0000,227.9960,56
2026-08-12 16:53:35,NBIS,228.0700,228.7000,227.9600,228.5900,6399.0000,228.2740,37
2026-08-12 16:53:40,NBIS,228.5700,228.5700,228.1900,228.4600,3831.0000,228.3530,27
2026-08-12 16:53:45,NBIS,228.4600,228.6700,228.2100,228.6700,1877.0000,228.4120,14
2026-08-12 16:53:50,NBIS,228.5700,228.6700,227.9400,227.9500,13098.0000,228.2050,92
2026-08-12 16:53:55,NBIS,227.9700,228.0000,227.1200,227.5800,36112.0000,227.7900,96
2026-08-12 16:54:00,NBIS,227.5800,228.2000,227.3700,228.2000,6602.0000,227.7940,27
2026-08-12 16:54:05,NBIS,227.8800,228.6500,227.8800,228.4000,13998.0000,228.3350,74
2026-08-12 16:54:10,NBIS,228.4000,228.4000,227.5800,227.8700,25045.0000,228.1850,136
2026-08-12 16:54:15,NBIS,228.0300,228.1600,227.6300,227.6600,5536.0000,227.9280,26
2026-08-12 16:54:20,NBIS,227.6200,227.8800,227.5000,227.8800,3847.0000,227.7160,22
2026-08-12 16:54:25,NBIS,227.8200,227.8200,227.4000,227.4800,22774.0000,227.6280,46
2026-08-12 16:54:30,NBIS,227.4000,227.4800,225.6600,225.7200,65937.0000,226.7930,211
2026-08-12 16:54:35,NBIS,225.8300,225.8300,224.6000,224.8100,35401.0000,225.0150,155
2026-08-12 16:54:40,NBIS,224.7700,224.9300,224.4300,224.6400,10793.0000,224.6770,53
2026-08-12 16:54:45,NBIS,224.4100,225.2500,224.4100,225.0900,18371.0000,224.9200,122
2026-08-12 16:54:50,NBIS,225.1600,225.3300,225.0100,225.3300,7481.0000,225.1730,50
2026-08-12 16:54:55,NBIS,225.1400,225.5600,225.0000,225.0400,17789.0000,225.1420,74
2026-08-12 16:55:00,NBIS,225.0300,225.5400,225.0100,225.3800,4985.0000,225.2540,24
2026-08-12 16:55:05,NBIS,225.3100,225.7000,225.1300,225.6400,9911.0000,225.4820,61
2026-08-12 16:55:10,NBIS,225.6400,225.8800,225.3800,225.5600,3952.0000,225.6200,23
2026-08-12 16:55:15,NBIS,225.5600,225.8900,224.6900,224.9600,23021.0000,225.1560,66
2026-08-12 16:55:20,NBIS,224.7000,225.2300,224.7000,224.8000,17136.0000,225.0320,74
2026-08-12 16:55:25,NBIS,224.7200,224.8700,223.1900,223.9000,57477.0000,223.7320,359
2026-08-12 16:55:30,NBIS,223.9500,223.9700,223.1900,223.1900,12189.0000,223.5060,49
2026-08-12 16:55:35,NBIS,223.2100,224.0000,223.1700,223.8100,14649.0000,223.6040,94
2026-08-12 16:55:40,NBIS,223.7000,224.4800,223.6200,224.3600,7559.0000,223.9880,46
2026-08-12 16:55:45,NBIS,224.6700,224.9600,224.0000,224.6500,8628.0000,224.4270,41
2026-08-12 16:55:50,NBIS,224.5900,224.8100,224.3400,224.5800,4509.0000,224.5660,23
2026-08-12 16:55:55,NBIS,224.5800,224.7400,224.3400,224.6400,7404.0000,224.5550,34
2026-08-12 16:56:00,NBIS,224.5500,224.7200,224.1400,224.3900,14084.0000,224.4490,48
2026-08-12 16:56:05,NBIS,224.1400,224.4400,224.0100,224.0500,3434.0000,224.2350,19
2026-08-12 16:56:10,NBIS,224.0100,224.2900,223.7000,224.0000,13012.0000,223.8610,45
2026-08-12 16:56:15,NBIS,223.8500,223.8500,223.3000,223.3000,7630.0000,223.4910,44
2026-08-12 16:56:20,NBIS,223.3300,223.7400,223.2400,223.6000,10323.0000,223.4740,58
2026-08-12 16:56:25,NBIS,223.6100,224.0100,223.6100,223.8800,6748.0000,223.8140,37
2026-08-12 16:56:30,NBIS,223.6700,224.0900,223.6700,223.7900,4824.0000,223.8500,22
2026-08-12 16:56:35,NBIS,223.9200,223.9300,223.6000,223.6000,2340.0000,223.7430,16
2026-08-12 16:56:40,NBIS,223.8300,224.1000,223.5600,223.8800,7440.0000,223.9110,35
2026-08-12 16:56:45,NBIS,223.8500,224.0700,223.6600,223.6600,3729.0000,223.8530,25
2026-08-12 16:56:50,NBIS,223.7800,224.3100,223.6900,223.7300,16373.0000,224.0870,101
2026-08-12 16:56:55,NBIS,224.0000,224.0000,223.3000,223.5500,8959.0000,223.5110,49
2026-08-12 16:57:00,NBIS,223.3000,223.6500,222.6200,223.3900,62850.0000,223.1250,235
2026-08-12 16:57:05,NBIS,223.4600,223.6000,223.3000,223.4100,4437.0000,223.4490,22
2026-08-12 16:57:10,NBIS,223.4000,223.6300,223.3300,223.4700,3845.0000,223.4800,28
2026-08-12 16:57:15,NBIS,223.5500,224.4500,223.4800,224.2300,11553.0000,223.9240,53
2026-08-12 16:57:20,NBIS,224.1900,224.4900,224.0000,224.1800,7296.0000,224.1830,24
2026-08-12 16:57:25,NBIS,224.1300,224.7500,224.1300,224.7100,17124.0000,224.4340,94
2026-08-12 16:57:30,NBIS,224.8000,225.3300,224.6800,225.2300,5693.0000,225.0000,38
2026-08-12 16:57:35,NBIS,225.3300,225.3300,224.9200,225.0900,5433.0000,225.1530,31
2026-08-12 16:57:40,NBIS,225.3300,225.3400,225.0400,225.3400,8014.0000,225.2040,29
2026-08-12 16:57:45,NBIS,225.0700,225.5000,225.0400,225.3000,5585.0000,225.2390,33
2026-08-12 16:57:50,NBIS,225.0400,225.5000,224.8400,224.8400,11198.0000,225.3070,38
2026-08-12 16:57:55,NBIS,224.9900,225.2700,224.6900,224.6900,8694.0000,225.1320,38
2026-08-12 16:58:00,NBIS,224.8600,225.4400,224.8500,225.3000,2930.0000,225.1690,20
2026-08-12 16:58:05,NBIS,225.0800,225.6300,225.0500,225.1500,9759.0000,225.3370,54
2026-08-12 16:58:10,NBIS,225.0900,225.5000,224.8300,225.3100,6309.0000,225.0860,36
2026-08-12 16:58:15,NBIS,225.3100,225.6200,225.0800,225.3500,11042.0000,225.3490,78
2026-08-12 16:58:20,NBIS,225.2700,225.6600,225.0900,225.6300,4461.0000,225.3280,28
2026-08-12 16:58:25,NBIS,225.4800,225.7500,225.4000,225.7400,5237.0000,225.5980,34
2026-08-12 16:58:30,NBIS,225.4500,225.5800,225.1500,225.4200,8405.0000,225.3420,47
2026-08-12 16:58:35,NBIS,225.3700,225.5300,225.0000,225.2200,5690.0000,225.2460,24
2026-08-12 16:58:40,NBIS,225.3000,225.3600,224.9100,225.2200,4473.0000,225.1560,23
2026-08-12 16:58:45,NBIS,225.0800,225.7800,225.0000,225.6300,12223.0000,225.4290,61
2026-08-12 16:58:50,NBIS,225.6300,225.8400,225.4200,225.5100,4309.0000,225.6270,23
2026-08-12 16:58:55,NBIS,225.5800,225.9500,225.5300,225.6600,3784.0000,225.6760,22
2026-08-12 16:59:00,NBIS,225.7800,225.9000,225.7300,225.7700,1246.0000,225.8110,7
2026-08-12 16:59:05,NBIS,225.7000,225.9000,225.6300,225.8500,5992.0000,225.8040,19
2026-08-12 16:59:10,NBIS,225.7600,226.5700,225.7500,226.5200,24820.0000,226.0850,95
2026-08-12 16:59:15,NBIS,226.5300,226.8700,226.4400,226.7400,9340.0000,226.6310,56
2026-08-12 16:59:20,NBIS,226.6300,227.9900,226.6200,227.9200,27300.0000,227.3330,134
2026-08-12 16:59:25,NBIS,227.9400,228.2100,227.6600,228.0100,16969.0000,227.9420,77
2026-08-12 16:59:30,NBIS,227.9100,228.2300,227.8400,228.1100,9359.0000,228.0090,23
2026-08-12 16:59:35,NBIS,228.0000,228.2200,227.6500,227.7300,18031.0000,227.9400,121
2026-08-12 16:59:40,NBIS,227.7600,227.8400,227.3000,227.3000,11288.0000,227.6370,65
2026-08-12 16:59:45,NBIS,227.3500,227.6800,227.3000,227.6800,6736.0000,227.4780,38
2026-08-12 16:59:50,NBIS,227.6800,227.8000,227.0600,227.3100,21529.0000,227.4170,148
2026-08-12 16:59:55,NBIS,227.0000,227.3700,227.0000,227.3000,2095.0000,227.2130,14
2026-08-12 17:00:00,NBIS,227.4300,227.6300,227.2800,227.3000,14353.0000,227.4680,27
2026-08-12 17:00:05,NBIS,227.3700,227.4400,226.9000,227.2300,10420.0000,227.1620,58
2026-08-12 17:00:10,NBIS,227.2300,227.6800,227.2300,227.5900,5633.0000,227.4380,35
2026-08-12 17:00:15,NBIS,227.5600,227.9400,227.4300,227.6900,9212.0000,227.7900,55
2026-08-12 17:00:20,NBIS,227.7800,228.3200,227.7800,228.1200,13783.0000,228.0310,64
2026-08-12 17:00:25,NBIS,228.0000,228.9300,228.0000,228.8500,23582.0000,228.5600,116
2026-08-12 17:00:30,NBIS,228.9900,229.1100,228.4900,228.4900,24897.0000,228.9010,134
2026-08-12 17:00:35,NBIS,228.5800,229.4900,228.5500,229.2600,17212.0000,229.0090,92
2026-08-12 17:00:40,NBIS,229.2600,229.4900,228.8800,229.1700,9080.0000,229.2320,55
2026-08-12 17:00:45,NBIS,229.4800,229.6200,229.1900,229.5000,11106.0000,229.4080,44
2026-08-12 17:00:50,NBIS,229.5000,229.5100,229.0400,229.1900,12859.0000,229.3840,63
2026-08-12 17:00:55,NBIS,229.0400,229.3000,228.9200,229.3000,7668.0000,229.1080,44
2026-08-12 17:01:00,NBIS,229.2700,229.3700,228.9100,228.9100,5966.0000,229.1880,33
2026-08-12 17:01:05,NBIS,228.9200,229.0500,228.8500,229.0300,4738.0000,228.9960,25
2026-08-12 17:01:10,NBIS,229.0200,229.4000,229.0200,229.1600,8841.0000,229.1600,39
2026-08-12 17:01:15,NBIS,229.1600,229.1600,228.2800,228.7700,32059.0000,228.7420,121
2026-08-12 17:01:20,NBIS,228.7700,228.7700,228.5300,228.5400,2015.0000,228.6470,11
2026-08-12 17:01:25,NBIS,228.7600,229.3700,228.7600,229.3700,28166.0000,229.0480,95
2026-08-12 17:01:30,NBIS,229.4900,229.6900,229.1700,229.5200,20008.0000,229.5450,58
2026-08-12 17:01:35,NBIS,229.6800,230.4100,229.6800,230.1300,92252.0000,229.9880,290
2026-08-12 17:01:40,NBIS,230.1200,230.4300,230.1200,230.2400,14932.0000,230.2270,53
2026-08-12 17:01:45,NBIS,230.2800,230.4500,230.1600,230.1800,23135.0000,230.3260,98
2026-08-12 17:01:50,NBIS,230.1600,230.6600,230.0900,230.6300,11678.0000,230.2990,63
2026-08-12 17:01:55,NBIS,230.6300,231.0000,230.5900,230.7700,39474.0000,230.9430,143
2026-08-12 17:02:00,NBIS,230.7700,230.9700,230.1900,230.4600,51401.0000,230.5550,375
2026-08-12 17:02:05,NBIS,230.6700,230.6700,230.2200,230.3300,19940.0000,230.3840,80
2026-08-12 17:02:10,NBIS,230.4400,230.6900,230.3200,230.4800,7959.0000,230.4470,47
2026-08-12 17:02:15,NBIS,230.5000,230.6500,230.2500,230.6500,7530.0000,230.5020,45
2026-08-12 17:02:20,NBIS,230.5400,230.6900,230.3800,230.4300,10736.0000,230.5080,50
2026-08-12 17:02:25,NBIS,230.5200,230.6500,229.8000,229.9300,15552.0000,230.1320,89
2026-08-12 17:02:30,NBIS,229.9300,230.3000,229.5700,229.9000,15163.0000,229.9930,65
2026-08-12 17:02:35,NBIS,229.7900,230.0300,229.6700,229.7500,8852.0000,229.8820,36
2026-08-12 17:02:40,NBIS,229.5100,229.9200,229.4200,229.8300,5586.0000,229.6690,27
2026-08-12 17:02:45,NBIS,229.7700,230.0300,229.6100,230.0300,23173.0000,229.8890,77
2026-08-12 17:02:50,NBIS,230.0200,230.3700,229.8800,230.0000,7988.0000,230.0660,47
2026-08-12 17:02:55,NBIS,230.1700,230.8300,229.8900,230.7900,17849.0000,230.5910,69
2026-08-12 17:03:00,NBIS,230.7200,230.7200,230.2000,230.3600,13978.0000,230.5260,62
2026-08-12 17:03:05,NBIS,230.3600,230.8200,230.2800,230.8200,10065.0000,230.5400,45
2026-08-12 17:03:10,NBIS,230.8300,230.9400,230.5100,230.7600,8627.0000,230.7890,47
2026-08-12 17:03:15,NBIS,230.6000,230.6000,230.2000,230.5200,7735.0000,230.4850,46
2026-08-12 17:03:20,NBIS,230.6000,231.4500,230.6000,231.0100,27852.0000,231.0640,134
2026-08-12 17:03:25,NBIS,230.9600,231.0600,230.8000,230.9000,8954.0000,230.9540,46
2026-08-12 17:03:30,NBIS,230.9000,231.2000,230.6000,231.1600,11774.0000,230.7890,51
2026-08-12 17:03:35,NBIS,231.1100,231.8000,231.1100,231.1600,28509.0000,231.4410,112
2026-08-12 17:03:40,NBIS,231.1600,231.4600,230.8000,230.9700,4520.0000,231.0560,30
2026-08-12 17:03:45,NBIS,230.8700,231.3600,230.8500,231.2900,7585.0000,231.0980,46
2026-08-12 17:03:50,NBIS,231.0700,231.2700,230.8400,231.1800,14118.0000,231.1170,73
2026-08-12 17:03:55,NBIS,231.2700,231.4800,231.1000,231.4200,8316.0000,231.2730,59
2026-08-12 17:04:00,NBIS,231.3500,231.4600,231.1000,231.4100,8121.0000,231.3070,63
2026-08-12 17:04:05,NBIS,231.2300,231.4700,231.0800,231.3500,14174.0000,231.2280,64
2026-08-12 17:04:10,NBIS,231.0800,231.4700,230.7000,230.9700,25487.0000,231.0310,97
2026-08-12 17:04:15,NBIS,231.0800,231.0800,230.7000,230.8500,10258.0000,230.7960,35
2026-08-12 17:04:20,NBIS,230.7100,230.9900,230.5200,230.7200,16695.0000,230.7290,60
2026-08-12 17:04:25,NBIS,230.6500,230.9200,230.5100,230.6400,5831.0000,230.6510,44
2026-08-12 17:04:30,NBIS,230.7000,230.7500,230.0000,230.2400,11173.0000,230.2900,56
2026-08-12 17:04:35,NBIS,230.2300,230.2900,229.7800,230.1800,16986.0000,230.0560,95
2026-08-12 17:04:40,NBIS,230.3500,230.4300,230.0700,230.3500,8300.0000,230.2730,45
2026-08-12 17:04:45,NBIS,230.2700,230.6000,230.2700,230.5300,4287.0000,230.4400,25
2026-08-12 17:04:50,NBIS,230.5500,230.5700,230.2800,230.4300,5752.0000,230.4110,32
2026-08-12 17:04:55,NBIS,230.3700,230.3800,229.9000,229.9100,16041.0000,230.1970,132
2026-08-12 17:05:00,NBIS,230.0100,230.1900,229.7100,230.1000,9687.0000,229.9600,76
2026-08-12 17:05:05,NBIS,229.7900,230.4900,229.5800,229.5800,16410.0000,230.1850,85
2026-08-12 17:05:10,NBIS,229.7300,229.9900,229.5900,229.5900,4553.0000,229.7560,22
2026-08-12 17:05:15,NBIS,229.7800,229.9600,229.7200,229.9600,1798.0000,229.8690,11
2026-08-12 17:05:20,NBIS,229.9700,230.3500,229.9500,230.0400,12864.0000,230.0660,52
2026-08-12 17:05:25,NBIS,230.2000,230.3500,230.0600,230.3500,5249.0000,230.2340,29
2026-08-12 17:05:30,NBIS,230.1500,230.1500,229.5100,229.6300,17009.0000,229.8680,82
2026-08-12 17:05:35,NBIS,229.6300,230.0700,229.6300,230.0600,12654.0000,229.7850,58
2026-08-12 17:05:40,NBIS,230.0200,230.0200,229.8000,229.8300,2917.0000,229.8910,14
2026-08-12 17:05:45,NBIS,229.9300,230.1600,229.8300,230.0800,12966.0000,230.0060,83
2026-08-12 17:05:50,NBIS,230.1000,230.6400,230.0700,230.6300,12950.0000,230.4240,40
2026-08-12 17:05:55,NBIS,230.4700,230.6200,230.0600,230.0900,13022.0000,230.4790,66
2026-08-12 17:06:00,NBIS,230.0000,230.2300,229.9500,230.1800,6563.0000,230.1260,40
2026-08-12 17:06:05,NBIS,230.0600,230.2000,229.0500,229.2100,10628.0000,229.6800,74
2026-08-12 17:06:10,NBIS,229.0200,229.7000,229.0000,229.2400,12579.0000,229.3120,79
2026-08-12 17:06:15,NBIS,229.4600,229.7000,229.1800,229.1800,9370.0000,229.4650,60
2026-08-12 17:06:20,NBIS,229.1800,229.1800,228.7600,229.0800,16590.0000,229.0150,88
2026-08-12 17:06:25,NBIS,229.0800,229.3600,229.0800,229.3400,4037.0000,229.2690,30
2026-08-12 17:06:30,NBIS,229.4500,229.5700,229.3300,229.5700,5777.0000,229.4630,33
2026-08-12 17:06:35,NBIS,229.5300,230.2000,229.3400,230.2000,12208.0000,229.9130,72
2026-08-12 17:06:40,NBIS,230.1500,230.5000,230.1200,230.2500,5120.0000,230.3060,28
2026-08-12 17:06:45,NBIS,230.3700,230.6000,229.9300,230.3900,21689.0000,230.2180,108
2026-08-12 17:06:50,NBIS,229.9800,230.0800,229.4600,230.0800,16135.0000,229.7580,116
2026-08-12 17:06:55,NBIS,229.8100,230.0800,229.8100,229.9800,8570.0000,229.8230,11
2026-08-12 17:07:00,NBIS,229.7600,230.0000,229.6300,229.9800,5840.0000,229.8390,31
2026-08-12 17:07:05,NBIS,229.8900,230.1000,229.6100,230.0000,14438.0000,229.9310,66
2026-08-12 17:07:10,NBIS,230.0000,230.3400,229.9200,229.9600,26504.0000,230.1210,96
2026-08-12 17:07:15,NBIS,230.0000,230.1700,229.9200,230.1700,3575.0000,230.0340,17
2026-08-12 17:07:20,NBIS,230.1700,231.5000,230.1700,231.1000,60262.0000,230.9070,200
2026-08-12 17:07:25,NBIS,231.4300,231.7000,231.2400,231.5800,18473.0000,231.5200,107
2026-08-12 17:07:30,NBIS,231.4900,231.7000,231.2700,231.3700,15575.0000,231.5570,62
2026-08-12 17:07:35,NBIS,231.3700,231.4700,231.2100,231.3700,3289.0000,231.3380,18
2026-08-12 17:07:40,NBIS,231.4500,231.4900,231.1000,231.2100,6584.0000,231.2890,40
2026-08-12 17:07:45,NBIS,231.1100,231.2900,231.0700,231.1000,5577.0000,231.1770,29
2026-08-12 17:07:50,NBIS,231.0400,231.4000,230.9200,231.3800,7386.0000,231.1240,51
2026-08-12 17:07:55,NBIS,231.4400,231.4700,230.9800,231.0500,9428.0000,231.1910,67
2026-08-12 17:08:00,NBIS,231.1200,231.1200,230.6800,230.9400,13681.0000,230.9380,65
2026-08-12 17:08:05,NBIS,230.9500,231.1300,230.7600,230.8700,3080.0000,230.8920,21
2026-08-12 17:08:10,NBIS,230.9100,231.2100,230.8300,231.1600,4748.0000,231.0420,26
2026-08-12 17:08:15,NBIS,231.0100,231.3300,231.0000,231.2500,6445.0000,231.2120,26
2026-08-12 17:08:20,NBIS,231.1900,231.5300,231.1800,231.4400,14059.0000,231.3940,51
2026-08-12 17:08:25,NBIS,231.3700,231.4800,231.2400,231.3700,3975.0000,231.3740,23
2026-08-12 17:08:30,NBIS,231.2900,231.5800,231.1800,231.5800,6639.0000,231.4280,49
2026-08-12 17:08:35,NBIS,231.3800,232.2800,231.3800,232.0800,69294.0000,231.9820,345
2026-08-12 17:08:40,NBIS,232.0100,232.2500,231.9100,232.1300,11293.0000,232.1170,57
2026-08-12 17:08:45,NBIS,232.2500,232.2500,232.0000,232.0100,20407.0000,232.1180,103
2026-08-12 17:08:50,NBIS,232.1200,232.6800,232.0600,232.6700,31780.0000,232.3920,178
2026-08-12 17:08:55,NBIS,232.6500,232.8500,232.6100,232.7000,24160.0000,232.7210,93
2026-08-12 17:09:00,NBIS,232.7700,232.8500,232.5000,232.6900,16047.0000,232.6140,82
2026-08-12 17:09:05,NBIS,232.7600,233.1800,232.5800,233.0700,44107.0000,232.9390,193
2026-08-12 17:09:10,NBIS,233.1900,233.7500,233.0400,233.6500,27249.0000,233.4720,121
2026-08-12 17:09:15,NBIS,233.6200,233.7200,233.2500,233.3600,12613.0000,233.4360,61
2026-08-12 17:09:20,NBIS,233.3700,233.8000,233.3600,233.6600,14369.0000,233.6600,72
2026-08-12 17:09:25,NBIS,233.7400,233.8000,233.6300,233.7900,11103.0000,233.6820,55
2026-08-12 17:09:30,NBIS,233.7400,233.8500,233.5100,233.7400,15238.0000,233.7050,71
2026-08-12 17:09:35,NBIS,233.7400,234.1100,233.6700,233.9800,48307.0000,233.9320,210
2026-08-12 17:09:40,NBIS,233.9900,234.1200,233.8500,233.9900,8607.0000,233.9770,28
2026-08-12 17:09:45,NBIS,234.0000,234.2000,233.9100,234.0100,14499.0000,234.0700,84
2026-08-12 17:09:50,NBIS,234.0700,234.2900,234.0100,234.2000,21395.0000,234.1670,95
2026-08-12 17:09:55,NBIS,234.0300,234.3000,234.0200,234.2400,12874.0000,234.1630,74
2026-08-12 17:10:00,NBIS,234.3200,234.4500,234.1100,234.3000,27580.0000,234.3550,88
2026-08-12 17:10:05,NBIS,234.2800,234.4100,234.0300,234.3000,27193.0000,234.2660,161
2026-08-12 17:10:10,NBIS,234.2200,234.4000,233.5200,233.7600,29250.0000,233.9740,153
2026-08-12 17:10:15,NBIS,233.6800,234.0300,233.4600,233.6700,15484.0000,233.7180,108
2026-08-12 17:10:20,NBIS,233.6700,234.2400,233.5100,234.1400,9255.0000,233.9000,42
2026-08-12 17:10:25,NBIS,234.1400,234.4000,233.7500,233.7900,15674.0000,234.0150,94
2026-08-12 17:10:30,NBIS,233.8100,233.9500,233.4500,233.6400,18132.0000,233.6050,109
2026-08-12 17:10:35,NBIS,233.7600,233.9700,233.6400,233.8500,15726.0000,233.7700,39
2026-08-12 17:10:40,NBIS,233.6700,233.7400,233.1800,233.4500,12066.0000,233.4110,57
2026-08-12 17:10:45,NBIS,233.5400,233.6100,233.4100,233.4800,5495.0000,233.4980,28
2026-08-12 17:10:50,NBIS,233.4400,233.5400,233.1300,233.2100,3734.0000,233.3480,21
2026-08-12 17:10:55,NBIS,233.1500,233.8700,233.1100,233.6700,26914.0000,233.4730,124
2026-08-12 17:11:00,NBIS,233.5000,233.9000,233.5000,233.5900,8464.0000,233.7740,42
2026-08-12 17:11:05,NBIS,233.4700,233.6100,233.2800,233.2800,8533.0000,233.4640,39
2026-08-12 17:11:10,NBIS,233.3400,233.7100,233.3400,233.4700,6964.0000,233.5490,37
2026-08-12 17:11:15,NBIS,233.5500,233.5500,233.0900,233.2300,5601.0000,233.3050,42
2026-08-12 17:11:20,NBIS,233.1100,233.5000,233.0700,233.5000,7575.0000,233.2890,47
2026-08-12 17:11:25,NBIS,233.3300,233.9000,233.3300,233.8800,7134.0000,233.6790,46
2026-08-12 17:11:30,NBIS,233.8800,233.8800,233.3900,233.6400,7438.0000,233.6740,43
2026-08-12 17:11:35,NBIS,233.6400,233.9400,233.3500,233.8300,3512.0000,233.6620,18
2026-08-12 17:11:40,NBIS,233.7200,233.9700,233.6300,233.9300,7112.0000,233.8540,36
2026-08-12 17:11:45,NBIS,233.8300,234.0300,233.7400,233.8200,15480.0000,233.9420,98
2026-08-12 17:11:50,NBIS,233.7200,233.9000,233.5600,233.6900,7615.0000,233.6490,36
2026-08-12 17:11:55,NBIS,233.6900,233.8000,233.5800,233.7500,3630.0000,233.7120,11
2026-08-12 17:12:00,NBIS,233.7500,234.3100,233.6300,234.1200,17281.0000,233.9880,88
2026-08-12 17:12:05,NBIS,234.2300,234.4000,234.0600,234.3200,9729.0000,234.2730,47
2026-08-12 17:12:10,NBIS,234.3100,235.0000,234.2700,235.0000,37695.0000,234.6330,157
2026-08-12 17:12:15,NBIS,235.0000,235.0300,234.3000,234.4800,73054.0000,234.8950,332
2026-08-12 17:12:20,NBIS,234.4800,234.4800,234.0400,234.1800,13074.0000,234.2260,103
2026-08-12 17:12:25,NBIS,234.2500,234.4400,234.1300,234.3800,8901.0000,234.2710,51
2026-08-12 17:12:30,NBIS,234.3300,234.3300,234.0800,234.0800,10881.0000,234.2220,73
2026-08-12 17:12:35,NBIS,234.1100,234.4700,234.0000,234.0000,11365.0000,234.1670,45
2026-08-12 17:12:40,NBIS,234.0000,234.1100,233.8100,233.9100,14968.0000,233.9460,97
2026-08-12 17:12:45,NBIS,233.9600,233.9600,233.5800,233.6300,14239.0000,233.7560,57
2026-08-12 17:12:50,NBIS,233.6100,234.1500,233.6000,234.1300,8656.0000,233.8690,52
2026-08-12 17:12:55,NBIS,234.1100,234.3100,233.9300,234.0100,11998.0000,234.1440,73
2026-08-12 17:13:00,NBIS,234.0600,234.1200,233.7900,233.7900,5835.0000,233.9870,31
2026-08-12 17:13:05,NBIS,233.9000,234.0900,233.7800,233.7800,11400.0000,233.9430,49
2026-08-12 17:13:10,NBIS,233.7200,233.7600,232.8900,233.2800,26192.0000,233.2340,148
2026-08-12 17:13:15,NBIS,233.3700,233.5300,233.1600,233.1900,10342.0000,233.3080,55
2026-08-12 17:13:20,NBIS,233.0800,233.7700,233.0700,233.5200,8669.0000,233.5160,42
2026-08-12 17:13:25,NBIS,233.5600,233.8000,233.5200,233.8000,13558.0000,233.6600,54
2026-08-12 17:13:30,NBIS,233.6700,233.9100,233.5000,233.7400,8916.0000,233.7570,44
2026-08-12 17:13:35,NBIS,233.7800,233.8000,233.5700,233.8000,6927.0000,233.6800,46
2026-08-12 17:13:40,NBIS,233.6700,234.0900,233.5000,234.0600,14037.0000,233.7670,78
2026-08-12 17:13:45,NBIS,234.1400,234.4500,234.1400,234.3400,13418.0000,234.2620,48
2026-08-12 17:13:50,NBIS,234.3200,234.3900,234.1800,234.1900,7154.0000,234.2720,33
2026-08-12 17:13:55,NBIS,234.3000,234.3800,234.0100,234.3500,9605.0000,234.1880,49
2026-08-12 17:14:00,NBIS,234.2000,234.6500,234.0300,234.3500,8115.0000,234.4010,49
2026-08-12 17:14:05,NBIS,234.3500,234.4200,233.9500,234.0300,16207.0000,234.1220,106
2026-08-12 17:14:10,NBIS,234.1100,234.3900,234.0900,234.3300,4542.0000,234.2150,29
2026-08-12 17:14:15,NBIS,234.3800,234.5500,234.0500,234.5500,9006.0000,234.3260,57
2026-08-12 17:14:20,NBIS,234.4900,234.5900,234.4000,234.4700,6536.0000,234.4800,32
2026-08-12 17:14:25,NBIS,234.3700,234.3900,234.2900,234.3300,3291.0000,234.3420,20
2026-08-12 17:14:30,NBIS,234.2400,234.3300,234.1700,234.1900,1040.0000,234.2160,9
2026-08-12 17:14:35,NBIS,234.1600,234.3000,233.8600,233.8800,9291.0000,234.1020,50
2026-08-12 17:14:40,NBIS,234.0000,234.0000,233.5000,233.6000,6510.0000,233.7010,37
2026-08-12 17:14:45,NBIS,233.5000,233.5700,232.7100,232.9100,18671.0000,233.0520,83
2026-08-12 17:14:50,NBIS,232.9100,233.4600,232.9000,233.2000,7479.0000,233.1340,44
2026-08-12 17:14:55,NBIS,233.0600,233.3000,232.9200,233.2500,4369.0000,233.1080,34
2026-08-12 17:15:00,NBIS,233.1800,233.6700,233.0100,233.6600,9549.0000,233.3150,58
2026-08-12 17:15:05,NBIS,233.6700,234.0000,233.2600,233.8300,8870.0000,233.6390,46
2026-08-12 17:15:10,NBIS,233.9500,233.9500,233.4700,233.8700,3570.0000,233.6190,15
2026-08-12 17:15:15,NBIS,233.8200,233.8700,233.0100,233.3100,13902.0000,233.3900,87
2026-08-12 17:15:20,NBIS,233.1600,233.2300,232.8600,233.0200,7062.0000,233.0310,25
2026-08-12 17:15:25,NBIS,232.8500,233.2700,232.8200,233.0000,13452.0000,232.9800,67
2026-08-12 17:15:30,NBIS,232.9700,233.4200,232.9700,233.2400,8587.0000,233.2320,63
2026-08-12 17:15:35,NBIS,233.2200,233.6900,233.1100,233.2300,5225.0000,233.3390,30
2026-08-12 17:15:40,NBIS,233.5000,233.7000,233.2300,233.4500,1865.0000,233.5020,15
2026-08-12 17:15:45,NBIS,233.5400,233.5400,233.2200,233.3900,8054.0000,233.4120,60
2026-08-12 17:15:50,NBIS,233.2200,233.5000,233.1600,233.4100,5172.0000,233.3140,31
2026-08-12 17:15:55,NBIS,233.4400,233.7000,233.3600,233.4400,6968.0000,233.5150,36
2026-08-12 17:16:00,NBIS,233.5000,233.7700,233.4100,233.4600,10425.0000,233.5550,50
2026-08-12 17:16:05,NBIS,233.3800,233.4900,233.2900,233.4000,5540.0000,233.3680,40
2026-08-12 17:16:10,NBIS,233.3500,233.4500,233.1600,233.2800,2874.0000,233.3350,19
2026-08-12 17:16:15,NBIS,233.2800,233.4400,232.8200,232.8200,23992.0000,233.1470,102
2026-08-12 17:16:20,NBIS,232.8200,233.0000,232.6900,232.8800,11103.0000,232.8060,62
2026-08-12 17:16:25,NBIS,232.9900,233.0500,232.7400,232.7900,6014.0000,232.8810,39
2026-08-12 17:16:30,NBIS,232.6700,232.9100,232.6600,232.8100,4035.0000,232.8090,27
2026-08-12 17:16:35,NBIS,232.8100,233.0000,232.7000,232.9600,4922.0000,232.9110,27
2026-08-12 17:16:40,NBIS,232.9800,233.3600,232.5800,233.2700,14366.0000,232.8530,85
2026-08-12 17:16:45,NBIS,233.4700,233.4700,233.2900,233.4300,5309.0000,233.3980,28
2026-08-12 17:16:50,NBIS,233.2800,233.2800,232.7600,232.9100,9531.0000,232.9960,75
2026-08-12 17:16:55,NBIS,232.8900,233.0800,232.8300,232.9600,5195.0000,232.9100,27
2026-08-12 17:17:00,NBIS,232.9900,233.1500,232.8400,233.0000,6318.0000,232.9400,31
2026-08-12 17:17:05,NBIS,233.0000,233.3300,232.8400,233.2200,4484.0000,233.1130,27
2026-08-12 17:17:10,NBIS,233.2200,233.2700,232.8800,233.0300,7846.0000,233.0490,44
2026-08-12 17:17:15,NBIS,233.1800,233.4000,233.0400,233.1600,7913.0000,233.1410,42
2026-08-12 17:17:20,NBIS,233.4900,234.2000,233.3200,234.1000,20963.0000,233.8220,74
2026-08-12 17:17:25,NBIS,234.0200,234.2100,233.9100,234.2100,8003.0000,234.1000,36
2026-08-12 17:17:30,NBIS,234.0000,234.1400,233.7900,233.9600,38188.0000,234.0780,30
2026-08-12 17:17:35,NBIS,233.7900,234.5000,233.7900,234.3300,8624.0000,234.1470,53
2026-08-12 17:17:40,NBIS,234.3300,234.4600,234.1100,234.1100,5996.0000,234.3030,24
2026-08-12 17:17:45,NBIS,234.2900,234.3800,234.0000,234.3800,10046.0000,234.0990,43
2026-08-12 17:17:50,NBIS,234.4100,234.5000,234.1800,234.2600,7065.0000,234.3820,39
2026-08-12 17:17:55,NBIS,234.2600,234.4500,234.0800,234.2300,8108.0000,234.2500,39
2026-08-12 17:18:00,NBIS,234.1400,234.3700,234.1400,234.2100,6758.0000,234.2460,39
2026-08-12 17:18:05,NBIS,234.3000,234.3700,234.2100,234.3100,3466.0000,234.2950,28
2026-08-12 17:18:10,NBIS,234.3100,234.3900,234.1500,234.3100,3307.0000,234.2680,18
2026-08-12 17:18:15,NBIS,234.2300,234.7500,234.2300,234.7000,18649.0000,234.5510,71
2026-08-12 17:18:20,NBIS,234.7000,234.7700,234.6100,234.7000,9473.0000,234.6860,44
2026-08-12 17:18:25,NBIS,234.7300,234.7300,234.1400,234.3500,9526.0000,234.4320,52
2026-08-12 17:18:30,NBIS,234.3000,234.3000,233.8000,233.8000,5745.0000,233.9260,36
2026-08-12 17:18:35,NBIS,233.7100,233.7100,233.5000,233.5200,8268.0000,233.5790,43
2026-08-12 17:18:40,NBIS,233.4300,233.6100,233.3800,233.5600,5463.0000,233.5070,38
2026-08-12 17:18:45,NBIS,233.5600,233.5900,233.3600,233.5200,2233.0000,233.4690,10
2026-08-12 17:18:50,NBIS,233.5600,233.7200,233.4100,233.5300,4677.0000,233.5880,15
2026-08-12 17:18:55,NBIS,233.5000,233.6900,233.3500,233.6900,1668.0000,233.5180,10
2026-08-12 17:19:00,NBIS,233.5600,233.6900,233.3900,233.4500,5690.0000,233.5220,47
2026-08-12 17:19:05,NBIS,233.5400,233.5400,233.3500,233.5100,2280.0000,233.5210,20
2026-08-12 17:19:10,NBIS,233.5100,233.6200,233.3400,233.4100,3674.0000,233.4630,26
2026-08-12 17:19:15,NBIS,233.4100,233.4700,233.0000,233.0000,9877.0000,233.1270,73
2026-08-12 17:19:20,NBIS,233.0200,233.3600,232.9500,233.2400,8078.0000,233.0810,44
2026-08-12 17:19:25,NBIS,233.2400,233.4700,233.0000,233.2200,12986.0000,233.1980,56
2026-08-12 17:19:30,NBIS,233.2800,233.2800,233.0500,233.1600,3640.0000,233.1400,24
2026-08-12 17:19:35,NBIS,233.0900,233.1400,233.0000,233.1400,4633.0000,233.0620,24
2026-08-12 17:19:40,NBIS,233.0800,233.1700,232.9300,233.1700,3614.0000,233.0330,19
2026-08-12 17:19:45,NBIS,233.0000,233.1400,232.8600,232.9700,3377.0000,233.0180,26
2026-08-12 17:19:50,NBIS,232.8500,233.2300,232.8200,233.2300,4063.0000,233.1160,27
2026-08-12 17:19:55,NBIS,233.1800,233.2400,233.0600,233.1700,4038.0000,233.1430,23
2026-08-12 17:20:00,NBIS,233.3100,233.6400,233.2700,233.4900,3709.0000,233.4750,26
2026-08-12 17:20:05,NBIS,233.4800,233.4800,233.1300,233.1800,5685.0000,233.4050,50
2026-08-12 17:20:10,NBIS,233.1300,233.4900,233.0200,233.0400,3045.0000,233.1780,23
2026-08-12 17:20:15,NBIS,233.4100,233.4300,233.1900,233.3100,3060.0000,233.3300,13
2026-08-12 17:20:20,NBIS,233.3600,233.3700,233.0200,233.1900,2618.0000,233.1090,16
2026-08-12 17:20:25,NBIS,233.2000,233.4000,233.0900,233.3400,5706.0000,233.2690,27
2026-08-12 17:20:30,NBIS,233.5000,234.0000,233.4900,233.8200,5229.0000,233.7690,30
2026-08-12 17:20:35,NBIS,233.8800,233.8800,233.1500,233.1700,5935.0000,233.5000,35
2026-08-12 17:20:40,NBIS,233.0200,233.3500,232.6000,232.8000,15429.0000,232.9090,111
2026-08-12 17:20:45,NBIS,232.7100,232.7100,232.2700,232.4100,14586.0000,232.4830,90
2026-08-12 17:20:50,NBIS,232.5200,232.7500,232.4000,232.7300,6579.0000,232.5710,47
2026-08-12 17:20:55,NBIS,232.8000,233.0400,232.5500,232.8400,6223.0000,232.8600,40
2026-08-12 17:21:00,NBIS,232.8700,233.0000,232.6200,232.6200,13983.0000,232.7610,75
2026-08-12 17:21:05,NBIS,232.6200,233.0000,232.5000,232.6000,6575.0000,232.7620,49
2026-08-12 17:21:10,NBIS,232.7100,232.7300,232.4200,232.5900,3646.0000,232.5670,28
2026-08-12 17:21:15,NBIS,232.5100,232.6800,232.4200,232.5600,5473.0000,232.5720,32
2026-08-12 17:21:20,NBIS,232.7600,233.1600,232.7600,233.0000,6845.0000,232.9930,38
2026-08-12 17:21:25,NBIS,232.8100,233.1700,232.7800,233.1000,6822.0000,232.9150,42
2026-08-12 17:21:30,NBIS,233.1000,233.2000,232.8700,233.0100,3737.0000,232.9870,30
2026-08-12 17:21:35,NBIS,233.1500,233.1600,232.9500,232.9700,3163.0000,233.0620,19
2026-08-12 17:21:40,NBIS,233.0800,233.5000,233.0200,233.4900,3152.0000,233.2830,26
2026-08-12 17:21:45,NBIS,233.5400,233.6300,233.4300,233.6300,3822.0000,233.5240,19
2026-08-12 17:21:50,NBIS,233.6000,233.8100,233.5400,233.8100,3550.0000,233.6760,16
2026-08-12 17:21:55,NBIS,233.8600,234.2000,233.5500,233.8100,26855.0000,233.9310,116
2026-08-12 17:22:00,NBIS,233.8100,233.8500,233.4400,233.7300,4594.0000,233.6650,32
2026-08-12 17:22:05,NBIS,233.7700,233.9700,233.6400,233.8900,3636.0000,233.7380,20
2026-08-12 17:22:10,NBIS,233.8100,234.7000,233.8100,234.7000,9645.0000,234.4050,47
2026-08-12 17:22:15,NBIS,234.7000,234.9000,234.5700,234.8500,13233.0000,234.7670,51
2026-08-12 17:22:20,NBIS,234.9500,235.9300,234.9500,235.8300,69432.0000,235.2130,240
2026-08-12 17:22:25,NBIS,235.8800,235.9600,235.1200,235.5300,16875.0000,235.7240,112
2026-08-12 17:22:30,NBIS,235.3700,235.3700,234.9100,234.9800,5460.0000,235.1410,35
2026-08-12 17:22:35,NBIS,235.0300,235.2600,234.7000,234.7000,6572.0000,234.8540,30
2026-08-12 17:22:40,NBIS,234.8300,234.9700,234.5200,234.5200,5106.0000,234.8510,21
2026-08-12 17:22:45,NBIS,234.5200,234.9600,234.5200,234.7000,2855.0000,234.7320,15
2026-08-12 17:22:50,NBIS,234.9200,235.0000,234.6900,234.7900,6773.0000,234.8970,34
2026-08-12 17:22:55,NBIS,234.8400,234.9600,234.2500,234.4200,7434.0000,234.6200,41
2026-08-12 17:23:00,NBIS,234.3000,234.8500,234.2900,234.6100,4281.0000,234.6720,18
2026-08-12 17:23:05,NBIS,234.8100,234.8600,234.5200,234.6600,8019.0000,234.7680,62
2026-08-12 17:23:10,NBIS,234.7900,235.3700,234.7900,235.1200,21802.0000,235.1000,107
2026-08-12 17:23:15,NBIS,235.0500,235.1100,234.8300,235.0000,11765.0000,234.9690,41
2026-08-12 17:23:20,NBIS,234.8600,234.9900,234.5900,234.7300,3982.0000,234.7510,30
2026-08-12 17:23:25,NBIS,234.7300,234.8900,234.4100,234.6300,9151.0000,234.7320,69
2026-08-12 17:23:30,NBIS,234.6400,234.8800,234.4100,234.6900,4569.0000,234.6610,20
2026-08-12 17:23:35,NBIS,234.7700,234.9800,234.6300,234.6300,7527.0000,234.8420,56
2026-08-12 17:23:40,NBIS,234.6200,235.1500,234.6200,234.9700,5622.0000,234.9540,41
2026-08-12 17:23:45,NBIS,234.9600,235.0000,234.6700,234.8800,5525.0000,234.8940,25
2026-08-12 17:23:50,NBIS,234.9400,235.1500,234.7900,234.9900,4516.0000,234.9730,26
2026-08-12 17:23:55,NBIS,235.1100,235.1100,234.7900,235.0100,3553.0000,234.9600,13
2026-08-12 17:24:00,NBIS,235.0300,235.1200,234.9300,235.1200,5505.0000,235.0340,27
2026-08-12 17:24:05,NBIS,235.1000,235.1000,234.5500,234.9900,6749.0000,234.8600,39
2026-08-12 17:24:10,NBIS,234.7700,234.7900,234.1800,234.5000,6352.0000,234.4120,57
2026-08-12 17:24:15,NBIS,234.5300,234.6600,233.8000,234.3400,14539.0000,234.1330,100
2026-08-12 17:24:20,NBIS,234.4200,234.5700,234.2800,234.4000,11178.0000,234.4280,32
2026-08-12 17:24:25,NBIS,234.3800,234.5000,234.0000,234.5000,10417.0000,234.2890,62
2026-08-12 17:24:30,NBIS,234.4900,234.6600,234.2300,234.5800,7703.0000,234.4960,42
2026-08-12 17:24:35,NBIS,234.4900,234.7800,234.4900,234.5700,2307.0000,234.6050,7
2026-08-12 17:24:40,NBIS,234.7700,234.7700,234.6000,234.6100,2364.0000,234.6790,15
2026-08-12 17:24:45,NBIS,234.6900,234.6900,234.5200,234.6100,4497.0000,234.6320,22
2026-08-12 17:24:50,NBIS,234.6100,234.8000,234.4600,234.4700,7201.0000,234.6250,47
2026-08-12 17:24:55,NBIS,234.5600,235.2500,234.5400,235.1700,12557.0000,234.9550,72
2026-08-12 17:25:00,NBIS,235.2000,235.2100,234.6500,234.6700,7152.0000,234.9770,31
2026-08-12 17:25:05,NBIS,234.8800,234.8800,234.6100,234.7600,1423.0000,234.7000,10
2026-08-12 17:25:10,NBIS,234.7600,234.8800,234.7600,234.8200,2083.0000,234.8080,11
2026-08-12 17:25:15,NBIS,234.7600,234.9300,234.7000,234.8200,5012.0000,234.8320,14
2026-08-12 17:25:20,NBIS,234.9100,235.1500,234.8600,234.9700,4494.0000,235.0120,31
2026-08-12 17:25:25,NBIS,234.8300,235.0500,234.3200,234.3500,7601.0000,234.7290,55
2026-08-12 17:25:30,NBIS,234.6500,234.6500,234.3200,234.4100,1816.0000,234.4330,13
2026-08-12 17:25:35,NBIS,234.4100,234.9000,234.4100,234.9000,7051.0000,234.5930,36
2026-08-12 17:25:40,NBIS,234.7700,235.0800,234.7700,234.8400,4944.0000,234.9780,37
2026-08-12 17:25:45,NBIS,235.0600,235.1000,234.8500,234.9200,3604.0000,234.9620,23
2026-08-12 17:25:50,NBIS,234.7900,234.9400,234.6700,234.7600,1148.0000,234.7730,10
2026-08-12 17:25:55,NBIS,234.8500,234.8500,234.5500,234.6400,2239.0000,234.6100,7
2026-08-12 17:26:00,NBIS,234.6000,234.7200,234.2600,234.4000,2291.0000,234.4960,14
2026-08-12 17:26:05,NBIS,234.4000,234.4000,233.8000,233.8300,8447.0000,234.0500,39
2026-08-12 17:26:10,NBIS,233.9300,234.3900,233.7700,233.8700,11349.0000,234.0960,86
2026-08-12 17:26:15,NBIS,233.9300,234.0200,233.8100,233.9300,6138.0000,233.9590,26
2026-08-12 17:26:20,NBIS,234.2200,234.3500,233.9500,234.3200,5446.0000,234.2330,26
2026-08-12 17:26:25,NBIS,234.3200,234.3200,233.3500,233.6300,15899.0000,233.6640,75
2026-08-12 17:26:30,NBIS,233.5000,233.9000,233.5000,233.9000,3280.0000,233.6750,26
2026-08-12 17:26:35,NBIS,233.7500,233.9000,233.6000,233.9000,1304.0000,233.8050,11
2026-08-12 17:26:40,NBIS,233.7800,233.8300,233.5100,233.8300,3565.0000,233.6420,29
2026-08-12 17:26:45,NBIS,233.8300,234.0000,233.6900,233.7500,5440.0000,233.8920,41
2026-08-12 17:26:50,NBIS,233.7600,233.9000,233.7500,233.8700,612.0000,233.8220,4
2026-08-12 17:26:55,NBIS,233.8600,233.9600,233.6700,233.7700,2286.0000,233.7790,19
2026-08-12 17:27:00,NBIS,233.7300,233.8200,233.5700,233.8200,2225.0000,233.6980,16
2026-08-12 17:27:05,NBIS,233.7300,233.8300,233.5700,233.8300,5200.0000,233.7510,22
2026-08-12 17:27:10,NBIS,233.8800,233.8800,233.5000,233.5600,16702.0000,233.6880,62
2026-08-12 17:27:15,NBIS,233.5700,233.5800,233.4000,233.4800,3911.0000,233.4630,18
2026-08-12 17:27:20,NBIS,233.4500,233.5000,233.2900,233.4000,6149.0000,233.4190,37
2026-08-12 17:27:25,NBIS,233.2700,233.3400,233.0200,233.1800,7090.0000,233.1960,49
2026-08-12 17:27:30,NBIS,233.0200,233.8700,233.0200,233.6300,8181.0000,233.4400,51
2026-08-12 17:27:35,NBIS,233.6400,233.8600,233.4800,233.6400,1315.0000,233.6510,9
2026-08-12 17:27:40,NBIS,233.7900,234.1200,233.5000,234.1200,11805.0000,233.8710,84
2026-08-12 17:27:45,NBIS,234.0000,234.1200,233.7100,233.9000,14949.0000,233.9670,70
2026-08-12 17:27:50,NBIS,233.9200,234.0400,233.7400,234.0400,4711.0000,233.9470,21
2026-08-12 17:27:55,NBIS,233.8700,234.1900,233.7700,234.0000,8969.0000,233.9020,51
2026-08-12 17:28:00,NBIS,234.0500,234.5000,234.0500,234.4900,5530.0000,234.3630,35
2026-08-12 17:28:05,NBIS,234.3500,234.7200,234.3500,234.5900,5372.0000,234.5270,24
2026-08-12 17:28:10,NBIS,234.8000,234.8400,234.4700,234.4700,9564.0000,234.7120,47
2026-08-12 17:28:15,NBIS,234.5300,234.6500,233.9100,234.2300,14119.0000,234.1660,103
2026-08-12 17:28:20,NBIS,234.4800,234.5600,234.3000,234.5200,2562.0000,234.4470,15
2026-08-12 17:28:25,NBIS,234.4900,234.6500,233.5000,233.7800,60952.0000,234.3590,141
2026-08-12 17:28:30,NBIS,233.6300,233.8600,233.4300,233.8000,1803.0000,233.6570,11
2026-08-12 17:28:35,NBIS,233.4700,233.6600,233.4200,233.4300,4755.0000,233.4810,11
2026-08-12 17:28:40,NBIS,233.4400,233.6000,233.4000,233.4800,4140.0000,233.5070,28
2026-08-12 17:28:45,NBIS,233.6500,233.7800,233.1500,233.1600,13918.0000,233.3630,69
2026-08-12 17:28:50,NBIS,233.1500,233.4300,233.1500,233.4000,2195.0000,233.3500,11
2026-08-12 17:28:55,NBIS,233.1200,233.3300,232.8400,233.2200,18815.0000,233.0910,101
2026-08-12 17:29:00,NBIS,233.3900,233.6600,233.0900,233.3300,3695.0000,233.3480,23
2026-08-12 17:29:05,NBIS,233.3000,233.6500,233.2500,233.4500,1412.0000,233.4600,9
2026-08-12 17:29:10,NBIS,233.4000,233.5500,233.3800,233.5500,3416.0000,233.5080,13
2026-08-12 17:29:15,NBIS,233.5500,233.5500,233.2700,233.2700,7529.0000,233.4730,27
2026-08-12 17:29:20,NBIS,233.2400,233.2500,232.9700,233.1800,4555.0000,233.1370,27
2026-08-12 17:29:25,NBIS,233.2500,233.2500,232.8000,232.9500,5851.0000,232.9740,28
2026-08-12 17:29:30,NBIS,233.0900,233.0900,232.5600,232.6700,4046.0000,232.7720,21
2026-08-12 17:29:35,NBIS,232.7300,232.9300,232.5600,232.9300,5662.0000,232.6780,24
2026-08-12 17:29:40,NBIS,232.8300,233.0800,232.6600,232.8300,6114.0000,232.9350,25
2026-08-12 17:29:45,NBIS,232.8700,233.0100,232.8300,232.8700,2913.0000,232.9300,15
2026-08-12 17:29:50,NBIS,232.9600,233.2800,232.8700,233.2000,3912.0000,233.0710,32
2026-08-12 17:29:55,NBIS,233.3300,233.5200,233.0500,233.1700,6193.0000,233.3740,41
2026-08-12 17:30:00,NBIS,233.4700,233.5100,233.1600,233.1600,2882.0000,233.2890,20
2026-08-12 17:30:05,NBIS,233.3000,233.3000,232.8500,233.1700,6257.0000,233.1550,36
2026-08-12 17:30:10,NBIS,233.3100,233.5100,233.1000,233.2900,4706.0000,233.3560,36
2026-08-12 17:30:15,NBIS,233.3500,233.4400,233.1300,233.2300,3341.0000,233.2520,15
2026-08-12 17:30:20,NBIS,233.2300,233.2300,233.0200,233.1700,2528.0000,233.1200,13
2026-08-12 17:30:25,NBIS,233.0400,233.1200,233.0200,233.1200,300.0000,233.0580,3
2026-08-12 17:30:30,NBIS,233.2700,233.2900,233.1300,233.1400,2848.0000,233.2050,19
2026-08-12 17:30:35,NBIS,233.0500,233.1500,232.8000,232.9700,3889.0000,232.9770,23
2026-08-12 17:30:40,NBIS,233.0800,233.0800,232.7900,232.7900,2872.0000,232.8780,20
2026-08-12 17:30:45,NBIS,232.8300,232.8400,232.3700,232.7400,8094.0000,232.6300,39
2026-08-12 17:30:50,NBIS,232.7500,232.8000,232.3500,232.6600,5437.0000,232.4980,20
2026-08-12 17:30:55,NBIS,232.6600,232.8200,232.4400,232.6100,2492.0000,232.5850,13
2026-08-12 17:31:00,NBIS,232.5600,232.7000,232.3200,232.3500,11462.0000,232.4570,54
2026-08-12 17:31:05,NBIS,232.4100,232.9300,232.2800,232.3100,11783.0000,232.4540,68
2026-08-12 17:31:10,NBIS,232.2300,232.4400,231.5600,231.8600,22968.0000,231.9300,113
2026-08-12 17:31:15,NBIS,231.6800,232.8000,231.5800,232.3800,10267.0000,232.1970,60
2026-08-12 17:31:20,NBIS,232.1300,232.4400,232.0000,232.2000,3410.0000,232.2230,22
2026-08-12 17:31:25,NBIS,232.1000,232.2800,231.7800,231.8900,9882.0000,232.0010,45
2026-08-12 17:31:30,NBIS,231.9800,232.2400,231.8700,232.2400,6019.0000,231.9960,40
2026-08-12 17:31:35,NBIS,232.2000,232.2400,231.7900,231.8300,4966.0000,232.0270,33
2026-08-12 17:31:40,NBIS,231.9900,232.4000,231.7800,232.2400,4020.0000,232.1220,32
2026-08-12 17:31:45,NBIS,232.3400,232.7100,232.3400,232.4700,8787.0000,232.4870,53
2026-08-12 17:31:50,NBIS,232.6100,232.7800,232.4300,232.5000,7105.0000,232.6180,35
2026-08-12 17:31:55,NBIS,232.5500,232.5500,231.8300,231.9500,6036.0000,232.1620,40
2026-08-12 17:32:00,NBIS,232.0500,232.5000,232.0500,232.4100,3210.0000,232.3050,24
2026-08-12 17:32:05,NBIS,232.5400,232.7000,232.2700,232.6700,12524.0000,232.5370,43
2026-08-12 17:32:10,NBIS,232.4200,232.6000,232.4100,232.4900,4867.0000,232.4740,31
2026-08-12 17:32:15,NBIS,232.3000,232.5600,232.3000,232.3200,2456.0000,232.4720,11
2026-08-12 17:32:20,NBIS,232.3100,232.5000,232.1000,232.3000,7189.0000,232.3280,50
2026-08-12 17:32:25,NBIS,232.3300,232.4300,232.0000,232.2700,8616.0000,232.0990,32
2026-08-12 17:32:30,NBIS,232.0000,232.1500,232.0000,232.0200,2189.0000,232.1020,13
2026-08-12 17:32:35,NBIS,232.1500,232.4900,232.1400,232.2700,2740.0000,232.3260,16
2026-08-12 17:32:40,NBIS,232.2800,232.3900,232.1400,232.1900,3830.0000,232.2320,24
2026-08-12 17:32:45,NBIS,232.1900,232.2000,232.0200,232.1100,4962.0000,232.0900,31
2026-08-12 17:32:50,NBIS,232.1000,232.1100,231.6100,231.8100,8134.0000,231.9600,55
2026-08-12 17:32:55,NBIS,231.8000,231.9800,231.6000,231.7200,4233.0000,231.7550,20
2026-08-12 17:33:00,NBIS,231.7500,232.0200,231.6000,232.0200,5202.0000,231.7860,34
2026-08-12 17:33:05,NBIS,231.9400,232.1800,231.8500,231.9500,6812.0000,232.0180,44
2026-08-12 17:33:10,NBIS,232.0500,232.1800,231.8900,232.0700,5493.0000,232.0200,31
2026-08-12 17:33:15,NBIS,232.1300,232.4000,232.0000,232.2500,6577.0000,232.2010,33
2026-08-12 17:33:20,NBIS,232.4000,232.4900,232.0900,232.1000,6727.0000,232.2880,46
2026-08-12 17:33:25,NBIS,232.1800,232.2200,231.8500,231.9000,5716.0000,232.0460,35
2026-08-12 17:33:30,NBIS,231.8400,232.0900,231.8000,232.0900,4320.0000,231.8890,23
2026-08-12 17:33:35,NBIS,232.1800,232.3800,232.0000,232.3600,7169.0000,232.2390,23
2026-08-12 17:33:40,NBIS,232.3500,232.3800,232.2000,232.2700,2340.0000,232.2850,12
2026-08-12 17:33:45,NBIS,232.3400,232.3400,231.7700,231.9800,11270.0000,231.9380,62
2026-08-12 17:33:50,NBIS,231.8100,231.9900,231.7000,231.9500,4334.0000,231.7870,26
2026-08-12 17:33:55,NBIS,232.0400,232.0400,231.8300,232.0000,2772.0000,231.9090,17
2026-08-12 17:34:00,NBIS,232.0500,232.2000,231.9900,232.1000,4114.0000,232.1070,29
2026-08-12 17:34:05,NBIS,232.0500,232.1500,231.9800,232.0500,4125.0000,232.0270,17
2026-08-12 17:34:10,NBIS,232.1900,232.4000,232.0000,232.2000,6838.0000,232.1780,33
2026-08-12 17:34:15,NBIS,232.2800,232.3800,232.1200,232.2300,4166.0000,232.3040,27
2026-08-12 17:34:20,NBIS,232.3800,232.3800,231.7500,232.0400,4775.0000,232.0160,33
2026-08-12 17:34:25,NBIS,231.9000,232.0600,231.7600,232.0000,2608.0000,231.8710,11
2026-08-12 17:34:30,NBIS,232.0100,232.1400,231.8600,231.9800,3900.0000,232.0030,18
2026-08-12 17:34:35,NBIS,231.9900,232.0400,231.5000,231.7200,14386.0000,231.7420,65
2026-08-12 17:34:40,NBIS,231.4800,231.7900,231.4800,231.7900,3631.0000,231.6640,23
2026-08-12 17:34:45,NBIS,231.7800,231.9100,231.6200,231.9000,1400.0000,231.8230,13
2026-08-12 17:34:50,NBIS,231.8200,231.9400,231.6800,231.8800,5399.0000,231.7880,24
2026-08-12 17:34:55,NBIS,231.8300,232.3800,231.8300,232.3700,14040.0000,232.1020,88
2026-08-12 17:35:00,NBIS,232.4300,232.6300,232.1400,232.1600,9606.0000,232.3960,45
2026-08-12 17:35:05,NBIS,232.1600,232.3000,231.8500,231.8900,5952.0000,231.9650,26
2026-08-12 17:35:10,NBIS,231.8600,231.9500,231.6000,231.7900,7015.0000,231.7840,26
2026-08-12 17:35:15,NBIS,231.7900,231.7900,231.3300,231.4800,6610.0000,231.5140,48
2026-08-12 17:35:20,NBIS,231.4400,231.5200,231.1500,231.5200,6303.0000,231.3280,48
2026-08-12 17:35:25,NBIS,231.5200,231.7300,231.4100,231.7100,7906.0000,231.6230,33
2026-08-12 17:35:30,NBIS,231.5300,231.8400,231.5000,231.6800,3712.0000,231.6850,24
2026-08-12 17:35:35,NBIS,231.7100,232.0700,231.6300,231.8600,6365.0000,231.8900,32
2026-08-12 17:35:40,NBIS,232.0500,232.0500,231.8300,231.8300,4016.0000,231.8960,27
2026-08-12 17:35:45,NBIS,231.8400,232.3000,231.8300,232.1900,6089.0000,232.0780,34
2026-08-12 17:35:50,NBIS,232.1900,232.3000,232.0100,232.0100,2300.0000,232.1060,13
2026-08-12 17:35:55,NBIS,232.1600,232.4300,232.1100,232.2000,3743.0000,232.2810,19
2026-08-12 17:36:00,NBIS,232.2000,232.2900,231.9000,232.0200,4862.0000,232.0160,32
2026-08-12 17:36:05,NBIS,231.8400,232.1900,231.8200,231.8200,7094.0000,232.0290,16
2026-08-12 17:36:10,NBIS,231.8000,232.0200,231.7500,232.0200,2911.0000,231.9300,19
2026-08-12 17:36:15,NBIS,232.1700,232.2100,231.9600,232.0800,1728.0000,232.0980,13
2026-08-12 17:36:20,NBIS,232.0800,232.1100,231.9600,231.9800,2487.0000,232.0540,17
2026-08-12 17:36:25,NBIS,231.9700,231.9700,231.7400,231.8300,4275.0000,231.8610,24
2026-08-12 17:36:30,NBIS,231.8700,231.9600,231.4800,231.5700,7272.0000,231.6340,46
2026-08-12 17:36:35,NBIS,231.5000,231.7700,231.3900,231.6500,2267.0000,231.5640,15
2026-08-12 17:36:40,NBIS,231.6400,231.6400,231.4300,231.6300,1963.0000,231.5770,15
2026-08-12 17:36:45,NBIS,231.6700,231.8300,231.6300,231.8300,2965.0000,231.7070,16
2026-08-12 17:36:50,NBIS,231.7800,231.8500,231.5400,231.6200,2043.0000,231.7050,18
2026-08-12 17:36:55,NBIS,231.5700,231.7000,231.5000,231.6100,2257.0000,231.5880,18
2026-08-12 17:37:00,NBIS,231.4000,231.5700,231.1900,231.4200,4095.0000,231.3900,22
2026-08-12 17:37:05,NBIS,231.4000,231.8600,231.3300,231.7500,1767.0000,231.6320,12
2026-08-12 17:37:10,NBIS,231.5800,232.0000,231.5100,232.0000,5158.0000,231.9070,28
2026-08-12 17:37:15,NBIS,232.0000,232.0600,231.7600,231.7800,9089.0000,231.9280,32
2026-08-12 17:37:20,NBIS,231.9100,231.9100,231.6200,231.7500,1885.0000,231.7600,16
2026-08-12 17:37:25,NBIS,231.7400,231.7400,231.6500,231.7100,365.0000,231.7060,3
2026-08-12 17:37:30,NBIS,231.7100,231.7400,231.6400,231.7400,503.0000,231.6900,4
2026-08-12 17:37:35,NBIS,231.8500,231.8500,231.5800,231.5800,4732.0000,231.7640,14
2026-08-12 17:37:40,NBIS,231.6300,231.6300,230.9000,231.4000,22890.0000,231.1680,90
2026-08-12 17:37:45,NBIS,231.2000,231.4200,231.2000,231.4200,4132.0000,231.2930,21
2026-08-12 17:37:50,NBIS,231.3400,231.5000,231.0800,231.1700,4020.0000,231.3020,27
2026-08-12 17:37:55,NBIS,231.0600,231.1900,230.8000,231.0000,9988.0000,230.9780,44
2026-08-12 17:38:00,NBIS,230.8000,231.0600,230.8000,230.9900,3491.0000,230.9170,25
2026-08-12 17:38:05,NBIS,230.9200,231.2200,230.8000,231.0300,4821.0000,230.9530,26
2026-08-12 17:38:10,NBIS,231.1000,231.4000,231.0200,231.2100,7754.0000,231.1930,34
2026-08-12 17:38:15,NBIS,231.3700,231.3700,231.0800,231.3200,5428.0000,231.2480,25
2026-08-12 17:38:20,NBIS,231.3200,231.3200,230.5500,230.5600,4762.0000,231.0000,31
2026-08-12 17:38:25,NBIS,230.5500,231.0000,230.5500,230.7300,4837.0000,230.7670,22
2026-08-12 17:38:30,NBIS,230.9200,231.1800,230.7900,230.8000,3966.0000,231.0000,21
2026-08-12 17:38:35,NBIS,231.1300,231.1400,230.5800,231.0000,3032.0000,230.8780,16
2026-08-12 17:38:40,NBIS,230.9500,231.1100,230.7100,230.7600,6298.0000,230.8550,39
2026-08-12 17:38:45,NBIS,230.9100,231.1100,230.7100,230.7800,3570.0000,230.8770,24
2026-08-12 17:38:50,NBIS,230.6100,230.7300,230.5200,230.6000,2381.0000,230.6000,15
2026-08-12 17:38:55,NBIS,230.6100,230.8500,230.5000,230.8200,7863.0000,230.6300,36
2026-08-12 17:39:00,NBIS,230.6900,230.9500,230.6000,230.9500,5120.0000,230.7890,24
2026-08-12 17:39:05,NBIS,230.6100,230.9500,230.6100,230.9500,1096.0000,230.7740,5
2026-08-12 17:39:10,NBIS,230.7300,230.8600,230.7300,230.8600,2206.0000,230.8210,13
2026-08-12 17:39:15,NBIS,230.8400,231.0600,230.6200,230.9100,9652.0000,230.9200,59
2026-08-12 17:39:20,NBIS,230.9700,231.0900,230.8100,230.9300,2172.0000,230.9380,14
2026-08-12 17:39:25,NBIS,230.8600,230.8600,230.6000,230.6000,2702.0000,230.7610,20
2026-08-12 17:39:30,NBIS,230.5500,231.0500,230.5500,230.8900,9313.0000,230.9440,78
2026-08-12 17:39:35,NBIS,230.8200,230.9900,230.7200,230.8300,14050.0000,230.8690,19
2026-08-12 17:39:40,NBIS,230.8400,230.8400,230.1000,230.2500,37120.0000,230.3520,182
2026-08-12 17:39:45,NBIS,230.1000,230.3900,230.1000,230.2500,2520.0000,230.2640,19
2026-08-12 17:39:50,NBIS,230.3200,230.9300,230.3100,230.8700,6695.0000,230.6030,50
2026-08-12 17:39:55,NBIS,230.9600,231.2800,230.6600,231.2300,7381.0000,231.0050,39
2026-08-12 17:40:00,NBIS,231.1600,231.5000,230.9600,231.4600,8985.0000,231.3500,41
2026-08-12 17:40:05,NBIS,231.5600,231.7100,231.4800,231.6100,3335.0000,231.6030,18
2026-08-12 17:40:10,NBIS,231.7200,231.8800,231.3300,231.3300,8780.0000,231.6820,41
2026-08-12 17:40:15,NBIS,231.3300,231.3900,230.9300,231.2500,4655.0000,231.1400,31
2026-08-12 17:40:20,NBIS,231.2500,231.2600,230.8600,230.9800,5798.0000,231.0460,34
2026-08-12 17:40:25,NBIS,230.9000,231.1900,230.7900,231.1900,9270.0000,231.0110,60
2026-08-12 17:40:30,NBIS,231.1500,231.4600,231.1100,231.1900,8531.0000,231.2310,60
2026-08-12 17:40:35,NBIS,231.2900,231.3900,230.9900,231.2000,4419.0000,231.1000,19
2026-08-12 17:40:40,NBIS,231.0900,231.4600,231.0900,231.1600,1928.0000,231.2760,15
2026-08-12 17:40:45,NBIS,231.1800,231.7900,231.1400,231.6400,6057.0000,231.3030,42
2026-08-12 17:40:50,NBIS,231.6700,231.8500,231.5400,231.7900,3415.0000,231.6120,13
2026-08-12 17:40:55,NBIS,231.7200,231.9100,231.5400,231.8300,2960.0000,231.7590,23
2026-08-12 17:41:00,NBIS,231.6800,231.9500,231.6800,231.8200,3400.0000,231.8100,28
2026-08-12 17:41:05,NBIS,231.7500,231.9400,231.5800,231.7900,4227.0000,231.6920,31
2026-08-12 17:41:10,NBIS,231.7800,231.7800,231.5900,231.6500,2267.0000,231.7010,13
2026-08-12 17:41:15,NBIS,231.6800,231.9500,231.5000,231.9500,8524.0000,231.6070,28
2026-08-12 17:41:20,NBIS,231.8000,231.8000,231.6100,231.7300,2093.0000,231.6960,13
2026-08-12 17:41:25,NBIS,231.6500,231.8200,231.6000,231.7700,1808.0000,231.7590,8
2026-08-12 17:41:30,NBIS,231.9700,231.9700,231.6300,231.7300,1885.0000,231.7960,13
2026-08-12 17:41:35,NBIS,231.7300,231.7600,231.7300,231.7600,400.0000,231.7450,3
2026-08-12 17:41:40,NBIS,231.7000,231.7100,231.5200,231.6700,3878.0000,231.6280,21
2026-08-12 17:41:45,NBIS,231.7900,231.8600,231.6000,231.7900,1670.0000,231.7640,13
2026-08-12 17:41:50,NBIS,231.6100,231.9200,231.6100,231.9200,1260.0000,231.8160,10
2026-08-12 17:41:55,NBIS,231.9700,232.2000,231.8300,231.8300,39742.0000,232.0040,85
2026-08-12 17:42:00,NBIS,231.7100,231.8900,231.4500,231.4900,11382.0000,231.6900,66
2026-08-12 17:42:05,NBIS,231.5300,231.8700,231.4400,231.6900,1647.0000,231.5930,12
2026-08-12 17:42:10,NBIS,231.6900,231.7900,231.5000,231.5000,1890.0000,231.6510,11
2026-08-12 17:42:15,NBIS,231.6700,231.8000,231.5000,231.5000,1860.0000,231.6660,13
2026-08-12 17:42:20,NBIS,231.7700,232.0400,231.6000,231.7500,4931.0000,231.7840,33
2026-08-12 17:42:25,NBIS,231.9200,232.0700,231.8300,231.9400,1664.0000,231.9580,13
2026-08-12 17:42:30,NBIS,231.8300,232.0500,231.8300,231.9900,3810.0000,231.9070,17
2026-08-12 17:42:35,NBIS,231.9800,231.9900,231.9100,231.9900,3429.0000,231.9680,10
2026-08-12 17:42:40,NBIS,232.0100,232.1000,231.9100,232.0000,920.0000,232.0270,8
2026-08-12 17:42:45,NBIS,232.0200,232.0500,231.9000,232.0500,3327.0000,231.9750,14
2026-08-12 17:42:50,NBIS,232.0100,232.1000,231.9200,232.0000,4351.0000,231.9820,20
2026-08-12 17:42:55,NBIS,232.1000,232.2500,232.0000,232.0000,4170.0000,232.0920,17
2026-08-12 17:43:00,NBIS,232.2000,232.3700,232.0200,232.3600,5080.0000,232.2310,31
2026-08-12 17:43:05,NBIS,232.3700,232.4600,232.3200,232.3900,6349.0000,232.3940,25
2026-08-12 17:43:10,NBIS,232.3200,232.6400,232.3100,232.3900,6070.0000,232.4820,38
2026-08-12 17:43:15,NBIS,232.3000,232.8800,232.3000,232.7600,12045.0000,232.5590,69
2026-08-12 17:43:20,NBIS,232.7600,232.8000,232.5400,232.6300,2980.0000,232.6770,23
2026-08-12 17:43:25,NBIS,232.5700,232.6500,232.3600,232.4100,3850.0000,232.4700,18
2026-08-12 17:43:30,NBIS,232.4800,232.6000,232.2000,232.4500,3917.0000,232.4370,21
2026-08-12 17:43:35,NBIS,232.4000,232.5600,232.3700,232.5600,2513.0000,232.4680,19
2026-08-12 17:43:40,NBIS,232.5900,232.6800,232.4600,232.4800,4249.0000,232.5400,19
2026-08-12 17:43:45,NBIS,232.6300,232.8400,232.6200,232.7700,1890.0000,232.7170,11
2026-08-12 17:43:50,NBIS,232.7300,232.8500,232.5900,232.8200,3711.0000,232.7980,17
2026-08-12 17:43:55,NBIS,232.7200,232.9300,232.7100,232.7300,6234.0000,232.8540,32
2026-08-12 17:44:00,NBIS,232.8500,232.9000,232.7700,232.8400,3499.0000,232.8440,21
2026-08-12 17:44:05,NBIS,232.7500,232.9300,232.7500,232.8700,1900.0000,232.8000,10
2026-08-12 17:44:10,NBIS,232.9200,232.9300,232.7100,232.7300,1522.0000,232.8070,12
2026-08-12 17:44:15,NBIS,232.7600,232.7600,232.4300,232.7300,4515.0000,232.5450,24
2026-08-12 17:44:20,NBIS,232.6400,232.7700,232.6400,232.7400,1561.0000,232.6950,10
2026-08-12 17:44:25,NBIS,232.6400,232.6500,232.5000,232.5800,3348.0000,232.6030,19
2026-08-12 17:44:30,NBIS,232.5800,232.6500,232.1300,232.4900,7451.0000,232.4390,47
2026-08-12 17:44:35,NBIS,232.5800,232.6000,232.4400,232.5300,623.0000,232.5560,5
2026-08-12 17:44:40,NBIS,232.6400,232.9700,232.6400,232.7900,5646.0000,232.8200,36
2026-08-12 17:44:45,NBIS,232.9100,232.9600,232.7200,232.8100,3508.0000,232.8270,25
2026-08-12 17:44:50,NBIS,232.7900,232.9500,232.7700,232.9500,4737.0000,232.7970,17
2026-08-12 17:44:55,NBIS,232.9000,232.9500,232.6200,232.9500,2542.0000,232.8830,12
2026-08-12 17:45:00,NBIS,232.8500,233.4600,232.7300,233.2900,40069.0000,233.1810,149
2026-08-12 17:45:05,NBIS,233.2900,233.4700,233.1100,233.1600,4687.0000,233.2370,26
2026-08-12 17:45:10,NBIS,233.1000,233.1000,232.7500,232.8400,3640.0000,232.8700,20
2026-08-12 17:45:15,NBIS,232.9700,232.9700,232.7600,232.8400,1781.0000,232.8550,9
2026-08-12 17:45:20,NBIS,232.9700,232.9700,232.8400,232.8900,1855.0000,232.8860,16
2026-08-12 17:45:25,NBIS,232.9700,233.0900,232.8800,233.0000,6678.0000,232.9770,27
2026-08-12 17:45:30,NBIS,233.2000,233.3900,232.9600,233.3900,2003.0000,233.1670,13
2026-08-12 17:45:35,NBIS,233.3900,233.6500,233.3700,233.5400,10908.0000,233.5220,44
2026-08-12 17:45:40,NBIS,233.6500,233.6500,233.2500,233.3400,5806.0000,233.4310,34
2026-08-12 17:45:45,NBIS,233.4000,233.4100,233.1500,233.2200,4795.0000,233.2550,30
2026-08-12 17:45:50,NBIS,233.2200,233.3000,233.1300,233.3000,720.0000,233.2110,5
2026-08-12 17:45:55,NBIS,233.1100,233.2100,233.1100,233.1800,945.0000,233.1640,7
2026-08-12 17:46:00,NBIS,233.1600,233.2600,233.1300,233.2400,1422.0000,233.2100,12
2026-08-12 17:46:05,NBIS,233.2100,233.3000,233.1800,233.3000,2200.0000,233.2570,11
2026-08-12 17:46:10,NBIS,233.3400,233.5400,233.3400,233.5300,1677.0000,233.4310,11
2026-08-12 17:46:15,NBIS,233.5600,233.7200,233.4700,233.5500,3784.0000,233.5930,26
2026-08-12 17:46:20,NBIS,233.5500,233.7900,233.5000,233.6900,2058.0000,233.6530,15
2026-08-12 17:46:25,NBIS,233.5800,233.7700,233.5800,233.6900,2314.0000,233.6380,9
2026-08-12 17:46:30,NBIS,233.7600,233.7600,233.6200,233.7400,3339.0000,233.6860,19
2026-08-12 17:46:35,NBIS,233.7900,233.7900,233.6000,233.6800,6116.0000,233.6500,47
2026-08-12 17:46:40,NBIS,233.7200,234.5000,233.6400,234.4100,35379.0000,234.0060,148
2026-08-12 17:46:45,NBIS,234.4100,234.5200,234.0900,234.0900,14294.0000,234.3630,71
2026-08-12 17:46:50,NBIS,234.0700,234.2500,234.0000,234.2200,5343.0000,234.1300,31
2026-08-12 17:46:55,NBIS,234.3200,234.5500,234.3200,234.5100,7546.0000,234.4310,57
2026-08-12 17:47:00,NBIS,234.5900,235.1300,234.5900,235.1100,51059.0000,234.9130,210
2026-08-12 17:47:05,NBIS,235.0300,235.1600,234.7300,235.1300,20757.0000,234.8970,107
2026-08-12 17:47:10,NBIS,235.1300,235.2800,234.8200,235.0700,13501.0000,235.0990,94
2026-08-12 17:47:15,NBIS,234.9800,235.3000,234.8000,235.2600,5318.0000,235.0050,35
2026-08-12 17:47:20,NBIS,235.2000,235.3000,234.9000,234.9000,3652.0000,235.0500,30
2026-08-12 17:47:25,NBIS,234.8200,235.0000,234.7500,234.8600,8076.0000,234.9000,57
2026-08-12 17:47:30,NBIS,234.8600,234.8600,234.4000,234.5900,6849.0000,234.6360,44
2026-08-12 17:47:35,NBIS,234.5200,234.5400,234.4100,234.5400,2714.0000,234.4970,14
2026-08-12 17:47:40,NBIS,234.5000,234.7000,234.5000,234.7000,4942.0000,234.5960,17
2026-08-12 17:47:45,NBIS,234.5900,234.6800,234.4200,234.4700,3445.0000,234.4870,20
2026-08-12 17:47:50,NBIS,234.5900,234.6600,234.4400,234.5500,2155.0000,234.5720,11
2026-08-12 17:47:55,NBIS,234.6100,234.6600,234.4500,234.4900,2890.0000,234.5510,22
2026-08-12 17:48:00,NBIS,234.4300,234.8000,234.4300,234.8000,2400.0000,234.6400,17
2026-08-12 17:48:05,NBIS,234.6100,234.7400,234.5300,234.6000,4355.0000,234.6100,32
2026-08-12 17:48:10,NBIS,234.7300,234.7300,234.4900,234.6400,5576.0000,234.5850,32
2026-08-12 17:48:15,NBIS,234.5500,234.5900,234.4400,234.5400,1628.0000,234.5250,11
2026-08-12 17:48:20,NBIS,234.6000,234.9700,234.5400,234.8700,10127.0000,234.7810,54
2026-08-12 17:48:25,NBIS,234.7500,234.8000,234.5800,234.8000,3559.0000,234.7170,18
2026-08-12 17:48:30,NBIS,234.7800,235.0000,234.7300,234.8600,7638.0000,234.9060,38
2026-08-12 17:48:35,NBIS,234.9400,235.1400,234.7300,235.0200,7709.0000,234.9640,36
2026-08-12 17:48:40,NBIS,235.0200,235.3700,234.9900,235.2500,8928.0000,235.1430,53
2026-08-12 17:48:45,NBIS,235.2500,235.4700,235.1400,235.2700,6290.0000,235.3260,28
2026-08-12 17:48:50,NBIS,235.2700,235.4400,235.1400,235.4400,6273.0000,235.3540,37
2026-08-12 17:48:55,NBIS,235.3600,235.4400,234.3500,234.7800,22708.0000,234.8970,120
2026-08-12 17:49:00,NBIS,234.6000,234.7800,234.3600,234.3600,4290.0000,234.6550,22
2026-08-12 17:49:05,NBIS,234.3700,234.5900,234.2400,234.4800,3728.0000,234.4110,23
2026-08-12 17:49:10,NBIS,234.6800,234.8600,234.5000,234.6300,4224.0000,234.6800,22
2026-08-12 17:49:15,NBIS,234.7100,234.7100,234.5400,234.6300,3577.0000,234.6150,14
2026-08-12 17:49:20,NBIS,234.6400,234.7900,234.6300,234.7500,1882.0000,234.7470,9
2026-08-12 17:49:25,NBIS,234.7600,234.9600,234.6800,234.9600,3216.0000,234.8340,23
2026-08-12 17:49:30,NBIS,234.9400,234.9400,234.7700,234.8000,3557.0000,234.8790,24
2026-08-12 17:49:35,NBIS,234.8000,234.8200,234.6100,234.6100,2544.0000,234.7020,21
2026-08-12 17:49:40,NBIS,234.7100,234.8000,234.6200,234.7800,1858.0000,234.7380,6
2026-08-12 17:49:45,NBIS,234.6300,234.8000,234.6300,234.6300,1307.0000,234.7190,9
2026-08-12 17:49:50,NBIS,234.6700,234.7900,234.6000,234.6600,3164.0000,234.7050,17
2026-08-12 17:49:55,NBIS,234.5200,234.5200,234.3000,234.4000,13063.0000,234.4060,60
2026-08-12 17:50:00,NBIS,234.4300,234.8500,234.3000,234.8500,9803.0000,234.5550,38
2026-08-12 17:50:05,NBIS,234.7600,234.8000,234.5600,234.7200,1411.0000,234.7040,10
2026-08-12 17:50:10,NBIS,234.7100,234.7800,234.2900,234.4000,6976.0000,234.5890,45
2026-08-12 17:50:15,NBIS,234.4700,234.8000,234.2600,234.7000,5964.0000,234.4980,34
2026-08-12 17:50:20,NBIS,234.6800,234.6800,234.5400,234.6800,1725.0000,234.6400,11
2026-08-12 17:50:25,NBIS,234.6800,234.8400,234.5100,234.6400,2206.0000,234.6500,12
2026-08-12 17:50:30,NBIS,234.5200,234.5700,234.2600,234.3100,5970.0000,234.3420,35
2026-08-12 17:50:35,NBIS,234.4200,234.6600,234.4200,234.5500,2748.0000,234.5800,17
2026-08-12 17:50:40,NBIS,234.5300,234.5400,234.5000,234.5300,1550.0000,234.5090,9
2026-08-12 17:50:45,NBIS,234.5300,234.6700,234.4800,234.6600,2480.0000,234.5440,12
2026-08-12 17:50:50,NBIS,234.5300,234.6700,234.4200,234.4200,7500.0000,234.6310,5
2026-08-12 17:50:55,NBIS,234.4800,234.4800,234.3200,234.3800,500.0000,234.3980,5
2026-08-12 17:51:00,NBIS,234.3200,234.3200,233.9300,234.1900,19982.0000,234.0770,78
2026-08-12 17:51:05,NBIS,234.1000,234.3100,234.0700,234.1300,6819.0000,234.1690,42
2026-08-12 17:51:10,NBIS,234.1600,234.3800,234.0700,234.2900,3529.0000,234.2680,23
2026-08-12 17:51:15,NBIS,234.2000,234.2900,234.1200,234.1200,1824.0000,234.2210,12
2026-08-12 17:51:20,NBIS,234.1700,234.1700,233.9100,233.9800,3892.0000,233.9570,29
2026-08-12 17:51:25,NBIS,233.9200,233.9200,233.4500,233.6200,6719.0000,233.6920,34
2026-08-12 17:51:30,NBIS,233.4600,233.5900,233.2500,233.4800,8187.0000,233.4420,26
2026-08-12 17:51:35,NBIS,233.3900,233.4600,233.2500,233.3000,5930.0000,233.3350,27
2026-08-12 17:51:40,NBIS,233.4000,233.4100,233.2500,233.3300,2284.0000,233.3450,16
2026-08-12 17:51:45,NBIS,233.3000,233.3000,232.9800,233.0300,13005.0000,233.0570,45
2026-08-12 17:51:50,NBIS,232.9300,233.3700,232.8700,232.9400,14331.0000,233.1570,56
2026-08-12 17:51:55,NBIS,232.8600,232.8700,232.5600,232.5600,6555.0000,232.7120,41
2026-08-12 17:52:00,NBIS,232.8100,233.0600,232.6200,232.8700,5059.0000,232.8450,34
2026-08-12 17:52:05,NBIS,232.8600,232.9600,232.8500,232.9500,1244.0000,232.8770,10
2026-08-12 17:52:10,NBIS,232.8600,233.0000,232.7000,232.7200,2860.0000,232.7790,17
2026-08-12 17:52:15,NBIS,232.8000,232.8900,232.6800,232.6800,1858.0000,232.7640,9
2026-08-12 17:52:20,NBIS,232.8000,232.9100,232.2500,232.4500,7635.0000,232.5190,41
2026-08-12 17:52:25,NBIS,232.5800,232.6100,232.3100,232.5800,3421.0000,232.5150,21
2026-08-12 17:52:30,NBIS,232.4700,232.5700,232.1300,232.1400,2958.0000,232.2860,13
2026-08-12 17:52:35,NBIS,232.1000,232.4700,232.0000,232.4700,14856.0000,232.0690,93
2026-08-12 17:52:40,NBIS,232.3700,232.5300,232.3100,232.4800,4396.0000,232.4050,18
2026-08-12 17:52:45,NBIS,232.4800,232.5700,232.4800,232.5300,730.0000,232.5290,6
2026-08-12 17:52:50,NBIS,232.5500,232.8900,232.4300,232.7300,2685.0000,232.6790,20
2026-08-12 17:52:55,NBIS,232.7400,233.0100,232.7100,233.0000,3581.0000,232.9340,22
2026-08-12 17:53:00,NBIS,233.1600,233.1800,232.8700,233.0300,3259.0000,233.0330,16
2026-08-12 17:53:05,NBIS,232.9700,233.1600,232.6300,232.6300,4120.0000,232.9100,26
2026-08-12 17:53:10,NBIS,232.7300,232.8800,232.7300,232.7300,900.0000,232.7800,5
2026-08-12 17:53:15,NBIS,232.7300,232.8800,232.6700,232.8800,3205.0000,232.7330,16
2026-08-12 17:53:20,NBIS,232.9600,232.9600,232.8500,232.8500,500.0000,232.9160,5
2026-08-12 17:53:25,NBIS,232.8400,233.0000,232.7300,232.8700,7554.0000,232.9640,53
2026-08-12 17:53:30,NBIS,232.8500,233.2000,232.7600,233.0400,7491.0000,232.9660,51
2026-08-12 17:53:35,NBIS,233.1400,233.5100,233.1400,233.2100,8742.0000,233.4060,50
2026-08-12 17:53:40,NBIS,233.4100,233.6200,233.4000,233.5700,4842.0000,233.5510,34
2026-08-12 17:53:45,NBIS,233.5400,233.7500,233.4200,233.6000,3556.0000,233.6100,18
2026-08-12 17:53:50,NBIS,233.7400,233.7500,233.5000,233.6300,2770.0000,233.7000,13
2026-08-12 17:53:55,NBIS,233.7400,233.7900,233.5400,233.7900,3280.0000,233.7150,15
2026-08-12 17:54:00,NBIS,233.7900,233.9900,233.6000,233.9300,4458.0000,233.8700,23
2026-08-12 17:54:05,NBIS,233.8100,234.0000,233.5900,233.6100,9121.0000,233.8870,54
2026-08-12 17:54:10,NBIS,233.5800,233.5800,233.1900,233.3300,2550.0000,233.4010,17
2026-08-12 17:54:15,NBIS,233.3200,233.3300,233.1800,233.3000,1100.0000,233.2580,7
2026-08-12 17:54:20,NBIS,233.1600,233.3800,233.1600,233.3000,3278.0000,233.2870,13
2026-08-12 17:54:25,NBIS,233.3000,233.4200,233.2500,233.3000,1196.0000,233.3410,8
2026-08-12 17:54:30,NBIS,233.2000,233.2000,233.1500,233.1500,1437.0000,233.1830,4
2026-08-12 17:54:35,NBIS,233.1100,233.1100,232.7700,232.8600,3119.0000,232.9180,20
2026-08-12 17:54:40,NBIS,232.8600,232.8600,232.6400,232.7300,3822.0000,232.7370,12
2026-08-12 17:54:45,NBIS,232.7200,232.8600,232.6800,232.7000,2892.0000,232.7770,18
2026-08-12 17:54:50,NBIS,232.8500,233.0000,232.8100,233.0000,2450.0000,232.8670,17
2026-08-12 17:54:55,NBIS,232.8100,232.9300,232.8100,232.9100,2774.0000,232.8630,15
2026-08-12 17:55:00,NBIS,232.8600,233.0000,232.8100,232.9700,2810.0000,232.9320,23
2026-08-12 17:55:05,NBIS,233.0800,233.2600,232.9100,232.9100,3165.0000,233.0610,19
2026-08-12 17:55:10,NBIS,233.1200,233.3200,233.1100,233.3200,1290.0000,233.2080,7
2026-08-12 17:55:15,NBIS,232.9700,233.0900,232.9700,233.0900,3981.0000,233.0780,8
2026-08-12 17:55:20,NBIS,233.0900,233.2000,233.0800,233.2000,501.0000,233.1070,4
2026-08-12 17:55:25,NBIS,233.3800,233.3800,233.2200,233.2300,510.0000,233.2860,4
2026-08-12 17:55:30,NBIS,233.2300,233.2400,233.0900,233.1300,2982.0000,233.1570,23
2026-08-12 17:55:35,NBIS,233.3000,233.3000,233.0800,233.1900,1334.0000,233.2020,10
2026-08-12 17:55:40,NBIS,233.1400,233.1500,232.9600,233.0200,3439.0000,233.0540,22
2026-08-12 17:55:45,NBIS,232.9900,233.0700,232.9400,233.0100,1029.0000,233.0080,8
2026-08-12 17:55:50,NBIS,233.0900,233.2400,233.0900,233.1000,3873.0000,233.1330,16
2026-08-12 17:55:55,NBIS,233.1000,233.1400,232.8700,233.1400,6262.0000,232.9420,27
2026-08-12 17:56:00,NBIS,233.0700,233.6200,233.0300,233.6200,5813.0000,233.2430,29
2026-08-12 17:56:05,NBIS,233.5000,233.5100,233.3800,233.4000,3254.0000,233.4770,17
2026-08-12 17:56:10,NBIS,233.5800,233.7300,233.5700,233.7300,1623.0000,233.6840,11
2026-08-12 17:56:15,NBIS,233.7300,233.7300,233.3300,233.3700,13427.0000,233.4670,59
2026-08-12 17:56:20,NBIS,233.4000,233.8300,233.4000,233.8200,1811.0000,233.6630,13
2026-08-12 17:56:25,NBIS,233.8800,233.8800,233.4400,233.5900,2218.0000,233.6370,14
2026-08-12 17:56:30,NBIS,233.3600,233.4600,233.3400,233.4600,600.0000,233.3910,5
2026-08-12 17:56:35,NBIS,233.4400,233.6400,233.4400,233.5900,2540.0000,233.4940,13
2026-08-12 17:56:40,NBIS,233.6100,233.6100,233.4700,233.5000,1643.0000,233.5130,14
2026-08-12 17:56:45,NBIS,233.4100,233.6600,233.4100,233.6600,1600.0000,233.5030,8
2026-08-12 17:56:50,NBIS,233.6500,234.0000,233.6500,233.8700,11115.0000,233.9610,49
2026-08-12 17:56:55,NBIS,233.8300,233.9900,233.8200,233.9900,2083.0000,233.9560,4
2026-08-12 17:57:00,NBIS,233.8300,234.0000,233.6800,233.9900,3874.0000,233.8830,30
2026-08-12 17:57:05,NBIS,233.8200,233.8600,233.6600,233.8600,1400.0000,233.8340,7
2026-08-12 17:57:10,NBIS,233.7200,233.7200,233.6200,233.7100,1466.0000,233.7100,8
2026-08-12 17:57:15,NBIS,233.7900,233.8000,233.6600,233.6600,669.0000,233.7560,5
2026-08-12 17:57:20,NBIS,233.7000,233.9200,233.6500,233.9200,5421.0000,233.7230,23
2026-08-12 17:57:25,NBIS,233.8800,233.9300,233.8100,233.8200,713.0000,233.8620,4
2026-08-12 17:57:30,NBIS,233.6800,233.9200,233.5200,233.6000,10298.0000,233.6650,57
2026-08-12 17:57:35,NBIS,233.6600,234.0300,233.5100,234.0000,7022.0000,233.8720,50
2026-08-12 17:57:40,NBIS,233.6800,234.1000,233.6800,234.0100,5414.0000,233.9590,46
2026-08-12 17:57:45,NBIS,233.9700,234.1500,233.9100,234.1400,6027.0000,234.0140,38
2026-08-12 17:57:50,NBIS,234.1700,234.3500,234.0100,234.0100,8931.0000,234.1900,60
2026-08-12 17:57:55,NBIS,234.2000,234.2000,233.9200,233.9200,5017.0000,234.0670,16
2026-08-12 17:58:00,NBIS,233.8900,233.9300,233.6500,233.9000,5115.0000,233.8100,40
2026-08-12 17:58:05,NBIS,233.8400,233.9100,233.6600,233.8900,2475.0000,233.8400,13
2026-08-12 17:58:10,NBIS,233.8900,234.2300,233.8900,234.0000,2877.0000,234.0380,18
2026-08-12 17:58:15,NBIS,234.0600,234.1800,233.9000,233.9900,1634.0000,233.9790,12
2026-08-12 17:58:20,NBIS,234.1300,234.2500,234.0900,234.2300,608.0000,234.1960,5
2026-08-12 17:58:25,NBIS,234.2800,234.9000,234.2700,234.9000,15218.0000,234.6050,79
2026-08-12 17:58:30,NBIS,234.9300,234.9600,234.6700,234.6900,10001.0000,234.7910,55
2026-08-12 17:58:35,NBIS,234.9200,234.9400,234.6600,234.9400,4916.0000,234.8230,23
2026-08-12 17:58:40,NBIS,234.8100,234.8500,234.4700,234.4700,3196.0000,234.6430,21
2026-08-12 17:58:45,NBIS,234.6000,234.6400,234.5100,234.6400,9152.0000,234.6000,43
2026-08-12 17:58:50,NBIS,234.6400,234.7000,234.4300,234.5800,6839.0000,234.5790,34
2026-08-12 17:58:55,NBIS,234.7000,234.7000,234.4100,234.4200,6084.0000,234.5040,9
2026-08-12 17:59:00,NBIS,234.4200,234.5200,233.9000,233.9700,6929.0000,234.1420,50
2026-08-12 17:59:05,NBIS,233.8400,234.2400,233.8400,234.1000,5574.0000,234.0500,25
2026-08-12 17:59:10,NBIS,234.1100,234.1700,233.9000,234.0800,2337.0000,233.9740,9
2026-08-12 17:59:15,NBIS,234.0800,234.1100,234.0000,234.0000,1392.0000,234.0240,6
2026-08-12 17:59:20,NBIS,234.1500,234.1600,233.9400,233.9700,2505.0000,234.0290,15
2026-08-12 17:59:25,NBIS,234.0000,234.3100,234.0000,234.3100,3826.0000,234.2120,28
2026-08-12 17:59:30,NBIS,234.2000,234.4700,234.1700,234.4700,1450.0000,234.3270,9
2026-08-12 17:59:35,NBIS,234.4200,234.4200,234.1200,234.2700,2513.0000,234.3200,18
2026-08-12 17:59:40,NBIS,234.1200,234.3000,233.9600,234.2000,11840.0000,234.1600,52
2026-08-12 17:59:45,NBIS,234.2500,234.2600,234.1000,234.2400,1370.0000,234.2330,7
2026-08-12 17:59:50,NBIS,234.4100,234.5100,234.2100,234.3400,17184.0000,234.4090,33
2026-08-12 17:59:55,NBIS,234.3300,234.3300,234.0800,234.1700,4502.0000,234.2180,21
2026-08-12 18:00:00,NBIS,234.1700,234.2500,234.0800,234.1900,3664.0000,234.1700,21
2026-08-12 18:00:05,NBIS,234.1900,234.2000,234.0000,234.1000,4949.0000,234.0270,24
2026-08-12 18:00:10,NBIS,233.9600,234.2300,233.9300,234.1600,6439.0000,234.0630,43
2026-08-12 18:00:15,NBIS,234.1600,234.2500,234.0000,234.2500,2368.0000,234.0920,17
2026-08-12 18:00:20,NBIS,234.2200,234.2500,234.1000,234.1000,1605.0000,234.1950,11
2026-08-12 18:00:25,NBIS,233.9000,233.9000,233.7000,233.7000,2939.0000,233.8070,14
2026-08-12 18:00:30,NBIS,233.7100,233.7100,233.5800,233.6000,900.0000,233.6580,9
2026-08-12 18:00:35,NBIS,233.6000,233.8000,233.5000,233.8000,3943.0000,233.5810,26
2026-08-12 18:00:40,NBIS,233.7100,233.8000,233.4000,233.7000,9450.0000,233.6240,73
2026-08-12 18:00:45,NBIS,233.7300,233.7500,233.6200,233.7200,845.0000,233.6990,6
2026-08-12 18:00:50,NBIS,233.7200,233.8000,233.7100,233.7300,2113.0000,233.7590,9
2026-08-12 18:00:55,NBIS,233.7900,233.9900,233.7600,233.9000,5815.0000,233.8400,29
2026-08-12 18:01:00,NBIS,233.8900,233.9200,233.7400,233.7400,2478.0000,233.8520,19
2026-08-12 18:01:05,NBIS,233.7900,233.7900,233.5000,233.5300,2650.0000,233.5810,23
2026-08-12 18:01:10,NBIS,233.5900,233.6600,233.3300,233.5300,2488.0000,233.5110,15
2026-08-12 18:01:15,NBIS,233.6200,233.6800,233.4700,233.4700,4402.0000,233.6490,17
2026-08-12 18:01:20,NBIS,233.5500,233.7400,233.4500,233.6500,3979.0000,233.6250,24
2026-08-12 18:01:25,NBIS,233.7800,233.7800,233.5300,233.5300,2079.0000,233.6260,9
2026-08-12 18:01:30,NBIS,233.6800,233.7800,233.6600,233.7700,1736.0000,233.7070,17
2026-08-12 18:01:35,NBIS,233.8500,233.8900,233.6300,233.7000,7989.0000,233.6680,51
2026-08-12 18:01:40,NBIS,233.6700,233.7500,233.5800,233.6800,2920.0000,233.6840,18
2026-08-12 18:01:45,NBIS,233.6800,234.0100,233.5300,234.0100,2928.0000,233.7450,14
2026-08-12 18:01:50,NBIS,233.8800,234.3000,233.8800,234.3000,5005.0000,234.1340,28
2026-08-12 18:01:55,NBIS,234.1500,234.3000,233.9900,234.1400,1961.0000,234.1550,13
2026-08-12 18:02:00,NBIS,234.1400,234.5000,234.1400,234.4900,9905.0000,234.3530,40
2026-08-12 18:02:05,NBIS,234.2200,234.5800,234.2200,234.3600,10407.0000,234.4410,56
2026-08-12 18:02:10,NBIS,234.3700,234.3700,234.1500,234.1500,2101.0000,234.2340,18
2026-08-12 18:02:15,NBIS,234.1700,234.2400,234.0500,234.2400,5966.0000,234.1170,24
2026-08-12 18:02:20,NBIS,234.3500,234.3800,234.2000,234.3800,756.0000,234.3080,7
2026-08-12 18:02:25,NBIS,234.2500,234.4600,234.2500,234.4500,1494.0000,234.3080,5
2026-08-12 18:02:30,NBIS,234.5000,234.6000,234.3300,234.4900,2919.0000,234.4490,14
2026-08-12 18:02:35,NBIS,234.4800,234.6000,234.3800,234.4400,1285.0000,234.5070,11
2026-08-12 18:02:40,NBIS,234.5300,234.9200,234.5300,234.8000,13329.0000,234.8060,50
2026-08-12 18:02:45,NBIS,234.8000,234.8000,234.6400,234.6800,2026.0000,234.6830,15
2026-08-12 18:02:50,NBIS,234.6400,234.7900,234.6400,234.7200,650.0000,234.7230,6
2026-08-12 18:02:55,NBIS,234.7200,234.7900,234.7000,234.7000,3325.0000,234.7200,16
2026-08-12 18:03:00,NBIS,234.7200,235.1500,234.6400,235.1300,39890.0000,234.9900,130
2026-08-12 18:03:05,NBIS,235.1400,235.2000,234.7400,234.8100,12765.0000,235.0880,85
2026-08-12 18:03:10,NBIS,234.8200,234.8900,234.7100,234.7100,1242.0000,234.7700,8
2026-08-12 18:03:15,NBIS,234.6900,234.7500,234.3800,234.5800,2599.0000,234.6060,17
2026-08-12 18:03:20,NBIS,234.3400,234.6500,234.2800,234.5100,5621.0000,234.4170,30
2026-08-12 18:03:25,NBIS,234.7200,234.7600,234.5000,234.6400,2163.0000,234.5880,7
2026-08-12 18:03:30,NBIS,234.6200,234.6400,234.5100,234.6400,2050.0000,234.5810,5
2026-08-12 18:03:35,NBIS,234.6200,234.7600,234.5300,234.7400,2912.0000,234.6540,20
2026-08-12 18:03:40,NBIS,234.7300,234.7600,234.6200,234.7000,2269.0000,234.7130,15
2026-08-12 18:03:45,NBIS,234.7300,234.9200,234.7300,234.9200,1800.0000,234.8000,11
2026-08-12 18:03:50,NBIS,234.7700,234.9000,234.6600,234.7500,2299.0000,234.7540,13
2026-08-12 18:03:55,NBIS,234.6100,234.7200,234.5600,234.5700,2474.0000,234.6260,14
2026-08-12 18:04:00,NBIS,234.5600,234.5600,234.3300,234.4000,2820.0000,234.4200,17
2026-08-12 18:04:05,NBIS,234.4000,234.6000,234.2700,234.6000,3630.0000,234.3880,18
2026-08-12 18:04:10,NBIS,234.4900,234.7500,234.4800,234.7500,762.0000,234.6000,7
2026-08-12 18:04:15,NBIS,234.6400,234.9000,234.5400,234.7700,3101.0000,234.7280,13
2026-08-12 18:04:20,NBIS,234.9000,235.2000,234.8100,234.9600,16651.0000,234.9160,55
2026-08-12 18:04:25,NBIS,234.9500,235.0000,234.7300,234.7300,3189.0000,234.8670,24
2026-08-12 18:04:30,NBIS,234.7400,235.0000,234.6700,234.7300,1687.0000,234.7650,10
2026-08-12 18:04:35,NBIS,234.6900,234.7300,234.6500,234.7300,950.0000,234.7030,6
2026-08-12 18:04:40,NBIS,234.8100,234.8800,234.7600,234.7600,786.0000,234.8300,6
2026-08-12 18:04:45,NBIS,234.6400,234.8200,234.6400,234.8200,650.0000,234.7650,2
2026-08-12 18:04:50,NBIS,234.9100,234.9300,234.6300,234.9300,3244.0000,234.7680,14
2026-08-12 18:04:55,NBIS,234.8100,235.2900,234.8000,235.0000,10985.0000,235.1120,60
2026-08-12 18:05:00,NBIS,235.0000,235.1800,234.9600,234.9600,4996.0000,235.0350,25
2026-08-12 18:05:05,NBIS,235.0400,235.4500,234.9700,235.4500,4820.0000,235.2550,25
2026-08-12 18:05:10,NBIS,235.4600,235.5900,235.2500,235.3800,11774.0000,235.4920,71
2026-08-12 18:05:15,NBIS,235.4600,235.5800,235.3300,235.5800,5642.0000,235.4640,30
2026-08-12 18:05:20,NBIS,235.4700,235.7000,235.4100,235.6000,18429.0000,235.5880,98
2026-08-12 18:05:25,NBIS,235.6000,235.7000,235.3700,235.3700,8703.0000,235.5810,28
2026-08-12 18:05:30,NBIS,235.4700,235.6500,235.4000,235.5200,3987.0000,235.5140,19
2026-08-12 18:05:35,NBIS,235.5000,235.7000,235.3800,235.7000,4628.0000,235.5280,26
2026-08-12 18:05:40,NBIS,235.6200,235.7000,235.5200,235.6100,5274.0000,235.6360,27
2026-08-12 18:05:45,NBIS,235.6800,235.7500,235.3000,235.3800,8408.0000,235.5200,49
2026-08-12 18:05:50,NBIS,235.4400,235.5200,235.3700,235.4300,1254.0000,235.4820,10
2026-08-12 18:05:55,NBIS,235.3600,235.3900,235.0400,235.2200,8198.0000,235.1560,41
2026-08-12 18:06:00,NBIS,235.2500,235.3000,235.0300,235.2700,5848.0000,235.1970,37
2026-08-12 18:06:05,NBIS,235.2200,235.3400,235.2200,235.2800,1130.0000,235.2430,8
2026-08-12 18:06:10,NBIS,235.2400,235.3500,235.1900,235.1900,800.0000,235.2470,7
2026-08-12 18:06:15,NBIS,235.2700,235.2700,235.1200,235.1200,2915.0000,235.1850,15
2026-08-12 18:06:20,NBIS,235.2000,235.3500,235.2000,235.3500,2140.0000,235.2960,9
2026-08-12 18:06:25,NBIS,235.3500,235.3500,235.2500,235.3500,2278.0000,235.3000,14
2026-08-12 18:06:30,NBIS,235.3200,235.3200,235.0600,235.2200,4778.0000,235.2380,32
2026-08-12 18:06:35,NBIS,235.2100,235.4100,235.2100,235.3600,2155.0000,235.3120,11
2026-08-12 18:06:40,NBIS,235.2400,235.3600,235.2400,235.2400,630.0000,235.2750,4
2026-08-12 18:06:45,NBIS,235.4600,235.4700,235.2500,235.3800,3631.0000,235.3460,10
2026-08-12 18:06:50,NBIS,235.3900,235.5000,235.2400,235.2500,3458.0000,235.3550,20
2026-08-12 18:06:55,NBIS,235.2800,235.4300,235.2200,235.4300,2964.0000,235.2920,13
2026-08-12 18:07:00,NBIS,235.4300,235.5000,235.2100,235.3300,3597.0000,235.4680,26
2026-08-12 18:07:05,NBIS,235.4300,235.5000,235.2700,235.4600,4137.0000,235.4480,19
2026-08-12 18:07:10,NBIS,235.4900,235.8200,235.3900,235.7000,8830.0000,235.6460,36
2026-08-12 18:07:15,NBIS,235.7000,235.8100,235.6100,235.7100,2206.0000,235.7230,16
2026-08-12 18:07:20,NBIS,235.7000,235.8500,235.6400,235.8300,13220.0000,235.7580,67
2026-08-12 18:07:25,NBIS,235.7400,235.8500,235.6300,235.7200,4243.0000,235.7670,18
2026-08-12 18:07:30,NBIS,235.6300,235.7900,235.5600,235.6800,3715.0000,235.6690,24
2026-08-12 18:07:35,NBIS,235.6800,235.7100,235.5800,235.6000,4825.0000,235.6340,23
2026-08-12 18:07:40,NBIS,235.6300,235.7400,235.5500,235.5900,4363.0000,235.6060,30
2026-08-12 18:07:45,NBIS,235.6100,235.9700,235.6000,235.7700,9932.0000,235.8230,54
2026-08-12 18:07:50,NBIS,235.9200,235.9200,235.8400,235.8400,2530.0000,235.8730,8
2026-08-12 18:07:55,NBIS,235.8400,236.4700,235.8300,236.3000,76884.0000,236.0850,311
2026-08-12 18:08:00,NBIS,236.2100,236.4800,236.2000,236.2500,6911.0000,236.3520,32
2026-08-12 18:08:05,NBIS,236.3400,236.3400,235.9500,236.1600,10987.0000,236.1330,63
2026-08-12 18:08:10,NBIS,236.2300,236.3300,236.0400,236.0400,8890.0000,236.2070,40
2026-08-12 18:08:15,NBIS,236.1400,236.2600,236.1400,236.2600,2912.0000,236.1990,17
2026-08-12 18:08:20,NBIS,236.2100,236.3500,236.2000,236.2800,1806.0000,236.2590,11
2026-08-12 18:08:25,NBIS,236.2300,236.2400,236.0400,236.2400,2810.0000,236.1600,18
2026-08-12 18:08:30,NBIS,236.1800,236.2600,236.1200,236.2100,2014.0000,236.1700,13
2026-08-12 18:08:35,NBIS,236.2100,236.3600,236.2100,236.3300,2349.0000,236.3090,19
2026-08-12 18:08:40,NBIS,236.3300,236.4500,235.9500,235.9500,7345.0000,236.1410,45
2026-08-12 18:08:45,NBIS,236.0200,236.1800,235.9100,235.9500,3183.0000,236.0020,17
2026-08-12 18:08:50,NBIS,236.0900,236.4700,235.9500,236.0400,5887.0000,236.1620,33
2026-08-12 18:08:55,NBIS,236.4500,236.7600,236.1900,236.6800,18501.0000,236.5700,80
2026-08-12 18:09:00,NBIS,236.6500,236.8000,236.3400,236.7700,43795.0000,236.6170,268
2026-08-12 18:09:05,NBIS,236.7300,236.7900,236.5200,236.6100,5937.0000,236.6640,38
2026-08-12 18:09:10,NBIS,236.6100,236.6100,236.2200,236.3700,6971.0000,236.4200,50
2026-08-12 18:09:15,NBIS,236.2400,236.2900,235.9000,235.9200,5103.0000,236.1010,34
2026-08-12 18:09:20,NBIS,235.9000,236.1100,235.9000,236.1100,3599.0000,235.9960,17
2026-08-12 18:09:25,NBIS,236.0900,236.1100,235.9000,235.9000,5667.0000,236.0640,28
2026-08-12 18:09:30,NBIS,235.9900,236.0100,235.8500,235.9700,8628.0000,235.9190,57
2026-08-12 18:09:35,NBIS,235.9400,236.1000,235.9300,236.1000,4710.0000,235.9890,40
2026-08-12 18:09:40,NBIS,235.9500,236.1000,235.9500,236.0000,2489.0000,235.9820,15
2026-08-12 18:09:45,NBIS,236.0000,236.1200,235.9800,236.0500,10580.0000,236.0350,52
2026-08-12 18:09:50,NBIS,236.0500,236.3600,236.0500,236.3100,6651.0000,236.2190,42
2026-08-12 18:09:55,NBIS,236.3700,236.3700,236.1800,236.2500,1302.0000,236.2550,10
2026-08-12 18:10:00,NBIS,236.1900,236.2300,236.1100,236.1600,3450.0000,236.1790,19
2026-08-12 18:10:05,NBIS,236.1200,236.2300,236.0500,236.1400,1317.0000,236.1670,9
2026-08-12 18:10:10,NBIS,236.1400,236.4700,236.1400,236.4700,5811.0000,236.2870,27
2026-08-12 18:10:15,NBIS,236.2200,236.7500,236.2200,236.6000,13222.0000,236.5440,41
2026-08-12 18:10:20,NBIS,236.5700,236.6900,236.1900,236.2000,4448.0000,236.4200,34
2026-08-12 18:10:25,NBIS,236.2400,236.5600,236.1200,236.5200,13538.0000,236.3480,55
2026-08-12 18:10:30,NBIS,236.5600,236.6400,236.4900,236.6400,1697.0000,236.5490,11
2026-08-12 18:10:35,NBIS,236.4700,236.5000,236.3100,236.3500,2105.0000,236.4150,12
2026-08-12 18:10:40,NBIS,236.4400,236.4400,236.0200,236.1400,7124.0000,236.2240,41
2026-08-12 18:10:45,NBIS,236.2000,236.2400,236.0400,236.1600,5169.0000,236.0680,13
2026-08-12 18:10:50,NBIS,236.1900,236.2300,236.0700,236.1400,3332.0000,236.1450,20
2026-08-12 18:10:55,NBIS,236.0500,236.1600,235.9800,236.0000,6625.0000,236.0100,37
2026-08-12 18:11:00,NBIS,236.0800,236.2000,236.0000,236.1100,4301.0000,236.0490,11
2026-08-12 18:11:05,NBIS,236.1000,236.3900,236.0000,236.2900,2684.0000,236.2100,20
2026-08-12 18:11:10,NBIS,236.5000,236.6600,236.5000,236.5500,4450.0000,236.5760,29
2026-08-12 18:11:15,NBIS,236.4300,236.6600,236.2900,236.6500,4147.0000,236.4560,30
2026-08-12 18:11:20,NBIS,236.6400,236.7300,236.4100,236.4100,5370.0000,236.6120,32
2026-08-12 18:11:25,NBIS,236.4900,236.5100,236.2400,236.2500,3332.0000,236.4200,16
2026-08-12 18:11:30,NBIS,236.3300,236.3300,236.0200,236.0400,3399.0000,236.1400,18
2026-08-12 18:11:35,NBIS,236.2200,236.2300,236.0300,236.0300,1618.0000,236.1170,8
2026-08-12 18:11:40,NBIS,236.0500,236.2500,235.9300,236.1300,12549.0000,236.0100,52
2026-08-12 18:11:45,NBIS,236.1200,236.1500,236.1200,236.1500,1400.0000,236.1290,14
2026-08-12 18:11:50,NBIS,236.1500,236.3300,236.1500,236.3300,16418.0000,236.1680,17
2026-08-12 18:11:55,NBIS,236.3900,236.5700,236.2800,236.5700,2791.0000,236.4250,21
2026-08-12 18:12:00,NBIS,236.5000,236.5600,236.3200,236.3600,2917.0000,236.4300,12
2026-08-12 18:12:05,NBIS,236.6000,236.6200,236.3200,236.4800,4608.0000,236.5660,13
2026-08-12 18:12:10,NBIS,236.5500,236.5800,236.4000,236.4600,2369.0000,236.4900,14
2026-08-12 18:12:15,NBIS,236.4000,236.5300,236.4000,236.5000,1550.0000,236.4910,11
2026-08-12 18:12:20,NBIS,236.5200,236.7300,236.5100,236.7300,2577.0000,236.6460,17
2026-08-12 18:12:25,NBIS,236.8000,236.8800,236.7000,236.8500,5387.0000,236.8050,27
2026-08-12 18:12:30,NBIS,236.7900,236.8600,236.7300,236.7900,3931.0000,236.7960,23
2026-08-12 18:12:35,NBIS,236.7700,236.9400,236.7000,236.8700,9481.0000,236.8110,61
2026-08-12 18:12:40,NBIS,236.8500,237.2000,236.8400,237.1100,36781.0000,237.0230,125
2026-08-12 18:12:45,NBIS,237.1500,237.2900,237.0100,237.0600,10313.0000,237.1600,69
2026-08-12 18:12:50,NBIS,237.1100,237.1900,236.9100,237.0800,5025.0000,237.0660,34
2026-08-12 18:12:55,NBIS,237.1100,237.2100,237.0900,237.2000,1867.0000,237.1320,15
2026-08-12 18:13:00,NBIS,237.2300,237.2700,237.0000,237.1700,10944.0000,237.1790,55
2026-08-12 18:13:05,NBIS,237.0200,237.2800,236.9700,237.1900,8890.0000,237.1860,53
2026-08-12 18:13:10,NBIS,237.2400,237.3600,237.2400,237.3500,5398.0000,237.3310,23
2026-08-12 18:13:15,NBIS,237.3300,237.3700,237.0000,237.1300,8904.0000,237.2490,49
2026-08-12 18:13:20,NBIS,237.0000,237.0600,236.9600,237.0000,5166.0000,237.0300,22
2026-08-12 18:13:25,NBIS,237.0300,237.0300,236.9200,236.9200,4099.0000,236.9850,21
2026-08-12 18:13:30,NBIS,236.9200,237.0600,236.9200,237.0000,2460.0000,236.9850,19
2026-08-12 18:13:35,NBIS,237.0000,237.0600,236.9300,237.0000,2839.0000,237.0000,16
2026-08-12 18:13:40,NBIS,236.9700,237.0700,236.9700,236.9800,1611.0000,237.0020,10
2026-08-12 18:13:45,NBIS,237.1000,237.3000,237.1000,237.1300,4576.0000,237.2330,24
2026-08-12 18:13:50,NBIS,237.1100,237.2400,237.1100,237.2100,2063.0000,237.1930,14
2026-08-12 18:13:55,NBIS,237.2500,237.4100,237.1400,237.3000,9953.0000,237.3080,40
2026-08-12 18:14:00,NBIS,237.3900,237.5000,237.3000,237.4500,12484.0000,237.4310,60
2026-08-12 18:14:05,NBIS,237.4800,237.6700,237.4100,237.5900,7346.0000,237.5970,37
2026-08-12 18:14:10,NBIS,237.5800,237.7400,237.5600,237.6200,5006.0000,237.6500,22
2026-08-12 18:14:15,NBIS,237.6900,237.8000,237.6300,237.7900,4535.0000,237.7170,20
2026-08-12 18:14:20,NBIS,237.7900,237.9000,237.7400,237.8200,7099.0000,237.8160,50
2026-08-12 18:14:25,NBIS,237.7400,237.8900,237.5100,237.5700,10973.0000,237.6750,48
2026-08-12 18:14:30,NBIS,237.5700,237.6300,237.4600,237.5600,4193.0000,237.5580,24
2026-08-12 18:14:35,NBIS,237.5400,237.7500,237.5400,237.6600,2926.0000,237.6430,20
2026-08-12 18:14:40,NBIS,237.6600,237.9000,237.5700,237.6700,11713.0000,237.8220,51
2026-08-12 18:14:45,NBIS,237.5200,237.6800,237.3900,237.5600,6613.0000,237.5210,35
2026-08-12 18:14:50,NBIS,237.6800,237.8000,237.5800,237.7900,4278.0000,237.6750,21
2026-08-12 18:14:55,NBIS,237.6300,237.8800,237.6300,237.8500,2141.0000,237.7840,15
2026-08-12 18:15:00,NBIS,237.8000,238.2500,237.6800,237.7000,41271.0000,237.9970,175
2026-08-12 18:15:05,NBIS,237.7100,237.8300,237.6300,237.8000,6742.0000,237.7510,35
2026-08-12 18:15:10,NBIS,237.8000,237.9000,237.6900,237.7700,3777.0000,237.7730,19
2026-08-12 18:15:15,NBIS,237.7700,237.8500,237.5800,237.6200,5993.0000,237.7110,39
2026-08-12 18:15:20,NBIS,237.7700,237.9500,237.7100,237.9200,4293.0000,237.8460,26
2026-08-12 18:15:25,NBIS,237.9500,237.9600,237.5500,237.5600,9401.0000,237.8570,65
2026-08-12 18:15:30,NBIS,237.5300,237.6700,237.4900,237.6500,8028.0000,237.5540,47
2026-08-12 18:15:35,NBIS,237.7300,237.7400,237.4700,237.5800,6898.0000,237.5450,39
2026-08-12 18:15:40,NBIS,237.6300,237.8000,237.5000,237.6500,3754.0000,237.6230,24
2026-08-12 18:15:45,NBIS,237.5300,237.6400,237.4300,237.5600,1581.0000,237.5890,13
2026-08-12 18:15:50,NBIS,237.5400,237.7000,237.4500,237.7000,2474.0000,237.6040,16
2026-08-12 18:15:55,NBIS,237.7600,237.7600,237.4000,237.5900,7872.0000,237.5620,36
2026-08-12 18:16:00,NBIS,237.4900,237.6900,237.4500,237.4800,3370.0000,237.5180,18
2026-08-12 18:16:05,NBIS,237.4800,237.6400,237.4100,237.6400,6005.0000,237.5120,30
2026-08-12 18:16:10,NBIS,237.5900,237.6100,237.5400,237.5800,3153.0000,237.5700,22
2026-08-12 18:16:15,NBIS,237.6000,237.6000,237.3700,237.4800,4368.0000,237.4940,28
2026-08-12 18:16:20,NBIS,237.3600,237.5000,237.3600,237.4700,3587.0000,237.4370,25
2026-08-12 18:16:25,NBIS,237.4300,237.8100,237.4300,237.6700,11370.0000,237.6170,48
2026-08-12 18:16:30,NBIS,237.5600,237.5900,237.4300,237.5400,3950.0000,237.5510,21
2026-08-12 18:16:35,NBIS,237.4700,237.6800,237.4700,237.5700,1600.0000,237.6060,5
2026-08-12 18:16:40,NBIS,237.5700,237.5700,237.5500,237.5500,990.0000,237.5660,4
2026-08-12 18:16:45,NBIS,237.5500,238.0000,237.5500,237.6700,7854.0000,237.8040,44
2026-08-12 18:16:50,NBIS,237.7400,237.7400,237.5000,237.5400,3263.0000,237.5720,25
2026-08-12 18:16:55,NBIS,237.5000,237.5400,237.4300,237.5400,2106.0000,237.4950,14
2026-08-12 18:17:00,NBIS,237.4700,237.5200,237.4600,237.5100,3667.0000,237.4870,23
2026-08-12 18:17:05,NBIS,237.6600,237.7200,237.6000,237.7100,1905.0000,237.6760,14
2026-08-12 18:17:10,NBIS,237.6200,237.6400,237.5600,237.6400,1498.0000,237.5910,7
2026-08-12 18:17:15,NBIS,237.5500,237.7100,237.5100,237.6500,3819.0000,237.6150,19
2026-08-12 18:17:20,NBIS,237.7800,237.8800,237.6500,237.8800,6333.0000,237.7910,11
2026-08-12 18:17:25,NBIS,237.7900,238.1800,237.7800,238.1500,11678.0000,238.0120,61
2026-08-12 18:17:30,NBIS,238.2000,238.4000,238.1800,238.3100,12932.0000,238.3160,55
2026-08-12 18:17:35,NBIS,238.3300,238.4700,238.0300,238.0500,16492.0000,238.3520,54
2026-08-12 18:17:40,NBIS,238.1000,238.2100,238.0900,238.1900,5118.0000,238.1460,21
2026-08-12 18:17:45,NBIS,238.2200,238.4900,238.1900,238.4000,7934.0000,238.4320,16
2026-08-12 18:17:50,NBIS,238.4900,238.5300,238.4500,238.5100,5032.0000,238.4890,26
2026-08-12 18:17:55,NBIS,238.5400,238.6400,238.4400,238.5900,6713.0000,238.5390,34
2026-08-12 18:18:00,NBIS,238.4800,238.7700,238.4800,238.5900,12713.0000,238.6760,41
2026-08-12 18:18:05,NBIS,238.6600,238.7500,238.5200,238.5200,8157.0000,238.6690,43
2026-08-12 18:18:10,NBIS,238.5500,238.5700,238.4100,238.5600,13175.0000,238.4730,41
2026-08-12 18:18:15,NBIS,238.5300,238.6000,238.4100,238.4800,2229.0000,238.5120,18
2026-08-12 18:18:20,NBIS,238.5000,238.9600,238.4600,238.9600,14816.0000,238.7730,89
2026-08-12 18:18:25,NBIS,238.6600,238.9500,238.6600,238.8800,2872.0000,238.8640,14
2026-08-12 18:18:30,NBIS,238.8400,238.8500,238.6700,238.8000,3761.0000,238.7790,27
2026-08-12 18:18:35,NBIS,238.7900,239.0600,238.7000,238.9800,39695.0000,238.9550,152
2026-08-12 18:18:40,NBIS,238.8400,238.9900,238.7900,238.8700,4152.0000,238.8790,31
2026-08-12 18:18:45,NBIS,238.9300,238.9300,238.6800,238.8500,7565.0000,238.8360,28
2026-08-12 18:18:50,NBIS,238.8300,238.9700,238.7600,238.8300,3517.0000,238.8550,26
2026-08-12 18:18:55,NBIS,238.8900,238.9500,238.7500,238.8600,3988.0000,238.8390,18
2026-08-12 18:19:00,NBIS,238.7700,238.8500,238.5800,238.6700,3891.0000,238.7110,31
2026-08-12 18:19:05,NBIS,238.6000,238.6800,238.4700,238.6800,8835.0000,238.5660,51
2026-08-12 18:19:10,NBIS,238.7300,238.8700,238.7000,238.8000,4213.0000,238.7910,28
2026-08-12 18:19:15,NBIS,238.7900,238.9200,238.7900,238.9000,5544.0000,238.8530,25
2026-08-12 18:19:20,NBIS,238.9200,238.9200,238.8600,238.8600,1832.0000,238.8970,11
2026-08-12 18:19:25,NBIS,238.8500,238.9200,238.7400,238.8200,7610.0000,238.8330,46
2026-08-12 18:19:30,NBIS,238.6900,238.9700,238.6400,238.9300,4558.0000,238.8480,29
2026-08-12 18:19:35,NBIS,238.9300,238.9800,238.7800,238.7800,3526.0000,238.8790,24
2026-08-12 18:19:40,NBIS,238.7800,238.7800,238.4900,238.5300,6840.0000,238.6190,36
2026-08-12 18:19:45,NBIS,238.5600,238.6800,238.5300,238.6100,5094.0000,238.5890,29
2026-08-12 18:19:50,NBIS,238.6100,238.6700,238.6000,238.6100,1250.0000,238.6200,10
2026-08-12 18:19:55,NBIS,238.5900,238.6100,238.4100,238.4100,10058.0000,238.5180,52
2026-08-12 18:20:00,NBIS,238.5000,238.8000,238.4500,238.7000,5664.0000,238.6510,38
2026-08-12 18:20:05,NBIS,238.7000,238.8000,238.6000,238.7600,2635.0000,238.7210,16
2026-08-12 18:20:10,NBIS,238.8200,238.9000,238.8000,238.8100,4372.0000,238.8480,26
2026-08-12 18:20:15,NBIS,238.9000,238.9800,238.7800,238.8400,4273.0000,238.9120,30
2026-08-12 18:20:20,NBIS,238.7500,238.8600,238.6800,238.8600,2549.0000,238.7600,15
2026-08-12 18:20:25,NBIS,238.7700,238.7800,238.6600,238.7200,2638.0000,238.7340,13
2026-08-12 18:20:30,NBIS,238.7800,238.8300,238.7000,238.8300,1689.0000,238.7880,12
2026-08-12 18:20:35,NBIS,238.8300,238.9000,238.7100,238.8300,3070.0000,238.8130,22
2026-08-12 18:20:40,NBIS,238.9500,238.9900,238.6600,238.8000,6441.0000,238.7890,40
2026-08-12 18:20:45,NBIS,238.7000,238.8300,238.6600,238.7900,1463.0000,238.7570,14
2026-08-12 18:20:50,NBIS,238.8400,239.1800,238.8300,238.8900,19002.0000,238.9860,109
2026-08-12 18:20:55,NBIS,238.8500,239.0700,238.8500,239.0100,3568.0000,239.0010,19
2026-08-12 18:21:00,NBIS,239.0100,239.0100,238.6600,238.6600,5676.0000,238.8150,38
2026-08-12 18:21:05,NBIS,238.7400,239.0000,238.6900,238.9600,7135.0000,238.8910,40
2026-08-12 18:21:10,NBIS,238.8500,239.0700,238.8500,239.0300,4767.0000,238.9520,15
2026-08-12 18:21:15,NBIS,239.0600,239.2200,239.0400,239.0800,6094.0000,239.1280,38
2026-08-12 18:21:20,NBIS,239.1000,239.3500,239.0000,239.2600,7699.0000,239.2320,38
2026-08-12 18:21:25,NBIS,239.3000,239.4800,239.2600,239.3800,10492.0000,239.3990,36
2026-08-12 18:21:30,NBIS,239.3600,239.4600,239.2400,239.3200,5933.0000,239.3730,40
2026-08-12 18:21:35,NBIS,239.2300,239.5000,239.2200,239.2600,9190.0000,239.3830,45
2026-08-12 18:21:40,NBIS,239.2500,239.6700,239.2200,239.6700,12598.0000,239.4750,50
2026-08-12 18:21:45,NBIS,239.7400,239.8000,239.6000,239.8000,16683.0000,239.7270,88
2026-08-12 18:21:50,NBIS,239.6700,239.8500,239.6700,239.8100,8014.0000,239.7680,47
2026-08-12 18:21:55,NBIS,239.8000,239.8100,239.5400,239.7700,8587.0000,239.7000,54
2026-08-12 18:22:00,NBIS,239.8000,239.8100,239.5800,239.6400,4893.0000,239.7210,26
2026-08-12 18:22:05,NBIS,239.7300,239.7300,239.4200,239.5200,7533.0000,239.5180,38
2026-08-12 18:22:10,NBIS,239.4400,239.5000,239.3300,239.4300,9399.0000,239.3960,45
2026-08-12 18:22:15,NBIS,239.3600,239.4200,239.1900,239.3700,5884.0000,239.2860,38
2026-08-12 18:22:20,NBIS,239.2300,239.4800,239.2100,239.2700,7322.0000,239.3520,54
2026-08-12 18:22:25,NBIS,239.2300,239.4400,239.2000,239.3300,4202.0000,239.3140,26
2026-08-12 18:22:30,NBIS,239.3300,239.3700,239.0000,239.0400,22672.0000,239.0530,73
2026-08-12 18:22:35,NBIS,238.9800,239.0700,238.8000,238.8800,9578.0000,238.9330,52
2026-08-12 18:22:40,NBIS,238.9100,239.0000,238.7400,239.0000,6583.0000,238.8430,30
2026-08-12 18:22:45,NBIS,239.0000,239.1800,238.8900,239.1800,4426.0000,239.0420,22
2026-08-12 18:22:50,NBIS,239.0400,239.1100,238.9600,238.9600,2776.0000,239.0370,16
2026-08-12 18:22:55,NBIS,239.0100,239.0100,238.8200,238.9000,3150.0000,238.9590,19
2026-08-12 18:23:00,NBIS,238.9600,239.0100,238.8300,238.9900,6857.0000,238.9510,24
2026-08-12 18:23:05,NBIS,238.9600,239.2000,238.9600,239.0500,6333.0000,239.0630,32
2026-08-12 18:23:10,NBIS,239.0900,239.1800,239.0300,239.1500,2717.0000,239.1340,22
2026-08-12 18:23:15,NBIS,239.1300,239.2000,239.0000,239.0700,4295.0000,239.0980,17
2026-08-12 18:23:20,NBIS,239.1700,239.1700,238.9000,238.9000,3237.0000,239.0040,20
2026-08-12 18:23:25,NBIS,238.9300,239.1500,238.8800,239.1500,7984.0000,238.9950,38
2026-08-12 18:23:30,NBIS,239.0500,239.2000,238.9000,238.9900,1866.0000,239.0480,11
2026-08-12 18:23:35,NBIS,239.1100,239.2400,239.1000,239.2400,2746.0000,239.1810,19
2026-08-12 18:23:40,NBIS,239.1000,239.1900,238.9700,239.1000,8754.0000,239.0390,53
2026-08-12 18:23:45,NBIS,239.0400,239.1300,239.0400,239.1100,3864.0000,239.0710,18
2026-08-12 18:23:50,NBIS,239.0200,239.1300,239.0200,239.0700,960.0000,239.0600,6
2026-08-12 18:23:55,NBIS,239.0700,239.1200,238.9300,239.0700,4665.0000,239.0040,25
2026-08-12 18:24:00,NBIS,239.0200,239.2900,238.9300,239.2300,2386.0000,239.0580,13
2026-08-12 18:24:05,NBIS,239.2800,239.3300,239.1700,239.2300,4218.0000,239.2510,24
2026-08-12 18:24:10,NBIS,239.2600,239.3700,239.1600,239.3700,6465.0000,239.2160,26
2026-08-12 18:24:15,NBIS,239.2700,239.2700,238.4600,238.6300,16152.0000,238.7950,84
2026-08-12 18:24:20,NBIS,238.5100,238.6000,238.4100,238.5000,5715.0000,238.5030,31
2026-08-12 18:24:25,NBIS,238.5000,238.5600,238.4000,238.5400,3255.0000,238.4840,15
2026-08-12 18:24:30,NBIS,238.5700,238.8100,238.4300,238.5200,9317.0000,238.5770,39
2026-08-12 18:24:35,NBIS,238.5800,238.7100,238.5200,238.7100,1654.0000,238.6080,12
2026-08-12 18:24:40,NBIS,238.6300,238.7400,238.5500,238.5500,5066.0000,238.6480,32
2026-08-12 18:24:45,NBIS,238.5500,238.6800,238.5000,238.5300,3870.0000,238.5720,22
2026-08-12 18:24:50,NBIS,238.5000,238.5200,238.4900,238.5200,1160.0000,238.5080,6
2026-08-12 18:24:55,NBIS,238.4000,238.4400,238.3000,238.3100,7233.0000,238.3570,42
2026-08-12 18:25:00,NBIS,238.3000,238.4700,238.0000,238.2200,14331.0000,238.1930,87
2026-08-12 18:25:05,NBIS,238.2700,238.4200,238.1500,238.4200,6580.0000,238.2410,32
2026-08-12 18:25:10,NBIS,238.3100,238.4200,238.0800,238.0800,8517.0000,238.2160,47
2026-08-12 18:25:15,NBIS,238.2000,238.5300,238.1600,238.1800,6809.0000,238.4010,39
2026-08-12 18:25:20,NBIS,238.3400,238.4800,238.1900,238.4500,1328.0000,238.3760,9
2026-08-12 18:25:25,NBIS,238.4300,238.8000,238.4200,238.7000,5677.0000,238.6180,28
2026-08-12 18:25:30,NBIS,238.8000,238.8700,238.6200,238.7500,1918.0000,238.7380,15
2026-08-12 18:25:35,NBIS,238.8400,238.9100,238.6400,238.8000,1811.0000,238.8150,14
2026-08-12 18:25:40,NBIS,238.8000,238.9100,238.6300,238.6700,2626.0000,238.7300,23
2026-08-12 18:25:45,NBIS,238.7100,238.9100,238.6300,238.7400,2658.0000,238.7230,15
2026-08-12 18:25:50,NBIS,238.7000,238.8900,238.6600,238.7800,2426.0000,238.7990,10
2026-08-12 18:25:55,NBIS,238.8400,238.8500,238.7000,238.7100,1900.0000,238.7860,12
2026-08-12 18:26:00,NBIS,238.6700,238.7200,238.6600,238.6700,3200.0000,238.7080,26
2026-08-12 18:26:05,NBIS,238.7200,238.7800,238.6900,238.7000,2792.0000,238.7420,14
2026-08-12 18:26:10,NBIS,238.6300,238.6700,238.4700,238.4900,2270.0000,238.5760,15
2026-08-12 18:26:15,NBIS,238.3600,238.4900,238.3400,238.4900,4919.0000,238.4700,28
2026-08-12 18:26:20,NBIS,238.4800,238.5500,238.4700,238.5000,1255.0000,238.5180,10
2026-08-12 18:26:25,NBIS,238.5600,238.5900,238.2000,238.4300,3141.0000,238.4110,25
2026-08-12 18:26:30,NBIS,238.3900,238.4000,238.2000,238.4000,560.0000,238.3050,4
2026-08-12 18:26:35,NBIS,238.3500,238.4000,238.2000,238.3900,1894.0000,238.3210,11
2026-08-12 18:26:40,NBIS,238.3100,238.3100,238.0400,238.2800,3397.0000,238.1730,25
2026-08-12 18:26:45,NBIS,238.2800,238.2800,238.1400,238.2200,2026.0000,238.2150,11
2026-08-12 18:26:50,NBIS,238.2000,238.2700,238.1700,238.2000,1676.0000,238.2080,11
2026-08-12 18:26:55,NBIS,238.1000,238.2000,238.0100,238.0200,2733.0000,238.0810,19
2026-08-12 18:27:00,NBIS,238.1200,238.2900,237.8900,238.2900,14859.0000,238.0380,78
2026-08-12 18:27:05,NBIS,238.1100,238.4000,238.1000,238.2500,5923.0000,238.2580,37
2026-08-12 18:27:10,NBIS,238.2000,238.3000,238.1000,238.2000,1747.0000,238.1940,12
2026-08-12 18:27:15,NBIS,238.1500,238.2600,238.0900,238.1800,3315.0000,238.2020,18
2026-08-12 18:27:20,NBIS,238.2200,238.2800,238.2100,238.2100,2077.0000,238.2360,14
2026-08-12 18:27:25,NBIS,238.2600,238.3600,238.2200,238.2800,10858.0000,238.3000,55
2026-08-12 18:27:30,NBIS,238.2800,238.4200,238.2700,238.4200,4921.0000,238.3700,26
2026-08-12 18:27:35,NBIS,238.3600,238.4200,238.3500,238.3600,1748.0000,238.3660,13
2026-08-12 18:27:40,NBIS,238.3900,238.6000,238.3000,238.5700,3772.0000,238.4930,28
2026-08-12 18:27:45,NBIS,238.5700,238.6000,238.5600,238.5700,1082.0000,238.5680,7
2026-08-12 18:27:50,NBIS,238.5100,238.5400,238.3500,238.4200,1612.0000,238.4600,13
2026-08-12 18:27:55,NBIS,238.3200,238.4500,238.2700,238.3300,3969.0000,238.3840,11
2026-08-12 18:28:00,NBIS,238.3800,238.3800,238.2500,238.2500,1329.0000,238.2970,9
2026-08-12 18:28:05,NBIS,238.1400,238.3100,238.1400,238.1500,1265.0000,238.2350,9
2026-08-12 18:28:10,NBIS,238.2500,238.3000,238.1600,238.2000,800.0000,238.2220,7
2026-08-12 18:28:15,NBIS,238.2000,238.3500,238.2000,238.3500,1361.0000,238.2690,10
2026-08-12 18:28:20,NBIS,238.2300,238.3300,238.2300,238.2300,1800.0000,238.2560,16
2026-08-12 18:28:25,NBIS,238.3000,238.7000,238.2900,238.7000,7032.0000,238.4630,40
2026-08-12 18:28:30,NBIS,238.7700,238.8800,238.6400,238.8000,3835.0000,238.7980,18
2026-08-12 18:28:35,NBIS,238.7900,238.8900,238.5400,238.6100,3781.0000,238.7050,28
2026-08-12 18:28:40,NBIS,238.6100,238.7800,238.6000,238.6000,8919.0000,238.6580,35
2026-08-12 18:28:45,NBIS,238.6300,238.7100,238.5500,238.6100,1783.0000,238.6140,10
2026-08-12 18:28:50,NBIS,238.6100,238.9000,238.5500,238.8000,3083.0000,238.6820,24
2026-08-12 18:28:55,NBIS,238.7700,238.8700,238.5500,238.8600,2769.0000,238.7060,15
2026-08-12 18:29:00,NBIS,238.7700,238.9300,238.6000,238.8000,2880.0000,238.8520,11
2026-08-12 18:29:05,NBIS,238.8400,238.9700,238.7900,238.9700,4212.0000,238.8870,24
2026-08-12 18:29:10,NBIS,238.8800,239.0000,238.8100,238.8800,8149.0000,238.9490,56
2026-08-12 18:29:15,NBIS,238.9600,239.0000,238.8800,239.0000,1845.0000,238.9770,15
2026-08-12 18:29:20,NBIS,238.9700,239.0300,238.6400,238.7900,8484.0000,238.8780,50
2026-08-12 18:29:25,NBIS,238.7900,238.7900,238.7000,238.7000,1100.0000,238.7250,4
2026-08-12 18:29:30,NBIS,238.7100,238.9200,238.6100,238.8500,8000.0000,238.7290,43
2026-08-12 18:29:35,NBIS,238.8200,238.8600,238.7500,238.8600,1512.0000,238.7900,11
2026-08-12 18:29:40,NBIS,238.7000,238.8000,238.6600,238.7700,3345.0000,238.7550,16
2026-08-12 18:29:45,NBIS,238.9500,238.9500,238.7600,238.9000,2448.0000,238.8180,9
2026-08-12 18:29:50,NBIS,238.9300,239.2000,238.9300,239.1000,5793.0000,239.0650,29
2026-08-12 18:29:55,NBIS,239.1800,239.3800,239.0000,239.2800,6290.0000,239.2380,41
2026-08-12 18:30:00,NBIS,239.2800,239.3400,239.2800,239.2800,877.0000,239.2900,5
2026-08-12 18:30:05,NBIS,239.3600,239.3800,239.1800,239.2300,3978.0000,239.2880,31
2026-08-12 18:30:10,NBIS,239.1900,239.3600,239.1100,239.3600,4600.0000,239.2260,21
2026-08-12 18:30:15,NBIS,239.2000,239.2000,239.1400,239.1900,1363.0000,239.1730,8
2026-08-12 18:30:20,NBIS,239.1600,239.2300,239.1500,239.2100,1551.0000,239.1990,5
2026-08-12 18:30:25,NBIS,239.1900,239.1900,238.9800,239.0700,7922.0000,239.0380,48
2026-08-12 18:30:30,NBIS,239.0700,239.1500,239.0200,239.0500,2788.0000,239.0660,16
2026-08-12 18:30:35,NBIS,239.0600,239.2900,239.0100,239.2600,3949.0000,239.1620,23
2026-08-12 18:30:40,NBIS,239.2000,239.3000,239.1300,239.1500,7729.0000,239.1810,35
2026-08-12 18:30:45,NBIS,239.2300,239.2800,239.0600,239.0600,2440.0000,239.1590,19
2026-08-12 18:30:50,NBIS,239.1400,239.1400,239.0500,239.1100,1293.0000,239.0970,9
2026-08-12 18:30:55,NBIS,239.1200,239.1300,238.8100,238.8700,6583.0000,238.9580,40
2026-08-12 18:31:00,NBIS,238.8700,239.0800,238.8600,239.0300,1402.0000,239.0010,13
2026-08-12 18:31:05,NBIS,239.0200,239.0200,238.9300,239.0200,550.0000,238.9770,4
2026-08-12 18:31:10,NBIS,239.0400,239.0500,238.9000,238.9700,2017.0000,238.9740,13
2026-08-12 18:31:15,NBIS,238.9800,238.9800,238.7000,238.8100,6866.0000,238.8110,49
2026-08-12 18:31:20,NBIS,238.8100,238.8100,238.7300,238.7500,2625.0000,238.7650,14
2026-08-12 18:31:25,NBIS,238.8200,238.9100,238.7800,238.8000,1669.0000,238.8230,13
2026-08-12 18:31:30,NBIS,238.8200,238.9900,238.8200,238.8600,2069.0000,238.9040,13
2026-08-12 18:31:35,NBIS,238.8800,238.9000,238.7300,238.8500,2673.0000,238.7950,23
2026-08-12 18:31:40,NBIS,238.8100,238.8800,238.6000,238.6400,3651.0000,238.7010,25
2026-08-12 18:31:45,NBIS,238.6400,238.7700,238.4000,238.5300,3481.0000,238.5010,24
2026-08-12 18:31:50,NBIS,238.4100,238.7800,238.4100,238.7100,1770.0000,238.6640,12
2026-08-12 18:31:55,NBIS,238.7200,238.7300,238.6300,238.6400,2709.0000,238.6760,17
2026-08-12 18:32:00,NBIS,238.6300,238.6900,238.6300,238.6300,1459.0000,238.6530,9
2026-08-12 18:32:05,NBIS,238.6200,238.8700,238.6200,238.7900,1888.0000,238.7560,15
2026-08-12 18:32:10,NBIS,238.7700,238.9100,238.7400,238.9000,2332.0000,238.8160,12
2026-08-12 18:32:15,NBIS,238.8300,238.9100,238.7100,238.7100,2130.0000,238.8110,17
2026-08-12 18:32:20,NBIS,238.7600,238.8100,238.7400,238.8100,700.0000,238.7800,5
2026-08-12 18:32:25,NBIS,238.7500,238.8900,238.7400,238.8400,1745.0000,238.8100,12
2026-08-12 18:32:30,NBIS,238.7800,238.8300,238.7200,238.8300,761.0000,238.7960,5
2026-08-12 18:32:35,NBIS,238.7500,238.9300,238.7500,238.9300,370.0000,238.8020,2
2026-08-12 18:32:40,NBIS,238.9300,238.9900,238.8500,238.9900,1364.0000,238.9450,10
2026-08-12 18:32:45,NBIS,238.8700,238.9400,238.8600,238.8700,2150.0000,238.8680,13
2026-08-12 18:32:50,NBIS,238.8700,238.8700,238.5400,238.8000,3386.0000,238.7060,28
2026-08-12 18:32:55,NBIS,238.8400,238.9600,238.8200,238.8400,3588.0000,238.9020,16
2026-08-12 18:33:00,NBIS,238.8100,238.8300,238.7200,238.8300,542.0000,238.7740,5
2026-08-12 18:33:05,NBIS,238.8100,238.9400,238.7500,238.7500,1707.0000,238.8320,16
2026-08-12 18:33:10,NBIS,238.7800,238.7800,238.7700,238.7800,219.0000,238.7770,2
2026-08-12 18:33:15,NBIS,238.7800,238.8300,238.7200,238.8300,855.0000,238.7720,5
2026-08-12 18:33:20,NBIS,238.7800,238.7800,238.6300,238.7300,1319.0000,238.7090,10
2026-08-12 18:33:25,NBIS,238.7300,238.7400,238.3300,238.4500,7744.0000,238.5160,44
2026-08-12 18:33:30,NBIS,238.3200,238.4200,238.2500,238.3500,1837.0000,238.3300,13
2026-08-12 18:33:35,NBIS,238.3300,238.4000,238.2600,238.2800,3004.0000,238.3020,17
2026-08-12 18:33:40,NBIS,238.2500,238.3800,238.0500,238.2900,3639.0000,238.2200,27
2026-08-12 18:33:45,NBIS,238.2300,238.5000,238.2200,238.3000,2088.0000,238.3220,14
2026-08-12 18:33:50,NBIS,238.3700,238.4200,238.2700,238.3200,1777.0000,238.3450,15
2026-08-12 18:33:55,NBIS,238.3200,238.3800,238.2800,238.3800,1099.0000,238.3160,10
2026-08-12 18:34:00,NBIS,238.3200,238.6100,238.3200,238.5000,3735.0000,238.4650,22
2026-08-12 18:34:05,NBIS,238.3700,238.5600,238.3700,238.5200,1918.0000,238.4940,11
2026-08-12 18:34:10,NBIS,238.5200,238.6000,238.4500,238.4700,11194.0000,238.5760,23
2026-08-12 18:34:15,NBIS,238.5700,238.6000,238.4200,238.4200,2246.0000,238.4630,17
2026-08-12 18:34:20,NBIS,238.4300,238.5700,238.1700,238.3100,4373.0000,238.3280,27
2026-08-12 18:34:25,NBIS,238.2100,238.3100,238.1600,238.3000,1982.0000,238.2490,16
2026-08-12 18:34:30,NBIS,238.2100,238.3000,238.1100,238.2000,3622.0000,238.1700,23
2026-08-12 18:34:35,NBIS,238.1500,238.3800,238.1100,238.3800,1500.0000,238.1770,13
2026-08-12 18:34:40,NBIS,238.3700,238.4000,238.0900,238.3500,2250.0000,238.2750,15
2026-08-12 18:34:45,NBIS,238.3200,238.7600,238.3200,238.7300,7836.0000,238.5370,39
2026-08-12 18:34:50,NBIS,238.6800,238.9200,238.6700,238.8300,4885.0000,238.8370,25
2026-08-12 18:34:55,NBIS,238.7600,238.7700,238.7000,238.7100,2006.0000,238.7500,15
2026-08-12 18:35:00,NBIS,238.7100,238.8700,238.6900,238.7500,2109.0000,238.7550,19
2026-08-12 18:35:05,NBIS,238.7600,239.0000,238.7500,238.9500,15473.0000,238.9770,108
2026-08-12 18:35:10,NBIS,238.9500,239.0000,238.7800,238.9400,4802.0000,238.8780,35
2026-08-12 18:35:15,NBIS,238.9400,239.2000,238.9400,239.1600,15377.0000,239.0280,98
2026-08-12 18:35:20,NBIS,239.1100,239.2500,239.0900,239.2400,3787.0000,239.1540,23
2026-08-12 18:35:25,NBIS,239.1200,239.4900,239.1200,239.2900,8505.0000,239.2860,48
2026-08-12 18:35:30,NBIS,239.3600,239.8000,239.3500,239.8000,12012.0000,239.6040,67
2026-08-12 18:35:35,NBIS,239.8000,239.9600,239.6500,239.8500,44319.0000,239.8260,223
2026-08-12 18:35:40,NBIS,239.8200,239.8500,239.5200,239.6600,20533.0000,239.6940,80
2026-08-12 18:35:45,NBIS,239.6700,239.8200,239.5800,239.6900,3596.0000,239.6910,16
2026-08-12 18:35:50,NBIS,239.7800,239.7800,239.5200,239.5800,5926.0000,239.6090,42
2026-08-12 18:35:55,NBIS,239.6100,239.6300,239.3400,239.3400,3372.0000,239.5140,19
2026-08-12 18:36:00,NBIS,239.3400,239.3700,239.0100,239.1300,3180.0000,239.1870,23
2026-08-12 18:36:05,NBIS,239.1500,239.2600,239.0500,239.1600,2659.0000,239.1160,15
2026-08-12 18:36:10,NBIS,239.1600,239.5000,239.1500,239.3900,2524.0000,239.2810,17
2026-08-12 18:36:15,NBIS,239.4600,239.4600,239.2400,239.3000,2500.0000,239.3550,17
2026-08-12 18:36:20,NBIS,239.3800,239.4500,239.1700,239.3100,21553.0000,239.2290,36
2026-08-12 18:36:25,NBIS,239.3600,239.4700,239.3600,239.4600,1709.0000,239.4100,14
2026-08-12 18:36:30,NBIS,239.3800,239.4200,239.2300,239.2300,6741.0000,239.3230,35
2026-08-12 18:36:35,NBIS,239.3400,239.3900,239.2600,239.3100,5624.0000,239.3420,31
2026-08-12 18:36:40,NBIS,239.2300,239.3900,239.2100,239.3100,2439.0000,239.2780,18
2026-08-12 18:36:45,NBIS,239.2400,239.2400,239.0500,239.1100,2803.0000,239.1210,15
2026-08-12 18:36:50,NBIS,239.1800,239.1800,238.8700,238.8800,5344.0000,239.0010,42
2026-08-12 18:36:55,NBIS,238.9100,238.9800,237.9100,238.1600,26969.0000,238.4600,168
2026-08-12 18:37:00,NBIS,238.4100,238.4100,237.9500,238.2900,2261.0000,238.1430,14
2026-08-12 18:37:05,NBIS,238.2500,238.3600,238.0000,238.3100,4096.0000,238.1890,26
2026-08-12 18:37:10,NBIS,238.2000,238.3500,238.0300,238.2700,4955.0000,238.2220,31
2026-08-12 18:37:15,NBIS,238.1600,238.3800,238.1300,238.3100,11472.0000,238.2720,67
2026-08-12 18:37:20,NBIS,238.2900,238.4300,238.2000,238.3400,4731.0000,238.3340,30
2026-08-12 18:37:25,NBIS,238.2000,238.5600,238.2000,238.5100,7907.0000,238.4060,30
2026-08-12 18:37:30,NBIS,238.5100,238.6300,238.4600,238.6300,5101.0000,238.5450,26
2026-08-12 18:37:35,NBIS,238.6000,238.6500,238.4400,238.5400,7581.0000,238.5750,47
2026-08-12 18:37:40,NBIS,238.5100,238.5400,238.4700,238.5300,5869.0000,238.5040,28
2026-08-12 18:37:45,NBIS,238.5200,238.5900,238.5200,238.5900,1448.0000,238.5510,8
2026-08-12 18:37:50,NBIS,238.5600,238.5900,238.4800,238.5900,5247.0000,238.5430,24
2026-08-12 18:37:55,NBIS,238.5700,238.6000,238.5200,238.5600,1416.0000,238.5580,10
2026-08-12 18:38:00,NBIS,238.5200,238.7400,238.5200,238.5700,5061.0000,238.6500,41
2026-08-12 18:38:05,NBIS,238.5700,238.5700,238.5200,238.5300,3353.0000,238.5510,20
2026-08-12 18:38:10,NBIS,238.4600,238.5700,238.2900,238.3600,3085.0000,238.4250,24
2026-08-12 18:38:15,NBIS,238.2600,238.3600,238.2300,238.3000,2760.0000,238.2680,13
2026-08-12 18:38:20,NBIS,238.2300,238.2400,238.1100,238.1800,4292.0000,238.1830,28
2026-08-12 18:38:25,NBIS,238.1600,238.3000,238.0700,238.3000,5587.0000,238.1350,26
2026-08-12 18:38:30,NBIS,238.1500,238.3500,238.1400,238.2100,2483.0000,238.2670,20
2026-08-12 18:38:35,NBIS,238.2600,238.3500,238.2600,238.2900,2180.0000,238.3180,7
2026-08-12 18:38:40,NBIS,238.2300,238.4400,238.2300,238.3700,4962.0000,238.3350,32
2026-08-12 18:38:45,NBIS,238.3800,238.5200,238.3300,238.3500,8608.0000,238.3970,51
2026-08-12 18:38:50,NBIS,238.3500,238.4600,238.2800,238.2800,2700.0000,238.3710,25
2026-08-12 18:38:55,NBIS,238.2100,238.3300,238.1400,238.1400,3865.0000,238.2050,30
2026-08-12 18:39:00,NBIS,238.1100,238.3000,238.1100,238.2700,2310.0000,238.2150,14
2026-08-12 18:39:05,NBIS,238.2500,238.3100,238.2000,238.2000,3013.0000,238.2710,23
2026-08-12 18:39:10,NBIS,238.3300,238.3300,238.1400,238.1400,4027.0000,238.2310,23
2026-08-12 18:39:15,NBIS,238.2600,238.2600,238.1300,238.1800,3363.0000,238.1730,22
2026-08-12 18:39:20,NBIS,238.1800,238.2000,238.1100,238.1500,2557.0000,238.1540,15
2026-08-12 18:39:25,NBIS,238.1600,238.4500,238.1300,238.4000,12008.0000,238.2980,61
2026-08-12 18:39:30,NBIS,238.4000,238.5000,238.3000,238.5000,4500.0000,238.4070,37
2026-08-12 18:39:35,NBIS,238.3400,238.4500,238.2100,238.3300,7244.0000,238.3450,46
2026-08-12 18:39:40,NBIS,238.4500,238.4500,238.2200,238.3400,1400.0000,238.3670,11
2026-08-12 18:39:45,NBIS,238.3000,238.3800,238.0500,238.0500,5980.0000,238.1560,46
2026-08-12 18:39:50,NBIS,238.1200,238.1200,237.7200,238.0500,13273.0000,237.8820,91
2026-08-12 18:39:55,NBIS,238.1100,238.1100,237.9900,238.0200,2786.0000,238.0380,13
2026-08-12 18:40:00,NBIS,238.0000,238.0600,238.0000,238.0300,1300.0000,238.0340,10
2026-08-12 18:40:05,NBIS,238.0400,238.1000,237.9400,237.9900,7710.0000,237.9860,27
2026-08-12 18:40:10,NBIS,237.9500,237.9900,237.7300,237.7300,3563.0000,237.8470,26
2026-08-12 18:40:15,NBIS,237.8700,238.0000,237.7800,238.0000,8379.0000,237.8990,51
2026-08-12 18:40:20,NBIS,238.0000,238.0000,237.8900,237.9200,2605.0000,237.9280,15
2026-08-12 18:40:25,NBIS,237.9100,238.2900,237.8900,238.2900,9694.0000,238.0670,38
2026-08-12 18:40:30,NBIS,238.2000,238.3100,238.1400,238.2700,2756.0000,238.2240,20
2026-08-12 18:40:35,NBIS,238.1600,238.2200,238.1300,238.1900,2601.0000,238.1620,23
2026-08-12 18:40:40,NBIS,238.2000,238.2000,238.1900,238.2000,950.0000,238.1980,5
2026-08-12 18:40:45,NBIS,238.2500,238.2800,238.1200,238.1900,3939.0000,238.1930,20
2026-08-12 18:40:50,NBIS,238.1900,238.1900,237.9600,237.9700,2145.0000,238.1030,19
2026-08-12 18:40:55,NBIS,238.0500,238.1100,237.7300,237.8600,6076.0000,237.8360,36
2026-08-12 18:41:00,NBIS,237.9200,237.9200,237.7600,237.8100,2888.0000,237.8380,22
2026-08-12 18:41:05,NBIS,237.8700,238.0900,237.8600,238.0500,2271.0000,238.0180,13
2026-08-12 18:41:10,NBIS,238.0100,238.0700,237.8900,237.8900,2492.0000,238.0280,12
2026-08-12 18:41:15,NBIS,237.9200,237.9800,237.4600,237.7200,17892.0000,237.6510,113
2026-08-12 18:41:20,NBIS,237.6500,237.8300,237.6300,237.7100,5915.0000,237.6800,35
2026-08-12 18:41:25,NBIS,237.6900,237.8200,237.6400,237.7100,5904.0000,237.7200,29
2026-08-12 18:41:30,NBIS,237.6500,237.7100,237.5100,237.7000,3383.0000,237.6280,18
2026-08-12 18:41:35,NBIS,237.6900,237.8600,237.6400,237.7100,4801.0000,237.7670,34
2026-08-12 18:41:40,NBIS,237.6600,237.7500,237.4800,237.6200,7333.0000,237.5770,59
2026-08-12 18:41:45,NBIS,237.4800,237.7100,237.4800,237.5500,1915.0000,237.5620,15
2026-08-12 18:41:50,NBIS,237.5500,237.7100,237.5200,237.7100,4555.0000,237.6200,23
2026-08-12 18:41:55,NBIS,237.6700,237.7700,237.5900,237.7500,4537.0000,237.7090,20
2026-08-12 18:42:00,NBIS,237.7500,237.8500,237.7000,237.7800,2870.0000,237.7390,8
2026-08-12 18:42:05,NBIS,237.7500,237.8800,237.6900,237.8000,2320.0000,237.8050,17
2026-08-12 18:42:10,NBIS,237.8000,238.0000,237.8000,237.8800,4791.0000,237.8990,17
2026-08-12 18:42:15,NBIS,237.9000,238.0500,237.8900,237.9200,5207.0000,237.9800,28
2026-08-12 18:42:20,NBIS,237.9600,238.0700,237.9000,237.9900,2890.0000,237.9720,22
2026-08-12 18:42:25,NBIS,237.9900,238.0000,237.9800,237.9900,418.0000,237.9910,4
2026-08-12 18:42:30,NBIS,238.0500,238.2400,237.9900,238.1300,2718.0000,238.1430,19
2026-08-12 18:42:35,NBIS,238.1400,238.2500,238.1000,238.2400,2200.0000,238.1720,10
2026-08-12 18:42:40,NBIS,238.2400,238.2500,238.1200,238.1500,4504.0000,238.1910,30
2026-08-12 18:42:45,NBIS,238.1200,238.2600,238.1200,238.2000,2635.0000,238.1610,16
2026-08-12 18:42:50,NBIS,238.2700,238.2700,238.1100,238.1600,4443.0000,238.1900,30
2026-08-12 18:42:55,NBIS,238.0800,238.3600,238.0800,238.3200,6281.0000,238.2420,30
2026-08-12 18:43:00,NBIS,238.3300,238.3900,238.2700,238.2800,7430.0000,238.3750,11
2026-08-12 18:43:05,NBIS,238.3200,238.3700,238.2400,238.2600,3756.0000,238.3040,18
2026-08-12 18:43:10,NBIS,238.3100,238.3600,238.2300,238.2300,1760.0000,238.2820,10
2026-08-12 18:43:15,NBIS,238.2600,238.3900,238.2600,238.3100,2434.0000,238.3150,18
2026-08-12 18:43:20,NBIS,238.3100,238.3800,238.2600,238.3500,2170.0000,238.3210,18
2026-08-12 18:43:25,NBIS,238.3500,238.4200,238.3300,238.4000,4988.0000,238.3740,34
2026-08-12 18:43:30,NBIS,238.4400,238.4800,238.2000,238.2600,3362.0000,238.3700,15
2026-08-12 18:43:35,NBIS,238.2600,238.4300,238.1900,238.2800,7402.0000,238.3540,28
2026-08-12 18:43:40,NBIS,238.3900,238.8600,238.2000,238.6600,13052.0000,238.6090,78
2026-08-12 18:43:45,NBIS,238.6600,238.7400,238.5400,238.5400,5340.0000,238.6510,25
2026-08-12 18:43:50,NBIS,238.5400,238.5900,238.4800,238.5900,4874.0000,238.5420,28
2026-08-12 18:43:55,NBIS,238.6000,238.6800,238.3200,238.4200,4454.0000,238.4750,31
2026-08-12 18:44:00,NBIS,238.3400,238.4300,238.3300,238.4300,1216.0000,238.3790,8
2026-08-12 18:44:05,NBIS,238.4200,238.5300,238.4200,238.4600,1515.0000,238.4740,11
2026-08-12 18:44:10,NBIS,238.4600,238.4600,238.2300,238.2300,4089.0000,238.3010,21
2026-08-12 18:44:15,NBIS,238.3200,238.3200,238.1300,238.2200,2384.0000,238.1820,15
2026-08-12 18:44:20,NBIS,238.1200,238.2300,238.0500,238.2300,2795.0000,238.1420,19
2026-08-12 18:44:25,NBIS,238.1900,238.1900,238.0200,238.0200,2211.0000,238.0600,14
2026-08-12 18:44:30,NBIS,238.0300,238.1400,238.0200,238.1400,1711.0000,238.0640,15
2026-08-12 18:44:35,NBIS,238.1100,238.2500,238.1000,238.2500,763.0000,238.1780,7
2026-08-12 18:44:40,NBIS,238.2200,238.3000,238.1600,238.2200,1753.0000,238.2300,8
2026-08-12 18:44:45,NBIS,238.2100,238.2600,238.1600,238.1700,1909.0000,238.2090,11
2026-08-12 18:44:50,NBIS,238.2000,238.2100,238.1100,238.2100,1032.0000,238.1950,8
2026-08-12 18:44:55,NBIS,238.3000,238.5000,238.2900,238.5000,3335.0000,238.3600,21
2026-08-12 18:45:00,NBIS,238.5400,238.7300,238.2700,238.4300,7705.0000,238.5400,34
2026-08-12 18:45:05,NBIS,238.7300,238.7800,238.6400,238.6500,3387.0000,238.6760,19
2026-08-12 18:45:10,NBIS,238.7300,238.7800,238.6500,238.7400,2295.0000,238.7120,13
2026-08-12 18:45:15,NBIS,238.8300,238.9800,238.7500,238.7900,2322.0000,238.8470,14
2026-08-12 18:45:20,NBIS,238.6700,238.7100,238.5900,238.6100,7045.0000,238.6430,41
2026-08-12 18:45:25,NBIS,238.5400,238.6200,238.5200,238.6200,1627.0000,238.5830,10
2026-08-12 18:45:30,NBIS,238.6500,238.6700,238.5400,238.6500,2376.0000,238.6080,14
2026-08-12 18:45:35,NBIS,238.5100,238.5900,238.5100,238.5800,530.0000,238.5690,4
2026-08-12 18:45:40,NBIS,238.6600,238.6700,238.2900,238.3700,3444.0000,238.4910,25
2026-08-12 18:45:45,NBIS,238.5200,238.6500,238.1200,238.2200,6365.0000,238.2740,18
2026-08-12 18:45:50,NBIS,238.2400,238.3100,238.2200,238.3100,800.0000,238.2810,3
2026-08-12 18:45:55,NBIS,238.3100,238.5400,238.2700,238.4600,4861.0000,238.4960,24
2026-08-12 18:46:00,NBIS,238.3700,238.4200,238.1800,238.3400,2598.0000,238.3540,17
2026-08-12 18:46:05,NBIS,238.1400,238.2400,238.1400,238.2400,200.0000,238.1900,2
2026-08-12 18:46:10,NBIS,238.1400,238.2100,238.0700,238.1500,3999.0000,238.1260,29
2026-08-12 18:46:15,NBIS,238.1500,238.3400,238.0500,238.2100,1299.0000,238.2270,11
2026-08-12 18:46:20,NBIS,238.2200,238.3000,238.0500,238.0600,1250.0000,238.1280,10
2026-08-12 18:46:25,NBIS,238.0900,238.1800,238.0500,238.0500,4839.0000,238.0640,15
2026-08-12 18:46:30,NBIS,238.0500,238.0600,237.7800,237.8000,8212.0000,237.9230,60
2026-08-12 18:46:35,NBIS,237.8000,237.9000,237.7800,237.7800,1254.0000,237.8340,10
2026-08-12 18:46:40,NBIS,237.7800,237.8200,237.7100,237.7500,1480.0000,237.7570,12
2026-08-12 18:46:45,NBIS,237.8100,238.1800,237.7200,237.9700,3205.0000,237.8870,17
2026-08-12 18:46:50,NBIS,238.0000,238.3400,238.0000,238.2100,2820.0000,238.1610,19
2026-08-12 18:46:55,NBIS,238.2100,238.2100,238.0800,238.1000,2400.0000,238.1620,17
2026-08-12 18:47:00,NBIS,238.2100,238.2100,238.1000,238.1000,515.0000,238.1540,4
2026-08-12 18:47:05,NBIS,238.0800,238.0900,238.0300,238.0600,1402.0000,238.0640,12
2026-08-12 18:47:10,NBIS,238.0300,238.0600,237.9800,237.9800,1222.0000,238.0250,11
2026-08-12 18:47:15,NBIS,237.9400,237.9400,237.9400,237.9400,240.0000,237.9400,2
2026-08-12 18:47:20,NBIS,237.9900,238.0000,237.8900,238.0000,4000.0000,237.9890,18
2026-08-12 18:47:25,NBIS,237.9800,238.4600,237.9700,238.2000,10352.0000,238.2420,33
2026-08-12 18:47:30,NBIS,238.3500,238.7100,238.3100,238.3200,9657.0000,238.4380,68
2026-08-12 18:47:35,NBIS,238.3200,238.6300,238.2200,238.5200,2949.0000,238.3470,15
2026-08-12 18:47:40,NBIS,238.5400,238.7100,238.3900,238.5500,1200.0000,238.5560,7
2026-08-12 18:47:45,NBIS,238.5500,238.5500,238.5500,238.5500,0.0000,238.5500,0
2026-08-12 18:47:50,NBIS,238.4400,238.8800,238.4400,238.6900,6021.0000,238.7430,31
2026-08-12 18:47:55,NBIS,238.5500,238.7800,238.4900,238.7000,4649.0000,238.6490,22
2026-08-12 18:48:00,NBIS,238.7000,238.7300,238.5600,238.6200,2378.0000,238.6330,19
2026-08-12 18:48:05,NBIS,238.5500,238.6200,238.5500,238.5500,300.0000,238.5730,3
2026-08-12 18:48:10,NBIS,238.6200,238.6900,238.4300,238.4900,2246.0000,238.5080,21
2026-08-12 18:48:15,NBIS,238.5400,239.4400,238.4900,239.3300,13498.0000,239.0610,82
2026-08-12 18:48:20,NBIS,239.4100,239.6700,239.2600,239.4300,16827.0000,239.4930,108
2026-08-12 18:48:25,NBIS,239.4300,239.5500,239.2300,239.2900,9705.0000,239.3560,36
2026-08-12 18:48:30,NBIS,239.2900,239.3500,239.1600,239.1700,3967.0000,239.2460,29
2026-08-12 18:48:35,NBIS,239.1400,239.3000,239.0800,239.2700,2859.0000,239.2020,22
2026-08-12 18:48:40,NBIS,239.2700,239.3000,239.0700,239.1500,8698.0000,239.1750,48
2026-08-12 18:48:45,NBIS,239.0400,239.1000,238.9400,239.0000,2471.0000,238.9990,16
2026-08-12 18:48:50,NBIS,239.0600,239.1200,238.7900,238.9200,9039.0000,239.0040,76
2026-08-12 18:48:55,NBIS,238.9300,239.1600,238.7900,238.8800,2878.0000,238.9570,14
2026-08-12 18:49:00,NBIS,238.8800,238.9600,238.8100,238.8900,1362.0000,238.8890,11
2026-08-12 18:49:05,NBIS,238.9000,238.9100,238.9000,238.9100,300.0000,238.9070,3
2026-08-12 18:49:10,NBIS,238.8500,239.0000,238.8500,239.0000,1488.0000,238.9200,5
2026-08-12 18:49:15,NBIS,239.0000,239.0800,238.8300,239.0200,3713.0000,238.9980,21
2026-08-12 18:49:20,NBIS,239.0200,239.0900,238.9300,238.9400,3650.0000,238.9800,32
2026-08-12 18:49:25,NBIS,239.0200,239.0200,238.8800,238.9300,2633.0000,238.9600,21
2026-08-12 18:49:30,NBIS,238.9300,238.9300,238.7600,238.9200,10066.0000,238.7930,42
2026-08-12 18:49:35,NBIS,238.9900,238.9900,238.8700,238.8800,1315.0000,238.9170,11
2026-08-12 18:49:40,NBIS,238.9300,238.9600,238.8100,238.9500,1879.0000,238.8990,15
2026-08-12 18:49:45,NBIS,238.7800,238.9800,238.7600,238.7600,500.0000,238.8490,5
2026-08-12 18:49:50,NBIS,238.7500,238.8600,238.7000,238.8600,2900.0000,238.7640,22
2026-08-12 18:49:55,NBIS,238.8600,238.9200,238.8600,238.9200,1235.0000,238.8650,5
2026-08-12 18:50:00,NBIS,238.8500,238.8500,238.7600,238.8300,1100.0000,238.8050,9
2026-08-12 18:50:05,NBIS,238.8000,239.0000,238.8000,238.9200,2891.0000,238.9290,17
2026-08-12 18:50:10,NBIS,239.0100,239.0100,238.8200,238.9000,2268.0000,238.8880,18
2026-08-12 18:50:15,NBIS,238.8000,239.0000,238.8000,238.8800,2010.0000,238.9530,14
2026-08-12 18:50:20,NBIS,238.8600,239.0800,238.8600,238.8600,1500.0000,239.0040,13
2026-08-12 18:50:25,NBIS,239.0100,239.1500,238.9800,239.0300,4599.0000,239.0560,38
2026-08-12 18:50:30,NBIS,239.0900,239.2100,239.0900,239.1900,2987.0000,239.1720,21
2026-08-12 18:50:35,NBIS,239.1900,239.2800,239.0600,239.0700,5760.0000,239.1240,28
2026-08-12 18:50:40,NBIS,239.0500,239.1300,238.9800,239.0700,2558.0000,239.0420,19
2026-08-12 18:50:45,NBIS,239.0700,239.2600,239.0500,239.1400,4745.0000,239.1230,16
2026-08-12 18:50:50,NBIS,239.0900,239.1900,239.0300,239.1500,3723.0000,239.1060,27
2026-08-12 18:50:55,NBIS,239.1100,239.1600,238.8200,238.8300,5812.0000,239.0130,51
2026-08-12 18:51:00,NBIS,238.8400,239.0800,238.8200,238.9500,1800.0000,238.9400,13
2026-08-12 18:51:05,NBIS,238.9500,238.9500,238.8000,238.8700,1500.0000,238.8680,13
2026-08-12 18:51:10,NBIS,238.8600,239.0200,238.8500,238.8600,1600.0000,238.9300,11
2026-08-12 18:51:15,NBIS,238.9700,239.0800,238.8600,239.0100,3069.0000,238.9580,17
2026-08-12 18:51:20,NBIS,239.0900,239.0900,238.9900,239.0800,326.0000,239.0470,3
2026-08-12 18:51:25,NBIS,239.0900,239.0900,239.0000,239.0800,2736.0000,239.0210,10
2026-08-12 18:51:30,NBIS,239.0900,239.1500,238.9100,239.0200,5867.0000,239.0380,29
2026-08-12 18:51:35,NBIS,238.9500,239.2500,238.9000,239.2000,3399.0000,239.1240,18
2026-08-12 18:51:40,NBIS,239.2100,239.4000,239.1600,239.3600,10002.0000,239.2850,24
2026-08-12 18:51:45,NBIS,239.3200,239.4100,239.3200,239.3500,1500.0000,239.3500,14
2026-08-12 18:51:50,NBIS,239.3500,239.5000,239.2500,239.4000,3332.0000,239.3790,16
2026-08-12 18:51:55,NBIS,239.4000,239.5000,239.3500,239.4600,1527.0000,239.4580,7
2026-08-12 18:52:00,NBIS,239.5000,239.6700,239.4500,239.5900,6923.0000,239.5740,39
2026-08-12 18:52:05,NBIS,239.5900,239.6900,239.4700,239.4700,7473.0000,239.6250,44
2026-08-12 18:52:10,NBIS,239.4700,239.6600,239.4200,239.5000,4756.0000,239.5620,25
2026-08-12 18:52:15,NBIS,239.4400,239.6200,239.3700,239.4100,4689.0000,239.4630,24
2026-08-12 18:52:20,NBIS,239.4300,239.5500,239.3600,239.5500,5708.0000,239.4850,22
2026-08-12 18:52:25,NBIS,239.3800,239.4500,239.3400,239.3900,8873.0000,239.3650,26
2026-08-12 18:52:30,NBIS,239.4500,239.5000,239.4100,239.4100,1000.0000,239.4500,5
2026-08-12 18:52:35,NBIS,239.5300,239.6600,239.4100,239.6600,2884.0000,239.5750,16
2026-08-12 18:52:40,NBIS,239.5800,239.6400,239.5300,239.6100,1324.0000,239.5860,8
2026-08-12 18:52:45,NBIS,239.5900,239.7600,239.5200,239.7000,5924.0000,239.6530,32
2026-08-12 18:52:50,NBIS,239.5500,239.7400,239.5500,239.7400,1004.0000,239.6310,7
2026-08-12 18:52:55,NBIS,239.6500,239.7100,239.5600,239.6700,4652.0000,239.5900,11
2026-08-12 18:53:00,NBIS,239.6700,239.7400,239.6300,239.7200,3310.0000,239.6820,18
2026-08-12 18:53:05,NBIS,239.7700,239.7900,239.5700,239.6800,5869.0000,239.7270,37
2026-08-12 18:53:10,NBIS,239.6200,239.6500,239.4500,239.6500,7401.0000,239.5850,40
2026-08-12 18:53:15,NBIS,239.6500,239.6600,239.5600,239.6600,1544.0000,239.6040,8
2026-08-12 18:53:20,NBIS,239.5700,239.5700,239.3800,239.5100,2571.0000,239.4600,22
2026-08-12 18:53:25,NBIS,239.4500,239.5300,239.4300,239.5200,1736.0000,239.4580,7
2026-08-12 18:53:30,NBIS,239.4400,239.6200,239.4400,239.6200,4190.0000,239.5410,13
2026-08-12 18:53:35,NBIS,239.5300,239.7700,239.5300,239.7200,3349.0000,239.6630,17
2026-08-12 18:53:40,NBIS,239.7200,239.7300,239.6500,239.7200,1284.0000,239.6880,8
2026-08-12 18:53:45,NBIS,239.7200,239.7900,239.6700,239.6800,4428.0000,239.7090,22
2026-08-12 18:53:50,NBIS,239.6500,239.6800,239.6100,239.6100,2636.0000,239.6340,16
2026-08-12 18:53:55,NBIS,239.6100,239.7600,239.6100,239.7500,3473.0000,239.6670,14
2026-08-12 18:54:00,NBIS,239.7300,239.9000,239.7300,239.8700,5017.0000,239.8240,23
2026-08-12 18:54:05,NBIS,239.8700,239.8800,239.7300,239.8200,1220.0000,239.8080,6
2026-08-12 18:54:10,NBIS,239.8600,239.8900,239.7300,239.8200,5174.0000,239.7860,33
2026-08-12 18:54:15,NBIS,239.7700,239.8400,239.5300,239.5500,5057.0000,239.7120,36
2026-08-12 18:54:20,NBIS,239.6200,239.9000,239.5300,239.7300,1619.0000,239.6850,13
2026-08-12 18:54:25,NBIS,239.6200,239.7000,239.4400,239.4400,2367.0000,239.5310,17
2026-08-12 18:54:30,NBIS,239.4600,239.7000,239.4400,239.5700,2530.0000,239.5260,15
2026-08-12 18:54:35,NBIS,239.5400,239.6100,239.5000,239.5500,1965.0000,239.5330,9
2026-08-12 18:54:40,NBIS,239.5000,239.6400,239.5000,239.6400,900.0000,239.5640,4
2026-08-12 18:54:45,NBIS,239.6400,239.7000,239.5800,239.7000,837.0000,239.6550,6
2026-08-12 18:54:50,NBIS,239.5800,239.7400,239.5800,239.5800,1519.0000,239.6110,10
2026-08-12 18:54:55,NBIS,239.6300,239.7200,239.6200,239.6700,428.0000,239.6680,4
2026-08-12 18:55:00,NBIS,239.7100,239.7500,239.6700,239.7100,2227.0000,239.6960,10
2026-08-12 18:55:05,NBIS,239.7100,239.7100,239.6100,239.6600,3804.0000,239.6820,29
2026-08-12 18:55:10,NBIS,239.7500,239.8000,239.7400,239.7500,2943.0000,239.7540,14
2026-08-12 18:55:15,NBIS,239.7100,240.6000,239.7100,240.4900,55195.0000,240.0760,216
2026-08-12 18:55:20,NBIS,240.5700,240.7500,240.3800,240.7400,9677.0000,240.6300,40
2026-08-12 18:55:25,NBIS,240.7200,240.9500,240.6700,240.8400,10911.0000,240.8270,48
2026-08-12 18:55:30,NBIS,240.8400,240.9200,240.6600,240.8900,8368.0000,240.7960,48
2026-08-12 18:55:35,NBIS,240.8800,241.3000,240.7400,241.2500,30964.0000,241.0730,179
2026-08-12 18:55:40,NBIS,241.2500,241.4700,241.2000,241.4000,10846.0000,241.3370,72
2026-08-12 18:55:45,NBIS,241.4600,241.5000,241.1700,241.2400,10897.0000,241.2640,58
2026-08-12 18:55:50,NBIS,241.1900,241.2400,241.0300,241.1700,7606.0000,241.1320,45
2026-08-12 18:55:55,NBIS,241.1700,241.2500,241.0600,241.2200,8323.0000,241.1540,40
2026-08-12 18:56:00,NBIS,241.1800,241.4800,241.1800,241.2200,9350.0000,241.3130,40
2026-08-12 18:56:05,NBIS,241.4700,241.5000,241.2800,241.2800,4344.0000,241.4000,26
2026-08-12 18:56:10,NBIS,241.3900,241.5000,241.3500,241.3500,3902.0000,241.4110,16
2026-08-12 18:56:15,NBIS,241.3500,241.5000,241.2500,241.5000,12365.0000,241.3580,79
2026-08-12 18:56:20,NBIS,241.4500,241.5800,241.3900,241.5500,7058.0000,241.4730,33
2026-08-12 18:56:25,NBIS,241.5500,241.5500,241.4100,241.4800,6247.0000,241.4970,37
2026-08-12 18:56:30,NBIS,241.4800,241.6600,241.4100,241.6200,6896.0000,241.5480,35
2026-08-12 18:56:35,NBIS,241.5800,241.6900,241.2500,241.3700,13128.0000,241.4760,80
2026-08-12 18:56:40,NBIS,241.3700,241.4500,241.3400,241.4500,4975.0000,241.3920,30
2026-08-12 18:56:45,NBIS,241.3500,241.4700,241.2600,241.3300,2935.0000,241.3670,21
2026-08-12 18:56:50,NBIS,241.3300,241.6000,241.3200,241.4700,7407.0000,241.4700,35
2026-08-12 18:56:55,NBIS,241.4700,241.5300,241.2200,241.3100,4662.0000,241.3200,31
2026-08-12 18:57:00,NBIS,241.3100,241.4500,241.3000,241.4500,1909.0000,241.3920,10
2026-08-12 18:57:05,NBIS,241.4000,241.6000,241.4000,241.5200,9037.0000,241.5080,39
2026-08-12 18:57:10,NBIS,241.6000,241.6300,241.3800,241.5600,13821.0000,241.5370,43
2026-08-12 18:57:15,NBIS,241.5500,241.5700,241.3500,241.4700,4049.0000,241.4980,19
2026-08-12 18:57:20,NBIS,241.4700,241.4700,241.1800,241.2700,6388.0000,241.3340,31
2026-08-12 18:57:25,NBIS,241.2700,241.4300,241.2300,241.4300,1600.0000,241.3420,8
2026-08-12 18:57:30,NBIS,241.4300,241.6300,241.4000,241.4900,11995.0000,241.5030,58
2026-08-12 18:57:35,NBIS,241.4100,241.5400,241.3600,241.4700,27330.0000,241.4380,119
2026-08-12 18:57:40,NBIS,241.5000,241.6900,241.4500,241.6300,4788.0000,241.5490,26
2026-08-12 18:57:45,NBIS,241.5600,241.7300,241.5600,241.6200,8077.0000,241.6530,30
2026-08-12 18:57:50,NBIS,241.5900,241.7000,241.5500,241.5800,6791.0000,241.6000,38
2026-08-12 18:57:55,NBIS,241.6000,241.6100,241.4500,241.5200,4666.0000,241.5250,32
2026-08-12 18:58:00,NBIS,241.4900,241.5500,241.3200,241.3200,5088.0000,241.4380,33
2026-08-12 18:58:05,NBIS,241.4400,241.5700,241.3100,241.4800,3178.0000,241.4630,18
2026-08-12 18:58:10,NBIS,241.4800,241.6000,241.4700,241.5100,4738.0000,241.5530,22
2026-08-12 18:58:15,NBIS,241.6000,241.6900,241.5700,241.6100,5706.0000,241.6040,20
2026-08-12 18:58:20,NBIS,241.6800,241.6800,241.6100,241.6100,1536.0000,241.6410,8
2026-08-12 18:58:25,NBIS,241.6500,241.7100,241.6500,241.7100,4007.0000,241.6780,20
2026-08-12 18:58:30,NBIS,241.7000,241.7100,241.5500,241.5900,6556.0000,241.6320,38
2026-08-12 18:58:35,NBIS,241.5900,241.6600,241.4500,241.5900,3554.0000,241.5550,25
2026-08-12 18:58:40,NBIS,241.5300,241.7300,241.5300,241.6700,7655.0000,241.6310,46
2026-08-12 18:58:45,NBIS,241.6600,241.9900,241.5900,241.8200,16000.0000,241.8660,74
2026-08-12 18:58:50,NBIS,241.9000,242.0000,241.7700,241.9900,15769.0000,241.9820,86
2026-08-12 18:58:55,NBIS,241.9900,242.3000,241.9300,242.3000,22719.0000,242.0900,72
2026-08-12 18:59:00,NBIS,242.2700,242.4800,242.0800,242.3400,29304.0000,242.2770,142
2026-08-12 18:59:05,NBIS,242.2500,242.3500,242.2500,242.3500,3530.0000,242.3070,14
2026-08-12 18:59:10,NBIS,242.3100,242.3500,242.2000,242.2600,11182.0000,242.2600,42
2026-08-12 18:59:15,NBIS,242.2400,242.5900,242.1900,242.4900,11040.0000,242.4410,57
2026-08-12 18:59:20,NBIS,242.5000,242.5800,242.4800,242.5400,8783.0000,242.5360,51
2026-08-12 18:59:25,NBIS,242.5700,242.5800,242.4100,242.4200,6660.0000,242.4940,45
2026-08-12 18:59:30,NBIS,242.4500,242.5000,242.0000,242.1200,31678.0000,242.3090,158
2026-08-12 18:59:35,NBIS,242.1200,242.2800,242.0500,242.1800,8726.0000,242.1410,49
2026-08-12 18:59:40,NBIS,242.1700,242.3800,242.1300,242.3500,8624.0000,242.3360,42
2026-08-12 18:59:45,NBIS,242.3600,242.4000,242.2800,242.3900,5633.0000,242.3560,33
2026-08-12 18:59:50,NBIS,242.3500,242.4100,242.3100,242.4100,3735.0000,242.3510,25
2026-08-12 18:59:55,NBIS,242.3700,242.5800,242.3700,242.5600,4429.0000,242.4960,28
2026-08-12 19:00:00,NBIS,242.5900,242.6000,242.3700,242.5000,15773.0000,242.4880,88
2026-08-12 19:00:05,NBIS,242.4500,242.5700,242.3500,242.4300,11439.0000,242.4450,58
2026-08-12 19:00:10,NBIS,242.3900,242.5000,242.3900,242.5000,2079.0000,242.4600,11
2026-08-12 19:00:15,NBIS,242.4500,242.4800,242.4100,242.4400,10213.0000,242.4480,44
2026-08-12 19:00:20,NBIS,242.5000,242.6600,242.4900,242.6600,8021.0000,242.5750,24
2026-08-12 19:00:25,NBIS,242.6100,242.7500,242.6000,242.7500,1652.0000,242.6820,13
2026-08-12 19:00:30,NBIS,242.7500,242.9500,242.6800,242.9400,10120.0000,242.8800,48
2026-08-12 19:00:35,NBIS,242.9400,243.1600,242.6700,243.1600,28388.0000,242.9400,145
2026-08-12 19:00:40,NBIS,243.1200,243.1800,242.6800,242.7500,17939.0000,242.8700,71
2026-08-12 19:00:45,NBIS,242.6900,242.7900,242.5600,242.7900,6215.0000,242.6580,30
2026-08-12 19:00:50,NBIS,242.8100,242.8100,242.6200,242.7400,6412.0000,242.7200,26
2026-08-12 19:00:55,NBIS,242.8100,242.9400,242.6600,242.9300,4037.0000,242.7930,18
2026-08-12 19:01:00,NBIS,242.8800,242.9900,242.8000,242.9900,3682.0000,242.8980,21
2026-08-12 19:01:05,NBIS,242.9100,243.1600,242.8200,243.1400,13165.0000,243.0020,57
2026-08-12 19:01:10,NBIS,243.1700,243.2000,242.9100,242.9800,14549.0000,243.0820,105
2026-08-12 19:01:15,NBIS,242.9600,242.9800,242.9300,242.9700,3333.0000,242.9630,17
2026-08-12 19:01:20,NBIS,242.9700,243.1000,242.7900,242.8700,9099.0000,242.9260,64
2026-08-12 19:01:25,NBIS,242.9300,243.2000,242.8500,243.0600,8544.0000,243.0380,42
2026-08-12 19:01:30,NBIS,243.0500,243.3300,243.0100,243.2900,5665.0000,243.2050,34
2026-08-12 19:01:35,NBIS,243.3600,243.6100,243.2000,243.6100,14806.0000,243.4590,76
2026-08-12 19:01:40,NBIS,243.6200,243.7500,243.5000,243.6000,28670.0000,243.6530,151
2026-08-12 19:01:45,NBIS,243.6600,243.8900,243.5100,243.6500,45119.0000,243.8040,161
2026-08-12 19:01:50,NBIS,243.6500,243.7700,243.5500,243.6100,14209.0000,243.6860,49
2026-08-12 19:01:55,NBIS,243.6100,243.6600,243.4500,243.5200,9871.0000,243.5530,38
2026-08-12 19:02:00,NBIS,243.5400,243.6100,243.3600,243.3900,6219.0000,243.4290,47
2026-08-12 19:02:05,NBIS,243.5000,243.8200,243.4900,243.8200,8961.0000,243.6600,53
2026-08-12 19:02:10,NBIS,243.7500,243.9500,243.6900,243.9500,15133.0000,243.8030,87
2026-08-12 19:02:15,NBIS,243.9100,243.9500,243.8100,243.8900,6447.0000,243.8900,30
2026-08-12 19:02:20,NBIS,243.8900,243.9900,243.7500,243.8400,13986.0000,243.8630,99
2026-08-12 19:02:25,NBIS,243.8200,243.9200,243.7800,243.8700,5340.0000,243.8680,26
2026-08-12 19:02:30,NBIS,243.8200,243.9200,243.8100,243.8700,4797.0000,243.8660,20
2026-08-12 19:02:35,NBIS,243.8700,243.9900,243.8500,243.9400,16306.0000,243.9360,65
2026-08-12 19:02:40,NBIS,243.9400,243.9900,243.9000,243.9400,6543.0000,243.9440,23
2026-08-12 19:02:45,NBIS,243.9500,243.9600,243.6300,243.6800,10348.0000,243.8350,66
2026-08-12 19:02:50,NBIS,243.6100,243.8000,243.5000,243.6100,8317.0000,243.5890,50
2026-08-12 19:02:55,NBIS,243.5800,243.6700,243.5000,243.5100,4251.0000,243.5560,28
2026-08-12 19:03:00,NBIS,243.5600,243.6800,243.4700,243.5400,10421.0000,243.5400,59
2026-08-12 19:03:05,NBIS,243.6100,243.7400,243.4800,243.4800,3580.0000,243.6140,19
2026-08-12 19:03:10,NBIS,243.4800,243.7200,243.4600,243.7200,5503.0000,243.5450,28
2026-08-12 19:03:15,NBIS,243.6000,243.8200,243.3100,243.4500,18954.0000,243.5140,133
2026-08-12 19:03:20,NBIS,243.5000,243.7700,243.5000,243.7200,3596.0000,243.6980,21
2026-08-12 19:03:25,NBIS,243.6100,243.7200,243.5500,243.5900,5887.0000,243.6230,28
2026-08-12 19:03:30,NBIS,243.7500,243.8000,243.6000,243.7100,4700.0000,243.7000,24
2026-08-12 19:03:35,NBIS,243.7100,243.8600,243.7000,243.8600,8849.0000,243.8060,55
2026-08-12 19:03:40,NBIS,243.8600,243.9100,243.6900,243.8500,8625.0000,243.8080,41
2026-08-12 19:03:45,NBIS,243.8800,243.9300,243.8100,243.8300,2778.0000,243.8750,17
2026-08-12 19:03:50,NBIS,243.8700,243.8700,243.5600,243.7100,10250.0000,243.7310,60
2026-08-12 19:03:55,NBIS,243.6600,243.7000,243.5200,243.5900,3076.0000,243.6010,24
2026-08-12 19:04:00,NBIS,243.5200,243.5200,243.3500,243.4500,6544.0000,243.4540,38
2026-08-12 19:04:05,NBIS,243.3300,243.4400,243.2000,243.2900,10589.0000,243.2850,51
2026-08-12 19:04:10,NBIS,243.3200,243.3400,243.2000,243.2600,5616.0000,243.2870,21
2026-08-12 19:04:15,NBIS,243.2600,243.4100,243.2000,243.3900,9564.0000,243.2570,31
2026-08-12 19:04:20,NBIS,243.3400,243.6200,243.3000,243.6200,5544.0000,243.3660,31
2026-08-12 19:04:25,NBIS,243.5400,243.6800,243.4500,243.5600,5281.0000,243.5570,31
2026-08-12 19:04:30,NBIS,243.6500,243.8700,243.6100,243.7800,23570.0000,243.7160,116
2026-08-12 19:04:35,NBIS,243.7400,243.8300,243.6300,243.7600,10316.0000,243.7300,45
2026-08-12 19:04:40,NBIS,243.6800,243.7500,243.4100,243.5300,5584.0000,243.5950,40
2026-08-12 19:04:45,NBIS,243.5300,243.5400,243.4000,243.4600,6142.0000,243.4500,40
2026-08-12 19:04:50,NBIS,243.5100,243.8700,243.3900,243.8300,6846.0000,243.5900,48
2026-08-12 19:04:55,NBIS,243.8400,243.8700,243.5200,243.5600,4656.0000,243.6170,32
2026-08-12 19:05:00,NBIS,243.5700,243.6100,243.3800,243.4300,5697.0000,243.4720,43
2026-08-12 19:05:05,NBIS,243.4300,243.4500,243.3100,243.4500,3702.0000,243.3870,26
2026-08-12 19:05:10,NBIS,243.3800,243.4300,243.3100,243.3200,1770.0000,243.3610,12
2026-08-12 19:05:15,NBIS,243.3600,243.6000,243.3200,243.4900,4725.0000,243.4030,26
2026-08-12 19:05:20,NBIS,243.5300,243.6200,243.4400,243.6100,3569.0000,243.5550,20
2026-08-12 19:05:25,NBIS,243.7500,244.0100,243.6700,243.9900,46331.0000,243.9190,107
2026-08-12 19:05:30,NBIS,243.9200,244.4000,243.8600,244.3600,20316.0000,244.2030,112
2026-08-12 19:05:35,NBIS,244.2900,244.3600,244.2100,244.3600,6922.0000,244.3090,31
2026-08-12 19:05:40,NBIS,244.3600,244.5600,244.3600,244.5400,24309.0000,244.4740,53
2026-08-12 19:05:45,NBIS,244.5400,244.8600,244.4700,244.8000,26726.0000,244.6450,139
2026-08-12 19:05:50,NBIS,244.8400,244.9000,244.6300,244.7700,8864.0000,244.7350,39
2026-08-12 19:05:55,NBIS,244.8600,244.9000,244.6900,244.8400,5940.0000,244.8230,21
2026-08-12 19:06:00,NBIS,244.8800,245.2100,244.8100,245.1900,59590.0000,244.9910,216
2026-08-12 19:06:05,NBIS,245.1600,245.5900,245.1600,245.5900,13884.0000,245.4040,49
2026-08-12 19:06:10,NBIS,245.5900,245.6700,245.3700,245.4400,15585.0000,245.4950,74
2026-08-12 19:06:15,NBIS,245.4300,245.5300,245.2200,245.4600,12634.0000,245.3680,61
2026-08-12 19:06:20,NBIS,245.5000,245.9300,245.5000,245.8800,13247.0000,245.6520,62
2026-08-12 19:06:25,NBIS,245.9000,246.0800,245.8600,245.9200,19971.0000,245.9650,96
2026-08-12 19:06:30,NBIS,245.9200,246.0700,245.8600,246.0700,10429.0000,245.9510,64
2026-08-12 19:06:35,NBIS,246.0300,246.2400,245.9700,246.1900,33487.0000,246.1800,156
2026-08-12 19:06:40,NBIS,246.2100,246.4000,246.1300,246.2400,11836.0000,246.2920,63
2026-08-12 19:06:45,NBIS,246.3200,246.5000,246.2400,246.3800,16625.0000,246.3180,74
2026-08-12 19:06:50,NBIS,246.4600,246.5900,246.3600,246.5800,10045.0000,246.4920,43
2026-08-12 19:06:55,NBIS,246.5500,246.7000,246.4900,246.6400,29336.0000,246.6000,150
2026-08-12 19:07:00,NBIS,246.6200,246.7400,246.5600,246.6500,17286.0000,246.6590,79
2026-08-12 19:07:05,NBIS,246.6100,246.7800,246.6000,246.7800,7719.0000,246.6750,41
2026-08-12 19:07:10,NBIS,246.7800,246.9600,246.7500,246.9600,9013.0000,246.8210,56
2026-08-12 19:07:15,NBIS,246.9900,247.2500,246.8400,247.2500,51265.0000,247.0170,195
2026-08-12 19:07:20,NBIS,247.0900,247.3800,246.9600,247.2900,18162.0000,247.1580,96
2026-08-12 19:07:25,NBIS,247.2900,247.6700,247.2900,247.6500,25214.0000,247.4650,97
2026-08-12 19:07:30,NBIS,247.6200,247.6800,247.2900,247.4900,27162.0000,247.5220,165
2026-08-12 19:07:35,NBIS,247.4000,247.4900,247.2200,247.2700,27871.0000,247.3320,136
2026-08-12 19:07:40,NBIS,247.3100,247.4400,247.2300,247.3200,20377.0000,247.3490,97
2026-08-12 19:07:45,NBIS,247.3300,247.4600,247.2600,247.3900,20246.0000,247.3650,39
2026-08-12 19:07:50,NBIS,247.3100,247.3600,247.0100,247.0100,26298.0000,247.1980,140
2026-08-12 19:07:55,NBIS,247.1100,247.4000,247.0100,247.0800,13475.0000,247.1500,64
2026-08-12 19:08:00,NBIS,247.0400,247.1100,246.7000,246.7100,22571.0000,246.8950,104
2026-08-12 19:08:05,NBIS,246.7500,247.0100,246.7000,246.9400,8180.0000,246.8740,47
2026-08-12 19:08:10,NBIS,247.0000,247.0500,246.7300,246.9200,9845.0000,246.9440,56
2026-08-12 19:08:15,NBIS,246.7800,247.2000,246.7800,247.1300,14862.0000,247.0690,50
2026-08-12 19:08:20,NBIS,247.1400,247.2100,246.7200,247.1200,17436.0000,246.9440,103
2026-08-12 19:08:25,NBIS,247.0000,247.1800,246.9600,247.1100,6812.0000,247.0570,32
2026-08-12 19:08:30,NBIS,247.2000,247.2300,247.0700,247.2300,5762.0000,247.1410,29
2026-08-12 19:08:35,NBIS,247.1000,247.4600,247.0900,247.3500,24641.0000,247.3820,85
2026-08-12 19:08:40,NBIS,247.3500,247.4600,247.1100,247.1100,15980.0000,247.2910,97
2026-08-12 19:08:45,NBIS,247.1700,247.5000,247.0600,247.3400,10510.0000,247.2310,55
2026-08-12 19:08:50,NBIS,247.5000,247.6000,247.3400,247.5900,6513.0000,247.5030,39
2026-08-12 19:08:55,NBIS,247.4300,247.5900,247.1600,247.3300,13650.0000,247.3820,84
2026-08-12 19:09:00,NBIS,247.3100,247.4200,247.2300,247.3900,8618.0000,247.2890,30
2026-08-12 19:09:05,NBIS,247.2700,247.4700,247.2700,247.3800,9601.0000,247.3610,44
2026-08-12 19:09:10,NBIS,247.4300,247.4400,247.1900,247.3300,18823.0000,247.3020,103
2026-08-12 19:09:15,NBIS,247.3000,247.4400,247.0400,247.0700,14938.0000,247.2500,101
2026-08-12 19:09:20,NBIS,247.0000,247.1100,246.8300,247.0400,12509.0000,246.9660,74
2026-08-12 19:09:25,NBIS,247.0400,247.1000,246.8200,246.8200,5050.0000,247.0070,41
2026-08-12 19:09:30,NBIS,246.8200,247.1500,246.7300,247.1500,13858.0000,246.9780,69
2026-08-12 19:09:35,NBIS,247.0400,247.2100,247.0000,247.2100,9465.0000,247.1050,55
2026-08-12 19:09:40,NBIS,247.0900,247.2000,247.0000,247.1100,11747.0000,247.0790,74
2026-08-12 19:09:45,NBIS,247.0300,247.3300,247.0100,247.3000,9016.0000,247.0830,40
2026-08-12 19:09:50,NBIS,247.3400,247.3400,247.0400,247.3100,6737.0000,247.2540,35
2026-08-12 19:09:55,NBIS,247.3900,247.5000,247.2100,247.5000,8579.0000,247.3950,48
2026-08-12 19:10:00,NBIS,247.2900,247.5000,247.2900,247.4000,6439.0000,247.4470,23
2026-08-12 19:10:05,NBIS,247.4800,247.5000,247.2400,247.3200,11568.0000,247.4110,65
2026-08-12 19:10:10,NBIS,247.3900,247.7900,247.3000,247.6200,21759.0000,247.5470,125
2026-08-12 19:10:15,NBIS,247.6600,247.6900,247.3700,247.4500,19801.0000,247.5690,129
2026-08-12 19:10:20,NBIS,247.5000,247.7000,247.3000,247.5000,23546.0000,247.4740,140
2026-08-12 19:10:25,NBIS,247.5700,247.6000,247.4000,247.5600,8014.0000,247.5120,46
2026-08-12 19:10:30,NBIS,247.5800,247.6400,247.3000,247.4100,10800.0000,247.4400,52
2026-08-12 19:10:35,NBIS,247.4100,247.4200,247.0200,247.0700,10933.0000,247.1210,54
2026-08-12 19:10:40,NBIS,247.0200,247.1000,246.8600,246.9400,9743.0000,246.9670,57
2026-08-12 19:10:45,NBIS,246.9400,247.0000,246.7300,246.8000,6270.0000,246.8530,40
2026-08-12 19:10:50,NBIS,246.7200,246.8700,246.6200,246.8700,14303.0000,246.7150,59
2026-08-12 19:10:55,NBIS,246.7500,246.8700,246.6200,246.6500,5273.0000,246.6800,27
2026-08-12 19:11:00,NBIS,246.6600,246.7400,246.3300,246.5700,17380.0000,246.5040,75
2026-08-12 19:11:05,NBIS,246.4600,246.6900,246.3800,246.5700,11112.0000,246.5430,59
2026-08-12 19:11:10,NBIS,246.5500,246.6700,246.4000,246.5800,6426.0000,246.5240,36
2026-08-12 19:11:15,NBIS,246.6300,246.6400,246.0000,246.1400,20188.0000,246.2860,82
2026-08-12 19:11:20,NBIS,246.0800,246.3600,246.0000,246.2600,13554.0000,246.2030,60
2026-08-12 19:11:25,NBIS,246.2600,246.3300,245.9500,246.0200,16448.0000,246.0750,67
2026-08-12 19:11:30,NBIS,246.0400,246.1000,245.8300,245.9300,20541.0000,245.9840,94
2026-08-12 19:11:35,NBIS,245.8700,246.0900,245.7300,245.9100,10735.0000,245.9070,60
2026-08-12 19:11:40,NBIS,245.8600,245.9200,245.6400,245.8100,13261.0000,245.7670,60
2026-08-12 19:11:45,NBIS,245.8100,245.9200,245.6500,245.6700,18821.0000,245.7380,96
2026-08-12 19:11:50,NBIS,245.6800,245.8200,245.6600,245.7600,5673.0000,245.7540,35
2026-08-12 19:11:55,NBIS,245.7000,245.7000,245.3900,245.3900,16956.0000,245.5650,68
2026-08-12 19:12:00,NBIS,245.5000,245.8100,245.3600,245.7100,24613.0000,245.5480,114
2026-08-12 19:12:05,NBIS,245.7900,245.9200,245.5800,245.8500,13717.0000,245.7120,45
2026-08-12 19:12:10,NBIS,245.7800,245.9100,245.7000,245.8100,5504.0000,245.8110,24
2026-08-12 19:12:15,NBIS,245.7300,245.7300,245.3500,245.4000,14352.0000,245.4900,64
2026-08-12 19:12:20,NBIS,245.3900,245.4200,245.2200,245.3200,28824.0000,245.3070,45
2026-08-12 19:12:25,NBIS,245.4000,246.1200,245.3500,246.0200,22283.0000,245.7720,102
2026-08-12 19:12:30,NBIS,245.8900,246.1500,245.6700,245.8000,6666.0000,245.8970,41
2026-08-12 19:12:35,NBIS,245.8000,245.9500,245.7000,245.9200,3822.0000,245.8290,17
2026-08-12 19:12:40,NBIS,245.8800,245.9500,245.8800,245.9500,3607.0000,245.9150,17
2026-08-12 19:12:45,NBIS,245.9500,246.1000,245.9500,246.1000,9541.0000,246.0370,27
2026-08-12 19:12:50,NBIS,246.0400,246.0500,246.0400,246.0500,4566.0000,246.0500,17
2026-08-12 19:12:55,NBIS,246.0200,246.0500,245.7500,245.9000,4896.0000,245.9150,32
2026-08-12 19:13:00,NBIS,245.9100,246.3100,245.9000,246.0700,23146.0000,246.1230,51
2026-08-12 19:13:05,NBIS,246.2000,246.3000,246.0400,246.1800,7711.0000,246.1290,31
2026-08-12 19:13:10,NBIS,246.0600,246.2500,245.8000,246.0000,13837.0000,246.0160,78
2026-08-12 19:13:15,NBIS,245.9100,246.0000,245.8600,245.8600,1130.0000,245.9330,10
2026-08-12 19:13:20,NBIS,246.1000,246.3000,245.9000,246.1600,12988.0000,246.1510,25
2026-08-12 19:13:25,NBIS,246.2500,246.3700,246.1600,246.2300,6552.0000,246.2460,41
2026-08-12 19:13:30,NBIS,246.2300,246.2900,246.1200,246.2100,2846.0000,246.2200,13
2026-08-12 19:13:35,NBIS,246.1700,246.3200,246.0700,246.3200,7171.0000,246.2390,23
2026-08-12 19:13:40,NBIS,246.3700,246.4600,245.8000,245.8700,12923.0000,246.1970,63
2026-08-12 19:13:45,NBIS,245.7900,245.9500,245.7400,245.9400,5585.0000,245.8320,34
2026-08-12 19:13:50,NBIS,245.9800,245.9800,245.7700,245.9600,2540.0000,245.8960,17
2026-08-12 19:13:55,NBIS,245.9400,246.2500,245.9400,246.2500,2547.0000,246.0550,15
2026-08-12 19:14:00,NBIS,246.3000,246.4800,246.2600,246.3100,7922.0000,246.3400,29
2026-08-12 19:14:05,NBIS,246.2400,246.4000,246.0700,246.3100,46330.0000,246.1700,97
2026-08-12 19:14:10,NBIS,246.2600,246.2600,245.9000,245.9400,9196.0000,246.0230,51
2026-08-12 19:14:15,NBIS,246.0700,246.1000,245.9400,245.9400,3766.0000,246.0280,24
2026-08-12 19:14:20,NBIS,246.0400,246.1200,246.0200,246.0500,4099.0000,246.0740,13
2026-08-12 19:14:25,NBIS,246.0800,246.1100,245.9300,246.0300,6037.0000,246.0100,36
2026-08-12 19:14:30,NBIS,246.0200,246.0200,245.9300,246.0100,1984.0000,245.9830,16
2026-08-12 19:14:35,NBIS,246.0100,246.0100,245.9700,245.9900,1140.0000,245.9850,6
2026-08-12 19:14:40,NBIS,245.9700,246.1000,245.9300,246.1000,2411.0000,245.9930,14
2026-08-12 19:14:45,NBIS,246.1300,246.1400,245.9500,245.9500,1917.0000,246.0330,13
2026-08-12 19:14:50,NBIS,246.0000,246.0700,245.9600,245.9800,1975.0000,246.0000,13
2026-08-12 19:14:55,NBIS,245.9800,246.0000,245.8100,245.8900,5981.0000,245.9080,35
2026-08-12 19:15:00,NBIS,245.8900,245.9500,245.8100,245.8100,6400.0000,245.8650,16
2026-08-12 19:15:05,NBIS,245.8900,245.9400,245.7900,245.8000,13046.0000,245.8240,64
2026-08-12 19:15:10,NBIS,245.8800,245.9200,245.5000,245.5000,5724.0000,245.6800,40
2026-08-12 19:15:15,NBIS,245.5100,245.6100,245.4700,245.5300,10952.0000,245.5270,37
2026-08-12 19:15:20,NBIS,245.5600,245.6600,245.4500,245.4700,4961.0000,245.5090,31
2026-08-12 19:15:25,NBIS,245.4600,245.5100,245.1100,245.2100,9721.0000,245.2600,59
2026-08-12 19:15:30,NBIS,245.2100,245.4400,245.0300,245.4400,14453.0000,245.2560,63
2026-08-12 19:15:35,NBIS,245.3600,245.4700,245.2700,245.4500,6844.0000,245.3670,34
2026-08-12 19:15:40,NBIS,245.4000,245.5800,245.3700,245.5700,5389.0000,245.4640,40
2026-08-12 19:15:45,NBIS,245.5200,245.5500,245.3900,245.3900,4991.0000,245.4510,27
2026-08-12 19:15:50,NBIS,245.4200,245.5600,245.3800,245.5400,4260.0000,245.4870,19
2026-08-12 19:15:55,NBIS,245.5900,245.7700,245.4400,245.5400,5481.0000,245.6370,30
2026-08-12 19:16:00,NBIS,245.5500,245.6800,245.4500,245.6300,3869.0000,245.5690,24
2026-08-12 19:16:05,NBIS,245.5000,245.7000,245.3300,245.4000,7194.0000,245.4550,38
2026-08-12 19:16:10,NBIS,245.3300,245.4500,245.3000,245.3500,2402.0000,245.3590,12
2026-08-12 19:16:15,NBIS,245.2900,245.3900,245.1700,245.2400,5583.0000,245.2910,33
2026-08-12 19:16:20,NBIS,245.2900,245.4200,245.2800,245.3000,5347.0000,245.3410,18
2026-08-12 19:16:25,NBIS,245.3700,245.3700,245.3100,245.3600,2545.0000,245.3510,14
2026-08-12 19:16:30,NBIS,245.3600,245.6300,245.3500,245.5700,4253.0000,245.4920,32
2026-08-12 19:16:35,NBIS,245.5700,245.7000,245.4600,245.6100,3796.0000,245.5540,24
2026-08-12 19:16:40,NBIS,245.7500,245.7500,245.6000,245.6500,1821.0000,245.6580,13
2026-08-12 19:16:45,NBIS,245.5900,245.7000,245.5100,245.5100,2677.0000,245.5910,19
2026-08-12 19:16:50,NBIS,245.5200,245.7400,245.2000,245.2000,7067.0000,245.4510,31
2026-08-12 19:16:55,NBIS,245.3400,245.4900,245.1600,245.1600,3733.0000,245.2770,22
2026-08-12 19:17:00,NBIS,245.1700,245.3000,245.1000,245.1000,3315.0000,245.1730,20
2026-08-12 19:17:05,NBIS,245.2200,245.2200,244.8800,244.9000,13097.0000,245.0060,71
2026-08-12 19:17:10,NBIS,244.9400,245.0300,244.8500,245.0300,4263.0000,244.9570,25
2026-08-12 19:17:15,NBIS,245.0900,245.0900,244.9100,244.9100,2884.0000,244.9970,18
2026-08-12 19:17:20,NBIS,244.9400,244.9500,244.8500,244.9000,3166.0000,244.8890,17
2026-08-12 19:17:25,NBIS,244.9000,244.9400,244.8500,244.8900,4680.0000,244.8690,27
2026-08-12 19:17:30,NBIS,244.8900,245.1400,244.8300,245.0300,4012.0000,244.9740,25
2026-08-12 19:17:35,NBIS,245.0400,245.1600,244.9500,245.0000,6868.0000,245.0800,44
2026-08-12 19:17:40,NBIS,245.0900,245.3000,245.0700,245.2100,6158.0000,245.2260,37
2026-08-12 19:17:45,NBIS,245.2100,245.3000,245.1500,245.2300,9953.0000,245.2410,52
2026-08-12 19:17:50,NBIS,245.2500,245.5700,245.2100,245.4500,6077.0000,245.4360,32
2026-08-12 19:17:55,NBIS,245.4300,245.4500,245.2100,245.3100,4516.0000,245.3210,36
2026-08-12 19:18:00,NBIS,245.3700,245.7000,245.3600,245.6100,3335.0000,245.5820,26
2026-08-12 19:18:05,NBIS,245.6100,245.7000,245.5200,245.5700,4095.0000,245.6320,17
2026-08-12 19:18:10,NBIS,245.6400,246.0500,245.6200,246.0400,20644.0000,245.9340,102
2026-08-12 19:18:15,NBIS,246.0400,246.0700,245.9300,245.9600,7770.0000,246.0020,32
2026-08-12 19:18:20,NBIS,245.9600,246.0500,245.8400,245.9600,14946.0000,245.9470,77
2026-08-12 19:18:25,NBIS,245.9400,245.9500,245.8300,245.8300,1000.0000,245.9010,8
2026-08-12 19:18:30,NBIS,245.8900,246.0500,245.8900,245.9000,3094.0000,246.0050,14
2026-08-12 19:18:35,NBIS,245.9400,246.0400,245.9400,245.9800,3826.0000,245.9840,18
2026-08-12 19:18:40,NBIS,245.9800,245.9800,245.5400,245.6200,12196.0000,245.7710,67
2026-08-12 19:18:45,NBIS,245.7100,245.9300,245.6200,245.9300,4462.0000,245.8370,24
2026-08-12 19:18:50,NBIS,245.9100,246.1100,245.8100,246.0800,3873.0000,246.0110,26
2026-08-12 19:18:55,NBIS,246.0800,246.0800,245.8400,245.9200,7080.0000,245.9500,42
2026-08-12 19:19:00,NBIS,245.8400,246.1700,245.8400,246.0100,5032.0000,246.0340,33
2026-08-12 19:19:05,NBIS,245.9500,246.1600,245.9200,246.1000,1640.0000,246.0310,10
2026-08-12 19:19:10,NBIS,246.0800,246.1100,245.9800,245.9900,3809.0000,246.0220,24
2026-08-12 19:19:15,NBIS,246.1800,246.1800,246.0200,246.0900,2294.0000,246.0880,17
2026-08-12 19:19:20,NBIS,246.0600,246.1400,246.0200,246.1400,7325.0000,246.0740,40
2026-08-12 19:19:25,NBIS,246.1600,246.1800,246.0400,246.1100,6744.0000,246.1100,41
2026-08-12 19:19:30,NBIS,246.1200,246.2700,246.0900,246.2200,10707.0000,246.1600,51
2026-08-12 19:19:35,NBIS,246.1900,246.2700,246.1800,246.2500,4791.0000,246.2280,20
2026-08-12 19:19:40,NBIS,246.2800,246.3500,246.2400,246.2700,2906.0000,246.2700,17
2026-08-12 19:19:45,NBIS,246.2700,246.2700,246.0800,246.1100,22882.0000,246.1590,74
2026-08-12 19:19:50,NBIS,246.0800,246.2700,246.0800,246.2400,5856.0000,246.1800,21
2026-08-12 19:19:55,NBIS,246.2500,246.2700,246.1600,246.1800,4147.0000,246.1950,32
2026-08-12 19:20:00,NBIS,246.2700,246.3800,246.2000,246.3700,5523.0000,246.3120,23
2026-08-12 19:20:05,NBIS,246.4200,246.4600,246.3000,246.3700,10265.0000,246.4000,57
2026-08-12 19:20:10,NBIS,246.4000,246.5000,246.3500,246.3600,6208.0000,246.4460,35
2026-08-12 19:20:15,NBIS,246.3400,246.5000,246.3400,246.5000,2313.0000,246.3840,13
2026-08-12 19:20:20,NBIS,246.4700,246.4900,246.3400,246.4300,4854.0000,246.4150,23
2026-08-12 19:20:25,NBIS,246.4500,246.4900,246.4200,246.4200,4394.0000,246.4440,25
2026-08-12 19:20:30,NBIS,246.4200,246.4200,246.1000,246.2200,20310.0000,246.2730,117
2026-08-12 19:20:35,NBIS,246.2200,246.3200,246.1600,246.2400,5085.0000,246.2340,24
2026-08-12 19:20:40,NBIS,246.1900,246.3900,246.1500,246.2600,10713.0000,246.2600,45
2026-08-12 19:20:45,NBIS,246.2000,246.3400,246.2000,246.3400,1504.0000,246.2870,10
2026-08-12 19:20:50,NBIS,246.2800,246.2800,246.2300,246.2300,850.0000,246.2520,4
2026-08-12 19:20:55,NBIS,246.2100,246.3500,246.2000,246.2100,5017.0000,246.2630,34
2026-08-12 19:21:00,NBIS,246.2400,246.3500,246.2100,246.2600,10403.0000,246.2610,58
2026-08-12 19:21:05,NBIS,246.2600,246.2800,246.1300,246.2400,3469.0000,246.1870,24
2026-08-12 19:21:10,NBIS,246.2200,246.6000,246.2100,246.4800,14579.0000,246.4100,69
2026-08-12 19:21:15,NBIS,246.4800,246.5500,246.1600,246.5400,16207.0000,246.3990,99
2026-08-12 19:21:20,NBIS,246.5800,246.8000,246.4200,246.5500,24419.0000,246.6250,115
2026-08-12 19:21:25,NBIS,246.5500,246.8600,246.0000,246.8200,13629.0000,246.5080,81
2026-08-12 19:21:30,NBIS,246.8400,247.1400,246.8200,247.1100,20354.0000,246.9800,104
2026-08-12 19:21:35,NBIS,247.1100,247.1500,246.9500,247.0500,11903.0000,247.0740,54
2026-08-12 19:21:40,NBIS,247.1300,247.2100,246.9500,247.1300,12360.0000,247.0540,69
2026-08-12 19:21:45,NBIS,247.1400,247.1700,247.0500,247.1300,6060.0000,247.0940,36
2026-08-12 19:21:50,NBIS,247.0800,247.1300,247.0200,247.0300,4294.0000,247.0890,17
2026-08-12 19:21:55,NBIS,247.0200,247.1200,246.8700,246.8800,9676.0000,247.0410,42
2026-08-12 19:22:00,NBIS,246.9300,247.0000,246.7900,246.9800,8519.0000,246.8910,56
2026-08-12 19:22:05,NBIS,246.9400,247.1600,246.9300,247.0000,15526.0000,247.0510,112
2026-08-12 19:22:10,NBIS,247.0000,247.1000,246.9000,247.0400,6288.0000,247.0070,23
2026-08-12 19:22:15,NBIS,247.0500,247.0500,246.9000,247.0100,8297.0000,246.9830,57
2026-08-12 19:22:20,NBIS,247.0100,247.0400,246.9200,246.9600,6877.0000,246.9720,39
2026-08-12 19:22:25,NBIS,246.9600,247.1500,246.8800,247.1000,6931.0000,246.9580,57
2026-08-12 19:22:30,NBIS,247.0800,247.0800,246.5600,246.9700,28157.0000,246.8850,106
2026-08-12 19:22:35,NBIS,246.7100,246.9100,246.7100,246.8300,778.0000,246.8340,5
2026-08-12 19:22:40,NBIS,246.9700,247.0200,246.9000,247.0000,9188.0000,246.9610,52
2026-08-12 19:22:45,NBIS,246.8600,246.9700,246.5200,246.7000,12028.0000,246.7170,60
2026-08-12 19:22:50,NBIS,246.5000,246.8600,246.5000,246.7700,11273.0000,246.7550,37
2026-08-12 19:22:55,NBIS,246.8100,246.9000,246.5300,246.8700,15007.0000,246.7280,105
2026-08-12 19:23:00,NBIS,246.9000,246.9200,246.1600,246.3300,32281.0000,246.5390,122
2026-08-12 19:23:05,NBIS,246.3800,246.5700,246.1800,246.3300,10563.0000,246.4130,58
2026-08-12 19:23:10,NBIS,246.3100,246.3100,245.9100,246.1400,30609.0000,246.1330,162
2026-08-12 19:23:15,NBIS,246.0900,246.1700,246.0000,246.0900,10036.0000,246.0700,49
2026-08-12 19:23:20,NBIS,246.0900,246.3400,246.0800,246.2300,14567.0000,246.1790,78
2026-08-12 19:23:25,NBIS,246.3400,246.4800,246.2500,246.3200,6670.0000,246.3800,36
2026-08-12 19:23:30,NBIS,246.4000,246.7200,246.3200,246.6100,10303.0000,246.5690,60
2026-08-12 19:23:35,NBIS,246.6200,246.7800,246.2000,246.5000,14862.0000,246.4910,95
2026-08-12 19:23:40,NBIS,246.5000,246.5700,246.3900,246.4600,1723.0000,246.4650,6
2026-08-12 19:23:45,NBIS,246.4000,246.6000,246.4000,246.5900,1719.0000,246.4880,8
2026-08-12 19:23:50,NBIS,246.6100,246.7800,246.5000,246.6800,7770.0000,246.6710,44
2026-08-12 19:23:55,NBIS,246.6900,246.6900,246.6000,246.6100,7340.0000,246.6370,52
2026-08-12 19:24:00,NBIS,246.6600,246.7200,246.4100,246.4100,13441.0000,246.5240,92
2026-08-12 19:24:05,NBIS,246.4100,246.4100,246.1100,246.3200,6663.0000,246.3050,45
2026-08-12 19:24:10,NBIS,246.3300,246.3900,246.2400,246.3200,2588.0000,246.3340,11
2026-08-12 19:24:15,NBIS,246.3300,246.5100,246.3200,246.4900,3045.0000,246.4270,19
2026-08-12 19:24:20,NBIS,246.4500,246.5100,246.1700,246.2500,10022.0000,246.3950,71
2026-08-12 19:24:25,NBIS,246.3100,246.4400,246.2500,246.4000,1012.0000,246.3130,6
2026-08-12 19:24:30,NBIS,246.4000,246.8000,246.3900,246.6100,5790.0000,246.6250,33
2026-08-12 19:24:35,NBIS,246.7300,246.8400,246.6400,246.7400,5243.0000,246.7240,18
2026-08-12 19:24:40,NBIS,246.8100,246.9000,246.6100,246.6300,9414.0000,246.6990,63
2026-08-12 19:24:45,NBIS,246.6100,246.8000,246.5300,246.7700,1664.0000,246.6860,8
2026-08-12 19:24:50,NBIS,246.7200,246.8000,246.7000,246.7200,1344.0000,246.7330,7
2026-08-12 19:24:55,NBIS,246.8400,246.8500,246.7600,246.8000,1850.0000,246.8060,7
2026-08-12 19:25:00,NBIS,246.8600,246.9400,246.7300,246.8900,1635.0000,246.8680,12
2026-08-12 19:25:05,NBIS,246.8500,247.1400,246.8500,247.1400,14306.0000,247.0320,56
2026-08-12 19:25:10,NBIS,247.1400,247.1600,247.0300,247.1000,3284.0000,247.1160,22
2026-08-12 19:25:15,NBIS,247.1500,247.1800,247.0300,247.1100,5081.0000,247.1130,39
2026-08-12 19:25:20,NBIS,247.0400,247.3400,246.9400,247.1400,19568.0000,247.1430,101
2026-08-12 19:25:25,NBIS,247.1400,247.2500,247.0900,247.1800,2809.0000,247.1670,14
2026-08-12 19:25:30,NBIS,247.1800,247.2000,246.8100,247.1500,7082.0000,247.0270,51
2026-08-12 19:25:35,NBIS,246.9800,247.2000,246.8000,246.9900,3574.0000,246.9480,17
2026-08-12 19:25:40,NBIS,246.9900,247.1300,246.8400,246.9800,3473.0000,246.9530,20
2026-08-12 19:25:45,NBIS,246.9700,247.0100,246.8400,246.9600,3856.0000,246.9340,24
2026-08-12 19:25:50,NBIS,246.9600,247.1200,246.9500,247.0700,4896.0000,247.0190,32
2026-08-12 19:25:55,NBIS,247.0600,247.0900,247.0000,247.0500,2212.0000,247.0530,12
2026-08-12 19:26:00,NBIS,247.1000,247.2000,246.9900,246.9900,4797.0000,247.0660,35
2026-08-12 19:26:05,NBIS,246.9100,247.0000,246.8700,247.0000,2004.0000,246.9120,12
2026-08-12 19:26:10,NBIS,246.9900,247.0900,246.9900,247.0900,5006.0000,247.0240,27
2026-08-12 19:26:15,NBIS,247.0900,247.3300,247.0800,247.3300,4152.0000,247.1870,15
2026-08-12 19:26:20,NBIS,247.3400,247.3400,247.2000,247.2000,2166.0000,247.2760,8
2026-08-12 19:26:25,NBIS,247.3000,247.3000,247.1400,247.2100,6748.0000,247.2230,41
2026-08-12 19:26:30,NBIS,247.2800,247.2800,247.2000,247.2000,1300.0000,247.2160,11
2026-08-12 19:26:35,NBIS,247.1500,247.2800,247.1300,247.2800,2418.0000,247.2410,11
2026-08-12 19:26:40,NBIS,247.1500,247.3000,247.1500,247.2500,6146.0000,247.2700,23
2026-08-12 19:26:45,NBIS,247.2100,247.4300,247.2100,247.4300,11555.0000,247.3230,63
2026-08-12 19:26:50,NBIS,247.4300,247.4300,247.1300,247.2100,7076.0000,247.3010,44
2026-08-12 19:26:55,NBIS,247.1300,247.2500,247.1300,247.2000,3742.0000,247.1960,30
2026-08-12 19:27:00,NBIS,247.1400,247.3200,247.0800,247.2700,4316.0000,247.1740,23
2026-08-12 19:27:05,NBIS,247.1600,247.4500,247.1600,247.3700,5916.0000,247.3300,39
2026-08-12 19:27:10,NBIS,247.3300,247.3700,247.1700,247.1700,4005.0000,247.2710,29
2026-08-12 19:27:15,NBIS,247.0400,247.2400,247.0200,247.0200,5000.0000,247.0740,14
2026-08-12 19:27:20,NBIS,247.0000,247.1600,246.8500,246.9700,11775.0000,246.9530,59
2026-08-12 19:27:25,NBIS,247.0500,247.0500,246.7900,246.9800,4364.0000,246.9360,28
2026-08-12 19:27:30,NBIS,246.9000,247.0000,246.8200,246.9300,1920.0000,246.8930,12
2026-08-12 19:27:35,NBIS,246.8000,246.9400,246.7900,246.9300,5257.0000,246.8570,21
2026-08-12 19:27:40,NBIS,246.9200,246.9800,246.8300,246.8900,3754.0000,246.8870,29
2026-08-12 19:27:45,NBIS,246.8600,247.1500,246.8300,247.1500,8137.0000,246.9700,47
2026-08-12 19:27:50,NBIS,247.0100,247.0800,246.9800,247.0400,1914.0000,247.0170,13
2026-08-12 19:27:55,NBIS,247.0200,247.2500,246.9800,247.2500,9528.0000,247.1330,62
2026-08-12 19:28:00,NBIS,247.2700,247.3200,247.1400,247.2200,9270.0000,247.2360,53
2026-08-12 19:28:05,NBIS,247.2600,247.3200,246.6500,246.8300,24141.0000,246.9100,117
2026-08-12 19:28:10,NBIS,246.8600,246.8800,246.6600,246.8200,15355.0000,246.7830,92
2026-08-12 19:28:15,NBIS,246.6900,246.7700,246.5800,246.6900,9932.0000,246.6840,53
2026-08-12 19:28:20,NBIS,246.6900,246.9000,246.6500,246.7800,5161.0000,246.7550,25
2026-08-12 19:28:25,NBIS,246.7800,246.9100,246.7700,246.9100,2447.0000,246.8320,13
2026-08-12 19:28:30,NBIS,246.9500,247.0400,246.9500,246.9600,6668.0000,246.9920,17
2026-08-12 19:28:35,NBIS,247.0400,247.0500,246.8700,246.9800,7002.0000,246.9630,46
2026-08-12 19:28:40,NBIS,246.9800,247.1200,246.9700,247.0600,2719.0000,247.0520,22
2026-08-12 19:28:45,NBIS,247.0600,247.1100,246.9000,246.9400,4155.0000,246.9530,31
2026-08-12 19:28:50,NBIS,246.9400,247.0000,246.8700,246.9800,3994.0000,246.9330,26
2026-08-12 19:28:55,NBIS,246.9800,247.0900,246.9500,246.9800,3560.0000,247.0210,12
2026-08-12 19:29:00,NBIS,246.9000,246.9900,246.9000,246.9300,1462.0000,246.9270,12
2026-08-12 19:29:05,NBIS,246.9300,246.9300,246.7900,246.8500,5024.0000,246.8790,41
2026-08-12 19:29:10,NBIS,246.7800,246.8500,246.6500,246.7500,5193.0000,246.7350,34
2026-08-12 19:29:15,NBIS,246.7400,246.8000,246.6500,246.7400,4174.0000,246.7350,22
2026-08-12 19:29:20,NBIS,246.7400,246.8300,246.5200,246.5200,11093.0000,246.6160,28
2026-08-12 19:29:25,NBIS,246.5700,246.7500,246.5200,246.6000,5561.0000,246.5950,27
2026-08-12 19:29:30,NBIS,246.5300,246.6800,246.5100,246.6800,5485.0000,246.5630,30
2026-08-12 19:29:35,NBIS,246.7200,246.7900,246.6000,246.6500,3164.0000,246.6700,20
2026-08-12 19:29:40,NBIS,246.6700,246.6700,246.5300,246.5300,3115.0000,246.6050,16
2026-08-12 19:29:45,NBIS,246.5700,246.6300,246.5100,246.6000,4092.0000,246.5510,25
2026-08-12 19:29:50,NBIS,246.5700,246.5700,246.3600,246.4400,13800.0000,246.4860,68
2026-08-12 19:29:55,NBIS,246.4200,246.4400,246.3600,246.4100,5622.0000,246.3850,35
2026-08-12 19:30:00,NBIS,246.4200,246.5900,246.3900,246.4700,6902.0000,246.4540,54
2026-08-12 19:30:05,NBIS,246.5000,246.5200,246.3500,246.4500,1900.0000,246.4550,16
2026-08-12 19:30:10,NBIS,246.4100,246.7500,246.4000,246.5800,4788.0000,246.5610,19
2026-08-12 19:30:15,NBIS,246.5700,246.6300,246.5700,246.6300,703.0000,246.6010,4
2026-08-12 19:30:20,NBIS,246.6800,246.6800,246.3600,246.4200,3839.0000,246.4530,28
2026-08-12 19:30:25,NBIS,246.3800,246.5200,246.2700,246.5200,5877.0000,246.3840,24
2026-08-12 19:30:30,NBIS,246.5200,246.6800,246.4400,246.6800,2227.0000,246.5400,16
2026-08-12 19:30:35,NBIS,246.6300,246.6900,246.4700,246.6600,3465.0000,246.5830,17
2026-08-12 19:30:40,NBIS,246.5500,246.8100,246.5400,246.5600,2077.0000,246.6010,7
2026-08-12 19:30:45,NBIS,246.5500,246.7700,246.5400,246.6600,1200.0000,246.6520,7
2026-08-12 19:30:50,NBIS,246.7300,246.8300,246.6600,246.7100,3928.0000,246.7560,28
2026-08-12 19:30:55,NBIS,246.7700,246.8000,246.7500,246.8000,2013.0000,246.7790,13
2026-08-12 19:31:00,NBIS,246.7800,246.8400,246.5300,246.6600,4711.0000,246.7300,29
2026-08-12 19:31:05,NBIS,246.5300,246.6500,246.5100,246.6400,2363.0000,246.5450,10
2026-08-12 19:31:10,NBIS,246.4700,246.4900,246.4000,246.4000,4133.0000,246.4250,18
2026-08-12 19:31:15,NBIS,246.3600,246.5100,246.2700,246.3300,2334.0000,246.3960,16
2026-08-12 19:31:20,NBIS,246.3200,246.4600,246.3200,246.3800,1525.0000,246.3900,9
2026-08-12 19:31:25,NBIS,246.4400,246.4600,246.3000,246.3800,5584.0000,246.3860,37
2026-08-12 19:31:30,NBIS,246.3800,246.3800,246.2300,246.2300,6938.0000,246.2930,31
2026-08-12 19:31:35,NBIS,246.2900,246.3100,246.2300,246.3000,1359.0000,246.2710,8
2026-08-12 19:31:40,NBIS,246.3000,246.4000,246.2000,246.3000,8990.0000,246.3000,55
2026-08-12 19:31:45,NBIS,246.2600,246.4000,246.1600,246.3100,2966.0000,246.2440,12
2026-08-12 19:31:50,NBIS,246.3100,246.4000,246.2800,246.3400,3378.0000,246.3530,19
2026-08-12 19:31:55,NBIS,246.2800,246.4000,246.2800,246.3700,944.0000,246.3740,7
2026-08-12 19:32:00,NBIS,246.3800,246.4300,246.2600,246.2700,3615.0000,246.3710,30
2026-08-12 19:32:05,NBIS,246.3000,246.5900,246.3000,246.4400,8602.0000,246.4860,63
2026-08-12 19:32:10,NBIS,246.3800,246.3800,246.1100,246.1600,6982.0000,246.2340,49
2026-08-12 19:32:15,NBIS,246.0900,246.1300,246.0200,246.0200,5053.0000,246.0620,27
2026-08-12 19:32:20,NBIS,246.0600,246.1300,246.0200,246.1200,5768.0000,246.0860,32
2026-08-12 19:32:25,NBIS,246.1300,246.2400,246.0400,246.1600,8343.0000,246.1100,23
2026-08-12 19:32:30,NBIS,246.2600,246.3500,246.1400,246.1800,6371.0000,246.2570,28
2026-08-12 19:32:35,NBIS,246.2200,246.2600,246.1600,246.2300,7836.0000,246.1970,28
2026-08-12 19:32:40,NBIS,246.1700,246.1800,246.0900,246.1000,2789.0000,246.1210,19
2026-08-12 19:32:45,NBIS,246.1200,246.2900,246.0200,246.2300,8012.0000,246.1250,45
2026-08-12 19:32:50,NBIS,246.1400,246.2300,246.1300,246.2200,2963.0000,246.2160,6
2026-08-12 19:32:55,NBIS,246.3200,246.4000,246.2100,246.4000,1946.0000,246.3610,17
2026-08-12 19:33:00,NBIS,246.4000,246.4600,246.3900,246.3900,2036.0000,246.4210,15
2026-08-12 19:33:05,NBIS,246.3400,246.4500,246.2200,246.3100,24759.0000,246.4090,56
2026-08-12 19:33:10,NBIS,246.2200,246.2200,246.0500,246.0600,4270.0000,246.1750,30
2026-08-12 19:33:15,NBIS,246.1700,246.1800,246.1200,246.1500,1352.0000,246.1530,7
2026-08-12 19:33:20,NBIS,246.2400,246.3000,246.1700,246.2200,1393.0000,246.2390,12
2026-08-12 19:33:25,NBIS,246.2300,246.3300,246.1100,246.2500,1583.0000,246.2290,10
2026-08-12 19:33:30,NBIS,246.2900,246.3300,246.2600,246.3300,2562.0000,246.2860,25
2026-08-12 19:33:35,NBIS,246.2800,246.4000,246.1800,246.2600,7260.0000,246.3370,38
2026-08-12 19:33:40,NBIS,246.2300,246.2300,246.0500,246.1600,1900.0000,246.1440,12
2026-08-12 19:33:45,NBIS,246.1800,246.3200,246.0900,246.3200,5302.0000,246.1710,16
2026-08-12 19:33:50,NBIS,246.3000,246.3700,246.1000,246.1700,7466.0000,246.2230,46
2026-08-12 19:33:55,NBIS,246.1100,246.3400,246.1100,246.1300,3128.0000,246.2110,14
2026-08-12 19:34:00,NBIS,246.2500,246.2700,246.2500,246.2600,4060.0000,246.2630,35
2026-08-12 19:34:05,NBIS,246.2600,246.3200,246.1900,246.3200,2540.0000,246.2330,13
2026-08-12 19:34:10,NBIS,246.2700,246.4600,245.8200,245.9400,29106.0000,246.1600,107
2026-08-12 19:34:15,NBIS,245.8700,246.1800,245.7000,245.9900,10241.0000,245.9860,18
2026-08-12 19:34:20,NBIS,246.0600,246.0900,245.8100,245.9400,1554.0000,245.9860,11
2026-08-12 19:34:25,NBIS,245.9200,245.9400,245.8300,245.8600,2394.0000,245.8950,16
2026-08-12 19:34:30,NBIS,245.8000,245.9300,245.7600,245.7600,6122.0000,245.8500,30
2026-08-12 19:34:35,NBIS,245.7800,245.8200,245.7400,245.7900,8761.0000,245.7610,24
2026-08-12 19:34:40,NBIS,245.7400,245.8800,245.7200,245.8000,3391.0000,245.7550,22
2026-08-12 19:34:45,NBIS,245.7800,245.9500,245.7000,245.7300,6502.0000,245.7310,25
2026-08-12 19:34:50,NBIS,245.7400,245.7600,245.5500,245.5600,14282.0000,245.6030,67
2026-08-12 19:34:55,NBIS,245.5700,245.6400,245.5000,245.5700,5335.0000,245.5830,40
2026-08-12 19:35:00,NBIS,245.5300,245.7100,245.5200,245.5700,5707.0000,245.6010,34
2026-08-12 19:35:05,NBIS,245.6000,245.8100,245.6000,245.8100,2455.0000,245.7440,18
2026-08-12 19:35:10,NBIS,245.8100,246.1700,245.6800,245.9900,10918.0000,245.9590,66
2026-08-12 19:35:15,NBIS,246.0300,246.0900,245.8700,245.9200,2801.0000,245.9550,13
2026-08-12 19:35:20,NBIS,245.9400,245.9700,245.8300,245.9100,3123.0000,245.8790,22
2026-08-12 19:35:25,NBIS,245.9100,245.9700,245.8000,245.9200,1931.0000,245.9020,14
2026-08-12 19:35:30,NBIS,245.9700,246.0500,245.8100,245.8100,3837.0000,245.9340,21
2026-08-12 19:35:35,NBIS,245.9200,246.0000,245.9000,245.9800,1383.0000,245.9470,8
2026-08-12 19:35:40,NBIS,245.9800,246.0200,245.8300,245.9100,6631.0000,245.9250,34
2026-08-12 19:35:45,NBIS,245.9500,245.9600,245.7900,245.8800,4316.0000,245.8380,39
2026-08-12 19:35:50,NBIS,245.8000,245.8200,245.6700,245.7100,4718.0000,245.7490,40
2026-08-12 19:35:55,NBIS,245.7700,245.7700,245.6200,245.6800,6955.0000,245.6740,31
2026-08-12 19:36:00,NBIS,245.6800,245.6800,245.5500,245.6200,2780.0000,245.6020,16
2026-08-12 19:36:05,NBIS,245.6200,245.6200,245.5200,245.5600,1303.0000,245.5760,7
2026-08-12 19:36:10,NBIS,245.5600,245.6600,245.5100,245.6100,3037.0000,245.6150,22
2026-08-12 19:36:15,NBIS,245.5500,245.5900,245.1500,245.2200,8264.0000,245.4240,57
2026-08-12 19:36:20,NBIS,245.1200,245.3800,245.1200,245.2900,5036.0000,245.2080,26
2026-08-12 19:36:25,NBIS,245.3800,245.5000,245.2200,245.4300,3825.0000,245.4200,22
2026-08-12 19:36:30,NBIS,245.4800,245.6200,245.3900,245.6200,3314.0000,245.5280,28
2026-08-12 19:36:35,NBIS,245.4100,245.8400,245.4100,245.7500,5634.0000,245.7110,35
2026-08-12 19:36:40,NBIS,245.9100,245.9900,245.6100,245.7500,5446.0000,245.7670,27
2026-08-12 19:36:45,NBIS,245.6400,245.7900,245.6300,245.7900,1000.0000,245.7110,3
2026-08-12 19:36:50,NBIS,245.7900,245.8000,245.5200,245.5500,4392.0000,245.7070,27
2026-08-12 19:36:55,NBIS,245.6600,245.6600,245.5600,245.6300,2836.0000,245.6130,16
2026-08-12 19:37:00,NBIS,245.6300,245.7900,245.6300,245.6500,2493.0000,245.7110,17
2026-08-12 19:37:05,NBIS,245.8000,245.9000,245.6600,245.8900,3094.0000,245.8270,14
2026-08-12 19:37:10,NBIS,245.9200,245.9600,245.8400,245.8600,4091.0000,245.8940,31
2026-08-12 19:37:15,NBIS,245.9600,246.0100,245.8200,245.8200,8345.0000,245.9620,40
2026-08-12 19:37:20,NBIS,245.9100,246.0000,245.8100,245.9700,2104.0000,245.9280,10
2026-08-12 19:37:25,NBIS,245.9100,246.3000,245.9000,246.1400,15902.0000,246.1420,92
2026-08-12 19:37:30,NBIS,246.1300,246.1400,245.8900,245.9200,3334.0000,245.9530,25
2026-08-12 19:37:35,NBIS,246.0100,246.1000,245.9400,246.0400,2018.0000,246.0170,16
2026-08-12 19:37:40,NBIS,246.1300,246.2000,246.0300,246.1900,2280.0000,246.0780,10
2026-08-12 19:37:45,NBIS,246.1600,246.3000,246.1600,246.2100,2670.0000,246.2120,16
2026-08-12 19:37:50,NBIS,246.2100,246.3600,246.2100,246.2800,3010.0000,246.2800,26
2026-08-12 19:37:55,NBIS,246.2800,246.4700,246.2500,246.4600,2719.0000,246.3690,21
2026-08-12 19:38:00,NBIS,246.3400,246.4700,246.3300,246.3800,4163.0000,246.3950,30
2026-08-12 19:38:05,NBIS,246.3500,246.4000,246.2700,246.4000,5723.0000,246.3500,30
2026-08-12 19:38:10,NBIS,246.4500,246.4900,246.4500,246.4700,3195.0000,246.4680,21
2026-08-12 19:38:15,NBIS,246.4700,246.4900,246.3700,246.4100,7631.0000,246.4390,34
2026-08-12 19:38:20,NBIS,246.4700,246.4700,246.3200,246.3900,1531.0000,246.3730,14
2026-08-12 19:38:25,NBIS,246.3300,246.3800,246.3100,246.3400,2000.0000,246.3320,14
2026-08-12 19:38:30,NBIS,246.3600,246.3600,245.7100,245.7700,10874.0000,246.0250,62
2026-08-12 19:38:35,NBIS,245.7700,245.8700,245.6500,245.7600,2472.0000,245.7370,18
2026-08-12 19:38:40,NBIS,245.7600,245.8200,245.6000,245.6000,2804.0000,245.6970,20
2026-08-12 19:38:45,NBIS,245.7600,245.7800,245.6000,245.6400,869.0000,245.6630,7
2026-08-12 19:38:50,NBIS,245.6400,246.0700,245.5600,245.9600,9907.0000,245.8110,82
2026-08-12 19:38:55,NBIS,245.9600,246.0700,245.9500,245.9700,1028.0000,245.9900,7
2026-08-12 19:39:00,NBIS,245.9600,246.2000,245.9500,246.1000,3454.0000,246.0570,29
2026-08-12 19:39:05,NBIS,246.0700,246.2100,246.0300,246.2100,2038.0000,246.1440,11
2026-08-12 19:39:10,NBIS,246.0100,246.2700,246.0100,246.2500,2243.0000,246.1920,19
2026-08-12 19:39:15,NBIS,246.2500,246.3300,246.1800,246.2100,1263.0000,246.2140,9
2026-08-12 19:39:20,NBIS,246.1800,246.2600,246.0400,246.1100,7513.0000,246.1490,49
2026-08-12 19:39:25,NBIS,246.0900,246.1000,245.9000,245.9300,4630.0000,245.9580,36
2026-08-12 19:39:30,NBIS,245.9300,245.9400,245.4500,245.4900,8440.0000,245.6690,51
2026-08-12 19:39:35,NBIS,245.7500,245.7500,245.1900,245.1900,6260.0000,245.3660,35
2026-08-12 19:39:40,NBIS,245.1900,245.2600,244.9000,245.0000,47783.0000,245.0560,212
2026-08-12 19:39:45,NBIS,245.0200,245.1000,244.9100,244.9400,3156.0000,244.9930,13
2026-08-12 19:39:50,NBIS,244.8900,244.9500,244.8000,244.8100,5863.0000,244.8580,35
2026-08-12 19:39:55,NBIS,244.8200,245.0000,244.8100,244.9500,3236.0000,244.9000,10
2026-08-12 19:40:00,NBIS,244.9300,244.9400,244.8000,244.8800,2099.0000,244.8830,10
2026-08-12 19:40:05,NBIS,244.9400,245.2200,244.8900,244.9200,10975.0000,245.0190,73
2026-08-12 19:40:10,NBIS,245.1100,245.2300,244.9500,245.0000,3653.0000,245.0560,29
2026-08-12 19:40:15,NBIS,245.0000,245.2300,245.0000,245.1600,8233.0000,245.0640,63
2026-08-12 19:40:20,NBIS,245.1500,245.2800,245.0500,245.0700,1215.0000,245.1410,7
2026-08-12 19:40:25,NBIS,245.0500,245.1500,245.0500,245.1300,3614.0000,245.0980,25
2026-08-12 19:40:30,NBIS,245.1000,245.1100,244.7800,244.8100,15594.0000,244.9180,62
2026-08-12 19:40:35,NBIS,244.8400,244.8400,244.3900,244.5200,22743.0000,244.6490,67
2026-08-12 19:40:40,NBIS,244.5700,244.6900,244.4600,244.6900,2115.0000,244.5690,13
2026-08-12 19:40:45,NBIS,244.5900,244.6000,244.4900,244.6000,2668.0000,244.5610,16
2026-08-12 19:40:50,NBIS,244.5100,244.7900,244.3700,244.7300,12781.0000,244.5860,73
2026-08-12 19:40:55,NBIS,244.7400,244.9900,244.7100,244.8700,3093.0000,244.8520,25
2026-08-12 19:41:00,NBIS,244.8700,245.1900,244.8600,244.9900,8439.0000,245.0010,54
2026-08-12 19:41:05,NBIS,245.0900,245.1800,244.8100,244.8200,4923.0000,244.9810,18
2026-08-12 19:41:10,NBIS,244.9400,245.2100,244.7900,244.7900,8974.0000,244.9960,64
2026-08-12 19:41:15,NBIS,244.8000,244.8000,244.1600,244.3800,34302.0000,244.3550,135
2026-08-12 19:41:20,NBIS,244.4800,244.6100,244.3000,244.4300,8366.0000,244.5070,38
2026-08-12 19:41:25,NBIS,244.5100,244.5700,244.3500,244.4100,4118.0000,244.4560,24
2026-08-12 19:41:30,NBIS,244.3800,244.5000,244.3200,244.4000,1821.0000,244.3840,14
2026-08-12 19:41:35,NBIS,244.4100,244.8800,244.3200,244.8800,9499.0000,244.5450,58
2026-08-12 19:41:40,NBIS,244.8500,245.0800,244.7500,244.9500,9350.0000,244.9550,45
2026-08-12 19:41:45,NBIS,245.0200,245.1200,245.0200,245.0200,4167.0000,245.0690,14
2026-08-12 19:41:50,NBIS,244.9300,245.0000,244.8600,244.8600,2791.0000,244.9590,16
2026-08-12 19:41:55,NBIS,244.8600,245.0000,244.8600,244.9000,3432.0000,244.9250,23
2026-08-12 19:42:00,NBIS,245.1000,245.1300,244.9500,245.0400,1728.0000,245.0310,13
2026-08-12 19:42:05,NBIS,245.0000,245.0800,244.9600,245.0500,2042.0000,245.0110,12
2026-08-12 19:42:10,NBIS,245.0500,245.0500,245.0400,245.0500,800.0000,245.0490,2
2026-08-12 19:42:15,NBIS,245.1500,245.1500,244.9800,245.0100,2342.0000,245.0630,12
2026-08-12 19:42:20,NBIS,245.1200,245.1700,245.0400,245.1200,4867.0000,245.0880,38
2026-08-12 19:42:25,NBIS,245.0200,245.0300,245.0000,245.0000,518.0000,245.0050,3
2026-08-12 19:42:30,NBIS,245.1000,245.5400,245.0200,245.5300,6642.0000,245.3320,34
2026-08-12 19:42:35,NBIS,245.5400,245.7100,245.4600,245.7100,1990.0000,245.5910,15
2026-08-12 19:42:40,NBIS,245.7100,245.8500,245.5800,245.8300,5777.0000,245.7320,34
2026-08-12 19:42:45,NBIS,245.8600,245.9000,245.7900,245.8500,9011.0000,245.8520,83
2026-08-12 19:42:50,NBIS,245.9100,245.9900,245.8400,245.9900,7518.0000,245.9240,45
2026-08-12 19:42:55,NBIS,245.9100,246.2200,245.8400,245.8400,14676.0000,246.0480,81
2026-08-12 19:43:00,NBIS,245.9800,246.0300,245.8400,245.9000,2033.0000,245.9450,14
2026-08-12 19:43:05,NBIS,245.9400,246.0000,245.8400,245.9100,6535.0000,245.9180,35
2026-08-12 19:43:10,NBIS,245.9900,246.0600,245.8700,245.8700,2778.0000,245.9640,20
2026-08-12 19:43:15,NBIS,245.8000,245.9700,245.8000,245.9600,2347.0000,245.8370,5
2026-08-12 19:43:20,NBIS,245.9500,245.9700,245.7500,245.7500,5353.0000,245.8580,42
2026-08-12 19:43:25,NBIS,245.8500,245.9700,245.7800,245.9000,4045.0000,245.9050,18
2026-08-12 19:43:30,NBIS,245.8800,245.8800,245.6600,245.7000,2804.0000,245.7520,20
2026-08-12 19:43:35,NBIS,245.6700,245.7400,245.6700,245.7000,730.0000,245.7010,7
2026-08-12 19:43:40,NBIS,245.7500,245.8200,245.7400,245.7700,3064.0000,245.7650,23
2026-08-12 19:43:45,NBIS,245.7400,245.7400,245.5000,245.5000,3334.0000,245.6360,29
2026-08-12 19:43:50,NBIS,245.4600,245.5400,245.4100,245.5400,1600.0000,245.4460,12
2026-08-12 19:43:55,NBIS,245.4400,245.4700,245.3700,245.3700,1034.0000,245.4420,8
2026-08-12 19:44:00,NBIS,245.4000,245.5600,245.4000,245.5200,4092.0000,245.5400,38
2026-08-12 19:44:05,NBIS,245.5600,245.5600,245.4600,245.5100,2322.0000,245.5000,12
2026-08-12 19:44:10,NBIS,245.4000,245.4300,245.3500,245.3700,3803.0000,245.3750,30
2026-08-12 19:44:15,NBIS,245.3700,245.4600,244.8500,244.9000,13927.0000,245.2630,96
2026-08-12 19:44:20,NBIS,244.7000,244.9200,244.6900,244.7800,14707.0000,244.7530,50
2026-08-12 19:44:25,NBIS,244.7800,244.9500,244.7100,244.9200,2362.0000,244.8230,17
2026-08-12 19:44:30,NBIS,244.8500,245.0900,244.8000,245.0400,5466.0000,244.9630,37
2026-08-12 19:44:35,NBIS,244.9900,245.0600,244.9800,245.0600,2463.0000,245.0170,14
2026-08-12 19:44:40,NBIS,245.0600,245.0600,245.0000,245.0400,2000.0000,245.0220,16
2026-08-12 19:44:45,NBIS,245.0000,245.0400,244.9700,245.0000,1116.0000,244.9930,8
2026-08-12 19:44:50,NBIS,244.9700,244.9800,244.9600,244.9800,1257.0000,244.9640,10
2026-08-12 19:44:55,NBIS,244.9900,245.0000,244.9600,245.0000,2112.0000,244.9830,16
2026-08-12 19:45:00,NBIS,245.0100,245.0600,244.9100,244.9900,4678.0000,244.9720,30
2026-08-12 19:45:05,NBIS,244.9900,245.1600,244.9900,245.0900,1411.0000,245.0580,14
2026-08-12 19:45:10,NBIS,245.0800,245.6100,245.0800,245.6000,6951.0000,245.3470,32
2026-08-12 19:45:15,NBIS,245.5500,245.6300,245.4700,245.6000,3316.0000,245.5380,27
2026-08-12 19:45:20,NBIS,245.6000,245.6500,245.4400,245.4700,4634.0000,245.5320,29
2026-08-12 19:45:25,NBIS,245.4700,245.6000,245.3000,245.5000,3055.0000,245.4450,22
2026-08-12 19:45:30,NBIS,245.4900,245.5700,245.4700,245.5400,2260.0000,245.5180,12
2026-08-12 19:45:35,NBIS,245.6100,245.8500,245.4200,245.4200,8022.0000,245.6800,60
2026-08-12 19:45:40,NBIS,245.4800,245.5500,245.4100,245.4800,1290.0000,245.4890,7
2026-08-12 19:45:45,NBIS,245.4800,245.7300,245.4800,245.7300,3050.0000,245.6770,26
2026-08-12 19:45:50,NBIS,245.5800,245.8800,245.5800,245.7100,2575.0000,245.7330,12
2026-08-12 19:45:55,NBIS,245.6800,245.8700,245.6400,245.7400,2950.0000,245.7440,19
2026-08-12 19:46:00,NBIS,245.7400,245.8800,245.6700,245.8800,612.0000,245.7690,5
2026-08-12 19:46:05,NBIS,245.7500,246.0600,245.7500,245.9900,10334.0000,245.9630,64
2026-08-12 19:46:10,NBIS,246.0000,246.1600,245.9900,246.0800,10491.0000,246.0730,72
2026-08-12 19:46:15,NBIS,246.0000,246.2700,246.0000,246.2700,2990.0000,246.1720,17
2026-08-12 19:46:20,NBIS,246.2800,246.2800,246.0300,246.1100,5623.0000,246.1440,31
2026-08-12 19:46:25,NBIS,246.0900,246.1700,246.0500,246.1200,1411.0000,246.1080,12
2026-08-12 19:46:30,NBIS,246.0800,246.1800,246.0000,246.0400,14095.0000,246.0740,85
2026-08-12 19:46:35,NBIS,246.0700,246.1200,246.0300,246.0800,1700.0000,246.0760,9
2026-08-12 19:46:40,NBIS,246.0800,246.1500,246.0700,246.1000,1250.0000,246.1250,10
2026-08-12 19:46:45,NBIS,246.1400,246.1400,245.9700,246.0000,6229.0000,246.0320,39
2026-08-12 19:46:50,NBIS,246.0000,246.0400,246.0000,246.0400,400.0000,246.0250,3
2026-08-12 19:46:55,NBIS,245.9900,246.1000,245.9900,246.0400,1816.0000,246.0270,7
2026-08-12 19:47:00,NBIS,246.0500,246.1300,245.8700,245.9500,4539.0000,246.0060,32
2026-08-12 19:47:05,NBIS,246.0400,246.0400,245.8600,245.8600,1171.0000,245.9460,9
2026-08-12 19:47:10,NBIS,245.8900,245.9200,245.8100,245.8500,1812.0000,245.8570,16
2026-08-12 19:47:15,NBIS,245.8600,245.9100,245.8600,245.9100,381.0000,245.8730,2
2026-08-12 19:47:20,NBIS,245.8900,245.9700,245.8200,245.8900,3314.0000,245.9000,6
2026-08-12 19:47:25,NBIS,246.0000,246.0600,245.7800,245.8700,6373.0000,245.8840,45
2026-08-12 19:47:30,NBIS,245.8900,245.9000,245.7600,245.8100,3587.0000,245.7890,19
2026-08-12 19:47:35,NBIS,245.8400,245.8600,245.7600,245.8100,1135.0000,245.8100,10
2026-08-12 19:47:40,NBIS,245.8100,246.0000,245.7800,245.9900,4352.0000,245.8800,35
2026-08-12 19:47:45,NBIS,246.0200,246.0500,246.0000,246.0200,3182.0000,246.0180,16
2026-08-12 19:47:50,NBIS,246.0200,246.0200,245.9500,245.9800,4750.0000,245.9760,35
2026-08-12 19:47:55,NBIS,245.9500,245.9500,245.8600,245.9100,5085.0000,245.9070,31
2026-08-12 19:48:00,NBIS,245.9100,246.0000,245.9000,245.9600,1857.0000,245.9680,12
2026-08-12 19:48:05,NBIS,246.0000,246.2500,245.9900,246.2200,2335.0000,246.1330,16
2026-08-12 19:48:10,NBIS,246.2300,246.2500,246.0500,246.1000,4522.0000,246.1740,32
2026-08-12 19:48:15,NBIS,246.0300,246.1900,245.9500,245.9500,5861.0000,246.0610,31
2026-08-12 19:48:20,NBIS,246.0300,246.1600,245.9500,246.0500,1912.0000,246.0700,10
2026-08-12 19:48:25,NBIS,245.9500,245.9800,245.9400,245.9500,2985.0000,245.9470,25
2026-08-12 19:48:30,NBIS,245.9800,246.0100,245.8300,246.0100,2870.0000,245.8870,18
2026-08-12 19:48:35,NBIS,245.8700,245.9000,245.7900,245.8300,3100.0000,245.8730,28
2026-08-12 19:48:40,NBIS,246.0000,246.0000,245.7900,245.9000,2238.0000,245.8530,9
2026-08-12 19:48:45,NBIS,245.9000,246.0000,245.8700,245.8700,1852.0000,245.9170,10
2026-08-12 19:48:50,NBIS,245.9400,246.0000,245.9300,246.0000,1175.0000,245.9410,6
2026-08-12 19:48:55,NBIS,245.9000,246.0500,245.9000,246.0200,3329.0000,245.9690,21
2026-08-12 19:49:00,NBIS,246.0200,246.1800,246.0200,246.1800,1740.0000,246.0650,14
2026-08-12 19:49:05,NBIS,246.0700,246.1000,245.9500,246.0100,3926.0000,245.9940,13
2026-08-12 19:49:10,NBIS,246.0500,246.1800,245.9700,246.1800,3401.0000,246.0510,17
2026-08-12 19:49:15,NBIS,246.1800,246.2500,246.0900,246.1700,4714.0000,246.1620,32
2026-08-12 19:49:20,NBIS,246.2000,246.2000,246.1400,246.1500,850.0000,246.1540,5
2026-08-12 19:49:25,NBIS,246.1500,246.2900,246.1400,246.2200,4073.0000,246.2270,25
2026-08-12 19:49:30,NBIS,246.2500,246.2500,246.1700,246.1800,3100.0000,246.2030,29
2026-08-12 19:49:35,NBIS,246.2000,246.2000,246.0800,246.1400,3654.0000,246.1350,30
2026-08-12 19:49:40,NBIS,246.1600,246.1900,246.1100,246.1700,2000.0000,246.1340,13
2026-08-12 19:49:45,NBIS,246.1700,246.1800,246.1300,246.1800,554.0000,246.1700,3
2026-08-12 19:49:50,NBIS,246.1900,246.1900,246.1800,246.1800,1445.0000,246.1830,14
2026-08-12 19:49:55,NBIS,246.1800,246.2000,246.1800,246.1800,1948.0000,246.1850,12
2026-08-12 19:50:00,NBIS,246.1100,246.2100,246.1000,246.2100,3843.0000,246.1280,20
2026-08-12 19:50:05,NBIS,246.2100,246.3600,246.2000,246.3600,3978.0000,246.2750,26
2026-08-12 19:50:10,NBIS,246.3600,246.4600,246.3100,246.3900,5895.0000,246.3920,34
2026-08-12 19:50:15,NBIS,246.4200,246.4300,246.2200,246.3600,3958.0000,246.3210,29
2026-08-12 19:50:20,NBIS,246.3700,246.6400,246.3700,246.4900,6120.0000,246.5040,45
2026-08-12 19:50:25,NBIS,246.5500,246.6600,246.5000,246.5800,5124.0000,246.5820,41
2026-08-12 19:50:30,NBIS,246.5800,246.6300,246.4900,246.5400,4806.0000,246.5330,25
2026-08-12 19:50:35,NBIS,246.5700,246.6200,246.5400,246.6000,1332.0000,246.5740,9
2026-08-12 19:50:40,NBIS,246.6000,246.7200,246.6000,246.6900,4532.0000,246.6490,25
2026-08-12 19:50:45,NBIS,246.6900,246.6900,246.3000,246.3700,7927.0000,246.5460,61
2026-08-12 19:50:50,NBIS,246.4000,246.5900,246.3500,246.4100,3033.0000,246.4440,20
2026-08-12 19:50:55,NBIS,246.4600,246.4700,246.2000,246.2100,2662.0000,246.2760,14
2026-08-12 19:51:00,NBIS,246.2100,246.3100,246.2100,246.2700,2340.0000,246.2610,12
2026-08-12 19:51:05,NBIS,246.2700,246.2700,246.1100,246.2500,7734.0000,246.1940,53
2026-08-12 19:51:10,NBIS,246.3200,246.3500,246.2600,246.3500,3849.0000,246.3070,20
2026-08-12 19:51:15,NBIS,246.3000,246.3600,246.2900,246.3300,2192.0000,246.3290,13
2026-08-12 19:51:20,NBIS,246.3900,246.3900,246.2100,246.2500,3293.0000,246.2640,17
2026-08-12 19:51:25,NBIS,246.2200,246.2900,246.2000,246.2100,2644.0000,246.2430,15
2026-08-12 19:51:30,NBIS,246.2400,246.3000,246.1900,246.3000,4103.0000,246.2100,16
2026-08-12 19:51:35,NBIS,246.1900,246.2800,246.1900,246.2800,1494.0000,246.2170,11
2026-08-12 19:51:40,NBIS,246.2000,246.2900,246.1900,246.2300,2522.0000,246.2310,18
2026-08-12 19:51:45,NBIS,246.1700,246.2200,246.1700,246.2200,1894.0000,246.2050,12
2026-08-12 19:51:50,NBIS,246.2200,246.2300,246.1600,246.2300,4983.0000,246.1900,33
2026-08-12 19:51:55,NBIS,246.2000,246.2500,246.2000,246.2500,400.0000,246.2250,3
2026-08-12 19:52:00,NBIS,246.2200,246.2300,246.0800,246.0900,5598.0000,246.1250,27
2026-08-12 19:52:05,NBIS,246.1400,246.2000,246.0800,246.0800,3188.0000,246.1350,11
2026-08-12 19:52:10,NBIS,246.1000,246.1000,245.9600,245.9600,6365.0000,246.0180,43
2026-08-12 19:52:15,NBIS,246.1000,246.1000,245.9600,246.0000,2388.0000,245.9860,17
2026-08-12 19:52:20,NBIS,245.9800,246.0600,245.9400,246.0300,4483.0000,246.0030,30
2026-08-12 19:52:25,NBIS,246.0300,246.0400,245.9800,246.0300,1035.0000,246.0270,8
2026-08-12 19:52:30,NBIS,246.0400,246.1200,246.0100,246.0400,3199.0000,246.0760,23
2026-08-12 19:52:35,NBIS,246.0800,246.3500,246.0800,246.2200,3084.0000,246.2090,25
2026-08-12 19:52:40,NBIS,246.2800,246.2900,246.2100,246.2800,946.0000,246.2670,6
2026-08-12 19:52:45,NBIS,246.2700,246.2700,246.1800,246.1900,1500.0000,246.2190,10
2026-08-12 19:52:50,NBIS,246.2400,246.2500,246.1500,246.1500,5077.0000,246.1990,24
2026-08-12 19:52:55,NBIS,246.2000,246.2000,246.0900,246.1500,5372.0000,246.1620,32
2026-08-12 19:53:00,NBIS,246.1500,246.1900,246.0500,246.1900,3409.0000,246.1250,16
2026-08-12 19:53:05,NBIS,246.1900,246.2500,246.1800,246.2500,2790.0000,246.2250,22
2026-08-12 19:53:10,NBIS,246.2500,246.2900,246.1800,246.2700,1600.0000,246.2280,13
2026-08-12 19:53:15,NBIS,246.2900,246.3000,246.1000,246.1300,4248.0000,246.1890,29
2026-08-12 19:53:20,NBIS,246.1300,246.1300,246.1300,246.1300,973.0000,246.1300,9
2026-08-12 19:53:25,NBIS,246.1300,246.1300,246.0200,246.0300,3107.0000,246.0680,23
2026-08-12 19:53:30,NBIS,246.1200,246.2100,246.1100,246.2100,1366.0000,246.1420,8
2026-08-12 19:53:35,NBIS,246.1800,246.2500,246.1800,246.2400,2875.0000,246.2390,9
2026-08-12 19:53:40,NBIS,246.3000,246.4600,246.3000,246.4000,5895.0000,246.3990,36
2026-08-12 19:53:45,NBIS,246.4100,246.4500,246.3900,246.4500,2112.0000,246.4310,19
2026-08-12 19:53:50,NBIS,246.4500,246.4800,246.3900,246.4700,3924.0000,246.4270,25
2026-08-12 19:53:55,NBIS,246.4200,246.5000,246.4000,246.4500,2259.0000,246.4680,8
2026-08-12 19:54:00,NBIS,246.5000,246.5800,246.4600,246.5800,3688.0000,246.5190,19
2026-08-12 19:54:05,NBIS,246.5200,246.6900,246.5000,246.5700,2730.0000,246.6210,23
2026-08-12 19:54:10,NBIS,246.5800,246.6000,246.4500,246.4900,13740.0000,246.4790,42
2026-08-12 19:54:15,NBIS,246.5000,246.5100,246.4100,246.5100,3174.0000,246.4250,12
2026-08-12 19:54:20,NBIS,246.5300,246.5300,246.4500,246.5000,2235.0000,246.4720,15
2026-08-12 19:54:25,NBIS,246.4500,246.7300,246.4500,246.5400,3730.0000,246.5580,17
2026-08-12 19:54:30,NBIS,246.6000,246.8300,246.5900,246.8100,20565.0000,246.7800,50
2026-08-12 19:54:35,NBIS,246.8100,247.1700,246.7200,246.7200,40615.0000,246.9170,207
2026-08-12 19:54:40,NBIS,246.7800,246.9400,246.7800,246.9400,1000.0000,246.8190,7
2026-08-12 19:54:45,NBIS,246.7900,246.8400,246.6200,246.8400,2976.0000,246.7280,26
2026-08-12 19:54:50,NBIS,246.9800,246.9800,246.7500,246.7500,2824.0000,246.8490,20
2026-08-12 19:54:55,NBIS,246.7800,246.9300,246.7400,246.9300,2339.0000,246.8430,12
2026-08-12 19:55:00,NBIS,247.0000,247.1500,246.9500,246.9800,1814.0000,247.0200,14
2026-08-12 19:55:05,NBIS,247.0000,247.1500,246.9100,247.0700,13853.0000,247.0780,39
2026-08-12 19:55:10,NBIS,246.9700,247.0500,246.9000,246.9200,2480.0000,246.9600,19
2026-08-12 19:55:15,NBIS,246.9000,246.9300,246.8900,246.9300,2490.0000,246.9190,6
2026-08-12 19:55:20,NBIS,246.8600,246.9100,246.8600,246.8900,2095.0000,246.8850,16
2026-08-12 19:55:25,NBIS,246.8800,246.8900,246.6900,246.7600,6561.0000,246.8070,38
2026-08-12 19:55:30,NBIS,246.8400,246.9700,246.7600,246.9200,2840.0000,246.8840,20
2026-08-12 19:55:35,NBIS,246.9200,246.9300,246.8600,246.8600,1654.0000,246.8800,7
2026-08-12 19:55:40,NBIS,246.8600,246.9300,246.8300,246.9300,2742.0000,246.8620,25
2026-08-12 19:55:45,NBIS,246.8800,246.9500,246.7900,246.9500,2890.0000,246.8350,22
2026-08-12 19:55:50,NBIS,246.8700,246.8700,246.6500,246.7200,4578.0000,246.7830,24
2026-08-12 19:55:55,NBIS,246.7200,246.7200,246.6900,246.7200,775.0000,246.7120,5
2026-08-12 19:56:00,NBIS,246.7900,246.8500,246.6500,246.7900,2914.0000,246.7530,7
2026-08-12 19:56:05,NBIS,246.7900,246.7900,246.5900,246.6700,9771.0000,246.6950,53
2026-08-12 19:56:10,NBIS,246.6700,246.6700,246.5400,246.6000,850.0000,246.5890,7
2026-08-12 19:56:15,NBIS,246.5100,246.6800,246.5000,246.6000,8005.0000,246.5680,30
2026-08-12 19:56:20,NBIS,246.6900,246.7000,246.3500,246.3500,7763.0000,246.4720,23
2026-08-12 19:56:25,NBIS,246.3900,246.4500,246.3600,246.4300,3660.0000,246.4070,11
2026-08-12 19:56:30,NBIS,246.4000,246.5100,246.3900,246.4000,2228.0000,246.4300,16
2026-08-12 19:56:35,NBIS,246.4400,246.5000,246.3600,246.3600,1837.0000,246.4200,11
2026-08-12 19:56:40,NBIS,246.4400,246.5100,246.4000,246.4600,4877.0000,246.4530,13
2026-08-12 19:56:45,NBIS,246.4600,246.4600,246.3600,246.4200,1593.0000,246.4060,10
2026-08-12 19:56:50,NBIS,246.3600,246.3700,246.3500,246.3600,356.0000,246.3610,2
2026-08-12 19:56:55,NBIS,246.4000,246.4200,246.3200,246.3300,4256.0000,246.3780,15
2026-08-12 19:57:00,NBIS,246.3200,246.3400,246.2500,246.3000,2776.0000,246.2980,16
2026-08-12 19:57:05,NBIS,246.2000,246.2000,245.9300,245.9300,6360.0000,246.0460,33
2026-08-12 19:57:10,NBIS,246.0000,246.2200,245.7000,246.0300,48376.0000,246.1290,162
2026-08-12 19:57:15,NBIS,246.0300,246.0700,245.8800,245.9200,3943.0000,245.9980,14
2026-08-12 19:57:20,NBIS,246.0900,246.2800,246.0800,246.1800,10132.0000,246.1770,35
2026-08-12 19:57:25,NBIS,246.2300,246.2900,246.1900,246.1900,2507.0000,246.2390,12
2026-08-12 19:57:30,NBIS,246.1900,246.5500,246.1900,246.4800,6863.0000,246.3870,39
2026-08-12 19:57:35,NBIS,246.4900,246.6100,246.3600,246.4900,866.0000,246.5030,7
2026-08-12 19:57:40,NBIS,246.3900,246.8500,246.3900,246.8400,4033.0000,246.7470,19
2026-08-12 19:57:45,NBIS,246.8000,246.9700,246.8000,246.9700,3557.0000,246.8730,16
2026-08-12 19:57:50,NBIS,246.9700,247.1300,246.9700,246.9700,9661.0000,247.0140,56
2026-08-12 19:57:55,NBIS,246.9800,246.9800,246.8700,246.9400,6303.0000,246.9340,43
2026-08-12 19:58:00,NBIS,246.9200,246.9600,246.8600,246.9100,2650.0000,246.8890,22
2026-08-12 19:58:05,NBIS,246.8700,246.9400,246.8300,246.8300,2739.0000,246.8960,12
2026-08-12 19:58:10,NBIS,246.8900,246.8900,246.8300,246.8400,3700.0000,246.8620,30
2026-08-12 19:58:15,NBIS,246.8200,246.8700,246.6300,246.7100,1824.0000,246.7630,13
2026-08-12 19:58:20,NBIS,246.7600,246.7700,246.6400,246.6400,545.0000,246.7330,4
2026-08-12 19:58:25,NBIS,246.6800,246.7700,246.5300,246.5900,1812.0000,246.6190,10
2026-08-12 19:58:30,NBIS,246.5900,246.6700,246.5400,246.6600,2020.0000,246.6250,12
2026-08-12 19:58:35,NBIS,246.6200,246.7000,246.6200,246.7000,1884.0000,246.6500,10
2026-08-12 19:58:40,NBIS,246.7000,246.7000,246.5900,246.6400,4141.0000,246.6380,15
2026-08-12 19:58:45,NBIS,246.6500,246.6500,246.2100,246.3500,4309.0000,246.4890,27
2026-08-12 19:58:50,NBIS,246.4900,246.4900,246.2100,246.3600,5280.0000,246.2610,38
2026-08-12 19:58:55,NBIS,246.2400,246.2400,246.2400,246.2400,200.0000,246.2400,1
2026-08-12 19:59:00,NBIS,246.3900,246.4200,246.3900,246.4200,1243.0000,246.4030,9
2026-08-12 19:59:05,NBIS,246.4600,246.5700,246.4600,246.5400,2722.0000,246.5090,17
2026-08-12 19:59:10,NBIS,246.5400,246.5400,246.4400,246.4500,2832.0000,246.4830,16
2026-08-12 19:59:15,NBIS,246.4500,246.4800,246.2900,246.3200,772.0000,246.3980,6
2026-08-12 19:59:20,NBIS,246.3900,246.4800,246.3600,246.4300,886.0000,246.4270,6
2026-08-12 19:59:25,NBIS,246.4300,246.5100,246.3900,246.4500,6423.0000,246.4060,16
2026-08-12 19:59:30,NBIS,246.3900,246.4000,246.3300,246.4000,1643.0000,246.3770,10
2026-08-12 19:59:35,NBIS,246.2700,246.3400,246.2700,246.2700,425.0000,246.2850,4
2026-08-12 19:59:40,NBIS,246.2400,246.3100,246.1300,246.1400,2638.0000,246.2300,25
2026-08-12 19:59:45,NBIS,246.1400,246.2300,246.0900,246.1500,2531.0000,246.1490,11
2026-08-12 19:59:50,NBIS,246.1600,246.2400,246.0600,246.2300,1577.0000,246.2000,5
2026-08-12 19:59:55,NBIS,246.2100,246.2600,246.1400,246.1400,1538.0000,246.1850,13
2026-08-12 20:00:00,NBIS,246.1700,246.3000,246.1600,246.3000,5061.0000,246.2580,27
2026-08-12 20:00:05,NBIS,246.3200,246.4000,246.2900,246.4000,2453.0000,246.3360,16
2026-08-12 20:00:10,NBIS,246.4000,246.4000,246.3000,246.3700,2650.0000,246.3870,22
2026-08-12 20:00:15,NBIS,246.3700,246.3700,246.3700,246.3700,0.0000,246.3700,0
2026-08-12 20:00:20,NBIS,246.4000,246.4000,246.3100,246.3100,3214.0000,246.3590,32
2026-08-12 20:00:25,NBIS,246.3900,246.5700,246.3800,246.5000,4681.0000,246.4620,30
2026-08-12 20:00:30,NBIS,246.5200,246.5800,246.5100,246.5200,4226.0000,246.5420,25
2026-08-12 20:00:35,NBIS,246.5600,246.6100,246.5600,246.6100,550.0000,246.5900,4
2026-08-12 20:00:40,NBIS,246.5700,246.6700,246.5600,246.6700,3608.0000,246.6300,17
2026-08-12 20:00:45,NBIS,246.6500,246.7000,246.2800,246.3600,9608.0000,246.5010,71
2026-08-12 20:00:50,NBIS,246.3600,246.5400,246.2600,246.5400,3002.0000,246.3760,24
2026-08-12 20:00:55,NBIS,246.5600,246.5800,246.4600,246.4600,1291.0000,246.5350,8
2026-08-12 20:01:00,NBIS,246.5300,246.6500,246.4700,246.5900,2303.0000,246.5690,13
2026-08-12 20:01:05,NBIS,246.5900,246.6200,246.5300,246.5300,1760.0000,246.5570,12
2026-08-12 20:01:10,NBIS,246.5500,246.5700,246.5300,246.5300,2127.0000,246.5360,9
2026-08-12 20:01:15,NBIS,246.5900,246.5900,246.5900,246.5900,309.0000,246.5900,2
2026-08-12 20:01:20,NBIS,246.6400,246.6600,246.5400,246.5900,2395.0000,246.6070,20
2026-08-12 20:01:25,NBIS,246.6600,246.7100,246.6200,246.6700,3857.0000,246.6680,18
2026-08-12 20:01:30,NBIS,246.6300,246.6900,246.5600,246.6300,1830.0000,246.6460,8
2026-08-12 20:01:35,NBIS,246.5600,246.5700,246.5600,246.5700,526.0000,246.5650,2
2026-08-12 20:01:40,NBIS,246.7000,246.7900,246.6700,246.7300,5425.0000,246.7230,46
2026-08-12 20:01:45,NBIS,246.6900,246.8100,246.6900,246.7500,1388.0000,246.7660,8
2026-08-12 20:01:50,NBIS,246.7000,246.7900,246.6700,246.7500,2322.0000,246.7390,12
2026-08-12 20:01:55,NBIS,246.7000,246.7500,246.7000,246.7500,1097.0000,246.7420,9
2026-08-12 20:02:00,NBIS,246.7500,246.8400,246.7200,246.8400,2311.0000,246.7840,14
2026-08-12 20:02:05,NBIS,246.8100,246.8400,246.7400,246.8000,3507.0000,246.8070,29
2026-08-12 20:02:10,NBIS,246.8000,246.8100,246.7300,246.8000,2084.0000,246.7630,15
2026-08-12 20:02:15,NBIS,246.7600,246.9600,246.7300,246.8100,4766.0000,246.8170,33
2026-08-12 20:02:20,NBIS,246.7500,246.8600,246.7500,246.8600,1600.0000,246.7840,5
2026-08-12 20:02:25,NBIS,246.9600,247.0000,246.8600,246.9700,4898.0000,246.9640,34
2026-08-12 20:02:30,NBIS,246.9500,247.0700,246.8400,247.0200,3555.0000,246.9560,29
2026-08-12 20:02:35,NBIS,247.0300,247.0900,246.9100,247.0200,3109.0000,247.0050,18
2026-08-12 20:02:40,NBIS,247.0000,247.1800,247.0000,247.1100,9360.0000,247.1290,41
2026-08-12 20:02:45,NBIS,247.1800,247.1800,247.0600,247.0700,2860.0000,247.1470,9
2026-08-12 20:02:50,NBIS,247.0600,247.1800,247.0400,247.0800,8907.0000,247.1050,58
2026-08-12 20:02:55,NBIS,247.1500,247.1800,247.0600,247.0600,4270.0000,247.1180,22
2026-08-12 20:03:00,NBIS,247.0600,247.1900,247.0600,247.0800,4891.0000,247.1000,27
2026-08-12 20:03:05,NBIS,247.1000,247.1900,247.1000,247.1400,1714.0000,247.1310,13
2026-08-12 20:03:10,NBIS,247.1400,247.1800,247.1000,247.1000,965.0000,247.1520,6
2026-08-12 20:03:15,NBIS,247.1800,247.1800,247.0800,247.1400,2102.0000,247.1260,14
2026-08-12 20:03:20,NBIS,247.1400,247.3000,247.1000,247.2000,9657.0000,247.2220,50
2026-08-12 20:03:25,NBIS,247.2300,247.2700,247.1200,247.2600,7904.0000,247.2080,43
2026-08-12 20:03:30,NBIS,247.2800,247.3000,247.2100,247.2200,1199.0000,247.2500,7
2026-08-12 20:03:35,NBIS,247.2000,247.2400,247.1300,247.2400,4900.0000,247.2040,32
2026-08-12 20:03:40,NBIS,247.2200,247.3300,247.2200,247.2800,3789.0000,247.2700,22
2026-08-12 20:03:45,NBIS,247.3000,247.3500,247.2600,247.3200,9169.0000,247.3080,59
2026-08-12 20:03:50,NBIS,247.3000,247.3600,247.2900,247.3200,3973.0000,247.3210,29
2026-08-12 20:03:55,NBIS,247.3400,247.4100,247.2900,247.3700,4916.0000,247.3450,41
2026-08-12 20:04:00,NBIS,247.3500,247.6100,247.3400,247.6000,17718.0000,247.4760,117
2026-08-12 20:04:05,NBIS,247.5500,247.6600,247.4800,247.5200,5855.0000,247.5450,43
2026-08-12 20:04:10,NBIS,247.5700,247.5700,247.4600,247.5100,5242.0000,247.4850,22
2026-08-12 20:04:15,NBIS,247.5300,247.6000,247.4900,247.6000,2910.0000,247.5420,19
2026-08-12 20:04:20,NBIS,247.6600,247.7200,247.6000,247.6600,5881.0000,247.6740,33
2026-08-12 20:04:25,NBIS,247.6300,247.7900,247.6100,247.7600,6944.0000,247.7220,26
2026-08-12 20:04:30,NBIS,247.7700,247.8800,247.6800,247.7900,18071.0000,247.7810,90
2026-08-12 20:04:35,NBIS,247.6800,247.7800,247.5100,247.5600,12370.0000,247.5940,45
2026-08-12 20:04:40,NBIS,247.6200,247.6800,247.5300,247.6800,1470.0000,247.6140,13
2026-08-12 20:04:45,NBIS,247.6800,247.6800,247.4500,247.5000,5132.0000,247.5070,28
2026-08-12 20:04:50,NBIS,247.5000,247.5700,247.4800,247.5400,1670.0000,247.5100,10
2026-08-12 20:04:55,NBIS,247.5700,247.6600,247.5000,247.5900,4187.0000,247.5780,29
2026-08-12 20:05:00,NBIS,247.5000,247.5400,247.4200,247.5100,3481.0000,247.4600,29
2026-08-12 20:05:05,NBIS,247.4800,247.5300,247.2300,247.2800,8561.0000,247.3400,61
2026-08-12 20:05:10,NBIS,247.3400,247.4300,247.2600,247.3700,2431.0000,247.3340,15
2026-08-12 20:05:15,NBIS,247.3000,247.3100,247.1600,247.1900,6249.0000,247.2610,41
2026-08-12 20:05:20,NBIS,247.1300,247.1800,247.0400,247.0800,6412.0000,247.0780,46
2026-08-12 20:05:25,NBIS,247.0500,247.0500,246.8100,246.8900,8449.0000,246.9590,44
2026-08-12 20:05:30,NBIS,246.8300,246.9400,246.8200,246.8500,4970.0000,246.8760,32
2026-08-12 20:05:35,NBIS,246.8400,246.8900,246.5300,246.6600,7626.0000,246.7280,48
2026-08-12 20:05:40,NBIS,246.6700,246.9700,246.4100,246.5600,7929.0000,246.7230,57
2026-08-12 20:05:45,NBIS,246.4100,246.4600,246.3100,246.3900,4557.0000,246.3800,33
2026-08-12 20:05:50,NBIS,246.4000,246.7300,246.4000,246.7100,5096.0000,246.5990,31
2026-08-12 20:05:55,NBIS,246.6500,246.6500,246.3100,246.4100,2415.0000,246.4740,18
2026-08-12 20:06:00,NBIS,246.4800,246.6000,246.4800,246.6000,2357.0000,246.5350,8
2026-08-12 20:06:05,NBIS,246.6200,246.7500,246.5900,246.7300,3894.0000,246.6870,16
2026-08-12 20:06:10,NBIS,246.7300,246.8000,246.6600,246.6700,2829.0000,246.7090,19
2026-08-12 20:06:15,NBIS,246.5800,246.6600,246.5400,246.6600,922.0000,246.5920,8
2026-08-12 20:06:20,NBIS,246.7500,246.7500,246.6000,246.6000,2800.0000,246.6710,14
2026-08-12 20:06:25,NBIS,246.6500,246.7500,246.6500,246.7000,3023.0000,246.6950,25
2026-08-12 20:06:30,NBIS,246.6400,246.9300,246.6400,246.8400,3931.0000,246.7830,25
2026-08-12 20:06:35,NBIS,246.8200,246.8500,246.7400,246.8500,2808.0000,246.7770,11
2026-08-12 20:06:40,NBIS,246.8100,246.8100,246.7100,246.7800,3727.0000,246.7640,23
2026-08-12 20:06:45,NBIS,246.7100,246.8900,246.7100,246.8900,1079.0000,246.8080,7
2026-08-12 20:06:50,NBIS,246.8500,246.8700,246.8300,246.8300,501.0000,246.8490,4
2026-08-12 20:06:55,NBIS,246.7800,246.9300,246.6300,246.6400,11624.0000,246.8030,64
2026-08-12 20:07:00,NBIS,246.6100,246.6100,246.4900,246.5500,1692.0000,246.5490,11
2026-08-12 20:07:05,NBIS,246.4900,246.5200,246.4300,246.4700,3410.0000,246.4710,11
2026-08-12 20:07:10,NBIS,246.5200,246.7300,246.5100,246.6400,2200.0000,246.6460,19
2026-08-12 20:07:15,NBIS,246.6600,246.6700,246.5800,246.6600,2304.0000,246.6530,22
2026-08-12 20:07:20,NBIS,246.6600,246.6900,246.5100,246.5700,3404.0000,246.6250,24
2026-08-12 20:07:25,NBIS,246.5700,246.6300,246.5100,246.6300,1250.0000,246.5690,11
2026-08-12 20:07:30,NBIS,246.5800,246.6300,246.5800,246.5800,450.0000,246.6080,3
2026-08-12 20:07:35,NBIS,246.6300,246.6300,246.5300,246.5800,6470.0000,246.5940,24
2026-08-12 20:07:40,NBIS,246.6400,246.7500,246.4700,246.6400,8989.0000,246.6050,67
2026-08-12 20:07:45,NBIS,246.5000,246.5800,246.4100,246.5000,1849.0000,246.4610,8
2026-08-12 20:07:50,NBIS,246.4900,246.5000,246.3000,246.3500,4363.0000,246.4380,21
2026-08-12 20:07:55,NBIS,246.3700,246.5000,246.3100,246.4100,6684.0000,246.3930,31
2026-08-12 20:08:00,NBIS,246.3700,246.4400,246.3000,246.3700,2638.0000,246.3430,19
2026-08-12 20:08:05,NBIS,246.3900,246.6500,246.3900,246.5600,7135.0000,246.5070,49
2026-08-12 20:08:10,NBIS,246.5000,246.7300,246.5000,246.6400,1450.0000,246.6580,12
2026-08-12 20:08:15,NBIS,246.7200,246.8000,246.7100,246.7200,1903.0000,246.7490,12
2026-08-12 20:08:20,NBIS,246.7400,246.7400,246.5600,246.6500,3378.0000,246.6880,12
2026-08-12 20:08:25,NBIS,246.6000,246.6000,246.5400,246.5400,400.0000,246.5850,3
2026-08-12 20:08:30,NBIS,246.6000,246.6000,246.0000,246.0000,11340.0000,246.2350,66
2026-08-12 20:08:35,NBIS,246.1100,246.1600,246.0300,246.1600,3346.0000,246.1230,14
2026-08-12 20:08:40,NBIS,246.2100,246.2700,246.1600,246.1600,1998.0000,246.2010,12
2026-08-12 20:08:45,NBIS,246.1900,246.2600,246.1500,246.2600,1832.0000,246.1730,15
2026-08-12 20:08:50,NBIS,246.2600,246.2600,246.2300,246.2500,4642.0000,246.2390,14
2026-08-12 20:08:55,NBIS,246.2600,246.2800,246.0800,246.2200,5828.0000,246.2160,39
2026-08-12 20:09:00,NBIS,246.2600,246.2900,246.1100,246.1400,3012.0000,246.2060,19
2026-08-12 20:09:05,NBIS,246.2000,246.3000,246.1400,246.2100,6362.0000,246.2420,30
2026-08-12 20:09:10,NBIS,246.2400,246.3500,246.2400,246.3000,5753.0000,246.3050,14
2026-08-12 20:09:15,NBIS,246.2400,246.3400,246.2400,246.3000,1770.0000,246.3090,12
2026-08-12 20:09:20,NBIS,246.3000,246.3900,246.2500,246.2700,4629.0000,246.3070,23
2026-08-12 20:09:25,NBIS,246.3400,246.3400,246.3000,246.3000,305.0000,246.3240,2
2026-08-12 20:09:30,NBIS,246.2800,246.3900,246.2600,246.3900,2404.0000,246.3250,15
2026-08-12 20:09:35,NBIS,246.3400,246.3600,246.1500,246.1700,2056.0000,246.2300,16
2026-08-12 20:09:40,NBIS,246.1800,246.2700,246.1000,246.2400,2425.0000,246.1850,22
2026-08-12 20:09:45,NBIS,246.2500,246.2800,246.0500,246.2800,3329.0000,246.1550,21
2026-08-12 20:09:50,NBIS,246.1500,246.2200,246.0500,246.2200,1900.0000,246.1160,9
2026-08-12 20:09:55,NBIS,246.2300,246.2500,246.0800,246.0900,2480.0000,246.1420,17
2026-08-12 20:10:00,NBIS,246.1100,246.1700,246.0600,246.1600,1100.0000,246.0990,9
2026-08-12 20:10:05,NBIS,246.1200,246.2500,246.0500,246.0800,4844.0000,246.1130,15
2026-08-12 20:10:10,NBIS,246.1500,246.1500,245.9200,245.9400,5149.0000,245.9950,34
2026-08-12 20:10:15,NBIS,246.0100,246.0100,245.8700,245.8700,6463.0000,245.9550,32
2026-08-12 20:10:20,NBIS,245.9600,246.1300,245.9200,246.0100,3301.0000,246.0240,21
2026-08-12 20:10:25,NBIS,246.0200,246.0700,246.0000,246.0100,3879.0000,246.0440,31
2026-08-12 20:10:30,NBIS,246.0300,246.0700,245.9700,245.9700,1050.0000,246.0180,8
2026-08-12 20:10:35,NBIS,246.0100,246.1100,245.8300,245.8300,3379.0000,245.9850,32
2026-08-12 20:10:40,NBIS,245.9600,245.9600,245.8300,245.9100,1570.0000,245.8980,14
2026-08-12 20:10:45,NBIS,245.9100,245.9200,245.7700,245.8000,6953.0000,245.8360,31
2026-08-12 20:10:50,NBIS,245.7900,246.0000,245.7800,245.9200,4050.0000,245.8510,19
2026-08-12 20:10:55,NBIS,245.8600,245.8900,245.8200,245.8300,1702.0000,245.8430,8
2026-08-12 20:11:00,NBIS,245.8300,245.8700,245.7800,245.8200,3929.0000,245.8350,22
2026-08-12 20:11:05,NBIS,245.8300,245.8300,245.8200,245.8200,267.0000,245.8260,2
2026-08-12 20:11:10,NBIS,245.7700,245.8500,245.7100,245.7100,14336.0000,245.7620,93
2026-08-12 20:11:15,NBIS,245.6900,245.7500,245.5300,245.5300,1265.0000,245.6280,8
2026-08-12 20:11:20,NBIS,245.5200,245.7000,245.5000,245.7000,5454.0000,245.5480,28
2026-08-12 20:11:25,NBIS,245.6000,245.6600,245.5000,245.5300,2083.0000,245.5620,9
2026-08-12 20:11:30,NBIS,245.5900,245.7000,245.5000,245.5800,3230.0000,245.6060,12
2026-08-12 20:11:35,NBIS,245.5000,245.5700,245.3000,245.3900,7324.0000,245.4180,66
2026-08-12 20:11:40,NBIS,245.3900,245.4600,245.3000,245.3500,4450.0000,245.3870,22
2026-08-12 20:11:45,NBIS,245.3300,245.3300,245.2200,245.2800,5267.0000,245.2810,24
2026-08-12 20:11:50,NBIS,245.2700,245.3500,245.2700,245.3500,1574.0000,245.3010,9
2026-08-12 20:11:55,NBIS,245.3500,245.4700,245.3000,245.3900,4178.0000,245.3890,23
2026-08-12 20:12:00,NBIS,245.3900,245.4400,245.1500,245.2000,6014.0000,245.2950,28
2026-08-12 20:12:05,NBIS,245.1800,245.2500,245.1500,245.2500,3328.0000,245.2330,23
2026-08-12 20:12:10,NBIS,245.3000,245.4600,245.3000,245.4400,9090.0000,245.3900,34
2026-08-12 20:12:15,NBIS,245.4400,245.5600,245.3300,245.5600,8381.0000,245.4210,36
2026-08-12 20:12:20,NBIS,245.6000,245.6500,245.5700,245.6400,1132.0000,245.6170,10
2026-08-12 20:12:25,NBIS,245.6000,245.6100,245.5400,245.5700,4290.0000,245.5840,32
2026-08-12 20:12:30,NBIS,245.6000,245.6500,245.5300,245.6500,4400.0000,245.5590,17
2026-08-12 20:12:35,NBIS,245.7100,245.7100,245.6200,245.6200,2165.0000,245.6720,10
2026-08-12 20:12:40,NBIS,245.7100,245.7100,245.4700,245.5100,8552.0000,245.5690,46
2026-08-12 20:12:45,NBIS,245.4600,245.4600,245.2500,245.2600,2250.0000,245.3260,19
2026-08-12 20:12:50,NBIS,245.4900,245.5000,245.2600,245.3700,1611.0000,245.4180,6
2026-08-12 20:12:55,NBIS,245.5000,245.5000,245.3400,245.3400,2881.0000,245.3670,15
2026-08-12 20:13:00,NBIS,245.4200,245.4800,245.3900,245.4200,2000.0000,245.4130,9
2026-08-12 20:13:05,NBIS,245.4200,245.4300,245.3800,245.4300,947.0000,245.4180,9
2026-08-12 20:13:10,NBIS,245.4300,245.5800,245.4300,245.5500,4467.0000,245.5100,32
2026-08-12 20:13:15,NBIS,245.5600,245.5700,245.3600,245.3900,3821.0000,245.4860,26
2026-08-12 20:13:20,NBIS,245.3800,245.3800,245.3100,245.3400,1580.0000,245.3410,7
2026-08-12 20:13:25,NBIS,245.3400,245.3400,245.3000,245.3000,1867.0000,245.3120,16
2026-08-12 20:13:30,NBIS,245.3300,245.3300,245.2600,245.2900,2440.0000,245.2950,17
2026-08-12 20:13:35,NBIS,245.2900,245.2900,245.2900,245.2900,1440.0000,245.2900,5
2026-08-12 20:13:40,NBIS,245.2900,245.2900,245.1000,245.2700,7193.0000,245.1910,31
2026-08-12 20:13:45,NBIS,245.1900,245.2700,245.1800,245.2600,2941.0000,245.2110,19
2026-08-12 20:13:50,NBIS,245.2100,245.2200,245.1100,245.1800,2552.0000,245.1850,11
2026-08-12 20:13:55,NBIS,245.1700,245.2400,245.1700,245.2300,1300.0000,245.2020,9
2026-08-12 20:14:00,NBIS,245.2300,245.2300,245.1300,245.2200,401.0000,245.1970,3
2026-08-12 20:14:05,NBIS,245.2600,245.2600,245.1700,245.1800,635.0000,245.2220,6
2026-08-12 20:14:10,NBIS,245.2700,245.4200,245.1500,245.3200,3409.0000,245.3190,18
2026-08-12 20:14:15,NBIS,245.4300,245.4300,245.2600,245.3400,4796.0000,245.3320,42
2026-08-12 20:14:20,NBIS,245.2600,245.3500,245.0900,245.1400,6715.0000,245.2320,50
2026-08-12 20:14:25,NBIS,245.1300,245.1400,244.8300,244.8500,25806.0000,244.9920,135
2026-08-12 20:14:30,NBIS,244.9900,245.1100,244.8800,245.1000,7602.0000,245.0110,50
2026-08-12 20:14:35,NBIS,245.1400,245.2600,245.1400,245.2600,900.0000,245.2140,7
2026-08-12 20:14:40,NBIS,245.2200,245.3300,245.2100,245.2600,1706.0000,245.2580,8
2026-08-12 20:14:45,NBIS,245.3500,245.4100,245.1800,245.4100,3464.0000,245.3110,20
2026-08-12 20:14:50,NBIS,245.4200,245.4500,245.2700,245.3700,2400.0000,245.3730,17
2026-08-12 20:14:55,NBIS,245.3700,245.4800,245.3500,245.4000,2200.0000,245.4090,18
2026-08-12 20:15:00,NBIS,245.3200,245.4000,245.3200,245.4000,1313.0000,245.3570,8
2026-08-12 20:15:05,NBIS,245.4000,245.4800,245.3100,245.3400,3361.0000,245.3690,25
2026-08-12 20:15:10,NBIS,245.3000,245.4000,245.3000,245.3500,1590.0000,245.3580,9
2026-08-12 20:15:15,NBIS,245.3900,245.4900,245.3900,245.4400,6240.0000,245.4340,43
2026-08-12 20:15:20,NBIS,245.4000,245.5500,245.4000,245.5100,4786.0000,245.4630,34
2026-08-12 20:15:25,NBIS,245.4000,245.5000,245.4000,245.5000,1605.0000,245.4590,4
2026-08-12 20:15:30,NBIS,245.5000,245.5100,245.4200,245.4600,2351.0000,245.4590,18
2026-08-12 20:15:35,NBIS,245.4100,245.4300,245.3300,245.4300,2721.0000,245.3770,20
2026-08-12 20:15:40,NBIS,245.5100,245.5500,245.4200,245.5200,3000.0000,245.5100,18
2026-08-12 20:15:45,NBIS,245.5600,245.5700,245.4000,245.4100,2035.0000,245.4380,15
2026-08-12 20:15:50,NBIS,245.4100,245.4700,245.3400,245.3800,2299.0000,245.3950,19
2026-08-12 20:15:55,NBIS,245.4100,245.4900,245.3100,245.4900,2096.0000,245.3950,17
2026-08-12 20:16:00,NBIS,245.3400,245.3500,245.2400,245.2500,1657.0000,245.3050,13
2026-08-12 20:16:05,NBIS,245.2600,245.3700,245.2600,245.3200,2803.0000,245.3080,28
2026-08-12 20:16:10,NBIS,245.3900,245.3900,245.1400,245.1400,2450.0000,245.2370,23
2026-08-12 20:16:15,NBIS,245.1800,245.2600,245.0600,245.1600,3133.0000,245.1280,13
2026-08-12 20:16:20,NBIS,245.1500,245.2300,245.0800,245.0800,2221.0000,245.1040,7
2026-08-12 20:16:25,NBIS,245.1700,245.1700,245.1600,245.1700,260.0000,245.1650,1
2026-08-12 20:16:30,NBIS,245.2000,245.2400,245.1300,245.2400,2963.0000,245.1800,14
2026-08-12 20:16:35,NBIS,245.2100,245.3000,245.2100,245.2700,2698.0000,245.2590,25
2026-08-12 20:16:40,NBIS,245.2700,245.4000,245.1900,245.4000,1562.0000,245.3040,12
2026-08-12 20:16:45,NBIS,245.4100,245.4900,245.4000,245.4300,3400.0000,245.4080,6
2026-08-12 20:16:50,NBIS,245.3500,245.6900,245.3500,245.6900,5765.0000,245.5190,33
2026-08-12 20:16:55,NBIS,245.6600,245.8000,245.6000,245.6000,8953.0000,245.7030,55
2026-08-12 20:17:00,NBIS,245.7000,245.7000,245.4000,245.4900,4698.0000,245.5490,36
2026-08-12 20:17:05,NBIS,245.5000,245.5500,245.4900,245.5500,1902.0000,245.5110,7
2026-08-12 20:17:10,NBIS,245.5800,245.6600,245.5800,245.6400,1150.0000,245.5990,10
2026-08-12 20:17:15,NBIS,245.5900,245.5900,245.5000,245.5100,4573.0000,245.5350,30
2026-08-12 20:17:20,NBIS,245.4700,245.5400,245.4200,245.5400,2709.0000,245.5000,22
2026-08-12 20:17:25,NBIS,245.5400,245.6000,245.4500,245.5100,2886.0000,245.5610,14
2026-08-12 20:17:30,NBIS,245.6200,245.7400,245.6200,245.7200,1525.0000,245.6740,9
2026-08-12 20:17:35,NBIS,245.7300,245.7300,245.6700,245.6700,1100.0000,245.6840,11
2026-08-12 20:17:40,NBIS,245.7200,245.7400,245.6300,245.6900,4948.0000,245.6710,10
2026-08-12 20:17:45,NBIS,245.7200,245.7500,245.6700,245.7000,2876.0000,245.7100,16
2026-08-12 20:17:50,NBIS,245.6800,245.8100,245.4300,245.5100,15645.0000,245.5890,102
2026-08-12 20:17:55,NBIS,245.4300,245.5200,245.3000,245.3000,6390.0000,245.4180,37
2026-08-12 20:18:00,NBIS,245.3100,245.3600,245.2500,245.2900,900.0000,245.3030,5
2026-08-12 20:18:05,NBIS,245.4100,245.4200,245.1500,245.2500,3866.0000,245.3370,22
2026-08-12 20:18:10,NBIS,245.1200,245.2000,245.0900,245.0900,2576.0000,245.1220,11
2026-08-12 20:18:15,NBIS,245.1000,245.1400,244.9100,244.9100,10447.0000,245.0500,45
2026-08-12 20:18:20,NBIS,244.9600,245.3200,244.9500,245.3100,12456.0000,245.1200,71
2026-08-12 20:18:25,NBIS,245.1600,245.2100,245.0500,245.0600,4521.0000,245.1060,12
2026-08-12 20:18:30,NBIS,245.2000,245.2100,245.1000,245.1100,3130.0000,245.1680,15
2026-08-12 20:18:35,NBIS,245.2200,245.3600,245.1500,245.2100,4356.0000,245.2680,36
2026-08-12 20:18:40,NBIS,245.2600,245.2600,245.2600,245.2600,190.0000,245.2600,1
2026-08-12 20:18:45,NBIS,245.2700,245.2700,245.2300,245.2400,364.0000,245.2470,3
2026-08-12 20:18:50,NBIS,245.2500,245.2600,245.1800,245.2600,1484.0000,245.2350,10
2026-08-12 20:18:55,NBIS,245.2500,245.3600,245.2500,245.3600,1922.0000,245.3110,12
2026-08-12 20:19:00,NBIS,245.3600,245.4400,245.3500,245.4200,4247.0000,245.3820,21
2026-08-12 20:19:05,NBIS,245.5000,245.6300,245.4700,245.5300,2162.0000,245.5370,13
2026-08-12 20:19:10,NBIS,245.6200,245.8300,245.5700,245.7900,4482.0000,245.7020,23
2026-08-12 20:19:15,NBIS,245.7900,246.1500,245.7300,246.1200,15553.0000,245.9820,87
2026-08-12 20:19:20,NBIS,246.1300,246.4600,246.0800,246.3700,4340.0000,246.2940,18
2026-08-12 20:19:25,NBIS,246.3600,246.5000,246.3100,246.3900,2903.0000,246.3960,16
2026-08-12 20:19:30,NBIS,246.3900,246.4600,246.3200,246.4100,857.0000,246.3950,7
2026-08-12 20:19:35,NBIS,246.4500,246.4800,246.3100,246.3600,7122.0000,246.3880,55
2026-08-12 20:19:40,NBIS,246.3700,246.4500,246.2900,246.4000,2398.0000,246.3850,13
2026-08-12 20:19:45,NBIS,246.3700,246.4900,246.3300,246.3600,4504.0000,246.3590,32
2026-08-12 20:19:50,NBIS,246.3600,246.4000,246.2600,246.3300,5766.0000,246.3320,31
2026-08-12 20:19:55,NBIS,246.3400,246.4000,246.3000,246.3600,3508.0000,246.3340,33
2026-08-12 20:20:00,NBIS,246.3200,246.3400,246.2800,246.3400,5641.0000,246.3000,25
2026-08-12 20:20:05,NBIS,246.3400,246.5000,246.2200,246.2800,7477.0000,246.3100,53
2026-08-12 20:20:10,NBIS,246.2200,246.4200,246.2200,246.4000,5883.0000,246.3300,18
2026-08-12 20:20:15,NBIS,246.4000,246.5000,246.3600,246.4100,2740.0000,246.4400,13
2026-08-12 20:20:20,NBIS,246.4100,246.4200,246.3200,246.3900,1624.0000,246.3970,13
2026-08-12 20:20:25,NBIS,246.3300,246.4600,246.3100,246.4100,2599.0000,246.3710,19
2026-08-12 20:20:30,NBIS,246.5000,246.7300,246.5000,246.6600,5521.0000,246.5980,31
2026-08-12 20:20:35,NBIS,246.6100,246.6900,246.5200,246.6300,9288.0000,246.6040,19
2026-08-12 20:20:40,NBIS,246.5700,246.6300,246.5200,246.5200,1250.0000,246.5800,11
2026-08-12 20:20:45,NBIS,246.5800,246.6700,246.5200,246.6700,3805.0000,246.6100,17
2026-08-12 20:20:50,NBIS,246.6700,246.6700,246.6200,246.6700,1550.0000,246.6340,5
2026-08-12 20:20:55,NBIS,246.6700,246.8000,246.6200,246.7500,5468.0000,246.7010,42
2026-08-12 20:21:00,NBIS,246.6900,246.6900,246.6300,246.6500,1800.0000,246.6650,16
2026-08-12 20:21:05,NBIS,246.6800,246.6800,246.5800,246.6500,1924.0000,246.6240,17
2026-08-12 20:21:10,NBIS,246.5800,246.6500,246.5800,246.6100,1100.0000,246.6090,11
2026-08-12 20:21:15,NBIS,246.6500,246.6500,246.4200,246.4400,7258.0000,246.5530,52
2026-08-12 20:21:20,NBIS,246.5200,246.5700,246.4000,246.4500,827.0000,246.4770,7
2026-08-12 20:21:25,NBIS,246.4300,246.4800,246.4200,246.4300,2297.0000,246.4710,18
2026-08-12 20:21:30,NBIS,246.4900,246.6000,246.4800,246.5200,1605.0000,246.5440,13
2026-08-12 20:21:35,NBIS,246.5800,246.7500,246.5700,246.6700,2403.0000,246.6550,14
2026-08-12 20:21:40,NBIS,246.7200,246.8400,246.6300,246.7700,4580.0000,246.7580,27
2026-08-12 20:21:45,NBIS,246.7500,246.8400,246.7400,246.7800,4947.0000,246.8140,16
2026-08-12 20:21:50,NBIS,246.7800,246.8000,246.7000,246.7800,2687.0000,246.7390,15
2026-08-12 20:21:55,NBIS,246.7800,246.9100,246.7600,246.8700,5758.0000,246.8520,18
2026-08-12 20:22:00,NBIS,246.9100,246.9200,246.8000,246.8500,1560.0000,246.8730,12
2026-08-12 20:22:05,NBIS,246.8600,246.9200,246.8300,246.8700,2042.0000,246.8660,18
2026-08-12 20:22:10,NBIS,246.8700,246.8700,246.5900,246.5900,4000.0000,246.7190,34
2026-08-12 20:22:15,NBIS,246.6700,246.6900,246.6500,246.6900,604.0000,246.6780,6
2026-08-12 20:22:20,NBIS,246.6000,246.6700,246.5900,246.6600,2100.0000,246.6430,18
2026-08-12 20:22:25,NBIS,246.5400,246.6000,246.5400,246.6000,600.0000,246.5900,6
2026-08-12 20:22:30,NBIS,246.5900,246.6100,246.5500,246.5500,575.0000,246.5830,4
2026-08-12 20:22:35,NBIS,246.6100,246.8300,246.6000,246.8300,2562.0000,246.6860,15
2026-08-12 20:22:40,NBIS,246.8200,246.8400,246.7900,246.8400,3900.0000,246.8280,12
2026-08-12 20:22:45,NBIS,246.7900,246.8000,246.7500,246.7600,3069.0000,246.7900,13
2026-08-12 20:22:50,NBIS,246.8000,246.8000,246.7900,246.8000,600.0000,246.8000,2
2026-08-12 20:22:55,NBIS,246.7600,246.8100,246.7600,246.8100,500.0000,246.7880,5
2026-08-12 20:23:00,NBIS,246.8600,246.8600,246.7700,246.7700,1858.0000,246.8120,17
2026-08-12 20:23:05,NBIS,246.8100,246.8300,246.7700,246.8300,995.0000,246.8010,5
2026-08-12 20:23:10,NBIS,246.8300,246.9900,246.8300,246.9700,4592.0000,246.9280,36
2026-08-12 20:23:15,NBIS,246.9700,247.1700,246.9500,247.0700,18074.0000,247.0220,83
2026-08-12 20:23:20,NBIS,247.0400,247.2000,246.9800,247.1700,3802.0000,247.1050,20
2026-08-12 20:23:25,NBIS,247.0000,247.2200,247.0000,247.2000,3355.0000,247.1480,20
2026-08-12 20:23:30,NBIS,247.1600,247.2400,247.0900,247.1400,3717.0000,247.1290,28
2026-08-12 20:23:35,NBIS,247.1400,247.2000,247.0600,247.1100,5419.0000,247.1310,22
2026-08-12 20:23:40,NBIS,247.1800,247.1800,247.0400,247.0600,2200.0000,247.0890,16
2026-08-12 20:23:45,NBIS,247.0800,247.1100,247.0300,247.0900,2281.0000,247.0690,18
2026-08-12 20:23:50,NBIS,247.1200,247.2500,247.0200,247.1800,4330.0000,247.1470,38
2026-08-12 20:23:55,NBIS,247.2500,247.2500,246.8700,247.0100,11575.0000,247.0550,68
2026-08-12 20:24:00,NBIS,246.9100,246.9300,246.8800,246.9300,1351.0000,246.9090,13
2026-08-12 20:24:05,NBIS,246.9300,247.0600,246.9200,247.0600,2437.0000,247.0130,16
2026-08-12 20:24:10,NBIS,247.0500,247.0700,246.9100,246.9900,2628.0000,247.0370,9
2026-08-12 20:24:15,NBIS,246.9700,247.1000,246.9700,247.1000,300.0000,247.0530,3
2026-08-12 20:24:20,NBIS,247.0400,247.0600,247.0400,247.0600,1050.0000,247.0510,10
2026-08-12 20:24:25,NBIS,247.0700,247.2000,247.0300,247.1200,3346.0000,247.0740,14
2026-08-12 20:24:30,NBIS,247.1300,247.2000,247.0400,247.1200,3328.0000,247.1210,20
2026-08-12 20:24:35,NBIS,247.2000,247.4100,247.2000,247.2800,6265.0000,247.3070,33
2026-08-12 20:24:40,NBIS,247.3500,247.4200,247.3500,247.3600,4937.0000,247.3950,14
2026-08-12 20:24:45,NBIS,247.3900,247.5400,247.3600,247.5000,13437.0000,247.4870,94
2026-08-12 20:24:50,NBIS,247.4700,247.5400,247.3900,247.4900,7193.0000,247.4810,38
2026-08-12 20:24:55,NBIS,247.5100,247.6000,247.4800,247.5100,3520.0000,247.5380,16
2026-08-12 20:25:00,NBIS,247.5400,247.6000,247.4400,247.4800,3282.0000,247.5020,22
2026-08-12 20:25:05,NBIS,247.5200,247.5200,247.3900,247.4700,2547.0000,247.4210,14
2026-08-12 20:25:10,NBIS,247.4300,247.6000,247.4300,247.5200,5227.0000,247.5490,28
2026-08-12 20:25:15,NBIS,247.4500,247.5200,247.3600,247.4000,4009.0000,247.4360,29
2026-08-12 20:25:20,NBIS,247.3800,247.3900,247.2700,247.2700,5277.0000,247.3530,26
2026-08-12 20:25:25,NBIS,247.3100,247.3900,247.2300,247.2900,15611.0000,247.3490,26
2026-08-12 20:25:30,NBIS,247.3400,247.3400,247.2000,247.2200,1501.0000,247.2650,9
2026-08-12 20:25:35,NBIS,247.2200,247.2900,247.1300,247.1800,4477.0000,247.2060,30
2026-08-12 20:25:40,NBIS,247.1700,247.2000,247.1700,247.2000,3500.0000,247.1940,18
2026-08-12 20:25:45,NBIS,247.2000,247.2000,247.1400,247.2000,1225.0000,247.1890,5
2026-08-12 20:25:50,NBIS,247.2000,247.2400,247.1500,247.2000,2421.0000,247.2060,12
2026-08-12 20:25:55,NBIS,247.2200,247.2200,247.1500,247.2000,2800.0000,247.1860,16
2026-08-12 20:26:00,NBIS,247.1500,247.1900,247.1300,247.1900,2278.0000,247.1570,18
2026-08-12 20:26:05,NBIS,247.1700,247.3200,247.1700,247.3200,3018.0000,247.2480,18
2026-08-12 20:26:10,NBIS,247.3200,247.4000,247.3200,247.3800,850.0000,247.3410,8
2026-08-12 20:26:15,NBIS,247.3200,247.4400,247.3100,247.4000,5195.0000,247.3920,42
2026-08-12 20:26:20,NBIS,247.4000,247.5000,247.3800,247.5000,1758.0000,247.4500,6
2026-08-12 20:26:25,NBIS,247.4400,247.5000,247.4400,247.4400,1200.0000,247.4450,6
2026-08-12 20:26:30,NBIS,247.5000,247.5000,247.3900,247.4600,1153.0000,247.4480,8
2026-08-12 20:26:35,NBIS,247.4200,247.5300,247.3600,247.3600,3671.0000,247.4550,21
2026-08-12 20:26:40,NBIS,247.3600,247.4100,247.3400,247.3400,5151.0000,247.3610,9
2026-08-12 20:26:45,NBIS,247.3100,247.5000,247.1500,247.1700,3581.0000,247.2750,27
2026-08-12 20:26:50,NBIS,247.1800,247.2000,246.9600,247.0600,5600.0000,247.0850,38
2026-08-12 20:26:55,NBIS,247.0600,247.0700,246.9700,247.0500,1954.0000,247.0560,18
2026-08-12 20:27:00,NBIS,247.0500,247.0800,246.9900,247.0800,2654.0000,247.0530,20
2026-08-12 20:27:05,NBIS,247.0100,247.1300,247.0100,247.1000,961.0000,247.0570,7
2026-08-12 20:27:10,NBIS,247.1000,247.2200,247.0900,247.2200,2754.0000,247.1380,17
2026-08-12 20:27:15,NBIS,247.1600,247.2300,247.1500,247.2300,1051.0000,247.2090,7
2026-08-12 20:27:20,NBIS,247.2300,247.3000,247.2000,247.2000,3718.0000,247.2490,17
2026-08-12 20:27:25,NBIS,247.2400,247.2600,247.1200,247.1800,2126.0000,247.1770,16
2026-08-12 20:27:30,NBIS,247.2000,247.2000,247.2000,247.2000,200.0000,247.2000,1
2026-08-12 20:27:35,NBIS,247.2900,247.3700,247.2800,247.3700,815.0000,247.3220,6
2026-08-12 20:27:40,NBIS,247.3100,247.4300,247.2900,247.2900,3028.0000,247.3740,21
2026-08-12 20:27:45,NBIS,247.3900,247.4300,247.3000,247.3000,1669.0000,247.3590,10
2026-08-12 20:27:50,NBIS,247.3600,247.4200,247.3000,247.4000,7809.0000,247.3260,34
2026-08-12 20:27:55,NBIS,247.3400,247.5000,247.3300,247.4300,990.0000,247.4120,7
2026-08-12 20:28:00,NBIS,247.4400,247.4400,247.3500,247.4300,3538.0000,247.3880,24
2026-08-12 20:28:05,NBIS,247.3700,247.4300,247.3500,247.3500,1906.0000,247.4000,15
2026-08-12 20:28:10,NBIS,247.4100,247.4200,247.3700,247.4200,861.0000,247.4080,4
2026-08-12 20:28:15,NBIS,247.3900,247.4800,247.3600,247.4100,3650.0000,247.4430,16
2026-08-12 20:28:20,NBIS,247.4800,247.4800,247.3600,247.4200,800.0000,247.4160,8
2026-08-12 20:28:25,NBIS,247.4200,247.4900,247.3700,247.4700,2868.0000,247.4410,22
2026-08-12 20:28:30,NBIS,247.5000,247.5000,247.3600,247.4100,3942.0000,247.4400,28
2026-08-12 20:28:35,NBIS,247.4100,247.4500,247.3900,247.4500,700.0000,247.4130,6
2026-08-12 20:28:40,NBIS,247.4200,247.4400,247.4200,247.4200,1800.0000,247.4210,18
2026-08-12 20:28:45,NBIS,247.4200,247.4700,247.4200,247.4700,900.0000,247.4590,3
2026-08-12 20:28:50,NBIS,247.4400,247.5100,247.4000,247.5100,1535.0000,247.4620,11
2026-08-12 20:28:55,NBIS,247.5100,247.6000,247.5000,247.5500,4635.0000,247.5540,32
2026-08-12 20:29:00,NBIS,247.6000,247.6000,247.5200,247.5800,3379.0000,247.5800,22
2026-08-12 20:29:05,NBIS,247.6200,247.6400,247.5800,247.6000,4933.0000,247.6130,19
2026-08-12 20:29:10,NBIS,247.6300,247.7900,247.5100,247.5900,22409.0000,247.7050,111
2026-08-12 20:29:15,NBIS,247.6100,247.6600,247.4800,247.5000,2058.0000,247.5870,11
2026-08-12 20:29:20,NBIS,247.5400,247.5800,247.4600,247.5000,2556.0000,247.5190,18
2026-08-12 20:29:25,NBIS,247.5000,247.7000,247.4700,247.4900,3233.0000,247.5750,16
2026-08-12 20:29:30,NBIS,247.4800,247.6600,247.4700,247.5900,3415.0000,247.5700,24
2026-08-12 20:29:35,NBIS,247.5000,247.6100,247.4800,247.5600,3235.0000,247.5250,16
2026-08-12 20:29:40,NBIS,247.5500,247.6500,247.5200,247.6000,4936.0000,247.5820,32
2026-08-12 20:29:45,NBIS,247.5500,247.7400,247.4500,247.7400,6506.0000,247.5340,52
2026-08-12 20:29:50,NBIS,247.6900,247.6900,247.6000,247.6900,2162.0000,247.6750,15
2026-08-12 20:29:55,NBIS,247.7000,247.7500,247.6700,247.6800,919.0000,247.6910,8
2026-08-12 20:30:00,NBIS,247.6200,247.6900,247.5600,247.6800,2970.0000,247.5820,10
2026-08-12 20:30:05,NBIS,247.6500,247.7300,247.5500,247.6500,1673.0000,247.6250,14
2026-08-12 20:30:10,NBIS,247.6300,247.6300,247.5400,247.5600,2136.0000,247.5990,17
2026-08-12 20:30:15,NBIS,247.5600,247.6100,247.5400,247.5900,1734.0000,247.5720,16
2026-08-12 20:30:20,NBIS,247.5600,247.7000,247.5300,247.6400,2642.0000,247.6170,18
2026-08-12 20:30:25,NBIS,247.6500,247.7500,247.6500,247.7100,5191.0000,247.7010,38
2026-08-12 20:30:30,NBIS,247.6900,247.7400,247.6800,247.6900,500.0000,247.7040,4
2026-08-12 20:30:35,NBIS,247.7600,247.8000,247.7000,247.7600,3900.0000,247.7820,22
2026-08-12 20:30:40,NBIS,247.7600,247.8000,247.7000,247.7200,12308.0000,247.7900,14
2026-08-12 20:30:45,NBIS,247.7200,247.7500,247.6600,247.6600,4152.0000,247.6940,38
2026-08-12 20:30:50,NBIS,247.6600,247.7500,247.6000,247.6200,3962.0000,247.6410,18
2026-08-12 20:30:55,NBIS,247.6500,247.6700,247.6000,247.6700,1643.0000,247.6440,10
2026-08-12 20:31:00,NBIS,247.5900,247.6500,247.5500,247.5600,2571.0000,247.5770,13
2026-08-12 20:31:05,NBIS,247.5100,247.6400,247.5000,247.6000,1803.0000,247.5650,16
2026-08-12 20:31:10,NBIS,247.6000,247.8300,247.6000,247.7600,9837.0000,247.7770,21
2026-08-12 20:31:15,NBIS,247.7600,247.7700,247.6900,247.7600,3961.0000,247.7400,25
2026-08-12 20:31:20,NBIS,247.6900,247.7600,247.6900,247.7600,620.0000,247.7430,5
2026-08-12 20:31:25,NBIS,247.7200,247.7700,247.7000,247.7100,2518.0000,247.7380,16
2026-08-12 20:31:30,NBIS,247.7100,247.7300,247.6000,247.6600,3049.0000,247.6630,19
2026-08-12 20:31:35,NBIS,247.7000,247.7700,247.6200,247.7700,2953.0000,247.7060,14
2026-08-12 20:31:40,NBIS,247.7700,247.8300,247.7200,247.7900,1058.0000,247.7800,10
2026-08-12 20:31:45,NBIS,247.8300,247.8300,247.7600,247.7700,2332.0000,247.7890,21
2026-08-12 20:31:50,NBIS,247.7800,247.8000,247.7500,247.8000,693.0000,247.7790,6
2026-08-12 20:31:55,NBIS,247.7900,247.7900,247.7400,247.7800,3550.0000,247.7570,17
2026-08-12 20:32:00,NBIS,247.7800,248.7200,247.7700,248.7200,53543.0000,248.1190,240
2026-08-12 20:32:05,NBIS,248.7200,248.7900,248.5700,248.7000,9176.0000,248.7040,54
2026-08-12 20:32:10,NBIS,248.6700,248.7900,248.6500,248.7200,6402.0000,248.6970,25
2026-08-12 20:32:15,NBIS,248.7700,248.8800,248.7000,248.8000,15636.0000,248.7850,95
2026-08-12 20:32:20,NBIS,248.7300,248.7400,248.4900,248.5000,8744.0000,248.5710,40
2026-08-12 20:32:25,NBIS,248.4900,248.6600,248.3800,248.5100,7951.0000,248.4940,26
2026-08-12 20:32:30,NBIS,248.4800,248.4800,248.3700,248.4300,4946.0000,248.4300,27
2026-08-12 20:32:35,NBIS,248.3900,248.4800,248.3100,248.3500,2732.0000,248.3720,16
2026-08-12 20:32:40,NBIS,248.3000,248.3500,248.1600,248.2600,6446.0000,248.2640,53
2026-08-12 20:32:45,NBIS,248.2500,248.3500,248.1800,248.2500,1378.0000,248.2480,9
2026-08-12 20:32:50,NBIS,248.2700,248.4600,248.2600,248.2800,5790.0000,248.3570,38
2026-08-12 20:32:55,NBIS,248.3800,248.3800,248.2000,248.2600,2687.0000,248.2840,20
2026-08-12 20:33:00,NBIS,248.2100,248.2800,248.1600,248.1900,3878.0000,248.2150,26
2026-08-12 20:33:05,NBIS,248.1800,248.2500,248.0500,248.1400,4553.0000,248.1120,28
2026-08-12 20:33:10,NBIS,248.1300,248.1800,248.0700,248.1000,2228.0000,248.1010,12
2026-08-12 20:33:15,NBIS,248.1000,248.1300,248.0000,248.0000,2448.0000,248.0270,21
2026-08-12 20:33:20,NBIS,248.0400,248.1900,247.9500,248.0600,5208.0000,248.0730,36
2026-08-12 20:33:25,NBIS,248.1200,248.1200,247.9400,248.0500,3615.0000,248.0440,21
2026-08-12 20:33:30,NBIS,248.0600,248.0600,247.7300,247.8100,5923.0000,247.8690,42
2026-08-12 20:33:35,NBIS,247.8300,247.9000,247.8200,247.8400,3927.0000,247.8470,15
2026-08-12 20:33:40,NBIS,247.9300,247.9300,247.8400,247.8400,2400.0000,247.8920,12
2026-08-12 20:33:45,NBIS,247.9200,248.3200,247.8600,248.2300,7923.0000,248.0690,44
2026-08-12 20:33:50,NBIS,248.1900,248.3200,248.1800,248.3200,1115.0000,248.2750,7
2026-08-12 20:33:55,NBIS,248.2700,248.7600,248.2700,248.6700,7854.0000,248.5250,52
2026-08-12 20:34:00,NBIS,248.6700,248.7200,248.2500,248.4400,3926.0000,248.4320,31
2026-08-12 20:34:05,NBIS,248.4400,248.4800,248.2100,248.2100,4278.0000,248.3440,27
2026-08-12 20:34:10,NBIS,248.2800,248.4600,248.2700,248.4600,2044.0000,248.3850,12
2026-08-12 20:34:15,NBIS,248.4000,248.4500,248.3600,248.4500,6210.0000,248.4170,28
2026-08-12 20:34:20,NBIS,248.4500,248.4500,248.3800,248.3800,685.0000,248.4360,6
2026-08-12 20:34:25,NBIS,248.4300,248.5500,248.4000,248.4900,2449.0000,248.4680,14
2026-08-12 20:34:30,NBIS,248.4600,248.7600,248.4000,248.7600,4702.0000,248.5970,26
2026-08-12 20:34:35,NBIS,248.6600,248.7200,248.4600,248.6200,2575.0000,248.6100,18
2026-08-12 20:34:40,NBIS,248.5700,248.8000,248.5700,248.6500,15121.0000,248.7360,52
2026-08-12 20:34:45,NBIS,248.7000,248.7200,248.4800,248.4800,5976.0000,248.6180,25
2026-08-12 20:34:50,NBIS,248.4900,248.5000,248.4700,248.5000,1235.0000,248.4820,11
2026-08-12 20:34:55,NBIS,248.4200,248.4300,247.9500,248.1200,12822.0000,248.1860,91
2026-08-12 20:35:00,NBIS,248.1200,248.2500,247.9900,248.1200,2400.0000,248.1450,9
2026-08-12 20:35:05,NBIS,248.1300,248.1600,248.0700,248.1500,1000.0000,248.1310,9
2026-08-12 20:35:10,NBIS,248.2300,248.2400,248.0500,248.1400,2389.0000,248.1640,10
2026-08-12 20:35:15,NBIS,248.0700,248.1900,248.0600,248.1900,2388.0000,248.1170,16
2026-08-12 20:35:20,NBIS,248.1200,248.2400,248.1200,248.1800,1658.0000,248.1810,11
2026-08-12 20:35:25,NBIS,248.1800,248.2100,248.1800,248.1800,2031.0000,248.1870,12
2026-08-12 20:35:30,NBIS,248.1100,248.2300,247.9100,248.0700,5001.0000,248.0490,27
2026-08-12 20:35:35,NBIS,248.0700,248.1200,247.9200,248.0000,1962.0000,248.0670,9
2026-08-12 20:35:40,NBIS,248.0100,248.0100,247.7300,247.9600,7315.0000,247.8970,37
2026-08-12 20:35:45,NBIS,247.8800,247.9600,247.8200,247.9100,1597.0000,247.8690,10
2026-08-12 20:35:50,NBIS,248.0000,248.0000,247.8700,247.8800,1000.0000,247.9350,6
2026-08-12 20:35:55,NBIS,247.8300,247.9900,247.6500,247.8200,3173.0000,247.8820,16
2026-08-12 20:36:00,NBIS,247.7300,247.8000,247.6600,247.7500,1175.0000,247.7450,8
2026-08-12 20:36:05,NBIS,247.6500,247.6600,247.5100,247.6100,3378.0000,247.6130,20
2026-08-12 20:36:10,NBIS,247.6100,247.7000,247.5100,247.6400,3584.0000,247.5860,11
2026-08-12 20:36:15,NBIS,247.6400,247.6400,247.5400,247.5400,1318.0000,247.5620,7
2026-08-12 20:36:20,NBIS,247.5300,247.8100,247.5300,247.6600,4691.0000,247.6830,36
2026-08-12 20:36:25,NBIS,247.6600,247.6700,247.6600,247.6600,1008.0000,247.6600,5
2026-08-12 20:36:30,NBIS,247.6600,247.7400,247.6600,247.7000,1700.0000,247.7000,12
2026-08-12 20:36:35,NBIS,247.6400,247.7200,247.6200,247.6500,1300.0000,247.6860,8
2026-08-12 20:36:40,NBIS,247.7200,247.7200,247.6300,247.6300,1701.0000,247.6600,14
2026-08-12 20:36:45,NBIS,247.7000,247.7000,247.6500,247.6600,736.0000,247.6660,6
2026-08-12 20:36:50,NBIS,247.6400,247.6600,247.6100,247.6100,1635.0000,247.6280,7
2026-08-12 20:36:55,NBIS,247.6800,247.8000,247.6800,247.8000,6371.0000,247.7030,22
2026-08-12 20:37:00,NBIS,247.8100,247.8100,247.7600,247.7600,961.0000,247.7910,6
2026-08-12 20:37:05,NBIS,247.8600,247.8900,247.7600,247.8800,4908.0000,247.8320,28
2026-08-12 20:37:10,NBIS,247.8400,248.0000,247.8300,248.0000,1900.0000,247.9160,13
2026-08-12 20:37:15,NBIS,247.9300,247.9500,247.8500,247.9400,3324.0000,247.9260,21
2026-08-12 20:37:20,NBIS,247.9600,248.0900,247.9000,247.9100,7026.0000,247.9880,41
2026-08-12 20:37:25,NBIS,248.0500,248.0500,247.8900,248.0000,2257.0000,247.9530,16
2026-08-12 20:37:30,NBIS,248.0000,248.1200,247.9100,248.1200,1585.0000,247.9710,7
2026-08-12 20:37:35,NBIS,247.9300,247.9300,247.8600,247.8600,1904.0000,247.9060,9
2026-08-12 20:37:40,NBIS,247.9100,248.0000,247.8800,248.0000,1314.0000,247.9430,7
2026-08-12 20:37:45,NBIS,247.9600,247.9700,247.9300,247.9400,326.0000,247.9540,3
2026-08-12 20:37:50,NBIS,248.0000,248.0700,248.0000,248.0200,540.0000,248.0360,4
2026-08-12 20:37:55,NBIS,248.0200,248.0500,247.9900,248.0200,840.0000,248.0160,7
2026-08-12 20:38:00,NBIS,248.0200,248.0300,247.9900,248.0300,800.0000,248.0190,4
2026-08-12 20:38:05,NBIS,248.0000,248.0400,248.0000,248.0400,3045.0000,248.0200,20
2026-08-12 20:38:10,NBIS,248.0400,248.0700,248.0100,248.0700,6478.0000,248.0400,20
2026-08-12 20:38:15,NBIS,248.0700,248.1500,248.0700,248.0800,1792.0000,248.0960,10
2026-08-12 20:38:20,NBIS,248.0800,248.0900,248.0800,248.0900,870.0000,248.0820,2
2026-08-12 20:38:25,NBIS,248.0300,248.1300,247.9600,248.0700,3147.0000,248.0200,17
2026-08-12 20:38:30,NBIS,248.0800,248.0800,248.0400,248.0800,410.0000,248.0680,4
2026-08-12 20:38:35,NBIS,248.0700,248.0700,248.0700,248.0700,165.0000,248.0700,1
2026-08-12 20:38:40,NBIS,248.1000,248.2000,248.1000,248.1300,3248.0000,248.1730,25
2026-08-12 20:38:45,NBIS,248.0600,248.0700,247.9900,248.0400,4378.0000,248.0160,26
2026-08-12 20:38:50,NBIS,248.0400,248.0900,247.9700,247.9700,2118.0000,248.0490,10
2026-08-12 20:38:55,NBIS,248.0000,248.0300,247.9800,248.0000,1611.0000,247.9980,5
2026-08-12 20:39:00,NBIS,247.9800,248.0700,247.7100,247.7700,5986.0000,247.9100,46
2026-08-12 20:39:05,NBIS,247.7700,247.8500,247.7100,247.8100,4486.0000,247.7580,38
2026-08-12 20:39:10,NBIS,247.7200,247.8200,247.7000,247.8100,1000.0000,247.7690,10
2026-08-12 20:39:15,NBIS,247.8000,247.9400,247.7900,247.8700,2073.0000,247.8430,11
2026-08-12 20:39:20,NBIS,247.8000,247.9400,247.7900,247.9400,400.0000,247.8340,2
2026-08-12 20:39:25,NBIS,247.9400,248.0000,247.9400,247.9700,1095.0000,247.9780,9
2026-08-12 20:39:30,NBIS,247.9800,248.0700,247.8400,247.8400,1255.0000,247.9450,11
2026-08-12 20:39:35,NBIS,247.9100,248.0100,247.9000,247.9900,1550.0000,247.9480,8
2026-08-12 20:39:40,NBIS,248.0100,248.0100,247.9500,247.9600,527.0000,247.9800,4
2026-08-12 20:39:45,NBIS,247.9600,248.0000,247.9600,248.0000,3095.0000,247.9730,9
2026-08-12 20:39:50,NBIS,248.0000,248.2500,248.0000,248.1700,6793.0000,248.1280,42
2026-08-12 20:39:55,NBIS,248.1600,248.1600,248.0500,248.1200,652.0000,248.0830,3
2026-08-12 20:40:00,NBIS,248.0600,248.2500,248.0600,248.2500,1400.0000,248.1260,10
2026-08-12 20:40:05,NBIS,248.2500,248.3000,248.1700,248.2900,4088.0000,248.2420,20
2026-08-12 20:40:10,NBIS,248.1900,248.3200,248.1600,248.2300,5762.0000,248.2690,21
2026-08-12 20:40:15,NBIS,248.3100,248.3100,248.2700,248.3000,3939.0000,248.2940,15
2026-08-12 20:40:20,NBIS,248.3400,248.4800,248.3400,248.4100,2060.0000,248.3960,15
2026-08-12 20:40:25,NBIS,248.4000,248.5300,248.4000,248.4600,6591.0000,248.4650,26
2026-08-12 20:40:30,NBIS,248.5400,248.5500,248.3000,248.3800,9016.0000,248.4060,43
2026-08-12 20:40:35,NBIS,248.3800,248.4000,248.3100,248.4000,805.0000,248.3500,5
2026-08-12 20:40:40,NBIS,248.4800,248.5000,248.3400,248.4200,2415.0000,248.4470,11
2026-08-12 20:40:45,NBIS,248.4300,248.4300,248.2700,248.2800,2011.0000,248.3020,13
2026-08-12 20:40:50,NBIS,248.2600,248.3900,248.2500,248.3100,2582.0000,248.3160,17
2026-08-12 20:40:55,NBIS,248.3000,248.3000,248.2900,248.3000,128.0000,248.2950,1
2026-08-12 20:41:00,NBIS,248.2400,248.3200,248.2400,248.3000,1851.0000,248.2650,10
2026-08-12 20:41:05,NBIS,248.3200,248.3200,248.2500,248.3100,1763.0000,248.2890,10
2026-08-12 20:41:10,NBIS,248.2500,248.3500,248.2500,248.3100,1526.0000,248.3010,8
2026-08-12 20:41:15,NBIS,248.3100,248.3100,248.2500,248.2600,1810.0000,248.2890,7
2026-08-12 20:41:20,NBIS,248.2700,248.3300,247.9700,248.0100,8615.0000,248.1030,54
2026-08-12 20:41:25,NBIS,248.0100,248.0300,247.9800,247.9900,650.0000,247.9940,5
2026-08-12 20:41:30,NBIS,247.9900,248.1000,247.9800,247.9900,2130.0000,248.0180,16
2026-08-12 20:41:35,NBIS,248.0400,248.0400,248.0300,248.0300,322.0000,248.0370,3
2026-08-12 20:41:40,NBIS,248.0500,248.1000,247.9600,248.1000,2243.0000,248.0080,12
2026-08-12 20:41:45,NBIS,248.0500,248.0800,248.0400,248.0700,748.0000,248.0620,4
2026-08-12 20:41:50,NBIS,248.0700,248.0700,248.0700,248.0700,0.0000,248.0700,0
2026-08-12 20:41:55,NBIS,248.1000,248.1200,248.0900,248.1200,200.0000,248.1080,2
2026-08-12 20:42:00,NBIS,248.1700,248.4000,248.1700,248.2600,6789.0000,248.2770,40
2026-08-12 20:42:05,NBIS,248.3200,248.3800,248.2500,248.2600,1800.0000,248.2980,12
2026-08-12 20:42:10,NBIS,248.1900,248.3100,248.1300,248.1300,3554.0000,248.2210,22
2026-08-12 20:42:15,NBIS,248.3800,248.3800,248.2600,248.3800,616.0000,248.3550,4
2026-08-12 20:42:20,NBIS,248.2800,248.3800,248.1300,248.3000,6080.0000,248.3600,9
2026-08-12 20:42:25,NBIS,248.3400,248.3400,248.3000,248.3400,1977.0000,248.3230,13
2026-08-12 20:42:30,NBIS,248.3000,248.3100,248.1500,248.1500,3603.0000,248.2510,21
2026-08-12 20:42:35,NBIS,248.2300,248.2300,248.1500,248.1500,400.0000,248.1710,4
2026-08-12 20:42:40,NBIS,248.2200,248.2200,248.1600,248.2100,950.0000,248.2040,7
2026-08-12 20:42:45,NBIS,248.1500,248.2000,248.0900,248.1000,1753.0000,248.1440,10
2026-08-12 20:42:50,NBIS,248.0600,248.1200,248.0000,248.0400,3332.0000,248.0330,10
2026-08-12 20:42:55,NBIS,247.9600,248.0000,247.9200,247.9600,5625.0000,247.9530,38
2026-08-12 20:43:00,NBIS,247.9900,248.0200,247.9900,248.0000,1880.0000,248.0070,10
2026-08-12 20:43:05,NBIS,248.0200,248.2400,248.0200,248.1500,2538.0000,248.1180,11
2026-08-12 20:43:10,NBIS,248.0100,248.1200,248.0000,248.1200,480.0000,248.0900,3
2026-08-12 20:43:15,NBIS,248.0400,248.2800,248.0400,248.2700,2016.0000,248.2060,6
2026-08-12 20:43:20,NBIS,248.1500,248.1900,248.0500,248.1200,2821.0000,248.1130,17
2026-08-12 20:43:25,NBIS,248.1200,248.1900,248.0500,248.1900,5305.0000,248.1370,36
2026-08-12 20:43:30,NBIS,248.1600,248.1900,248.1200,248.1200,1398.0000,248.1470,9
2026-08-12 20:43:35,NBIS,248.1600,248.1600,248.1500,248.1600,401.0000,248.1560,3
2026-08-12 20:43:40,NBIS,248.1600,248.1600,248.0700,248.1300,1044.0000,248.1240,8
2026-08-12 20:43:45,NBIS,248.1200,248.1600,248.1100,248.1400,1889.0000,248.1410,12
2026-08-12 20:43:50,NBIS,248.1700,248.2000,248.1200,248.2000,836.0000,248.1760,5
2026-08-12 20:43:55,NBIS,248.2000,248.2000,248.1500,248.1500,980.0000,248.1810,5
2026-08-12 20:44:00,NBIS,248.1500,248.3600,248.1500,248.3000,3551.0000,248.2990,23
2026-08-12 20:44:05,NBIS,248.3400,248.4800,248.3300,248.4500,11258.0000,248.4270,46
2026-08-12 20:44:10,NBIS,248.4500,248.4500,248.3700,248.4500,2770.0000,248.4170,25
2026-08-12 20:44:15,NBIS,248.4400,248.5000,248.3300,248.3600,6073.0000,248.4190,36
2026-08-12 20:44:20,NBIS,248.3600,248.4600,248.3200,248.4500,1515.0000,248.3910,10
2026-08-12 20:44:25,NBIS,248.4800,248.4800,248.3800,248.4400,2243.0000,248.4490,8
2026-08-12 20:44:30,NBIS,248.4400,248.4400,248.3600,248.3600,1528.0000,248.4020,14
2026-08-12 20:44:35,NBIS,248.3600,248.3600,248.2600,248.3100,3177.0000,248.2940,28
2026-08-12 20:44:40,NBIS,248.3300,248.3900,248.3200,248.3800,1700.0000,248.3670,2
2026-08-12 20:44:45,NBIS,248.2800,248.3900,248.2800,248.3200,3002.0000,248.3570,12
2026-08-12 20:44:50,NBIS,248.3900,248.4500,248.3000,248.3800,6813.0000,248.3900,40
2026-08-12 20:44:55,NBIS,248.4500,248.4700,248.3800,248.3900,6136.0000,248.4180,22
2026-08-12 20:45:00,NBIS,248.3800,248.3900,248.3800,248.3900,587.0000,248.3850,4
2026-08-12 20:45:05,NBIS,248.3900,248.3900,248.3800,248.3900,476.0000,248.3880,4
2026-08-12 20:45:10,NBIS,248.3100,248.3500,248.3100,248.3500,500.0000,248.3420,5
2026-08-12 20:45:15,NBIS,248.3000,248.3500,248.2000,248.2800,5447.0000,248.2690,32
2026-08-12 20:45:20,NBIS,248.3500,248.3500,248.2700,248.2800,1902.0000,248.3200,5
2026-08-12 20:45:25,NBIS,248.4000,248.4900,248.2600,248.4100,1811.0000,248.4050,13
2026-08-12 20:45:30,NBIS,248.4000,248.4100,248.3200,248.3200,1093.0000,248.3840,6
2026-08-12 20:45:35,NBIS,248.3500,248.5500,248.3500,248.4700,4695.0000,248.4910,34
2026-08-12 20:45:40,NBIS,248.3700,248.4100,248.3500,248.3600,900.0000,248.3680,7
2026-08-12 20:45:45,NBIS,248.3600,248.3600,247.5000,248.1600,32734.0000,247.9180,211
2026-08-12 20:45:50,NBIS,248.0500,248.1600,247.8300,247.8300,5009.0000,248.0710,36
2026-08-12 20:45:55,NBIS,247.8600,247.9100,247.8200,247.8700,7675.0000,247.8670,36
2026-08-12 20:46:00,NBIS,247.8500,247.9800,247.8100,247.8900,4101.0000,247.8800,28
2026-08-12 20:46:05,NBIS,247.9200,247.9200,247.6400,247.6700,6021.0000,247.7430,37
2026-08-12 20:46:10,NBIS,247.6700,247.8200,247.6600,247.7300,3320.0000,247.7090,16
2026-08-12 20:46:15,NBIS,247.7300,247.8200,247.5900,247.6500,2857.0000,247.7240,15
2026-08-12 20:46:20,NBIS,247.5800,247.9200,247.5800,247.9200,3382.0000,247.7450,23
2026-08-12 20:46:25,NBIS,247.9000,248.0900,247.8300,247.9700,7307.0000,247.9960,51
2026-08-12 20:46:30,NBIS,248.0000,248.1100,247.8700,248.0800,1760.0000,247.9970,9
2026-08-12 20:46:35,NBIS,248.0800,248.2400,248.0800,248.1100,2112.0000,248.1500,18
2026-08-12 20:46:40,NBIS,248.1600,248.2200,248.1300,248.2200,1552.0000,248.1660,10
2026-08-12 20:46:45,NBIS,248.2100,248.3500,248.2100,248.2700,3821.0000,248.3070,23
2026-08-12 20:46:50,NBIS,248.3500,248.4900,248.3000,248.4600,9646.0000,248.3870,33
2026-08-12 20:46:55,NBIS,248.3800,248.5700,248.3800,248.5500,8819.0000,248.5110,43
2026-08-12 20:47:00,NBIS,248.5300,248.7000,248.5200,248.6200,7135.0000,248.6010,36
2026-08-12 20:47:05,NBIS,248.5600,248.7000,248.3600,248.3600,5263.0000,248.5410,34
2026-08-12 20:47:10,NBIS,248.4400,248.5000,248.3500,248.3700,2151.0000,248.3950,11
2026-08-12 20:47:15,NBIS,248.3100,248.4500,248.3100,248.4500,1147.0000,248.3730,6
2026-08-12 20:47:20,NBIS,248.3800,248.4100,248.1600,248.1900,6175.0000,248.3030,40
2026-08-12 20:47:25,NBIS,248.2400,248.3000,248.2000,248.2700,1724.0000,248.2470,10
2026-08-12 20:47:30,NBIS,248.2300,248.3100,248.2300,248.3000,1478.0000,248.2920,7
2026-08-12 20:47:35,NBIS,248.2400,248.4000,248.2400,248.4000,2640.0000,248.3580,9
2026-08-12 20:47:40,NBIS,248.4000,248.6400,248.4000,248.5800,10930.0000,248.4870,39
2026-08-12 20:47:45,NBIS,248.6800,248.7200,248.6500,248.6500,1284.0000,248.7050,5
2026-08-12 20:47:50,NBIS,248.6400,248.6800,248.5000,248.5100,4726.0000,248.5720,24
2026-08-12 20:47:55,NBIS,248.6000,248.6100,248.2800,248.4200,4168.0000,248.4430,32
2026-08-12 20:48:00,NBIS,248.4200,248.4300,248.4200,248.4200,740.0000,248.4200,3
2026-08-12 20:48:05,NBIS,248.5000,248.5200,248.4100,248.5200,4834.0000,248.4970,8
2026-08-12 20:48:10,NBIS,248.5900,248.5900,248.4400,248.4400,513.0000,248.5290,4
2026-08-12 20:48:15,NBIS,248.5200,248.5900,248.3100,248.3400,6005.0000,248.3850,22
2026-08-12 20:48:20,NBIS,248.3100,248.4000,248.2800,248.3600,1783.0000,248.3250,16
2026-08-12 20:48:25,NBIS,248.4600,248.5900,248.4000,248.5300,11577.0000,248.5730,15
2026-08-12 20:48:30,NBIS,248.5300,248.5400,248.4800,248.5300,1700.0000,248.5070,6
2026-08-12 20:48:35,NBIS,248.5300,248.6700,248.5300,248.5800,2160.0000,248.6170,13
2026-08-12 20:48:40,NBIS,248.6000,248.9500,248.6000,248.9200,9788.0000,248.8340,53
2026-08-12 20:48:45,NBIS,248.8400,249.2000,248.8400,249.1800,47142.0000,249.0250,235
2026-08-12 20:48:50,NBIS,249.2000,249.3900,249.1500,249.3500,8894.0000,249.2890,56
2026-08-12 20:48:55,NBIS,249.2800,249.4900,249.2800,249.4500,10276.0000,249.4040,32
2026-08-12 20:49:00,NBIS,249.4500,249.6200,249.4500,249.5800,12333.0000,249.5310,64
2026-08-12 20:49:05,NBIS,249.6200,249.7000,249.6200,249.7000,5202.0000,249.6540,23
2026-08-12 20:49:10,NBIS,249.6400,249.7300,249.6000,249.6700,32838.0000,249.6980,120
2026-08-12 20:49:15,NBIS,249.7100,249.8600,249.6400,249.8400,35840.0000,249.7280,101
2026-08-12 20:49:20,NBIS,249.8500,249.9700,249.6700,249.9600,46562.0000,249.8610,223
2026-08-12 20:49:25,NBIS,249.9300,249.9800,249.8900,249.9500,15168.0000,249.9560,44
2026-08-12 20:49:30,NBIS,249.9700,250.6500,249.9600,250.4300,117821.0000,250.2260,441
2026-08-12 20:49:35,NBIS,250.3600,250.4900,250.0000,250.2100,38234.0000,250.2440,183
2026-08-12 20:49:40,NBIS,250.2100,250.3300,250.1500,250.2100,21215.0000,250.2290,111
2026-08-12 20:49:45,NBIS,250.2400,250.4600,250.1800,250.4000,26012.0000,250.3370,74
2026-08-12 20:49:50,NBIS,250.4100,250.6200,250.3700,250.6200,17921.0000,250.5210,69
2026-08-12 20:49:55,NBIS,250.4200,250.4600,250.1600,250.2300,18278.0000,250.2870,80
2026-08-12 20:50:00,NBIS,250.2300,250.3600,249.8300,250.1000,21465.0000,250.2280,138
2026-08-12 20:50:05,NBIS,250.1100,250.2900,250.1000,250.2900,5191.0000,250.2050,17
2026-08-12 20:50:10,NBIS,250.2300,250.3500,250.0100,250.0500,7965.0000,250.2420,42
2026-08-12 20:50:15,NBIS,250.1600,250.2400,250.0600,250.0700,2389.0000,250.1250,14
2026-08-12 20:50:20,NBIS,250.1100,250.1100,250.0700,250.0900,2202.0000,250.0850,12
2026-08-12 20:50:25,NBIS,250.0700,250.3100,250.0200,250.2800,3669.0000,250.1540,25
2026-08-12 20:50:30,NBIS,250.2800,250.3300,250.2000,250.2300,1943.0000,250.2480,11
2026-08-12 20:50:35,NBIS,250.4000,250.4900,250.3300,250.3600,2512.0000,250.4080,15
2026-08-12 20:50:40,NBIS,250.4000,250.5000,250.2300,250.3300,6892.0000,250.4140,27
2026-08-12 20:50:45,NBIS,250.3400,250.4300,250.2300,250.3700,2469.0000,250.3730,15
2026-08-12 20:50:50,NBIS,250.3300,250.4500,250.3200,250.3300,1375.0000,250.3980,7
2026-08-12 20:50:55,NBIS,250.3600,250.4100,250.3300,250.4100,3910.0000,250.3910,21
2026-08-12 20:51:00,NBIS,250.4100,250.4400,250.3600,250.4100,2036.0000,250.4050,11
2026-08-12 20:51:05,NBIS,250.3900,250.5000,250.3200,250.5000,6345.0000,250.4300,29
2026-08-12 20:51:10,NBIS,250.5300,250.5300,250.1300,250.2900,9330.0000,250.3450,52
2026-08-12 20:51:15,NBIS,250.2100,250.4300,250.1900,250.2900,9729.0000,250.3200,28
2026-08-12 20:51:20,NBIS,250.2600,250.4000,250.2600,250.3600,3380.0000,250.3400,17
2026-08-12 20:51:25,NBIS,250.4800,250.5900,250.3700,250.4600,7801.0000,250.5020,59
2026-08-12 20:51:30,NBIS,250.4600,250.4800,250.3800,250.4000,3880.0000,250.4270,23
2026-08-12 20:51:35,NBIS,250.4100,250.4700,250.2600,250.3800,4783.0000,250.3820,34
2026-08-12 20:51:40,NBIS,250.3000,250.3000,250.1200,250.1500,4020.0000,250.1780,23
2026-08-12 20:51:45,NBIS,250.2500,250.2500,250.1200,250.1900,3535.0000,250.1520,16
2026-08-12 20:51:50,NBIS,250.1300,250.1800,249.8200,249.8200,10956.0000,250.0100,70
2026-08-12 20:51:55,NBIS,249.8000,249.9500,249.8000,249.9100,1484.0000,249.8710,10
2026-08-12 20:52:00,NBIS,249.8300,249.9700,249.8300,249.9000,3897.0000,249.8850,18
2026-08-12 20:52:05,NBIS,249.8300,249.9500,249.7700,249.8300,8519.0000,249.8500,35
2026-08-12 20:52:10,NBIS,249.8900,250.0000,249.7800,249.8900,6036.0000,249.9010,32
2026-08-12 20:52:15,NBIS,249.8800,249.9600,249.8000,249.8500,5295.0000,249.9090,18
2026-08-12 20:52:20,NBIS,249.8900,250.1000,249.8800,249.8800,4486.0000,249.9630,24
2026-08-12 20:52:25,NBIS,249.9000,250.0900,249.8700,249.8700,2312.0000,249.9750,19
2026-08-12 20:52:30,NBIS,249.8700,249.9200,249.8200,249.8200,1100.0000,249.8630,6
2026-08-12 20:52:35,NBIS,249.9200,249.9500,249.8200,249.8200,1278.0000,249.8940,9
2026-08-12 20:52:40,NBIS,249.8900,249.9500,249.8400,249.9500,1770.0000,249.9040,8
2026-08-12 20:52:45,NBIS,249.8600,250.0000,249.6300,249.7200,5624.0000,249.7940,40
2026-08-12 20:52:50,NBIS,249.7300,249.8200,249.6400,249.6800,2441.0000,249.7190,20
2026-08-12 20:52:55,NBIS,249.6400,249.7200,249.6300,249.6300,4374.0000,249.6720,21
2026-08-12 20:53:00,NBIS,249.6300,249.6800,249.5400,249.6800,4181.0000,249.6360,25
2026-08-12 20:53:05,NBIS,249.7600,249.7600,249.5900,249.6400,2084.0000,249.6980,13
2026-08-12 20:53:10,NBIS,249.6500,249.7500,249.5800,249.5900,2700.0000,249.6340,15
2026-08-12 20:53:15,NBIS,249.6800,249.7600,249.5300,249.5800,7938.0000,249.6370,47
2026-08-12 20:53:20,NBIS,249.6500,249.8900,249.6500,249.7500,5388.0000,249.8410,15
2026-08-12 20:53:25,NBIS,249.6400,249.8400,249.6300,249.6700,2210.0000,249.7020,14
2026-08-12 20:53:30,NBIS,249.6400,249.6600,249.5300,249.5300,4851.0000,249.6010,26
2026-08-12 20:53:35,NBIS,249.5400,249.5400,249.3700,249.4000,6211.0000,249.4480,39
2026-08-12 20:53:40,NBIS,249.4600,249.5100,249.4100,249.4500,5270.0000,249.4420,15
2026-08-12 20:53:45,NBIS,249.5100,249.5500,249.4400,249.4600,1708.0000,249.4900,9
2026-08-12 20:53:50,NBIS,249.4300,249.4600,249.4000,249.4000,1843.0000,249.4240,18
2026-08-12 20:53:55,NBIS,249.4000,249.4700,249.3300,249.4100,4541.0000,249.3990,24
2026-08-12 20:54:00,NBIS,249.3700,249.4100,249.3200,249.3600,1349.0000,249.3600,10
2026-08-12 20:54:05,NBIS,249.3100,249.5600,249.3100,249.4800,2457.0000,249.4670,19
2026-08-12 20:54:10,NBIS,249.4600,249.5800,249.3900,249.3900,4426.0000,249.5240,27
2026-08-12 20:54:15,NBIS,249.4600,249.5300,249.2800,249.2800,6488.0000,249.4100,41
2026-08-12 20:54:20,NBIS,249.2600,249.3900,249.0000,249.1500,14675.0000,249.1580,82
2026-08-12 20:54:25,NBIS,249.1100,249.2100,249.0900,249.1500,2073.0000,249.1440,16
2026-08-12 20:54:30,NBIS,249.0200,249.2600,249.0100,249.2300,5567.0000,249.1390,45
2026-08-12 20:54:35,NBIS,249.2300,249.2300,248.9500,249.1800,13114.0000,249.0590,86
2026-08-12 20:54:40,NBIS,249.1000,249.1600,248.9900,249.1200,4077.0000,249.0490,25
2026-08-12 20:54:45,NBIS,249.1200,249.2300,249.1100,249.2300,2898.0000,249.1830,17
2026-08-12 20:54:50,NBIS,249.1600,249.2300,249.1300,249.2100,1675.0000,249.1700,9
2026-08-12 20:54:55,NBIS,249.2000,249.4200,249.1600,249.4000,5215.0000,249.3090,37
2026-08-12 20:55:00,NBIS,249.4000,249.5000,249.3500,249.3900,1465.0000,249.4290,12
2026-08-12 20:55:05,NBIS,249.4700,249.5000,249.2800,249.4400,8964.0000,249.3740,48
2026-08-12 20:55:10,NBIS,249.3800,249.5000,249.3600,249.3700,5472.0000,249.4170,26
2026-08-12 20:55:15,NBIS,249.4000,249.4100,249.2800,249.3800,3081.0000,249.3600,22
2026-08-12 20:55:20,NBIS,249.3500,249.3800,249.1000,249.2300,5517.0000,249.1970,38
2026-08-12 20:55:25,NBIS,249.1500,249.1800,249.0700,249.1800,1955.0000,249.1230,11
2026-08-12 20:55:30,NBIS,249.1600,249.2800,249.1400,249.2800,500.0000,249.1780,5
2026-08-12 20:55:35,NBIS,249.0400,249.2500,249.0400,249.0400,2326.0000,249.1750,9
2026-08-12 20:55:40,NBIS,249.1400,249.2800,249.1100,249.2800,2860.0000,249.2150,21
2026-08-12 20:55:45,NBIS,249.1600,249.2600,249.1600,249.2500,345.0000,249.2240,3
2026-08-12 20:55:50,NBIS,249.2000,249.4100,249.2000,249.3800,2163.0000,249.3090,17
2026-08-12 20:55:55,NBIS,249.3800,249.5000,249.3800,249.5000,1159.0000,249.4150,10
2026-08-12 20:56:00,NBIS,249.4100,249.4100,249.3200,249.4000,1225.0000,249.3730,10
2026-08-12 20:56:05,NBIS,249.4500,249.4700,249.3200,249.3900,2680.0000,249.4050,15
2026-08-12 20:56:10,NBIS,249.4200,249.4500,249.3800,249.4500,410.0000,249.4260,4
2026-08-12 20:56:15,NBIS,249.4900,249.5000,249.4200,249.4200,8601.0000,249.4870,41
2026-08-12 20:56:20,NBIS,249.4700,249.5200,249.4100,249.4100,2395.0000,249.4860,18
2026-08-12 20:56:25,NBIS,249.5000,249.5100,249.4800,249.4800,500.0000,249.4940,3
2026-08-12 20:56:30,NBIS,249.5300,249.5500,249.4200,249.4800,4137.0000,249.4860,29
2026-08-12 20:56:35,NBIS,249.4900,249.5500,249.4200,249.5400,3899.0000,249.4600,18
2026-08-12 20:56:40,NBIS,249.5400,249.5900,249.4800,249.5600,4473.0000,249.5290,25
2026-08-12 20:56:45,NBIS,249.5900,249.6000,249.3200,249.4200,3087.0000,249.4270,22
2026-08-12 20:56:50,NBIS,249.4200,249.4200,249.4000,249.4000,1706.0000,249.4140,10
2026-08-12 20:56:55,NBIS,249.5000,249.5000,249.3000,249.3800,830.0000,249.3560,5
2026-08-12 20:57:00,NBIS,249.4300,249.4400,249.3000,249.3800,1400.0000,249.3570,8
2026-08-12 20:57:05,NBIS,249.3000,249.3000,249.1900,249.2400,2027.0000,249.2750,6
2026-08-12 20:57:10,NBIS,249.2400,249.2900,249.1000,249.1000,3800.0000,249.1450,15
2026-08-12 20:57:15,NBIS,249.1900,249.1900,249.0600,249.1300,2701.0000,249.0950,13
2026-08-12 20:57:20,NBIS,249.1200,249.2000,249.0600,249.0700,2564.0000,249.1470,13
2026-08-12 20:57:25,NBIS,249.1700,249.2900,249.1600,249.2300,1900.0000,249.2200,12
2026-08-12 20:57:30,NBIS,249.2900,249.6000,249.2500,249.6000,3572.0000,249.4760,27
2026-08-12 20:57:35,NBIS,249.5600,249.6400,249.5000,249.5000,4915.0000,249.5770,13
2026-08-12 20:57:40,NBIS,249.5500,249.8000,249.5400,249.6900,5372.0000,249.6880,18
2026-08-12 20:57:45,NBIS,249.7000,249.8400,249.7000,249.7800,2384.0000,249.7870,7
2026-08-12 20:57:50,NBIS,249.8300,249.8300,249.6700,249.7500,2888.0000,249.7530,23
2026-08-12 20:57:55,NBIS,249.8700,249.8700,249.6500,249.7400,2615.0000,249.7990,8
2026-08-12 20:58:00,NBIS,249.7400,249.7500,249.5300,249.6300,7051.0000,249.6130,33
2026-08-12 20:58:05,NBIS,249.5900,249.6300,249.4400,249.5500,1915.0000,249.5310,14
2026-08-12 20:58:10,NBIS,249.5500,249.6400,249.4600,249.6400,1018.0000,249.5890,9
2026-08-12 20:58:15,NBIS,249.6400,249.7400,249.6300,249.7400,800.0000,249.7270,3
2026-08-12 20:58:20,NBIS,249.7400,249.7400,249.7300,249.7400,0.0000,249.7400,0
2026-08-12 20:58:25,NBIS,249.6400,249.7200,249.6300,249.7200,500.0000,249.6750,5
2026-08-12 20:58:30,NBIS,249.6500,249.7900,249.6400,249.7900,3899.0000,249.7460,22
2026-08-12 20:58:35,NBIS,249.7900,249.8000,249.6300,249.7700,5388.0000,249.7700,39
2026-08-12 20:58:40,NBIS,249.7700,249.8600,249.6800,249.6900,1142.0000,249.7450,10
2026-08-12 20:58:45,NBIS,249.8000,249.8000,249.7100,249.8000,769.0000,249.7700,6
2026-08-12 20:58:50,NBIS,249.8600,249.9200,249.8100,249.9200,4162.0000,249.8950,17
2026-08-12 20:58:55,NBIS,249.9200,250.0300,249.9100,250.0000,12754.0000,249.9880,61
2026-08-12 20:59:00,NBIS,250.0200,250.0500,250.0000,250.0000,2633.0000,250.0100,13
2026-08-12 20:59:05,NBIS,249.9900,250.0000,249.9300,249.9700,2561.0000,249.9590,17
2026-08-12 20:59:10,NBIS,249.9800,250.1500,249.9200,250.0900,4693.0000,250.0320,31
2026-08-12 20:59:15,NBIS,250.1500,250.2000,250.1100,250.1100,2690.0000,250.1660,17
2026-08-12 20:59:20,NBIS,250.0600,250.1000,249.9400,249.9500,4222.0000,250.0040,32
2026-08-12 20:59:25,NBIS,249.9600,249.9800,249.9100,249.9500,1950.0000,249.9510,18
2026-08-12 20:59:30,NBIS,249.8500,250.0000,249.7000,249.8500,6068.0000,249.8700,38
2026-08-12 20:59:35,NBIS,249.9100,249.9200,249.7700,249.8300,2040.0000,249.8590,13
2026-08-12 20:59:40,NBIS,249.8800,249.8800,249.8200,249.8500,1230.0000,249.8390,8
2026-08-12 20:59:45,NBIS,249.9300,249.9300,249.8300,249.8400,725.0000,249.8880,4
2026-08-12 20:59:50,NBIS,249.8400,249.8800,249.6000,249.6700,8370.0000,249.7580,51
2026-08-12 20:59:55,NBIS,249.6800,249.7800,249.6500,249.6500,2559.0000,249.6900,19
2026-08-12 21:00:00,NBIS,249.7700,249.8000,249.7700,249.8000,1100.0000,249.7970,3
2026-08-12 21:00:05,NBIS,249.8800,249.8800,249.6400,249.7600,2783.0000,249.7310,15
2026-08-12 21:00:10,NBIS,249.8800,249.8800,249.6900,249.8100,2900.0000,249.7430,4
2026-08-12 21:00:15,NBIS,249.8400,249.8500,249.8100,249.8300,1891.0000,249.8240,8
2026-08-12 21:00:20,NBIS,249.9200,249.9800,249.8500,249.8600,1211.0000,249.9280,8
2026-08-12 21:00:25,NBIS,249.9200,250.0000,249.8600,249.8700,1827.0000,249.9290,10
2026-08-12 21:00:30,NBIS,249.9200,249.9200,249.8000,249.8100,1700.0000,249.8330,11
2026-08-12 21:00:35,NBIS,249.8100,249.8100,249.5400,249.6900,5185.0000,249.5990,20
2026-08-12 21:00:40,NBIS,249.6900,249.6900,249.6700,249.6800,1560.0000,249.6800,4
2026-08-12 21:00:45,NBIS,249.5100,249.7200,249.4400,249.5500,3590.0000,249.5390,22
2026-08-12 21:00:50,NBIS,249.5900,249.5900,249.4900,249.4900,471.0000,249.5110,2
2026-08-12 21:00:55,NBIS,249.6700,249.7600,249.5000,249.5100,2768.0000,249.6510,21
2026-08-12 21:01:00,NBIS,249.6100,249.6100,249.3500,249.4500,4876.0000,249.4430,31
2026-08-12 21:01:05,NBIS,249.4500,249.4500,249.3100,249.4400,881.0000,249.3870,6
2026-08-12 21:01:10,NBIS,249.3400,249.4400,249.1400,249.3000,5428.0000,249.2870,41
2026-08-12 21:01:15,NBIS,249.1900,249.3800,249.0600,249.0900,7437.0000,249.1500,33
2026-08-12 21:01:20,NBIS,249.1100,249.1900,249.0000,249.1000,9100.0000,249.0880,60
2026-08-12 21:01:25,NBIS,249.2000,249.4300,249.1400,249.1400,4999.0000,249.2620,24
2026-08-12 21:01:30,NBIS,249.2700,249.3600,249.1000,249.1900,4858.0000,249.2110,25
2026-08-12 21:01:35,NBIS,249.1600,249.2000,249.1600,249.2000,400.0000,249.1900,4
2026-08-12 21:01:40,NBIS,249.2000,249.2800,249.2000,249.2800,600.0000,249.2400,6
2026-08-12 21:01:45,NBIS,249.2500,249.3500,249.1600,249.1900,986.0000,249.2270,6
2026-08-12 21:01:50,NBIS,249.2400,249.2400,249.0600,249.1100,2400.0000,249.1460,22
2026-08-12 21:01:55,NBIS,249.0600,249.1700,249.0500,249.1600,1400.0000,249.1160,11
2026-08-12 21:02:00,NBIS,249.1500,249.2500,249.1100,249.2100,3051.0000,249.2000,28
2026-08-12 21:02:05,NBIS,249.2100,249.2400,249.1200,249.1200,1512.0000,249.1890,14
2026-08-12 21:02:10,NBIS,249.0900,249.1700,248.7400,248.8000,7364.0000,248.9420,44
2026-08-12 21:02:15,NBIS,248.9500,249.1400,248.8500,249.0100,3492.0000,248.9340,28
2026-08-12 21:02:20,NBIS,248.9300,249.1000,248.8500,248.8500,2637.0000,248.9300,14
2026-08-12 21:02:25,NBIS,248.9000,248.9000,248.8500,248.8800,1172.0000,248.8620,6
2026-08-12 21:02:30,NBIS,248.8200,248.9600,248.8100,248.9200,1227.0000,248.8780,10
2026-08-12 21:02:35,NBIS,248.9200,249.0000,248.8400,248.8700,1640.0000,248.8810,10
2026-08-12 21:02:40,NBIS,248.9100,248.9100,248.8300,248.9000,1836.0000,248.8800,11
2026-08-12 21:02:45,NBIS,248.9000,249.0000,248.8800,248.9900,6378.0000,248.9740,28
2026-08-12 21:02:50,NBIS,248.9400,248.9900,248.8700,248.9300,1445.0000,248.9390,9
2026-08-12 21:02:55,NBIS,248.8400,248.9400,248.8400,248.8900,1746.0000,248.8910,12
2026-08-12 21:03:00,NBIS,248.8700,248.9100,248.8300,248.8900,2263.0000,248.8860,13
2026-08-12 21:03:05,NBIS,248.8500,248.8600,248.6700,248.6800,3977.0000,248.7630,33
2026-08-12 21:03:10,NBIS,248.6800,248.7200,248.5800,248.6300,7509.0000,248.6120,22
2026-08-12 21:03:15,NBIS,248.5800,248.6500,248.5200,248.5600,3302.0000,248.5830,12
2026-08-12 21:03:20,NBIS,248.5800,248.6700,248.5200,248.6100,1984.0000,248.5760,17
2026-08-12 21:03:25,NBIS,248.7000,248.7000,248.5200,248.5300,1927.0000,248.5860,17
2026-08-12 21:03:30,NBIS,248.5600,248.6500,248.5300,248.5300,1700.0000,248.5760,15
2026-08-12 21:03:35,NBIS,248.5500,248.6500,248.5400,248.6000,2543.0000,248.5980,19
2026-08-12 21:03:40,NBIS,248.5100,248.6900,248.3600,248.5100,5402.0000,248.4770,35
2026-08-12 21:03:45,NBIS,248.5500,248.6600,248.4500,248.4600,6045.0000,248.5510,27
2026-08-12 21:03:50,NBIS,248.4600,248.5800,248.4200,248.5200,2268.0000,248.4950,20
2026-08-12 21:03:55,NBIS,248.6000,248.6000,248.5100,248.5300,966.0000,248.5500,6
2026-08-12 21:04:00,NBIS,248.4700,248.5300,248.4700,248.5300,2131.0000,248.4840,13
2026-08-12 21:04:05,NBIS,248.5000,248.5400,248.4200,248.4200,2398.0000,248.4990,19
2026-08-12 21:04:10,NBIS,248.5300,248.5300,248.4300,248.5100,771.0000,248.4980,6
2026-08-12 21:04:15,NBIS,248.5100,248.5800,248.5000,248.5800,1215.0000,248.5660,8
2026-08-12 21:04:20,NBIS,248.5300,248.5300,248.4500,248.4500,300.0000,248.4780,3
2026-08-12 21:04:25,NBIS,248.5400,248.5900,248.4800,248.5600,5575.0000,248.5130,27
2026-08-12 21:04:30,NBIS,248.5500,248.6000,248.4800,248.5600,1789.0000,248.5480,14
2026-08-12 21:04:35,NBIS,248.5000,248.6300,248.5000,248.5900,1670.0000,248.5760,11
2026-08-12 21:04:40,NBIS,248.5300,248.5300,248.3800,248.3800,6051.0000,248.4360,31
2026-08-12 21:04:45,NBIS,248.4100,248.5900,248.4100,248.5900,300.0000,248.4730,2
2026-08-12 21:04:50,NBIS,248.4800,248.4900,248.4000,248.4200,776.0000,248.4530,5
2026-08-12 21:04:55,NBIS,248.4000,248.6100,248.2800,248.5300,8501.0000,248.4300,53
2026-08-12 21:05:00,NBIS,248.5600,248.5800,248.3800,248.5800,1603.0000,248.4830,7
2026-08-12 21:05:05,NBIS,248.5100,248.6500,248.4700,248.4800,6574.0000,248.5440,44
2026-08-12 21:05:10,NBIS,248.4700,248.5100,248.3100,248.3200,1610.0000,248.3960,14
2026-08-12 21:05:15,NBIS,248.4800,248.4800,248.3500,248.4500,4260.0000,248.4030,11
2026-08-12 21:05:20,NBIS,248.4500,248.4500,248.3500,248.3500,1412.0000,248.3950,12
2026-08-12 21:05:25,NBIS,248.2700,248.4000,248.2700,248.3900,3371.0000,248.3080,19
2026-08-12 21:05:30,NBIS,248.2800,248.3700,248.2800,248.3000,1355.0000,248.3100,9
2026-08-12 21:05:35,NBIS,248.3200,248.4000,248.2700,248.3900,958.0000,248.3680,6
2026-08-12 21:05:40,NBIS,248.3800,248.5600,248.3400,248.4000,6688.0000,248.4350,34
2026-08-12 21:05:45,NBIS,248.4500,248.7000,248.4400,248.4900,3101.0000,248.5710,21
2026-08-12 21:05:50,NBIS,248.7200,248.7300,248.6300,248.6400,2617.0000,248.6610,18
2026-08-12 21:05:55,NBIS,248.6300,248.6900,248.5500,248.6100,8502.0000,248.5980,64
2026-08-12 21:06:00,NBIS,248.5300,248.7500,248.5300,248.7500,1209.0000,248.6660,8
2026-08-12 21:06:05,NBIS,248.6700,248.7900,248.6500,248.6500,1405.0000,248.7180,7
2026-08-12 21:06:10,NBIS,248.7900,248.8200,248.6900,248.8200,2509.0000,248.7770,18
2026-08-12 21:06:15,NBIS,248.7200,248.7200,248.4300,248.4300,5957.0000,248.5520,49
2026-08-12 21:06:20,NBIS,248.4300,248.5300,248.2000,248.3300,8356.0000,248.3030,53
2026-08-12 21:06:25,NBIS,248.3300,248.3900,248.2000,248.2500,3897.0000,248.2950,14
2026-08-12 21:06:30,NBIS,248.2300,248.3100,248.1100,248.2200,4035.0000,248.1640,28
2026-08-12 21:06:35,NBIS,248.2200,248.2900,248.2100,248.2900,822.0000,248.2360,4
2026-08-12 21:06:40,NBIS,248.2200,248.3000,248.0900,248.1300,1860.0000,248.1350,17
2026-08-12 21:06:45,NBIS,248.1200,248.2000,248.0800,248.1200,1202.0000,248.1200,6
2026-08-12 21:06:50,NBIS,248.2000,248.2000,248.1400,248.1600,2750.0000,248.1870,17
2026-08-12 21:06:55,NBIS,248.1500,248.2500,248.1500,248.2100,1651.0000,248.2210,12
2026-08-12 21:07:00,NBIS,248.0900,248.1300,247.7700,247.8300,21730.0000,247.9210,107
2026-08-12 21:07:05,NBIS,247.7500,247.9200,247.7500,247.7500,3050.0000,247.8320,22
2026-08-12 21:07:10,NBIS,247.9000,247.9100,247.7700,247.8500,3458.0000,247.8430,25
2026-08-12 21:07:15,NBIS,247.8500,248.0600,247.8100,248.0500,5873.0000,247.9780,38
2026-08-12 21:07:20,NBIS,247.9500,247.9800,247.9500,247.9800,1100.0000,247.9760,7
2026-08-12 21:07:25,NBIS,248.0000,248.0000,247.8500,247.8700,5370.0000,247.8860,32
2026-08-12 21:07:30,NBIS,247.9300,248.0200,247.8700,248.0000,6738.0000,247.9460,44
2026-08-12 21:07:35,NBIS,247.9800,248.0800,247.8700,248.0800,2893.0000,247.9510,13
2026-08-12 21:07:40,NBIS,248.1000,248.1900,248.0200,248.1700,4563.0000,248.1370,23
2026-08-12 21:07:45,NBIS,248.1800,248.1800,248.0400,248.0400,2945.0000,248.1090,10
2026-08-12 21:07:50,NBIS,248.1300,248.1400,247.9000,247.9000,6718.0000,248.0140,26
2026-08-12 21:07:55,NBIS,247.9800,248.0500,247.8800,248.0500,3190.0000,247.9570,15
2026-08-12 21:08:00,NBIS,247.9400,248.0800,247.9400,248.0000,2119.0000,248.0120,12
2026-08-12 21:08:05,NBIS,248.0400,248.0400,247.9000,247.9600,1916.0000,247.9500,15
2026-08-12 21:08:10,NBIS,247.8900,248.0300,247.8900,247.9000,2544.0000,247.9320,5
2026-08-12 21:08:15,NBIS,247.9500,248.0500,247.9400,248.0500,4152.0000,247.9890,21
2026-08-12 21:08:20,NBIS,248.0900,248.1500,247.9500,248.0100,6411.0000,248.0630,45
2026-08-12 21:08:25,NBIS,247.9600,248.0400,247.8500,248.0400,4150.0000,247.9280,24
2026-08-12 21:08:30,NBIS,248.0000,248.0600,247.9000,247.9600,1491.0000,247.9550,10
2026-08-12 21:08:35,NBIS,248.0000,248.0600,247.9500,247.9900,2100.0000,247.9780,17
2026-08-12 21:08:40,NBIS,248.0700,248.2100,248.0700,248.1700,2672.0000,248.1740,13
2026-08-12 21:08:45,NBIS,248.2600,248.2600,248.1700,248.1700,700.0000,248.2070,4
2026-08-12 21:08:50,NBIS,248.1300,248.3300,248.1300,248.2600,1555.0000,248.2550,13
2026-08-12 21:08:55,NBIS,248.2400,248.2800,248.2000,248.2800,2268.0000,248.2610,8
2026-08-12 21:09:00,NBIS,248.2700,248.3300,248.2200,248.2600,2649.0000,248.2760,21
2026-08-12 21:09:05,NBIS,248.3000,248.3500,248.2500,248.3500,750.0000,248.2890,5
2026-08-12 21:09:10,NBIS,248.3100,248.3500,248.1500,248.2100,4784.0000,248.2440,35
2026-08-12 21:09:15,NBIS,248.1400,248.1900,248.0600,248.1400,3226.0000,248.1230,20
2026-08-12 21:09:20,NBIS,248.2200,248.2600,248.2200,248.2600,200.0000,248.2380,2
2026-08-12 21:09:25,NBIS,248.3300,248.4400,248.2100,248.4100,3440.0000,248.3470,20
2026-08-12 21:09:30,NBIS,248.3500,248.4800,248.3500,248.4300,950.0000,248.4220,7
2026-08-12 21:09:35,NBIS,248.4500,248.4900,248.4200,248.4500,929.0000,248.4670,5
2026-08-12 21:09:40,NBIS,248.4200,248.4900,248.4000,248.4000,1961.0000,248.4220,14
2026-08-12 21:09:45,NBIS,248.3900,248.4400,248.2400,248.2400,3854.0000,248.3380,25
2026-08-12 21:09:50,NBIS,248.3700,248.5200,248.3700,248.4600,3161.0000,248.4870,16
2026-08-12 21:09:55,NBIS,248.4700,248.5400,248.3500,248.4300,5418.0000,248.4850,30
2026-08-12 21:10:00,NBIS,248.5500,248.5500,248.3500,248.4300,1160.0000,248.4010,11
2026-08-12 21:10:05,NBIS,248.4600,248.4600,248.3600,248.4200,3464.0000,248.4060,26
2026-08-12 21:10:10,NBIS,248.4100,248.4600,248.4100,248.4600,1100.0000,248.4400,9
2026-08-12 21:10:15,NBIS,248.4300,248.4300,248.4300,248.4300,100.0000,248.4300,1
2026-08-12 21:10:20,NBIS,248.3600,248.4500,248.3200,248.4500,3504.0000,248.3620,27
2026-08-12 21:10:25,NBIS,248.4500,248.4800,248.3900,248.4800,1079.0000,248.4400,8
2026-08-12 21:10:30,NBIS,248.5000,248.6400,248.4300,248.6400,3092.0000,248.5550,18
2026-08-12 21:10:35,NBIS,248.5800,248.6500,248.5200,248.5800,3393.0000,248.5810,16
2026-08-12 21:10:40,NBIS,248.5800,248.6700,248.5700,248.6500,2057.0000,248.6270,16
2026-08-12 21:10:45,NBIS,248.7000,248.7000,248.6400,248.6900,550.0000,248.6870,4
2026-08-12 21:10:50,NBIS,248.6400,248.7200,248.6400,248.6800,2950.0000,248.6660,18
2026-08-12 21:10:55,NBIS,248.7000,248.8100,248.6800,248.8100,4517.0000,248.7660,22
2026-08-12 21:11:00,NBIS,248.7500,249.0400,248.7400,249.0400,7689.0000,248.8960,53
2026-08-12 21:11:05,NBIS,249.0400,249.2600,249.0000,249.2500,4841.0000,249.0960,29
2026-08-12 21:11:10,NBIS,249.2500,249.3000,249.1900,249.3000,2260.0000,249.2370,20
2026-08-12 21:11:15,NBIS,249.2900,249.3800,249.2000,249.3600,2244.0000,249.2780,13
2026-08-12 21:11:20,NBIS,249.3000,249.3400,249.0200,249.0200,7990.0000,249.1680,47
2026-08-12 21:11:25,NBIS,249.0200,249.0900,249.0200,249.0300,1680.0000,249.0350,5
2026-08-12 21:11:30,NBIS,249.0700,249.2600,249.0600,249.1900,2103.0000,249.1550,16
2026-08-12 21:11:35,NBIS,249.1600,249.1900,249.0700,249.1900,1640.0000,249.1310,8
2026-08-12 21:11:40,NBIS,249.1900,249.2700,249.0800,249.2500,1312.0000,249.1800,6
2026-08-12 21:11:45,NBIS,249.2200,249.2300,249.0300,249.1600,3687.0000,249.1310,25
2026-08-12 21:11:50,NBIS,249.1900,249.2400,249.1600,249.1700,2066.0000,249.1900,18
2026-08-12 21:11:55,NBIS,249.1700,249.2400,249.1700,249.2400,2780.0000,249.1820,8
2026-08-12 21:12:00,NBIS,249.2400,249.3300,249.1800,249.3300,8971.0000,249.2690,37
2026-08-12 21:12:05,NBIS,249.3000,249.3800,249.2900,249.3800,2373.0000,249.3460,8
2026-08-12 21:12:10,NBIS,249.3300,249.4500,249.3200,249.3400,2116.0000,249.3840,15
2026-08-12 21:12:15,NBIS,249.3800,249.4600,249.3600,249.4200,2428.0000,249.4060,16
2026-08-12 21:12:20,NBIS,249.4100,249.4400,249.1700,249.3200,7440.0000,249.2930,56
2026-08-12 21:12:25,NBIS,249.3200,249.3200,249.1300,249.1900,5000.0000,249.2240,26
2026-08-12 21:12:30,NBIS,249.2600,249.3800,249.2500,249.2900,1353.0000,249.2830,9
2026-08-12 21:12:35,NBIS,249.3700,249.3800,249.3000,249.3700,2440.0000,249.3520,9
2026-08-12 21:12:40,NBIS,249.3400,249.3400,249.2200,249.2200,1281.0000,249.2790,6
2026-08-12 21:12:45,NBIS,249.2600,249.2600,249.1800,249.2300,1723.0000,249.2190,12
2026-08-12 21:12:50,NBIS,249.2200,249.5000,249.2100,249.5000,2929.0000,249.3960,17
2026-08-12 21:12:55,NBIS,249.4600,249.6000,249.4600,249.5400,4427.0000,249.5140,27
2026-08-12 21:13:00,NBIS,249.5200,249.5300,249.4600,249.4900,1189.0000,249.4910,6
2026-08-12 21:13:05,NBIS,249.5600,249.5700,249.5000,249.5200,800.0000,249.5190,4
2026-08-12 21:13:10,NBIS,249.5000,249.6000,249.4900,249.5500,1167.0000,249.5440,9
2026-08-12 21:13:15,NBIS,249.5200,249.6600,249.5200,249.6600,1862.0000,249.6210,9
2026-08-12 21:13:20,NBIS,249.6700,249.7000,249.4500,249.5200,6818.0000,249.5690,45
2026-08-12 21:13:25,NBIS,249.5200,249.6000,249.4600,249.6000,1959.0000,249.5160,11
2026-08-12 21:13:30,NBIS,249.6200,249.7000,249.6000,249.6100,1534.0000,249.6570,8
2026-08-12 21:13:35,NBIS,249.5900,249.6300,249.5300,249.6200,4168.0000,249.5890,20
2026-08-12 21:13:40,NBIS,249.5300,249.6000,249.5200,249.5200,2199.0000,249.5550,13
2026-08-12 21:13:45,NBIS,249.5000,249.5400,249.4100,249.4300,3495.0000,249.4610,24
2026-08-12 21:13:50,NBIS,249.4100,249.5000,249.4100,249.4100,2371.0000,249.4650,14
2026-08-12 21:13:55,NBIS,249.4900,249.5600,249.4300,249.5600,6129.0000,249.5250,25
2026-08-12 21:14:00,NBIS,249.4900,249.6000,249.4300,249.5400,1548.0000,249.5210,8
2026-08-12 21:14:05,NBIS,249.5600,249.6300,249.5000,249.6200,1167.0000,249.6060,9
2026-08-12 21:14:10,NBIS,249.5200,249.7200,249.5100,249.6700,2000.0000,249.6400,12
2026-08-12 21:14:15,NBIS,249.7300,249.7300,249.6300,249.7300,1797.0000,249.6790,9
2026-08-12 21:14:20,NBIS,249.6800,249.7200,249.5900,249.6500,3624.0000,249.6660,24
2026-08-12 21:14:25,NBIS,249.6000,249.6900,249.5500,249.6300,1052.0000,249.6100,8
2026-08-12 21:14:30,NBIS,249.6300,249.7100,249.5500,249.5500,1900.0000,249.6590,8
2026-08-12 21:14:35,NBIS,249.5800,249.5800,249.4700,249.4900,4631.0000,249.5280,41
2026-08-12 21:14:40,NBIS,249.4900,249.5000,249.4100,249.4200,1254.0000,249.4540,11
2026-08-12 21:14:45,NBIS,249.4700,249.4700,249.3800,249.4500,1293.0000,249.4260,8
2026-08-12 21:14:50,NBIS,249.4500,249.5500,249.4000,249.5300,4497.0000,249.5080,28
2026-08-12 21:14:55,NBIS,249.4600,249.4900,249.4300,249.4900,513.0000,249.4550,3
2026-08-12 21:15:00,NBIS,249.4300,249.4300,249.2400,249.2700,11006.0000,249.2910,23
2026-08-12 21:15:05,NBIS,249.3300,249.4800,249.2800,249.4500,5381.0000,249.3660,27
2026-08-12 21:15:10,NBIS,249.3800,249.4600,249.3800,249.4600,750.0000,249.4340,6
2026-08-12 21:15:15,NBIS,249.4100,249.5200,249.4000,249.4900,1618.0000,249.4900,14
2026-08-12 21:15:20,NBIS,249.4300,249.5900,249.4200,249.5900,810.0000,249.5210,5
2026-08-12 21:15:25,NBIS,249.5700,249.6800,249.5100,249.6800,3908.0000,249.5830,14
2026-08-12 21:15:30,NBIS,249.6300,249.6600,249.5800,249.6400,5381.0000,249.6240,23
2026-08-12 21:15:35,NBIS,249.6500,249.8600,249.6400,249.8200,4882.0000,249.7580,36
2026-08-12 21:15:40,NBIS,249.7500,249.8500,249.6600,249.7800,1791.0000,249.7610,11
2026-08-12 21:15:45,NBIS,249.7800,249.9300,249.7600,249.9300,1944.0000,249.8520,15
2026-08-12 21:15:50,NBIS,249.9400,250.1800,249.8000,250.0700,29988.0000,250.0060,132
2026-08-12 21:15:55,NBIS,250.1300,250.1300,249.7300,249.7900,10064.0000,249.8790,49
2026-08-12 21:16:00,NBIS,249.7900,249.7900,249.6900,249.7500,2773.0000,249.7280,24
2026-08-12 21:16:05,NBIS,249.7100,249.8100,249.7100,249.8100,2636.0000,249.7660,17
2026-08-12 21:16:10,NBIS,249.7600,249.8100,249.7300,249.7800,1823.0000,249.7770,18
2026-08-12 21:16:15,NBIS,249.7900,249.7900,249.6500,249.7500,4003.0000,249.7150,29
2026-08-12 21:16:20,NBIS,249.7600,249.8400,249.7500,249.7800,653.0000,249.7830,6
2026-08-12 21:16:25,NBIS,249.7700,249.8700,249.6800,249.8700,1024.0000,249.7810,7
2026-08-12 21:16:30,NBIS,249.7900,249.8600,249.7000,249.7000,4164.0000,249.8140,11
2026-08-12 21:16:35,NBIS,249.8200,249.8500,249.8100,249.8100,859.0000,249.8150,6
2026-08-12 21:16:40,NBIS,249.8200,249.8900,249.7600,249.8900,2120.0000,249.8120,8
2026-08-12 21:16:45,NBIS,249.8900,249.9000,249.8700,249.9000,1246.0000,249.8880,8
2026-08-12 21:16:50,NBIS,249.9400,249.9600,249.7800,249.9000,6613.0000,249.9020,31
2026-08-12 21:16:55,NBIS,249.7800,249.8900,249.7800,249.7900,987.0000,249.7990,7
2026-08-12 21:17:00,NBIS,249.8100,249.9100,249.7200,249.7500,4112.0000,249.8140,28
2026-08-12 21:17:05,NBIS,249.6900,249.7500,249.6400,249.6700,5964.0000,249.6910,39
2026-08-12 21:17:10,NBIS,249.6700,249.7500,249.6600,249.6900,2939.0000,249.6880,19
2026-08-12 21:17:15,NBIS,249.6900,249.7800,249.6200,249.6900,4018.0000,249.6850,29
2026-08-12 21:17:20,NBIS,249.7500,249.8900,249.7500,249.8500,3422.0000,249.8300,17
2026-08-12 21:17:25,NBIS,249.8000,249.8000,249.7200,249.7300,1864.0000,249.7580,15
2026-08-12 21:17:30,NBIS,249.7000,249.7300,249.6700,249.7200,1286.0000,249.6970,9
2026-08-12 21:17:35,NBIS,249.8000,249.8200,249.7900,249.8200,656.0000,249.8040,5
2026-08-12 21:17:40,NBIS,249.8200,249.8200,249.7200,249.7600,1184.0000,249.7630,11
2026-08-12 21:17:45,NBIS,249.7300,249.7400,249.6500,249.7000,1053.0000,249.7010,10
2026-08-12 21:17:50,NBIS,249.7000,249.7400,249.6500,249.7400,1203.0000,249.7050,10
2026-08-12 21:17:55,NBIS,249.7200,249.7200,249.7200,249.7200,500.0000,249.7200,1
2026-08-12 21:18:00,NBIS,249.7400,249.7500,249.6900,249.7200,1214.0000,249.7260,11
2026-08-12 21:18:05,NBIS,249.7100,249.7600,249.7000,249.7500,503.0000,249.7390,5
2026-08-12 21:18:10,NBIS,249.8000,249.9000,249.3200,249.5000,8050.0000,249.6710,52
2026-08-12 21:18:15,NBIS,249.4300,249.4300,249.0200,249.2400,9276.0000,249.3070,56
2026-08-12 21:18:20,NBIS,249.2400,249.2700,249.1600,249.1700,1953.0000,249.2130,12
2026-08-12 21:18:25,NBIS,249.2600,249.3400,249.1700,249.2400,2420.0000,249.2740,12
2026-08-12 21:18:30,NBIS,249.2200,249.2800,249.2200,249.2600,3002.0000,249.2380,10
2026-08-12 21:18:35,NBIS,249.2200,249.4800,249.2200,249.4800,2204.0000,249.2880,16
2026-08-12 21:18:40,NBIS,249.4000,249.4500,249.3100,249.4200,900.0000,249.3940,9
2026-08-12 21:18:45,NBIS,249.3500,249.4900,249.3500,249.4900,1420.0000,249.4280,11
2026-08-12 21:18:50,NBIS,249.4400,249.4600,249.3400,249.4600,1984.0000,249.3880,10
2026-08-12 21:18:55,NBIS,249.5300,249.5300,249.4200,249.4600,752.0000,249.4560,7
2026-08-12 21:19:00,NBIS,249.5500,249.7700,249.5500,249.7700,4648.0000,249.6370,21
2026-08-12 21:19:05,NBIS,249.7400,249.7400,249.7000,249.7000,974.0000,249.7290,7
2026-08-12 21:19:10,NBIS,249.7100,249.8300,249.6500,249.7400,2941.0000,249.7340,13
2026-08-12 21:19:15,NBIS,249.7100,249.8300,249.6700,249.7500,2593.0000,249.7790,10
2026-08-12 21:19:20,NBIS,249.6900,249.8000,249.6900,249.7800,300.0000,249.7570,3
2026-08-12 21:19:25,NBIS,249.7500,249.8000,249.7400,249.7800,1144.0000,249.7660,8
2026-08-12 21:19:30,NBIS,249.7800,249.8400,249.7700,249.8400,1880.0000,249.8310,8
2026-08-12 21:19:35,NBIS,249.8900,249.9500,249.8000,249.9200,2506.0000,249.9050,15
2026-08-12 21:19:40,NBIS,249.9200,249.9800,249.9100,249.9200,1988.0000,249.9460,11
2026-08-12 21:19:45,NBIS,249.9500,249.9600,249.7200,249.8200,6851.0000,249.8570,47
2026-08-12 21:19:50,NBIS,249.7300,249.8000,249.6400,249.8000,1935.0000,249.7200,13
2026-08-12 21:19:55,NBIS,249.8000,249.8300,249.6300,249.8300,700.0000,249.7970,4
2026-08-12 21:20:00,NBIS,249.8300,249.8300,249.8300,249.8300,363.0000,249.8300,3
2026-08-12 21:20:05,NBIS,249.8300,249.9000,249.8000,249.9000,2673.0000,249.8600,14
2026-08-12 21:20:10,NBIS,249.8700,249.8700,249.7900,249.7900,1100.0000,249.8300,3
2026-08-12 21:20:15,NBIS,249.8500,249.8900,249.8400,249.8800,1430.0000,249.8500,6
2026-08-12 21:20:20,NBIS,249.8700,249.9000,249.8100,249.8300,2134.0000,249.8470,15
2026-08-12 21:20:25,NBIS,249.8500,249.8500,249.7600,249.7600,4351.0000,249.8080,30
2026-08-12 21:20:30,NBIS,249.8200,249.8200,249.7200,249.8100,1930.0000,249.7740,16
2026-08-12 21:20:35,NBIS,249.8100,249.8100,249.7700,249.7800,500.0000,249.8030,5
2026-08-12 21:20:40,NBIS,249.8100,249.8100,249.7400,249.8100,2176.0000,249.7620,13
2026-08-12 21:20:45,NBIS,249.7700,249.8200,249.6700,249.7200,2606.0000,249.7070,20
2026-08-12 21:20:50,NBIS,249.7900,249.7900,249.6600,249.7000,971.0000,249.6990,9
2026-08-12 21:20:55,NBIS,249.6900,249.8800,249.6900,249.7300,2310.0000,249.7820,18
2026-08-12 21:21:00,NBIS,249.8900,249.9000,249.8100,249.8600,1310.0000,249.8850,7
2026-08-12 21:21:05,NBIS,249.8600,250.0000,249.8500,250.0000,11098.0000,249.9820,56
2026-08-12 21:21:10,NBIS,250.0000,250.4900,249.9900,250.4600,15916.0000,250.2990,77
2026-08-12 21:21:15,NBIS,250.4600,250.5300,250.4000,250.4800,7538.0000,250.4830,32
2026-08-12 21:21:20,NBIS,250.5200,250.5400,250.2300,250.2800,10025.0000,250.4420,47
2026-08-12 21:21:25,NBIS,250.2800,250.4600,250.2800,250.3700,2669.0000,250.3700,13
2026-08-12 21:21:30,NBIS,250.3700,250.4600,250.3500,250.3900,1631.0000,250.4000,7
2026-08-12 21:21:35,NBIS,250.4600,250.4600,250.1000,250.1300,5600.0000,250.2480,39
2026-08-12 21:21:40,NBIS,250.0400,250.2000,250.0200,250.1600,5349.0000,250.0990,30
2026-08-12 21:21:45,NBIS,250.1200,250.2900,250.1200,250.2800,1199.0000,250.2300,10
2026-08-12 21:21:50,NBIS,250.2300,250.3100,250.2300,250.2400,684.0000,250.2470,5
2026-08-12 21:21:55,NBIS,250.3100,250.3300,250.2500,250.2600,760.0000,250.2820,6
2026-08-12 21:22:00,NBIS,250.2400,250.4000,250.2200,250.3200,3029.0000,250.2710,19
2026-08-12 21:22:05,NBIS,250.2400,250.2800,250.0300,250.1800,3486.0000,250.1680,27
2026-08-12 21:22:10,NBIS,250.2100,250.3000,250.1800,250.3000,2259.0000,250.2550,12
2026-08-12 21:22:15,NBIS,250.2400,250.3400,250.2300,250.2500,1170.0000,250.2820,8
2026-08-12 21:22:20,NBIS,250.2100,250.2200,250.0300,250.1500,2011.0000,250.1590,14
2026-08-12 21:22:25,NBIS,250.2300,250.2400,250.0300,250.1400,1500.0000,250.1330,12
2026-08-12 21:22:30,NBIS,250.0300,250.0600,249.9300,249.9800,3105.0000,250.0080,18
2026-08-12 21:22:35,NBIS,249.9900,250.0100,249.9600,250.0000,600.0000,249.9870,5
2026-08-12 21:22:40,NBIS,249.9900,250.0600,249.9100,250.0600,6489.0000,249.9930,20
2026-08-12 21:22:45,NBIS,250.0000,250.0500,250.0000,250.0000,800.0000,250.0060,5
2026-08-12 21:22:50,NBIS,250.0400,250.0500,249.9300,250.0000,1001.0000,250.0030,9
2026-08-12 21:22:55,NBIS,250.0700,250.1500,249.9700,250.0800,7009.0000,250.1080,53
2026-08-12 21:23:00,NBIS,250.2000,250.3000,250.1200,250.2300,10078.0000,250.1770,55
2026-08-12 21:23:05,NBIS,250.2800,250.3000,250.1600,250.3000,8491.0000,250.2300,55
2026-08-12 21:23:10,NBIS,250.2000,250.2100,250.1100,250.2000,770.0000,250.1840,7
2026-08-12 21:23:15,NBIS,250.2100,250.2300,249.9900,249.9900,6197.0000,250.1780,35
2026-08-12 21:23:20,NBIS,250.0000,250.0300,249.9500,249.9600,1713.0000,249.9900,11
2026-08-12 21:23:25,NBIS,249.9400,250.0500,249.8600,249.8600,1986.0000,249.9400,15
2026-08-12 21:23:30,NBIS,249.9000,249.9300,249.8300,249.8900,4545.0000,249.8810,24
2026-08-12 21:23:35,NBIS,249.9200,250.0000,249.8500,249.8700,2415.0000,249.9210,16
2026-08-12 21:23:40,NBIS,249.8800,250.0000,249.8300,249.9000,2980.0000,249.9740,9
2026-08-12 21:23:45,NBIS,249.9500,250.0000,249.9400,249.9500,462.0000,249.9620,4
2026-08-12 21:23:50,NBIS,249.9300,250.0000,249.9100,249.9100,4246.0000,249.9960,20
2026-08-12 21:23:55,NBIS,249.9900,249.9900,249.8400,249.9200,4050.0000,249.8990,25
2026-08-12 21:24:00,NBIS,249.9200,249.9300,249.8200,249.9300,1509.0000,249.8900,9
2026-08-12 21:24:05,NBIS,249.9100,249.9200,249.9100,249.9200,300.0000,249.9130,3
2026-08-12 21:24:10,NBIS,249.8200,249.8400,249.6700,249.6700,3382.0000,249.7590,27
2026-08-12 21:24:15,NBIS,249.7700,249.7900,249.6800,249.7900,1541.0000,249.7170,9
2026-08-12 21:24:20,NBIS,249.7600,249.8200,249.5000,249.5400,3096.0000,249.6260,16
2026-08-12 21:24:25,NBIS,249.5600,249.6500,249.5300,249.5400,2877.0000,249.5750,23
2026-08-12 21:24:30,NBIS,249.6000,249.7700,249.5100,249.6500,3596.0000,249.6400,25
2026-08-12 21:24:35,NBIS,249.6700,249.6700,249.5500,249.5700,1696.0000,249.6240,11
2026-08-12 21:24:40,NBIS,249.5000,249.6300,249.5000,249.6200,6447.0000,249.5150,54
2026-08-12 21:24:45,NBIS,249.5900,249.7000,249.5600,249.7000,1909.0000,249.6410,11
2026-08-12 21:24:50,NBIS,249.7300,250.0800,249.5800,249.9100,23675.0000,249.9000,121
2026-08-12 21:24:55,NBIS,249.9300,250.0800,249.8600,249.9800,3947.0000,249.9900,31
2026-08-12 21:25:00,NBIS,249.9800,250.0000,249.7800,249.9100,6906.0000,249.8930,34
2026-08-12 21:25:05,NBIS,249.9200,250.0000,249.8400,250.0000,1280.0000,249.9700,8
2026-08-12 21:25:10,NBIS,250.0700,250.2700,249.9000,250.0500,10404.0000,250.1080,58
2026-08-12 21:25:15,NBIS,250.1800,250.2800,250.0500,250.0700,2520.0000,250.1110,10
2026-08-12 21:25:20,NBIS,250.0700,250.1400,250.0600,250.0700,3714.0000,250.0990,23
2026-08-12 21:25:25,NBIS,250.1200,250.3000,250.0900,250.3000,3525.0000,250.1970,23
2026-08-12 21:25:30,NBIS,250.2700,250.3400,250.1400,250.3400,6012.0000,250.2590,33
2026-08-12 21:25:35,NBIS,250.3400,250.4400,250.2300,250.2300,5814.0000,250.3430,30
2026-08-12 21:25:40,NBIS,250.3200,250.3800,250.1800,250.2600,3451.0000,250.2310,25
2026-08-12 21:25:45,NBIS,250.1600,250.3200,250.1500,250.3200,7633.0000,250.1790,17
2026-08-12 21:25:50,NBIS,250.2400,250.3300,250.2300,250.2600,1700.0000,250.2710,9
2026-08-12 21:25:55,NBIS,250.2500,250.3400,250.2200,250.2300,1545.0000,250.2780,10
2026-08-12 21:26:00,NBIS,250.2800,250.3600,250.2200,250.3600,881.0000,250.2910,8
2026-08-12 21:26:05,NBIS,250.3100,250.3100,250.1800,250.2000,2072.0000,250.2290,8
2026-08-12 21:26:10,NBIS,250.1600,250.2300,250.1600,250.1700,2412.0000,250.1910,15
2026-08-12 21:26:15,NBIS,250.2200,250.2200,249.9800,250.0500,3192.0000,250.0910,24
2026-08-12 21:26:20,NBIS,250.1600,250.1700,250.0700,250.1300,1153.0000,250.1430,6
2026-08-12 21:26:25,NBIS,250.2000,250.2100,250.0000,250.0400,4576.0000,250.0910,16
2026-08-12 21:26:30,NBIS,250.0500,250.1900,250.0500,250.1700,2416.0000,250.1350,12
2026-08-12 21:26:35,NBIS,250.0500,250.1500,250.0500,250.1500,533.0000,250.1100,5
2026-08-12 21:26:40,NBIS,250.0200,250.2000,250.0200,250.1100,1800.0000,250.1120,9
2026-08-12 21:26:45,NBIS,250.2000,250.2400,250.1000,250.2300,2380.0000,250.2080,16
2026-08-12 21:26:50,NBIS,250.2000,250.2000,250.1100,250.1100,750.0000,250.1840,3
2026-08-12 21:26:55,NBIS,250.1800,250.3000,250.1500,250.3000,1984.0000,250.2310,13
2026-08-12 21:27:00,NBIS,250.2800,250.3100,250.2000,250.2800,1948.0000,250.2620,9
2026-08-12 21:27:05,NBIS,250.2800,250.3500,250.1100,250.1600,3830.0000,250.2210,18
2026-08-12 21:27:10,NBIS,250.2500,250.3200,250.1700,250.2200,710.0000,250.2330,6
2026-08-12 21:27:15,NBIS,250.2300,250.3200,250.1000,250.1000,2161.0000,250.1400,16
2026-08-12 21:27:20,NBIS,250.0700,250.0800,249.9600,250.0400,4130.0000,250.0230,26
2026-08-12 21:27:25,NBIS,250.0000,250.1100,249.9700,250.0400,1503.0000,250.0170,13
2026-08-12 21:27:30,NBIS,249.9600,250.1500,249.9600,250.1200,3814.0000,250.0120,19
2026-08-12 21:27:35,NBIS,250.1400,250.1700,250.0400,250.1700,325.0000,250.1130,3
2026-08-12 21:27:40,NBIS,250.2200,250.2500,250.0200,250.0200,3600.0000,250.2180,5
2026-08-12 21:27:45,NBIS,250.1400,250.2500,250.1100,250.1800,959.0000,250.1810,8
2026-08-12 21:27:50,NBIS,250.1800,250.3000,250.0600,250.0600,2517.0000,250.1930,10
2026-08-12 21:27:55,NBIS,250.1000,250.1700,250.0900,250.1700,997.0000,250.1320,9
2026-08-12 21:28:00,NBIS,250.1700,250.1700,250.0300,250.1400,2720.0000,250.1130,12
2026-08-12 21:28:05,NBIS,250.0000,250.0500,249.9800,250.0500,520.0000,250.0270,5
2026-08-12 21:28:10,NBIS,250.0100,250.0500,249.9600,249.9600,7787.0000,249.9980,29
2026-08-12 21:28:15,NBIS,249.9600,249.9600,249.6000,249.8000,6259.0000,249.7990,37
2026-08-12 21:28:20,NBIS,249.8100,249.8100,249.7000,249.7000,800.0000,249.7920,3
2026-08-12 21:28:25,NBIS,249.7300,249.9300,249.7000,249.9200,1908.0000,249.8650,5
2026-08-12 21:28:30,NBIS,249.7900,250.0000,249.7900,249.9000,2214.0000,249.9310,15
2026-08-12 21:28:35,NBIS,249.9000,249.9900,249.7900,249.8200,2531.0000,249.9300,12
2026-08-12 21:28:40,NBIS,249.8400,249.8800,249.7300,249.7300,950.0000,249.8220,5
2026-08-12 21:28:45,NBIS,249.9000,249.9000,249.7300,249.7800,1585.0000,249.8580,6
2026-08-12 21:28:50,NBIS,249.7500,249.8400,249.7300,249.7300,2400.0000,249.7690,18
2026-08-12 21:28:55,NBIS,249.7600,249.7600,249.6700,249.7100,1864.0000,249.7150,15
2026-08-12 21:29:00,NBIS,249.7000,249.7100,249.6800,249.7100,879.0000,249.6970,6
2026-08-12 21:29:05,NBIS,249.7100,249.7900,249.6900,249.7900,1286.0000,249.7370,11
2026-08-12 21:29:10,NBIS,249.7200,249.7900,249.6800,249.7400,1917.0000,249.7290,13
2026-08-12 21:29:15,NBIS,249.7300,249.7400,249.7300,249.7400,300.0000,249.7340,3
2026-08-12 21:29:20,NBIS,249.8300,249.8900,249.8300,249.8600,2200.0000,249.8550,11
2026-08-12 21:29:25,NBIS,249.8100,249.8400,249.7400,249.8400,700.0000,249.7990,7
2026-08-12 21:29:30,NBIS,249.8400,249.8400,249.7200,249.8300,1711.0000,249.7950,11
2026-08-12 21:29:35,NBIS,249.8600,249.8700,249.7600,249.8300,1113.0000,249.8070,7
2026-08-12 21:29:40,NBIS,249.7100,249.7900,249.6100,249.6300,3187.0000,249.6660,29
2026-08-12 21:29:45,NBIS,249.6600,249.7100,249.5400,249.5400,3086.0000,249.6150,25
2026-08-12 21:29:50,NBIS,249.6000,249.6000,249.3700,249.3900,3565.0000,249.4800,21
2026-08-12 21:29:55,NBIS,249.4600,249.5500,249.4100,249.4600,3705.0000,249.4650,23
2026-08-12 21:30:00,NBIS,249.4700,249.4800,249.3400,249.3500,2630.0000,249.4060,18
2026-08-12 21:30:05,NBIS,249.3600,249.3600,249.1900,249.2500,3984.0000,249.2510,25
2026-08-12 21:30:10,NBIS,249.2200,249.3000,248.8000,249.0000,13969.0000,249.0500,66
2026-08-12 21:30:15,NBIS,249.0200,249.2000,248.9100,248.9100,7662.0000,249.0480,31
2026-08-12 21:30:20,NBIS,249.0400,249.0400,248.7100,248.8500,5275.0000,248.8560,42
2026-08-12 21:30:25,NBIS,248.7400,249.0300,248.7400,248.8700,6777.0000,248.9150,37
2026-08-12 21:30:30,NBIS,248.9400,249.0500,248.9300,249.0500,3001.0000,249.0260,10
2026-08-12 21:30:35,NBIS,249.0500,249.0500,248.8000,248.9400,3836.0000,248.9340,30
2026-08-12 21:30:40,NBIS,248.8000,249.1500,248.8000,249.1500,3717.0000,248.9810,30
2026-08-12 21:30:45,NBIS,249.1800,249.3200,249.1000,249.1500,5006.0000,249.2150,32
2026-08-12 21:30:50,NBIS,249.1500,249.2100,249.0800,249.1800,3872.0000,249.1620,17
2026-08-12 21:30:55,NBIS,249.0800,249.2800,249.0800,249.2800,2960.0000,249.1540,12
2026-08-12 21:31:00,NBIS,249.2200,249.2200,249.1500,249.2200,1686.0000,249.1800,14
2026-08-12 21:31:05,NBIS,249.2100,249.2600,249.1100,249.1100,4754.0000,249.1990,18
2026-08-12 21:31:10,NBIS,249.1100,249.1400,249.1000,249.1200,3450.0000,249.1100,11
2026-08-12 21:31:15,NBIS,249.0700,249.0800,248.8600,248.8600,3655.0000,248.9670,23
2026-08-12 21:31:20,NBIS,248.8600,248.9600,248.8600,248.9600,650.0000,248.9440,5
2026-08-12 21:31:25,NBIS,248.9900,249.0600,248.9500,249.0400,3288.0000,249.0020,10
2026-08-12 21:31:30,NBIS,249.0500,249.2300,249.0500,249.1600,1971.0000,249.1270,14
2026-08-12 21:31:35,NBIS,249.1300,249.1300,249.0600,249.0700,2043.0000,249.1070,11
2026-08-12 21:31:40,NBIS,249.1400,249.1400,249.0700,249.0700,971.0000,249.1160,7
2026-08-12 21:31:45,NBIS,249.1900,249.2000,249.0000,249.0200,3040.0000,249.0670,24
2026-08-12 21:31:50,NBIS,249.0200,249.2000,248.8900,248.9400,8446.0000,248.9880,50
2026-08-12 21:31:55,NBIS,249.0100,249.1000,248.9600,248.9700,2307.0000,249.0090,14
2026-08-12 21:32:00,NBIS,249.0600,249.2000,249.0000,249.1300,4649.0000,249.0810,40
2026-08-12 21:32:05,NBIS,249.1300,249.3600,249.1200,249.2000,4695.0000,249.2250,24
2026-08-12 21:32:10,NBIS,249.2300,249.3200,249.2000,249.2100,1113.0000,249.2420,8
2026-08-12 21:32:15,NBIS,249.2600,249.3200,249.1300,249.1300,4069.0000,249.2360,22
2026-08-12 21:32:20,NBIS,249.1000,249.1800,249.0800,249.1300,2975.0000,249.1280,8
2026-08-12 21:32:25,NBIS,249.0900,249.1300,249.0800,249.0800,1461.0000,249.1040,12
2026-08-12 21:32:30,NBIS,249.1200,249.2600,249.1200,249.1600,3160.0000,249.1630,21
2026-08-12 21:32:35,NBIS,249.2500,249.2500,249.1300,249.2200,1639.0000,249.1780,6
2026-08-12 21:32:40,NBIS,249.2200,249.2200,249.1800,249.1800,500.0000,249.2040,3
2026-08-12 21:32:45,NBIS,249.2400,249.2500,249.1700,249.2000,1318.0000,249.1990,10
2026-08-12 21:32:50,NBIS,249.2100,249.3300,249.2000,249.3300,7092.0000,249.2580,42
2026-08-12 21:32:55,NBIS,249.2600,249.3400,249.2600,249.2600,922.0000,249.2700,8
2026-08-12 21:33:00,NBIS,249.3300,249.4400,249.2000,249.3300,2824.0000,249.3420,23
2026-08-12 21:33:05,NBIS,249.3300,249.3300,249.2300,249.3300,3169.0000,249.2940,18
2026-08-12 21:33:10,NBIS,249.3400,249.4100,249.2600,249.2600,1750.0000,249.3220,13
2026-08-12 21:33:15,NBIS,249.3400,249.3400,249.2800,249.3400,620.0000,249.3250,6
2026-08-12 21:33:20,NBIS,249.2600,249.4100,249.2600,249.3200,2527.0000,249.3040,19
2026-08-12 21:33:25,NBIS,249.3700,249.3800,249.3200,249.3600,1760.0000,249.3550,11
2026-08-12 21:33:30,NBIS,249.3600,249.3600,249.3600,249.3600,921.0000,249.3600,4
2026-08-12 21:33:35,NBIS,249.3300,249.3600,249.3000,249.3600,3983.0000,249.3390,31
2026-08-12 21:33:40,NBIS,249.3500,249.3500,249.1000,249.2000,6207.0000,249.2110,52
2026-08-12 21:33:45,NBIS,249.1600,249.2100,249.1600,249.2100,2507.0000,249.1910,12
2026-08-12 21:33:50,NBIS,249.1300,249.2200,249.1300,249.1900,1650.0000,249.1790,12
2026-08-12 21:33:55,NBIS,249.2200,249.2200,249.1600,249.2200,1125.0000,249.1970,8
2026-08-12 21:34:00,NBIS,249.2200,249.3800,249.2100,249.3800,5609.0000,249.3400,22
2026-08-12 21:34:05,NBIS,249.4100,249.4200,249.3700,249.3800,1050.0000,249.3840,4
2026-08-12 21:34:10,NBIS,249.3800,249.5000,249.3700,249.4500,2140.0000,249.4450,17
2026-08-12 21:34:15,NBIS,249.4500,249.4900,249.3300,249.4000,3711.0000,249.3850,20
2026-08-12 21:34:20,NBIS,249.3600,249.4200,249.3600,249.4200,300.0000,249.3920,3
2026-08-12 21:34:25,NBIS,249.3500,249.4200,249.3400,249.4200,648.0000,249.3730,4
2026-08-12 21:34:30,NBIS,249.3900,249.4200,249.3400,249.3400,1653.0000,249.3600,5
2026-08-12 21:34:35,NBIS,249.3600,249.4900,249.2300,249.2900,4150.0000,249.3550,29
2026-08-12 21:34:40,NBIS,249.2600,249.4100,249.2600,249.4100,2396.0000,249.3310,20
2026-08-12 21:34:45,NBIS,249.3900,249.4900,249.3000,249.3000,1471.0000,249.3570,11
2026-08-12 21:34:50,NBIS,249.3600,249.3700,249.1800,249.1800,1337.0000,249.2860,12
2026-08-12 21:34:55,NBIS,249.2400,249.2400,249.1200,249.1700,1222.0000,249.1630,12
2026-08-12 21:35:00,NBIS,249.3300,249.3400,249.3300,249.3300,120.0000,249.3300,1
2026-08-12 21:35:05,NBIS,249.3100,249.3800,249.2700,249.3800,1101.0000,249.3520,8
2026-08-12 21:35:10,NBIS,249.3300,249.3800,249.1900,249.3800,3395.0000,249.2770,19
2026-08-12 21:35:15,NBIS,249.3700,249.6300,249.3600,249.6300,1972.0000,249.5150,15
2026-08-12 21:35:20,NBIS,249.6300,249.6300,249.6300,249.6300,0.0000,249.6300,0
2026-08-12 21:35:25,NBIS,249.6100,249.6900,249.5100,249.6400,3737.0000,249.6220,17
2026-08-12 21:35:30,NBIS,249.7100,249.7600,249.6200,249.6800,3414.0000,249.6890,23
2026-08-12 21:35:35,NBIS,249.6800,249.6900,249.5700,249.5700,2654.0000,249.6130,19
2026-08-12 21:35:40,NBIS,249.5700,249.5700,249.5700,249.5700,100.0000,249.5700,1
2026-08-12 21:35:45,NBIS,249.6100,249.6400,249.4900,249.5700,5983.0000,249.5460,41
2026-08-12 21:35:50,NBIS,249.5300,249.6800,249.5000,249.5900,900.0000,249.6020,7
2026-08-12 21:35:55,NBIS,249.6400,249.6500,249.5300,249.6000,954.0000,249.5910,6
2026-08-12 21:36:00,NBIS,249.6800,249.7100,249.5500,249.6500,1106.0000,249.6610,8
2026-08-12 21:36:05,NBIS,249.5700,249.6500,249.5600,249.6500,600.0000,249.6030,4
2026-08-12 21:36:10,NBIS,249.6500,249.7300,249.6000,249.6100,1359.0000,249.6410,12
2026-08-12 21:36:15,NBIS,249.6700,249.7300,249.6500,249.6800,1580.0000,249.6700,11
2026-08-12 21:36:20,NBIS,249.7000,249.7000,249.6600,249.6600,740.0000,249.6650,5
2026-08-12 21:36:25,NBIS,249.7200,249.8400,249.6400,249.8400,3078.0000,249.7540,21
2026-08-12 21:36:30,NBIS,249.6800,249.8400,249.6800,249.7700,2890.0000,249.7680,6
2026-08-12 21:36:35,NBIS,249.7900,249.8300,249.7300,249.7700,1039.0000,249.7970,9
2026-08-12 21:36:40,NBIS,249.8200,249.8400,249.7500,249.8400,1200.0000,249.7850,6
2026-08-12 21:36:45,NBIS,249.8500,249.9200,249.8000,249.8000,2320.0000,249.8810,12
2026-08-12 21:36:50,NBIS,249.9300,249.9800,249.9200,249.9800,1560.0000,249.9670,9
2026-08-12 21:36:55,NBIS,249.9900,250.2100,249.9100,249.9400,20555.0000,250.0530,142
2026-08-12 21:37:00,NBIS,249.9500,249.9900,249.9200,249.9200,2408.0000,249.9540,16
2026-08-12 21:37:05,NBIS,249.9500,250.1200,249.9500,250.1200,1800.0000,250.0220,13
2026-08-12 21:37:10,NBIS,250.0000,250.2500,250.0000,250.0500,11179.0000,250.1350,58
2026-08-12 21:37:15,NBIS,250.0500,250.2100,250.0500,250.1500,1999.0000,250.1230,17
2026-08-12 21:37:20,NBIS,250.1500,250.2600,250.1400,250.1400,2724.0000,250.1630,17
2026-08-12 21:37:25,NBIS,250.1900,250.3000,250.1700,250.1700,3358.0000,250.2440,17
2026-08-12 21:37:30,NBIS,250.1200,250.2800,250.1200,250.2200,1702.0000,250.1790,7
2026-08-12 21:37:35,NBIS,250.2800,250.2800,250.1100,250.1300,4610.0000,250.1860,35
2026-08-12 21:37:40,NBIS,250.1100,250.2400,250.1100,250.2100,3641.0000,250.1970,27
2026-08-12 21:37:45,NBIS,250.1800,250.2500,250.1600,250.2500,3422.0000,250.2120,27
2026-08-12 21:37:50,NBIS,250.2400,250.2800,250.1900,250.2200,2162.0000,250.2370,8
2026-08-12 21:37:55,NBIS,250.3000,250.3500,250.1700,250.2600,7627.0000,250.2840,37
2026-08-12 21:38:00,NBIS,250.2500,250.2600,250.1000,250.1100,2216.0000,250.1830,16
2026-08-12 21:38:05,NBIS,250.2200,250.2200,250.1000,250.1000,599.0000,250.1890,3
2026-08-12 21:38:10,NBIS,250.1400,250.4000,249.9400,250.3900,26274.0000,250.1570,109
2026-08-12 21:38:15,NBIS,250.2600,250.3400,250.0900,250.0900,8575.0000,250.2430,48
2026-08-12 21:38:20,NBIS,250.1700,250.2000,250.1400,250.1700,1399.0000,250.1680,10
2026-08-12 21:38:25,NBIS,250.2000,250.2000,250.0300,250.1300,26777.0000,250.1190,24
2026-08-12 21:38:30,NBIS,250.2200,250.2800,250.0700,250.2700,3988.0000,250.1350,14
2026-08-12 21:38:35,NBIS,250.1600,250.1800,250.0700,250.1600,1758.0000,250.1200,11
2026-08-12 21:38:40,NBIS,250.0700,250.1600,250.0700,250.1600,309.0000,250.1230,3
2026-08-12 21:38:45,NBIS,250.1600,250.1600,250.0200,250.0700,2700.0000,250.0840,15
2026-08-12 21:38:50,NBIS,250.1200,250.1200,249.1800,249.1800,10035.0000,249.6990,60
2026-08-12 21:38:55,NBIS,249.1200,249.7000,249.1200,249.5700,840.0000,249.4340,8
2026-08-12 21:39:00,NBIS,249.6100,249.7700,249.6100,249.7000,2444.0000,249.7070,22
2026-08-12 21:39:05,NBIS,249.6700,249.7300,249.5900,249.7000,1612.0000,249.6630,12
2026-08-12 21:39:10,NBIS,249.6100,249.6100,249.5400,249.6100,647.0000,249.5860,5
2026-08-12 21:39:15,NBIS,249.6200,249.7000,249.6200,249.6300,1314.0000,249.6620,9
2026-08-12 21:39:20,NBIS,249.5800,249.6300,249.5600,249.6000,1130.0000,249.5900,9
2026-08-12 21:39:25,NBIS,249.6500,249.7000,249.6300,249.6900,700.0000,249.6600,5
2026-08-12 21:39:30,NBIS,249.6900,249.7500,249.6400,249.7400,1359.0000,249.7070,7
2026-08-12 21:39:35,NBIS,249.7400,249.8200,249.6600,249.7300,1175.0000,249.7440,9
2026-08-12 21:39:40,NBIS,249.7300,249.7400,249.6100,249.6400,3626.0000,249.6550,18
2026-08-12 21:39:45,NBIS,249.7000,249.7000,249.6500,249.6500,1200.0000,249.6950,3
2026-08-12 21:39:50,NBIS,249.7400,249.7400,249.7300,249.7400,100.0000,249.7350,1
2026-08-12 21:39:55,NBIS,249.7400,249.7400,249.5100,249.5800,5510.0000,249.6300,33
2026-08-12 21:40:00,NBIS,249.5800,249.6500,249.5100,249.6500,1274.0000,249.5940,10
2026-08-12 21:40:05,NBIS,249.7000,249.8500,249.6900,249.7200,1598.0000,249.7570,11
2026-08-12 21:40:10,NBIS,249.7700,249.7700,249.7700,249.7700,100.0000,249.7700,1
2026-08-12 21:40:15,NBIS,249.8000,249.8000,249.7900,249.8000,524.0000,249.7980,3
2026-08-12 21:40:20,NBIS,249.7200,249.8000,249.7000,249.7600,3206.0000,249.7170,20
2026-08-12 21:40:25,NBIS,249.7400,249.8100,249.7100,249.7900,2410.0000,249.7680,10
2026-08-12 21:40:30,NBIS,249.7100,249.8500,249.6800,249.8400,2141.0000,249.7740,14
2026-08-12 21:40:35,NBIS,249.7700,249.8500,249.7600,249.8400,636.0000,249.8300,6
2026-08-12 21:40:40,NBIS,249.8800,249.9000,249.7700,249.9000,1536.0000,249.8690,11
2026-08-12 21:40:45,NBIS,249.8800,249.9800,249.7300,249.8500,4383.0000,249.8670,34
2026-08-12 21:40:50,NBIS,249.7500,249.8000,249.5200,249.6900,7867.0000,249.7060,67
2026-08-12 21:40:55,NBIS,249.6900,249.8700,249.6800,249.8700,1700.0000,249.8040,13
2026-08-12 21:41:00,NBIS,249.7700,249.7700,249.7700,249.7700,165.0000,249.7700,1
2026-08-12 21:41:05,NBIS,249.8900,249.9000,249.7000,249.7000,2907.0000,249.8010,16
2026-08-12 21:41:10,NBIS,249.7800,249.7800,249.5800,249.6100,3022.0000,249.6960,14
2026-08-12 21:41:15,NBIS,249.5600,249.6100,249.4900,249.6000,3033.0000,249.5360,22
2026-08-12 21:41:20,NBIS,249.6100,249.7400,249.5900,249.7400,2918.0000,249.6410,16
2026-08-12 21:41:25,NBIS,249.7400,249.8200,249.6600,249.6600,1100.0000,249.7330,11
2026-08-12 21:41:30,NBIS,249.6600,249.6700,249.6200,249.6200,675.0000,249.6350,5
2026-08-12 21:41:35,NBIS,249.6300,249.6300,249.6200,249.6300,500.0000,249.6250,1
2026-08-12 21:41:40,NBIS,249.6900,249.7000,249.6900,249.6900,500.0000,249.6950,5
2026-08-12 21:41:45,NBIS,249.6500,249.6500,249.6500,249.6500,100.0000,249.6500,1
2026-08-12 21:41:50,NBIS,249.7100,249.7100,249.5800,249.6400,1380.0000,249.6270,13
2026-08-12 21:41:55,NBIS,249.5800,249.6500,249.5300,249.6100,2154.0000,249.5970,14
2026-08-12 21:42:00,NBIS,249.5400,249.6200,249.4600,249.6200,2344.0000,249.5230,17
2026-08-12 21:42:05,NBIS,249.4600,249.4700,249.2000,249.2500,3100.0000,249.3450,20
2026-08-12 21:42:10,NBIS,249.2700,249.3000,249.2400,249.2600,1626.0000,249.2690,11
2026-08-12 21:42:15,NBIS,249.2600,249.3700,249.2200,249.3700,634.0000,249.2850,6
2026-08-12 21:42:20,NBIS,249.3700,249.3700,249.2100,249.2900,982.0000,249.2710,7
2026-08-12 21:42:25,NBIS,249.2100,249.2900,249.2100,249.2500,2041.0000,249.2450,9
2026-08-12 21:42:30,NBIS,249.2100,249.2900,248.9000,249.2900,9998.0000,249.0610,55
2026-08-12 21:42:35,NBIS,249.1200,249.1200,248.9700,249.0000,1053.0000,249.0260,8
2026-08-12 21:42:40,NBIS,248.9700,249.0900,248.9600,249.0900,2560.0000,249.0060,20
2026-08-12 21:42:45,NBIS,249.0300,249.1900,249.0300,249.1700,2386.0000,249.1160,16
2026-08-12 21:42:50,NBIS,249.1900,249.3100,249.1200,249.1600,3631.0000,249.1980,18
2026-08-12 21:42:55,NBIS,249.2600,249.3000,249.1700,249.2000,2925.0000,249.2500,12
2026-08-12 21:43:00,NBIS,249.3700,249.3700,249.2700,249.3600,400.0000,249.3430,3
2026-08-12 21:43:05,NBIS,249.1700,249.3600,249.1600,249.1700,4219.0000,249.2170,32
2026-08-12 21:43:10,NBIS,249.3100,249.3700,249.3100,249.3700,1000.0000,249.3540,9
2026-08-12 21:43:15,NBIS,249.2800,249.3100,249.1900,249.2900,507.0000,249.2550,5
2026-08-12 21:43:20,NBIS,249.3300,249.3300,249.2000,249.2500,700.0000,249.2270,6
2026-08-12 21:43:25,NBIS,249.2600,249.2900,249.1900,249.2400,826.0000,249.2590,7
2026-08-12 21:43:30,NBIS,249.2900,249.2900,249.2100,249.2100,1177.0000,249.2380,11
2026-08-12 21:43:35,NBIS,249.1700,249.2200,249.1700,249.2200,345.0000,249.1850,2
2026-08-12 21:43:40,NBIS,249.1600,249.2400,249.1600,249.1700,400.0000,249.1980,4
2026-08-12 21:43:45,NBIS,249.1800,249.2800,249.1800,249.1900,1200.0000,249.2170,10
2026-08-12 21:43:50,NBIS,249.2800,249.3000,249.2300,249.2900,1321.0000,249.2820,13
2026-08-12 21:43:55,NBIS,249.3500,249.4800,249.3500,249.4200,3271.0000,249.4090,14
2026-08-12 21:44:00,NBIS,249.4800,249.5000,249.4200,249.4200,2118.0000,249.4770,18
2026-08-12 21:44:05,NBIS,249.4000,249.4700,249.3900,249.3900,1616.0000,249.4310,12
2026-08-12 21:44:10,NBIS,249.4600,249.4600,249.3700,249.4200,600.0000,249.4280,4
2026-08-12 21:44:15,NBIS,249.3900,249.4700,249.3400,249.4600,1069.0000,249.4140,7
2026-08-12 21:44:20,NBIS,249.4300,249.4500,249.4000,249.4000,624.0000,249.4290,3
2026-08-12 21:44:25,NBIS,249.5200,249.5200,249.4100,249.4800,3162.0000,249.4530,21
2026-08-12 21:44:30,NBIS,249.4800,249.4800,249.4300,249.4300,1432.0000,249.4680,9
2026-08-12 21:44:35,NBIS,249.5300,249.5300,249.4200,249.5300,1573.0000,249.4520,6
2026-08-12 21:44:40,NBIS,249.4900,249.4900,249.4400,249.4500,356.0000,249.4690,3
2026-08-12 21:44:45,NBIS,249.4900,249.5200,249.4700,249.5200,1619.0000,249.4890,13
2026-08-12 21:44:50,NBIS,249.4900,249.4900,249.4500,249.4500,600.0000,249.4830,3
2026-08-12 21:44:55,NBIS,249.4700,249.6500,249.4400,249.6100,3716.0000,249.5810,28
2026-08-12 21:45:00,NBIS,249.6200,249.7500,249.6100,249.6900,2612.0000,249.6630,16
2026-08-12 21:45:05,NBIS,249.6500,249.7900,249.6400,249.7900,4622.0000,249.7010,28
2026-08-12 21:45:10,NBIS,249.7600,249.8100,249.7600,249.8000,200.0000,249.7820,2
2026-08-12 21:45:15,NBIS,249.7800,249.9000,249.7200,249.7700,4469.0000,249.7850,17
2026-08-12 21:45:20,NBIS,249.8700,249.8800,249.5600,249.7300,6412.0000,249.7540,48
2026-08-12 21:45:25,NBIS,249.6400,249.7300,249.6000,249.7100,1296.0000,249.6380,5
2026-08-12 21:45:30,NBIS,249.7100,249.7100,249.5800,249.7000,1560.0000,249.6820,6
2026-08-12 21:45:35,NBIS,249.5800,249.5800,249.2500,249.3000,5699.0000,249.4510,37
2026-08-12 21:45:40,NBIS,249.3900,249.4300,249.2600,249.4000,6399.0000,249.3250,40
2026-08-12 21:45:45,NBIS,249.3600,249.4000,249.2800,249.2800,801.0000,249.3050,3
2026-08-12 21:45:50,NBIS,249.3300,249.3300,249.3200,249.3300,250.0000,249.3260,2
2026-08-12 21:45:55,NBIS,249.4100,249.5200,249.3900,249.4100,6087.0000,249.4590,34
2026-08-12 21:46:00,NBIS,249.4200,249.4400,249.3500,249.4400,4859.0000,249.4310,25
2026-08-12 21:46:05,NBIS,249.4300,249.5000,249.3400,249.3600,5048.0000,249.3890,18
2026-08-12 21:46:10,NBIS,249.4300,249.4900,249.3500,249.4900,3326.0000,249.3940,20
2026-08-12 21:46:15,NBIS,249.4500,249.5600,249.4000,249.4500,5785.0000,249.4830,42
2026-08-12 21:46:20,NBIS,249.5200,249.5200,249.4800,249.4800,1110.0000,249.5120,3
2026-08-12 21:46:25,NBIS,249.4200,249.4200,249.3500,249.3500,1174.0000,249.3740,10
2026-08-12 21:46:30,NBIS,249.4400,249.4400,249.3500,249.3600,335.0000,249.3820,2
2026-08-12 21:46:35,NBIS,249.4500,249.5900,249.3900,249.5200,2542.0000,249.4870,21
2026-08-12 21:46:40,NBIS,249.5500,249.6900,249.5500,249.6900,2768.0000,249.6040,11
2026-08-12 21:46:45,NBIS,249.6900,249.7000,249.5800,249.6900,1719.0000,249.6200,8
2026-08-12 21:46:50,NBIS,249.6800,249.7200,249.5600,249.5600,3546.0000,249.6160,21
2026-08-12 21:46:55,NBIS,249.5300,249.6300,249.4500,249.4800,1306.0000,249.5170,12
2026-08-12 21:47:00,NBIS,249.4600,249.4600,249.3800,249.4200,1300.0000,249.3990,13
2026-08-12 21:47:05,NBIS,249.3800,249.3900,249.2800,249.2800,2007.0000,249.3310,16
2026-08-12 21:47:10,NBIS,249.3400,249.3400,249.2100,249.2300,1950.0000,249.2510,14
2026-08-12 21:47:15,NBIS,249.2200,249.2200,249.1600,249.1900,1430.0000,249.1860,9
2026-08-12 21:47:20,NBIS,249.2000,249.2700,249.0000,249.0000,5229.0000,249.1370,36
2026-08-12 21:47:25,NBIS,249.0300,249.1400,249.0200,249.1400,1800.0000,249.0520,8
2026-08-12 21:47:30,NBIS,249.1400,249.1400,248.8300,248.9600,6868.0000,249.0110,51
2026-08-12 21:47:35,NBIS,248.7900,248.8400,248.6400,248.6500,1732.0000,248.7140,15
2026-08-12 21:47:40,NBIS,248.6000,248.8000,248.6000,248.6300,3058.0000,248.6980,17
2026-08-12 21:47:45,NBIS,248.7900,248.8400,248.6200,248.8300,2964.0000,248.7280,22
2026-08-12 21:47:50,NBIS,248.7800,248.8500,248.7100,248.7800,1825.0000,248.7850,12
2026-08-12 21:47:55,NBIS,248.8500,248.9700,248.8100,248.9300,2408.0000,248.8520,12
2026-08-12 21:48:00,NBIS,248.9100,249.0000,248.8200,248.8700,3368.0000,248.9110,25
2026-08-12 21:48:05,NBIS,248.9500,248.9500,248.8800,248.9200,1405.0000,248.9180,9
2026-08-12 21:48:10,NBIS,248.9700,249.1300,248.9500,248.9500,1641.0000,249.0430,10
2026-08-12 21:48:15,NBIS,249.1100,249.1400,249.0500,249.1000,1530.0000,249.1240,6
2026-08-12 21:48:20,NBIS,249.1900,249.2000,249.0400,249.1300,3210.0000,249.1340,14
2026-08-12 21:48:25,NBIS,249.0800,249.1100,248.9700,249.0500,2701.0000,249.0470,16
2026-08-12 21:48:30,NBIS,249.0500,249.1300,249.0300,249.1000,2021.0000,249.0710,13
2026-08-12 21:48:35,NBIS,249.0700,249.0700,249.0600,249.0700,104.0000,249.0650,1
2026-08-12 21:48:40,NBIS,249.0700,249.1600,249.0100,249.1600,2270.0000,249.0480,11
2026-08-12 21:48:45,NBIS,248.9600,249.0100,248.9100,249.0100,1773.0000,248.9550,16
2026-08-12 21:48:50,NBIS,248.9100,248.9400,248.9000,248.9000,500.0000,248.9110,4
2026-08-12 21:48:55,NBIS,248.9700,249.0000,248.6900,248.6900,6166.0000,248.8950,48
2026-08-12 21:49:00,NBIS,248.7500,248.7500,248.6600,248.6700,930.0000,248.6780,8
2026-08-12 21:49:05,NBIS,248.6700,248.7500,248.4500,248.5800,7259.0000,248.5230,42
2026-08-12 21:49:10,NBIS,248.5800,248.7500,248.5800,248.7500,1600.0000,248.6330,11
2026-08-12 21:49:15,NBIS,248.6900,248.7800,248.6800,248.7800,3109.0000,248.7310,23
2026-08-12 21:49:20,NBIS,248.8100,248.8700,248.6900,248.7000,2382.0000,248.8170,19
2026-08-12 21:49:25,NBIS,248.7900,248.8100,248.7000,248.8100,2232.0000,248.7950,8
2026-08-12 21:49:30,NBIS,248.8600,248.8800,248.8100,248.8100,1000.0000,248.8270,5
2026-08-12 21:49:35,NBIS,248.7100,248.7800,248.7000,248.7300,910.0000,248.7270,9
2026-08-12 21:49:40,NBIS,248.8100,248.8200,248.6900,248.6900,3204.0000,248.7460,23
2026-08-12 21:49:45,NBIS,248.7500,248.7500,248.5100,248.6100,4969.0000,248.6500,31
2026-08-12 21:49:50,NBIS,248.5000,248.5600,248.3500,248.4100,2578.0000,248.4670,15
2026-08-12 21:49:55,NBIS,248.4000,248.4100,248.2200,248.3100,6329.0000,248.3090,29
2026-08-12 21:50:00,NBIS,248.3100,248.3500,248.2900,248.3000,1719.0000,248.3150,11
2026-08-12 21:50:05,NBIS,248.3000,248.3500,248.2500,248.3300,2749.0000,248.2720,11
2026-08-12 21:50:10,NBIS,248.3300,248.3500,248.2200,248.3200,4875.0000,248.2650,18
2026-08-12 21:50:15,NBIS,248.3400,248.4000,248.2900,248.2900,1932.0000,248.3380,16
2026-08-12 21:50:20,NBIS,248.2900,248.2900,248.1800,248.2200,2981.0000,248.2260,15
2026-08-12 21:50:25,NBIS,248.1700,248.2700,248.1600,248.2100,2199.0000,248.2040,13
2026-08-12 21:50:30,NBIS,248.2200,248.2200,248.0500,248.1100,4068.0000,248.1190,33
2026-08-12 21:50:35,NBIS,248.0900,248.1400,248.0300,248.0500,2200.0000,248.0700,11
2026-08-12 21:50:40,NBIS,248.0800,248.0800,247.7100,247.7300,21453.0000,247.8950,97
2026-08-12 21:50:45,NBIS,247.7100,247.9300,247.7100,247.8300,4295.0000,247.8270,25
2026-08-12 21:50:50,NBIS,247.8800,247.9100,247.7100,247.8000,1864.0000,247.7950,8
2026-08-12 21:50:55,NBIS,247.7300,247.7900,247.7100,247.7900,1300.0000,247.7470,8
2026-08-12 21:51:00,NBIS,247.7100,247.7800,247.6200,247.6900,5453.0000,247.6960,32
2026-08-12 21:51:05,NBIS,247.6300,247.9100,247.6300,247.8100,2500.0000,247.7890,22
2026-08-12 21:51:10,NBIS,247.8900,247.9200,247.7500,247.8300,4461.0000,247.8340,27
2026-08-12 21:51:15,NBIS,247.8300,247.9400,247.5900,247.6000,10506.0000,247.7890,70
2026-08-12 21:51:20,NBIS,247.5500,247.9600,247.3300,247.9600,14846.0000,247.5760,108
2026-08-12 21:51:25,NBIS,247.8400,247.9600,247.7500,247.8200,9214.0000,247.8610,35
2026-08-12 21:51:30,NBIS,247.8900,248.0000,247.8000,247.8000,4640.0000,247.9620,25
2026-08-12 21:51:35,NBIS,247.9200,248.0800,247.9200,247.9800,1415.0000,248.0020,7
2026-08-12 21:51:40,NBIS,247.9500,247.9500,247.8700,247.8700,1005.0000,247.9180,8
2026-08-12 21:51:45,NBIS,247.9200,247.9500,247.8200,247.8200,2098.0000,247.8990,11
2026-08-12 21:51:50,NBIS,247.9100,247.9900,247.8100,247.9300,2020.0000,247.8880,8
2026-08-12 21:51:55,NBIS,247.9300,248.1100,247.8800,248.0400,5615.0000,248.0240,26
2026-08-12 21:52:00,NBIS,247.9100,248.0900,247.9100,248.0100,2200.0000,248.0110,19
2026-08-12 21:52:05,NBIS,247.9100,248.0100,247.8600,247.9600,1781.0000,247.9680,13
2026-08-12 21:52:10,NBIS,248.0600,248.0600,247.8700,247.9900,1000.0000,247.9690,8
2026-08-12 21:52:15,NBIS,247.8800,248.0000,247.8600,247.9400,2160.0000,247.9490,13
2026-08-12 21:52:20,NBIS,248.0000,248.0000,247.8900,247.9900,628.0000,247.9620,6
2026-08-12 21:52:25,NBIS,247.9900,248.0400,247.9500,248.0400,2356.0000,247.9790,11
2026-08-12 21:52:30,NBIS,248.0400,248.1100,248.0000,248.0500,1547.0000,248.0470,13
2026-08-12 21:52:35,NBIS,248.0500,248.1100,247.9400,248.0200,2852.0000,248.0130,23
2026-08-12 21:52:40,NBIS,247.9900,248.0500,247.7400,247.8500,6883.0000,247.9360,35
2026-08-12 21:52:45,NBIS,247.7500,247.8100,247.7300,247.7500,1632.0000,247.7640,15
2026-08-12 21:52:50,NBIS,247.7500,248.1800,247.7000,247.9900,7607.0000,247.9220,48
2026-08-12 21:52:55,NBIS,247.8100,247.8900,247.5500,247.6400,9276.0000,247.6990,55
2026-08-12 21:53:00,NBIS,247.6500,247.8000,247.6300,247.8000,1529.0000,247.6910,10
2026-08-12 21:53:05,NBIS,247.7400,247.8000,247.5300,247.8000,10100.0000,247.5810,29
2026-08-12 21:53:10,NBIS,247.7700,247.7800,247.6900,247.7200,2210.0000,247.7500,9
2026-08-12 21:53:15,NBIS,247.6600,247.7600,247.6600,247.7000,2876.0000,247.7090,8
2026-08-12 21:53:20,NBIS,247.7800,247.7800,247.4700,247.5100,13402.0000,247.6390,80
2026-08-12 21:53:25,NBIS,247.5000,247.5400,247.3300,247.4400,7203.0000,247.4400,39
2026-08-12 21:53:30,NBIS,247.4200,247.7500,247.4000,247.7100,3979.0000,247.6260,29
2026-08-12 21:53:35,NBIS,247.7200,247.8400,247.6600,247.7800,4065.0000,247.7420,26
2026-08-12 21:53:40,NBIS,247.8200,247.9700,247.6500,247.8600,6916.0000,247.7670,41
2026-08-12 21:53:45,NBIS,247.9800,247.9800,247.6500,247.6600,4242.0000,247.7950,20
2026-08-12 21:53:50,NBIS,247.6500,247.8800,247.6300,247.6300,5416.0000,247.7640,16
2026-08-12 21:53:55,NBIS,247.7600,247.8900,247.7600,247.7700,1383.0000,247.8000,4
2026-08-12 21:54:00,NBIS,247.8900,247.9800,247.8200,247.9100,2465.0000,247.8500,20
2026-08-12 21:54:05,NBIS,247.8300,247.8400,247.6900,247.7700,2545.0000,247.7580,15
2026-08-12 21:54:10,NBIS,247.6900,247.8500,247.6900,247.8000,736.0000,247.7820,6
2026-08-12 21:54:15,NBIS,247.8200,247.9200,247.8100,247.8600,1145.0000,247.8550,7
2026-08-12 21:54:20,NBIS,247.8100,247.9100,247.7700,247.9100,1737.0000,247.8230,14
2026-08-12 21:54:25,NBIS,247.9100,248.0300,247.7900,248.0300,4661.0000,247.9030,34
2026-08-12 21:54:30,NBIS,248.0100,248.0400,247.8700,247.9100,3001.0000,247.9550,23
2026-08-12 21:54:35,NBIS,247.7800,247.9000,247.7800,247.9000,550.0000,247.8610,5
2026-08-12 21:54:40,NBIS,247.8700,248.0000,247.5900,247.5900,3418.0000,247.7480,27
2026-08-12 21:54:45,NBIS,247.6700,247.6800,247.6600,247.6600,1298.0000,247.6720,6
2026-08-12 21:54:50,NBIS,247.7000,247.9100,247.5800,247.6400,3675.0000,247.7860,29
2026-08-12 21:54:55,NBIS,247.6300,247.6300,247.5400,247.6300,850.0000,247.6090,6
2026-08-12 21:55:00,NBIS,247.6100,247.6600,247.3700,247.3800,8006.0000,247.4720,34
2026-08-12 21:55:05,NBIS,247.4100,247.4100,247.2200,247.3000,7160.0000,247.2840,22
2026-08-12 21:55:10,NBIS,247.2800,247.2800,247.2500,247.2500,400.0000,247.2680,3
2026-08-12 21:55:15,NBIS,247.2300,247.2300,246.9000,247.0200,16498.0000,247.0090,68
2026-08-12 21:55:20,NBIS,246.9000,247.0100,246.8200,247.0100,3118.0000,246.9070,22
2026-08-12 21:55:25,NBIS,247.0400,247.1300,246.9300,246.9300,3465.0000,247.0420,21
2026-08-12 21:55:30,NBIS,247.0000,247.0400,246.9300,246.9400,5377.0000,246.9850,39
2026-08-12 21:55:35,NBIS,246.9900,246.9900,246.6800,246.6800,9859.0000,246.8040,52
2026-08-12 21:55:40,NBIS,246.7000,246.7700,246.6700,246.7200,1475.0000,246.7250,9
2026-08-12 21:55:45,NBIS,246.6700,247.0500,246.6700,246.8800,8156.0000,246.9050,51
2026-08-12 21:55:50,NBIS,246.8800,246.9900,246.8500,246.9900,4390.0000,246.9250,32
2026-08-12 21:55:55,NBIS,246.9700,247.0500,246.9200,246.9500,3625.0000,246.9850,27
2026-08-12 21:56:00,NBIS,247.0000,247.1200,246.9500,247.0200,6774.0000,247.0150,53
2026-08-12 21:56:05,NBIS,247.0400,247.0600,246.8800,246.9500,2920.0000,247.0000,22
2026-08-12 21:56:10,NBIS,246.9000,247.0000,246.8500,246.9300,3908.0000,246.9260,27
2026-08-12 21:56:15,NBIS,246.8600,246.9400,246.7700,246.7900,5097.0000,246.8680,38
2026-08-12 21:56:20,NBIS,246.7500,246.7500,246.5800,246.6800,2750.0000,246.6730,16
2026-08-12 21:56:25,NBIS,246.7500,246.7500,246.5900,246.6500,2432.0000,246.6470,8
2026-08-12 21:56:30,NBIS,246.6300,246.7200,246.6200,246.6200,1941.0000,246.6650,12
2026-08-12 21:56:35,NBIS,246.7000,247.0000,246.6500,246.9100,5794.0000,246.8470,43
2026-08-12 21:56:40,NBIS,246.8200,246.9600,246.7200,246.7700,5069.0000,246.8080,28
2026-08-12 21:56:45,NBIS,246.8200,246.9300,246.6000,246.7800,13172.0000,246.7320,83
2026-08-12 21:56:50,NBIS,246.7900,246.7900,246.6700,246.6900,5094.0000,246.7730,32
2026-08-12 21:56:55,NBIS,246.7600,246.8500,246.7200,246.7200,823.0000,246.7810,6
2026-08-12 21:57:00,NBIS,246.6700,246.7700,246.6200,246.7700,1355.0000,246.6530,5
2026-08-12 21:57:05,NBIS,246.6900,246.6900,246.6600,246.6900,1019.0000,246.6730,6
2026-08-12 21:57:10,NBIS,246.6900,246.7700,246.6700,246.7400,2750.0000,246.7260,24
2026-08-12 21:57:15,NBIS,246.7200,246.8000,246.7000,246.7500,1475.0000,246.7300,6
2026-08-12 21:57:20,NBIS,246.8200,246.8700,246.6200,246.6200,4256.0000,246.7490,24
2026-08-12 21:57:25,NBIS,246.6000,246.7700,246.5700,246.7600,6345.0000,246.6600,34
2026-08-12 21:57:30,NBIS,246.6800,246.7400,246.6700,246.7400,980.0000,246.6980,6
2026-08-12 21:57:35,NBIS,246.8700,247.0200,246.7000,246.9600,6655.0000,246.9000,49
2026-08-12 21:57:40,NBIS,246.9800,247.0300,246.9000,247.0300,1760.0000,246.9570,11
2026-08-12 21:57:45,NBIS,247.0300,247.1900,246.9200,247.0400,5264.0000,247.0760,35
2026-08-12 21:57:50,NBIS,246.9600,247.1000,246.9600,247.1000,1081.0000,247.0610,6
2026-08-12 21:57:55,NBIS,247.0900,247.1900,246.9400,246.9400,7300.0000,247.0480,41
2026-08-12 21:58:00,NBIS,246.9900,247.1900,246.9400,247.1100,4768.0000,247.0390,39
2026-08-12 21:58:05,NBIS,247.1100,247.1900,246.9900,247.1400,3622.0000,247.1220,28
2026-08-12 21:58:10,NBIS,247.0900,247.1800,246.9900,247.0500,1911.0000,247.0390,17
2026-08-12 21:58:15,NBIS,247.1000,247.4400,247.1000,247.2700,10426.0000,247.2870,73
2026-08-12 21:58:20,NBIS,247.2500,247.3900,247.0900,247.2500,6062.0000,247.3130,19
2026-08-12 21:58:25,NBIS,247.2600,247.4100,247.2600,247.3300,1090.0000,247.3470,7
2026-08-12 21:58:30,NBIS,247.3300,247.4200,247.2600,247.2700,4036.0000,247.3270,18
2026-08-12 21:58:35,NBIS,247.4300,247.8400,247.3500,247.7300,8921.0000,247.6390,50
2026-08-12 21:58:40,NBIS,247.8500,248.0700,247.7800,248.0600,5969.0000,247.9860,32
2026-08-12 21:58:45,NBIS,248.0600,248.0600,247.8300,247.9200,5636.0000,247.9690,38
2026-08-12 21:58:50,NBIS,247.9200,247.9200,247.7000,247.8100,2290.0000,247.8000,13
2026-08-12 21:58:55,NBIS,247.7300,247.9000,247.7000,247.7000,1960.0000,247.7580,9
2026-08-12 21:59:00,NBIS,247.9000,247.9000,247.7100,247.7100,1708.0000,247.7850,9
2026-08-12 21:59:05,NBIS,247.8900,247.9000,247.7100,247.8000,3217.0000,247.8620,17
2026-08-12 21:59:10,NBIS,247.7200,247.8100,247.7100,247.8000,1218.0000,247.7600,11
2026-08-12 21:59:15,NBIS,247.7600,247.8100,247.7100,247.8100,3920.0000,247.7350,15
2026-08-12 21:59:20,NBIS,247.7300,247.8000,247.7200,247.7200,540.0000,247.7410,5
2026-08-12 21:59:25,NBIS,247.7600,247.8100,247.7000,247.7600,3998.0000,247.7470,25
2026-08-12 21:59:30,NBIS,247.7500,247.8900,247.7500,247.8000,2683.0000,247.7960,16
2026-08-12 21:59:35,NBIS,247.7600,247.7700,247.7600,247.7600,100.0000,247.7650,1
2026-08-12 21:59:40,NBIS,247.8300,247.9800,247.7000,247.7300,5408.0000,247.8030,39
2026-08-12 21:59:45,NBIS,247.7500,247.8000,247.7500,247.8000,1440.0000,247.7570,6
2026-08-12 21:59:50,NBIS,247.7500,247.8800,247.7500,247.8800,1752.0000,247.7970,8
2026-08-12 21:59:55,NBIS,247.8600,247.9100,247.7700,247.7800,2575.0000,247.8230,4
2026-08-12 22:00:00,NBIS,247.8000,248.1100,247.7900,248.1100,5457.0000,247.9960,25
2026-08-12 22:00:05,NBIS,248.0700,248.2300,248.0600,248.2300,2180.0000,248.1560,18
2026-08-12 22:00:10,NBIS,248.1800,248.2600,248.1200,248.1200,2540.0000,248.1670,10
2026-08-12 22:00:15,NBIS,248.2300,248.3000,248.0700,248.1600,6503.0000,248.1550,49
2026-08-12 22:00:20,NBIS,248.0800,248.1500,248.0700,248.1500,1295.0000,248.1160,8
2026-08-12 22:00:25,NBIS,248.1500,248.1900,248.0700,248.1900,1494.0000,248.1490,6
2026-08-12 22:00:30,NBIS,248.1300,248.1400,248.1300,248.1400,573.0000,248.1320,5
2026-08-12 22:00:35,NBIS,248.1400,248.2900,248.0900,248.2000,1906.0000,248.2200,11
2026-08-12 22:00:40,NBIS,248.2800,248.3300,248.1900,248.1900,4140.0000,248.2710,29
2026-08-12 22:00:45,NBIS,248.1900,248.2800,248.0400,248.2800,2589.0000,248.1350,19
2026-08-12 22:00:50,NBIS,248.2200,248.3000,248.0500,248.2700,3443.0000,248.1570,30
2026-08-12 22:00:55,NBIS,248.1800,248.1800,247.9400,247.9400,4223.0000,248.0400,31
2026-08-12 22:01:00,NBIS,248.0000,248.0500,247.9100,247.9800,4311.0000,247.9760,24
2026-08-12 22:01:05,NBIS,247.9500,248.1700,247.9400,248.1300,5606.0000,248.0250,14
2026-08-12 22:01:10,NBIS,248.1300,248.2000,248.1300,248.1300,3156.0000,248.1400,12
2026-08-12 22:01:15,NBIS,248.0600,248.2000,248.0600,248.0600,625.0000,248.0940,5
2026-08-12 22:01:20,NBIS,248.0600,248.1000,248.0500,248.1000,3492.0000,248.0700,20
2026-08-12 22:01:25,NBIS,248.1000,248.1000,248.0500,248.0700,800.0000,248.0740,7
2026-08-12 22:01:30,NBIS,248.0700,248.1000,248.0400,248.1000,1161.0000,248.0700,6
2026-08-12 22:01:35,NBIS,248.0700,248.1000,248.0500,248.0700,1931.0000,248.0870,17
2026-08-12 22:01:40,NBIS,248.0700,248.0700,247.9200,247.9200,4161.0000,248.0100,39
2026-08-12 22:01:45,NBIS,248.0100,248.0100,247.9000,247.9000,2600.0000,247.9680,13
2026-08-12 22:01:50,NBIS,247.9700,247.9800,247.7200,247.7200,1780.0000,247.8300,10
2026-08-12 22:01:55,NBIS,247.8400,247.9300,247.7200,247.9300,1222.0000,247.7940,8
2026-08-12 22:02:00,NBIS,247.9300,247.9300,247.9200,247.9300,0.0000,247.9300,0
2026-08-12 22:02:05,NBIS,247.8000,247.8700,247.8000,247.8600,2400.0000,247.8100,7
2026-08-12 22:02:10,NBIS,247.8800,247.9400,247.8000,247.8400,1700.0000,247.8620,14
2026-08-12 22:02:15,NBIS,247.7900,247.8000,247.6400,247.6700,2602.0000,247.7230,17
2026-08-12 22:02:20,NBIS,247.7200,247.8200,247.6400,247.8100,2551.0000,247.7190,19
2026-08-12 22:02:25,NBIS,247.7600,247.9300,247.6900,247.9300,2979.0000,247.7920,21
2026-08-12 22:02:30,NBIS,247.9100,247.9100,247.8600,247.9100,1758.0000,247.8930,17
2026-08-12 22:02:35,NBIS,247.9100,248.0500,247.8900,248.0000,6526.0000,247.9880,40
2026-08-12 22:02:40,NBIS,247.9000,248.1000,247.9000,247.9300,500.0000,247.9770,5
2026-08-12 22:02:45,NBIS,247.9300,248.0800,247.9200,248.0400,2400.0000,247.9860,22
2026-08-12 22:02:50,NBIS,248.0000,248.1100,247.9400,248.0100,3939.0000,248.0570,30
2026-08-12 22:02:55,NBIS,248.0500,248.0500,247.9400,247.9900,1466.0000,247.9670,6
2026-08-12 22:03:00,NBIS,247.9900,248.0500,247.9900,248.0000,934.0000,248.0040,6
2026-08-12 22:03:05,NBIS,248.0000,248.2400,247.9400,247.9400,5119.0000,248.1400,25
2026-08-12 22:03:10,NBIS,248.2300,248.2300,247.9600,248.2100,3210.0000,248.0760,13
2026-08-12 22:03:15,NBIS,248.2100,248.3700,248.1000,248.3700,1993.0000,248.2840,12
2026-08-12 22:03:20,NBIS,248.4000,248.5000,248.3300,248.3700,8726.0000,248.4260,26
2026-08-12 22:03:25,NBIS,248.2700,248.2900,248.2200,248.2800,4402.0000,248.2670,23
2026-08-12 22:03:30,NBIS,248.2800,248.3400,248.2100,248.2400,2531.0000,248.2650,20
2026-08-12 22:03:35,NBIS,248.2400,248.3100,248.1700,248.1700,1820.0000,248.2450,15
2026-08-12 22:03:40,NBIS,248.3100,248.3400,248.2900,248.2900,300.0000,248.3120,3
2026-08-12 22:03:45,NBIS,248.3300,248.3600,248.3200,248.3300,580.0000,248.3400,3
2026-08-12 22:03:50,NBIS,248.3500,248.4900,248.3500,248.4300,2294.0000,248.4420,18
2026-08-12 22:03:55,NBIS,248.4900,248.4900,248.2800,248.3300,2550.0000,248.3310,17
2026-08-12 22:04:00,NBIS,248.3700,248.3700,248.3300,248.3300,712.0000,248.3530,6
2026-08-12 22:04:05,NBIS,248.3800,248.3800,248.3800,248.3800,100.0000,248.3800,1
2026-08-12 22:04:10,NBIS,248.3500,248.4000,248.3500,248.4000,403.0000,248.3750,4
2026-08-12 22:04:15,NBIS,248.4200,248.4900,248.3900,248.4900,5859.0000,248.4420,26
2026-08-12 22:04:20,NBIS,248.4100,248.4900,248.3900,248.4400,2173.0000,248.4180,14
2026-08-12 22:04:25,NBIS,248.4900,248.5200,248.4400,248.4400,5100.0000,248.4900,27
2026-08-12 22:04:30,NBIS,248.4400,248.4800,248.4100,248.4600,3613.0000,248.4570,28
2026-08-12 22:04:35,NBIS,248.4700,248.6400,248.4000,248.4400,6955.0000,248.5110,50
2026-08-12 22:04:40,NBIS,248.4700,248.6000,248.4700,248.5200,1484.0000,248.5210,12
2026-08-12 22:04:45,NBIS,248.5700,248.5700,248.5300,248.5700,5992.0000,248.5620,9
2026-08-12 22:04:50,NBIS,248.6500,248.7700,248.6100,248.6100,6140.0000,248.7110,27
2026-08-12 22:04:55,NBIS,248.7700,248.7900,248.7000,248.7600,1840.0000,248.7520,11
2026-08-12 22:05:00,NBIS,248.7600,248.8000,248.7000,248.7500,3057.0000,248.7270,19
2026-08-12 22:05:05,NBIS,248.7700,248.8400,248.5900,248.6800,6594.0000,248.7060,46
2026-08-12 22:05:10,NBIS,248.6800,248.7700,248.5800,248.6800,3648.0000,248.6770,26
2026-08-12 22:05:15,NBIS,248.6300,248.6800,248.5900,248.6800,839.0000,248.6360,5
2026-08-12 22:05:20,NBIS,248.6600,248.6800,248.5900,248.6000,1582.0000,248.6420,11
2026-08-12 22:05:25,NBIS,248.6000,248.6000,247.9600,247.9600,5357.0000,248.2800,43
2026-08-12 22:05:30,NBIS,248.1700,248.1700,247.8400,248.0500,1721.0000,247.9930,12
2026-08-12 22:05:35,NBIS,248.1800,248.1800,247.8500,248.0200,1810.0000,248.0140,12
2026-08-12 22:05:40,NBIS,248.0300,248.2100,248.0200,248.1600,2245.0000,248.1200,21
2026-08-12 22:05:45,NBIS,248.0600,248.1600,247.9800,248.1100,2983.0000,248.0700,19
2026-08-12 22:05:50,NBIS,248.0200,248.1800,248.0200,248.1800,1745.0000,248.1210,10
2026-08-12 22:05:55,NBIS,248.2300,248.3700,248.2300,248.2700,2299.0000,248.2890,14
2026-08-12 22:06:00,NBIS,248.2700,248.2700,248.2100,248.2200,756.0000,248.2280,3
2026-08-12 22:06:05,NBIS,248.3600,248.5000,248.2000,248.3700,4944.0000,248.4010,39
2026-08-12 22:06:10,NBIS,248.3900,248.5300,248.3700,248.5300,2153.0000,248.5040,7
2026-08-12 22:06:15,NBIS,248.4400,248.5800,248.4400,248.5100,4506.0000,248.5290,13
2026-08-12 22:06:20,NBIS,248.5200,248.8000,248.5100,248.7800,9003.0000,248.6760,62
2026-08-12 22:06:25,NBIS,248.8300,248.9600,248.7200,248.9600,7068.0000,248.8550,34
2026-08-12 22:06:30,NBIS,248.8700,249.0000,248.7500,248.7800,7597.0000,248.9600,37
2026-08-12 22:06:35,NBIS,249.0000,249.0300,248.8300,248.8300,1804.0000,248.9720,11
2026-08-12 22:06:40,NBIS,249.0200,249.1000,248.9100,249.1000,5038.0000,249.0370,31
2026-08-12 22:06:45,NBIS,249.0500,249.1300,248.9600,249.1300,4499.0000,249.0600,13
2026-08-12 22:06:50,NBIS,249.1000,249.3400,249.0600,249.3300,4152.0000,249.1940,28
2026-08-12 22:06:55,NBIS,249.3300,249.4500,249.0800,249.2800,4849.0000,249.3250,21
2026-08-12 22:07:00,NBIS,249.1200,249.4400,249.1200,249.4200,3800.0000,249.3610,12
2026-08-12 22:07:05,NBIS,249.1100,249.4400,249.1100,249.2800,2300.0000,249.2170,7
2026-08-12 22:07:10,NBIS,249.3500,249.4000,249.2100,249.4000,3981.0000,249.3330,24
2026-08-12 22:07:15,NBIS,249.4400,249.4500,249.1400,249.2300,11175.0000,249.2990,67
2026-08-12 22:07:20,NBIS,249.1500,249.2300,249.0900,249.1600,5135.0000,249.1700,36
2026-08-12 22:07:25,NBIS,249.1300,249.2200,249.1200,249.1800,2980.0000,249.1820,26
2026-08-12 22:07:30,NBIS,249.1800,249.2900,249.1700,249.2500,3690.0000,249.2380,32
2026-08-12 22:07:35,NBIS,249.2500,249.4600,249.2200,249.2400,4682.0000,249.3310,26
2026-08-12 22:07:40,NBIS,249.2900,249.2900,249.2800,249.2900,214.0000,249.2850,2
2026-08-12 22:07:45,NBIS,249.2500,249.3600,249.0400,249.0500,7237.0000,249.1720,48
2026-08-12 22:07:50,NBIS,249.0100,249.2600,249.0100,249.2200,3124.0000,249.1280,20
2026-08-12 22:07:55,NBIS,249.1800,249.1900,249.1800,249.1900,1460.0000,249.1860,12
2026-08-12 22:08:00,NBIS,249.1500,249.1500,249.0200,249.0400,1322.0000,249.0820,11
2026-08-12 22:08:05,NBIS,249.0400,249.0800,248.9500,248.9700,3116.0000,248.9840,27
2026-08-12 22:08:10,NBIS,248.9700,249.0200,248.8600,249.0000,7060.0000,248.9330,47
2026-08-12 22:08:15,NBIS,248.9400,249.0600,248.8800,249.0600,3504.0000,248.9720,25
2026-08-12 22:08:20,NBIS,249.0100,249.1300,248.9500,249.0400,5605.0000,249.0290,17
2026-08-12 22:08:25,NBIS,248.9800,249.1200,248.7700,248.7700,17171.0000,248.9890,50
2026-08-12 22:08:30,NBIS,248.7700,248.8500,248.7600,248.8500,1406.0000,248.8020,7
2026-08-12 22:08:35,NBIS,248.8200,248.8400,248.7600,248.7900,1449.0000,248.8170,9
2026-08-12 22:08:40,NBIS,248.8200,248.8400,248.7500,248.8100,3504.0000,248.7990,19
2026-08-12 22:08:45,NBIS,248.8600,248.9200,248.8400,248.8700,1500.0000,248.8860,11
2026-08-12 22:08:50,NBIS,248.9100,249.1000,248.8300,249.0600,6276.0000,249.0030,40
2026-08-12 22:08:55,NBIS,249.0700,249.2000,249.0100,249.1500,3736.0000,249.1050,17
2026-08-12 22:09:00,NBIS,249.1500,249.2300,249.0800,249.1800,2672.0000,249.1770,22
2026-08-12 22:09:05,NBIS,249.0500,249.1100,248.9700,248.9800,2225.0000,249.0380,18
2026-08-12 22:09:10,NBIS,248.9800,249.0100,248.9200,248.9700,2411.0000,248.9410,12
2026-08-12 22:09:15,NBIS,248.9800,249.0100,248.9700,248.9800,1920.0000,248.9920,5
2026-08-12 22:09:20,NBIS,248.9800,249.0000,248.9800,249.0000,997.0000,248.9820,3
2026-08-12 22:09:25,NBIS,249.0100,249.1100,248.9500,248.9500,2750.0000,249.0350,19
2026-08-12 22:09:30,NBIS,249.0500,249.0500,248.8500,248.9300,4254.0000,248.9100,20
2026-08-12 22:09:35,NBIS,248.9300,248.9400,248.8100,248.8100,5434.0000,248.8700,8
2026-08-12 22:09:40,NBIS,248.8500,248.8700,248.7600,248.8700,2846.0000,248.8110,20
2026-08-12 22:09:45,NBIS,248.8300,248.8300,248.7500,248.7900,4530.0000,248.7720,16
2026-08-12 22:09:50,NBIS,248.7700,248.8400,248.7600,248.8400,1700.0000,248.7860,16
2026-08-12 22:09:55,NBIS,248.7800,248.7800,248.7700,248.7700,200.0000,248.7750,2
2026-08-12 22:10:00,NBIS,248.7400,248.9000,248.7300,248.9000,4254.0000,248.8340,18
2026-08-12 22:10:05,NBIS,248.8500,248.9000,248.6000,248.7300,5118.0000,248.6920,31
2026-08-12 22:10:10,NBIS,248.7300,248.7300,248.6100,248.6500,2930.0000,248.6580,6
2026-08-12 22:10:15,NBIS,248.7400,248.7400,248.7300,248.7400,100.0000,248.7350,1
2026-08-12 22:10:20,NBIS,248.6500,248.7500,248.6500,248.6700,2672.0000,248.7360,10
2026-08-12 22:10:25,NBIS,248.7500,248.8400,248.7400,248.8400,200.0000,248.7930,2
2026-08-12 22:10:30,NBIS,248.8400,248.8400,248.7400,248.7500,1060.0000,248.8020,10
2026-08-12 22:10:35,NBIS,248.7800,249.1200,248.7800,249.0900,6007.0000,248.9350,30
2026-08-12 22:10:40,NBIS,249.0400,249.1800,248.9300,249.1500,4197.0000,249.0940,21
2026-08-12 22:10:45,NBIS,249.1600,249.1800,249.0200,249.0400,1437.0000,249.0660,11
2026-08-12 22:10:50,NBIS,248.9600,249.0100,248.8400,248.9600,3212.0000,248.9300,30
2026-08-12 22:10:55,NBIS,248.9600,248.9600,248.9200,248.9300,937.0000,248.9490,6
2026-08-12 22:11:00,NBIS,248.8700,248.8700,248.6800,248.6800,917.0000,248.8190,8
2026-08-12 22:11:05,NBIS,248.9700,249.1000,248.8200,248.9800,1594.0000,248.9790,15
2026-08-12 22:11:10,NBIS,249.0000,249.0000,248.8700,248.9500,796.0000,248.9360,7
2026-08-12 22:11:15,NBIS,248.9500,249.0200,248.9000,249.0200,700.0000,248.9520,7
2026-08-12 22:11:20,NBIS,248.9300,249.1700,248.9300,249.0400,4669.0000,249.0730,20
2026-08-12 22:11:25,NBIS,248.9200,249.1400,248.9200,249.0100,1480.0000,249.0640,7
2026-08-12 22:11:30,NBIS,248.9700,249.0200,248.9600,249.0200,600.0000,249.0120,2
2026-08-12 22:11:35,NBIS,249.0200,249.0200,248.9400,248.9600,2628.0000,248.9710,13
2026-08-12 22:11:40,NBIS,248.9600,248.9600,248.8700,248.9000,1000.0000,248.9120,10
2026-08-12 22:11:45,NBIS,248.8400,248.8700,248.7400,248.8300,5269.0000,248.8260,14
2026-08-12 22:11:50,NBIS,248.9100,248.9100,248.8200,248.8200,1515.0000,248.8510,10
2026-08-12 22:11:55,NBIS,248.7800,248.8200,248.7800,248.8200,521.0000,248.7980,4
2026-08-12 22:12:00,NBIS,248.7600,248.7800,248.7600,248.7600,939.0000,248.7700,8
2026-08-12 22:12:05,NBIS,248.7600,248.7600,248.6000,248.6700,4417.0000,248.6920,29
2026-08-12 22:12:10,NBIS,248.6100,248.6700,248.6000,248.6700,948.0000,248.6250,9
2026-08-12 22:12:15,NBIS,248.6400,248.6800,248.6100,248.6200,707.0000,248.6390,7
2026-08-12 22:12:20,NBIS,248.6600,248.7000,248.2500,248.3800,5587.0000,248.4830,36
2026-08-12 22:12:25,NBIS,248.3800,248.3800,248.3000,248.3300,1124.0000,248.3280,4
2026-08-12 22:12:30,NBIS,248.2600,248.3300,248.2600,248.3300,1501.0000,248.2790,5
2026-08-12 22:12:35,NBIS,248.2800,248.2900,248.1600,248.2800,3615.0000,248.2240,15
2026-08-12 22:12:40,NBIS,248.2900,248.4000,248.2600,248.2600,4975.0000,248.3650,31
2026-08-12 22:12:45,NBIS,248.3400,248.6700,248.3300,248.6400,16953.0000,248.5140,45
2026-08-12 22:12:50,NBIS,248.5900,248.6800,248.5300,248.6300,809.0000,248.6150,7
2026-08-12 22:12:55,NBIS,248.6300,248.6300,248.4000,248.5600,7456.0000,248.5200,44
2026-08-12 22:13:00,NBIS,248.5500,248.6200,248.4800,248.6200,1857.0000,248.5660,13
2026-08-12 22:13:05,NBIS,248.5900,248.7600,248.5000,248.5900,2806.0000,248.6350,15
2026-08-12 22:13:10,NBIS,248.6800,248.6800,248.6300,248.6700,500.0000,248.6500,5
2026-08-12 22:13:15,NBIS,248.5900,248.7500,248.5900,248.6900,1460.0000,248.6740,10
2026-08-12 22:13:20,NBIS,248.6900,248.6900,248.5600,248.5800,4305.0000,248.6360,23
2026-08-12 22:13:25,NBIS,248.5500,248.7400,248.5400,248.7400,1300.0000,248.6420,12
2026-08-12 22:13:30,NBIS,248.5200,248.5200,248.5200,248.5200,195.0000,248.5200,1
2026-08-12 22:13:35,NBIS,248.6700,248.6700,248.5400,248.5400,5808.0000,248.6180,12
2026-08-12 22:13:40,NBIS,248.6400,248.6900,248.5800,248.6500,2213.0000,248.6650,19
2026-08-12 22:13:45,NBIS,248.6500,248.6500,248.6400,248.6500,1700.0000,248.6460,15
2026-08-12 22:13:50,NBIS,248.5500,248.7300,248.5500,248.6500,1002.0000,248.6160,6
2026-08-12 22:13:55,NBIS,248.7300,248.7400,248.6400,248.6700,1973.0000,248.7040,14
2026-08-12 22:14:00,NBIS,248.6500,248.7400,248.6500,248.7300,1010.0000,248.7080,7
2026-08-12 22:14:05,NBIS,248.6900,248.6900,248.6500,248.6900,2249.0000,248.6880,7
2026-08-12 22:14:10,NBIS,248.6700,248.6700,248.5900,248.6100,2992.0000,248.6290,24
2026-08-12 22:14:15,NBIS,248.5700,248.5700,248.4500,248.5200,3786.0000,248.5160,24
2026-08-12 22:14:20,NBIS,248.5200,248.5700,248.4700,248.5200,2985.0000,248.4990,25
2026-08-12 22:14:25,NBIS,248.5200,248.5500,248.5000,248.5500,2492.0000,248.5450,11
2026-08-12 22:14:30,NBIS,248.5800,248.5800,248.5100,248.5400,1580.0000,248.5450,11
2026-08-12 22:14:35,NBIS,248.4800,248.5000,248.4200,248.5000,3325.0000,248.4500,17
2026-08-12 22:14:40,NBIS,248.5000,248.5000,248.4100,248.4400,448.0000,248.4490,4
2026-08-12 22:14:45,NBIS,248.4300,248.4500,248.4100,248.4300,872.0000,248.4270,7
2026-08-12 22:14:50,NBIS,248.4100,248.5000,248.4000,248.4000,1680.0000,248.4240,12
2026-08-12 22:14:55,NBIS,248.4000,248.4000,248.3000,248.3200,6801.0000,248.3640,50
2026-08-12 22:15:00,NBIS,248.3300,248.3800,248.2400,248.3100,3501.0000,248.3120,17
2026-08-12 22:15:05,NBIS,248.2700,248.3800,248.2400,248.2400,2757.0000,248.3490,19
2026-08-12 22:15:10,NBIS,248.3000,248.5100,248.3000,248.3600,4366.0000,248.4140,29
2026-08-12 22:15:15,NBIS,248.4500,248.4500,248.4500,248.4500,300.0000,248.4500,1
2026-08-12 22:15:20,NBIS,248.4300,248.5000,248.4300,248.4700,1846.0000,248.4650,17
2026-08-12 22:15:25,NBIS,248.5100,248.6400,248.4300,248.4700,5368.0000,248.5840,17
2026-08-12 22:15:30,NBIS,248.5500,248.5500,248.4500,248.4600,1252.0000,248.4950,5
2026-08-12 22:15:35,NBIS,248.5800,248.5900,248.4500,248.5100,800.0000,248.5210,8
2026-08-12 22:15:40,NBIS,248.5100,248.5100,248.1500,248.3500,4926.0000,248.2670,38
2026-08-12 22:15:45,NBIS,248.1700,248.3800,248.1700,248.3800,602.0000,248.2900,4
2026-08-12 22:15:50,NBIS,248.3800,248.4200,248.2400,248.3200,2804.0000,248.2780,8
2026-08-12 22:15:55,NBIS,248.2300,248.3200,248.2300,248.2300,3134.0000,248.2950,18
2026-08-12 22:16:00,NBIS,248.3200,248.3700,248.3200,248.3700,1920.0000,248.3230,19
2026-08-12 22:16:05,NBIS,248.3400,248.4700,248.3400,248.4500,4705.0000,248.4030,26
2026-08-12 22:16:10,NBIS,248.4500,248.7500,248.3900,248.6900,4929.0000,248.5880,37
2026-08-12 22:16:15,NBIS,248.6200,248.7800,248.4900,248.7800,3872.0000,248.7170,19
2026-08-12 22:16:20,NBIS,248.7700,248.7800,248.6700,248.6800,600.0000,248.7240,3
2026-08-12 22:16:25,NBIS,248.8000,249.0800,248.7600,249.0800,16523.0000,248.9010,71
2026-08-12 22:16:30,NBIS,249.0400,249.1200,249.0000,249.0300,11571.0000,249.0600,80
2026-08-12 22:16:35,NBIS,249.0300,249.0300,248.8800,249.0000,3567.0000,248.9930,20
2026-08-12 22:16:40,NBIS,248.9000,248.9600,248.8200,248.9400,986.0000,248.9140,8
2026-08-12 22:16:45,NBIS,248.9300,248.9400,248.8500,248.8600,1413.0000,248.8730,11
2026-08-12 22:16:50,NBIS,248.9400,248.9400,248.8200,248.8700,3224.0000,248.8720,13
2026-08-12 22:16:55,NBIS,248.7500,248.8100,248.7500,248.8100,200.0000,248.7800,2
2026-08-12 22:17:00,NBIS,248.8700,248.9700,248.8700,248.9700,1430.0000,248.9120,9
2026-08-12 22:17:05,NBIS,248.7800,249.0200,248.7700,248.9800,3970.0000,248.8220,7
2026-08-12 22:17:10,NBIS,249.0200,249.0900,248.9600,249.0100,3409.0000,249.0620,12
2026-08-12 22:17:15,NBIS,249.0100,249.1700,248.9900,249.0400,2889.0000,249.0700,22
2026-08-12 22:17:20,NBIS,249.0500,249.0500,248.9000,248.9300,3587.0000,248.9810,26
2026-08-12 22:17:25,NBIS,248.9300,249.0400,248.9300,249.0400,650.0000,248.9610,5
2026-08-12 22:17:30,NBIS,249.0400,249.3800,249.0000,249.2500,7225.0000,249.2250,47
2026-08-12 22:17:35,NBIS,249.1500,249.2800,249.1500,249.2300,1140.0000,249.2410,7
2026-08-12 22:17:40,NBIS,249.2800,249.3700,249.1500,249.2100,9257.0000,249.2820,44
2026-08-12 22:17:45,NBIS,249.2700,249.2700,249.0800,249.0800,3030.0000,249.2200,21
2026-08-12 22:17:50,NBIS,249.2200,249.2200,249.2100,249.2200,150.0000,249.2190,1
2026-08-12 22:17:55,NBIS,249.1300,249.5200,249.1300,249.5000,20870.0000,249.4290,105
2026-08-12 22:18:00,NBIS,249.5100,249.6500,249.2900,249.6500,6649.0000,249.5150,28
2026-08-12 22:18:05,NBIS,249.6500,249.8300,249.5800,249.7900,9190.0000,249.7200,34
2026-08-12 22:18:10,NBIS,249.8300,249.9300,249.7400,249.7800,6080.0000,249.8130,34
2026-08-12 22:18:15,NBIS,249.9300,249.9700,249.7900,249.9300,3926.0000,249.9130,20
2026-08-12 22:18:20,NBIS,249.9800,249.9900,249.7400,249.7600,5254.0000,249.8080,35
2026-08-12 22:18:25,NBIS,249.7700,249.8200,249.7100,249.7900,4902.0000,249.7420,29
2026-08-12 22:18:30,NBIS,249.8400,249.8400,249.7900,249.8400,1391.0000,249.8170,12
2026-08-12 22:18:35,NBIS,249.8200,249.8200,249.6800,249.7500,6955.0000,249.7540,36
2026-08-12 22:18:40,NBIS,249.7500,249.7900,249.7000,249.7000,713.0000,249.7650,7
2026-08-12 22:18:45,NBIS,249.7500,249.8200,249.7000,249.8200,450.0000,249.7590,4
2026-08-12 22:18:50,NBIS,249.7900,249.8400,249.7800,249.7800,1975.0000,249.8000,12
2026-08-12 22:18:55,NBIS,249.7800,249.7900,249.6800,249.7100,3049.0000,249.7180,17
2026-08-12 22:19:00,NBIS,249.7100,249.7100,249.5600,249.6300,1939.0000,249.6270,18
2026-08-12 22:19:05,NBIS,249.6400,249.6400,249.3900,249.5200,3171.0000,249.5330,17
2026-08-12 22:19:10,NBIS,249.6500,249.6500,249.5000,249.5000,760.0000,249.5200,6
2026-08-12 22:19:15,NBIS,249.4000,249.5800,249.4000,249.5800,400.0000,249.4670,3
2026-08-12 22:19:20,NBIS,249.5200,249.7500,249.5200,249.7100,3440.0000,249.6590,26
2026-08-12 22:19:25,NBIS,249.7100,249.8000,249.6100,249.7200,1939.0000,249.7290,18
2026-08-12 22:19:30,NBIS,249.7300,249.8400,249.7200,249.8000,1789.0000,249.7890,11
2026-08-12 22:19:35,NBIS,249.7700,249.8200,249.7300,249.7800,3202.0000,249.7700,18
2026-08-12 22:19:40,NBIS,249.7800,249.8200,249.6900,249.8000,2440.0000,249.7870,12
2026-08-12 22:19:45,NBIS,249.7700,249.7700,249.6100,249.6200,3453.0000,249.7200,15
2026-08-12 22:19:50,NBIS,249.6500,249.6900,249.6100,249.6900,718.0000,249.6690,7
2026-08-12 22:19:55,NBIS,249.7700,249.7700,249.6100,249.6600,630.0000,249.6850,5
2026-08-12 22:20:00,NBIS,249.5800,249.5800,249.5200,249.5300,831.0000,249.5530,6
2026-08-12 22:20:05,NBIS,249.5900,249.6200,249.4500,249.5200,3310.0000,249.5180,19
2026-08-12 22:20:10,NBIS,249.5000,249.6200,249.3700,249.4300,2069.0000,249.4640,15
2026-08-12 22:20:15,NBIS,249.3900,249.4000,249.3200,249.3700,2039.0000,249.3370,9
2026-08-12 22:20:20,NBIS,249.3100,249.3800,249.2300,249.3000,1883.0000,249.3030,11
2026-08-12 22:20:25,NBIS,249.2000,249.2900,249.2000,249.2200,1800.0000,249.2590,10
2026-08-12 22:20:30,NBIS,249.2100,249.3700,249.2100,249.2800,1748.0000,249.2470,6
2026-08-12 22:20:35,NBIS,249.2800,249.2800,249.1900,249.2100,3826.0000,249.2180,26
2026-08-12 22:20:40,NBIS,249.2100,249.2500,249.1800,249.2500,1703.0000,249.2100,7
2026-08-12 22:20:45,NBIS,249.2400,249.2500,249.1400,249.1400,1113.0000,249.2190,7
2026-08-12 22:20:50,NBIS,249.1700,249.2900,249.1400,249.2900,6194.0000,249.2540,18
2026-08-12 22:20:55,NBIS,249.2500,249.2700,249.1700,249.2200,4136.0000,249.2060,27
2026-08-12 22:21:00,NBIS,249.2600,249.2600,249.1600,249.1600,828.0000,249.2090,6
2026-08-12 22:21:05,NBIS,249.2700,249.2900,249.1500,249.2900,7892.0000,249.2800,12
2026-08-12 22:21:10,NBIS,249.2000,249.2900,249.2000,249.2900,1430.0000,249.2510,9
2026-08-12 22:21:15,NBIS,249.2900,249.3800,249.2900,249.3800,1834.0000,249.3470,12
2026-08-12 22:21:20,NBIS,249.3800,249.4300,249.3300,249.4200,2430.0000,249.4050,10
2026-08-12 22:21:25,NBIS,249.5000,249.5600,249.2900,249.3600,6617.0000,249.4490,45
2026-08-12 22:21:30,NBIS,249.3300,249.3700,249.3000,249.3300,1282.0000,249.3290,11
2026-08-12 22:21:35,NBIS,249.3400,249.3700,249.3100,249.3400,518.0000,249.3380,4
2026-08-12 22:21:40,NBIS,249.3600,249.4400,249.3600,249.4000,1502.0000,249.4030,10
2026-08-12 22:21:45,NBIS,249.3900,249.4000,249.2900,249.3400,1463.0000,249.3330,10
2026-08-12 22:21:50,NBIS,249.3700,249.4500,249.3700,249.4300,1322.0000,249.4030,9
2026-08-12 22:21:55,NBIS,249.4000,249.4000,249.2900,249.3400,1501.0000,249.3550,9
2026-08-12 22:22:00,NBIS,249.4000,249.4500,249.3500,249.4200,1665.0000,249.4020,14
2026-08-12 22:22:05,NBIS,249.4600,249.4900,249.3700,249.3800,1493.0000,249.4250,10
2026-08-12 22:22:10,NBIS,249.3800,249.3800,249.3800,249.3800,100.0000,249.3800,1
2026-08-12 22:22:15,NBIS,249.4900,249.5000,249.4300,249.5000,1025.0000,249.4810,7
2026-08-12 22:22:20,NBIS,249.5000,249.5300,249.4000,249.4800,2918.0000,249.4790,15
2026-08-12 22:22:25,NBIS,249.5000,249.5100,249.5000,249.5100,850.0000,249.5050,7
2026-08-12 22:22:30,NBIS,249.5500,249.5800,249.5300,249.5500,2827.0000,249.5490,16
2026-08-12 22:22:35,NBIS,249.6000,249.6200,249.5500,249.5500,400.0000,249.5830,4
2026-08-12 22:22:40,NBIS,249.5600,249.6200,249.5100,249.6200,3023.0000,249.5820,20
2026-08-12 22:22:45,NBIS,249.5700,249.6200,249.5700,249.5700,1062.0000,249.5780,7
2026-08-12 22:22:50,NBIS,249.6200,249.6200,249.5200,249.5300,4000.0000,249.5650,28
2026-08-12 22:22:55,NBIS,249.6100,249.6100,249.3700,249.3900,5630.0000,249.4600,49
2026-08-12 22:23:00,NBIS,249.4100,249.5200,249.3500,249.5100,1258.0000,249.4290,10
2026-08-12 22:23:05,NBIS,249.4700,249.5600,249.3900,249.4900,1509.0000,249.5140,13
2026-08-12 22:23:10,NBIS,249.4200,249.5200,249.4000,249.4200,1440.0000,249.4250,5
2026-08-12 22:23:15,NBIS,249.5400,249.6000,249.4800,249.5400,2037.0000,249.5440,14
2026-08-12 22:23:20,NBIS,249.5400,249.5400,249.3700,249.4300,3475.0000,249.4640,25
2026-08-12 22:23:25,NBIS,249.4300,249.4300,249.3300,249.3800,1800.0000,249.3670,14
2026-08-12 22:23:30,NBIS,249.3000,249.3300,249.2500,249.2600,1222.0000,249.2810,9
2026-08-12 22:23:35,NBIS,249.2600,249.3000,249.2000,249.2000,5715.0000,249.2570,23
2026-08-12 22:23:40,NBIS,249.2400,249.2600,249.1700,249.2600,6044.0000,249.2350,32
2026-08-12 22:23:45,NBIS,249.2600,249.3500,249.1900,249.2600,8202.0000,249.2460,44
2026-08-12 22:23:50,NBIS,249.3200,249.3200,249.2800,249.3000,700.0000,249.2890,3
2026-08-12 22:23:55,NBIS,249.2200,249.4100,249.2100,249.4100,2675.0000,249.3450,13
2026-08-12 22:24:00,NBIS,249.4600,249.4600,249.2500,249.2500,2351.0000,249.3310,19
2026-08-12 22:24:05,NBIS,249.2500,249.4000,249.2500,249.3700,1332.0000,249.3220,8
2026-08-12 22:24:10,NBIS,249.3700,249.4500,249.3700,249.3800,409.0000,249.4080,4
2026-08-12 22:24:15,NBIS,249.3800,249.4600,249.3100,249.3900,1849.0000,249.3650,14
2026-08-12 22:24:20,NBIS,249.3500,249.4400,249.3500,249.3900,300.0000,249.3920,3
2026-08-12 22:24:25,NBIS,249.3900,249.4600,249.3400,249.4400,1970.0000,249.3980,18
2026-08-12 22:24:30,NBIS,249.4900,249.5000,249.4000,249.5000,1296.0000,249.4620,7
2026-08-12 22:24:35,NBIS,249.4600,249.8900,249.4600,249.8600,13988.0000,249.6890,74
2026-08-12 22:24:40,NBIS,249.8800,250.3000,249.8700,250.2000,64878.0000,250.0620,312
2026-08-12 22:24:45,NBIS,250.2000,250.3000,250.2000,250.2100,3735.0000,250.2350,19
2026-08-12 22:24:50,NBIS,250.3000,250.3500,249.7600,249.9000,17484.0000,250.1130,111
2026-08-12 22:24:55,NBIS,249.8400,250.0000,249.8300,250.0000,1000.0000,249.9510,4
2026-08-12 22:25:00,NBIS,249.7800,249.9900,249.7800,249.9000,1752.0000,249.8650,6
2026-08-12 22:25:05,NBIS,249.8900,250.1200,249.8900,250.1000,6681.0000,250.0010,28
2026-08-12 22:25:10,NBIS,250.0000,250.3400,250.0000,250.2800,8705.0000,250.1710,47
2026-08-12 22:25:15,NBIS,250.3500,250.7000,250.3500,250.5900,30156.0000,250.5540,176
2026-08-12 22:25:20,NBIS,250.5900,250.6000,250.2100,250.2300,9201.0000,250.3450,48
2026-08-12 22:25:25,NBIS,250.2300,250.3100,250.1500,250.2700,3611.0000,250.2390,18
2026-08-12 22:25:30,NBIS,250.2700,250.3800,250.2600,250.3200,2260.0000,250.3400,8
2026-08-12 22:25:35,NBIS,250.3500,250.5300,250.3400,250.4300,3340.0000,250.4720,21
2026-08-12 22:25:40,NBIS,250.3500,250.6000,250.3400,250.5200,3279.0000,250.4910,16
2026-08-12 22:25:45,NBIS,250.5200,250.6000,250.3000,250.3500,6131.0000,250.4160,38
2026-08-12 22:25:50,NBIS,250.3000,250.3500,250.2200,250.3400,7432.0000,250.2980,36
2026-08-12 22:25:55,NBIS,250.3400,250.3400,250.2300,250.2300,1602.0000,250.2910,10
2026-08-12 22:26:00,NBIS,250.2100,250.2400,250.1900,250.1900,2825.0000,250.2140,22
2026-08-12 22:26:05,NBIS,250.1900,250.1900,250.1600,250.1900,987.0000,250.1770,9
2026-08-12 22:26:10,NBIS,250.1100,250.1600,250.1100,250.1100,2930.0000,250.1430,18
2026-08-12 22:26:15,NBIS,250.2100,250.3200,250.1400,250.2700,2843.0000,250.2450,21
2026-08-12 22:26:20,NBIS,250.2700,250.4800,250.2400,250.4400,4708.0000,250.3890,30
2026-08-12 22:26:25,NBIS,250.4400,250.4900,250.3800,250.4400,1999.0000,250.4340,14
2026-08-12 22:26:30,NBIS,250.4100,250.4300,250.2400,250.4000,4175.0000,250.3410,28
2026-08-12 22:26:35,NBIS,250.4800,250.5000,250.2700,250.4600,3289.0000,250.4380,30
2026-08-12 22:26:40,NBIS,250.3800,250.4500,250.3300,250.3800,2781.0000,250.4310,7
2026-08-12 22:26:45,NBIS,250.4000,250.6000,250.4000,250.6000,6540.0000,250.5260,30
2026-08-12 22:26:50,NBIS,250.5100,250.7100,250.4500,250.6700,7163.0000,250.6180,44
2026-08-12 22:26:55,NBIS,250.5200,250.6000,250.4700,250.4700,1180.0000,250.5330,10
2026-08-12 22:27:00,NBIS,250.6000,250.6800,250.4000,250.4000,4951.0000,250.5390,30
2026-08-12 22:27:05,NBIS,250.4500,250.6500,250.4200,250.5700,4602.0000,250.5200,15
2026-08-12 22:27:10,NBIS,250.6000,250.7300,250.5500,250.6100,6843.0000,250.6410,41
2026-08-12 22:27:15,NBIS,250.6600,250.6700,250.3300,250.4700,8941.0000,250.4750,57
2026-08-12 22:27:20,NBIS,250.4700,250.5700,250.2400,250.2500,4413.0000,250.4430,31
2026-08-12 22:27:25,NBIS,250.2800,250.3800,250.2600,250.3400,1913.0000,250.3180,13
2026-08-12 22:27:30,NBIS,250.3400,250.4200,250.2700,250.3200,1500.0000,250.3510,15
2026-08-12 22:27:35,NBIS,250.2800,250.3300,250.2600,250.3200,3641.0000,250.3050,21
2026-08-12 22:27:40,NBIS,250.3000,250.3900,250.2700,250.3500,1352.0000,250.3160,9
2026-08-12 22:27:45,NBIS,250.3500,250.3500,250.2200,250.3000,4249.0000,250.2810,30
2026-08-12 22:27:50,NBIS,250.2600,250.3900,250.2600,250.2600,3073.0000,250.3280,15
2026-08-12 22:27:55,NBIS,250.2800,250.3300,250.2600,250.2600,1310.0000,250.2680,4
2026-08-12 22:28:00,NBIS,250.3300,250.4500,250.3300,250.3300,4719.0000,250.4030,32
2026-08-12 22:28:05,NBIS,250.3900,250.3900,250.0900,250.2000,8376.0000,250.2730,40
2026-08-12 22:28:10,NBIS,250.1200,250.1600,249.8800,250.0200,7628.0000,249.9920,26
2026-08-12 22:28:15,NBIS,250.1800,250.1800,249.9000,249.9800,2579.0000,250.0440,11
2026-08-12 22:28:20,NBIS,249.9800,249.9800,249.7400,249.8000,4449.0000,249.8460,31
2026-08-12 22:28:25,NBIS,249.8000,249.8000,249.5500,249.5500,2194.0000,249.6550,19
2026-08-12 22:28:30,NBIS,249.6000,249.6000,249.4500,249.5100,4705.0000,249.5070,29
2026-08-12 22:28:35,NBIS,249.5100,249.6500,249.3500,249.4800,6997.0000,249.4840,49
2026-08-12 22:28:40,NBIS,249.5200,249.5200,249.2400,249.3600,2326.0000,249.3690,20
2026-08-12 22:28:45,NBIS,249.3900,249.4600,249.3100,249.4000,3126.0000,249.3900,14
2026-08-12 22:28:50,NBIS,249.4100,249.4200,249.3200,249.3400,1990.0000,249.3860,15
2026-08-12 22:28:55,NBIS,249.3400,249.5900,249.3400,249.4900,3597.0000,249.4950,34
2026-08-12 22:29:00,NBIS,249.5400,249.6100,249.4500,249.5000,1938.0000,249.5390,18
2026-08-12 22:29:05,NBIS,249.5400,249.5500,249.4100,249.4500,2868.0000,249.4720,23
2026-08-12 22:29:10,NBIS,249.3400,249.4800,249.3400,249.4800,2100.0000,249.4000,5
2026-08-12 22:29:15,NBIS,249.4600,249.4600,249.3500,249.3600,2840.0000,249.3900,23
2026-08-12 22:29:20,NBIS,249.4000,249.4800,249.4000,249.4700,2028.0000,249.4390,12
2026-08-12 22:29:25,NBIS,249.4400,249.4400,249.3100,249.3100,1000.0000,249.3670,10
2026-08-12 22:29:30,NBIS,249.4200,249.4600,249.3600,249.4600,1742.0000,249.4060,8
2026-08-12 22:29:35,NBIS,249.3900,249.4800,249.3800,249.4800,998.0000,249.4340,9
2026-08-12 22:29:40,NBIS,249.4300,249.5400,249.4100,249.4100,2500.0000,249.4770,23
2026-08-12 22:29:45,NBIS,249.3900,249.7500,249.3900,249.7000,5661.0000,249.6020,36
2026-08-12 22:29:50,NBIS,249.7600,249.8100,249.7000,249.7500,4846.0000,249.7810,29
2026-08-12 22:29:55,NBIS,249.7300,249.9500,249.7300,249.8200,2875.0000,249.8300,15
2026-08-12 22:30:00,NBIS,249.8200,249.8200,249.7000,249.8100,2776.0000,249.7920,21
2026-08-12 22:30:05,NBIS,249.7800,249.8700,249.7100,249.8200,4305.0000,249.8080,15
2026-08-12 22:30:10,NBIS,249.8300,249.9500,249.8100,249.8100,2285.0000,249.8480,12
2026-08-12 22:30:15,NBIS,249.8600,250.6400,249.7200,250.5400,35266.0000,250.0210,130
2026-08-12 22:30:20,NBIS,250.6500,252.0600,250.3800,252.0000,57462.0000,251.3180,279
2026-08-12 22:30:25,NBIS,252.0600,252.3500,251.7900,251.9000,15260.0000,252.1380,99
2026-08-12 22:30:30,NBIS,251.9000,252.2700,251.8700,251.9600,9152.0000,252.0910,58
2026-08-12 22:30:35,NBIS,251.9100,252.1400,251.9000,252.1300,4000.0000,252.0860,21
2026-08-12 22:30:40,NBIS,252.0700,252.6000,251.8400,252.4900,14542.0000,252.1770,81
2026-08-12 22:30:45,NBIS,252.4900,252.6200,252.1600,252.4700,10129.0000,252.3970,57
2026-08-12 22:30:50,NBIS,252.7000,252.7100,252.3400,252.5500,10675.0000,252.6120,40
2026-08-12 22:30:55,NBIS,252.6500,252.7700,252.4000,252.6500,11588.0000,252.6320,77
2026-08-12 22:31:00,NBIS,252.7200,252.7600,252.4800,252.6000,13645.0000,252.5680,63
2026-08-12 22:31:05,NBIS,252.5100,252.8200,252.5100,252.6900,4370.0000,252.6570,31
2026-08-12 22:31:10,NBIS,252.6600,252.8200,252.4600,252.7700,14717.0000,252.6040,100
2026-08-12 22:31:15,NBIS,252.7500,253.1200,252.6900,252.9900,8516.0000,252.8930,43
2026-08-12 22:31:20,NBIS,252.9900,253.1300,252.7500,252.8500,16613.0000,252.9850,89
2026-08-12 22:31:25,NBIS,252.8600,253.1400,252.7700,253.0900,6826.0000,252.9250,33
2026-08-12 22:31:30,NBIS,253.1200,253.3000,253.0700,253.1400,10629.0000,253.1510,61
2026-08-12 22:31:35,NBIS,253.1400,253.2100,253.0500,253.0700,14034.0000,253.1050,97
2026-08-12 22:31:40,NBIS,253.1100,253.1900,252.9700,252.9800,12291.0000,253.0550,86
2026-08-12 22:31:45,NBIS,252.9500,252.9500,252.4200,252.5100,15190.0000,252.6500,93
2026-08-12 22:31:50,NBIS,252.5100,252.6600,252.4500,252.6100,4917.0000,252.5680,30
2026-08-12 22:31:55,NBIS,252.6600,252.7100,252.6000,252.6500,4931.0000,252.6440,22
2026-08-12 22:32:00,NBIS,252.6300,252.8800,252.5400,252.7300,6622.0000,252.6670,45
2026-08-12 22:32:05,NBIS,252.7300,252.8400,252.6100,252.7300,4090.0000,252.7010,22
2026-08-12 22:32:10,NBIS,252.7300,252.8400,252.5500,252.7400,5326.0000,252.6520,22
2026-08-12 22:32:15,NBIS,252.7500,252.7900,252.5400,252.5600,7774.0000,252.6920,24
2026-08-12 22:32:20,NBIS,252.7200,252.7500,252.1900,252.3300,20796.0000,252.4770,139
2026-08-12 22:32:25,NBIS,252.4200,252.5300,252.3100,252.3100,5433.0000,252.3880,29
2026-08-12 22:32:30,NBIS,252.3100,252.3100,252.1900,252.2000,6749.0000,252.2350,43
2026-08-12 22:32:35,NBIS,252.1400,252.3000,252.1100,252.2200,7498.0000,252.2370,41
2026-08-12 22:32:40,NBIS,252.3100,252.3200,252.0400,252.1300,3474.0000,252.1870,22
2026-08-12 22:32:45,NBIS,252.1400,252.3000,252.0300,252.1600,3470.0000,252.1740,25
2026-08-12 22:32:50,NBIS,252.2100,252.2700,252.0900,252.1400,9043.0000,252.1850,29
2026-08-12 22:32:55,NBIS,252.1000,252.2800,252.1000,252.1400,6381.0000,252.1900,31
2026-08-12 22:33:00,NBIS,252.1600,252.4500,252.1500,252.3800,6773.0000,252.3130,43
2026-08-12 22:33:05,NBIS,252.3200,252.3200,252.1900,252.2500,12750.0000,252.2430,91
2026-08-12 22:33:10,NBIS,252.2200,252.2500,251.5100,251.6200,20561.0000,251.9840,129
2026-08-12 22:33:15,NBIS,251.7300,251.8300,251.6100,251.7700,6791.0000,251.7410,40
2026-08-12 22:33:20,NBIS,251.8200,251.9000,251.7500,251.7900,3833.0000,251.8160,24
2026-08-12 22:33:25,NBIS,251.7500,251.7600,251.6400,251.7300,4262.0000,251.6970,24
2026-08-12 22:33:30,NBIS,251.6600,251.8900,251.6400,251.8900,3265.0000,251.7470,18
2026-08-12 22:33:35,NBIS,251.8200,252.0600,251.7600,252.0300,8196.0000,251.9050,35
2026-08-12 22:33:40,NBIS,252.0500,252.1400,251.9900,252.1100,4802.0000,252.0640,24
2026-08-12 22:33:45,NBIS,252.0800,252.2000,252.0200,252.0700,9506.0000,252.0750,72
2026-08-12 22:33:50,NBIS,252.0200,252.1000,252.0200,252.1000,2717.0000,252.0850,17
2026-08-12 22:33:55,NBIS,252.1000,252.1500,252.0200,252.1000,909.0000,252.0920,7
2026-08-12 22:34:00,NBIS,252.0200,252.2400,252.0200,252.1800,6230.0000,252.1220,43
2026-08-12 22:34:05,NBIS,252.1000,252.1100,251.7000,251.7200,13763.0000,251.9350,122
2026-08-12 22:34:10,NBIS,251.8000,252.0000,251.8000,251.8900,950.0000,251.9020,7
2026-08-12 22:34:15,NBIS,251.9500,252.2000,251.9500,252.1400,3550.0000,252.0810,31
2026-08-12 22:34:20,NBIS,252.1900,252.4000,252.1100,252.3200,6644.0000,252.2790,45
2026-08-12 22:34:25,NBIS,252.3200,252.4200,252.3200,252.4200,3532.0000,252.3710,22
2026-08-12 22:34:30,NBIS,252.4100,252.4300,252.1300,252.1300,13999.0000,252.2720,113
2026-08-12 22:34:35,NBIS,252.3400,252.3400,252.1400,252.3300,3500.0000,252.2650,12
2026-08-12 22:34:40,NBIS,252.2500,252.3000,252.2300,252.2400,1618.0000,252.2480,8
2026-08-12 22:34:45,NBIS,252.2700,252.2800,252.1400,252.2200,2503.0000,252.2040,18
2026-08-12 22:34:50,NBIS,252.1900,252.3000,252.1800,252.2500,3510.0000,252.2660,23
2026-08-12 22:34:55,NBIS,252.3000,252.3100,252.1800,252.2300,2367.0000,252.2670,11
2026-08-12 22:35:00,NBIS,252.1900,252.2400,252.0700,252.1100,11223.0000,252.1090,66
2026-08-12 22:35:05,NBIS,252.0800,252.1300,251.8300,251.9300,7589.0000,251.9830,45
2026-08-12 22:35:10,NBIS,251.9300,252.0200,251.7500,251.7600,6898.0000,251.8480,28
2026-08-12 22:35:15,NBIS,251.7500,251.8300,251.6600,251.7400,1655.0000,251.7120,11
2026-08-12 22:35:20,NBIS,251.6700,251.7700,251.6000,251.7200,3973.0000,251.6930,21
2026-08-12 22:35:25,NBIS,251.6100,251.7500,251.5600,251.7500,2584.0000,251.6320,18
2026-08-12 22:35:30,NBIS,251.6700,251.6700,251.5000,251.5100,9140.0000,251.5550,45
2026-08-12 22:35:35,NBIS,251.4600,251.5600,251.4300,251.5100,4671.0000,251.4940,37
2026-08-12 22:35:40,NBIS,251.5300,251.5400,251.4600,251.5000,5488.0000,251.5150,29
2026-08-12 22:35:45,NBIS,251.4800,251.5500,251.1100,251.1300,14813.0000,251.3810,114
2026-08-12 22:35:50,NBIS,251.1100,251.3800,251.0200,251.3000,10877.0000,251.1550,48
2026-08-12 22:35:55,NBIS,251.2800,251.2800,251.1700,251.2800,2293.0000,251.2540,20
2026-08-12 22:36:00,NBIS,251.2900,251.4300,251.2500,251.3900,4139.0000,251.3610,22
2026-08-12 22:36:05,NBIS,251.3800,251.4500,251.2900,251.3800,3130.0000,251.4040,12
2026-08-12 22:36:10,NBIS,251.3700,251.4400,251.3000,251.3400,5896.0000,251.3630,37
2026-08-12 22:36:15,NBIS,251.3200,251.3600,251.3000,251.3200,2345.0000,251.3230,10
2026-08-12 22:36:20,NBIS,251.3000,251.5500,251.2500,251.3800,5415.0000,251.4280,34
2026-08-12 22:36:25,NBIS,251.3800,251.5000,251.3100,251.4900,3692.0000,251.3850,22
2026-08-12 22:36:30,NBIS,251.4300,251.5600,251.4300,251.5300,2169.0000,251.4980,13
2026-08-12 22:36:35,NBIS,251.5200,251.8300,251.2900,251.8300,27095.0000,251.4020,197
2026-08-12 22:36:40,NBIS,251.8300,251.8300,251.6600,251.7900,2483.0000,251.7350,14
2026-08-12 22:36:45,NBIS,251.7900,251.7900,251.6100,251.6100,1096.0000,251.6410,9
2026-08-12 22:36:50,NBIS,251.6100,251.9600,251.6100,251.8400,6352.0000,251.7820,34
2026-08-12 22:36:55,NBIS,251.9700,251.9700,251.4500,251.5500,8659.0000,251.6740,63
2026-08-12 22:37:00,NBIS,251.5300,251.8400,251.5300,251.6800,15257.0000,251.7140,63
2026-08-12 22:37:05,NBIS,251.7900,251.7900,251.5300,251.5900,1100.0000,251.6880,5
2026-08-12 22:37:10,NBIS,251.7400,251.8000,251.6300,251.6300,4383.0000,251.7150,31
2026-08-12 22:37:15,NBIS,251.6600,251.7500,251.6500,251.7400,1190.0000,251.7170,7
2026-08-12 22:37:20,NBIS,251.7400,251.9400,251.7200,251.9400,9531.0000,251.7940,23
2026-08-12 22:37:25,NBIS,251.8700,251.8700,251.8000,251.8700,1788.0000,251.8500,10
2026-08-12 22:37:30,NBIS,251.8400,251.9700,251.7700,251.8800,3120.0000,251.8690,20
2026-08-12 22:37:35,NBIS,251.8800,251.9700,251.7800,251.8800,2105.0000,251.8950,15
2026-08-12 22:37:40,NBIS,251.8800,251.9700,251.8000,251.8900,1950.0000,251.8920,11
2026-08-12 22:37:45,NBIS,251.9300,252.1300,251.9000,252.1300,7678.0000,251.9910,37
2026-08-12 22:37:50,NBIS,252.1300,252.2100,252.0400,252.1600,6770.0000,252.1410,30
2026-08-12 22:37:55,NBIS,252.1200,252.1900,252.0200,252.0300,19214.0000,252.0800,138
2026-08-12 22:38:00,NBIS,252.0400,252.1000,252.0000,252.0100,9390.0000,252.0260,78
2026-08-12 22:38:05,NBIS,252.0000,252.1800,252.0000,252.0400,3497.0000,252.0670,13
2026-08-12 22:38:10,NBIS,252.0400,252.1800,252.0000,252.0000,3547.0000,252.0280,21
2026-08-12 22:38:15,NBIS,252.1400,252.1500,252.0100,252.0900,5678.0000,252.1120,23
2026-08-12 22:38:20,NBIS,252.0900,252.2800,252.0200,252.1500,5674.0000,252.1520,32
2026-08-12 22:38:25,NBIS,252.2200,252.2800,252.0800,252.1500,1685.0000,252.1990,8
2026-08-12 22:38:30,NBIS,252.2800,252.2800,252.1400,252.1500,2063.0000,252.2210,13
2026-08-12 22:38:35,NBIS,252.3000,252.3000,252.1100,252.1100,3708.0000,252.1900,25
2026-08-12 22:38:40,NBIS,252.1100,252.1400,252.0300,252.0600,6271.0000,252.0690,41
2026-08-12 22:38:45,NBIS,252.0400,252.1000,251.6800,251.9800,39566.0000,251.9740,185
2026-08-12 22:38:50,NBIS,251.8000,252.1400,251.8000,252.0700,5859.0000,251.9970,43
2026-08-12 22:38:55,NBIS,251.9900,252.1500,251.9900,252.1000,1108.0000,252.0900,9
2026-08-12 22:39:00,NBIS,252.1000,252.2700,252.0900,252.2700,1681.0000,252.1560,14
2026-08-12 22:39:05,NBIS,252.2700,252.3400,252.1600,252.1800,1125.0000,252.2590,10
2026-08-12 22:39:10,NBIS,252.3200,252.3300,252.1000,252.2300,1601.0000,252.2250,12
2026-08-12 22:39:15,NBIS,252.2300,252.4200,252.2300,252.3500,3856.0000,252.3610,27
2026-08-12 22:39:20,NBIS,252.3500,252.4300,252.2600,252.4100,2314.0000,252.3350,14
2026-08-12 22:39:25,NBIS,252.4300,252.5700,252.3800,252.5700,10147.0000,252.4760,47
2026-08-12 22:39:30,NBIS,252.5100,252.5700,252.3500,252.5500,4567.0000,252.5250,19
2026-08-12 22:39:35,NBIS,252.5500,252.7300,252.5400,252.7300,6045.0000,252.6250,32
2026-08-12 22:39:40,NBIS,252.7400,252.7800,252.5800,252.7000,4702.0000,252.6980,13
2026-08-12 22:39:45,NBIS,252.7000,252.8300,252.7000,252.7800,5296.0000,252.7610,30
2026-08-12 22:39:50,NBIS,252.7800,252.8100,252.0200,252.0200,32130.0000,252.5280,240
2026-08-12 22:39:55,NBIS,252.0800,252.3500,252.0700,252.2500,2993.0000,252.1900,24
2026-08-12 22:40:00,NBIS,252.2000,252.3500,252.1000,252.2500,4582.0000,252.1820,30
2026-08-12 22:40:05,NBIS,252.3000,252.3000,252.1300,252.1300,3501.0000,252.1710,11
2026-08-12 22:40:10,NBIS,252.1000,252.1400,252.0000,252.0300,4558.0000,252.0750,33
2026-08-12 22:40:15,NBIS,252.0700,252.1600,252.0100,252.0800,2923.0000,252.0870,24
2026-08-12 22:40:20,NBIS,252.1000,252.1300,251.9700,251.9900,3735.0000,252.0650,26
2026-08-12 22:40:25,NBIS,251.9900,252.1200,251.9400,251.9800,30944.0000,251.9910,177
2026-08-12 22:40:30,NBIS,251.9800,252.0100,251.9400,252.0000,4185.0000,251.9880,19
2026-08-12 22:40:35,NBIS,251.9900,252.2400,251.9700,252.1300,10010.0000,252.0530,57
2026-08-12 22:40:40,NBIS,252.1300,252.2200,252.0000,252.0400,11610.0000,252.0930,105
2026-08-12 22:40:45,NBIS,252.1200,252.1200,252.0000,252.1000,4210.0000,252.0540,26
2026-08-12 22:40:50,NBIS,252.1000,252.1500,252.0500,252.0500,900.0000,252.0870,8
2026-08-12 22:40:55,NBIS,252.0700,252.3000,252.0100,252.2800,3994.0000,252.1930,28
2026-08-12 22:41:00,NBIS,252.2800,252.4000,252.1600,252.1600,1925.0000,252.3420,13
2026-08-12 22:41:05,NBIS,252.2900,252.5300,252.2800,252.4800,4597.0000,252.4490,25
2026-08-12 22:41:10,NBIS,252.5000,252.5000,252.3800,252.3900,2444.0000,252.4100,16
2026-08-12 22:41:15,NBIS,252.4000,252.4400,252.3300,252.4200,7534.0000,252.3700,50
2026-08-12 22:41:20,NBIS,252.3400,252.4200,252.3400,252.3700,1000.0000,252.3660,9
2026-08-12 22:41:25,NBIS,252.3800,252.4100,252.1100,252.1500,22257.0000,252.2870,168
2026-08-12 22:41:30,NBIS,252.2300,252.3800,252.1700,252.2100,2700.0000,252.2660,15
2026-08-12 22:41:35,NBIS,252.1000,252.2100,251.8700,251.8700,20360.0000,251.9860,141
2026-08-12 22:41:40,NBIS,251.9100,251.9500,251.8700,251.9000,2900.0000,251.9180,18
2026-08-12 22:41:45,NBIS,251.9000,251.9300,251.6300,251.7200,13551.0000,251.8060,96
2026-08-12 22:41:50,NBIS,251.6400,251.7200,251.6300,251.6300,4234.0000,251.6730,19
2026-08-12 22:41:55,NBIS,251.6400,251.8500,251.6300,251.6300,4383.0000,251.7430,21
2026-08-12 22:42:00,NBIS,251.7400,251.8500,251.1500,251.1500,11734.0000,251.4250,79
2026-08-12 22:42:05,NBIS,251.1500,251.2100,250.8000,251.0200,34694.0000,251.0950,206
2026-08-12 22:42:10,NBIS,251.0800,251.4200,251.0500,251.3800,6146.0000,251.2190,52
2026-08-12 22:42:15,NBIS,251.4600,251.4700,251.2100,251.2100,3123.0000,251.3770,23
2026-08-12 22:42:20,NBIS,251.0400,251.4500,251.0400,251.3200,1800.0000,251.2010,7
2026-08-12 22:42:25,NBIS,251.3500,251.5300,251.3100,251.3600,4266.0000,251.4310,35
2026-08-12 22:42:30,NBIS,251.5000,251.5000,251.3800,251.4500,2875.0000,251.4130,23
2026-08-12 22:42:35,NBIS,251.3000,251.6300,251.3000,251.5000,4350.0000,251.5110,25
2026-08-12 22:42:40,NBIS,251.5900,251.6500,251.5300,251.6500,3173.0000,251.5890,29
2026-08-12 22:42:45,NBIS,251.5600,251.6600,251.3700,251.4200,9965.0000,251.4800,58
2026-08-12 22:42:50,NBIS,251.4800,251.5200,251.3900,251.3900,2784.0000,251.4580,7
2026-08-12 22:42:55,NBIS,251.4900,251.6900,251.4900,251.5600,7611.0000,251.5730,47
2026-08-12 22:43:00,NBIS,251.5700,251.7000,251.4000,251.4000,2132.0000,251.4860,6
2026-08-12 22:43:05,NBIS,251.4900,251.5500,251.3900,251.5500,2800.0000,251.4860,6
2026-08-12 22:43:10,NBIS,251.5500,251.8700,251.5400,251.8700,6893.0000,251.7110,43
2026-08-12 22:43:15,NBIS,251.6000,251.9000,251.6000,251.7100,3322.0000,251.7990,26
2026-08-12 22:43:20,NBIS,251.7900,252.0800,251.7500,252.0800,5738.0000,251.9430,37
2026-08-12 22:43:25,NBIS,252.1100,252.1200,251.9800,251.9800,3413.0000,252.0430,14
2026-08-12 22:43:30,NBIS,251.9800,252.2900,251.9800,252.2600,5737.0000,252.1910,22
2026-08-12 22:43:35,NBIS,252.2600,252.3100,252.0400,252.0400,6057.0000,252.1830,40
2026-08-12 22:43:40,NBIS,252.1000,252.3200,252.0400,252.3200,3283.0000,252.1780,26
2026-08-12 22:43:45,NBIS,252.3700,252.5000,252.1600,252.2300,5516.0000,252.3370,25
2026-08-12 22:43:50,NBIS,252.1800,252.4400,252.1700,252.3700,5652.0000,252.3270,29
2026-08-12 22:43:55,NBIS,252.4000,252.5000,252.3100,252.3600,11510.0000,252.3970,72
2026-08-12 22:44:00,NBIS,252.3100,252.5000,252.3100,252.5000,4937.0000,252.3750,14
2026-08-12 22:44:05,NBIS,252.4000,252.4900,252.3600,252.4900,6493.0000,252.4410,25
2026-08-12 22:44:10,NBIS,252.3500,252.3500,251.5200,251.6000,33429.0000,252.2040,217
2026-08-12 22:44:15,NBIS,251.5300,251.8000,251.5200,251.6800,2094.0000,251.6380,15
2026-08-12 22:44:20,NBIS,251.6800,251.9300,251.5200,251.8500,5689.0000,251.7620,42
2026-08-12 22:44:25,NBIS,251.8500,252.0800,251.7200,252.0500,2683.0000,251.9940,25
2026-08-12 22:44:30,NBIS,251.9600,252.1300,251.8400,252.0100,3721.0000,251.9760,19
2026-08-12 22:44:35,NBIS,252.0000,252.1800,251.8800,251.8800,2099.0000,252.0830,17
2026-08-12 22:44:40,NBIS,252.1400,252.1500,252.0200,252.1100,1088.0000,252.1110,9
2026-08-12 22:44:45,NBIS,252.1100,252.2300,252.0100,252.1200,3396.0000,252.0360,11
2026-08-12 22:44:50,NBIS,252.1500,252.1500,252.0000,252.1000,3484.0000,252.0660,31
2026-08-12 22:44:55,NBIS,252.1200,252.3000,252.1200,252.3000,3187.0000,252.2230,22
2026-08-12 22:45:00,NBIS,252.0700,252.3800,252.0200,252.1200,5182.0000,252.1770,33
2026-08-12 22:45:05,NBIS,252.2500,252.5200,252.1800,252.3500,8509.0000,252.4130,53
2026-08-12 22:45:10,NBIS,252.3500,252.4500,252.2900,252.3900,2850.0000,252.3410,19
2026-08-12 22:45:15,NBIS,252.3600,252.5400,252.2700,252.5000,4088.0000,252.4890,18
2026-08-12 22:45:20,NBIS,252.5700,252.6100,252.4200,252.5100,5383.0000,252.5140,30
2026-08-12 22:45:25,NBIS,252.4500,252.5900,252.4200,252.5800,5983.0000,252.4830,42
2026-08-12 22:45:30,NBIS,252.5900,252.5900,252.2400,252.3000,30907.0000,252.3860,232
2026-08-12 22:45:35,NBIS,252.3400,252.4300,252.2300,252.3000,2117.0000,252.3260,14
2026-08-12 22:45:40,NBIS,252.2900,252.5500,252.2300,252.3400,7243.0000,252.4080,42
2026-08-12 22:45:45,NBIS,252.3500,252.4000,252.2600,252.3200,2824.0000,252.3430,22
2026-08-12 22:45:50,NBIS,252.2600,252.4200,252.2600,252.4200,4089.0000,252.3620,36
2026-08-12 22:45:55,NBIS,252.4200,252.4200,252.2100,252.2700,3902.0000,252.2740,29
2026-08-12 22:46:00,NBIS,252.2700,252.3400,252.2700,252.2700,2687.0000,252.2980,18
2026-08-12 22:46:05,NBIS,252.2300,252.3800,252.2200,252.3800,2666.0000,252.2680,18
2026-08-12 22:46:10,NBIS,252.3800,252.4600,252.2500,252.3900,3575.0000,252.3220,28
2026-08-12 22:46:15,NBIS,252.3900,252.3900,252.2000,252.3500,6425.0000,252.3180,30
2026-08-12 22:46:20,NBIS,252.3100,252.3700,252.2800,252.3200,1610.0000,252.3150,5
2026-08-12 22:46:25,NBIS,252.2600,252.3700,252.2500,252.3100,1440.0000,252.2960,5
2026-08-12 22:46:30,NBIS,252.3100,252.4000,252.2900,252.3200,4997.0000,252.3440,29
2026-08-12 22:46:35,NBIS,252.3600,252.4000,252.2800,252.3900,1462.0000,252.3510,9
2026-08-12 22:46:40,NBIS,252.2300,252.3900,252.2300,252.3700,3845.0000,252.3470,31
2026-08-12 22:46:45,NBIS,252.3600,252.4600,252.2600,252.4600,1842.0000,252.3740,14
2026-08-12 22:46:50,NBIS,252.3600,252.4600,252.3500,252.3600,1500.0000,252.3810,14
2026-08-12 22:46:55,NBIS,252.3600,252.5000,252.2500,252.4300,4802.0000,252.4150,39
2026-08-12 22:47:00,NBIS,252.4900,252.7000,252.3500,252.5500,11514.0000,252.5260,57
2026-08-12 22:47:05,NBIS,252.5800,252.7000,252.4600,252.5900,12261.0000,252.6490,46
2026-08-12 22:47:10,NBIS,252.5900,252.7500,252.5000,252.7500,8426.0000,252.6590,39
2026-08-12 22:47:15,NBIS,252.7500,252.7800,252.5300,252.6600,3843.0000,252.7240,26
2026-08-12 22:47:20,NBIS,252.7600,252.7800,252.3900,252.3900,21800.0000,252.5440,181
2026-08-12 22:47:25,NBIS,252.4000,252.6300,252.3900,252.5700,3347.0000,252.5020,26
2026-08-12 22:47:30,NBIS,252.4000,252.5800,252.4000,252.5200,825.0000,252.4960,7
2026-08-12 22:47:35,NBIS,252.5300,252.7400,252.4200,252.7400,2359.0000,252.6190,14
2026-08-12 22:47:40,NBIS,252.6000,252.8500,252.6000,252.7500,2609.0000,252.7780,19
2026-08-12 22:47:45,NBIS,252.6900,252.9000,252.6700,252.8600,5746.0000,252.8040,33
2026-08-12 22:47:50,NBIS,252.9000,252.9200,252.7100,252.8800,3424.0000,252.8010,18
2026-08-12 22:47:55,NBIS,252.8900,252.9200,252.7300,252.8300,7847.0000,252.8190,51
2026-08-12 22:48:00,NBIS,252.7400,253.1500,252.7400,253.1000,21831.0000,252.9710,108
2026-08-12 22:48:05,NBIS,253.1500,253.2500,253.0500,253.1700,9710.0000,253.1460,75
2026-08-12 22:48:10,NBIS,253.1500,253.2800,253.0900,253.2000,6915.0000,253.1840,41
2026-08-12 22:48:15,NBIS,253.1700,253.2100,253.1200,253.2100,13254.0000,253.1440,58
2026-08-12 22:48:20,NBIS,253.2300,253.2300,253.1400,253.2300,6046.0000,253.2020,33
2026-08-12 22:48:25,NBIS,253.2200,253.2800,253.1700,253.2300,6282.0000,253.2200,46
2026-08-12 22:48:30,NBIS,253.2700,253.2700,253.1600,253.2400,6993.0000,253.2200,53
2026-08-12 22:48:35,NBIS,253.3000,253.4900,253.2300,253.4300,9221.0000,253.3940,41
2026-08-12 22:48:40,NBIS,253.4700,253.4900,253.3800,253.4100,7970.0000,253.4490,52
2026-08-12 22:48:45,NBIS,253.3900,253.5700,253.3700,253.4300,13248.0000,253.4520,65
2026-08-12 22:48:50,NBIS,253.5000,253.5700,253.4400,253.5100,5591.0000,253.5010,34
2026-08-12 22:48:55,NBIS,253.4500,253.5000,253.4100,253.4300,18698.0000,253.4430,124
2026-08-12 22:49:00,NBIS,253.4400,253.5100,253.3500,253.3800,28010.0000,253.4310,145
2026-08-12 22:49:05,NBIS,253.3500,253.4700,253.3200,253.3800,4417.0000,253.3600,28
2026-08-12 22:49:10,NBIS,253.4100,253.4400,253.3500,253.4400,3556.0000,253.4070,24
2026-08-12 22:49:15,NBIS,253.4400,253.4900,253.3600,253.3600,2000.0000,253.4110,8
2026-08-12 22:49:20,NBIS,253.3900,253.4600,253.3900,253.4300,2395.0000,253.4280,15
2026-08-12 22:49:25,NBIS,253.4300,253.5200,253.3800,253.4400,6826.0000,253.4540,40
2026-08-12 22:49:30,NBIS,253.3800,253.6300,253.3800,253.5100,5747.0000,253.5010,30
2026-08-12 22:49:35,NBIS,253.6300,253.7500,253.5100,253.5900,4642.0000,253.6290,18
2026-08-12 22:49:40,NBIS,253.6000,253.8000,253.6000,253.7100,8769.0000,253.6920,47
2026-08-12 22:49:45,NBIS,253.8000,253.9500,253.7600,253.9500,9061.0000,253.8270,41
2026-08-12 22:49:50,NBIS,253.9100,253.9900,253.8500,253.9200,9038.0000,253.9260,35
2026-08-12 22:49:55,NBIS,253.9800,254.1800,253.9100,254.1800,15084.0000,254.0140,63
2026-08-12 22:50:00,NBIS,254.1200,255.4500,254.1200,255.1000,58641.0000,254.9550,275
2026-08-12 22:50:05,NBIS,255.1500,255.4500,255.0400,255.4100,14015.0000,255.2300,75
2026-08-12 22:50:10,NBIS,255.3600,255.3600,254.8600,255.0100,31676.0000,255.0760,241
2026-08-12 22:50:15,NBIS,255.0500,255.1700,255.0000,255.1500,12493.0000,255.0770,81
2026-08-12 22:50:20,NBIS,255.1500,255.1900,254.9100,255.1600,14900.0000,255.0510,88
2026-08-12 22:50:25,NBIS,255.1500,255.2500,254.8100,254.8800,44312.0000,254.9470,331
2026-08-12 22:50:30,NBIS,254.8600,254.9300,254.5100,254.5100,11179.0000,254.7960,75
2026-08-12 22:50:35,NBIS,254.5500,254.8700,254.4600,254.7900,19685.0000,254.7330,63
2026-08-12 22:50:40,NBIS,254.7700,254.8500,254.6100,254.6300,5925.0000,254.6980,36
2026-08-12 22:50:45,NBIS,254.7200,254.8400,254.6900,254.7500,2748.0000,254.7370,18
2026-08-12 22:50:50,NBIS,254.8400,255.0000,254.7200,254.7200,6141.0000,254.8350,39
2026-08-12 22:50:55,NBIS,254.6400,255.0000,254.6400,255.0000,8945.0000,254.8110,52
2026-08-12 22:51:00,NBIS,254.8200,255.1900,254.7000,255.0800,21077.0000,254.8830,124
2026-08-12 22:51:05,NBIS,255.1500,255.2000,255.0000,255.0700,6400.0000,255.0920,49
2026-08-12 22:51:10,NBIS,255.0200,255.1000,254.9300,255.0000,14081.0000,254.9920,95
2026-08-12 22:51:15,NBIS,254.9800,254.9800,254.5000,254.7800,11081.0000,254.8550,70
2026-08-12 22:51:20,NBIS,254.7800,254.9200,254.1000,254.2000,13989.0000,254.4920,84
2026-08-12 22:51:25,NBIS,254.4900,254.4900,254.1800,254.3300,10717.0000,254.2810,40
2026-08-12 22:51:30,NBIS,254.2000,254.3900,254.1700,254.3700,14138.0000,254.2640,63
2026-08-12 22:51:35,NBIS,254.3700,254.3900,254.2500,254.3500,4030.0000,254.3230,24
2026-08-12 22:51:40,NBIS,254.3300,254.3300,254.1400,254.2400,12125.0000,254.1790,97
2026-08-12 22:51:45,NBIS,254.2500,254.4400,254.1400,254.3700,12523.0000,254.2460,81
2026-08-12 22:51:50,NBIS,254.4400,254.4400,254.1400,254.2700,11568.0000,254.2000,70
2026-08-12 22:51:55,NBIS,254.2200,254.5900,254.1700,254.5900,9150.0000,254.3930,59
2026-08-12 22:52:00,NBIS,254.5900,254.6800,254.3900,254.5200,6755.0000,254.5950,49
2026-08-12 22:52:05,NBIS,254.6200,254.6200,254.3400,254.3400,4921.0000,254.4680,31
2026-08-12 22:52:10,NBIS,254.4200,254.5700,254.4100,254.5100,4991.0000,254.4840,38
2026-08-12 22:52:15,NBIS,254.6200,254.6800,254.5400,254.6200,2580.0000,254.6150,22
2026-08-12 22:52:20,NBIS,254.6500,254.6800,254.5200,254.6000,3003.0000,254.6270,16
2026-08-12 22:52:25,NBIS,254.6600,254.7800,254.5100,254.7300,6222.0000,254.6840,47
2026-08-12 22:52:30,NBIS,254.7900,254.8600,254.5400,254.6000,26168.0000,254.7010,188
2026-08-12 22:52:35,NBIS,254.5100,254.6200,254.4700,254.5900,4074.0000,254.5420,35
2026-08-12 22:52:40,NBIS,254.6100,254.8200,254.5900,254.6900,10403.0000,254.7160,71
2026-08-12 22:52:45,NBIS,254.7300,254.8000,254.6200,254.6800,8661.0000,254.7480,19
2026-08-12 22:52:50,NBIS,254.6400,254.6900,254.5500,254.5600,4031.0000,254.6340,29
2026-08-12 22:52:55,NBIS,254.6100,254.6100,254.5300,254.5600,4448.0000,254.5740,35
2026-08-12 22:53:00,NBIS,254.5900,254.7200,254.5600,254.6400,9752.0000,254.6300,64
2026-08-12 22:53:05,NBIS,254.6000,254.7300,254.6000,254.6500,2747.0000,254.6570,20
2026-08-12 22:53:10,NBIS,254.7300,255.2000,254.7200,254.9400,24004.0000,254.9700,128
2026-08-12 22:53:15,NBIS,254.9000,255.1400,254.8900,254.9800,11238.0000,255.0450,68
2026-08-12 22:53:20,NBIS,255.1000,255.3200,255.0300,255.2700,21962.0000,255.2350,160
2026-08-12 22:53:25,NBIS,255.2500,255.3200,255.2200,255.2500,12280.0000,255.2620,66
2026-08-12 22:53:30,NBIS,255.2600,255.3800,255.2200,255.2900,12624.0000,255.2640,60
2026-08-12 22:53:35,NBIS,255.2900,255.3900,255.2100,255.2200,8463.0000,255.2850,58
2026-08-12 22:53:40,NBIS,255.2200,255.2200,254.9700,255.1400,51724.0000,255.1280,341
2026-08-12 22:53:45,NBIS,255.1800,255.3200,255.1400,255.2300,15768.0000,255.2180,69
2026-08-12 22:53:50,NBIS,255.2700,255.3400,255.2400,255.2500,2482.0000,255.2800,20
2026-08-12 22:53:55,NBIS,255.2700,255.3500,255.2000,255.2000,1947.0000,255.2720,17
2026-08-12 22:54:00,NBIS,255.2300,255.3000,255.0300,255.2200,18396.0000,255.1300,149
2026-08-12 22:54:05,NBIS,255.2200,255.3500,255.1600,255.2400,3550.0000,255.2670,18
2026-08-12 22:54:10,NBIS,255.3100,255.5600,255.2700,255.3900,15888.0000,255.4410,100
2026-08-12 22:54:15,NBIS,255.4100,255.4800,255.2100,255.2200,10726.0000,255.3290,64
2026-08-12 22:54:20,NBIS,255.2500,255.4500,255.2100,255.4400,9340.0000,255.3050,66
2026-08-12 22:54:25,NBIS,255.3400,255.5000,255.3000,255.4600,9401.0000,255.4070,57
2026-08-12 22:54:30,NBIS,255.4900,255.7000,255.4100,255.6200,17772.0000,255.6070,89
2026-08-12 22:54:35,NBIS,255.6900,255.8900,255.6200,255.8900,18006.0000,255.7240,128
2026-08-12 22:54:40,NBIS,255.8900,256.7400,255.8200,256.6200,44338.0000,256.2890,228
2026-08-12 22:54:45,NBIS,256.7000,256.7400,256.4000,256.5200,49400.0000,256.5100,302
2026-08-12 22:54:50,NBIS,256.5300,256.9200,256.3800,256.5500,29825.0000,256.6330,192
2026-08-12 22:54:55,NBIS,256.6600,256.9200,256.5600,256.7300,27408.0000,256.6990,98
2026-08-12 22:55:00,NBIS,256.7800,257.6900,255.8700,256.9600,91019.0000,256.9070,484
2026-08-12 22:55:05,NBIS,256.9600,257.2600,256.8900,257.0800,20374.0000,257.0530,138
2026-08-12 22:55:10,NBIS,257.1500,257.2600,256.9400,257.1400,26791.0000,257.0640,165
2026-08-12 22:55:15,NBIS,257.0200,257.2000,256.6800,256.9700,21876.0000,256.8470,110
2026-08-12 22:55:20,NBIS,257.0000,257.0700,256.3800,256.4700,40502.0000,256.6920,266
2026-08-12 22:55:25,NBIS,256.3800,256.4600,256.0500,256.1600,35609.0000,256.2180,207
2026-08-12 22:55:30,NBIS,256.2700,256.6100,256.2700,256.3900,14363.0000,256.4530,90
2026-08-12 22:55:35,NBIS,256.2900,256.4500,256.2200,256.4400,14734.0000,256.3230,91
2026-08-12 22:55:40,NBIS,256.4000,256.9800,256.3600,256.5700,29034.0000,256.7510,168
2026-08-12 22:55:45,NBIS,256.6300,257.0500,256.5100,256.9400,12648.0000,256.8820,72
2026-08-12 22:55:50,NBIS,256.9400,257.0400,256.8300,256.9600,10803.0000,256.9250,72
2026-08-12 22:55:55,NBIS,256.9600,257.1100,256.9300,257.0800,9331.0000,257.0320,73
2026-08-12 22:56:00,NBIS,257.0800,257.0800,256.9100,256.9700,23413.0000,256.9960,120
2026-08-12 22:56:05,NBIS,256.9900,257.1400,256.9100,257.0000,12062.0000,257.0050,78
2026-08-12 22:56:10,NBIS,256.9500,257.0900,256.9100,256.9500,17260.0000,256.9920,111
2026-08-12 22:56:15,NBIS,256.9600,256.9900,256.8300,256.8500,47224.0000,256.8980,363
2026-08-12 22:56:20,NBIS,256.9100,257.3700,256.9100,257.3500,27724.0000,257.2100,164
2026-08-12 22:56:25,NBIS,257.2500,257.2700,257.0000,257.0100,15797.0000,257.0890,91
2026-08-12 22:56:30,NBIS,257.1400,257.1600,256.8800,256.9000,17953.0000,257.0190,107
2026-08-12 22:56:35,NBIS,257.0200,257.0800,256.9000,256.9500,8472.0000,256.9840,46
2026-08-12 22:56:40,NBIS,256.9800,257.0900,256.8800,256.9100,14107.0000,256.9770,99
2026-08-12 22:56:45,NBIS,256.8600,256.9800,256.5000,256.5400,36789.0000,256.7840,171
2026-08-12 22:56:50,NBIS,256.5400,256.8700,256.5200,256.7800,12137.0000,256.7000,98
2026-08-12 22:56:55,NBIS,256.7800,256.8000,256.7000,256.7500,10024.0000,256.7500,83
2026-08-12 22:57:00,NBIS,256.7500,257.0900,256.7100,256.7500,47430.0000,256.8350,338
2026-08-12 22:57:05,NBIS,256.7500,256.8100,256.0100,256.2500,30351.0000,256.4860,232
2026-08-12 22:57:10,NBIS,256.2200,256.6700,256.2200,256.6200,21747.0000,256.4810,138
2026-08-12 22:57:15,NBIS,256.6300,256.7600,256.5700,256.7000,13548.0000,256.6490,96
2026-08-12 22:57:20,NBIS,256.7600,256.8400,256.6700,256.8400,16741.0000,256.7370,134
2026-08-12 22:57:25,NBIS,256.7900,256.9300,256.7600,256.8500,10797.0000,256.8530,81
2026-08-12 22:57:30,NBIS,256.9500,257.1400,256.8800,257.1300,38687.0000,257.0260,218
2026-08-12 22:57:35,NBIS,257.1500,257.4800,257.0700,257.3200,28893.0000,257.2520,218
2026-08-12 22:57:40,NBIS,257.3800,257.7800,257.3200,257.6600,32585.0000,257.5350,168
2026-08-12 22:57:45,NBIS,257.6600,257.9900,257.6000,257.9000,18565.0000,257.7810,132
2026-08-12 22:57:50,NBIS,257.9400,258.1600,257.9200,257.9400,53020.0000,258.0210,284
2026-08-12 22:57:55,NBIS,257.9400,258.2700,257.9300,258.1600,33966.0000,258.1360,232
2026-08-12 22:58:00,NBIS,258.0600,258.7100,257.9300,258.7100,56045.0000,258.2100,381
2026-08-12 22:58:05,NBIS,258.7100,258.9600,258.6600,258.8700,33319.0000,258.8400,213
2026-08-12 22:58:10,NBIS,258.9700,259.2500,258.9600,259.1700,30617.0000,259.0760,188
2026-08-12 22:58:15,NBIS,259.1500,259.2200,258.7200,259.1100,84199.0000,259.0460,580
2026-08-12 22:58:20,NBIS,259.1100,259.2200,259.0200,259.1500,44092.0000,259.1430,334
2026-08-12 22:58:25,NBIS,259.1300,259.2400,259.1100,259.1800,55189.0000,259.1540,356
2026-08-12 22:58:30,NBIS,259.2100,259.4000,259.1800,259.4000,20934.0000,259.3070,143
2026-08-12 22:58:35,NBIS,259.3800,259.4000,258.9600,258.9800,61888.0000,259.1440,380
2026-08-12 22:58:40,NBIS,258.9800,259.1000,258.9600,259.0200,30630.0000,259.0060,232
2026-08-12 22:58:45,NBIS,258.9900,258.9900,258.7500,258.7900,57495.0000,258.9020,382
2026-08-12 22:58:50,NBIS,258.7900,258.9300,258.7900,258.8200,50825.0000,258.8450,293
2026-08-12 22:58:55,NBIS,258.8500,258.9300,258.7900,258.9300,27507.0000,258.8690,176
2026-08-12 22:59:00,NBIS,258.9600,259.0000,258.5300,258.6200,77775.0000,258.8870,571
2026-08-12 22:59:05,NBIS,258.6600,258.7300,258.2700,258.5300,42456.0000,258.5170,261
2026-08-12 22:59:10,NBIS,258.5200,258.6300,258.4400,258.6100,40605.0000,258.5120,281
2026-08-12 22:59:15,NBIS,258.5900,258.8400,258.5900,258.8400,38889.0000,258.7160,249
2026-08-12 22:59:20,NBIS,258.8100,258.8400,258.6000,258.6400,53702.0000,258.7010,369
2026-08-12 22:59:25,NBIS,258.7100,258.7100,258.5900,258.6000,49570.0000,258.6230,383
2026-08-12 22:59:30,NBIS,258.6000,259.1000,258.6000,259.1000,52633.0000,258.8470,365
2026-08-12 22:59:35,NBIS,259.0700,259.1100,258.7600,258.9200,57359.0000,259.0090,446
2026-08-12 22:59:40,NBIS,258.9200,259.0000,258.7600,258.9900,28956.0000,258.8860,191
2026-08-12 22:59:45,NBIS,258.9200,259.2400,258.9200,259.2200,48536.0000,259.0650,304
2026-08-12 22:59:50,NBIS,259.2200,259.4400,259.0800,259.2700,58049.0000,259.2520,371
2026-08-12 22:59:55,NBIS,259.2800,259.3800,258.9100,259.1400,44456.0000,259.2520,250
