time,symbol,open,high,low,close,volume,wap,count
2026-08-05 16:30:00,NVDA,216.8500,217.2300,216.4000,216.8200,1841210.0000,217.0530,535
2026-08-05 16:30:05,NVDA,216.8000,217.1500,216.4300,216.8500,255253.0000,216.8460,1218
2026-08-05 16:30:10,NVDA,216.8200,217.7400,216.6500,217.5000,267482.0000,217.3550,1282
2026-08-05 16:30:15,NVDA,217.5000,217.7700,217.4300,217.7700,142999.0000,217.6610,662
2026-08-05 16:30:20,NVDA,217.7200,218.0000,217.5600,218.0000,275180.0000,217.9180,965
2026-08-05 16:30:25,NVDA,218.1000,218.4100,217.9800,218.3100,249461.0000,218.2050,1321
2026-08-05 16:30:30,NVDA,218.3200,218.8800,218.1600,218.7700,309107.0000,218.6330,1116
2026-08-05 16:30:35,NVDA,218.7700,219.0000,218.6900,218.8000,215324.0000,218.8660,873
2026-08-05 16:30:40,NVDA,218.8400,218.8800,218.1200,218.4900,91906.0000,218.5160,490
2026-08-05 16:30:45,NVDA,218.4700,219.0800,217.9200,217.9500,215476.0000,218.7000,737
2026-08-05 16:30:50,NVDA,218.0100,218.1100,217.5700,217.6000,95548.0000,217.8460,461
2026-08-05 16:30:55,NVDA,217.6000,217.9600,217.4400,217.9300,68853.0000,217.6540,364
2026-08-05 16:31:00,NVDA,217.9400,218.2500,217.8500,217.8800,147936.0000,218.0270,595
2026-08-05 16:31:05,NVDA,217.8500,218.4700,217.8500,218.4600,88877.0000,218.1250,349
2026-08-05 16:31:10,NVDA,218.4500,219.0500,218.3800,218.8700,136624.0000,218.8560,654
2026-08-05 16:31:15,NVDA,218.8700,219.0500,218.7200,218.9500,84858.0000,218.8530,396
2026-08-05 16:31:20,NVDA,218.9300,219.0000,218.5400,218.8800,83583.0000,218.7990,422
2026-08-05 16:31:25,NVDA,218.7700,218.9900,218.7500,218.9100,126800.0000,218.8800,433
2026-08-05 16:31:30,NVDA,218.9000,219.2800,218.8600,219.2400,130631.0000,219.1560,499
2026-08-05 16:31:35,NVDA,219.2500,219.3600,219.1500,219.2200,105455.0000,219.2550,536
2026-08-05 16:31:40,NVDA,219.2000,219.3300,218.9700,219.1300,70994.0000,219.1700,362
2026-08-05 16:31:45,NVDA,219.1000,219.2700,218.8000,219.2000,102977.0000,219.0250,453
2026-08-05 16:31:50,NVDA,219.2000,219.3700,219.0100,219.1400,108528.0000,219.2010,473
2026-08-05 16:31:55,NVDA,219.0900,219.3700,219.0700,219.1500,53848.0000,219.1790,242
2026-08-05 16:32:00,NVDA,219.1100,219.3900,218.9700,219.2900,81071.0000,219.1610,389
2026-08-05 16:32:05,NVDA,219.3200,219.6000,219.2600,219.5000,192476.0000,219.4270,713
2026-08-05 16:32:10,NVDA,219.4800,219.6000,219.0700,219.1800,107814.0000,219.4020,549
2026-08-05 16:32:15,NVDA,219.1500,219.3000,218.5400,218.5400,118544.0000,218.8640,487
2026-08-05 16:32:20,NVDA,218.5100,218.5400,218.1100,218.5400,231646.0000,218.2870,965
2026-08-05 16:32:25,NVDA,218.5100,218.8000,218.4100,218.7300,41500.0000,218.5360,222
2026-08-05 16:32:30,NVDA,218.7000,218.7900,218.5600,218.7600,58378.0000,218.6690,289
2026-08-05 16:32:35,NVDA,218.7400,218.7700,218.2300,218.4800,85180.0000,218.4270,411
2026-08-05 16:32:40,NVDA,218.4800,218.6800,218.4200,218.6400,59169.0000,218.5640,291
2026-08-05 16:32:45,NVDA,218.6500,218.6600,218.3100,218.5500,44646.0000,218.4920,229
2026-08-05 16:32:50,NVDA,218.5300,218.6600,218.4500,218.4500,34475.0000,218.5830,185
2026-08-05 16:32:55,NVDA,218.4700,218.5800,218.2000,218.5800,55987.0000,218.4410,326
2026-08-05 16:33:00,NVDA,218.5700,218.7500,218.5600,218.6900,47833.0000,218.6680,243
2026-08-05 16:33:05,NVDA,218.6800,218.7500,218.5900,218.7500,40906.0000,218.6600,205
2026-08-05 16:33:10,NVDA,218.7500,219.0000,218.6300,218.9300,152762.0000,218.8370,616
2026-08-05 16:33:15,NVDA,218.9300,219.0000,218.8300,218.9000,71794.0000,218.8970,310
2026-08-05 16:33:20,NVDA,218.8900,218.9200,218.7400,218.8500,57472.0000,218.8190,270
2026-08-05 16:33:25,NVDA,218.9000,218.9300,218.6000,218.7000,65755.0000,218.7490,304
2026-08-05 16:33:30,NVDA,218.7100,218.9400,218.6400,218.9300,117494.0000,218.7660,643
2026-08-05 16:33:35,NVDA,218.9200,218.9400,218.7000,218.8100,142117.0000,218.7920,515
2026-08-05 16:33:40,NVDA,218.8200,218.8400,218.4200,218.4500,76403.0000,218.6090,335
2026-08-05 16:33:45,NVDA,218.4500,218.5200,218.2900,218.3700,62618.0000,218.3970,302
2026-08-05 16:33:50,NVDA,218.3900,218.9300,218.3900,218.9300,55092.0000,218.6990,315
2026-08-05 16:33:55,NVDA,218.9200,218.9300,218.7000,218.8000,68704.0000,218.8250,310
2026-08-05 16:34:00,NVDA,218.8000,218.9700,218.7700,218.8100,90964.0000,218.8670,430
2026-08-05 16:34:05,NVDA,218.8000,218.8700,218.6000,218.8100,138144.0000,218.7460,770
2026-08-05 16:34:10,NVDA,218.8100,218.8300,218.6400,218.8200,78353.0000,218.7290,362
2026-08-05 16:34:15,NVDA,218.8200,218.8200,218.4600,218.6300,143573.0000,218.6280,459
2026-08-05 16:34:20,NVDA,218.6000,218.7600,218.5200,218.6500,99211.0000,218.6490,405
2026-08-05 16:34:25,NVDA,218.6600,218.8000,218.6300,218.7500,56946.0000,218.7320,302
2026-08-05 16:34:30,NVDA,218.7700,218.7700,218.5500,218.5900,87460.0000,218.6640,425
2026-08-05 16:34:35,NVDA,218.5600,218.6500,218.4300,218.4600,47220.0000,218.5350,229
2026-08-05 16:34:40,NVDA,218.4200,218.4400,217.9500,218.0700,120728.0000,218.1320,591
2026-08-05 16:34:45,NVDA,218.0700,218.2600,218.0300,218.1600,60855.0000,218.1480,360
2026-08-05 16:34:50,NVDA,218.1400,218.4200,218.0600,218.4000,69562.0000,218.1910,335
2026-08-05 16:34:55,NVDA,218.3800,218.5000,218.3200,218.3700,54025.0000,218.3940,277
2026-08-05 16:35:00,NVDA,218.3700,218.6600,218.2500,218.5600,124763.0000,218.4820,389
2026-08-05 16:35:05,NVDA,218.5500,218.7400,218.2700,218.3200,131749.0000,218.5690,631
2026-08-05 16:35:10,NVDA,218.3200,218.6800,218.2800,218.5100,73684.0000,218.5050,261
2026-08-05 16:35:15,NVDA,218.5300,218.5300,218.2600,218.3600,48923.0000,218.4350,204
2026-08-05 16:35:20,NVDA,218.3800,218.5200,218.3300,218.5000,51500.0000,218.4520,212
2026-08-05 16:35:25,NVDA,218.5000,218.7200,218.4900,218.7000,40389.0000,218.6210,185
2026-08-05 16:35:30,NVDA,218.7000,218.9000,218.5700,218.8100,95371.0000,218.7180,366
2026-08-05 16:35:35,NVDA,218.8000,219.1500,218.7900,219.0000,187363.0000,219.0340,756
2026-08-05 16:35:40,NVDA,218.9900,219.2900,218.9800,219.0000,144461.0000,219.0740,477
2026-08-05 16:35:45,NVDA,219.0000,219.0800,218.7000,218.9200,39896.0000,218.8580,197
2026-08-05 16:35:50,NVDA,218.9000,218.9600,218.8200,218.9400,51198.0000,218.8840,165
2026-08-05 16:35:55,NVDA,218.9600,218.9900,218.8500,218.9000,34958.0000,218.9210,184
2026-08-05 16:36:00,NVDA,218.9100,219.1900,218.9100,219.1500,54901.0000,219.1190,182
2026-08-05 16:36:05,NVDA,219.1500,219.3800,218.9200,219.2700,73228.0000,219.2680,309
2026-08-05 16:36:10,NVDA,219.2900,219.3200,219.1200,219.1900,83038.0000,219.2230,325
2026-08-05 16:36:15,NVDA,219.1900,219.5800,219.1800,219.5300,108993.0000,219.4120,371
2026-08-05 16:36:20,NVDA,219.5300,219.5900,219.3000,219.3600,62761.0000,219.4440,269
2026-08-05 16:36:25,NVDA,219.3400,219.3400,219.1400,219.2000,55445.0000,219.2270,229
2026-08-05 16:36:30,NVDA,219.2200,219.2500,218.9700,219.1600,52436.0000,219.1140,256
2026-08-05 16:36:35,NVDA,219.1700,219.2400,219.0800,219.1900,45801.0000,219.1510,238
2026-08-05 16:36:40,NVDA,219.1900,219.2100,219.0700,219.1600,35730.0000,219.1490,174
2026-08-05 16:36:45,NVDA,219.1300,219.1800,218.7000,218.9000,89801.0000,218.9010,386
2026-08-05 16:36:50,NVDA,218.8900,219.4200,218.8500,219.4100,75823.0000,219.1310,334
2026-08-05 16:36:55,NVDA,219.4000,219.4300,219.0600,219.2800,75204.0000,219.2150,315
2026-08-05 16:37:00,NVDA,219.2600,219.3100,218.9500,219.3100,51268.0000,219.1100,271
2026-08-05 16:37:05,NVDA,219.3300,219.5600,219.3000,219.5200,75272.0000,219.4520,381
2026-08-05 16:37:10,NVDA,219.5200,219.6000,219.3300,219.4000,96737.0000,219.4610,391
2026-08-05 16:37:15,NVDA,219.3800,219.4400,219.1700,219.3900,59691.0000,219.3570,285
2026-08-05 16:37:20,NVDA,219.3800,219.6300,219.3600,219.5200,97702.0000,219.5050,459
2026-08-05 16:37:25,NVDA,219.5100,219.6800,219.4900,219.6700,63733.0000,219.6100,265
2026-08-05 16:37:30,NVDA,219.6700,219.7900,219.6500,219.7300,142388.0000,219.7190,526
2026-08-05 16:37:35,NVDA,219.7400,219.7800,219.6500,219.7200,67120.0000,219.7200,275
2026-08-05 16:37:40,NVDA,219.7400,219.8500,219.5800,219.8300,107737.0000,219.7320,502
2026-08-05 16:37:45,NVDA,219.8300,219.9000,219.7000,219.7800,87444.0000,219.8220,318
2026-08-05 16:37:50,NVDA,219.7700,219.9300,219.7300,219.8900,128322.0000,219.8440,398
2026-08-05 16:37:55,NVDA,219.8700,219.9500,219.7300,219.7800,86307.0000,219.8870,384
2026-08-05 16:38:00,NVDA,219.7900,219.9400,219.7400,219.8700,64587.0000,219.8730,286
2026-08-05 16:38:05,NVDA,219.8900,219.9900,219.8100,219.9900,153175.0000,219.9560,423
2026-08-05 16:38:10,NVDA,219.9800,220.2100,219.9600,220.2000,219740.0000,220.0460,742
2026-08-05 16:38:15,NVDA,220.1800,220.3700,220.1500,220.2900,152770.0000,220.2890,639
2026-08-05 16:38:20,NVDA,220.2900,220.3000,219.9700,220.1000,112560.0000,220.1070,500
2026-08-05 16:38:25,NVDA,220.0800,220.2200,219.9000,220.1200,97328.0000,220.0740,471
2026-08-05 16:38:30,NVDA,220.1200,220.3600,220.0900,220.3600,80625.0000,220.2720,335
2026-08-05 16:38:35,NVDA,220.3500,220.5200,220.3400,220.4000,135802.0000,220.4450,449
2026-08-05 16:38:40,NVDA,220.4200,220.6100,220.2600,220.5100,140879.0000,220.4100,526
2026-08-05 16:38:45,NVDA,220.5100,220.6400,220.4900,220.6000,101326.0000,220.5700,389
2026-08-05 16:38:50,NVDA,220.6000,220.7000,220.3600,220.4000,112998.0000,220.5170,500
2026-08-05 16:38:55,NVDA,220.4100,220.5600,220.3300,220.5400,80179.0000,220.4430,323
2026-08-05 16:39:00,NVDA,220.5100,220.6600,220.4600,220.4700,103982.0000,220.5650,371
2026-08-05 16:39:05,NVDA,220.4900,220.5600,220.3300,220.3500,71241.0000,220.4770,363
2026-08-05 16:39:10,NVDA,220.3400,220.5600,220.3000,220.4600,109837.0000,220.4170,396
2026-08-05 16:39:15,NVDA,220.4300,220.5800,220.3500,220.5700,94126.0000,220.4900,419
2026-08-05 16:39:20,NVDA,220.5700,220.7600,220.5400,220.7200,108208.0000,220.6650,411
2026-08-05 16:39:25,NVDA,220.7300,220.8000,220.5800,220.6300,60974.0000,220.6780,265
2026-08-05 16:39:30,NVDA,220.6400,220.7200,220.4700,220.5400,94577.0000,220.6210,362
2026-08-05 16:39:35,NVDA,220.5500,220.8000,220.5200,220.7700,86283.0000,220.6540,293
2026-08-05 16:39:40,NVDA,220.7800,220.9500,220.7300,220.8200,145276.0000,220.8360,551
2026-08-05 16:39:45,NVDA,220.8500,220.9300,220.6300,220.9100,64507.0000,220.7630,262
2026-08-05 16:39:50,NVDA,220.8900,221.1100,220.8300,221.0400,154357.0000,220.9750,640
2026-08-05 16:39:55,NVDA,221.0100,221.0800,220.9100,221.0100,61706.0000,221.0010,303
2026-08-05 16:40:00,NVDA,220.9900,221.1300,220.9000,221.0900,90708.0000,221.0370,374
2026-08-05 16:40:05,NVDA,221.0600,221.1800,221.0200,221.0600,102638.0000,221.0970,418
2026-08-05 16:40:10,NVDA,221.0700,221.2600,220.9800,221.2100,90820.0000,221.1280,379
2026-08-05 16:40:15,NVDA,221.2200,221.2600,221.0800,221.1400,66206.0000,221.1720,265
2026-08-05 16:40:20,NVDA,221.1400,221.4700,221.0900,221.3900,77189.0000,221.2880,326
2026-08-05 16:40:25,NVDA,221.4400,221.4700,221.3600,221.4400,64805.0000,221.4180,296
2026-08-05 16:40:30,NVDA,221.4400,221.4900,221.3600,221.4200,61196.0000,221.4290,254
2026-08-05 16:40:35,NVDA,221.4000,221.4800,221.3600,221.4400,72710.0000,221.4230,319
2026-08-05 16:40:40,NVDA,221.4000,221.5000,221.3500,221.4000,86276.0000,221.4250,372
2026-08-05 16:40:45,NVDA,221.4300,221.5000,221.4000,221.4900,71733.0000,221.4550,273
2026-08-05 16:40:50,NVDA,221.4900,221.7700,221.4900,221.6400,122149.0000,221.6320,523
2026-08-05 16:40:55,NVDA,221.6300,221.6400,221.5000,221.5000,77164.0000,221.5940,378
2026-08-05 16:41:00,NVDA,221.4900,221.5500,221.0700,221.0700,117740.0000,221.3580,497
2026-08-05 16:41:05,NVDA,221.0700,221.2300,221.0200,221.1300,93632.0000,221.1120,375
2026-08-05 16:41:10,NVDA,221.1100,221.1400,220.9600,221.0900,120134.0000,221.0410,584
2026-08-05 16:41:15,NVDA,221.0800,221.4100,221.0800,221.3900,95001.0000,221.2100,503
2026-08-05 16:41:20,NVDA,221.3900,221.5000,221.1500,221.1800,100982.0000,221.3500,504
2026-08-05 16:41:25,NVDA,221.1500,221.2900,221.0500,221.2500,87768.0000,221.1880,414
2026-08-05 16:41:30,NVDA,221.2200,221.3600,221.1800,221.2800,43819.0000,221.2850,191
2026-08-05 16:41:35,NVDA,221.3000,221.6100,221.3000,221.5400,93732.0000,221.4770,407
2026-08-05 16:41:40,NVDA,221.5400,221.6300,221.4500,221.6200,70332.0000,221.5460,294
2026-08-05 16:41:45,NVDA,221.6000,221.6500,221.3000,221.3200,56301.0000,221.5600,262
2026-08-05 16:41:50,NVDA,221.3400,221.5000,221.2600,221.4700,46767.0000,221.3530,188
2026-08-05 16:41:55,NVDA,221.4700,221.6300,221.4000,221.6300,83829.0000,221.4750,362
2026-08-05 16:42:00,NVDA,221.6100,221.6200,221.2700,221.3800,69225.0000,221.4590,292
2026-08-05 16:42:05,NVDA,221.3600,221.4000,221.2600,221.3200,39677.0000,221.3300,174
2026-08-05 16:42:10,NVDA,221.3400,221.3700,221.0600,221.0900,53652.0000,221.1930,252
2026-08-05 16:42:15,NVDA,221.0800,221.1100,220.9400,221.0500,82267.0000,221.0060,324
2026-08-05 16:42:20,NVDA,221.0500,221.1500,220.9000,220.9800,64081.0000,221.0260,266
2026-08-05 16:42:25,NVDA,220.9900,221.0100,220.8700,220.8700,47794.0000,220.9400,189
2026-08-05 16:42:30,NVDA,220.8700,220.9200,220.7300,220.7500,54908.0000,220.8480,190
2026-08-05 16:42:35,NVDA,220.7700,220.8900,220.7400,220.8300,53999.0000,220.8280,226
2026-08-05 16:42:40,NVDA,220.8400,220.9300,220.8300,220.9000,43518.0000,220.8820,200
2026-08-05 16:42:45,NVDA,220.9300,220.9700,220.7500,220.7500,50560.0000,220.8620,241
2026-08-05 16:42:50,NVDA,220.7500,220.8300,220.6800,220.7600,56496.0000,220.7730,253
2026-08-05 16:42:55,NVDA,220.7400,220.8600,220.6800,220.8400,52412.0000,220.7610,215
2026-08-05 16:43:00,NVDA,220.8500,220.9500,220.8000,220.8400,48328.0000,220.8790,224
2026-08-05 16:43:05,NVDA,220.8400,220.8400,220.7000,220.7900,58584.0000,220.7600,201
2026-08-05 16:43:10,NVDA,220.7500,220.7900,220.5500,220.5900,60561.0000,220.6380,277
2026-08-05 16:43:15,NVDA,220.6000,220.6400,220.5100,220.5900,78270.0000,220.5660,231
2026-08-05 16:43:20,NVDA,220.5200,220.5800,220.5000,220.5600,32872.0000,220.5300,142
2026-08-05 16:43:25,NVDA,220.5500,220.5900,220.5000,220.5100,32328.0000,220.5230,138
2026-08-05 16:43:30,NVDA,220.5100,220.5900,220.4700,220.5000,34930.0000,220.5130,172
2026-08-05 16:43:35,NVDA,220.4800,220.5100,220.3200,220.3600,61828.0000,220.4020,276
2026-08-05 16:43:40,NVDA,220.3600,220.3600,220.2200,220.2700,55854.0000,220.2620,251
2026-08-05 16:43:45,NVDA,220.2600,220.3200,220.0600,220.1900,58239.0000,220.1900,235
2026-08-05 16:43:50,NVDA,220.1900,220.2800,220.1800,220.2600,36335.0000,220.2300,185
2026-08-05 16:43:55,NVDA,220.2400,220.4000,220.2400,220.3900,46196.0000,220.3460,197
2026-08-05 16:44:00,NVDA,220.3700,220.3900,220.2500,220.2700,33480.0000,220.3230,139
2026-08-05 16:44:05,NVDA,220.2700,220.3200,220.1900,220.2400,33333.0000,220.2450,139
2026-08-05 16:44:10,NVDA,220.2300,220.2300,220.1100,220.1200,34505.0000,220.1850,175
2026-08-05 16:44:15,NVDA,220.1400,220.1800,220.0600,220.1000,43029.0000,220.1220,243
2026-08-05 16:44:20,NVDA,220.1200,220.1200,219.9500,220.1000,78306.0000,220.0290,412
2026-08-05 16:44:25,NVDA,220.1000,220.1300,220.0200,220.1200,49612.0000,220.0960,220
2026-08-05 16:44:30,NVDA,220.1100,220.1100,219.9900,220.0700,30867.0000,220.0610,132
2026-08-05 16:44:35,NVDA,220.0400,220.1400,220.0200,220.1100,33554.0000,220.0850,155
2026-08-05 16:44:40,NVDA,220.1300,220.1700,220.0400,220.1700,35069.0000,220.0880,192
2026-08-05 16:44:45,NVDA,220.1500,220.1800,220.0700,220.1000,35559.0000,220.1180,155
2026-08-05 16:44:50,NVDA,220.0800,220.1100,220.0200,220.0500,22826.0000,220.0590,133
2026-08-05 16:44:55,NVDA,220.0500,220.0500,219.8100,219.9200,81573.0000,219.9300,386
2026-08-05 16:45:00,NVDA,219.9000,219.9600,219.6700,219.7300,83673.0000,219.7680,401
2026-08-05 16:45:05,NVDA,219.7600,219.9000,219.7200,219.8900,57937.0000,219.8210,274
2026-08-05 16:45:10,NVDA,219.8700,219.9400,219.7800,219.7800,60050.0000,219.8710,233
2026-08-05 16:45:15,NVDA,219.7700,219.8000,219.4000,219.4200,106644.0000,219.5440,489
2026-08-05 16:45:20,NVDA,219.4100,219.4400,219.1800,219.2400,40840.0000,219.3030,166
2026-08-05 16:45:25,NVDA,219.2400,219.2900,219.0600,219.2200,91881.0000,219.1800,360
2026-08-05 16:45:30,NVDA,219.2300,219.2500,219.1600,219.2300,55297.0000,219.2030,219
2026-08-05 16:45:35,NVDA,219.2100,219.2900,219.1700,219.1700,52199.0000,219.2330,193
2026-08-05 16:45:40,NVDA,219.1900,219.2200,219.1500,219.1700,37747.0000,219.1930,143
2026-08-05 16:45:45,NVDA,219.1800,219.2100,219.0900,219.1000,37781.0000,219.1280,203
2026-08-05 16:45:50,NVDA,219.1100,219.2000,218.8600,218.9800,128548.0000,219.0500,572
2026-08-05 16:45:55,NVDA,218.9100,219.0300,218.8600,219.0300,57884.0000,218.9440,229
2026-08-05 16:46:00,NVDA,219.0100,219.1700,218.9200,219.0000,64627.0000,219.0350,273
2026-08-05 16:46:05,NVDA,218.9300,219.1100,218.9300,219.0700,24594.0000,219.0380,116
2026-08-05 16:46:10,NVDA,219.0800,219.1100,219.0400,219.0700,20055.0000,219.0710,121
2026-08-05 16:46:15,NVDA,219.0700,219.1800,219.0600,219.1300,44045.0000,219.1350,181
2026-08-05 16:46:20,NVDA,219.1400,219.2000,219.0800,219.1200,53315.0000,219.1360,233
2026-08-05 16:46:25,NVDA,219.1100,219.2400,219.1000,219.2000,54580.0000,219.1860,253
2026-08-05 16:46:30,NVDA,219.1800,219.4800,219.1700,219.4400,75307.0000,219.3270,321
2026-08-05 16:46:35,NVDA,219.4600,219.6000,219.4400,219.5600,52638.0000,219.5110,238
2026-08-05 16:46:40,NVDA,219.5800,219.6700,219.4600,219.6700,69776.0000,219.5820,285
2026-08-05 16:46:45,NVDA,219.6900,219.6900,219.5100,219.5400,90971.0000,219.6260,229
2026-08-05 16:46:50,NVDA,219.5600,219.8100,219.4800,219.7900,55576.0000,219.5950,240
2026-08-05 16:46:55,NVDA,219.7800,219.8000,219.6700,219.7100,38024.0000,219.7390,171
2026-08-05 16:47:00,NVDA,219.7100,219.7100,219.5600,219.5900,53858.0000,219.6210,222
2026-08-05 16:47:05,NVDA,219.5600,219.8900,219.5600,219.8100,56437.0000,219.7740,267
2026-08-05 16:47:10,NVDA,219.8300,219.9500,219.7800,219.9000,37261.0000,219.8570,141
2026-08-05 16:47:15,NVDA,219.9000,219.9300,219.8400,219.9000,53172.0000,219.8720,166
2026-08-05 16:47:20,NVDA,219.9100,220.0800,219.9000,220.0700,110372.0000,219.9810,456
2026-08-05 16:47:25,NVDA,220.0700,220.4900,220.0000,220.2800,117213.0000,220.3360,568
2026-08-05 16:47:30,NVDA,220.2800,220.3600,220.2200,220.3400,55129.0000,220.2920,273
2026-08-05 16:47:35,NVDA,220.3500,220.6000,220.3000,220.5400,88918.0000,220.5080,459
2026-08-05 16:47:40,NVDA,220.5600,220.6600,220.5000,220.6000,66053.0000,220.5510,292
2026-08-05 16:47:45,NVDA,220.5700,220.6800,220.4900,220.5500,71765.0000,220.5730,318
2026-08-05 16:47:50,NVDA,220.5300,220.6700,220.5200,220.6400,59840.0000,220.6000,294
2026-08-05 16:47:55,NVDA,220.6400,220.7400,220.6100,220.7100,124849.0000,220.6970,482
2026-08-05 16:48:00,NVDA,220.7000,220.8500,220.6400,220.8500,81826.0000,220.7300,268
2026-08-05 16:48:05,NVDA,220.8600,220.8700,220.7700,220.8300,52221.0000,220.8210,250
2026-08-05 16:48:10,NVDA,220.8100,220.8800,220.7800,220.8400,56713.0000,220.8370,287
2026-08-05 16:48:15,NVDA,220.8400,220.9500,220.7700,220.8900,82961.0000,220.8490,428
2026-08-05 16:48:20,NVDA,220.8700,220.9000,220.6700,220.6900,79225.0000,220.8200,441
2026-08-05 16:48:25,NVDA,220.8500,220.8600,220.3300,220.3800,68561.0000,220.5040,271
2026-08-05 16:48:30,NVDA,220.4000,220.4100,220.1500,220.3300,179666.0000,220.3630,270
2026-08-05 16:48:35,NVDA,220.3400,220.4500,220.2300,220.4400,31652.0000,220.3210,170
2026-08-05 16:48:40,NVDA,220.4400,220.5600,220.4200,220.4900,23855.0000,220.4830,130
2026-08-05 16:48:45,NVDA,220.4900,220.6500,220.4700,220.6500,41452.0000,220.5650,164
2026-08-05 16:48:50,NVDA,220.6400,220.8000,220.6200,220.7200,36587.0000,220.7030,224
2026-08-05 16:48:55,NVDA,220.7200,220.7400,220.6200,220.7400,47028.0000,220.6780,208
2026-08-05 16:49:00,NVDA,220.7200,220.8100,220.6800,220.7200,57994.0000,220.7410,249
2026-08-05 16:49:05,NVDA,220.7200,220.7900,220.6700,220.7300,80398.0000,220.7230,327
2026-08-05 16:49:10,NVDA,220.7100,220.7800,220.6800,220.7000,40853.0000,220.7290,218
2026-08-05 16:49:15,NVDA,220.7200,220.7200,220.5000,220.5900,53349.0000,220.6230,236
2026-08-05 16:49:20,NVDA,220.6000,220.6000,220.4800,220.5800,27239.0000,220.5320,171
2026-08-05 16:49:25,NVDA,220.6000,220.6200,220.4700,220.5100,26480.0000,220.5450,135
2026-08-05 16:49:30,NVDA,220.5200,220.6200,220.5000,220.5400,40499.0000,220.5550,202
2026-08-05 16:49:35,NVDA,220.5100,220.5200,220.3900,220.4400,35182.0000,220.4530,113
2026-08-05 16:49:40,NVDA,220.4500,220.4800,220.4000,220.4300,20294.0000,220.4380,87
2026-08-05 16:49:45,NVDA,220.4400,220.4700,220.3500,220.4200,29411.0000,220.4060,157
2026-08-05 16:49:50,NVDA,220.3800,220.6200,220.3800,220.6200,52028.0000,220.5250,248
2026-08-05 16:49:55,NVDA,220.5800,220.7500,220.5600,220.5800,64936.0000,220.6500,356
2026-08-05 16:50:00,NVDA,220.5700,220.6900,220.5400,220.5900,30270.0000,220.5900,178
2026-08-05 16:50:05,NVDA,220.6200,220.6500,220.1000,220.3000,59350.0000,220.5300,321
2026-08-05 16:50:10,NVDA,220.2500,220.4100,220.0700,220.1100,53946.0000,220.1930,293
2026-08-05 16:50:15,NVDA,220.0900,220.1200,219.9300,219.9900,48728.0000,220.0140,228
2026-08-05 16:50:20,NVDA,220.0000,220.0500,219.9300,219.9500,21647.0000,219.9980,115
2026-08-05 16:50:25,NVDA,219.9700,220.0000,219.7000,219.7900,40068.0000,219.8260,187
2026-08-05 16:50:30,NVDA,219.7800,219.8800,219.7400,219.7400,39697.0000,219.8100,187
2026-08-05 16:50:35,NVDA,219.7500,219.8200,219.5800,219.6300,21055.0000,219.6720,114
2026-08-05 16:50:40,NVDA,219.6300,219.6900,219.5700,219.6100,24999.0000,219.6330,129
2026-08-05 16:50:45,NVDA,219.5900,219.8000,219.5300,219.7400,62723.0000,219.6270,170
2026-08-05 16:50:50,NVDA,219.7300,219.8200,219.7000,219.7900,30959.0000,219.7380,129
2026-08-05 16:50:55,NVDA,219.7700,219.8400,219.7200,219.7700,26554.0000,219.7670,145
2026-08-05 16:51:00,NVDA,219.7400,219.7700,219.6100,219.6900,27934.0000,219.6950,163
2026-08-05 16:51:05,NVDA,219.6600,219.6800,219.4700,219.6700,36418.0000,219.5650,173
2026-08-05 16:51:10,NVDA,219.6400,219.7400,219.5000,219.6500,21624.0000,219.6490,123
2026-08-05 16:51:15,NVDA,219.6500,219.7900,219.6300,219.7800,27114.0000,219.6890,150
2026-08-05 16:51:20,NVDA,219.7600,219.8200,219.7000,219.7200,40330.0000,219.7470,196
2026-08-05 16:51:25,NVDA,219.7000,219.7300,219.6000,219.6900,26312.0000,219.6570,92
2026-08-05 16:51:30,NVDA,219.6800,219.7700,219.6800,219.7100,38467.0000,219.7210,209
2026-08-05 16:51:35,NVDA,219.7100,219.8600,219.6900,219.7200,23127.0000,219.7750,126
2026-08-05 16:51:40,NVDA,219.7200,219.7300,219.5400,219.5700,33400.0000,219.6220,176
2026-08-05 16:51:45,NVDA,219.6400,219.7400,219.5400,219.6900,23175.0000,219.6160,105
2026-08-05 16:51:50,NVDA,219.6600,219.8100,219.6400,219.7200,20978.0000,219.7340,98
2026-08-05 16:51:55,NVDA,219.7200,219.7800,219.6800,219.6900,21865.0000,219.7200,128
2026-08-05 16:52:00,NVDA,219.6900,219.7200,219.6000,219.7000,18147.0000,219.6580,89
2026-08-05 16:52:05,NVDA,219.7100,219.8800,219.7100,219.7400,44505.0000,219.7910,125
2026-08-05 16:52:10,NVDA,219.7600,219.8300,219.7000,219.7900,26429.0000,219.7590,93
2026-08-05 16:52:15,NVDA,219.8000,219.8300,219.7300,219.7800,15886.0000,219.7780,73
2026-08-05 16:52:20,NVDA,219.7800,219.9500,219.7700,219.8700,21331.0000,219.8710,82
2026-08-05 16:52:25,NVDA,219.9300,219.9500,219.8200,219.9100,33173.0000,219.8970,197
2026-08-05 16:52:30,NVDA,219.8900,219.9000,219.7800,219.8400,17848.0000,219.8430,92
2026-08-05 16:52:35,NVDA,219.8700,219.9200,219.7800,219.9200,51051.0000,219.8190,215
2026-08-05 16:52:40,NVDA,219.9300,219.9900,219.8600,219.9900,47203.0000,219.9210,176
2026-08-05 16:52:45,NVDA,219.9700,220.1000,219.9100,219.9900,66010.0000,220.0030,214
2026-08-05 16:52:50,NVDA,220.0000,220.0900,219.9500,220.0500,48883.0000,220.0220,175
2026-08-05 16:52:55,NVDA,220.0500,220.1700,220.0200,220.0600,41628.0000,220.0870,120
2026-08-05 16:53:00,NVDA,220.0400,220.0900,219.7900,219.9000,52308.0000,219.9080,244
2026-08-05 16:53:05,NVDA,219.9000,219.9600,219.8000,219.8700,19113.0000,219.8650,78
2026-08-05 16:53:10,NVDA,219.8800,219.9000,219.7900,219.8000,17138.0000,219.8520,92
2026-08-05 16:53:15,NVDA,219.8000,219.9100,219.8000,219.8800,28838.0000,219.8760,121
2026-08-05 16:53:20,NVDA,219.8800,219.9700,219.8000,219.8600,56887.0000,219.8480,147
2026-08-05 16:53:25,NVDA,219.8600,220.2300,219.8200,220.2300,89323.0000,219.9470,351
2026-08-05 16:53:30,NVDA,220.2300,220.3500,220.1200,220.2300,64877.0000,220.2200,293
2026-08-05 16:53:35,NVDA,220.2200,220.2700,220.0700,220.2600,41178.0000,220.1830,168
2026-08-05 16:53:40,NVDA,220.2600,220.2900,220.0700,220.1500,41275.0000,220.1840,189
2026-08-05 16:53:45,NVDA,220.1500,220.1600,219.9500,219.9900,29644.0000,220.0410,168
2026-08-05 16:53:50,NVDA,219.9800,220.0400,219.9200,219.9400,22308.0000,219.9880,113
2026-08-05 16:53:55,NVDA,219.9000,219.9800,219.8800,219.9600,24273.0000,219.9230,100
2026-08-05 16:54:00,NVDA,219.9500,220.0000,219.9000,219.9400,50421.0000,219.9820,162
2026-08-05 16:54:05,NVDA,219.9400,220.0000,219.8900,219.9000,17605.0000,219.9560,89
2026-08-05 16:54:10,NVDA,219.8800,219.9000,219.8600,219.8900,9607.0000,219.8790,60
2026-08-05 16:54:15,NVDA,219.8900,219.9100,219.7100,219.7800,37452.0000,219.7960,169
2026-08-05 16:54:20,NVDA,219.7700,219.7800,219.6900,219.7200,27575.0000,219.7220,113
2026-08-05 16:54:25,NVDA,219.7100,219.7100,219.4100,219.4500,40874.0000,219.5770,195
2026-08-05 16:54:30,NVDA,219.4300,219.5500,219.3700,219.4700,36182.0000,219.4740,186
2026-08-05 16:54:35,NVDA,219.4700,219.5300,219.4200,219.4500,21944.0000,219.4890,126
2026-08-05 16:54:40,NVDA,219.4500,219.6100,219.4500,219.5300,27559.0000,219.5480,128
2026-08-05 16:54:45,NVDA,219.5000,219.6500,219.4500,219.4900,48489.0000,219.5090,197
2026-08-05 16:54:50,NVDA,219.5000,219.7600,219.4900,219.7500,41689.0000,219.6100,169
2026-08-05 16:54:55,NVDA,219.7500,219.8400,219.6900,219.8000,38353.0000,219.7730,182
2026-08-05 16:55:00,NVDA,219.8000,219.8000,219.6700,219.6900,12115.0000,219.7390,59
2026-08-05 16:55:05,NVDA,219.6800,219.7800,219.6200,219.6200,32104.0000,219.7120,140
2026-08-05 16:55:10,NVDA,219.6300,219.6400,219.5100,219.5800,23296.0000,219.5770,100
2026-08-05 16:55:15,NVDA,219.5900,219.6100,219.4300,219.4800,26774.0000,219.5470,99
2026-08-05 16:55:20,NVDA,219.4900,219.5700,219.4400,219.5100,21980.0000,219.5260,105
2026-08-05 16:55:25,NVDA,219.5200,219.6100,219.5000,219.5600,31648.0000,219.5580,134
2026-08-05 16:55:30,NVDA,219.5700,219.6600,219.5300,219.6200,35674.0000,219.5960,113
2026-08-05 16:55:35,NVDA,219.6000,219.6400,219.5300,219.6100,14181.0000,219.5830,59
2026-08-05 16:55:40,NVDA,219.5900,219.6900,219.5700,219.5700,56719.0000,219.6070,240
2026-08-05 16:55:45,NVDA,219.5800,219.7100,219.5800,219.6900,18012.0000,219.6590,93
2026-08-05 16:55:50,NVDA,219.6800,219.7400,219.6500,219.7200,20151.0000,219.6990,114
2026-08-05 16:55:55,NVDA,219.7100,219.7300,219.6500,219.6900,19020.0000,219.6880,89
2026-08-05 16:56:00,NVDA,219.6900,219.8000,219.6900,219.7300,56208.0000,219.7200,161
2026-08-05 16:56:05,NVDA,219.7200,219.7600,219.6200,219.6400,13612.0000,219.6980,85
2026-08-05 16:56:10,NVDA,219.6700,219.7000,219.6000,219.6200,15887.0000,219.6370,91
2026-08-05 16:56:15,NVDA,219.6100,219.6600,219.5200,219.6300,34889.0000,219.5890,129
2026-08-05 16:56:20,NVDA,219.6200,219.6700,219.4600,219.5000,20535.0000,219.5330,108
2026-08-05 16:56:25,NVDA,219.4800,219.7800,219.4700,219.6700,48347.0000,219.5780,204
2026-08-05 16:56:30,NVDA,219.6700,219.7500,219.6600,219.7500,9497.0000,219.7060,52
2026-08-05 16:56:35,NVDA,219.7600,219.7600,219.6200,219.6400,14431.0000,219.7180,73
2026-08-05 16:56:40,NVDA,219.6200,219.6800,219.5900,219.5900,17576.0000,219.6450,70
2026-08-05 16:56:45,NVDA,219.5900,219.6100,219.4900,219.5200,47229.0000,219.5390,206
2026-08-05 16:56:50,NVDA,219.5300,219.5600,219.4700,219.4900,11055.0000,219.5150,75
2026-08-05 16:56:55,NVDA,219.4900,219.5100,219.4600,219.5000,9549.0000,219.4830,46
2026-08-05 16:57:00,NVDA,219.4900,219.5800,219.4700,219.5500,15830.0000,219.5190,52
2026-08-05 16:57:05,NVDA,219.5600,219.6200,219.5300,219.5300,25400.0000,219.5700,79
2026-08-05 16:57:10,NVDA,219.5400,219.7500,219.5400,219.7400,40624.0000,219.6180,103
2026-08-05 16:57:15,NVDA,219.7300,219.9800,219.7300,219.9600,58389.0000,219.8600,272
2026-08-05 16:57:20,NVDA,219.9700,220.0500,219.9000,220.0000,130562.0000,219.9780,344
2026-08-05 16:57:25,NVDA,219.9700,220.0900,219.9000,220.0800,57661.0000,220.0230,263
2026-08-05 16:57:30,NVDA,220.0800,220.1900,220.0700,220.1300,52709.0000,220.1350,269
2026-08-05 16:57:35,NVDA,220.1300,220.2500,220.0900,220.1900,38656.0000,220.1600,183
2026-08-05 16:57:40,NVDA,220.1900,220.4400,220.1300,220.4400,46320.0000,220.2920,229
2026-08-05 16:57:45,NVDA,220.4400,220.4900,220.3500,220.3600,66056.0000,220.4470,222
2026-08-05 16:57:50,NVDA,220.3600,220.5000,220.3300,220.4900,53817.0000,220.4270,175
2026-08-05 16:57:55,NVDA,220.4700,220.4800,220.4000,220.4600,12514.0000,220.4410,61
2026-08-05 16:58:00,NVDA,220.4500,220.5400,220.4000,220.5200,64120.0000,220.4990,217
2026-08-05 16:58:05,NVDA,220.5100,220.5600,220.4100,220.4500,50280.0000,220.4940,292
2026-08-05 16:58:10,NVDA,220.4600,220.5300,220.4500,220.4900,16962.0000,220.4850,84
2026-08-05 16:58:15,NVDA,220.4900,220.7200,220.4400,220.6900,58839.0000,220.6160,251
2026-08-05 16:58:20,NVDA,220.6900,220.7900,220.6900,220.7600,47264.0000,220.7520,235
2026-08-05 16:58:25,NVDA,220.7800,220.9200,220.7500,220.9000,61474.0000,220.8600,271
2026-08-05 16:58:30,NVDA,220.9000,220.9100,220.8300,220.8400,26282.0000,220.8580,131
2026-08-05 16:58:35,NVDA,220.8600,220.8900,220.8300,220.8600,49410.0000,220.8540,275
2026-08-05 16:58:40,NVDA,220.8500,220.8800,220.8300,220.8700,27691.0000,220.8470,102
2026-08-05 16:58:45,NVDA,220.8700,220.8800,220.8400,220.8700,27671.0000,220.8580,88
2026-08-05 16:58:50,NVDA,220.8800,220.9900,220.8400,220.9700,45640.0000,220.9290,212
2026-08-05 16:58:55,NVDA,220.9700,221.1700,220.9500,221.1700,149679.0000,221.0080,426
2026-08-05 16:59:00,NVDA,221.1700,221.2500,221.1200,221.2200,112066.0000,221.1800,521
2026-08-05 16:59:05,NVDA,221.2300,221.2900,221.1800,221.2800,53231.0000,221.2410,212
2026-08-05 16:59:10,NVDA,221.2700,221.2900,221.2000,221.2400,29553.0000,221.2380,110
2026-08-05 16:59:15,NVDA,221.2300,221.3500,221.2100,221.2900,49088.0000,221.2840,186
2026-08-05 16:59:20,NVDA,221.2900,221.3400,221.2400,221.2800,43239.0000,221.2800,192
2026-08-05 16:59:25,NVDA,221.2700,221.2700,221.1200,221.1500,48671.0000,221.1970,223
2026-08-05 16:59:30,NVDA,221.1500,221.1900,221.0000,221.0600,58007.0000,221.0970,214
2026-08-05 16:59:35,NVDA,221.0700,221.1400,221.0000,221.1000,77408.0000,221.0390,231
2026-08-05 16:59:40,NVDA,221.0800,221.1200,221.0400,221.0700,28040.0000,221.0730,89
2026-08-05 16:59:45,NVDA,221.0600,221.2100,221.0400,221.2000,29614.0000,221.1200,140
2026-08-05 16:59:50,NVDA,221.2200,221.2700,221.1900,221.2300,38795.0000,221.2390,164
2026-08-05 16:59:55,NVDA,221.2300,221.2400,221.1300,221.1600,31507.0000,221.1850,118
2026-08-05 17:00:00,NVDA,221.1600,221.1700,220.8500,220.9600,103613.0000,221.0290,398
2026-08-05 17:00:05,NVDA,220.9500,221.2000,220.9500,221.0300,81923.0000,221.0420,266
2026-08-05 17:00:10,NVDA,221.0200,221.1400,220.8300,220.8600,32519.0000,220.9970,172
2026-08-05 17:00:15,NVDA,220.8700,220.9100,220.7100,220.7500,48895.0000,220.8000,189
2026-08-05 17:00:20,NVDA,220.7100,220.8600,220.7100,220.7200,36532.0000,220.7650,172
2026-08-05 17:00:25,NVDA,220.7200,220.7800,220.6700,220.6800,36997.0000,220.7260,171
2026-08-05 17:00:30,NVDA,220.6700,220.9300,220.5700,220.7900,33271.0000,220.7810,200
2026-08-05 17:00:35,NVDA,220.7800,220.9800,220.6900,220.9400,33967.0000,220.8380,181
2026-08-05 17:00:40,NVDA,220.9300,221.0000,220.7700,220.7700,42967.0000,220.9030,246
2026-08-05 17:00:45,NVDA,220.7700,221.0200,220.7700,220.9800,26809.0000,220.9230,139
2026-08-05 17:00:50,NVDA,220.9500,221.0300,220.9100,221.0100,28799.0000,220.9780,149
2026-08-05 17:00:55,NVDA,220.9900,221.1400,220.9800,221.1200,42740.0000,221.0570,196
2026-08-05 17:01:00,NVDA,221.0900,221.1700,220.9600,221.0300,54682.0000,221.0570,243
2026-08-05 17:01:05,NVDA,221.0000,221.0200,220.9200,221.0200,26440.0000,220.9670,129
2026-08-05 17:01:10,NVDA,221.0200,221.0200,220.9100,220.9700,18678.0000,220.9630,105
2026-08-05 17:01:15,NVDA,220.9700,221.1600,220.9500,221.0800,34853.0000,221.0740,183
2026-08-05 17:01:20,NVDA,221.1100,221.1100,220.9600,221.0800,24434.0000,221.0510,133
2026-08-05 17:01:25,NVDA,221.0800,221.0800,220.8300,220.8700,27980.0000,220.9500,147
2026-08-05 17:01:30,NVDA,220.8600,220.9100,220.7800,220.8300,15232.0000,220.8490,85
2026-08-05 17:01:35,NVDA,220.8400,221.0400,220.8400,220.9300,33502.0000,220.9210,131
2026-08-05 17:01:40,NVDA,220.9200,221.0700,220.9000,220.9300,27922.0000,220.9840,150
2026-08-05 17:01:45,NVDA,220.9300,221.0000,220.9100,221.0000,18926.0000,220.9510,91
2026-08-05 17:01:50,NVDA,220.9900,220.9900,220.8100,220.8500,25998.0000,220.8970,122
2026-08-05 17:01:55,NVDA,220.8600,220.9600,220.8500,220.9500,10195.0000,220.8900,61
2026-08-05 17:02:00,NVDA,220.9500,220.9500,220.7500,220.8400,27747.0000,220.8440,154
2026-08-05 17:02:05,NVDA,220.8500,220.8700,220.6200,220.6400,33532.0000,220.7770,159
2026-08-05 17:02:10,NVDA,220.6200,220.6800,220.4300,220.5400,65472.0000,220.5410,259
2026-08-05 17:02:15,NVDA,220.5600,220.5600,220.3500,220.4300,30280.0000,220.4350,157
2026-08-05 17:02:20,NVDA,220.4400,220.4500,220.1500,220.1800,40102.0000,220.2510,193
2026-08-05 17:02:25,NVDA,220.1700,220.2500,220.1100,220.1200,29537.0000,220.1620,146
2026-08-05 17:02:30,NVDA,220.1300,220.4100,220.1200,220.3800,31670.0000,220.2780,161
2026-08-05 17:02:35,NVDA,220.3600,220.6500,220.3600,220.6500,35367.0000,220.5050,198
2026-08-05 17:02:40,NVDA,220.6400,220.8700,220.6200,220.6600,45006.0000,220.7230,231
2026-08-05 17:02:45,NVDA,220.6700,220.7000,220.6100,220.6500,21911.0000,220.6520,112
2026-08-05 17:02:50,NVDA,220.6700,220.7000,220.6100,220.6800,15093.0000,220.6480,95
2026-08-05 17:02:55,NVDA,220.7000,220.7400,220.6400,220.6600,21315.0000,220.6770,121
2026-08-05 17:03:00,NVDA,220.6600,220.8200,220.6500,220.6900,23080.0000,220.7260,148
2026-08-05 17:03:05,NVDA,220.6900,220.8600,220.6500,220.7300,19800.0000,220.7790,112
2026-08-05 17:03:10,NVDA,220.7300,220.8100,220.6400,220.6900,22273.0000,220.7410,130
2026-08-05 17:03:15,NVDA,220.7000,220.7400,220.5500,220.6900,35330.0000,220.6480,153
2026-08-05 17:03:20,NVDA,220.7000,220.8000,220.6800,220.7700,29135.0000,220.7450,130
2026-08-05 17:03:25,NVDA,220.7600,220.9000,220.7400,220.8700,22097.0000,220.8310,129
2026-08-05 17:03:30,NVDA,220.8800,221.0700,220.8300,221.0600,99150.0000,220.9700,418
2026-08-05 17:03:35,NVDA,221.0600,221.0900,220.9300,220.9900,64372.0000,221.0160,337
2026-08-05 17:03:40,NVDA,220.9700,221.1000,220.9300,221.0000,80686.0000,221.0370,453
2026-08-05 17:03:45,NVDA,221.0100,221.2000,221.0000,221.0900,71342.0000,221.0830,402
2026-08-05 17:03:50,NVDA,221.0900,221.1600,221.0600,221.1200,54653.0000,221.1030,312
2026-08-05 17:03:55,NVDA,221.1400,221.2600,221.1000,221.1200,75611.0000,221.1870,306
2026-08-05 17:04:00,NVDA,221.1500,221.2000,221.0800,221.1700,48667.0000,221.1380,266
2026-08-05 17:04:05,NVDA,221.1400,221.2300,220.9800,221.0600,52334.0000,221.1250,230
2026-08-05 17:04:10,NVDA,221.0400,221.2200,220.9600,220.9800,37560.0000,221.0300,163
2026-08-05 17:04:15,NVDA,220.9900,221.0200,220.8100,220.8400,36922.0000,220.9150,203
2026-08-05 17:04:20,NVDA,220.8400,220.8600,220.7300,220.7700,37063.0000,220.7940,187
2026-08-05 17:04:25,NVDA,220.8000,220.8000,220.5100,220.5800,42573.0000,220.6380,186
2026-08-05 17:04:30,NVDA,220.6000,220.6800,220.3800,220.4300,79495.0000,220.5310,354
2026-08-05 17:04:35,NVDA,220.4500,220.6800,220.3900,220.6200,39882.0000,220.5080,193
2026-08-05 17:04:40,NVDA,220.6300,220.6600,220.5600,220.5900,20875.0000,220.6080,118
2026-08-05 17:04:45,NVDA,220.5900,220.7600,220.5900,220.7000,29003.0000,220.6780,122
2026-08-05 17:04:50,NVDA,220.6600,220.8100,220.6600,220.6900,14911.0000,220.7220,90
2026-08-05 17:04:55,NVDA,220.6800,220.8600,220.6600,220.8600,19471.0000,220.7480,102
2026-08-05 17:05:00,NVDA,220.8600,220.9800,220.8400,220.9300,20039.0000,220.9260,116
2026-08-05 17:05:05,NVDA,220.9300,220.9600,220.8200,220.9000,27542.0000,220.9060,107
2026-08-05 17:05:10,NVDA,220.8600,220.9300,220.8300,220.9000,30565.0000,220.8660,108
2026-08-05 17:05:15,NVDA,220.8900,220.9300,220.7200,220.7800,22982.0000,220.8370,89
2026-08-05 17:05:20,NVDA,220.8000,221.0000,220.7900,221.0000,30523.0000,220.9220,150
2026-08-05 17:05:25,NVDA,220.9900,221.1900,220.9800,221.1700,40737.0000,221.1190,170
2026-08-05 17:05:30,NVDA,221.1800,221.3200,221.1600,221.2800,92465.0000,221.2470,311
2026-08-05 17:05:35,NVDA,221.2900,221.3300,221.1900,221.3100,47437.0000,221.2760,257
2026-08-05 17:05:40,NVDA,221.3200,221.4100,221.2500,221.3600,39894.0000,221.3470,192
2026-08-05 17:05:45,NVDA,221.3600,221.4900,221.2700,221.4600,61109.0000,221.3630,246
2026-08-05 17:05:50,NVDA,221.4500,221.5000,221.3900,221.4700,63993.0000,221.4540,310
2026-08-05 17:05:55,NVDA,221.4700,221.5200,221.2300,221.2500,122360.0000,221.4320,452
2026-08-05 17:06:00,NVDA,221.2500,221.3000,221.1100,221.2500,23663.0000,221.1850,141
2026-08-05 17:06:05,NVDA,221.2700,221.4100,221.2500,221.3000,29607.0000,221.3420,152
2026-08-05 17:06:10,NVDA,221.3200,221.3600,221.0500,221.0600,29787.0000,221.2210,193
2026-08-05 17:06:15,NVDA,221.0700,221.4300,221.0300,221.3900,44235.0000,221.2740,224
2026-08-05 17:06:20,NVDA,221.4000,221.5300,221.3500,221.5000,57622.0000,221.4560,206
2026-08-05 17:06:25,NVDA,221.4800,221.5300,221.3100,221.3900,24559.0000,221.4260,135
2026-08-05 17:06:30,NVDA,221.3700,221.3900,221.3000,221.3300,17951.0000,221.3410,105
2026-08-05 17:06:35,NVDA,221.3200,221.4000,221.3000,221.3800,22761.0000,221.3580,106
2026-08-05 17:06:40,NVDA,221.3700,221.3900,221.2500,221.2500,28705.0000,221.3160,177
2026-08-05 17:06:45,NVDA,221.2700,221.2800,221.1500,221.2300,20802.0000,221.2070,98
2026-08-05 17:06:50,NVDA,221.2200,221.3900,221.1700,221.3800,18185.0000,221.3000,96
2026-08-05 17:06:55,NVDA,221.3700,221.4800,221.3700,221.4700,31113.0000,221.4380,115
2026-08-05 17:07:00,NVDA,221.4600,221.5100,221.3600,221.4000,66593.0000,221.4340,266
2026-08-05 17:07:05,NVDA,221.4000,221.4800,221.3600,221.3700,22352.0000,221.4260,120
2026-08-05 17:07:10,NVDA,221.3900,221.4700,221.3400,221.4300,21059.0000,221.3970,110
2026-08-05 17:07:15,NVDA,221.4200,221.4900,221.3100,221.3900,29900.0000,221.4210,137
2026-08-05 17:07:20,NVDA,221.3900,221.3900,221.2600,221.2900,18903.0000,221.3300,80
2026-08-05 17:07:25,NVDA,221.3300,221.3600,221.2100,221.2500,27109.0000,221.2700,127
2026-08-05 17:07:30,NVDA,221.2600,221.4000,221.2300,221.3800,20635.0000,221.3020,84
2026-08-05 17:07:35,NVDA,221.3800,221.4700,221.3800,221.4600,19278.0000,221.4250,98
2026-08-05 17:07:40,NVDA,221.4400,221.4800,221.3800,221.4400,46657.0000,221.4320,206
2026-08-05 17:07:45,NVDA,221.4400,221.6200,221.4200,221.5500,62889.0000,221.5440,281
2026-08-05 17:07:50,NVDA,221.5600,221.7000,221.5500,221.6100,77907.0000,221.6340,346
2026-08-05 17:07:55,NVDA,221.5900,221.6900,221.5800,221.6700,42476.0000,221.6340,191
2026-08-05 17:08:00,NVDA,221.6600,221.7100,221.4200,221.4200,55638.0000,221.6230,279
2026-08-05 17:08:05,NVDA,221.4300,221.6100,221.4300,221.5800,43254.0000,221.5300,148
2026-08-05 17:08:10,NVDA,221.5600,221.5800,221.4600,221.5500,20191.0000,221.5340,106
2026-08-05 17:08:15,NVDA,221.5600,221.6200,221.5300,221.5700,27249.0000,221.5840,150
2026-08-05 17:08:20,NVDA,221.5900,221.6100,221.5200,221.5200,18529.0000,221.5770,105
2026-08-05 17:08:25,NVDA,221.5500,221.6700,221.5300,221.6400,19582.0000,221.6100,114
2026-08-05 17:08:30,NVDA,221.6500,221.6800,221.6100,221.6800,43292.0000,221.6530,210
2026-08-05 17:08:35,NVDA,221.6700,221.6900,221.5700,221.5700,41262.0000,221.6570,250
2026-08-05 17:08:40,NVDA,221.6000,221.6300,221.5300,221.5700,26103.0000,221.5900,145
2026-08-05 17:08:45,NVDA,221.5500,221.6900,221.5400,221.6200,21524.0000,221.6080,104
2026-08-05 17:08:50,NVDA,221.6100,221.7400,221.6100,221.7400,46904.0000,221.6970,147
2026-08-05 17:08:55,NVDA,221.7300,221.7500,221.6600,221.7300,34757.0000,221.7230,129
2026-08-05 17:09:00,NVDA,221.7400,221.7400,221.6400,221.6400,35476.0000,221.6790,162
2026-08-05 17:09:05,NVDA,221.6300,221.6900,221.6000,221.6800,21703.0000,221.6430,84
2026-08-05 17:09:10,NVDA,221.6700,221.7500,221.6200,221.6700,30687.0000,221.6830,153
2026-08-05 17:09:15,NVDA,221.6700,221.8400,221.6500,221.7400,86397.0000,221.7400,412
2026-08-05 17:09:20,NVDA,221.7400,221.7700,221.6600,221.7600,26689.0000,221.7260,143
2026-08-05 17:09:25,NVDA,221.7500,221.7800,221.6700,221.6700,30199.0000,221.7310,134
2026-08-05 17:09:30,NVDA,221.6900,221.7300,221.6300,221.7100,34571.0000,221.6660,145
2026-08-05 17:09:35,NVDA,221.7200,221.7900,221.6900,221.7200,20046.0000,221.7340,104
2026-08-05 17:09:40,NVDA,221.7200,221.7900,221.6100,221.7000,46013.0000,221.7020,221
2026-08-05 17:09:45,NVDA,221.7100,221.7300,221.5300,221.6000,40843.0000,221.6270,221
2026-08-05 17:09:50,NVDA,221.6000,221.6200,221.5300,221.5700,24573.0000,221.5660,153
2026-08-05 17:09:55,NVDA,221.5700,221.6500,221.5200,221.6400,24766.0000,221.5650,135
2026-08-05 17:10:00,NVDA,221.6300,221.6800,221.5400,221.6000,38775.0000,221.5940,165
2026-08-05 17:10:05,NVDA,221.5900,221.6800,221.5800,221.6600,25203.0000,221.6260,131
2026-08-05 17:10:10,NVDA,221.6600,221.7300,221.3700,221.4300,85528.0000,221.5240,401
2026-08-05 17:10:15,NVDA,221.4300,221.5100,221.3700,221.5100,19248.0000,221.4200,101
2026-08-05 17:10:20,NVDA,221.5100,221.5200,221.2300,221.2800,37185.0000,221.3620,192
2026-08-05 17:10:25,NVDA,221.2600,221.2800,221.0800,221.1100,38738.0000,221.1450,197
2026-08-05 17:10:30,NVDA,221.0900,221.1400,221.0000,221.1200,51695.0000,221.0590,216
2026-08-05 17:10:35,NVDA,221.1300,221.3200,221.0800,221.3100,29635.0000,221.2610,172
2026-08-05 17:10:40,NVDA,221.3100,221.3600,221.2600,221.2700,20040.0000,221.3030,96
2026-08-05 17:10:45,NVDA,221.3500,221.5200,221.3200,221.4900,26778.0000,221.4380,130
2026-08-05 17:10:50,NVDA,221.5100,221.6800,221.4900,221.6600,32613.0000,221.6000,149
2026-08-05 17:10:55,NVDA,221.6500,221.8800,221.6500,221.8700,47637.0000,221.7790,226
2026-08-05 17:11:00,NVDA,221.8700,221.9900,221.7200,221.7400,118896.0000,221.9030,435
2026-08-05 17:11:05,NVDA,221.7400,221.8400,221.7000,221.8300,43631.0000,221.8000,183
2026-08-05 17:11:10,NVDA,221.8300,221.9000,221.7800,221.8000,69068.0000,221.8350,291
2026-08-05 17:11:15,NVDA,221.7900,221.7900,221.6700,221.7500,38729.0000,221.7390,185
2026-08-05 17:11:20,NVDA,221.7500,221.7900,221.7100,221.7800,14419.0000,221.7660,78
2026-08-05 17:11:25,NVDA,221.8000,221.8000,221.6700,221.7300,55104.0000,221.7440,226
2026-08-05 17:11:30,NVDA,221.7400,221.7700,221.6000,221.6100,31691.0000,221.6580,152
2026-08-05 17:11:35,NVDA,221.6400,221.6600,221.5700,221.6100,25122.0000,221.6150,139
2026-08-05 17:11:40,NVDA,221.5900,221.6300,221.5100,221.5900,21763.0000,221.5800,103
2026-08-05 17:11:45,NVDA,221.5800,221.6500,221.5300,221.6400,18548.0000,221.5780,104
2026-08-05 17:11:50,NVDA,221.6400,221.7500,221.6400,221.6400,22521.0000,221.6890,105
2026-08-05 17:11:55,NVDA,221.6300,221.7100,221.6200,221.6700,15211.0000,221.6660,87
2026-08-05 17:12:00,NVDA,221.6700,221.7000,221.5000,221.6700,47724.0000,221.5970,206
2026-08-05 17:12:05,NVDA,221.6500,221.7400,221.6300,221.7400,13018.0000,221.6670,71
2026-08-05 17:12:10,NVDA,221.7500,221.8300,221.7400,221.8000,40962.0000,221.7920,170
2026-08-05 17:12:15,NVDA,221.7900,221.9700,221.7700,221.9100,51469.0000,221.8700,245
2026-08-05 17:12:20,NVDA,221.9400,222.0000,221.8800,221.9600,165364.0000,221.9840,431
2026-08-05 17:12:25,NVDA,221.9600,222.0200,221.8700,221.9600,51198.0000,221.9610,247
2026-08-05 17:12:30,NVDA,221.9000,221.9100,221.8200,221.8600,28172.0000,221.8700,123
2026-08-05 17:12:35,NVDA,221.8700,221.8700,221.6800,221.8000,28870.0000,221.7700,148
2026-08-05 17:12:40,NVDA,221.8200,221.9000,221.7800,221.8600,19083.0000,221.8480,105
2026-08-05 17:12:45,NVDA,221.8600,221.8700,221.6100,221.6600,26163.0000,221.7710,107
2026-08-05 17:12:50,NVDA,221.6800,221.6800,221.4900,221.5200,51757.0000,221.5700,188
2026-08-05 17:12:55,NVDA,221.5000,221.5500,221.4000,221.5300,52769.0000,221.4600,199
2026-08-05 17:13:00,NVDA,221.5500,221.6900,221.5000,221.6400,30468.0000,221.6040,104
2026-08-05 17:13:05,NVDA,221.6300,221.6900,221.5700,221.6400,19657.0000,221.6210,108
2026-08-05 17:13:10,NVDA,221.6500,221.8500,221.6500,221.8100,22783.0000,221.7670,103
2026-08-05 17:13:15,NVDA,221.8100,221.8300,221.7400,221.8200,15058.0000,221.7950,107
2026-08-05 17:13:20,NVDA,221.8100,221.9100,221.8100,221.8400,36589.0000,221.8600,133
2026-08-05 17:13:25,NVDA,221.8400,221.9700,221.8200,221.9600,24447.0000,221.8910,119
2026-08-05 17:13:30,NVDA,221.9700,222.0400,221.9200,222.0000,107196.0000,221.9950,238
2026-08-05 17:13:35,NVDA,222.0200,222.0400,221.9500,221.9500,29875.0000,222.0070,153
2026-08-05 17:13:40,NVDA,221.9900,222.0300,221.9600,221.9900,17266.0000,221.9970,91
2026-08-05 17:13:45,NVDA,221.9900,222.0000,221.9300,221.9900,38290.0000,221.9750,131
2026-08-05 17:13:50,NVDA,221.9700,221.9700,221.8700,221.8900,31972.0000,221.9160,154
2026-08-05 17:13:55,NVDA,221.8900,221.9300,221.8200,221.9100,17128.0000,221.8540,92
2026-08-05 17:14:00,NVDA,221.9000,221.9000,221.7600,221.8700,15566.0000,221.8310,82
2026-08-05 17:14:05,NVDA,221.8700,221.8800,221.7900,221.8400,15039.0000,221.8250,76
2026-08-05 17:14:10,NVDA,221.8600,221.9000,221.8500,221.8700,20414.0000,221.8830,87
2026-08-05 17:14:15,NVDA,221.8900,222.1000,221.8800,222.0000,61651.0000,222.0120,215
2026-08-05 17:14:20,NVDA,222.0200,222.0900,221.9500,222.0900,22184.0000,221.9930,101
2026-08-05 17:14:25,NVDA,222.0900,222.1600,222.0200,222.0400,60833.0000,222.1060,234
2026-08-05 17:14:30,NVDA,222.0400,222.0600,221.9900,222.0400,36551.0000,222.0130,132
2026-08-05 17:14:35,NVDA,222.0000,222.0200,221.8600,221.8900,20767.0000,221.9480,115
2026-08-05 17:14:40,NVDA,221.9000,221.9900,221.8800,221.9900,21462.0000,221.9390,94
2026-08-05 17:14:45,NVDA,221.9700,222.0000,221.9500,221.9500,16966.0000,221.9770,72
2026-08-05 17:14:50,NVDA,221.9600,221.9800,221.9000,221.9600,19695.0000,221.9490,89
2026-08-05 17:14:55,NVDA,221.9600,221.9800,221.9200,221.9400,31382.0000,221.9470,198
2026-08-05 17:15:00,NVDA,221.9300,222.1300,221.8900,222.1300,40562.0000,221.9880,174
2026-08-05 17:15:05,NVDA,222.1500,222.2000,222.0000,222.1800,80796.0000,222.1650,411
2026-08-05 17:15:10,NVDA,222.1800,222.2200,222.0000,222.0400,42158.0000,222.1440,185
2026-08-05 17:15:15,NVDA,222.1000,222.1500,222.0400,222.0400,25596.0000,222.1040,127
2026-08-05 17:15:20,NVDA,222.0400,222.0700,221.9600,222.0700,33065.0000,222.0210,170
2026-08-05 17:15:25,NVDA,222.0700,222.0800,221.9400,221.9700,22305.0000,221.9820,115
2026-08-05 17:15:30,NVDA,221.9700,222.0200,221.9400,221.9700,15920.0000,221.9790,69
2026-08-05 17:15:35,NVDA,221.9600,221.9700,221.8200,221.8400,27012.0000,221.8970,142
2026-08-05 17:15:40,NVDA,221.8600,221.8900,221.7900,221.8500,42023.0000,221.8290,155
2026-08-05 17:15:45,NVDA,221.8400,221.9300,221.8400,221.9200,15883.0000,221.8880,55
2026-08-05 17:15:50,NVDA,221.9200,221.9300,221.8600,221.8700,14790.0000,221.8980,67
2026-08-05 17:15:55,NVDA,221.8700,222.0100,221.8700,221.9100,27724.0000,221.9600,112
2026-08-05 17:16:00,NVDA,221.9200,222.0100,221.8200,221.9900,33226.0000,221.9060,200
2026-08-05 17:16:05,NVDA,221.9900,222.0700,221.9100,222.0300,19071.0000,221.9850,77
2026-08-05 17:16:10,NVDA,222.0500,222.0500,221.8000,221.8800,28887.0000,221.8800,146
2026-08-05 17:16:15,NVDA,221.8800,221.8900,221.7100,221.7200,35023.0000,221.8060,167
2026-08-05 17:16:20,NVDA,221.7100,221.7500,221.5600,221.6000,45581.0000,221.6530,186
2026-08-05 17:16:25,NVDA,221.6300,221.6500,221.4700,221.5000,64269.0000,221.5450,240
2026-08-05 17:16:30,NVDA,221.4900,221.6100,221.4700,221.5800,16038.0000,221.5450,84
2026-08-05 17:16:35,NVDA,221.6000,221.8500,221.5800,221.8100,28998.0000,221.7260,129
2026-08-05 17:16:40,NVDA,221.8100,221.8700,221.7800,221.8500,20599.0000,221.8220,90
2026-08-05 17:16:45,NVDA,221.8600,221.9000,221.8000,221.8300,17384.0000,221.8530,89
2026-08-05 17:16:50,NVDA,221.8500,221.8500,221.6500,221.6900,18304.0000,221.7480,131
2026-08-05 17:16:55,NVDA,221.6700,221.7400,221.6200,221.7000,30600.0000,221.6800,111
2026-08-05 17:17:00,NVDA,221.6800,221.7400,221.6400,221.7000,19450.0000,221.6910,78
2026-08-05 17:17:05,NVDA,221.7100,221.7100,221.5300,221.5500,21156.0000,221.6300,115
2026-08-05 17:17:10,NVDA,221.5600,221.5800,221.5000,221.5000,17976.0000,221.5400,92
2026-08-05 17:17:15,NVDA,221.5200,221.5400,221.4500,221.5000,18757.0000,221.5020,111
2026-08-05 17:17:20,NVDA,221.4900,221.7500,221.4900,221.6700,46061.0000,221.6630,175
2026-08-05 17:17:25,NVDA,221.6800,221.7100,221.5700,221.6000,12957.0000,221.6510,70
2026-08-05 17:17:30,NVDA,221.5900,221.8000,221.5600,221.7700,21280.0000,221.6770,120
2026-08-05 17:17:35,NVDA,221.7800,221.8300,221.7500,221.7900,26483.0000,221.7950,77
2026-08-05 17:17:40,NVDA,221.8100,221.8800,221.7700,221.8300,20421.0000,221.8290,85
2026-08-05 17:17:45,NVDA,221.7900,221.8200,221.6900,221.7000,12900.0000,221.7560,73
2026-08-05 17:17:50,NVDA,221.6900,221.7800,221.6700,221.7400,6543.0000,221.7310,34
2026-08-05 17:17:55,NVDA,221.7600,221.9100,221.7400,221.8900,28129.0000,221.8600,124
2026-08-05 17:18:00,NVDA,221.8900,221.9500,221.8400,221.8400,29685.0000,221.8900,111
2026-08-05 17:18:05,NVDA,221.8400,221.9000,221.7800,221.8300,21960.0000,221.8300,115
2026-08-05 17:18:10,NVDA,221.8300,221.8600,221.7900,221.8200,13447.0000,221.8170,50
2026-08-05 17:18:15,NVDA,221.8300,221.8300,221.7500,221.7800,16562.0000,221.7850,114
2026-08-05 17:18:20,NVDA,221.7800,221.8600,221.7400,221.8100,16617.0000,221.8100,97
2026-08-05 17:18:25,NVDA,221.8400,221.8500,221.7500,221.8400,20563.0000,221.7810,93
2026-08-05 17:18:30,NVDA,221.8300,221.8800,221.7200,221.8700,21490.0000,221.7920,95
2026-08-05 17:18:35,NVDA,221.8900,221.8900,221.7700,221.8100,11946.0000,221.8100,62
2026-08-05 17:18:40,NVDA,221.8100,221.8400,221.7400,221.8200,20614.0000,221.8060,107
2026-08-05 17:18:45,NVDA,221.8200,221.8300,221.7700,221.8200,11044.0000,221.8060,56
2026-08-05 17:18:50,NVDA,221.8000,221.9100,221.7900,221.8700,30626.0000,221.8540,106
2026-08-05 17:18:55,NVDA,221.8700,221.8900,221.8200,221.8600,18981.0000,221.8590,100
2026-08-05 17:19:00,NVDA,221.8400,221.8500,221.8000,221.8400,13938.0000,221.8120,79
2026-08-05 17:19:05,NVDA,221.8400,221.8700,221.7700,221.8100,23313.0000,221.8120,156
2026-08-05 17:19:10,NVDA,221.7900,221.8000,221.7000,221.7400,18270.0000,221.7660,109
2026-08-05 17:19:15,NVDA,221.7400,221.7500,221.6700,221.7100,11550.0000,221.7090,67
2026-08-05 17:19:20,NVDA,221.6900,221.8800,221.6700,221.8800,15893.0000,221.7940,82
2026-08-05 17:19:25,NVDA,221.8800,221.9900,221.8400,221.9400,39386.0000,221.9280,164
2026-08-05 17:19:30,NVDA,221.9600,221.9900,221.8700,221.9000,24887.0000,221.9370,162
2026-08-05 17:19:35,NVDA,221.9100,221.9100,221.7900,221.8400,16388.0000,221.8420,103
2026-08-05 17:19:40,NVDA,221.8400,221.8900,221.8100,221.8500,11456.0000,221.8480,68
2026-08-05 17:19:45,NVDA,221.8300,221.8300,221.6400,221.6600,21651.0000,221.7410,120
2026-08-05 17:19:50,NVDA,221.6400,221.6700,221.5400,221.5700,21679.0000,221.6070,101
2026-08-05 17:19:55,NVDA,221.5800,221.6200,221.5200,221.5600,32307.0000,221.5650,148
2026-08-05 17:20:00,NVDA,221.5800,221.6000,221.2700,221.3600,75999.0000,221.4330,431
2026-08-05 17:20:05,NVDA,221.3400,221.3500,221.1900,221.2500,38768.0000,221.2810,204
2026-08-05 17:20:10,NVDA,221.2900,221.2900,221.1400,221.2900,44841.0000,221.2110,187
2026-08-05 17:20:15,NVDA,221.2600,221.4200,221.2500,221.3100,27164.0000,221.3210,117
2026-08-05 17:20:20,NVDA,221.3000,221.4100,221.2700,221.4100,18406.0000,221.3110,99
2026-08-05 17:20:25,NVDA,221.4200,221.5000,221.3700,221.3900,18913.0000,221.4390,89
2026-08-05 17:20:30,NVDA,221.4000,221.4500,221.3200,221.3400,27497.0000,221.3780,91
2026-08-05 17:20:35,NVDA,221.3200,221.4800,221.3200,221.3700,20860.0000,221.3820,127
2026-08-05 17:20:40,NVDA,221.3700,221.4600,221.3500,221.4600,13935.0000,221.4170,82
2026-08-05 17:20:45,NVDA,221.4500,221.5100,221.4400,221.4500,35443.0000,221.4800,157
2026-08-05 17:20:50,NVDA,221.5000,221.5500,221.4700,221.5400,11498.0000,221.5120,62
2026-08-05 17:20:55,NVDA,221.5400,221.7200,221.4900,221.7100,44255.0000,221.6000,272
2026-08-05 17:21:00,NVDA,221.7200,221.7200,221.5200,221.5300,28782.0000,221.6170,168
2026-08-05 17:21:05,NVDA,221.5300,221.5800,221.4100,221.5700,43835.0000,221.5020,184
2026-08-05 17:21:10,NVDA,221.5700,221.6000,221.4800,221.5100,20035.0000,221.5520,113
2026-08-05 17:21:15,NVDA,221.5200,221.5700,221.4600,221.5000,24711.0000,221.5130,109
2026-08-05 17:21:20,NVDA,221.5100,221.5400,221.3600,221.4200,26420.0000,221.4290,120
2026-08-05 17:21:25,NVDA,221.4100,221.4200,221.2200,221.2200,26528.0000,221.3290,135
2026-08-05 17:21:30,NVDA,221.2400,221.3100,221.0500,221.0600,46467.0000,221.1610,154
2026-08-05 17:21:35,NVDA,221.0700,221.1400,221.0500,221.0800,17919.0000,221.1060,66
2026-08-05 17:21:40,NVDA,221.0800,221.1200,221.0300,221.0600,70602.0000,221.0660,153
2026-08-05 17:21:45,NVDA,221.0600,221.0700,220.8900,220.9200,100733.0000,220.9780,292
2026-08-05 17:21:50,NVDA,220.9100,220.9500,220.8600,220.9300,22681.0000,220.9060,82
2026-08-05 17:21:55,NVDA,220.9400,221.0700,220.9200,221.0700,34579.0000,220.9760,164
2026-08-05 17:22:00,NVDA,221.0100,221.0200,220.8700,220.9800,19574.0000,220.9540,98
2026-08-05 17:22:05,NVDA,220.9900,221.1100,220.9600,221.0700,16792.0000,221.0330,81
2026-08-05 17:22:10,NVDA,221.1000,221.1500,220.8800,220.9300,28152.0000,220.9910,153
2026-08-05 17:22:15,NVDA,220.9500,221.0400,220.8900,220.9900,18264.0000,220.9570,101
2026-08-05 17:22:20,NVDA,220.9900,221.0900,220.9500,221.0600,21032.0000,221.0300,89
2026-08-05 17:22:25,NVDA,221.0900,221.1000,220.9300,221.0000,24561.0000,221.0190,86
2026-08-05 17:22:30,NVDA,220.9900,220.9900,220.8600,220.9600,31290.0000,220.9320,144
2026-08-05 17:22:35,NVDA,220.9600,221.1000,220.8800,221.1000,35161.0000,220.9870,193
2026-08-05 17:22:40,NVDA,221.0900,221.3300,221.0600,221.3200,52780.0000,221.2170,205
2026-08-05 17:22:45,NVDA,221.3000,221.4100,221.2800,221.3600,18375.0000,221.3370,95
2026-08-05 17:22:50,NVDA,221.3600,221.4500,221.3400,221.4200,33105.0000,221.3830,185
2026-08-05 17:22:55,NVDA,221.4200,221.4700,221.3600,221.3700,15586.0000,221.4050,68
2026-08-05 17:23:00,NVDA,221.3800,221.4400,221.2900,221.4000,31796.0000,221.3770,190
2026-08-05 17:23:05,NVDA,221.3700,221.3700,221.2000,221.2000,33474.0000,221.3110,174
2026-08-05 17:23:10,NVDA,221.2200,221.2700,221.1700,221.2400,14301.0000,221.2130,70
2026-08-05 17:23:15,NVDA,221.2400,221.3400,221.1900,221.2000,9264.0000,221.2340,56
2026-08-05 17:23:20,NVDA,221.1800,221.1800,220.9400,221.0000,22480.0000,221.0100,118
2026-08-05 17:23:25,NVDA,220.9400,220.9700,220.8800,220.9600,25381.0000,220.9190,121
2026-08-05 17:23:30,NVDA,220.9400,221.0800,220.9000,221.0100,14326.0000,221.0100,78
2026-08-05 17:23:35,NVDA,221.0100,221.1100,220.9900,221.0000,10663.0000,221.0280,56
2026-08-05 17:23:40,NVDA,221.0100,221.1600,221.0000,221.1300,17949.0000,221.0600,93
2026-08-05 17:23:45,NVDA,221.1500,221.1600,221.0700,221.0900,11809.0000,221.1100,59
2026-08-05 17:23:50,NVDA,221.0900,221.1300,221.0600,221.0600,7891.0000,221.1010,55
2026-08-05 17:23:55,NVDA,221.0700,221.2600,221.0700,221.2200,16174.0000,221.1750,90
2026-08-05 17:24:00,NVDA,221.2600,221.3400,221.2300,221.2700,16685.0000,221.2760,94
2026-08-05 17:24:05,NVDA,221.2500,221.3700,221.2400,221.2700,24226.0000,221.3150,113
2026-08-05 17:24:10,NVDA,221.3000,221.4100,221.2600,221.2600,29157.0000,221.3650,159
2026-08-05 17:24:15,NVDA,221.3000,221.4500,221.2800,221.3400,18102.0000,221.3720,90
2026-08-05 17:24:20,NVDA,221.3400,221.3500,221.2300,221.2900,16622.0000,221.2980,70
2026-08-05 17:24:25,NVDA,221.2700,221.4300,221.2400,221.4200,11736.0000,221.3050,59
2026-08-05 17:24:30,NVDA,221.4500,221.5300,221.4300,221.4600,44449.0000,221.4890,195
2026-08-05 17:24:35,NVDA,221.4600,221.6200,221.4500,221.5400,31289.0000,221.5470,102
2026-08-05 17:24:40,NVDA,221.5700,221.5800,221.5000,221.5300,33954.0000,221.5280,110
2026-08-05 17:24:45,NVDA,221.5300,221.5900,221.4700,221.5900,24731.0000,221.5110,119
2026-08-05 17:24:50,NVDA,221.5800,221.6900,221.5200,221.6800,23783.0000,221.5950,127
2026-08-05 17:24:55,NVDA,221.7000,221.7200,221.6300,221.6800,26268.0000,221.6740,149
2026-08-05 17:25:00,NVDA,221.6700,221.7500,221.6200,221.7200,21905.0000,221.6970,89
2026-08-05 17:25:05,NVDA,221.7400,221.8200,221.6700,221.7800,35335.0000,221.7440,131
2026-08-05 17:25:10,NVDA,221.7700,221.8400,221.6500,221.7700,28442.0000,221.7640,131
2026-08-05 17:25:15,NVDA,221.7700,221.9000,221.7600,221.8500,42338.0000,221.8470,124
2026-08-05 17:25:20,NVDA,221.8500,221.8700,221.7900,221.8500,20279.0000,221.8320,90
2026-08-05 17:25:25,NVDA,221.8900,221.9500,221.8600,221.9300,32859.0000,221.8940,128
2026-08-05 17:25:30,NVDA,221.9100,221.9800,221.8800,221.9600,31149.0000,221.9290,122
2026-08-05 17:25:35,NVDA,221.9700,221.9800,221.8800,221.9500,25943.0000,221.9270,144
2026-08-05 17:25:40,NVDA,221.9600,221.9800,221.9300,221.9700,26659.0000,221.9640,122
2026-08-05 17:25:45,NVDA,221.9600,221.9600,221.8500,221.9100,31888.0000,221.9090,166
2026-08-05 17:25:50,NVDA,221.8900,221.9000,221.7400,221.7600,29481.0000,221.8010,112
2026-08-05 17:25:55,NVDA,221.7500,221.7700,221.5200,221.5700,30321.0000,221.6520,136
2026-08-05 17:26:00,NVDA,221.5900,221.6000,221.3100,221.3600,18290.0000,221.4800,98
2026-08-05 17:26:05,NVDA,221.3700,221.4200,221.2700,221.3300,33931.0000,221.3540,145
2026-08-05 17:26:10,NVDA,221.3300,221.4800,221.3000,221.3600,17165.0000,221.3710,84
2026-08-05 17:26:15,NVDA,221.3600,221.4300,221.3000,221.4000,24266.0000,221.3910,119
2026-08-05 17:26:20,NVDA,221.4000,221.5200,221.3800,221.5000,27371.0000,221.4550,119
2026-08-05 17:26:25,NVDA,221.5000,221.6200,221.4900,221.5900,18353.0000,221.5620,81
2026-08-05 17:26:30,NVDA,221.5900,221.6700,221.5700,221.6700,9578.0000,221.6040,42
2026-08-05 17:26:35,NVDA,221.6800,221.8900,221.6800,221.8700,23063.0000,221.7950,103
2026-08-05 17:26:40,NVDA,221.8800,221.9000,221.5900,221.6000,30153.0000,221.7250,147
2026-08-05 17:26:45,NVDA,221.6100,221.6600,221.4500,221.4700,14714.0000,221.5550,78
2026-08-05 17:26:50,NVDA,221.4900,221.5100,221.4400,221.4600,9293.0000,221.4770,43
2026-08-05 17:26:55,NVDA,221.4600,221.4800,221.3800,221.4100,8869.0000,221.4350,56
2026-08-05 17:27:00,NVDA,221.4200,221.4500,221.2900,221.3900,28051.0000,221.3910,134
2026-08-05 17:27:05,NVDA,221.4200,221.4900,221.3600,221.4500,12049.0000,221.4060,70
2026-08-05 17:27:10,NVDA,221.4700,221.5200,221.4100,221.5000,12396.0000,221.4780,67
2026-08-05 17:27:15,NVDA,221.5100,221.5200,221.3800,221.3800,17305.0000,221.4690,84
2026-08-05 17:27:20,NVDA,221.3800,221.4000,221.2600,221.2700,23109.0000,221.3610,138
2026-08-05 17:27:25,NVDA,221.2800,221.2900,221.2400,221.2700,25075.0000,221.2600,117
2026-08-05 17:27:30,NVDA,221.2600,221.2800,221.1800,221.2000,16687.0000,221.2300,94
2026-08-05 17:27:35,NVDA,221.2100,221.2700,221.1600,221.1600,29680.0000,221.2190,154
2026-08-05 17:27:40,NVDA,221.1500,221.2400,221.1400,221.1700,24043.0000,221.1790,116
2026-08-05 17:27:45,NVDA,221.1500,221.1800,221.0500,221.0800,36006.0000,221.0950,137
2026-08-05 17:27:50,NVDA,221.0900,221.1300,221.0000,221.0700,35272.0000,221.0630,152
2026-08-05 17:27:55,NVDA,221.0800,221.2200,221.0700,221.1500,23834.0000,221.1630,86
2026-08-05 17:28:00,NVDA,221.1400,221.1700,221.0300,221.0500,29629.0000,221.0950,143
2026-08-05 17:28:05,NVDA,221.0500,221.1700,221.0200,221.0900,28517.0000,221.1030,137
2026-08-05 17:28:10,NVDA,221.0700,221.1100,221.0000,221.0100,10898.0000,221.0530,75
2026-08-05 17:28:15,NVDA,221.0000,221.2000,221.0000,221.1200,47024.0000,221.1340,277
2026-08-05 17:28:20,NVDA,221.1100,221.1300,221.0300,221.0300,16377.0000,221.0910,108
2026-08-05 17:28:25,NVDA,221.0400,221.1000,220.9700,221.0400,24524.0000,221.0410,134
2026-08-05 17:28:30,NVDA,221.0400,221.0800,221.0100,221.0500,31583.0000,221.0280,164
2026-08-05 17:28:35,NVDA,221.0400,221.0400,220.9500,221.0000,24568.0000,220.9990,130
2026-08-05 17:28:40,NVDA,220.9800,221.0300,220.9200,220.9500,14293.0000,220.9690,97
2026-08-05 17:28:45,NVDA,220.9500,221.0100,220.9000,220.9700,35510.0000,220.9450,166
2026-08-05 17:28:50,NVDA,220.9700,220.9700,220.8700,220.9100,24693.0000,220.9060,149
2026-08-05 17:28:55,NVDA,220.9100,220.9500,220.9000,220.9400,22302.0000,220.9270,100
2026-08-05 17:29:00,NVDA,220.9600,220.9600,220.8000,220.8500,79082.0000,220.8590,285
2026-08-05 17:29:05,NVDA,220.8500,220.9800,220.8200,220.8700,28262.0000,220.9000,170
2026-08-05 17:29:10,NVDA,220.8600,220.8800,220.8000,220.8400,19441.0000,220.8500,81
2026-08-05 17:29:15,NVDA,220.8300,220.9500,220.8200,220.9200,17504.0000,220.8730,94
2026-08-05 17:29:20,NVDA,220.9200,220.9900,220.9000,220.9900,14865.0000,220.9420,65
2026-08-05 17:29:25,NVDA,220.9900,221.0000,220.9000,220.9500,61383.0000,220.9820,252
2026-08-05 17:29:30,NVDA,220.9300,220.9900,220.8900,220.9200,25834.0000,220.9420,127
2026-08-05 17:29:35,NVDA,220.9200,220.9500,220.8300,220.8600,17255.0000,220.8800,101
2026-08-05 17:29:40,NVDA,220.8500,220.9000,220.8500,220.8800,5617.0000,220.8750,44
2026-08-05 17:29:45,NVDA,220.8800,220.9200,220.8100,220.8200,22953.0000,220.8640,147
2026-08-05 17:29:50,NVDA,220.8300,220.8400,220.7100,220.7600,28376.0000,220.7720,155
2026-08-05 17:29:55,NVDA,220.7700,220.7900,220.7200,220.7300,15364.0000,220.7570,74
2026-08-05 17:30:00,NVDA,220.7300,220.7400,220.3800,220.4200,71645.0000,220.5510,357
2026-08-05 17:30:05,NVDA,220.4100,220.4200,220.3000,220.3900,29407.0000,220.3380,173
2026-08-05 17:30:10,NVDA,220.4000,220.4100,220.2600,220.3000,45257.0000,220.3560,250
2026-08-05 17:30:15,NVDA,220.2900,220.5200,220.2700,220.3200,49751.0000,220.3800,299
2026-08-05 17:30:20,NVDA,220.3200,220.3300,220.2300,220.2500,39436.0000,220.2660,234
2026-08-05 17:30:25,NVDA,220.2400,220.2700,220.1900,220.2200,33186.0000,220.2220,150
2026-08-05 17:30:30,NVDA,220.2300,220.2400,220.1500,220.1600,26121.0000,220.1850,138
2026-08-05 17:30:35,NVDA,220.1900,220.2000,220.1100,220.1400,23448.0000,220.1480,132
2026-08-05 17:30:40,NVDA,220.1500,220.1800,220.1200,220.1600,19838.0000,220.1440,115
2026-08-05 17:30:45,NVDA,220.1500,220.1500,220.0800,220.1100,26821.0000,220.1230,136
2026-08-05 17:30:50,NVDA,220.1200,220.2000,220.0300,220.1800,47373.0000,220.1150,286
2026-08-05 17:30:55,NVDA,220.1900,220.3600,220.1800,220.3500,58405.0000,220.2840,279
2026-08-05 17:31:00,NVDA,220.3400,220.4200,220.2900,220.3600,27098.0000,220.3560,152
2026-08-05 17:31:05,NVDA,220.3500,220.3900,220.1700,220.2000,18486.0000,220.2520,113
2026-08-05 17:31:10,NVDA,220.2000,220.2000,220.0700,220.0800,34666.0000,220.1240,142
2026-08-05 17:31:15,NVDA,220.0800,220.1500,220.0800,220.1500,9473.0000,220.1220,47
2026-08-05 17:31:20,NVDA,220.1500,220.1800,220.0600,220.0900,33998.0000,220.0950,112
2026-08-05 17:31:25,NVDA,220.0800,220.0900,219.8800,219.9500,103728.0000,219.9660,376
2026-08-05 17:31:30,NVDA,219.9200,219.9700,219.8800,219.8800,24109.0000,219.9240,163
2026-08-05 17:31:35,NVDA,219.8900,219.9700,219.8700,219.9500,17997.0000,219.9190,117
2026-08-05 17:31:40,NVDA,219.9400,219.9800,219.8500,219.8900,23047.0000,219.9140,119
2026-08-05 17:31:45,NVDA,219.8900,219.9000,219.7900,219.8200,13197.0000,219.8430,83
2026-08-05 17:31:50,NVDA,219.8300,219.9000,219.7900,219.8000,45764.0000,219.8340,237
2026-08-05 17:31:55,NVDA,219.7800,219.8100,219.7700,219.8100,26470.0000,219.7890,171
2026-08-05 17:32:00,NVDA,219.8100,219.9300,219.7700,219.8500,33648.0000,219.8230,205
2026-08-05 17:32:05,NVDA,219.8600,220.0000,219.8100,220.0000,57021.0000,219.8920,235
2026-08-05 17:32:10,NVDA,219.9900,220.0400,219.9400,220.0300,27226.0000,219.9740,128
2026-08-05 17:32:15,NVDA,220.0200,220.0300,219.9300,219.9700,22155.0000,219.9810,99
2026-08-05 17:32:20,NVDA,219.9700,220.0000,219.8000,219.8400,23018.0000,219.9050,145
2026-08-05 17:32:25,NVDA,219.8500,219.8800,219.7900,219.8200,9415.0000,219.8290,58
2026-08-05 17:32:30,NVDA,219.8200,219.9400,219.7000,219.9400,32133.0000,219.8160,160
2026-08-05 17:32:35,NVDA,219.9100,220.0100,219.8200,220.0000,36189.0000,219.9270,186
2026-08-05 17:32:40,NVDA,220.0000,220.0000,219.9100,219.9600,21398.0000,219.9540,114
2026-08-05 17:32:45,NVDA,219.9500,220.1100,219.9100,220.0700,23947.0000,220.0210,113
2026-08-05 17:32:50,NVDA,220.0800,220.2200,220.0600,220.1700,31073.0000,220.1640,126
2026-08-05 17:32:55,NVDA,220.1600,220.1900,220.1000,220.1600,23746.0000,220.1600,98
2026-08-05 17:33:00,NVDA,220.1600,220.1800,220.0900,220.1200,16205.0000,220.1300,116
2026-08-05 17:33:05,NVDA,220.1100,220.1200,219.9200,219.9700,21308.0000,220.0180,122
2026-08-05 17:33:10,NVDA,219.9600,220.1800,219.9200,220.1700,24975.0000,220.0480,173
2026-08-05 17:33:15,NVDA,220.1800,220.2100,220.1300,220.1700,19105.0000,220.1660,91
2026-08-05 17:33:20,NVDA,220.1700,220.2100,220.1000,220.1400,34850.0000,220.1820,107
2026-08-05 17:33:25,NVDA,220.1500,220.2200,220.0900,220.2000,28252.0000,220.1600,138
2026-08-05 17:33:30,NVDA,220.1800,220.3000,220.1700,220.3000,29912.0000,220.2440,99
2026-08-05 17:33:35,NVDA,220.2900,220.5000,220.2900,220.4700,27630.0000,220.4020,146
2026-08-05 17:33:40,NVDA,220.4800,220.5000,220.4000,220.4500,20774.0000,220.4460,135
2026-08-05 17:33:45,NVDA,220.4500,220.4900,220.4400,220.4600,28609.0000,220.4670,95
2026-08-05 17:33:50,NVDA,220.4600,220.5100,220.3500,220.3800,22798.0000,220.4320,119
2026-08-05 17:33:55,NVDA,220.3600,220.3900,220.3200,220.3700,13878.0000,220.3540,74
2026-08-05 17:34:00,NVDA,220.3800,220.5000,220.3700,220.3700,49780.0000,220.4330,230
2026-08-05 17:34:05,NVDA,220.3700,220.5700,220.3500,220.5500,22814.0000,220.5020,98
2026-08-05 17:34:10,NVDA,220.5500,220.5500,220.4100,220.4600,32019.0000,220.4830,143
2026-08-05 17:34:15,NVDA,220.4800,220.5100,220.3800,220.3900,12468.0000,220.4320,63
2026-08-05 17:34:20,NVDA,220.3700,220.4400,220.3400,220.3700,8175.0000,220.3890,43
2026-08-05 17:34:25,NVDA,220.3700,220.4200,220.3300,220.4100,8047.0000,220.3840,49
2026-08-05 17:34:30,NVDA,220.3900,220.4300,220.3800,220.4200,8029.0000,220.4190,43
2026-08-05 17:34:35,NVDA,220.4100,220.4400,220.3900,220.3900,8349.0000,220.4100,51
2026-08-05 17:34:40,NVDA,220.4100,220.4200,220.2900,220.3300,18325.0000,220.3420,94
2026-08-05 17:34:45,NVDA,220.3400,220.3900,220.2500,220.2700,11882.0000,220.3270,68
2026-08-05 17:34:50,NVDA,220.2600,220.2700,220.2000,220.2500,16999.0000,220.2270,62
2026-08-05 17:34:55,NVDA,220.2500,220.3500,220.2400,220.3400,16062.0000,220.3080,68
2026-08-05 17:35:00,NVDA,220.3700,220.4600,220.3500,220.4200,24275.0000,220.4000,119
2026-08-05 17:35:05,NVDA,220.4200,220.6300,220.3600,220.5700,32298.0000,220.5240,145
2026-08-05 17:35:10,NVDA,220.5700,220.5900,220.4600,220.4600,35829.0000,220.5510,121
2026-08-05 17:35:15,NVDA,220.4900,220.4900,220.2900,220.3100,22453.0000,220.3600,138
2026-08-05 17:35:20,NVDA,220.3000,220.3700,220.2800,220.3300,16033.0000,220.3220,69
2026-08-05 17:35:25,NVDA,220.2800,220.3500,220.2600,220.3500,8920.0000,220.3040,54
2026-08-05 17:35:30,NVDA,220.3600,220.3600,220.3000,220.3400,7505.0000,220.3410,44
2026-08-05 17:35:35,NVDA,220.3300,220.4900,220.3300,220.4700,13025.0000,220.4330,67
2026-08-05 17:35:40,NVDA,220.4600,220.6900,220.4500,220.6500,35296.0000,220.5810,112
2026-08-05 17:35:45,NVDA,220.6500,220.6500,220.5100,220.5600,14284.0000,220.5860,76
2026-08-05 17:35:50,NVDA,220.5400,220.5600,220.3000,220.3400,23142.0000,220.4030,153
2026-08-05 17:35:55,NVDA,220.3400,220.4000,220.3200,220.3300,16436.0000,220.3620,100
2026-08-05 17:36:00,NVDA,220.3300,220.3700,220.1900,220.2200,39470.0000,220.2840,146
2026-08-05 17:36:05,NVDA,220.2100,220.3200,220.1700,220.2700,12732.0000,220.2470,85
2026-08-05 17:36:10,NVDA,220.2700,220.3000,220.2300,220.2800,22997.0000,220.2620,121
2026-08-05 17:36:15,NVDA,220.2800,220.2800,220.1300,220.1600,23176.0000,220.1750,82
2026-08-05 17:36:20,NVDA,220.1300,220.1600,220.0000,220.0000,51245.0000,220.0670,198
2026-08-05 17:36:25,NVDA,220.0200,220.0700,220.0000,220.0700,14899.0000,220.0230,70
2026-08-05 17:36:30,NVDA,220.0600,220.1300,220.0100,220.1200,26927.0000,220.0750,132
2026-08-05 17:36:35,NVDA,220.1100,220.1800,220.0800,220.1400,10168.0000,220.1310,64
2026-08-05 17:36:40,NVDA,220.1700,220.2800,220.1500,220.2000,14080.0000,220.2000,72
2026-08-05 17:36:45,NVDA,220.1700,220.2100,220.1200,220.2000,32155.0000,220.1480,99
2026-08-05 17:36:50,NVDA,220.2300,220.2300,220.1500,220.1700,15573.0000,220.1730,113
2026-08-05 17:36:55,NVDA,220.1800,220.2800,220.1800,220.2700,14344.0000,220.2360,83
2026-08-05 17:37:00,NVDA,220.2400,220.4000,220.2200,220.3800,24063.0000,220.3100,112
2026-08-05 17:37:05,NVDA,220.3800,220.3800,220.1100,220.1300,19385.0000,220.2470,103
2026-08-05 17:37:10,NVDA,220.1100,220.1300,219.8800,219.9200,49849.0000,220.0020,235
2026-08-05 17:37:15,NVDA,219.9100,219.9600,219.8100,219.9100,26146.0000,219.8900,144
2026-08-05 17:37:20,NVDA,219.9600,220.0100,219.9100,219.9200,7048.0000,219.9760,57
2026-08-05 17:37:25,NVDA,219.9300,220.0200,219.9100,219.9500,18671.0000,219.9620,102
2026-08-05 17:37:30,NVDA,219.9400,219.9400,219.7500,219.8200,29820.0000,219.8330,122
2026-08-05 17:37:35,NVDA,219.8200,219.8700,219.8000,219.8500,10572.0000,219.8250,61
2026-08-05 17:37:40,NVDA,219.8400,219.9600,219.8100,219.9500,18080.0000,219.8730,109
2026-08-05 17:37:45,NVDA,219.9400,220.0400,219.9200,219.9500,16942.0000,219.9690,106
2026-08-05 17:37:50,NVDA,219.9400,219.9800,219.8900,219.9100,13795.0000,219.9340,73
2026-08-05 17:37:55,NVDA,219.9100,219.9200,219.7900,219.8100,12008.0000,219.8490,60
2026-08-05 17:38:00,NVDA,219.8100,219.8700,219.7700,219.8200,20130.0000,219.8190,106
2026-08-05 17:38:05,NVDA,219.8100,219.8400,219.6300,219.7200,43735.0000,219.7300,198
2026-08-05 17:38:10,NVDA,219.7500,219.7700,219.6500,219.6700,26062.0000,219.6990,124
2026-08-05 17:38:15,NVDA,219.6700,219.7900,219.6500,219.7800,17309.0000,219.7300,114
2026-08-05 17:38:20,NVDA,219.7800,219.9000,219.7700,219.8600,17910.0000,219.8280,86
2026-08-05 17:38:25,NVDA,219.8900,220.0300,219.8800,220.0200,29038.0000,219.9530,152
2026-08-05 17:38:30,NVDA,220.0200,220.0700,219.8900,219.9600,19038.0000,219.9530,113
2026-08-05 17:38:35,NVDA,219.9300,219.9400,219.8800,219.9100,8478.0000,219.9050,59
2026-08-05 17:38:40,NVDA,219.9100,219.9100,219.8600,219.8700,10536.0000,219.8870,69
2026-08-05 17:38:45,NVDA,219.8900,220.0000,219.8900,219.9700,18235.0000,219.9440,105
2026-08-05 17:38:50,NVDA,219.9600,219.9600,219.8600,219.8900,12233.0000,219.8960,90
2026-08-05 17:38:55,NVDA,219.8900,219.9900,219.8800,219.9400,10505.0000,219.9360,80
2026-08-05 17:39:00,NVDA,219.9300,219.9900,219.9300,219.9700,8474.0000,219.9700,57
2026-08-05 17:39:05,NVDA,219.9600,220.1200,219.9400,220.1000,39582.0000,220.0310,257
2026-08-05 17:39:10,NVDA,220.1000,220.1200,219.9600,219.9600,15998.0000,220.0190,77
2026-08-05 17:39:15,NVDA,219.9600,220.0200,219.9000,220.0200,19601.0000,219.9650,109
2026-08-05 17:39:20,NVDA,220.0000,220.0100,219.8900,219.9600,16386.0000,219.9640,87
2026-08-05 17:39:25,NVDA,219.9500,220.0000,219.9400,219.9600,8924.0000,219.9630,59
2026-08-05 17:39:30,NVDA,219.9500,219.9600,219.8500,219.8600,11546.0000,219.8940,71
2026-08-05 17:39:35,NVDA,219.8500,219.8600,219.7800,219.8000,18842.0000,219.8150,102
2026-08-05 17:39:40,NVDA,219.7900,219.8100,219.7300,219.8000,14747.0000,219.7720,83
2026-08-05 17:39:45,NVDA,219.8100,219.8200,219.7500,219.7700,7722.0000,219.7780,56
2026-08-05 17:39:50,NVDA,219.7600,219.8300,219.7200,219.8000,8217.0000,219.7670,55
2026-08-05 17:39:55,NVDA,219.8000,219.8400,219.7700,219.8100,11876.0000,219.8010,75
2026-08-05 17:40:00,NVDA,219.7900,219.8100,219.6000,219.6800,34299.0000,219.7010,201
2026-08-05 17:40:05,NVDA,219.7000,219.8800,219.5700,219.7900,38665.0000,219.6930,227
2026-08-05 17:40:10,NVDA,219.8100,219.9800,219.7700,219.9400,26813.0000,219.8510,156
2026-08-05 17:40:15,NVDA,219.9300,219.9500,219.7500,219.8100,22726.0000,219.8380,134
2026-08-05 17:40:20,NVDA,219.8200,219.8900,219.8000,219.8700,7113.0000,219.8600,46
2026-08-05 17:40:25,NVDA,219.8600,219.8600,219.7200,219.7700,10596.0000,219.7780,65
2026-08-05 17:40:30,NVDA,219.7600,219.8100,219.7400,219.7900,14678.0000,219.7610,93
2026-08-05 17:40:35,NVDA,219.8000,219.8000,219.6900,219.7200,15817.0000,219.7390,90
2026-08-05 17:40:40,NVDA,219.7000,219.7300,219.6800,219.7300,14255.0000,219.7020,88
2026-08-05 17:40:45,NVDA,219.6900,219.7700,219.6900,219.7600,9712.0000,219.7350,50
2026-08-05 17:40:50,NVDA,219.7300,219.7500,219.6800,219.7100,17961.0000,219.7100,119
2026-08-05 17:40:55,NVDA,219.7200,219.7600,219.7100,219.7300,14396.0000,219.7290,92
2026-08-05 17:41:00,NVDA,219.7200,219.8600,219.7200,219.8300,15270.0000,219.8230,70
2026-08-05 17:41:05,NVDA,219.8300,219.8900,219.8100,219.8500,16210.0000,219.8430,78
2026-08-05 17:41:10,NVDA,219.8700,219.9600,219.8500,219.9000,19384.0000,219.9090,128
2026-08-05 17:41:15,NVDA,219.8900,219.9700,219.8400,219.9300,14594.0000,219.8840,87
2026-08-05 17:41:20,NVDA,219.9200,220.0000,219.9100,219.9500,28810.0000,219.9640,148
2026-08-05 17:41:25,NVDA,219.9400,220.0000,219.9200,219.9900,38590.0000,219.9730,210
2026-08-05 17:41:30,NVDA,220.0100,220.0500,219.9500,220.0000,23220.0000,220.0010,114
2026-08-05 17:41:35,NVDA,219.9800,219.9900,219.9100,219.9600,22122.0000,219.9460,106
2026-08-05 17:41:40,NVDA,219.9700,220.0100,219.9000,219.9200,15519.0000,219.9480,76
2026-08-05 17:41:45,NVDA,219.9100,220.0200,219.9000,220.0000,13115.0000,219.9550,72
2026-08-05 17:41:50,NVDA,220.0100,220.1400,220.0100,220.0700,28104.0000,220.0850,131
2026-08-05 17:41:55,NVDA,220.0600,220.2400,220.0500,220.1700,22181.0000,220.1700,103
2026-08-05 17:42:00,NVDA,220.1700,220.3000,220.1500,220.2100,30277.0000,220.2240,111
2026-08-05 17:42:05,NVDA,220.2200,220.2200,220.0800,220.1400,23779.0000,220.1240,105
2026-08-05 17:42:10,NVDA,220.1300,220.1400,220.0400,220.0400,8791.0000,220.1000,51
2026-08-05 17:42:15,NVDA,220.0200,220.0200,219.9300,219.9900,21459.0000,219.9820,83
2026-08-05 17:42:20,NVDA,219.9900,220.0200,219.9300,219.9600,8196.0000,219.9860,51
2026-08-05 17:42:25,NVDA,219.9500,220.1000,219.9500,220.0900,14426.0000,220.0140,69
2026-08-05 17:42:30,NVDA,220.0800,220.1200,219.9900,219.9900,10144.0000,220.0620,52
2026-08-05 17:42:35,NVDA,220.0000,220.0500,219.9800,220.0400,8069.0000,220.0150,49
2026-08-05 17:42:40,NVDA,220.0400,220.0900,220.0100,220.0800,8684.0000,220.0520,51
2026-08-05 17:42:45,NVDA,220.0700,220.2900,220.0700,220.2300,19271.0000,220.1990,93
2026-08-05 17:42:50,NVDA,220.2300,220.2300,220.1100,220.1800,17840.0000,220.1430,95
2026-08-05 17:42:55,NVDA,220.1800,220.1800,220.0400,220.0600,13971.0000,220.1130,75
2026-08-05 17:43:00,NVDA,220.0600,220.1400,220.0500,220.0700,10637.0000,220.1040,64
2026-08-05 17:43:05,NVDA,220.0800,220.0800,219.9400,219.9700,18585.0000,220.0090,66
2026-08-05 17:43:10,NVDA,219.9600,220.0000,219.9500,219.9500,10886.0000,219.9760,65
2026-08-05 17:43:15,NVDA,219.9500,220.0000,219.8200,219.8500,24579.0000,219.8880,115
2026-08-05 17:43:20,NVDA,219.8400,219.9000,219.8400,219.8900,8668.0000,219.8820,60
2026-08-05 17:43:25,NVDA,219.8800,219.8800,219.8300,219.8300,11863.0000,219.8460,64
2026-08-05 17:43:30,NVDA,219.8900,219.9800,219.8700,219.9200,8004.0000,219.9330,43
2026-08-05 17:43:35,NVDA,219.9300,220.0000,219.9200,219.9500,10242.0000,219.9670,50
2026-08-05 17:43:40,NVDA,219.9700,220.0000,219.9400,219.9800,11738.0000,219.9760,49
2026-08-05 17:43:45,NVDA,219.9800,219.9900,219.9300,219.9400,11173.0000,219.9560,55
2026-08-05 17:43:50,NVDA,219.9500,219.9600,219.8900,219.9300,11921.0000,219.9180,66
2026-08-05 17:43:55,NVDA,219.9400,220.0400,219.9300,220.0000,14191.0000,219.9790,55
2026-08-05 17:44:00,NVDA,219.9800,220.0100,219.9300,219.9500,19512.0000,219.9750,113
2026-08-05 17:44:05,NVDA,219.9700,219.9700,219.8400,219.8800,17088.0000,219.8960,88
2026-08-05 17:44:10,NVDA,219.8900,219.8900,219.7700,219.7700,24252.0000,219.8280,88
2026-08-05 17:44:15,NVDA,219.7600,219.8200,219.7400,219.7500,24174.0000,219.7670,108
2026-08-05 17:44:20,NVDA,219.7600,219.8100,219.7300,219.7500,17575.0000,219.7570,87
2026-08-05 17:44:25,NVDA,219.7400,219.7600,219.7000,219.7200,15809.0000,219.7230,78
2026-08-05 17:44:30,NVDA,219.7400,219.7400,219.5600,219.5900,20748.0000,219.6100,124
2026-08-05 17:44:35,NVDA,219.6100,219.7100,219.5800,219.6700,26544.0000,219.6360,84
2026-08-05 17:44:40,NVDA,219.6600,219.8300,219.6500,219.8000,14872.0000,219.7440,84
2026-08-05 17:44:45,NVDA,219.8000,219.8200,219.7700,219.7900,8850.0000,219.7840,46
2026-08-05 17:44:50,NVDA,219.7900,219.9400,219.7800,219.9200,8075.0000,219.8760,45
2026-08-05 17:44:55,NVDA,219.9300,219.9600,219.8600,219.9000,14259.0000,219.9150,78
2026-08-05 17:45:00,NVDA,219.9000,219.9300,219.7900,219.8300,10770.0000,219.8610,74
2026-08-05 17:45:05,NVDA,219.8100,219.8100,219.6400,219.7200,18799.0000,219.7410,83
2026-08-05 17:45:10,NVDA,219.7200,219.7600,219.6500,219.6600,7019.0000,219.7190,45
2026-08-05 17:45:15,NVDA,219.6600,219.6700,219.5900,219.6000,10840.0000,219.6360,70
2026-08-05 17:45:20,NVDA,219.6000,219.7000,219.5900,219.6900,13621.0000,219.6380,66
2026-08-05 17:45:25,NVDA,219.7000,219.7200,219.6300,219.6800,14195.0000,219.6690,82
2026-08-05 17:45:30,NVDA,219.6700,219.8800,219.6500,219.8500,12371.0000,219.7700,70
2026-08-05 17:45:35,NVDA,219.8600,219.8600,219.6500,219.6700,13932.0000,219.7240,83
2026-08-05 17:45:40,NVDA,219.6600,219.6700,219.6000,219.6700,14677.0000,219.6260,58
2026-08-05 17:45:45,NVDA,219.6700,219.7000,219.6000,219.7000,6374.0000,219.6400,40
2026-08-05 17:45:50,NVDA,219.6800,219.7200,219.6500,219.6700,10995.0000,219.6970,73
2026-08-05 17:45:55,NVDA,219.6800,219.7200,219.6400,219.6600,7501.0000,219.6790,48
2026-08-05 17:46:00,NVDA,219.6900,219.8400,219.6700,219.8000,16585.0000,219.7350,67
2026-08-05 17:46:05,NVDA,219.8000,219.8200,219.7600,219.7600,9497.0000,219.7990,45
2026-08-05 17:46:10,NVDA,219.8100,219.8500,219.7800,219.8200,6728.0000,219.8050,43
2026-08-05 17:46:15,NVDA,219.8200,219.8500,219.7600,219.8000,11006.0000,219.7960,55
2026-08-05 17:46:20,NVDA,219.8300,219.9500,219.8300,219.9300,23685.0000,219.8980,140
2026-08-05 17:46:25,NVDA,219.9500,219.9600,219.8500,219.8800,14139.0000,219.8950,73
2026-08-05 17:46:30,NVDA,219.8800,219.9800,219.8700,219.9700,14581.0000,219.9290,65
2026-08-05 17:46:35,NVDA,219.9600,220.1500,219.9500,220.1400,56341.0000,220.0170,223
2026-08-05 17:46:40,NVDA,220.1300,220.2100,220.1300,220.1400,17979.0000,220.1660,82
2026-08-05 17:46:45,NVDA,220.1500,220.1800,220.1100,220.1600,15290.0000,220.1390,87
2026-08-05 17:46:50,NVDA,220.1600,220.2600,220.1600,220.2400,19218.0000,220.2160,105
2026-08-05 17:46:55,NVDA,220.2400,220.2400,220.1600,220.1700,26415.0000,220.2090,136
2026-08-05 17:47:00,NVDA,220.1500,220.2000,220.1000,220.1000,19004.0000,220.1410,64
2026-08-05 17:47:05,NVDA,220.0800,220.0900,220.0000,220.0500,16243.0000,220.0460,50
2026-08-05 17:47:10,NVDA,220.0800,220.0800,220.0000,220.0600,8147.0000,220.0370,43
2026-08-05 17:47:15,NVDA,220.0500,220.2000,220.0100,220.1500,26806.0000,220.1280,136
2026-08-05 17:47:20,NVDA,220.1800,220.2000,220.1400,220.1600,15411.0000,220.1690,106
2026-08-05 17:47:25,NVDA,220.1600,220.2100,220.0400,220.1200,18508.0000,220.1420,128
2026-08-05 17:47:30,NVDA,220.0800,220.1700,220.0700,220.1500,30998.0000,220.1280,111
2026-08-05 17:47:35,NVDA,220.1300,220.1700,220.0700,220.1700,17640.0000,220.1200,102
2026-08-05 17:47:40,NVDA,220.1500,220.1700,220.1000,220.1500,12756.0000,220.1350,64
2026-08-05 17:47:45,NVDA,220.1300,220.1300,220.0700,220.1200,11351.0000,220.1020,64
2026-08-05 17:47:50,NVDA,220.1200,220.2100,220.1100,220.2000,16785.0000,220.1690,102
2026-08-05 17:47:55,NVDA,220.2000,220.2300,220.0500,220.0800,26727.0000,220.1660,123
2026-08-05 17:48:00,NVDA,220.0800,220.1200,220.0300,220.1000,11690.0000,220.0640,73
2026-08-05 17:48:05,NVDA,220.0800,220.0800,219.9300,220.0600,19488.0000,220.0090,107
2026-08-05 17:48:10,NVDA,220.0400,220.0800,220.0200,220.0600,11309.0000,220.0440,61
2026-08-05 17:48:15,NVDA,220.0500,220.0700,220.0200,220.0500,7375.0000,220.0380,36
2026-08-05 17:48:20,NVDA,220.0400,220.0700,220.0100,220.0500,11250.0000,220.0370,58
2026-08-05 17:48:25,NVDA,220.0500,220.0800,220.0300,220.0800,4719.0000,220.0530,25
2026-08-05 17:48:30,NVDA,220.0800,220.1300,220.0300,220.0900,13833.0000,220.0960,59
2026-08-05 17:48:35,NVDA,220.0900,220.1300,220.0700,220.0700,9417.0000,220.1050,34
2026-08-05 17:48:40,NVDA,220.0800,220.1100,220.0700,220.0900,4870.0000,220.0940,34
2026-08-05 17:48:45,NVDA,220.0800,220.1300,220.0600,220.1000,10599.0000,220.0900,48
2026-08-05 17:48:50,NVDA,220.1100,220.2000,220.1100,220.1800,11234.0000,220.1680,52
2026-08-05 17:48:55,NVDA,220.1700,220.1700,220.1100,220.1400,11813.0000,220.1390,56
2026-08-05 17:49:00,NVDA,220.1400,220.1600,220.1000,220.1200,16336.0000,220.1260,55
2026-08-05 17:49:05,NVDA,220.0900,220.1200,219.9800,220.0100,21063.0000,220.0460,109
2026-08-05 17:49:10,NVDA,220.0000,220.0000,219.9100,219.9500,17691.0000,219.9440,72
2026-08-05 17:49:15,NVDA,219.9500,220.0300,219.9200,220.0300,17329.0000,219.9810,79
2026-08-05 17:49:20,NVDA,220.0300,220.0500,220.0200,220.0500,6121.0000,220.0380,30
2026-08-05 17:49:25,NVDA,220.0200,220.0800,220.0100,220.0600,9559.0000,220.0490,50
2026-08-05 17:49:30,NVDA,220.0600,220.1600,220.0400,220.1500,12330.0000,220.1050,70
2026-08-05 17:49:35,NVDA,220.1500,220.1900,220.1400,220.1800,12855.0000,220.1690,72
2026-08-05 17:49:40,NVDA,220.1600,220.1900,220.0700,220.1000,12533.0000,220.1440,62
2026-08-05 17:49:45,NVDA,220.0800,220.1000,220.0800,220.1000,5174.0000,220.0880,29
2026-08-05 17:49:50,NVDA,220.1200,220.1400,220.0500,220.0600,9306.0000,220.1050,51
2026-08-05 17:49:55,NVDA,220.0800,220.0900,219.9300,219.9500,17380.0000,219.9990,114
2026-08-05 17:50:00,NVDA,219.9300,220.0800,219.8700,220.0800,22481.0000,219.9560,107
2026-08-05 17:50:05,NVDA,220.0800,220.1200,220.0500,220.0900,8970.0000,220.0840,61
2026-08-05 17:50:10,NVDA,220.0900,220.0900,220.0300,220.0500,11313.0000,220.0650,58
2026-08-05 17:50:15,NVDA,220.0300,220.0700,219.9400,219.9800,10665.0000,219.9760,69
2026-08-05 17:50:20,NVDA,219.9800,220.0300,219.8900,219.9300,9810.0000,219.9590,47
2026-08-05 17:50:25,NVDA,219.9200,219.9300,219.7800,219.8400,23090.0000,219.8490,104
2026-08-05 17:50:30,NVDA,219.8500,219.9800,219.8400,219.9500,7223.0000,219.9240,37
2026-08-05 17:50:35,NVDA,219.9700,219.9700,219.8500,219.9000,10129.0000,219.9120,52
2026-08-05 17:50:40,NVDA,219.8800,219.9100,219.8100,219.8800,10121.0000,219.8630,51
2026-08-05 17:50:45,NVDA,219.8900,219.8900,219.8400,219.8700,9901.0000,219.8600,72
2026-08-05 17:50:50,NVDA,219.8700,219.8700,219.7500,219.7900,6944.0000,219.7800,34
2026-08-05 17:50:55,NVDA,219.7800,219.8000,219.6600,219.7300,26400.0000,219.7300,114
2026-08-05 17:51:00,NVDA,219.7200,219.7700,219.6700,219.7000,16628.0000,219.7170,63
2026-08-05 17:51:05,NVDA,219.6900,219.7400,219.5500,219.6300,17900.0000,219.6230,84
2026-08-05 17:51:10,NVDA,219.6300,219.6400,219.5400,219.6300,19829.0000,219.5810,88
2026-08-05 17:51:15,NVDA,219.6500,219.6700,219.5600,219.6000,8865.0000,219.6050,50
2026-08-05 17:51:20,NVDA,219.6100,219.6100,219.2900,219.3200,90672.0000,219.4290,528
2026-08-05 17:51:25,NVDA,219.3400,219.3500,219.2700,219.3400,25455.0000,219.3150,140
2026-08-05 17:51:30,NVDA,219.3400,219.4600,219.3000,219.3500,20876.0000,219.3920,139
2026-08-05 17:51:35,NVDA,219.3600,219.3800,219.3100,219.3200,12266.0000,219.3320,50
2026-08-05 17:51:40,NVDA,219.3300,219.3400,219.1200,219.1700,66715.0000,219.2040,252
2026-08-05 17:51:45,NVDA,219.1900,219.2100,219.1600,219.1600,16539.0000,219.1790,83
2026-08-05 17:51:50,NVDA,219.1500,219.3200,219.1400,219.2900,19836.0000,219.2480,94
2026-08-05 17:51:55,NVDA,219.3100,219.3300,219.2700,219.3000,15156.0000,219.3070,73
2026-08-05 17:52:00,NVDA,219.3100,219.3500,219.2300,219.2500,21335.0000,219.2940,125
2026-08-05 17:52:05,NVDA,219.2600,219.3400,219.2400,219.3000,15299.0000,219.2930,68
2026-08-05 17:52:10,NVDA,219.3200,219.3200,219.1800,219.2000,14031.0000,219.2380,57
2026-08-05 17:52:15,NVDA,219.1900,219.2100,219.1300,219.1300,18035.0000,219.1740,74
2026-08-05 17:52:20,NVDA,219.1500,219.1500,218.9200,218.9200,105253.0000,219.0050,363
2026-08-05 17:52:25,NVDA,218.9400,219.0000,218.7600,218.8900,58985.0000,218.8500,221
2026-08-05 17:52:30,NVDA,218.8900,218.9500,218.8600,218.9300,18863.0000,218.8970,98
2026-08-05 17:52:35,NVDA,218.9100,218.9400,218.8300,218.8400,11493.0000,218.9000,70
2026-08-05 17:52:40,NVDA,218.8300,218.8600,218.7800,218.8300,35041.0000,218.8150,107
2026-08-05 17:52:45,NVDA,218.8100,218.9500,218.8000,218.8900,21245.0000,218.8740,96
2026-08-05 17:52:50,NVDA,218.8800,218.9000,218.8200,218.8800,11798.0000,218.8610,66
2026-08-05 17:52:55,NVDA,218.8800,218.9400,218.8400,218.9300,21144.0000,218.9070,102
2026-08-05 17:53:00,NVDA,218.9200,218.9300,218.8300,218.8500,17721.0000,218.8800,109
2026-08-05 17:53:05,NVDA,218.8500,219.0000,218.8300,218.9700,25893.0000,218.9480,106
2026-08-05 17:53:10,NVDA,218.9700,219.0000,218.8600,218.8700,26134.0000,218.9500,128
2026-08-05 17:53:15,NVDA,218.8700,218.9400,218.8500,218.9000,13688.0000,218.9000,64
2026-08-05 17:53:20,NVDA,218.9100,218.9400,218.8800,218.9300,7273.0000,218.9080,51
2026-08-05 17:53:25,NVDA,218.9500,218.9600,218.8900,218.9000,8761.0000,218.9120,70
2026-08-05 17:53:30,NVDA,218.8800,218.8800,218.8100,218.8500,10259.0000,218.8350,58
2026-08-05 17:53:35,NVDA,218.8400,218.8400,218.7100,218.7300,24044.0000,218.7660,101
2026-08-05 17:53:40,NVDA,218.7100,218.7600,218.3400,218.4400,90549.0000,218.5320,424
2026-08-05 17:53:45,NVDA,218.4300,218.5000,218.3800,218.3900,43295.0000,218.4170,234
2026-08-05 17:53:50,NVDA,218.4200,218.4600,218.3500,218.4600,22273.0000,218.4010,124
2026-08-05 17:53:55,NVDA,218.4300,218.4600,218.4100,218.4400,19102.0000,218.4350,82
2026-08-05 17:54:00,NVDA,218.4500,218.4900,218.3600,218.4300,23350.0000,218.4220,119
2026-08-05 17:54:05,NVDA,218.4300,218.4900,218.4200,218.4700,23044.0000,218.4620,100
2026-08-05 17:54:10,NVDA,218.4800,218.4800,218.3800,218.3800,15766.0000,218.4410,99
2026-08-05 17:54:15,NVDA,218.4100,218.5100,218.3900,218.4100,18120.0000,218.4540,90
2026-08-05 17:54:20,NVDA,218.4300,218.4900,218.4100,218.4600,30689.0000,218.4540,147
2026-08-05 17:54:25,NVDA,218.4400,218.5200,218.4300,218.5200,14858.0000,218.4540,98
2026-08-05 17:54:30,NVDA,218.5100,218.6300,218.4600,218.6100,43844.0000,218.5340,112
2026-08-05 17:54:35,NVDA,218.6100,218.6900,218.6000,218.6800,30659.0000,218.6450,102
2026-08-05 17:54:40,NVDA,218.6800,218.7400,218.6700,218.7400,23311.0000,218.6960,118
2026-08-05 17:54:45,NVDA,218.7200,218.7900,218.6900,218.7800,13188.0000,218.7450,51
2026-08-05 17:54:50,NVDA,218.7800,218.8700,218.7600,218.8500,26729.0000,218.8140,105
2026-08-05 17:54:55,NVDA,218.8500,218.9000,218.8200,218.8900,19584.0000,218.8630,103
2026-08-05 17:55:00,NVDA,218.9000,218.9600,218.8600,218.8900,39246.0000,218.9080,151
2026-08-05 17:55:05,NVDA,218.8700,218.9100,218.7500,218.7700,22895.0000,218.8030,92
2026-08-05 17:55:10,NVDA,218.7700,218.8000,218.7400,218.7600,10050.0000,218.7590,66
2026-08-05 17:55:15,NVDA,218.7500,218.7800,218.5700,218.6500,24471.0000,218.6890,126
2026-08-05 17:55:20,NVDA,218.6500,218.6500,218.5500,218.6000,21163.0000,218.5930,106
2026-08-05 17:55:25,NVDA,218.5700,218.6400,218.5700,218.5900,15042.0000,218.5990,57
2026-08-05 17:55:30,NVDA,218.5900,218.7200,218.5600,218.6900,40652.0000,218.6430,158
2026-08-05 17:55:35,NVDA,218.7000,218.7400,218.6500,218.7100,16366.0000,218.7130,64
2026-08-05 17:55:40,NVDA,218.7000,218.7600,218.6700,218.6700,13724.0000,218.7250,94
2026-08-05 17:55:45,NVDA,218.7000,218.7000,218.6400,218.6500,11945.0000,218.6700,54
2026-08-05 17:55:50,NVDA,218.6400,218.6500,218.5800,218.5800,11500.0000,218.6240,67
2026-08-05 17:55:55,NVDA,218.6100,218.7100,218.6000,218.6200,18715.0000,218.6440,143
2026-08-05 17:56:00,NVDA,218.6200,218.6300,218.4200,218.4400,38339.0000,218.4770,187
2026-08-05 17:56:05,NVDA,218.4400,218.5400,218.4400,218.4800,16116.0000,218.5040,101
2026-08-05 17:56:10,NVDA,218.4800,218.4800,218.4000,218.4500,17944.0000,218.4270,109
2026-08-05 17:56:15,NVDA,218.4600,218.5400,218.4400,218.5400,19831.0000,218.4720,105
2026-08-05 17:56:20,NVDA,218.5400,218.5900,218.5000,218.5600,19341.0000,218.5410,94
2026-08-05 17:56:25,NVDA,218.5700,218.6100,218.5400,218.5900,33585.0000,218.5820,226
2026-08-05 17:56:30,NVDA,218.5900,218.6400,218.5800,218.6400,23113.0000,218.6170,140
2026-08-05 17:56:35,NVDA,218.6400,218.7200,218.5800,218.6800,21140.0000,218.6530,137
2026-08-05 17:56:40,NVDA,218.6800,218.7400,218.6600,218.7100,21827.0000,218.7030,113
2026-08-05 17:56:45,NVDA,218.7300,218.8700,218.7200,218.8700,35342.0000,218.7620,174
2026-08-05 17:56:50,NVDA,218.8600,218.8600,218.6700,218.7200,21660.0000,218.7370,112
2026-08-05 17:56:55,NVDA,218.7200,218.7900,218.7100,218.7700,13380.0000,218.7520,49
2026-08-05 17:57:00,NVDA,218.7700,218.7900,218.7300,218.7400,9014.0000,218.7610,57
2026-08-05 17:57:05,NVDA,218.7500,218.9000,218.7400,218.8600,13541.0000,218.8300,79
2026-08-05 17:57:10,NVDA,218.8600,218.9700,218.8400,218.9500,33926.0000,218.9110,126
2026-08-05 17:57:15,NVDA,218.9800,219.0200,218.9300,219.0000,39792.0000,218.9860,190
2026-08-05 17:57:20,NVDA,219.0100,219.2200,219.0000,219.2100,30374.0000,219.1290,118
2026-08-05 17:57:25,NVDA,219.2200,219.3200,219.2100,219.3100,24383.0000,219.2880,139
2026-08-05 17:57:30,NVDA,219.3100,219.4000,219.2900,219.3400,37636.0000,219.3530,209
2026-08-05 17:57:35,NVDA,219.3200,219.4600,219.3000,219.3700,42150.0000,219.3840,222
2026-08-05 17:57:40,NVDA,219.3700,219.3800,219.2700,219.3400,25578.0000,219.3250,98
2026-08-05 17:57:45,NVDA,219.3400,219.3700,219.2800,219.3100,12948.0000,219.3170,62
2026-08-05 17:57:50,NVDA,219.3100,219.3800,219.2700,219.3200,11217.0000,219.3400,54
2026-08-05 17:57:55,NVDA,219.3300,219.3500,219.2600,219.3000,17322.0000,219.2930,55
2026-08-05 17:58:00,NVDA,219.2800,219.4900,219.2800,219.4800,21395.0000,219.3780,114
2026-08-05 17:58:05,NVDA,219.4800,219.4800,219.3800,219.4000,15301.0000,219.4490,89
2026-08-05 17:58:10,NVDA,219.3700,219.4400,219.3700,219.4300,12440.0000,219.4160,72
2026-08-05 17:58:15,NVDA,219.4300,219.4300,219.2800,219.3100,23491.0000,219.3560,124
2026-08-05 17:58:20,NVDA,219.3100,219.3300,219.1200,219.1700,44739.0000,219.2390,192
2026-08-05 17:58:25,NVDA,219.1300,219.1500,218.9200,218.9900,27625.0000,219.0130,155
2026-08-05 17:58:30,NVDA,218.9900,219.0100,218.8800,218.8800,29956.0000,218.9590,111
2026-08-05 17:58:35,NVDA,218.8800,218.9900,218.8100,218.8700,49451.0000,218.8920,307
2026-08-05 17:58:40,NVDA,218.8700,218.8700,218.7800,218.8300,24168.0000,218.8190,117
2026-08-05 17:58:45,NVDA,218.7800,218.8400,218.7400,218.7600,17636.0000,218.7900,64
2026-08-05 17:58:50,NVDA,218.7600,218.7600,218.6300,218.6700,18816.0000,218.6730,99
2026-08-05 17:58:55,NVDA,218.6700,218.7100,218.6400,218.7000,24659.0000,218.6770,109
2026-08-05 17:59:00,NVDA,218.7000,218.7100,218.6200,218.6600,10339.0000,218.6600,65
2026-08-05 17:59:05,NVDA,218.6700,218.8000,218.6600,218.7800,34766.0000,218.6970,155
2026-08-05 17:59:10,NVDA,218.8000,218.8700,218.7900,218.8500,16359.0000,218.8350,97
2026-08-05 17:59:15,NVDA,218.8500,218.8600,218.7700,218.7800,7774.0000,218.8200,47
2026-08-05 17:59:20,NVDA,218.8000,218.8700,218.7700,218.8400,18483.0000,218.8040,125
2026-08-05 17:59:25,NVDA,218.8500,218.9700,218.8400,218.9400,7660.0000,218.9130,47
2026-08-05 17:59:30,NVDA,218.9400,219.0600,218.9400,219.0600,14214.0000,219.0010,67
2026-08-05 17:59:35,NVDA,219.0600,219.1300,218.9700,219.0200,17827.0000,219.0610,116
2026-08-05 17:59:40,NVDA,219.0000,219.0000,218.9000,218.9100,13087.0000,218.9430,79
2026-08-05 17:59:45,NVDA,218.9200,218.9300,218.8600,218.8600,8748.0000,218.8990,53
2026-08-05 17:59:50,NVDA,218.8600,218.8900,218.8200,218.8600,7633.0000,218.8600,54
2026-08-05 17:59:55,NVDA,218.8700,218.8800,218.7800,218.8000,12239.0000,218.8090,49
2026-08-05 18:00:00,NVDA,218.8100,218.8900,218.8100,218.8300,18913.0000,218.8490,133
2026-08-05 18:00:05,NVDA,218.8300,218.8700,218.7400,218.8200,23440.0000,218.8130,144
2026-08-05 18:00:10,NVDA,218.8200,218.8600,218.7700,218.8200,13740.0000,218.8230,99
2026-08-05 18:00:15,NVDA,218.8300,218.8500,218.7500,218.8300,14853.0000,218.7970,109
2026-08-05 18:00:20,NVDA,218.8400,218.8900,218.8300,218.8700,10896.0000,218.8630,48
2026-08-05 18:00:25,NVDA,218.8700,218.9600,218.8300,218.9100,17273.0000,218.9140,72
2026-08-05 18:00:30,NVDA,218.9400,219.0100,218.8800,219.0100,20510.0000,218.9320,103
2026-08-05 18:00:35,NVDA,219.0200,219.1000,218.9900,219.0700,17149.0000,219.0610,77
2026-08-05 18:00:40,NVDA,219.0600,219.1400,218.9600,219.1100,19670.0000,219.0690,99
2026-08-05 18:00:45,NVDA,219.1100,219.1300,219.0300,219.0700,17360.0000,219.0730,78
2026-08-05 18:00:50,NVDA,219.0700,219.1200,219.0600,219.1100,11554.0000,219.0960,44
2026-08-05 18:00:55,NVDA,219.1300,219.1700,219.1000,219.1400,15595.0000,219.1440,100
2026-08-05 18:01:00,NVDA,219.1300,219.2300,219.1200,219.2200,19674.0000,219.1860,91
2026-08-05 18:01:05,NVDA,219.2200,219.2200,219.1300,219.1500,15747.0000,219.1540,71
2026-08-05 18:01:10,NVDA,219.1300,219.2000,219.0700,219.0800,17049.0000,219.1360,81
2026-08-05 18:01:15,NVDA,219.0900,219.1100,219.0100,219.1100,26294.0000,219.0450,92
2026-08-05 18:01:20,NVDA,219.1200,219.1500,219.0900,219.1300,9332.0000,219.1190,45
2026-08-05 18:01:25,NVDA,219.1200,219.1600,219.1000,219.1200,7922.0000,219.1330,46
2026-08-05 18:01:30,NVDA,219.1200,219.1700,219.0800,219.1200,14660.0000,219.1150,49
2026-08-05 18:01:35,NVDA,219.1200,219.2000,219.0700,219.1400,7887.0000,219.1300,57
2026-08-05 18:01:40,NVDA,219.1300,219.1600,219.0600,219.1600,9450.0000,219.0960,49
2026-08-05 18:01:45,NVDA,219.1400,219.2000,219.1400,219.1400,18750.0000,219.1600,43
2026-08-05 18:01:50,NVDA,219.1400,219.1900,219.1200,219.1800,12118.0000,219.1570,49
2026-08-05 18:01:55,NVDA,219.1800,219.1900,219.1600,219.1800,10101.0000,219.1800,50
2026-08-05 18:02:00,NVDA,219.2000,219.2700,219.1700,219.2100,38107.0000,219.2210,147
2026-08-05 18:02:05,NVDA,219.2000,219.2600,219.1900,219.2600,13874.0000,219.2200,50
2026-08-05 18:02:10,NVDA,219.2800,219.3500,219.2800,219.3200,11476.0000,219.3200,67
2026-08-05 18:02:15,NVDA,219.3000,219.3300,219.2600,219.3200,21255.0000,219.2900,107
2026-08-05 18:02:20,NVDA,219.3000,219.3300,219.2800,219.3000,9644.0000,219.3060,38
2026-08-05 18:02:25,NVDA,219.3000,219.3900,219.2900,219.3700,17885.0000,219.3530,67
2026-08-05 18:02:30,NVDA,219.3700,219.4300,219.3300,219.4200,17452.0000,219.3920,86
2026-08-05 18:02:35,NVDA,219.4000,219.4400,219.3600,219.4300,12458.0000,219.3890,67
2026-08-05 18:02:40,NVDA,219.4300,219.4400,219.3600,219.3800,20550.0000,219.3910,109
2026-08-05 18:02:45,NVDA,219.3800,219.4100,219.3500,219.3700,10925.0000,219.3810,58
2026-08-05 18:02:50,NVDA,219.3600,219.4000,219.3500,219.4000,11954.0000,219.3700,35
2026-08-05 18:02:55,NVDA,219.4100,219.4100,219.3000,219.3200,13512.0000,219.3480,70
2026-08-05 18:03:00,NVDA,219.3100,219.3100,219.1900,219.2500,19083.0000,219.2530,93
2026-08-05 18:03:05,NVDA,219.2300,219.2700,219.2100,219.2300,6911.0000,219.2480,39
2026-08-05 18:03:10,NVDA,219.2500,219.2500,219.1900,219.2100,4652.0000,219.2180,27
2026-08-05 18:03:15,NVDA,219.2100,219.2600,219.1600,219.1900,20960.0000,219.2080,95
2026-08-05 18:03:20,NVDA,219.2000,219.2800,219.1900,219.2600,5185.0000,219.2410,29
2026-08-05 18:03:25,NVDA,219.2600,219.2700,219.1900,219.2000,8924.0000,219.2410,51
2026-08-05 18:03:30,NVDA,219.2000,219.2100,219.1800,219.2000,9352.0000,219.1920,53
2026-08-05 18:03:35,NVDA,219.2000,219.2000,219.1000,219.1300,9193.0000,219.1380,50
2026-08-05 18:03:40,NVDA,219.1300,219.1500,219.1100,219.1300,16111.0000,219.1330,62
2026-08-05 18:03:45,NVDA,219.1300,219.1900,219.1200,219.1900,8994.0000,219.1540,48
2026-08-05 18:03:50,NVDA,219.1900,219.2200,219.0800,219.0800,17948.0000,219.1710,109
2026-08-05 18:03:55,NVDA,219.0900,219.1200,219.0700,219.0900,6715.0000,219.0970,37
2026-08-05 18:04:00,NVDA,219.1100,219.1700,219.0900,219.1200,11609.0000,219.1320,45
2026-08-05 18:04:05,NVDA,219.1100,219.1300,219.0600,219.0800,11099.0000,219.0840,52
2026-08-05 18:04:10,NVDA,219.0800,219.0900,218.9600,219.0200,19730.0000,219.0210,91
2026-08-05 18:04:15,NVDA,219.0300,219.0300,218.9500,218.9600,11800.0000,218.9920,37
2026-08-05 18:04:20,NVDA,218.9600,218.9700,218.9100,218.9300,10199.0000,218.9420,59
2026-08-05 18:04:25,NVDA,218.9400,219.0300,218.9100,219.0200,7281.0000,218.9720,32
2026-08-05 18:04:30,NVDA,218.9800,219.0400,218.9700,218.9800,9051.0000,219.0010,55
2026-08-05 18:04:35,NVDA,218.9900,219.0300,218.9100,219.0300,10499.0000,218.9660,47
2026-08-05 18:04:40,NVDA,219.0100,219.1000,219.0100,219.0800,15025.0000,219.0540,86
2026-08-05 18:04:45,NVDA,219.0700,219.1400,219.0400,219.1300,15976.0000,219.0770,96
2026-08-05 18:04:50,NVDA,219.1300,219.1400,219.0600,219.0700,14331.0000,219.0940,74
2026-08-05 18:04:55,NVDA,219.0800,219.1500,219.0700,219.1500,8300.0000,219.1050,32
2026-08-05 18:05:00,NVDA,219.1500,219.2700,219.1500,219.2100,24254.0000,219.2140,125
2026-08-05 18:05:05,NVDA,219.2000,219.2100,219.1000,219.1200,14717.0000,219.1560,72
2026-08-05 18:05:10,NVDA,219.1300,219.1600,219.0400,219.0400,21468.0000,219.0900,111
2026-08-05 18:05:15,NVDA,219.0300,219.0400,218.9400,218.9400,27749.0000,218.9970,113
2026-08-05 18:05:20,NVDA,218.9400,219.0000,218.9200,218.9600,15422.0000,218.9590,88
2026-08-05 18:05:25,NVDA,218.9700,218.9800,218.9400,218.9700,7222.0000,218.9610,39
2026-08-05 18:05:30,NVDA,218.9900,219.1100,218.9800,219.1100,12737.0000,219.0330,55
2026-08-05 18:05:35,NVDA,219.1100,219.1800,219.1000,219.1300,11587.0000,219.1530,56
2026-08-05 18:05:40,NVDA,219.1200,219.1500,219.0800,219.0800,11503.0000,219.1020,61
2026-08-05 18:05:45,NVDA,219.0700,219.1500,219.0700,219.1200,4727.0000,219.1070,32
2026-08-05 18:05:50,NVDA,219.1200,219.1200,219.0700,219.0800,9344.0000,219.0970,51
2026-08-05 18:05:55,NVDA,219.1100,219.1200,219.0000,219.0200,12958.0000,219.0410,86
2026-08-05 18:06:00,NVDA,219.0100,219.0300,218.9500,219.0000,18018.0000,218.9960,76
2026-08-05 18:06:05,NVDA,219.0000,219.0700,218.9700,219.0200,17775.0000,219.0180,72
2026-08-05 18:06:10,NVDA,219.0500,219.2700,219.0100,219.2500,14172.0000,219.1500,70
2026-08-05 18:06:15,NVDA,219.2600,219.2600,219.1500,219.1800,18496.0000,219.2230,56
2026-08-05 18:06:20,NVDA,219.1500,219.2800,219.1500,219.2800,9328.0000,219.2310,52
2026-08-05 18:06:25,NVDA,219.2800,219.3500,219.2300,219.3400,16572.0000,219.2840,85
2026-08-05 18:06:30,NVDA,219.3400,219.4000,219.3100,219.3800,26320.0000,219.3700,101
2026-08-05 18:06:35,NVDA,219.3800,219.5000,219.3600,219.3900,27632.0000,219.4320,125
2026-08-05 18:06:40,NVDA,219.3900,219.3900,219.3200,219.3800,15312.0000,219.3610,73
2026-08-05 18:06:45,NVDA,219.3800,219.4500,219.3500,219.4400,20364.0000,219.4150,63
2026-08-05 18:06:50,NVDA,219.4100,219.5000,219.4100,219.5000,22856.0000,219.4690,87
2026-08-05 18:06:55,NVDA,219.4800,219.5000,219.4200,219.4300,18895.0000,219.4530,86
2026-08-05 18:07:00,NVDA,219.4200,219.4500,219.3500,219.3700,12419.0000,219.4020,71
2026-08-05 18:07:05,NVDA,219.3700,219.4000,219.3100,219.3800,22366.0000,219.3560,91
2026-08-05 18:07:10,NVDA,219.3800,219.3900,219.3100,219.3700,4545.0000,219.3480,32
2026-08-05 18:07:15,NVDA,219.3700,219.3800,219.3200,219.3500,11431.0000,219.3600,76
2026-08-05 18:07:20,NVDA,219.3300,219.3400,219.2900,219.2900,19416.0000,219.3190,81
2026-08-05 18:07:25,NVDA,219.3000,219.3100,219.2500,219.3100,17494.0000,219.2820,80
2026-08-05 18:07:30,NVDA,219.3000,219.3200,219.2200,219.2300,13339.0000,219.2680,69
2026-08-05 18:07:35,NVDA,219.2200,219.2500,219.1600,219.1900,10240.0000,219.1930,46
2026-08-05 18:07:40,NVDA,219.2100,219.2700,219.1900,219.2100,12728.0000,219.2350,84
2026-08-05 18:07:45,NVDA,219.2100,219.2600,219.1900,219.2200,8659.0000,219.2230,48
2026-08-05 18:07:50,NVDA,219.1900,219.2100,219.1700,219.1900,10373.0000,219.1920,67
2026-08-05 18:07:55,NVDA,219.1900,219.2100,219.1700,219.2000,3735.0000,219.1920,30
2026-08-05 18:08:00,NVDA,219.1800,219.1800,219.1200,219.1300,10596.0000,219.1470,72
2026-08-05 18:08:05,NVDA,219.1300,219.1300,218.9600,218.9900,16266.0000,219.0310,99
2026-08-05 18:08:10,NVDA,218.9700,219.0900,218.9600,219.0700,11291.0000,219.0500,76
2026-08-05 18:08:15,NVDA,219.0600,219.1700,219.0500,219.1700,15932.0000,219.1000,92
2026-08-05 18:08:20,NVDA,219.1600,219.2600,219.1600,219.2200,16633.0000,219.2300,94
2026-08-05 18:08:25,NVDA,219.2200,219.2800,219.2100,219.2200,17835.0000,219.2440,97
2026-08-05 18:08:30,NVDA,219.2300,219.2300,219.1500,219.1800,9693.0000,219.1800,55
2026-08-05 18:08:35,NVDA,219.1800,219.1800,219.1100,219.1400,8671.0000,219.1500,53
2026-08-05 18:08:40,NVDA,219.1500,219.2000,219.1300,219.1300,7347.0000,219.1760,40
2026-08-05 18:08:45,NVDA,219.1100,219.1900,219.1100,219.1700,9023.0000,219.1550,63
2026-08-05 18:08:50,NVDA,219.1800,219.1900,219.1400,219.1600,6068.0000,219.1610,34
2026-08-05 18:08:55,NVDA,219.1800,219.1900,219.1400,219.1600,11688.0000,219.1700,64
2026-08-05 18:09:00,NVDA,219.1400,219.2900,219.1400,219.2400,11501.0000,219.2210,55
2026-08-05 18:09:05,NVDA,219.2700,219.2900,219.1800,219.2100,8993.0000,219.2490,49
2026-08-05 18:09:10,NVDA,219.2200,219.2300,219.1700,219.1800,8992.0000,219.1950,48
2026-08-05 18:09:15,NVDA,219.1800,219.3300,219.1600,219.3200,7954.0000,219.2470,51
2026-08-05 18:09:20,NVDA,219.3200,219.4000,219.2600,219.3900,14095.0000,219.3220,95
2026-08-05 18:09:25,NVDA,219.3800,219.4900,219.3800,219.4800,16440.0000,219.4400,90
2026-08-05 18:09:30,NVDA,219.4900,219.4900,219.3700,219.3900,43774.0000,219.4110,170
2026-08-05 18:09:35,NVDA,219.3900,219.3900,219.3000,219.3100,9839.0000,219.3410,61
2026-08-05 18:09:40,NVDA,219.3100,219.3700,219.2900,219.3400,9122.0000,219.3240,49
2026-08-05 18:09:45,NVDA,219.3400,219.3700,219.3100,219.3700,7240.0000,219.3460,36
2026-08-05 18:09:50,NVDA,219.3600,219.3600,219.2900,219.2900,10811.0000,219.3230,76
2026-08-05 18:09:55,NVDA,219.2900,219.3700,219.2900,219.3400,8642.0000,219.3260,42
2026-08-05 18:10:00,NVDA,219.3100,219.3300,219.2700,219.2900,9502.0000,219.3010,76
2026-08-05 18:10:05,NVDA,219.2800,219.3100,219.2400,219.3000,7005.0000,219.2810,38
2026-08-05 18:10:10,NVDA,219.2900,219.3700,219.2800,219.3400,12383.0000,219.3410,84
2026-08-05 18:10:15,NVDA,219.3400,219.3500,219.3100,219.3400,12463.0000,219.3280,53
2026-08-05 18:10:20,NVDA,219.3400,219.3700,219.3300,219.3500,18746.0000,219.3490,107
2026-08-05 18:10:25,NVDA,219.3300,219.4100,219.2700,219.3500,14596.0000,219.3530,89
2026-08-05 18:10:30,NVDA,219.3400,219.3800,219.3300,219.3400,7152.0000,219.3500,41
2026-08-05 18:10:35,NVDA,219.3400,219.3400,219.2700,219.2900,11348.0000,219.2970,65
2026-08-05 18:10:40,NVDA,219.2900,219.3300,219.2800,219.3000,4703.0000,219.3050,32
2026-08-05 18:10:45,NVDA,219.2700,219.3700,219.2700,219.3000,14877.0000,219.3120,88
2026-08-05 18:10:50,NVDA,219.3100,219.3400,219.3000,219.3300,2885.0000,219.3230,24
2026-08-05 18:10:55,NVDA,219.3300,219.3700,219.3300,219.3400,8634.0000,219.3530,62
2026-08-05 18:11:00,NVDA,219.3300,219.4300,219.3300,219.4000,18043.0000,219.3960,89
2026-08-05 18:11:05,NVDA,219.3800,219.3900,219.3300,219.3500,8823.0000,219.3670,55
2026-08-05 18:11:10,NVDA,219.3500,219.4100,219.3100,219.4100,7659.0000,219.3470,45
2026-08-05 18:11:15,NVDA,219.4200,219.4300,219.3600,219.3800,6667.0000,219.4080,32
2026-08-05 18:11:20,NVDA,219.3700,219.3800,219.3100,219.3300,8979.0000,219.3400,54
2026-08-05 18:11:25,NVDA,219.3200,219.3200,219.2300,219.2800,17750.0000,219.2630,105
2026-08-05 18:11:30,NVDA,219.2700,219.3400,219.2600,219.3200,5437.0000,219.3110,39
2026-08-05 18:11:35,NVDA,219.3200,219.3300,219.2900,219.2900,6298.0000,219.3040,32
2026-08-05 18:11:40,NVDA,219.2900,219.2900,219.1700,219.1800,8853.0000,219.2330,53
2026-08-05 18:11:45,NVDA,219.1700,219.1800,219.1300,219.1700,11443.0000,219.1540,69
2026-08-05 18:11:50,NVDA,219.1800,219.2600,219.1700,219.1800,11909.0000,219.2110,76
2026-08-05 18:11:55,NVDA,219.1900,219.2400,219.1500,219.2400,14329.0000,219.1790,82
2026-08-05 18:12:00,NVDA,219.2300,219.3300,219.2100,219.2900,8254.0000,219.2650,49
2026-08-05 18:12:05,NVDA,219.3100,219.3100,219.2500,219.3100,11507.0000,219.2810,69
2026-08-05 18:12:10,NVDA,219.3200,219.4500,219.3000,219.4200,13157.0000,219.3840,68
2026-08-05 18:12:15,NVDA,219.4200,219.5500,219.4100,219.5500,28495.0000,219.4910,128
2026-08-05 18:12:20,NVDA,219.5500,219.7600,219.5400,219.7100,127622.0000,219.6840,714
2026-08-05 18:12:25,NVDA,219.7000,219.7300,219.6800,219.7100,39322.0000,219.7020,172
2026-08-05 18:12:30,NVDA,219.7200,219.7200,219.6600,219.6600,13352.0000,219.6970,80
2026-08-05 18:12:35,NVDA,219.6700,219.7100,219.6600,219.7100,4503.0000,219.6860,33
2026-08-05 18:12:40,NVDA,219.7200,219.7900,219.7200,219.7600,14630.0000,219.7630,62
2026-08-05 18:12:45,NVDA,219.7600,219.7700,219.6700,219.6800,21031.0000,219.7320,103
2026-08-05 18:12:50,NVDA,219.6600,219.7000,219.6200,219.6600,10743.0000,219.6540,71
2026-08-05 18:12:55,NVDA,219.6400,219.6600,219.6000,219.6000,16118.0000,219.6200,72
2026-08-05 18:13:00,NVDA,219.6000,219.6600,219.5500,219.6000,19734.0000,219.6090,106
2026-08-05 18:13:05,NVDA,219.5700,219.5700,219.3900,219.4300,19265.0000,219.4690,81
2026-08-05 18:13:10,NVDA,219.4400,219.4900,219.4300,219.4500,8604.0000,219.4560,33
2026-08-05 18:13:15,NVDA,219.4600,219.5100,219.4300,219.5100,7711.0000,219.4580,53
2026-08-05 18:13:20,NVDA,219.4800,219.5400,219.4700,219.4900,9437.0000,219.4950,53
2026-08-05 18:13:25,NVDA,219.4800,219.5200,219.4800,219.5100,8106.0000,219.4990,36
2026-08-05 18:13:30,NVDA,219.4900,219.5000,219.4400,219.4700,14321.0000,219.4690,79
2026-08-05 18:13:35,NVDA,219.4900,219.4900,219.4500,219.4800,3227.0000,219.4680,21
2026-08-05 18:13:40,NVDA,219.4600,219.5100,219.4200,219.4400,19682.0000,219.4570,101
2026-08-05 18:13:45,NVDA,219.4300,219.4500,219.3000,219.3400,25027.0000,219.3570,84
2026-08-05 18:13:50,NVDA,219.3100,219.3700,219.2900,219.3200,8085.0000,219.3310,50
2026-08-05 18:13:55,NVDA,219.3500,219.3500,219.3000,219.3400,10562.0000,219.3280,37
2026-08-05 18:14:00,NVDA,219.3500,219.4300,219.3100,219.4100,10957.0000,219.3690,85
2026-08-05 18:14:05,NVDA,219.3800,219.4300,219.3700,219.3800,14036.0000,219.4010,57
2026-08-05 18:14:10,NVDA,219.3700,219.3800,219.2700,219.3000,14136.0000,219.3300,93
2026-08-05 18:14:15,NVDA,219.3000,219.4000,219.2900,219.3600,13161.0000,219.3450,44
2026-08-05 18:14:20,NVDA,219.3700,219.4200,219.3000,219.4200,7546.0000,219.3510,57
2026-08-05 18:14:25,NVDA,219.4000,219.4600,219.3900,219.4500,13493.0000,219.4170,70
2026-08-05 18:14:30,NVDA,219.4600,219.4600,219.4100,219.4100,15540.0000,219.4270,66
2026-08-05 18:14:35,NVDA,219.4000,219.5300,219.4000,219.4900,13144.0000,219.4600,69
2026-08-05 18:14:40,NVDA,219.5100,219.5100,219.4300,219.4300,7398.0000,219.4640,46
2026-08-05 18:14:45,NVDA,219.4500,219.4700,219.3700,219.3800,10443.0000,219.4250,51
2026-08-05 18:14:50,NVDA,219.3800,219.4000,219.3100,219.3300,10966.0000,219.3420,60
2026-08-05 18:14:55,NVDA,219.3200,219.3400,219.2900,219.3400,10089.0000,219.3150,43
2026-08-05 18:15:00,NVDA,219.3500,219.4600,219.3500,219.4100,18195.0000,219.4160,81
2026-08-05 18:15:05,NVDA,219.3900,219.4300,219.3800,219.4300,4648.0000,219.4080,31
2026-08-05 18:15:10,NVDA,219.4500,219.4800,219.4100,219.4400,15283.0000,219.4550,89
2026-08-05 18:15:15,NVDA,219.4400,219.4700,219.4000,219.4000,5030.0000,219.4390,35
2026-08-05 18:15:20,NVDA,219.3900,219.4100,219.3200,219.3400,11741.0000,219.3610,61
2026-08-05 18:15:25,NVDA,219.3500,219.3700,219.2900,219.3000,14026.0000,219.3150,73
2026-08-05 18:15:30,NVDA,219.3100,219.3200,219.2400,219.2400,10168.0000,219.2710,47
2026-08-05 18:15:35,NVDA,219.2600,219.3300,219.2400,219.3300,8431.0000,219.2760,32
2026-08-05 18:15:40,NVDA,219.2900,219.3100,219.2400,219.3100,8654.0000,219.2660,50
2026-08-05 18:15:45,NVDA,219.3600,219.3700,219.2000,219.2300,13821.0000,219.3050,92
2026-08-05 18:15:50,NVDA,219.2200,219.2600,219.2100,219.2400,7010.0000,219.2280,42
2026-08-05 18:15:55,NVDA,219.2600,219.2600,219.1600,219.1700,8229.0000,219.1900,53
2026-08-05 18:16:00,NVDA,219.1800,219.1800,218.9100,218.9500,59219.0000,219.0300,242
2026-08-05 18:16:05,NVDA,218.9300,219.0000,218.8900,218.9100,24666.0000,218.9280,122
2026-08-05 18:16:10,NVDA,218.9300,218.9900,218.8800,218.8900,9418.0000,218.9270,51
2026-08-05 18:16:15,NVDA,218.9100,218.9600,218.9000,218.9300,9165.0000,218.9390,59
2026-08-05 18:16:20,NVDA,218.9300,219.0100,218.8900,218.9700,12867.0000,218.9520,88
2026-08-05 18:16:25,NVDA,218.9800,219.0800,218.9500,219.0700,30661.0000,219.0230,127
2026-08-05 18:16:30,NVDA,219.0800,219.1500,219.0800,219.1300,12503.0000,219.1200,76
2026-08-05 18:16:35,NVDA,219.1200,219.1600,219.0800,219.1400,13022.0000,219.1260,70
2026-08-05 18:16:40,NVDA,219.1600,219.2600,219.1400,219.2500,12854.0000,219.2250,61
2026-08-05 18:16:45,NVDA,219.2600,219.2700,219.2400,219.2400,9657.0000,219.2520,60
2026-08-05 18:16:50,NVDA,219.2600,219.3000,219.2500,219.2700,16790.0000,219.2730,92
2026-08-05 18:16:55,NVDA,219.2800,219.2900,219.2200,219.2400,12009.0000,219.2550,73
2026-08-05 18:17:00,NVDA,219.2500,219.2600,219.1900,219.2100,19391.0000,219.2210,107
2026-08-05 18:17:05,NVDA,219.2000,219.2100,219.1000,219.1200,21069.0000,219.1700,98
2026-08-05 18:17:10,NVDA,219.1200,219.2100,219.1100,219.1700,14875.0000,219.1750,83
2026-08-05 18:17:15,NVDA,219.1500,219.1500,219.1300,219.1400,5705.0000,219.1370,32
2026-08-05 18:17:20,NVDA,219.1400,219.1400,219.1000,219.1100,6660.0000,219.1160,34
2026-08-05 18:17:25,NVDA,219.1000,219.1800,219.0700,219.1400,17099.0000,219.1270,118
2026-08-05 18:17:30,NVDA,219.1500,219.1900,219.0900,219.1000,3417.0000,219.1510,27
2026-08-05 18:17:35,NVDA,219.0800,219.1200,219.0100,219.0200,5885.0000,219.0790,37
2026-08-05 18:17:40,NVDA,219.0200,219.0600,219.0000,219.0200,13540.0000,219.0250,45
2026-08-05 18:17:45,NVDA,219.0200,219.0800,219.0000,219.0300,18940.0000,219.0250,99
2026-08-05 18:17:50,NVDA,219.0400,219.0500,219.0100,219.0500,3502.0000,219.0200,20
2026-08-05 18:17:55,NVDA,219.0400,219.0700,219.0100,219.0300,14570.0000,219.0370,70
2026-08-05 18:18:00,NVDA,219.0300,219.0300,218.9400,218.9500,10540.0000,218.9770,57
2026-08-05 18:18:05,NVDA,218.9500,218.9600,218.5500,218.6100,63001.0000,218.7220,337
2026-08-05 18:18:10,NVDA,218.6100,218.7700,218.5500,218.6500,40234.0000,218.6650,240
2026-08-05 18:18:15,NVDA,218.6400,218.8600,218.6400,218.8500,16632.0000,218.7790,81
2026-08-05 18:18:20,NVDA,218.8700,218.8800,218.7200,218.7400,17761.0000,218.8000,81
2026-08-05 18:18:25,NVDA,218.7500,218.7600,218.7000,218.7100,9605.0000,218.7350,30
2026-08-05 18:18:30,NVDA,218.7300,218.7600,218.6300,218.7400,31441.0000,218.6810,170
2026-08-05 18:18:35,NVDA,218.7500,218.7700,218.6600,218.7000,24735.0000,218.7220,126
2026-08-05 18:18:40,NVDA,218.7200,218.7500,218.6100,218.6500,16776.0000,218.6630,66
2026-08-05 18:18:45,NVDA,218.6400,218.6800,218.6200,218.6700,9365.0000,218.6490,49
2026-08-05 18:18:50,NVDA,218.6500,218.6700,218.6100,218.6300,14237.0000,218.6400,71
2026-08-05 18:18:55,NVDA,218.6600,218.7000,218.6300,218.6700,18016.0000,218.6730,107
2026-08-05 18:19:00,NVDA,218.6700,218.7400,218.6400,218.6700,21103.0000,218.6840,98
2026-08-05 18:19:05,NVDA,218.7100,218.7800,218.6600,218.7500,26394.0000,218.7130,96
2026-08-05 18:19:10,NVDA,218.7300,218.8400,218.7300,218.8000,14463.0000,218.7920,69
2026-08-05 18:19:15,NVDA,218.7900,218.8800,218.7900,218.8300,9892.0000,218.8380,51
2026-08-05 18:19:20,NVDA,218.8300,218.8700,218.8000,218.8500,15597.0000,218.8330,83
2026-08-05 18:19:25,NVDA,218.8600,219.0200,218.8500,218.9600,33997.0000,218.9270,175
2026-08-05 18:19:30,NVDA,218.9700,219.0500,218.9200,219.0400,13677.0000,218.9830,84
2026-08-05 18:19:35,NVDA,219.0200,219.1200,219.0100,219.1100,22008.0000,219.0560,116
2026-08-05 18:19:40,NVDA,219.0800,219.1100,219.0300,219.0400,21735.0000,219.0860,105
2026-08-05 18:19:45,NVDA,219.0500,219.0700,219.0000,219.0400,17156.0000,219.0300,90
2026-08-05 18:19:50,NVDA,219.0400,219.1200,219.0400,219.1200,21094.0000,219.0710,79
2026-08-05 18:19:55,NVDA,219.1100,219.2200,219.1100,219.2100,18709.0000,219.1550,77
2026-08-05 18:20:00,NVDA,219.1900,219.2400,219.1100,219.1100,23143.0000,219.1630,157
2026-08-05 18:20:05,NVDA,219.1100,219.1400,219.0000,219.0000,16452.0000,219.0620,96
2026-08-05 18:20:10,NVDA,219.0200,219.1000,219.0000,219.0600,16558.0000,219.0540,105
2026-08-05 18:20:15,NVDA,219.0500,219.0900,219.0500,219.0700,8824.0000,219.0650,50
2026-08-05 18:20:20,NVDA,219.0600,219.0900,218.9000,218.9400,35401.0000,218.9850,210
2026-08-05 18:20:25,NVDA,218.9400,218.9900,218.9300,218.9800,14051.0000,218.9690,61
2026-08-05 18:20:30,NVDA,218.9600,218.9900,218.9100,218.9700,13122.0000,218.9450,76
2026-08-05 18:20:35,NVDA,218.9900,219.0400,218.9600,218.9800,10753.0000,218.9930,67
2026-08-05 18:20:40,NVDA,218.9800,219.1100,218.9700,219.1000,9340.0000,219.0630,67
2026-08-05 18:20:45,NVDA,219.1000,219.1200,219.0400,219.0700,5658.0000,219.0690,34
2026-08-05 18:20:50,NVDA,219.0700,219.1500,219.0400,219.1500,3936.0000,219.0830,28
2026-08-05 18:20:55,NVDA,219.1400,219.1800,219.1200,219.1800,11378.0000,219.1450,63
2026-08-05 18:21:00,NVDA,219.1800,219.2400,219.1500,219.2100,20515.0000,219.1890,110
2026-08-05 18:21:05,NVDA,219.2400,219.2400,219.1500,219.1800,24520.0000,219.1940,66
2026-08-05 18:21:10,NVDA,219.1700,219.2200,219.1600,219.2200,10920.0000,219.1870,53
2026-08-05 18:21:15,NVDA,219.2100,219.2300,219.2000,219.2000,7144.0000,219.2120,57
2026-08-05 18:21:20,NVDA,219.2000,219.2300,219.1600,219.2200,18276.0000,219.1980,127
2026-08-05 18:21:25,NVDA,219.2200,219.2600,219.1900,219.2400,21326.0000,219.2230,104
2026-08-05 18:21:30,NVDA,219.2400,219.2500,219.1000,219.1200,22689.0000,219.1560,96
2026-08-05 18:21:35,NVDA,219.1200,219.1700,219.1100,219.1700,5329.0000,219.1480,35
2026-08-05 18:21:40,NVDA,219.1700,219.2200,219.1500,219.2200,18279.0000,219.1730,81
2026-08-05 18:21:45,NVDA,219.2100,219.2100,219.1700,219.2100,6268.0000,219.1960,39
2026-08-05 18:21:50,NVDA,219.1900,219.2400,219.1900,219.2300,11250.0000,219.2140,67
2026-08-05 18:21:55,NVDA,219.2400,219.5800,219.2400,219.5400,115733.0000,219.4000,566
2026-08-05 18:22:00,NVDA,219.5400,219.7000,219.5000,219.5700,39579.0000,219.6230,181
2026-08-05 18:22:05,NVDA,219.5700,219.6400,219.5300,219.5500,17534.0000,219.5700,77
2026-08-05 18:22:10,NVDA,219.5500,219.6100,219.5300,219.5700,6561.0000,219.5600,43
2026-08-05 18:22:15,NVDA,219.5600,219.5900,219.5000,219.5900,21592.0000,219.5450,97
2026-08-05 18:22:20,NVDA,219.5600,219.5800,219.5400,219.5500,7792.0000,219.5640,43
2026-08-05 18:22:25,NVDA,219.5600,219.5600,219.4000,219.4100,8552.0000,219.4740,44
2026-08-05 18:22:30,NVDA,219.4100,219.4200,219.3600,219.3700,11643.0000,219.3850,52
2026-08-05 18:22:35,NVDA,219.3800,219.3800,219.2700,219.2800,18539.0000,219.3010,91
2026-08-05 18:22:40,NVDA,219.2600,219.2800,219.2100,219.2800,9859.0000,219.2540,54
2026-08-05 18:22:45,NVDA,219.2700,219.2700,219.2000,219.2500,7834.0000,219.2310,45
2026-08-05 18:22:50,NVDA,219.2300,219.2800,219.2000,219.2700,7997.0000,219.2460,45
2026-08-05 18:22:55,NVDA,219.2700,219.2800,219.2200,219.2400,5527.0000,219.2450,38
2026-08-05 18:23:00,NVDA,219.2500,219.2700,219.2000,219.2000,8559.0000,219.2270,51
2026-08-05 18:23:05,NVDA,219.1900,219.2200,219.0800,219.1100,14945.0000,219.1350,86
2026-08-05 18:23:10,NVDA,219.1000,219.1700,219.0800,219.1000,8333.0000,219.1290,57
2026-08-05 18:23:15,NVDA,219.1200,219.1700,219.1100,219.1200,7094.0000,219.1400,46
2026-08-05 18:23:20,NVDA,219.1300,219.1300,219.1000,219.1000,5193.0000,219.1100,32
2026-08-05 18:23:25,NVDA,219.1200,219.1400,219.0800,219.1100,7513.0000,219.1080,49
2026-08-05 18:23:30,NVDA,219.1000,219.1400,219.0700,219.1400,19050.0000,219.1000,118
2026-08-05 18:23:35,NVDA,219.1300,219.2100,219.1300,219.1900,13247.0000,219.1520,67
2026-08-05 18:23:40,NVDA,219.1700,219.1700,219.1100,219.1100,44110.0000,219.1320,92
2026-08-05 18:23:45,NVDA,219.1100,219.1500,219.0800,219.0800,8275.0000,219.1170,62
2026-08-05 18:23:50,NVDA,219.0700,219.0900,219.0200,219.0500,8130.0000,219.0520,56
2026-08-05 18:23:55,NVDA,219.0400,219.0600,218.8500,218.8500,55920.0000,218.9660,242
2026-08-05 18:24:00,NVDA,218.8500,218.8800,218.8000,218.8300,25198.0000,218.8440,116
2026-08-05 18:24:05,NVDA,218.8400,218.8500,218.7600,218.7900,22831.0000,218.8100,113
2026-08-05 18:24:10,NVDA,218.8000,218.8600,218.8000,218.8300,15396.0000,218.8270,87
2026-08-05 18:24:15,NVDA,218.8000,218.8500,218.7600,218.8400,16573.0000,218.8060,110
2026-08-05 18:24:20,NVDA,218.8500,218.8900,218.7800,218.8700,12022.0000,218.8280,70
2026-08-05 18:24:25,NVDA,218.8500,219.2800,218.8500,219.2800,74193.0000,219.0490,325
2026-08-05 18:24:30,NVDA,219.2700,219.3900,219.2700,219.3900,30411.0000,219.3270,135
2026-08-05 18:24:35,NVDA,219.3500,219.4500,219.3400,219.4000,11924.0000,219.3900,55
2026-08-05 18:24:40,NVDA,219.4000,219.4000,219.2800,219.3000,9822.0000,219.3340,60
2026-08-05 18:24:45,NVDA,219.3100,219.3100,219.2500,219.2800,5653.0000,219.2850,30
2026-08-05 18:24:50,NVDA,219.2600,219.2600,219.1400,219.1400,15310.0000,219.2130,82
2026-08-05 18:24:55,NVDA,219.1300,219.1500,219.0600,219.0800,7983.0000,219.1230,39
2026-08-05 18:25:00,NVDA,219.0800,219.0900,218.9500,218.9800,15289.0000,218.9890,77
2026-08-05 18:25:05,NVDA,218.9200,219.0200,218.9200,218.9800,11470.0000,218.9720,54
2026-08-05 18:25:10,NVDA,218.9800,218.9900,218.8200,218.8600,14226.0000,218.9060,48
2026-08-05 18:25:15,NVDA,218.8800,218.9700,218.8800,218.9700,6874.0000,218.9150,37
2026-08-05 18:25:20,NVDA,218.9300,218.9800,218.9100,218.9700,8120.0000,218.9470,46
2026-08-05 18:25:25,NVDA,218.9800,219.1000,218.9600,219.0900,10512.0000,219.0400,59
2026-08-05 18:25:30,NVDA,219.0800,219.0800,219.0100,219.0400,7824.0000,219.0380,51
2026-08-05 18:25:35,NVDA,219.0500,219.0500,218.9700,218.9800,11525.0000,219.0060,43
2026-08-05 18:25:40,NVDA,218.9800,218.9800,218.9300,218.9600,12419.0000,218.9580,74
2026-08-05 18:25:45,NVDA,218.9700,218.9800,218.9400,218.9400,3886.0000,218.9570,23
2026-08-05 18:25:50,NVDA,218.9400,218.9900,218.9400,218.9500,6070.0000,218.9670,40
2026-08-05 18:25:55,NVDA,218.9400,218.9900,218.9300,218.9700,4991.0000,218.9600,28
2026-08-05 18:26:00,NVDA,218.9800,219.0900,218.9200,219.0900,44453.0000,218.9620,199
2026-08-05 18:26:05,NVDA,219.0900,219.1800,219.0500,219.1300,17788.0000,219.0930,107
2026-08-05 18:26:10,NVDA,219.1200,219.1300,219.0400,219.0800,9316.0000,219.0910,57
2026-08-05 18:26:15,NVDA,219.0700,219.1000,219.0300,219.0700,5878.0000,219.0650,33
2026-08-05 18:26:20,NVDA,219.0700,219.0800,219.0100,219.0300,7014.0000,219.0390,30
2026-08-05 18:26:25,NVDA,219.0300,219.0600,219.0200,219.0400,4004.0000,219.0390,29
2026-08-05 18:26:30,NVDA,219.0400,219.0900,219.0200,219.0400,5197.0000,219.0530,30
2026-08-05 18:26:35,NVDA,219.0400,219.0500,219.0100,219.0400,3151.0000,219.0250,22
2026-08-05 18:26:40,NVDA,219.0500,219.0900,219.0000,219.0600,14458.0000,219.0250,78
2026-08-05 18:26:45,NVDA,219.0600,219.2100,219.0600,219.1100,8628.0000,219.1600,50
2026-08-05 18:26:50,NVDA,219.1400,219.1600,219.1200,219.1500,10074.0000,219.1440,52
2026-08-05 18:26:55,NVDA,219.1500,219.1600,219.0900,219.1500,15631.0000,219.1240,62
2026-08-05 18:27:00,NVDA,219.1500,219.1600,219.0600,219.0900,5996.0000,219.1040,45
2026-08-05 18:27:05,NVDA,219.1100,219.1800,219.1000,219.1300,8777.0000,219.1430,48
2026-08-05 18:27:10,NVDA,219.1700,219.1700,219.1400,219.1600,3295.0000,219.1490,26
2026-08-05 18:27:15,NVDA,219.1600,219.1800,219.1300,219.1800,16767.0000,219.1450,105
2026-08-05 18:27:20,NVDA,219.1900,219.2100,219.1400,219.1900,7354.0000,219.1710,53
2026-08-05 18:27:25,NVDA,219.1800,219.2100,219.1200,219.2000,7827.0000,219.1540,48
2026-08-05 18:27:30,NVDA,219.1900,219.1900,219.1300,219.1600,6657.0000,219.1520,48
2026-08-05 18:27:35,NVDA,219.1600,219.3800,219.1400,219.3400,33016.0000,219.2840,154
2026-08-05 18:27:40,NVDA,219.3200,219.4300,219.3200,219.4200,16144.0000,219.3920,87
2026-08-05 18:27:45,NVDA,219.4300,219.4500,219.3700,219.3900,30114.0000,219.3980,148
2026-08-05 18:27:50,NVDA,219.4000,219.4000,219.3500,219.3700,10629.0000,219.3710,59
2026-08-05 18:27:55,NVDA,219.3700,219.3700,219.2900,219.2900,6493.0000,219.3280,52
2026-08-05 18:28:00,NVDA,219.3100,219.3100,219.1500,219.1700,15252.0000,219.1950,90
2026-08-05 18:28:05,NVDA,219.1700,219.2100,219.0900,219.1000,24262.0000,219.1240,130
2026-08-05 18:28:10,NVDA,219.1100,219.1100,219.0500,219.0900,18447.0000,219.0720,102
2026-08-05 18:28:15,NVDA,219.0600,219.0900,219.0400,219.0500,25195.0000,219.0650,89
2026-08-05 18:28:20,NVDA,219.0600,219.1000,219.0200,219.0900,50325.0000,219.0460,282
2026-08-05 18:28:25,NVDA,219.0900,219.2300,219.0900,219.2200,8440.0000,219.1680,46
2026-08-05 18:28:30,NVDA,219.2100,219.2200,219.1100,219.1400,10201.0000,219.1610,70
2026-08-05 18:28:35,NVDA,219.1400,219.1700,219.1300,219.1500,10767.0000,219.1590,31
2026-08-05 18:28:40,NVDA,219.1700,219.2400,219.1700,219.2300,17982.0000,219.2070,36
2026-08-05 18:28:45,NVDA,219.2500,219.2500,219.1400,219.1400,6369.0000,219.1940,46
2026-08-05 18:28:50,NVDA,219.1500,219.1600,219.0800,219.1000,9747.0000,219.1320,33
2026-08-05 18:28:55,NVDA,219.1000,219.1100,219.0400,219.0900,5318.0000,219.0830,30
2026-08-05 18:29:00,NVDA,219.0700,219.1100,219.0500,219.0800,3566.0000,219.0770,31
2026-08-05 18:29:05,NVDA,219.0900,219.1000,219.0400,219.0400,2645.0000,219.0800,17
2026-08-05 18:29:10,NVDA,219.0600,219.0600,219.0300,219.0500,7532.0000,219.0470,46
2026-08-05 18:29:15,NVDA,219.0300,219.0400,218.9500,219.0300,70593.0000,219.0020,261
2026-08-05 18:29:20,NVDA,219.0300,219.0800,219.0200,219.0800,9280.0000,219.0500,51
2026-08-05 18:29:25,NVDA,219.0500,219.2200,219.0500,219.2000,8711.0000,219.1250,61
2026-08-05 18:29:30,NVDA,219.1800,219.2100,219.1600,219.1700,8948.0000,219.1870,69
2026-08-05 18:29:35,NVDA,219.1800,219.2000,219.0100,219.0100,8965.0000,219.1370,50
2026-08-05 18:29:40,NVDA,219.0500,219.0900,219.0400,219.0700,3873.0000,219.0690,25
2026-08-05 18:29:45,NVDA,219.0400,219.0900,219.0300,219.0800,6329.0000,219.0450,46
2026-08-05 18:29:50,NVDA,219.0900,219.1000,219.0600,219.0700,10004.0000,219.0680,70
2026-08-05 18:29:55,NVDA,219.0700,219.1200,219.0700,219.1100,11431.0000,219.1080,77
2026-08-05 18:30:00,NVDA,219.1000,219.1900,219.0800,219.1700,12639.0000,219.1450,71
2026-08-05 18:30:05,NVDA,219.1700,219.2800,219.1600,219.2300,14957.0000,219.2230,72
2026-08-05 18:30:10,NVDA,219.2500,219.2500,219.1900,219.2400,7965.0000,219.2210,52
2026-08-05 18:30:15,NVDA,219.2500,219.2800,219.2500,219.2700,10252.0000,219.2650,69
2026-08-05 18:30:20,NVDA,219.2700,219.3500,219.2600,219.3100,20236.0000,219.3100,103
2026-08-05 18:30:25,NVDA,219.3200,219.3400,219.2500,219.2800,10461.0000,219.2910,86
2026-08-05 18:30:30,NVDA,219.2600,219.3100,219.2400,219.3100,9818.0000,219.2780,62
2026-08-05 18:30:35,NVDA,219.3000,219.4000,219.3000,219.3700,9835.0000,219.3810,67
2026-08-05 18:30:40,NVDA,219.3700,219.4300,219.3700,219.3700,12708.0000,219.3990,74
2026-08-05 18:30:45,NVDA,219.3900,219.4200,219.3600,219.4200,13569.0000,219.3970,50
2026-08-05 18:30:50,NVDA,219.4300,219.4800,219.4300,219.4400,9766.0000,219.4510,59
2026-08-05 18:30:55,NVDA,219.4500,219.4600,219.4100,219.4200,13283.0000,219.4410,54
2026-08-05 18:31:00,NVDA,219.4300,219.4900,219.4200,219.4600,20102.0000,219.4730,101
2026-08-05 18:31:05,NVDA,219.4600,219.4900,219.4300,219.4700,11325.0000,219.4660,67
2026-08-05 18:31:10,NVDA,219.4600,219.6600,219.4600,219.6600,33601.0000,219.5410,122
2026-08-05 18:31:15,NVDA,219.6600,219.6600,219.6100,219.6500,13904.0000,219.6390,77
2026-08-05 18:31:20,NVDA,219.6500,219.7500,219.6500,219.7500,18730.0000,219.7040,92
2026-08-05 18:31:25,NVDA,219.7500,219.7700,219.7300,219.7500,10721.0000,219.7520,76
2026-08-05 18:31:30,NVDA,219.7500,219.8500,219.7500,219.8300,20333.0000,219.8090,109
2026-08-05 18:31:35,NVDA,219.8400,219.9600,219.8400,219.9500,39154.0000,219.9060,155
2026-08-05 18:31:40,NVDA,219.9300,219.9900,219.8900,219.9100,44062.0000,219.9700,161
2026-08-05 18:31:45,NVDA,219.9100,219.9100,219.8400,219.8800,20072.0000,219.8720,88
2026-08-05 18:31:50,NVDA,219.8900,219.9500,219.8800,219.9400,10331.0000,219.9170,39
2026-08-05 18:31:55,NVDA,219.9300,219.9300,219.8100,219.8500,11417.0000,219.8640,64
2026-08-05 18:32:00,NVDA,219.8300,219.9100,219.8300,219.9000,11505.0000,219.8850,52
2026-08-05 18:32:05,NVDA,219.8900,219.9600,219.8900,219.9000,12402.0000,219.9320,65
2026-08-05 18:32:10,NVDA,219.9000,219.9300,219.8900,219.9100,9225.0000,219.9090,47
2026-08-05 18:32:15,NVDA,219.9100,220.0300,219.9000,220.0200,94061.0000,219.9910,268
2026-08-05 18:32:20,NVDA,220.0200,220.0800,220.0100,220.0700,14123.0000,220.0530,77
2026-08-05 18:32:25,NVDA,220.0700,220.1300,220.0500,220.1300,21127.0000,220.0800,112
2026-08-05 18:32:30,NVDA,220.1200,220.1200,220.0000,220.0000,36556.0000,220.0650,217
2026-08-05 18:32:35,NVDA,220.0100,220.0700,220.0100,220.0600,12516.0000,220.0440,51
2026-08-05 18:32:40,NVDA,220.0600,220.1700,220.0600,220.1700,24061.0000,220.1400,104
2026-08-05 18:32:45,NVDA,220.1500,220.1800,220.1100,220.1100,21439.0000,220.1550,116
2026-08-05 18:32:50,NVDA,220.1100,220.1300,219.9500,220.0100,24315.0000,220.0490,110
2026-08-05 18:32:55,NVDA,220.0200,220.0600,220.0000,220.0200,14128.0000,220.0420,51
2026-08-05 18:33:00,NVDA,220.0100,220.0600,219.9900,220.0000,8170.0000,220.0210,47
2026-08-05 18:33:05,NVDA,219.9900,220.0100,219.9400,219.9600,13690.0000,219.9770,63
2026-08-05 18:33:10,NVDA,219.9600,220.0100,219.9400,219.9600,17073.0000,219.9660,95
2026-08-05 18:33:15,NVDA,219.9500,219.9800,219.9200,219.9700,9119.0000,219.9480,54
2026-08-05 18:33:20,NVDA,219.9800,219.9800,219.8700,219.9100,19142.0000,219.9170,109
2026-08-05 18:33:25,NVDA,219.9100,219.9200,219.7700,219.8000,12254.0000,219.8210,63
2026-08-05 18:33:30,NVDA,219.7900,219.8100,219.7300,219.7900,13584.0000,219.7710,81
2026-08-05 18:33:35,NVDA,219.7900,219.8400,219.7700,219.7800,8289.0000,219.8030,52
2026-08-05 18:33:40,NVDA,219.7700,219.7700,219.7200,219.7700,6776.0000,219.7560,38
2026-08-05 18:33:45,NVDA,219.7500,219.8700,219.7300,219.8700,9552.0000,219.8070,55
2026-08-05 18:33:50,NVDA,219.8600,219.9300,219.8500,219.8600,12175.0000,219.9010,78
2026-08-05 18:33:55,NVDA,219.8600,219.8900,219.8500,219.8900,8884.0000,219.8680,43
2026-08-05 18:34:00,NVDA,219.8800,219.9600,219.8700,219.9600,13089.0000,219.9320,62
2026-08-05 18:34:05,NVDA,219.9500,219.9800,219.9300,219.9700,18165.0000,219.9560,54
2026-08-05 18:34:10,NVDA,219.9600,219.9700,219.8100,219.8300,13094.0000,219.8750,81
2026-08-05 18:34:15,NVDA,219.8200,219.8600,219.8100,219.8600,9347.0000,219.8310,70
2026-08-05 18:34:20,NVDA,219.8500,219.9400,219.8400,219.9400,9867.0000,219.8910,68
2026-08-05 18:34:25,NVDA,219.9300,219.9300,219.8900,219.9200,7924.0000,219.9130,41
2026-08-05 18:34:30,NVDA,219.9200,219.9800,219.9100,219.9200,18558.0000,219.9480,66
2026-08-05 18:34:35,NVDA,219.9200,219.9500,219.8500,219.8500,6620.0000,219.9150,34
2026-08-05 18:34:40,NVDA,219.8300,219.8600,219.8000,219.8600,11440.0000,219.8300,56
2026-08-05 18:34:45,NVDA,219.8500,219.8600,219.7100,219.7200,10135.0000,219.7780,64
2026-08-05 18:34:50,NVDA,219.7200,219.7400,219.6100,219.6200,10848.0000,219.6510,50
2026-08-05 18:34:55,NVDA,219.6200,219.6900,219.6000,219.6800,14452.0000,219.6280,101
2026-08-05 18:35:00,NVDA,219.6800,219.8100,219.6700,219.7900,15786.0000,219.7430,88
2026-08-05 18:35:05,NVDA,219.8000,219.8300,219.7400,219.8300,12683.0000,219.7920,71
2026-08-05 18:35:10,NVDA,219.8300,219.8400,219.8000,219.8100,7083.0000,219.8120,31
2026-08-05 18:35:15,NVDA,219.8100,219.8100,219.7100,219.8100,18282.0000,219.7680,111
2026-08-05 18:35:20,NVDA,219.8000,219.8000,219.7400,219.7400,11991.0000,219.7730,65
2026-08-05 18:35:25,NVDA,219.7600,219.7600,219.7100,219.7200,10151.0000,219.7350,83
2026-08-05 18:35:30,NVDA,219.7200,219.8000,219.7200,219.7900,5746.0000,219.7690,39
2026-08-05 18:35:35,NVDA,219.7900,219.7900,219.7400,219.7500,14845.0000,219.7530,88
2026-08-05 18:35:40,NVDA,219.7400,219.8100,219.7400,219.7600,5556.0000,219.7780,29
2026-08-05 18:35:45,NVDA,219.7900,219.8100,219.7700,219.8100,4096.0000,219.7890,31
2026-08-05 18:35:50,NVDA,219.8000,219.8500,219.7800,219.8200,22371.0000,219.8030,125
2026-08-05 18:35:55,NVDA,219.8100,219.8600,219.7900,219.8600,5099.0000,219.8250,31
2026-08-05 18:36:00,NVDA,219.8500,219.8900,219.8400,219.8700,22518.0000,219.8620,59
2026-08-05 18:36:05,NVDA,219.8600,219.9900,219.8100,219.8400,40446.0000,219.8940,158
2026-08-05 18:36:10,NVDA,219.8400,219.8800,219.7900,219.8800,14260.0000,219.8390,52
2026-08-05 18:36:15,NVDA,219.8500,219.8800,219.7800,219.8000,8327.0000,219.8360,41
2026-08-05 18:36:20,NVDA,219.7900,219.8400,219.7900,219.8100,7398.0000,219.8150,49
2026-08-05 18:36:25,NVDA,219.8100,219.8200,219.7900,219.8000,6526.0000,219.8070,39
2026-08-05 18:36:30,NVDA,219.8200,219.9000,219.8200,219.8900,4921.0000,219.8610,17
2026-08-05 18:36:35,NVDA,219.8800,219.9000,219.8600,219.8900,4400.0000,219.8810,29
2026-08-05 18:36:40,NVDA,219.8900,219.9000,219.8400,219.8800,8337.0000,219.8720,61
2026-08-05 18:36:45,NVDA,219.8400,219.8800,219.8200,219.8800,4521.0000,219.8440,25
2026-08-05 18:36:50,NVDA,219.8700,219.9000,219.8600,219.8900,4536.0000,219.8800,30
2026-08-05 18:36:55,NVDA,219.9000,219.9600,219.8800,219.9400,7513.0000,219.9050,44
2026-08-05 18:37:00,NVDA,219.9400,219.9800,219.9300,219.9600,11974.0000,219.9500,59
2026-08-05 18:37:05,NVDA,219.9600,219.9700,219.8700,219.9300,11356.0000,219.9140,69
2026-08-05 18:37:10,NVDA,219.9200,219.9700,219.9100,219.9600,3967.0000,219.9320,25
2026-08-05 18:37:15,NVDA,219.9500,220.0600,219.9500,220.0400,48135.0000,220.0100,185
2026-08-05 18:37:20,NVDA,220.0400,220.1300,219.9900,220.1300,21975.0000,220.0590,123
2026-08-05 18:37:25,NVDA,220.1300,220.1600,220.0900,220.1000,24552.0000,220.1190,126
2026-08-05 18:37:30,NVDA,220.1100,220.1900,220.1000,220.1700,11272.0000,220.1380,67
2026-08-05 18:37:35,NVDA,220.1600,220.1800,220.1000,220.1600,28194.0000,220.1440,161
2026-08-05 18:37:40,NVDA,220.1600,220.2400,220.1500,220.1900,52945.0000,220.1970,298
2026-08-05 18:37:45,NVDA,220.1900,220.2000,220.1600,220.1900,7079.0000,220.1740,36
2026-08-05 18:37:50,NVDA,220.1700,220.2100,220.1400,220.1600,10275.0000,220.1740,65
2026-08-05 18:37:55,NVDA,220.1600,220.1800,220.1400,220.1500,13688.0000,220.1580,71
2026-08-05 18:38:00,NVDA,220.1500,220.1900,220.1400,220.1800,11020.0000,220.1650,62
2026-08-05 18:38:05,NVDA,220.1800,220.1800,220.1000,220.1100,24856.0000,220.1450,88
2026-08-05 18:38:10,NVDA,220.1200,220.1300,220.0400,220.0500,14893.0000,220.0970,65
2026-08-05 18:38:15,NVDA,220.0500,220.0700,220.0100,220.0400,15659.0000,220.0300,67
2026-08-05 18:38:20,NVDA,220.0400,220.0800,220.0300,220.0800,5009.0000,220.0490,31
2026-08-05 18:38:25,NVDA,220.0900,220.0900,220.0200,220.0200,8371.0000,220.0450,40
2026-08-05 18:38:30,NVDA,220.0300,220.0800,220.0100,220.0800,5087.0000,220.0230,27
2026-08-05 18:38:35,NVDA,220.0800,220.1600,220.0800,220.1500,7965.0000,220.1220,42
2026-08-05 18:38:40,NVDA,220.1300,220.1400,220.0700,220.0800,6867.0000,220.1210,44
2026-08-05 18:38:45,NVDA,220.0700,220.1300,220.0400,220.1100,10031.0000,220.0780,46
2026-08-05 18:38:50,NVDA,220.0900,220.1200,220.0700,220.0700,8497.0000,220.0990,35
2026-08-05 18:38:55,NVDA,220.0700,220.0700,219.9900,220.0300,9316.0000,220.0100,52
2026-08-05 18:39:00,NVDA,220.0300,220.0800,220.0000,220.0500,16184.0000,220.0430,55
2026-08-05 18:39:05,NVDA,220.0500,220.0700,220.0100,220.0600,9808.0000,220.0440,56
2026-08-05 18:39:10,NVDA,220.0500,220.0900,220.0500,220.0800,6490.0000,220.0740,28
2026-08-05 18:39:15,NVDA,220.0900,220.1200,220.0800,220.1100,5507.0000,220.0970,32
2026-08-05 18:39:20,NVDA,220.1000,220.1700,220.0900,220.1700,8366.0000,220.1210,31
2026-08-05 18:39:25,NVDA,220.1700,220.1900,220.1400,220.1700,14389.0000,220.1630,49
2026-08-05 18:39:30,NVDA,220.1900,220.2900,220.1800,220.2300,27294.0000,220.2350,101
2026-08-05 18:39:35,NVDA,220.2400,220.2400,220.1800,220.2100,15264.0000,220.2140,101
2026-08-05 18:39:40,NVDA,220.1800,220.2100,220.1600,220.1700,9043.0000,220.1860,60
2026-08-05 18:39:45,NVDA,220.1600,220.1700,220.0800,220.0900,25167.0000,220.1460,120
2026-08-05 18:39:50,NVDA,220.0800,220.1700,220.0800,220.1600,13444.0000,220.1230,62
2026-08-05 18:39:55,NVDA,220.1400,220.2500,220.1400,220.2100,16812.0000,220.2060,94
2026-08-05 18:40:00,NVDA,220.2100,220.3100,220.2000,220.3100,11816.0000,220.2680,76
2026-08-05 18:40:05,NVDA,220.3000,220.3200,220.2400,220.2500,18636.0000,220.2840,99
2026-08-05 18:40:10,NVDA,220.2400,220.2800,220.2100,220.2100,9878.0000,220.2560,67
2026-08-05 18:40:15,NVDA,220.2100,220.2100,220.0600,220.0700,10539.0000,220.1130,59
2026-08-05 18:40:20,NVDA,220.0600,220.0700,220.0100,220.0300,11837.0000,220.0510,61
2026-08-05 18:40:25,NVDA,220.0300,220.0500,220.0100,220.0500,7839.0000,220.0280,49
2026-08-05 18:40:30,NVDA,220.0300,220.1000,220.0200,220.0900,7120.0000,220.0810,23
2026-08-05 18:40:35,NVDA,220.0900,220.1600,220.0900,220.1600,4530.0000,220.1170,16
2026-08-05 18:40:40,NVDA,220.1700,220.3000,220.1700,220.3000,12741.0000,220.2370,64
2026-08-05 18:40:45,NVDA,220.2900,220.3300,220.1800,220.1800,17154.0000,220.2780,84
2026-08-05 18:40:50,NVDA,220.1800,220.1800,220.1100,220.1200,11047.0000,220.1380,51
2026-08-05 18:40:55,NVDA,220.1300,220.2200,220.1100,220.2000,8884.0000,220.1490,41
2026-08-05 18:41:00,NVDA,220.1900,220.2400,220.1400,220.1400,8977.0000,220.1830,42
2026-08-05 18:41:05,NVDA,220.1500,220.1700,220.0800,220.1100,15727.0000,220.1290,102
2026-08-05 18:41:10,NVDA,220.0600,220.1100,220.0400,220.0500,6553.0000,220.0700,44
2026-08-05 18:41:15,NVDA,220.0300,220.0400,219.9700,220.0100,29993.0000,220.0030,155
2026-08-05 18:41:20,NVDA,219.9900,220.0300,219.9200,219.9400,20768.0000,219.9710,109
2026-08-05 18:41:25,NVDA,219.9400,219.9400,219.8800,219.8800,24100.0000,219.8960,130
2026-08-05 18:41:30,NVDA,219.8800,219.9100,219.7700,219.8200,20122.0000,219.8590,122
2026-08-05 18:41:35,NVDA,219.8100,219.8600,219.8100,219.8400,9986.0000,219.8370,46
2026-08-05 18:41:40,NVDA,219.8200,219.9900,219.8200,219.9900,17675.0000,219.9160,99
2026-08-05 18:41:45,NVDA,219.9800,220.0000,219.9600,219.9800,10927.0000,219.9810,62
2026-08-05 18:41:50,NVDA,219.9800,220.0800,219.9700,220.0600,22749.0000,220.0360,58
2026-08-05 18:41:55,NVDA,220.0600,220.0800,220.0100,220.0800,13836.0000,220.0360,50
2026-08-05 18:42:00,NVDA,220.0700,220.1100,220.0400,220.0700,7653.0000,220.0690,50
2026-08-05 18:42:05,NVDA,220.0700,220.0900,220.0400,220.0400,9564.0000,220.0700,51
2026-08-05 18:42:10,NVDA,220.0300,220.0300,219.9000,219.9100,11585.0000,219.9350,59
2026-08-05 18:42:15,NVDA,219.9200,219.9700,219.9100,219.9100,12013.0000,219.9300,62
2026-08-05 18:42:20,NVDA,219.9200,219.9500,219.9100,219.9400,6752.0000,219.9360,28
2026-08-05 18:42:25,NVDA,219.9500,219.9800,219.9300,219.9300,4837.0000,219.9520,30
2026-08-05 18:42:30,NVDA,219.9400,220.0300,219.9100,220.0100,11330.0000,219.9740,63
2026-08-05 18:42:35,NVDA,220.0000,220.0100,219.9600,219.9800,3675.0000,219.9800,20
2026-08-05 18:42:40,NVDA,219.9700,220.0800,219.9600,220.0800,10084.0000,220.0360,43
2026-08-05 18:42:45,NVDA,220.0800,220.0900,220.0400,220.0700,7130.0000,220.0630,50
2026-08-05 18:42:50,NVDA,220.0500,220.0800,220.0500,220.0600,4517.0000,220.0660,30
2026-08-05 18:42:55,NVDA,220.0500,220.0600,220.0200,220.0300,7814.0000,220.0410,38
2026-08-05 18:43:00,NVDA,220.0400,220.0400,219.9500,219.9900,10222.0000,219.9840,54
2026-08-05 18:43:05,NVDA,220.0000,220.0000,219.9400,219.9900,4155.0000,219.9710,30
2026-08-05 18:43:10,NVDA,219.9900,220.0400,219.9400,219.9500,8678.0000,219.9860,33
2026-08-05 18:43:15,NVDA,219.9600,220.0100,219.9300,220.0100,7141.0000,219.9720,51
2026-08-05 18:43:20,NVDA,220.0100,220.0100,219.9800,219.9900,6093.0000,219.9980,29
2026-08-05 18:43:25,NVDA,219.9700,220.0100,219.9700,219.9700,9344.0000,219.9910,56
2026-08-05 18:43:30,NVDA,219.9700,219.9900,219.9600,219.9800,4947.0000,219.9730,34
2026-08-05 18:43:35,NVDA,219.9800,219.9900,219.9600,219.9700,5386.0000,219.9740,34
2026-08-05 18:43:40,NVDA,219.9600,219.9900,219.9400,219.9700,8946.0000,219.9710,44
2026-08-05 18:43:45,NVDA,219.9700,220.0600,219.9600,220.0000,18799.0000,220.0030,104
2026-08-05 18:43:50,NVDA,219.9900,220.0400,219.9900,220.0200,2905.0000,220.0140,20
2026-08-05 18:43:55,NVDA,220.0200,220.0300,220.0000,220.0300,8121.0000,220.0190,50
2026-08-05 18:44:00,NVDA,220.0400,220.0400,219.9800,219.9800,11442.0000,220.0030,70
2026-08-05 18:44:05,NVDA,219.9800,220.0000,219.9500,219.9500,9414.0000,219.9680,43
2026-08-05 18:44:10,NVDA,219.9500,219.9700,219.9300,219.9400,4424.0000,219.9440,30
2026-08-05 18:44:15,NVDA,219.9400,219.9900,219.9300,219.9900,10176.0000,219.9580,70
2026-08-05 18:44:20,NVDA,219.9800,220.0000,219.9600,219.9800,7817.0000,219.9800,65
2026-08-05 18:44:25,NVDA,219.9900,220.0300,219.9800,220.0100,11980.0000,220.0040,61
2026-08-05 18:44:30,NVDA,220.0000,220.0500,219.9900,220.0400,17577.0000,220.0290,90
2026-08-05 18:44:35,NVDA,220.0400,220.0400,219.9800,219.9900,16492.0000,220.0080,42
2026-08-05 18:44:40,NVDA,219.9800,220.0100,219.8900,219.9300,22707.0000,219.9580,66
2026-08-05 18:44:45,NVDA,219.9200,219.9900,219.9200,219.9700,8437.0000,219.9600,46
2026-08-05 18:44:50,NVDA,219.9600,219.9800,219.9200,219.9300,12138.0000,219.9390,36
2026-08-05 18:44:55,NVDA,219.9300,219.9500,219.9000,219.9500,8447.0000,219.9260,53
2026-08-05 18:45:00,NVDA,219.9300,219.9400,219.8400,219.8500,18319.0000,219.8710,59
2026-08-05 18:45:05,NVDA,219.8400,219.8800,219.7700,219.8800,15302.0000,219.8350,85
2026-08-05 18:45:10,NVDA,219.8600,219.8600,219.8000,219.8100,3850.0000,219.8280,24
2026-08-05 18:45:15,NVDA,219.8100,219.8200,219.7400,219.7600,9272.0000,219.7650,45
2026-08-05 18:45:20,NVDA,219.7800,219.8400,219.7000,219.8100,21583.0000,219.7610,118
2026-08-05 18:45:25,NVDA,219.8000,219.8500,219.7800,219.8300,11628.0000,219.8110,40
2026-08-05 18:45:30,NVDA,219.8300,219.8300,219.7700,219.7800,7104.0000,219.7880,52
2026-08-05 18:45:35,NVDA,219.7700,219.7700,219.6600,219.7000,21904.0000,219.6980,116
2026-08-05 18:45:40,NVDA,219.7200,219.7400,219.6600,219.6600,7405.0000,219.7150,56
2026-08-05 18:45:45,NVDA,219.6800,219.7200,219.6700,219.7100,16986.0000,219.6990,92
2026-08-05 18:45:50,NVDA,219.7000,219.7100,219.6500,219.6700,8813.0000,219.6860,61
2026-08-05 18:45:55,NVDA,219.6600,219.7700,219.6400,219.7400,19614.0000,219.7080,100
2026-08-05 18:46:00,NVDA,219.7700,219.7700,219.6800,219.7200,5123.0000,219.7230,41
2026-08-05 18:46:05,NVDA,219.7400,219.7400,219.6300,219.6400,8211.0000,219.6750,60
2026-08-05 18:46:10,NVDA,219.6400,219.6700,219.6300,219.6300,10004.0000,219.6490,51
2026-08-05 18:46:15,NVDA,219.6300,219.6700,219.5700,219.6600,24202.0000,219.6030,130
2026-08-05 18:46:20,NVDA,219.6500,219.7300,219.6400,219.7200,9437.0000,219.6720,52
2026-08-05 18:46:25,NVDA,219.7200,219.7300,219.6600,219.6700,11453.0000,219.6880,55
2026-08-05 18:46:30,NVDA,219.6700,219.6700,219.6200,219.6500,14369.0000,219.6450,83
2026-08-05 18:46:35,NVDA,219.6500,219.6600,219.6100,219.6600,7167.0000,219.6380,41
2026-08-05 18:46:40,NVDA,219.6500,219.7400,219.6300,219.7000,25963.0000,219.6870,130
2026-08-05 18:46:45,NVDA,219.6800,219.7800,219.6700,219.7700,7151.0000,219.6900,34
2026-08-05 18:46:50,NVDA,219.7700,219.7700,219.7200,219.7600,16176.0000,219.7350,63
2026-08-05 18:46:55,NVDA,219.7500,219.8600,219.7500,219.8600,12343.0000,219.8210,59
2026-08-05 18:47:00,NVDA,219.8600,219.8600,219.8100,219.8500,23386.0000,219.8320,92
2026-08-05 18:47:05,NVDA,219.8500,219.8600,219.7800,219.7800,9368.0000,219.8280,66
2026-08-05 18:47:10,NVDA,219.7800,219.8300,219.7800,219.8300,8573.0000,219.8010,39
2026-08-05 18:47:15,NVDA,219.8500,219.8800,219.8400,219.8700,9678.0000,219.8580,41
2026-08-05 18:47:20,NVDA,219.8700,219.9500,219.8500,219.9300,20828.0000,219.8920,114
2026-08-05 18:47:25,NVDA,219.9000,219.9200,219.8200,219.8900,14401.0000,219.8660,87
2026-08-05 18:47:30,NVDA,219.8800,220.0000,219.8800,219.9400,26861.0000,219.9340,124
2026-08-05 18:47:35,NVDA,219.9400,219.9500,219.9100,219.9400,12009.0000,219.9320,46
2026-08-05 18:47:40,NVDA,219.9600,219.9600,219.9200,219.9400,4147.0000,219.9400,28
2026-08-05 18:47:45,NVDA,219.9400,219.9800,219.9200,219.9800,12160.0000,219.9680,41
2026-08-05 18:47:50,NVDA,219.9700,220.0100,219.9400,219.9400,24196.0000,219.9890,149
2026-08-05 18:47:55,NVDA,219.9400,219.9500,219.8800,219.8900,10817.0000,219.9040,63
2026-08-05 18:48:00,NVDA,219.9000,219.9200,219.8500,219.8900,14854.0000,219.8920,78
2026-08-05 18:48:05,NVDA,219.8900,219.9900,219.8800,219.9500,13989.0000,219.9380,81
2026-08-05 18:48:10,NVDA,219.9700,219.9700,219.8800,219.8900,5316.0000,219.9330,35
2026-08-05 18:48:15,NVDA,219.9000,219.9200,219.8900,219.9000,14931.0000,219.8990,80
2026-08-05 18:48:20,NVDA,219.9000,219.9000,219.8600,219.8700,6817.0000,219.8830,35
2026-08-05 18:48:25,NVDA,219.8700,219.9200,219.8400,219.8700,9290.0000,219.8780,55
2026-08-05 18:48:30,NVDA,219.8600,219.8600,219.8000,219.8100,9257.0000,219.8270,43
2026-08-05 18:48:35,NVDA,219.8000,219.8100,219.7500,219.7500,15814.0000,219.7850,86
2026-08-05 18:48:40,NVDA,219.7500,219.8200,219.7400,219.8000,15835.0000,219.7870,87
2026-08-05 18:48:45,NVDA,219.8000,219.8400,219.7800,219.7900,8625.0000,219.8040,41
2026-08-05 18:48:50,NVDA,219.7800,219.9200,219.7700,219.9100,12225.0000,219.8720,55
2026-08-05 18:48:55,NVDA,219.9200,219.9500,219.9000,219.9200,6522.0000,219.9230,27
2026-08-05 18:49:00,NVDA,219.9200,219.9500,219.9000,219.9500,5697.0000,219.9260,31
2026-08-05 18:49:05,NVDA,219.9400,219.9900,219.9400,219.9500,12700.0000,219.9680,64
2026-08-05 18:49:10,NVDA,219.9400,219.9500,219.8100,219.8200,10527.0000,219.8750,68
2026-08-05 18:49:15,NVDA,219.8200,219.8300,219.7500,219.7600,11853.0000,219.7910,71
2026-08-05 18:49:20,NVDA,219.7700,219.7700,219.7300,219.7300,42461.0000,219.7510,75
2026-08-05 18:49:25,NVDA,219.7300,219.7300,219.6800,219.7200,10448.0000,219.7130,45
2026-08-05 18:49:30,NVDA,219.7200,219.7200,219.5800,219.6100,24778.0000,219.6140,154
2026-08-05 18:49:35,NVDA,219.6200,219.6500,219.5800,219.6000,5947.0000,219.6150,36
2026-08-05 18:49:40,NVDA,219.6100,219.6500,219.5900,219.6300,5842.0000,219.6260,40
2026-08-05 18:49:45,NVDA,219.6200,219.6400,219.5800,219.6400,10901.0000,219.5970,48
2026-08-05 18:49:50,NVDA,219.6400,219.7000,219.6400,219.6700,8910.0000,219.6710,51
2026-08-05 18:49:55,NVDA,219.6800,219.6900,219.6200,219.6200,10931.0000,219.6470,41
2026-08-05 18:50:00,NVDA,219.6300,219.7000,219.6000,219.6900,7568.0000,219.6320,39
2026-08-05 18:50:05,NVDA,219.6800,219.7400,219.6500,219.6600,9228.0000,219.6910,40
2026-08-05 18:50:10,NVDA,219.6700,219.7500,219.6600,219.6800,12746.0000,219.6980,66
2026-08-05 18:50:15,NVDA,219.6700,219.6700,219.6100,219.6400,4907.0000,219.6440,34
2026-08-05 18:50:20,NVDA,219.6400,219.6600,219.6100,219.6200,8032.0000,219.6410,52
2026-08-05 18:50:25,NVDA,219.6200,219.7000,219.6000,219.6800,5691.0000,219.6700,38
2026-08-05 18:50:30,NVDA,219.6800,219.7600,219.6700,219.6900,19834.0000,219.7140,105
2026-08-05 18:50:35,NVDA,219.6900,219.7200,219.6800,219.7000,7140.0000,219.6980,38
2026-08-05 18:50:40,NVDA,219.7000,219.7000,219.5900,219.6000,5907.0000,219.6390,39
2026-08-05 18:50:45,NVDA,219.5900,219.6600,219.5900,219.6300,8551.0000,219.6250,52
2026-08-05 18:50:50,NVDA,219.6300,219.6700,219.5900,219.6400,7508.0000,219.6250,42
2026-08-05 18:50:55,NVDA,219.6300,219.6800,219.6200,219.6700,3646.0000,219.6380,23
2026-08-05 18:51:00,NVDA,219.6700,219.6700,219.6200,219.6200,8313.0000,219.6550,35
2026-08-05 18:51:05,NVDA,219.6100,219.6200,219.5300,219.5300,14529.0000,219.5670,81
2026-08-05 18:51:10,NVDA,219.5300,219.5400,219.3600,219.3700,58977.0000,219.4510,179
2026-08-05 18:51:15,NVDA,219.3600,219.4000,219.3200,219.3800,11058.0000,219.3660,61
2026-08-05 18:51:20,NVDA,219.3800,219.3900,219.3600,219.3800,7605.0000,219.3690,42
2026-08-05 18:51:25,NVDA,219.3600,219.4000,219.3600,219.3600,8660.0000,219.3740,50
2026-08-05 18:51:30,NVDA,219.3500,219.3700,219.3100,219.3700,6668.0000,219.3390,34
2026-08-05 18:51:35,NVDA,219.3700,219.3700,219.2800,219.3000,10973.0000,219.3040,68
2026-08-05 18:51:40,NVDA,219.2800,219.3400,219.2600,219.2700,14233.0000,219.2970,94
2026-08-05 18:51:45,NVDA,219.2600,219.3200,219.2600,219.2900,14018.0000,219.2930,73
2026-08-05 18:51:50,NVDA,219.2700,219.3100,219.2600,219.2700,14880.0000,219.2740,81
2026-08-05 18:51:55,NVDA,219.2700,219.3200,219.2400,219.2400,10535.0000,219.2840,68
2026-08-05 18:52:00,NVDA,219.2300,219.2300,219.2000,219.2100,18028.0000,219.2120,102
2026-08-05 18:52:05,NVDA,219.2100,219.2200,219.1200,219.1200,23940.0000,219.1760,87
2026-08-05 18:52:10,NVDA,219.1200,219.1500,219.0700,219.0900,24246.0000,219.1030,123
2026-08-05 18:52:15,NVDA,219.0900,219.2300,219.0800,219.1900,21644.0000,219.1670,100
2026-08-05 18:52:20,NVDA,219.1900,219.2000,219.1700,219.2000,5154.0000,219.1840,38
2026-08-05 18:52:25,NVDA,219.1900,219.2000,219.1200,219.1500,12192.0000,219.1560,43
2026-08-05 18:52:30,NVDA,219.1500,219.1900,219.1300,219.1300,13190.0000,219.1680,58
2026-08-05 18:52:35,NVDA,219.1200,219.1500,219.0800,219.1000,11936.0000,219.1070,55
2026-08-05 18:52:40,NVDA,219.0900,219.1600,219.0900,219.1500,13265.0000,219.1320,43
2026-08-05 18:52:45,NVDA,219.1400,219.1400,219.0400,219.0400,6144.0000,219.0960,45
2026-08-05 18:52:50,NVDA,219.0400,219.0600,219.0200,219.0600,20008.0000,219.0390,102
2026-08-05 18:52:55,NVDA,219.0500,219.0800,219.0400,219.0700,21696.0000,219.0670,89
2026-08-05 18:53:00,NVDA,219.0800,219.1800,219.0600,219.1500,11796.0000,219.0980,65
2026-08-05 18:53:05,NVDA,219.1600,219.3100,219.1500,219.3000,11082.0000,219.2180,57
2026-08-05 18:53:10,NVDA,219.2900,219.3000,219.2000,219.2900,16447.0000,219.2420,83
2026-08-05 18:53:15,NVDA,219.2900,219.3000,219.2500,219.2900,16291.0000,219.2700,75
2026-08-05 18:53:20,NVDA,219.2900,219.3900,219.2700,219.3800,15813.0000,219.3250,86
2026-08-05 18:53:25,NVDA,219.3800,219.4200,219.3100,219.3200,9673.0000,219.3620,53
2026-08-05 18:53:30,NVDA,219.3200,219.3400,219.2700,219.3000,12559.0000,219.3010,55
2026-08-05 18:53:35,NVDA,219.3100,219.3400,219.3000,219.3300,3515.0000,219.3180,24
2026-08-05 18:53:40,NVDA,219.3400,219.4700,219.3400,219.4600,13806.0000,219.4070,68
2026-08-05 18:53:45,NVDA,219.4600,219.4600,219.3700,219.3900,11220.0000,219.4110,49
2026-08-05 18:53:50,NVDA,219.4100,219.4700,219.4100,219.4600,11297.0000,219.4440,45
2026-08-05 18:53:55,NVDA,219.4700,219.5000,219.4700,219.5000,9352.0000,219.4870,30
2026-08-05 18:54:00,NVDA,219.4800,219.4900,219.4300,219.4400,15031.0000,219.4550,62
2026-08-05 18:54:05,NVDA,219.4300,219.4800,219.3900,219.4700,18182.0000,219.4440,82
2026-08-05 18:54:10,NVDA,219.4700,219.4700,219.3900,219.3900,15089.0000,219.4350,76
2026-08-05 18:54:15,NVDA,219.3900,219.4700,219.3500,219.4500,28329.0000,219.3860,148
2026-08-05 18:54:20,NVDA,219.4600,219.5300,219.3600,219.3700,13498.0000,219.4710,90
2026-08-05 18:54:25,NVDA,219.3600,219.3800,219.3400,219.3700,11632.0000,219.3600,71
2026-08-05 18:54:30,NVDA,219.3500,219.3600,219.3200,219.3400,41514.0000,219.3460,132
2026-08-05 18:54:35,NVDA,219.3400,219.3500,219.2900,219.2900,8707.0000,219.3210,56
2026-08-05 18:54:40,NVDA,219.3000,219.3500,219.2700,219.3100,8718.0000,219.3170,54
2026-08-05 18:54:45,NVDA,219.3200,219.3600,219.3100,219.3500,11899.0000,219.3340,49
2026-08-05 18:54:50,NVDA,219.3600,219.3600,219.3300,219.3400,2217.0000,219.3450,16
2026-08-05 18:54:55,NVDA,219.3400,219.3500,219.2900,219.3000,11350.0000,219.3180,75
2026-08-05 18:55:00,NVDA,219.2700,219.2800,219.2100,219.2200,5753.0000,219.2420,32
2026-08-05 18:55:05,NVDA,219.2500,219.2700,219.1600,219.1900,5740.0000,219.2140,33
2026-08-05 18:55:10,NVDA,219.1600,219.2200,219.1400,219.2200,7872.0000,219.1770,38
2026-08-05 18:55:15,NVDA,219.2300,219.2300,219.1500,219.1600,7125.0000,219.1900,34
2026-08-05 18:55:20,NVDA,219.1600,219.2000,219.1600,219.1800,3344.0000,219.1780,22
2026-08-05 18:55:25,NVDA,219.1800,219.1900,219.0500,219.0600,23853.0000,219.1040,114
2026-08-05 18:55:30,NVDA,219.0700,219.1100,219.0600,219.0800,8948.0000,219.0820,58
2026-08-05 18:55:35,NVDA,219.0800,219.1200,218.9900,219.0200,43368.0000,219.0260,246
2026-08-05 18:55:40,NVDA,219.0200,219.0400,218.9500,219.0400,13112.0000,218.9950,73
2026-08-05 18:55:45,NVDA,219.0700,219.0700,219.0000,219.0500,7348.0000,219.0260,41
2026-08-05 18:55:50,NVDA,219.0400,219.0500,218.9700,219.0400,15840.0000,218.9980,48
2026-08-05 18:55:55,NVDA,219.0500,219.0800,219.0300,219.0800,6369.0000,219.0530,41
2026-08-05 18:56:00,NVDA,219.0600,219.1000,219.0300,219.0800,11234.0000,219.0680,70
2026-08-05 18:56:05,NVDA,219.0800,219.0900,219.0400,219.0500,6374.0000,219.0640,33
2026-08-05 18:56:10,NVDA,219.0500,219.1000,219.0200,219.0200,14310.0000,219.0560,83
2026-08-05 18:56:15,NVDA,219.0100,219.0100,218.9600,218.9600,10081.0000,218.9800,38
2026-08-05 18:56:20,NVDA,218.9500,218.9600,218.7000,218.8800,67017.0000,218.8520,401
2026-08-05 18:56:25,NVDA,218.8700,218.9400,218.8600,218.8800,14594.0000,218.9060,88
2026-08-05 18:56:30,NVDA,218.8800,218.9800,218.8600,218.9600,12781.0000,218.9400,62
2026-08-05 18:56:35,NVDA,218.9500,218.9700,218.9300,218.9400,7595.0000,218.9530,51
2026-08-05 18:56:40,NVDA,218.9500,218.9800,218.9300,218.9500,3775.0000,218.9520,26
2026-08-05 18:56:45,NVDA,218.9500,219.0000,218.9100,219.0000,7712.0000,218.9460,54
2026-08-05 18:56:50,NVDA,219.0100,219.0300,218.9700,218.9900,6573.0000,218.9990,44
2026-08-05 18:56:55,NVDA,218.9900,218.9900,218.9100,218.9500,5813.0000,218.9500,38
2026-08-05 18:57:00,NVDA,218.9200,218.9300,218.8700,218.8700,6408.0000,218.8980,38
2026-08-05 18:57:05,NVDA,218.8700,218.8800,218.7900,218.8000,18904.0000,218.8170,88
2026-08-05 18:57:10,NVDA,218.7900,218.7900,218.5500,218.5500,27024.0000,218.6360,165
2026-08-05 18:57:15,NVDA,218.5400,218.5400,218.4500,218.4700,31683.0000,218.4940,140
2026-08-05 18:57:20,NVDA,218.4600,218.5600,218.4400,218.5600,15353.0000,218.5140,85
2026-08-05 18:57:25,NVDA,218.5600,218.5700,218.4900,218.5000,11141.0000,218.5190,49
2026-08-05 18:57:30,NVDA,218.4900,218.5600,218.4900,218.5500,14828.0000,218.5140,107
2026-08-05 18:57:35,NVDA,218.5600,218.6200,218.5500,218.5800,21300.0000,218.5900,91
2026-08-05 18:57:40,NVDA,218.5800,218.6600,218.5800,218.6600,10182.0000,218.6310,49
2026-08-05 18:57:45,NVDA,218.6500,218.7200,218.6500,218.7100,18928.0000,218.6910,92
2026-08-05 18:57:50,NVDA,218.7100,218.7900,218.7100,218.7600,9097.0000,218.7430,41
2026-08-05 18:57:55,NVDA,218.7800,218.8300,218.7200,218.7600,25549.0000,218.7760,170
2026-08-05 18:58:00,NVDA,218.7300,218.7600,218.6700,218.6900,22806.0000,218.7020,86
2026-08-05 18:58:05,NVDA,218.6800,218.7300,218.6300,218.7300,10154.0000,218.6960,63
2026-08-05 18:58:10,NVDA,218.7300,218.8700,218.7100,218.8600,17139.0000,218.7910,89
2026-08-05 18:58:15,NVDA,218.8500,218.9800,218.8500,218.9600,17656.0000,218.9230,93
2026-08-05 18:58:20,NVDA,218.9600,218.9800,218.9000,218.9300,10427.0000,218.9380,69
2026-08-05 18:58:25,NVDA,218.9300,219.1300,218.9200,219.1100,35697.0000,219.0260,184
2026-08-05 18:58:30,NVDA,219.1200,219.1200,219.0100,219.0400,10284.0000,219.0640,45
2026-08-05 18:58:35,NVDA,219.0300,219.1000,219.0300,219.0500,21549.0000,219.0610,153
2026-08-05 18:58:40,NVDA,219.0500,219.1000,219.0400,219.0700,13492.0000,219.0720,50
2026-08-05 18:58:45,NVDA,219.0700,219.1300,219.0500,219.1300,8680.0000,219.0720,52
2026-08-05 18:58:50,NVDA,219.1200,219.2100,219.1200,219.1500,23037.0000,219.1830,118
2026-08-05 18:58:55,NVDA,219.1500,219.1500,219.0500,219.0600,15891.0000,219.1020,82
2026-08-05 18:59:00,NVDA,219.0600,219.1000,219.0100,219.0600,17796.0000,219.0480,104
2026-08-05 18:59:05,NVDA,219.0700,219.1300,219.0600,219.1200,9113.0000,219.1100,55
2026-08-05 18:59:10,NVDA,219.1100,219.1900,219.1000,219.1200,21027.0000,219.1350,107
2026-08-05 18:59:15,NVDA,219.1200,219.1500,219.1100,219.1300,7353.0000,219.1290,57
2026-08-05 18:59:20,NVDA,219.1300,219.1400,219.0500,219.0900,20124.0000,219.1060,148
2026-08-05 18:59:25,NVDA,219.0900,219.1300,218.9700,219.0100,23807.0000,219.0470,158
2026-08-05 18:59:30,NVDA,219.0100,219.0600,218.9600,219.0300,21451.0000,219.0340,153
2026-08-05 18:59:35,NVDA,219.0300,219.1200,219.0100,219.0900,16722.0000,219.0720,114
2026-08-05 18:59:40,NVDA,219.0800,219.1100,219.0300,219.0300,14447.0000,219.0760,97
2026-08-05 18:59:45,NVDA,219.0200,219.0400,218.9600,219.0000,15954.0000,218.9850,84
2026-08-05 18:59:50,NVDA,218.9800,219.1100,218.9700,219.0400,27718.0000,219.0510,188
2026-08-05 18:59:55,NVDA,219.0500,219.0800,218.9900,219.0600,27591.0000,219.0170,135
2026-08-05 19:00:00,NVDA,219.0600,219.1200,219.0200,219.0600,14811.0000,219.0710,80
2026-08-05 19:00:05,NVDA,219.0600,219.3100,219.0400,219.2800,27441.0000,219.2010,144
2026-08-05 19:00:10,NVDA,219.3000,219.3000,219.1800,219.2300,15009.0000,219.2210,107
2026-08-05 19:00:15,NVDA,219.2200,219.3200,219.2100,219.3000,10564.0000,219.2860,66
2026-08-05 19:00:20,NVDA,219.3100,219.3900,219.2600,219.3600,19233.0000,219.3390,75
2026-08-05 19:00:25,NVDA,219.3600,219.4000,219.3300,219.3600,14504.0000,219.3600,64
2026-08-05 19:00:30,NVDA,219.3500,219.3800,219.3000,219.3400,17117.0000,219.3370,81
2026-08-05 19:00:35,NVDA,219.3400,219.3500,219.2900,219.3000,7811.0000,219.3150,42
2026-08-05 19:00:40,NVDA,219.3000,219.3400,219.2700,219.3100,9885.0000,219.3100,53
2026-08-05 19:00:45,NVDA,219.3100,219.3100,219.2400,219.2400,4815.0000,219.2820,34
2026-08-05 19:00:50,NVDA,219.2300,219.3000,219.2300,219.2800,10068.0000,219.2660,58
2026-08-05 19:00:55,NVDA,219.3000,219.3600,219.3000,219.3400,6225.0000,219.3250,45
2026-08-05 19:01:00,NVDA,219.3300,219.3400,219.1500,219.1500,11777.0000,219.2500,95
2026-08-05 19:01:05,NVDA,219.1700,219.2400,219.1600,219.2400,4749.0000,219.1840,25
2026-08-05 19:01:10,NVDA,219.2500,219.2600,219.2300,219.2400,4494.0000,219.2470,25
2026-08-05 19:01:15,NVDA,219.2500,219.2600,219.2000,219.2400,10067.0000,219.2240,39
2026-08-05 19:01:20,NVDA,219.2100,219.2200,219.1800,219.2000,6044.0000,219.2020,36
2026-08-05 19:01:25,NVDA,219.2100,219.3200,219.1900,219.3000,6916.0000,219.2560,43
2026-08-05 19:01:30,NVDA,219.3100,219.3200,219.2600,219.2700,6085.0000,219.2870,40
2026-08-05 19:01:35,NVDA,219.2800,219.4000,219.2400,219.3700,20994.0000,219.3130,92
2026-08-05 19:01:40,NVDA,219.3700,219.4600,219.3500,219.4100,15601.0000,219.4010,74
2026-08-05 19:01:45,NVDA,219.4200,219.4200,219.3000,219.3000,12403.0000,219.3450,81
2026-08-05 19:01:50,NVDA,219.3100,219.3200,219.2800,219.3200,9343.0000,219.2990,52
2026-08-05 19:01:55,NVDA,219.3300,219.3900,219.2900,219.3000,21548.0000,219.3320,88
2026-08-05 19:02:00,NVDA,219.2800,219.3200,219.2700,219.3100,10754.0000,219.2900,59
2026-08-05 19:02:05,NVDA,219.2900,219.3200,219.2600,219.2900,7367.0000,219.2860,49
2026-08-05 19:02:10,NVDA,219.2700,219.3000,219.2200,219.3000,7643.0000,219.2660,55
2026-08-05 19:02:15,NVDA,219.3300,219.3900,219.3200,219.3400,12800.0000,219.3510,82
2026-08-05 19:02:20,NVDA,219.3500,219.3500,219.2800,219.3500,12172.0000,219.3260,95
2026-08-05 19:02:25,NVDA,219.3500,219.4600,219.3500,219.4500,26304.0000,219.4070,117
2026-08-05 19:02:30,NVDA,219.4400,219.4900,219.3700,219.4000,26595.0000,219.4430,133
2026-08-05 19:02:35,NVDA,219.3900,219.4300,219.3700,219.3700,12745.0000,219.4070,77
2026-08-05 19:02:40,NVDA,219.3700,219.4000,219.3600,219.3900,16629.0000,219.3760,77
2026-08-05 19:02:45,NVDA,219.4000,219.4000,219.3400,219.3700,12915.0000,219.3760,74
2026-08-05 19:02:50,NVDA,219.3600,219.3900,219.3400,219.3700,5645.0000,219.3680,51
2026-08-05 19:02:55,NVDA,219.3600,219.5000,219.3500,219.4600,28278.0000,219.4440,178
2026-08-05 19:03:00,NVDA,219.4800,219.5100,219.4100,219.4400,28948.0000,219.4700,132
2026-08-05 19:03:05,NVDA,219.4300,219.4900,219.3800,219.4900,17261.0000,219.4360,110
2026-08-05 19:03:10,NVDA,219.4800,219.5200,219.4800,219.5100,17278.0000,219.5050,103
2026-08-05 19:03:15,NVDA,219.5200,219.6200,219.5200,219.6000,20902.0000,219.5800,117
2026-08-05 19:03:20,NVDA,219.6000,219.6600,219.5800,219.6500,37282.0000,219.6170,97
2026-08-05 19:03:25,NVDA,219.6400,219.7000,219.6200,219.7000,26685.0000,219.6600,131
2026-08-05 19:03:30,NVDA,219.6800,219.7200,219.6600,219.6900,14882.0000,219.6860,82
2026-08-05 19:03:35,NVDA,219.6900,219.6900,219.5300,219.5300,19930.0000,219.6220,91
2026-08-05 19:03:40,NVDA,219.5200,219.5700,219.5100,219.5600,13986.0000,219.5420,71
2026-08-05 19:03:45,NVDA,219.5500,219.6500,219.5300,219.6500,9054.0000,219.5890,39
2026-08-05 19:03:50,NVDA,219.6700,219.6900,219.5200,219.5500,9749.0000,219.6070,67
2026-08-05 19:03:55,NVDA,219.5400,219.6000,219.5200,219.5900,9266.0000,219.5670,49
2026-08-05 19:04:00,NVDA,219.6100,219.7800,219.6000,219.7400,21613.0000,219.7100,116
2026-08-05 19:04:05,NVDA,219.7600,219.7700,219.7000,219.7400,17988.0000,219.7270,64
2026-08-05 19:04:10,NVDA,219.7700,219.8000,219.7500,219.7900,10824.0000,219.7760,20
2026-08-05 19:04:15,NVDA,219.7900,219.9000,219.7800,219.8800,18716.0000,219.8590,52
2026-08-05 19:04:20,NVDA,219.8800,219.8900,219.8500,219.8700,10024.0000,219.8680,45
2026-08-05 19:04:25,NVDA,219.8800,219.9100,219.8500,219.8800,16108.0000,219.8760,67
2026-08-05 19:04:30,NVDA,219.8700,219.9400,219.8700,219.9300,20870.0000,219.9240,86
2026-08-05 19:04:35,NVDA,219.9200,219.9300,219.8900,219.8900,13563.0000,219.9130,50
2026-08-05 19:04:40,NVDA,219.8900,219.8900,219.7600,219.7700,10305.0000,219.8240,75
2026-08-05 19:04:45,NVDA,219.7900,219.8600,219.7800,219.8000,9324.0000,219.8150,42
2026-08-05 19:04:50,NVDA,219.8200,219.8300,219.7500,219.7600,8544.0000,219.7950,48
2026-08-05 19:04:55,NVDA,219.7400,219.7600,219.7200,219.7500,7676.0000,219.7380,36
2026-08-05 19:05:00,NVDA,219.7300,219.7800,219.7300,219.7800,6383.0000,219.7530,34
2026-08-05 19:05:05,NVDA,219.7800,219.8100,219.7700,219.8000,6815.0000,219.7870,20
2026-08-05 19:05:10,NVDA,219.8100,219.8300,219.7700,219.7700,18482.0000,219.8010,59
2026-08-05 19:05:15,NVDA,219.7900,219.8500,219.7700,219.7900,6362.0000,219.8110,33
2026-08-05 19:05:20,NVDA,219.7900,219.8100,219.7500,219.7700,17108.0000,219.7800,50
2026-08-05 19:05:25,NVDA,219.7500,219.7700,219.6900,219.7000,8402.0000,219.7390,56
2026-08-05 19:05:30,NVDA,219.7000,219.7800,219.6800,219.7800,12461.0000,219.7510,83
2026-08-05 19:05:35,NVDA,219.7700,219.8100,219.7700,219.8000,3630.0000,219.7900,24
2026-08-05 19:05:40,NVDA,219.8100,219.8600,219.8000,219.8300,5742.0000,219.8250,37
2026-08-05 19:05:45,NVDA,219.8300,219.8400,219.7300,219.7700,7066.0000,219.7760,43
2026-08-05 19:05:50,NVDA,219.7500,219.8100,219.7300,219.8100,7948.0000,219.7660,48
2026-08-05 19:05:55,NVDA,219.8200,219.8400,219.8000,219.8000,6414.0000,219.8170,32
2026-08-05 19:06:00,NVDA,219.8100,219.8500,219.8100,219.8400,4373.0000,219.8330,22
2026-08-05 19:06:05,NVDA,219.8500,219.9100,219.8400,219.8500,13096.0000,219.8780,59
2026-08-05 19:06:10,NVDA,219.8700,219.9000,219.7900,219.8100,9061.0000,219.8290,68
2026-08-05 19:06:15,NVDA,219.8200,219.8200,219.6600,219.6900,14599.0000,219.7240,85
2026-08-05 19:06:20,NVDA,219.6900,219.6900,219.5600,219.5600,17634.0000,219.6190,65
2026-08-05 19:06:25,NVDA,219.5600,219.6000,219.5200,219.5400,12174.0000,219.5480,68
2026-08-05 19:06:30,NVDA,219.5400,219.5400,219.4500,219.4900,12686.0000,219.4870,57
2026-08-05 19:06:35,NVDA,219.4700,219.5800,219.4700,219.5200,11574.0000,219.5320,72
2026-08-05 19:06:40,NVDA,219.5200,219.5300,219.4700,219.4900,5937.0000,219.5060,30
2026-08-05 19:06:45,NVDA,219.4900,219.5200,219.4700,219.4800,15127.0000,219.4880,38
2026-08-05 19:06:50,NVDA,219.4800,219.5600,219.4800,219.5600,6216.0000,219.5200,36
2026-08-05 19:06:55,NVDA,219.5500,219.5800,219.5400,219.5700,6744.0000,219.5620,44
2026-08-05 19:07:00,NVDA,219.5900,219.6300,219.5800,219.6100,9295.0000,219.6020,52
2026-08-05 19:07:05,NVDA,219.6000,219.6500,219.5500,219.5600,6556.0000,219.6010,43
2026-08-05 19:07:10,NVDA,219.5700,219.5700,219.4400,219.4500,10832.0000,219.5020,71
2026-08-05 19:07:15,NVDA,219.4400,219.5600,219.4300,219.5000,23150.0000,219.5020,164
2026-08-05 19:07:20,NVDA,219.5100,219.5200,219.4800,219.5000,14481.0000,219.5050,88
2026-08-05 19:07:25,NVDA,219.4900,219.5000,219.4500,219.4600,12133.0000,219.4720,40
2026-08-05 19:07:30,NVDA,219.4500,219.5200,219.4100,219.4200,7272.0000,219.4700,46
2026-08-05 19:07:35,NVDA,219.4000,219.4300,219.3700,219.3700,7459.0000,219.4130,41
2026-08-05 19:07:40,NVDA,219.3700,219.4200,219.3600,219.4000,8682.0000,219.3940,47
2026-08-05 19:07:45,NVDA,219.3900,219.3900,219.3200,219.3300,14719.0000,219.3490,102
2026-08-05 19:07:50,NVDA,219.3300,219.3400,219.2700,219.3400,13334.0000,219.3100,55
2026-08-05 19:07:55,NVDA,219.3200,219.3500,219.3200,219.3300,5440.0000,219.3320,32
2026-08-05 19:08:00,NVDA,219.3300,219.3900,219.3300,219.3600,7295.0000,219.3620,39
2026-08-05 19:08:05,NVDA,219.3800,219.4200,219.3500,219.3700,4475.0000,219.3780,27
2026-08-05 19:08:10,NVDA,219.3700,219.4600,219.3500,219.4300,12331.0000,219.3990,77
2026-08-05 19:08:15,NVDA,219.4200,219.4600,219.4200,219.4300,4501.0000,219.4350,24
2026-08-05 19:08:20,NVDA,219.4200,219.4200,219.3400,219.3500,9873.0000,219.3910,64
2026-08-05 19:08:25,NVDA,219.3600,219.3700,219.3500,219.3500,2584.0000,219.3620,16
2026-08-05 19:08:30,NVDA,219.3400,219.3500,219.2000,219.2000,18768.0000,219.2650,92
2026-08-05 19:08:35,NVDA,219.1900,219.2100,219.1400,219.1500,12245.0000,219.1750,67
2026-08-05 19:08:40,NVDA,219.1400,219.1500,219.1100,219.1500,7883.0000,219.1400,58
2026-08-05 19:08:45,NVDA,219.1400,219.2000,219.1400,219.1900,12379.0000,219.1690,65
2026-08-05 19:08:50,NVDA,219.1800,219.1900,219.1500,219.1600,3325.0000,219.1730,21
2026-08-05 19:08:55,NVDA,219.1500,219.1800,219.1100,219.1100,7117.0000,219.1520,27
2026-08-05 19:09:00,NVDA,219.1100,219.1100,219.0200,219.1000,10222.0000,219.0720,73
2026-08-05 19:09:05,NVDA,219.0800,219.1200,219.0600,219.0900,8683.0000,219.0880,48
2026-08-05 19:09:10,NVDA,219.1000,219.1000,218.9800,219.0300,22271.0000,219.0140,95
2026-08-05 19:09:15,NVDA,219.0300,219.0700,219.0100,219.0200,11017.0000,219.0320,59
2026-08-05 19:09:20,NVDA,219.0100,219.0300,218.9700,219.0100,15788.0000,218.9990,66
2026-08-05 19:09:25,NVDA,218.9900,219.0300,218.9600,219.0200,16235.0000,218.9870,89
2026-08-05 19:09:30,NVDA,219.0100,219.1300,219.0100,219.1300,7257.0000,219.0730,39
2026-08-05 19:09:35,NVDA,219.1200,219.2000,219.1200,219.2000,8090.0000,219.1650,44
2026-08-05 19:09:40,NVDA,219.2000,219.2300,219.1700,219.2300,8673.0000,219.2030,45
2026-08-05 19:09:45,NVDA,219.2100,219.2300,219.1800,219.1800,11622.0000,219.2010,50
2026-08-05 19:09:50,NVDA,219.2000,219.2500,219.1700,219.2000,11149.0000,219.2110,77
2026-08-05 19:09:55,NVDA,219.2000,219.2500,219.1900,219.2100,9318.0000,219.2120,62
2026-08-05 19:10:00,NVDA,219.2000,219.2100,219.1000,219.1500,17128.0000,219.1630,107
2026-08-05 19:10:05,NVDA,219.1700,219.2000,219.1300,219.1600,10352.0000,219.1640,57
2026-08-05 19:10:10,NVDA,219.1700,219.1800,219.1200,219.1500,8360.0000,219.1500,52
2026-08-05 19:10:15,NVDA,219.1600,219.2100,219.1500,219.2000,14257.0000,219.1700,78
2026-08-05 19:10:20,NVDA,219.1800,219.1900,219.1500,219.1800,7621.0000,219.1760,29
2026-08-05 19:10:25,NVDA,219.1800,219.1900,219.1600,219.1800,15057.0000,219.1810,63
2026-08-05 19:10:30,NVDA,219.1900,219.1900,219.1500,219.1700,5409.0000,219.1740,33
2026-08-05 19:10:35,NVDA,219.1700,219.2400,219.1200,219.2100,11208.0000,219.1760,63
2026-08-05 19:10:40,NVDA,219.2000,219.2100,219.1700,219.1700,11142.0000,219.1780,47
2026-08-05 19:10:45,NVDA,219.1700,219.1700,219.0400,219.0600,7515.0000,219.1040,40
2026-08-05 19:10:50,NVDA,219.0300,219.1000,219.0300,219.0900,10843.0000,219.0570,49
2026-08-05 19:10:55,NVDA,219.1000,219.1100,219.0400,219.0700,28014.0000,219.0800,98
2026-08-05 19:11:00,NVDA,219.0700,219.0700,219.0000,219.0000,14597.0000,219.0220,69
2026-08-05 19:11:05,NVDA,219.0000,219.1800,218.9700,219.1800,12135.0000,219.0980,68
2026-08-05 19:11:10,NVDA,219.1700,219.2300,219.1200,219.1400,10183.0000,219.1690,60
2026-08-05 19:11:15,NVDA,219.1200,219.2000,219.1000,219.1900,8436.0000,219.1660,50
2026-08-05 19:11:20,NVDA,219.1700,219.3300,219.1500,219.3300,26738.0000,219.2290,155
2026-08-05 19:11:25,NVDA,219.3300,219.4200,219.3100,219.4200,13748.0000,219.3710,54
2026-08-05 19:11:30,NVDA,219.4200,219.4600,219.3300,219.3300,12815.0000,219.3860,80
2026-08-05 19:11:35,NVDA,219.3500,219.3500,219.2700,219.2700,8511.0000,219.3290,48
2026-08-05 19:11:40,NVDA,219.2500,219.3100,219.2500,219.2600,7289.0000,219.2900,29
2026-08-05 19:11:45,NVDA,219.2500,219.2600,219.2200,219.2400,4715.0000,219.2450,32
2026-08-05 19:11:50,NVDA,219.2400,219.3300,219.2300,219.3300,6478.0000,219.2660,33
2026-08-05 19:11:55,NVDA,219.3300,219.3600,219.3100,219.3600,8296.0000,219.3290,49
2026-08-05 19:12:00,NVDA,219.3700,219.4900,219.3400,219.4600,12325.0000,219.4080,54
2026-08-05 19:12:05,NVDA,219.4800,219.5500,219.4600,219.5300,21297.0000,219.5000,94
2026-08-05 19:12:10,NVDA,219.5100,219.5400,219.4200,219.5000,11564.0000,219.4750,81
2026-08-05 19:12:15,NVDA,219.4800,219.4800,219.3400,219.3700,11946.0000,219.3910,50
2026-08-05 19:12:20,NVDA,219.3800,219.4000,219.3300,219.3900,8470.0000,219.3710,49
2026-08-05 19:12:25,NVDA,219.3900,219.4000,219.3400,219.3600,8630.0000,219.3560,60
2026-08-05 19:12:30,NVDA,219.3700,219.3800,219.3500,219.3700,7521.0000,219.3650,43
2026-08-05 19:12:35,NVDA,219.3800,219.3800,219.2900,219.3000,9132.0000,219.3250,67
2026-08-05 19:12:40,NVDA,219.3100,219.3800,219.3100,219.3800,7170.0000,219.3440,56
2026-08-05 19:12:45,NVDA,219.3900,219.3900,219.3300,219.3700,6609.0000,219.3650,27
2026-08-05 19:12:50,NVDA,219.3700,219.3800,219.3400,219.3600,13303.0000,219.3610,67
2026-08-05 19:12:55,NVDA,219.3700,219.4000,219.3700,219.3900,3028.0000,219.3810,26
2026-08-05 19:13:00,NVDA,219.3700,219.3700,219.3300,219.3600,11953.0000,219.3490,78
2026-08-05 19:13:05,NVDA,219.3600,219.4400,219.3500,219.4200,13092.0000,219.3980,86
2026-08-05 19:13:10,NVDA,219.4400,219.5100,219.4300,219.4500,12223.0000,219.4830,66
2026-08-05 19:13:15,NVDA,219.4600,219.4600,219.3400,219.3600,18529.0000,219.3970,91
2026-08-05 19:13:20,NVDA,219.3600,219.3900,219.3200,219.3500,6702.0000,219.3530,47
2026-08-05 19:13:25,NVDA,219.3400,219.3400,219.2400,219.2500,7288.0000,219.2750,37
2026-08-05 19:13:30,NVDA,219.2500,219.3000,219.2500,219.2700,9066.0000,219.2680,43
2026-08-05 19:13:35,NVDA,219.2700,219.2700,219.2100,219.2600,7891.0000,219.2360,46
2026-08-05 19:13:40,NVDA,219.2500,219.3400,219.2400,219.3300,7586.0000,219.2770,40
2026-08-05 19:13:45,NVDA,219.3600,219.4000,219.3600,219.3900,4364.0000,219.3790,25
2026-08-05 19:13:50,NVDA,219.3900,219.4800,219.3500,219.4800,11803.0000,219.4330,75
2026-08-05 19:13:55,NVDA,219.4700,219.4900,219.4100,219.4100,18527.0000,219.4480,68
2026-08-05 19:14:00,NVDA,219.4100,219.4600,219.3900,219.3900,10244.0000,219.4180,67
2026-08-05 19:14:05,NVDA,219.3900,219.4100,219.3600,219.3600,7081.0000,219.3810,34
2026-08-05 19:14:10,NVDA,219.3700,219.3700,219.2700,219.3400,10124.0000,219.3130,76
2026-08-05 19:14:15,NVDA,219.3400,219.3900,219.3300,219.3900,14326.0000,219.3450,47
2026-08-05 19:14:20,NVDA,219.3900,219.3900,219.3200,219.3400,8882.0000,219.3450,62
2026-08-05 19:14:25,NVDA,219.3400,219.4000,219.3400,219.3800,5647.0000,219.3810,32
2026-08-05 19:14:30,NVDA,219.3700,219.4100,219.3600,219.4000,7946.0000,219.3820,52
2026-08-05 19:14:35,NVDA,219.4000,219.4200,219.3600,219.3900,5564.0000,219.3830,43
2026-08-05 19:14:40,NVDA,219.4000,219.4100,219.3700,219.4000,10444.0000,219.3910,77
2026-08-05 19:14:45,NVDA,219.3900,219.4600,219.3900,219.4500,12968.0000,219.4380,31
2026-08-05 19:14:50,NVDA,219.4500,219.5000,219.4400,219.4800,6337.0000,219.4700,46
2026-08-05 19:14:55,NVDA,219.4900,219.5200,219.4600,219.5000,10054.0000,219.4940,59
2026-08-05 19:15:00,NVDA,219.5200,219.5400,219.4700,219.4900,13983.0000,219.5180,92
2026-08-05 19:15:05,NVDA,219.5000,219.6500,219.4900,219.6500,44663.0000,219.5570,212
2026-08-05 19:15:10,NVDA,219.6400,219.6800,219.6300,219.6800,14636.0000,219.6590,69
2026-08-05 19:15:15,NVDA,219.6700,219.7900,219.6400,219.7100,39169.0000,219.7010,176
2026-08-05 19:15:20,NVDA,219.7200,219.7200,219.6600,219.6900,8178.0000,219.6930,37
2026-08-05 19:15:25,NVDA,219.7000,219.7000,219.6400,219.6800,9952.0000,219.6620,49
2026-08-05 19:15:30,NVDA,219.6900,219.7500,219.6800,219.7500,8824.0000,219.7170,35
2026-08-05 19:15:35,NVDA,219.7500,219.7900,219.7100,219.7100,16259.0000,219.7690,70
2026-08-05 19:15:40,NVDA,219.7200,219.7700,219.7100,219.7700,12501.0000,219.7260,30
2026-08-05 19:15:45,NVDA,219.7600,219.8300,219.7600,219.8200,10514.0000,219.8040,50
2026-08-05 19:15:50,NVDA,219.8300,219.8800,219.8100,219.8200,14264.0000,219.8610,62
2026-08-05 19:15:55,NVDA,219.8200,219.8900,219.8200,219.8800,5553.0000,219.8620,44
2026-08-05 19:16:00,NVDA,219.8800,220.0000,219.8700,219.9100,125627.0000,219.9760,392
2026-08-05 19:16:05,NVDA,219.9100,219.9800,219.9000,219.9800,6654.0000,219.9470,45
2026-08-05 19:16:10,NVDA,219.9900,220.1500,219.9700,220.1400,53562.0000,220.0660,136
2026-08-05 19:16:15,NVDA,220.1500,220.1900,220.1200,220.1900,24384.0000,220.1500,126
2026-08-05 19:16:20,NVDA,220.1900,220.2800,220.1900,220.2600,28719.0000,220.2330,96
2026-08-05 19:16:25,NVDA,220.2600,220.3000,220.2500,220.3000,16875.0000,220.2890,76
2026-08-05 19:16:30,NVDA,220.3000,220.3900,220.2700,220.2700,31615.0000,220.3370,148
2026-08-05 19:16:35,NVDA,220.2800,220.2900,220.2200,220.2600,13918.0000,220.2620,72
2026-08-05 19:16:40,NVDA,220.2500,220.2800,220.2400,220.2600,13114.0000,220.2590,44
2026-08-05 19:16:45,NVDA,220.2600,220.3300,220.2200,220.2600,14778.0000,220.2630,80
2026-08-05 19:16:50,NVDA,220.2600,220.3000,220.2200,220.2900,27909.0000,220.2460,131
2026-08-05 19:16:55,NVDA,220.2800,220.3000,220.2600,220.3000,11099.0000,220.2840,34
2026-08-05 19:17:00,NVDA,220.3000,220.3400,220.2800,220.3400,17290.0000,220.3060,83
2026-08-05 19:17:05,NVDA,220.3300,220.3400,220.3100,220.3300,18176.0000,220.3310,43
2026-08-05 19:17:10,NVDA,220.3300,220.3700,220.2800,220.3700,16199.0000,220.3280,78
2026-08-05 19:17:15,NVDA,220.3700,220.3800,220.3100,220.3200,11603.0000,220.3280,64
2026-08-05 19:17:20,NVDA,220.3100,220.3100,220.2700,220.2800,13253.0000,220.2910,71
2026-08-05 19:17:25,NVDA,220.3000,220.3500,220.2900,220.3300,16985.0000,220.3180,85
2026-08-05 19:17:30,NVDA,220.3200,220.3600,220.2800,220.3200,14603.0000,220.3150,98
2026-08-05 19:17:35,NVDA,220.3000,220.3900,220.3000,220.3700,10679.0000,220.3650,60
2026-08-05 19:17:40,NVDA,220.3700,220.4100,220.3500,220.3900,19307.0000,220.3780,82
2026-08-05 19:17:45,NVDA,220.3900,220.3900,220.3400,220.3500,10462.0000,220.3710,65
2026-08-05 19:17:50,NVDA,220.3500,220.3600,220.3300,220.3400,8733.0000,220.3440,44
2026-08-05 19:17:55,NVDA,220.3400,220.3400,220.2500,220.2600,14915.0000,220.3100,83
2026-08-05 19:18:00,NVDA,220.2600,220.2900,220.1900,220.1900,21121.0000,220.2350,98
2026-08-05 19:18:05,NVDA,220.1800,220.2700,220.1800,220.2200,21804.0000,220.2270,74
2026-08-05 19:18:10,NVDA,220.2300,220.2600,220.1900,220.2400,12661.0000,220.2120,52
2026-08-05 19:18:15,NVDA,220.2500,220.3200,220.2200,220.2900,19331.0000,220.2540,59
2026-08-05 19:18:20,NVDA,220.2800,220.2900,220.2500,220.2900,8033.0000,220.2700,40
2026-08-05 19:18:25,NVDA,220.2900,220.3100,220.2400,220.2600,16283.0000,220.2830,79
2026-08-05 19:18:30,NVDA,220.2400,220.2600,220.1300,220.1700,18642.0000,220.2020,108
2026-08-05 19:18:35,NVDA,220.1900,220.2400,220.1700,220.2200,12715.0000,220.2140,40
2026-08-05 19:18:40,NVDA,220.2100,220.2500,220.2000,220.2000,5123.0000,220.2190,38
2026-08-05 19:18:45,NVDA,220.2000,220.2100,220.1700,220.2100,7246.0000,220.1860,33
2026-08-05 19:18:50,NVDA,220.2100,220.2200,220.1700,220.1700,14389.0000,220.2030,90
2026-08-05 19:18:55,NVDA,220.1700,220.1900,220.1600,220.1800,5597.0000,220.1790,34
2026-08-05 19:19:00,NVDA,220.1900,220.1900,220.1400,220.1400,5806.0000,220.1640,42
2026-08-05 19:19:05,NVDA,220.1300,220.1500,220.0600,220.0700,13899.0000,220.1010,85
2026-08-05 19:19:10,NVDA,220.0700,220.1000,220.0500,220.0800,22960.0000,220.0810,104
2026-08-05 19:19:15,NVDA,220.0700,220.0700,220.0100,220.0200,13251.0000,220.0400,63
2026-08-05 19:19:20,NVDA,220.0200,220.0500,219.9900,220.0500,17863.0000,220.0110,122
2026-08-05 19:19:25,NVDA,220.0400,220.0600,219.9400,219.9500,12008.0000,219.9990,83
2026-08-05 19:19:30,NVDA,219.9500,219.9800,219.9400,219.9500,21752.0000,219.9540,112
2026-08-05 19:19:35,NVDA,219.9500,219.9700,219.8400,219.8500,13926.0000,219.9030,83
2026-08-05 19:19:40,NVDA,219.8400,219.8400,219.7400,219.7400,15083.0000,219.7950,104
2026-08-05 19:19:45,NVDA,219.7500,219.8000,219.7400,219.7600,12167.0000,219.7720,56
2026-08-05 19:19:50,NVDA,219.7600,219.8200,219.7600,219.8200,9210.0000,219.7890,57
2026-08-05 19:19:55,NVDA,219.8100,219.8100,219.7400,219.8100,9222.0000,219.7870,44
2026-08-05 19:20:00,NVDA,219.8100,219.9200,219.7600,219.9000,17352.0000,219.8280,108
2026-08-05 19:20:05,NVDA,219.9100,219.9500,219.8700,219.9300,7564.0000,219.9190,49
2026-08-05 19:20:10,NVDA,219.9500,220.0400,219.9400,220.0400,12745.0000,219.9860,62
2026-08-05 19:20:15,NVDA,220.0500,220.0700,220.0300,220.0600,26458.0000,220.0570,110
2026-08-05 19:20:20,NVDA,220.0700,220.0800,220.0600,220.0600,9266.0000,220.0680,57
2026-08-05 19:20:25,NVDA,220.0600,220.0700,219.9900,220.0000,13442.0000,220.0360,68
2026-08-05 19:20:30,NVDA,220.0000,220.0400,219.9900,220.0300,8344.0000,220.0240,56
2026-08-05 19:20:35,NVDA,220.0200,220.0300,219.9100,219.9100,3615.0000,219.9950,31
2026-08-05 19:20:40,NVDA,219.9200,219.9500,219.9100,219.9400,6384.0000,219.9230,51
2026-08-05 19:20:45,NVDA,219.9300,220.0000,219.9200,219.9800,6383.0000,219.9510,37
2026-08-05 19:20:50,NVDA,219.9700,220.0400,219.9700,220.0000,8992.0000,219.9940,52
2026-08-05 19:20:55,NVDA,220.0100,220.0800,220.0000,220.0500,7834.0000,220.0660,34
2026-08-05 19:21:00,NVDA,220.0400,220.1000,220.0000,220.0200,10835.0000,220.0470,84
2026-08-05 19:21:05,NVDA,220.0200,220.0600,220.0100,220.0500,6268.0000,220.0360,36
2026-08-05 19:21:10,NVDA,220.0600,220.1100,220.0300,220.1000,32885.0000,220.0740,203
2026-08-05 19:21:15,NVDA,220.1000,220.1300,220.0700,220.1000,12151.0000,220.1020,62
2026-08-05 19:21:20,NVDA,220.0900,220.1100,220.0500,220.1100,4480.0000,220.0820,31
2026-08-05 19:21:25,NVDA,220.1100,220.1700,220.1000,220.1700,7899.0000,220.1250,49
2026-08-05 19:21:30,NVDA,220.1800,220.1800,220.1100,220.1300,14514.0000,220.1550,45
2026-08-05 19:21:35,NVDA,220.1100,220.1600,220.1000,220.1600,8983.0000,220.1250,51
2026-08-05 19:21:40,NVDA,220.1600,220.2200,220.1600,220.2200,19735.0000,220.2020,82
2026-08-05 19:21:45,NVDA,220.2200,220.3000,220.2200,220.2800,20806.0000,220.2640,68
2026-08-05 19:21:50,NVDA,220.2800,220.3200,220.2500,220.3100,16480.0000,220.2890,65
2026-08-05 19:21:55,NVDA,220.3100,220.3700,220.2800,220.2800,19710.0000,220.3090,108
2026-08-05 19:22:00,NVDA,220.2900,220.3300,220.2700,220.3000,8967.0000,220.2990,54
2026-08-05 19:22:05,NVDA,220.2900,220.3100,220.2500,220.2600,20551.0000,220.2890,90
2026-08-05 19:22:10,NVDA,220.2600,220.3000,220.2100,220.2100,8175.0000,220.2390,46
2026-08-05 19:22:15,NVDA,220.2200,220.2500,220.1900,220.2400,15764.0000,220.2220,61
2026-08-05 19:22:20,NVDA,220.2400,220.3100,220.2300,220.3100,10567.0000,220.2830,49
2026-08-05 19:22:25,NVDA,220.3000,220.3600,220.2700,220.2800,20044.0000,220.3170,86
2026-08-05 19:22:30,NVDA,220.2900,220.2900,220.2100,220.2200,16774.0000,220.2570,43
2026-08-05 19:22:35,NVDA,220.2200,220.2900,220.2100,220.2600,9040.0000,220.2630,42
2026-08-05 19:22:40,NVDA,220.2800,220.3400,220.2800,220.3200,14579.0000,220.3030,52
2026-08-05 19:22:45,NVDA,220.3200,220.3700,220.3000,220.3200,18311.0000,220.3350,80
2026-08-05 19:22:50,NVDA,220.3300,220.3300,220.2600,220.2800,11225.0000,220.2900,66
2026-08-05 19:22:55,NVDA,220.2600,220.3000,220.2600,220.2900,9721.0000,220.2790,45
2026-08-05 19:23:00,NVDA,220.2900,220.3600,220.2800,220.3000,8991.0000,220.3220,53
2026-08-05 19:23:05,NVDA,220.3000,220.3200,220.2900,220.3000,8943.0000,220.3090,48
2026-08-05 19:23:10,NVDA,220.3000,220.3300,220.3000,220.3000,7641.0000,220.3140,24
2026-08-05 19:23:15,NVDA,220.3100,220.3100,220.2700,220.2800,13568.0000,220.2880,65
2026-08-05 19:23:20,NVDA,220.2900,220.3000,220.2400,220.3000,12156.0000,220.2580,77
2026-08-05 19:23:25,NVDA,220.2900,220.3500,220.2800,220.3300,6241.0000,220.3180,39
2026-08-05 19:23:30,NVDA,220.3400,220.3400,220.2600,220.2800,5392.0000,220.2900,42
2026-08-05 19:23:35,NVDA,220.2900,220.3500,220.2900,220.3200,38338.0000,220.3090,43
2026-08-05 19:23:40,NVDA,220.3400,220.4300,220.3300,220.4200,30104.0000,220.3890,119
2026-08-05 19:23:45,NVDA,220.4200,220.4200,220.3600,220.3700,10525.0000,220.3880,67
2026-08-05 19:23:50,NVDA,220.3600,220.3900,220.3400,220.3800,11476.0000,220.3580,47
2026-08-05 19:23:55,NVDA,220.3800,220.3900,220.2900,220.2900,15111.0000,220.3400,69
2026-08-05 19:24:00,NVDA,220.2800,220.2900,220.2200,220.2500,18611.0000,220.2550,88
2026-08-05 19:24:05,NVDA,220.2600,220.2800,220.1400,220.1800,22815.0000,220.2090,141
2026-08-05 19:24:10,NVDA,220.1800,220.2800,220.1700,220.2800,11338.0000,220.2150,51
2026-08-05 19:24:15,NVDA,220.2900,220.3700,220.2700,220.3700,16457.0000,220.3160,70
2026-08-05 19:24:20,NVDA,220.3700,220.4400,220.3500,220.4300,11883.0000,220.4040,56
2026-08-05 19:24:25,NVDA,220.4400,220.5700,220.4200,220.5100,61128.0000,220.4910,270
2026-08-05 19:24:30,NVDA,220.5300,220.6300,220.5200,220.6300,30641.0000,220.5820,174
2026-08-05 19:24:35,NVDA,220.6300,220.6800,220.6200,220.6700,25006.0000,220.6560,116
2026-08-05 19:24:40,NVDA,220.6700,220.6900,220.6600,220.6700,30790.0000,220.6760,74
2026-08-05 19:24:45,NVDA,220.6700,220.6900,220.6400,220.6800,34039.0000,220.6670,171
2026-08-05 19:24:50,NVDA,220.6900,220.7000,220.6400,220.6500,23078.0000,220.6690,117
2026-08-05 19:24:55,NVDA,220.6500,220.7400,220.6400,220.7100,22334.0000,220.6750,124
2026-08-05 19:25:00,NVDA,220.7100,220.7900,220.6800,220.7800,58218.0000,220.7600,123
2026-08-05 19:25:05,NVDA,220.7800,220.8800,220.7700,220.8700,27475.0000,220.8330,137
2026-08-05 19:25:10,NVDA,220.8700,220.9000,220.8400,220.8800,23354.0000,220.8810,108
2026-08-05 19:25:15,NVDA,220.8800,220.9900,220.8700,220.9300,36218.0000,220.9310,177
2026-08-05 19:25:20,NVDA,220.9400,221.0500,220.9200,221.0500,115884.0000,220.9990,450
2026-08-05 19:25:25,NVDA,221.0400,221.0800,221.0400,221.0500,14378.0000,221.0540,90
2026-08-05 19:25:30,NVDA,221.0300,221.0500,221.0000,221.0200,23299.0000,221.0170,135
2026-08-05 19:25:35,NVDA,221.0200,221.0400,220.9600,220.9700,15067.0000,221.0120,91
2026-08-05 19:25:40,NVDA,220.9700,221.0400,220.9600,221.0200,26878.0000,221.0020,181
2026-08-05 19:25:45,NVDA,221.0200,221.0400,220.9900,220.9900,15097.0000,221.0050,84
2026-08-05 19:25:50,NVDA,220.9900,221.0100,220.9500,220.9700,13759.0000,220.9750,87
2026-08-05 19:25:55,NVDA,220.9700,221.0000,220.9200,220.9300,29790.0000,220.9610,191
2026-08-05 19:26:00,NVDA,220.9200,220.9800,220.9200,220.9600,15338.0000,220.9460,55
2026-08-05 19:26:05,NVDA,220.9500,220.9600,220.9400,220.9500,6669.0000,220.9440,46
2026-08-05 19:26:10,NVDA,220.9300,220.9400,220.9200,220.9300,10190.0000,220.9280,62
2026-08-05 19:26:15,NVDA,220.9300,220.9800,220.9200,220.9400,17602.0000,220.9540,96
2026-08-05 19:26:20,NVDA,220.9400,220.9700,220.9200,220.9500,30826.0000,220.9510,106
2026-08-05 19:26:25,NVDA,220.9600,220.9900,220.9500,220.9700,18093.0000,220.9690,79
2026-08-05 19:26:30,NVDA,220.9800,221.0200,220.9700,220.9900,23492.0000,220.9950,111
2026-08-05 19:26:35,NVDA,220.9900,221.0500,220.9900,221.0400,13602.0000,221.0170,48
2026-08-05 19:26:40,NVDA,221.0400,221.0900,221.0300,221.0600,17414.0000,221.0500,72
2026-08-05 19:26:45,NVDA,221.0700,221.1000,221.0500,221.0900,17195.0000,221.0780,98
2026-08-05 19:26:50,NVDA,221.0900,221.1800,221.0800,221.1700,23359.0000,221.1410,113
2026-08-05 19:26:55,NVDA,221.1700,221.3000,221.1700,221.2800,49877.0000,221.2300,216
2026-08-05 19:27:00,NVDA,221.2700,221.3600,221.2500,221.3600,48486.0000,221.3110,250
2026-08-05 19:27:05,NVDA,221.3600,221.3700,221.3000,221.3100,31408.0000,221.3390,169
2026-08-05 19:27:10,NVDA,221.3100,221.3200,221.1800,221.2000,31855.0000,221.2500,183
2026-08-05 19:27:15,NVDA,221.1900,221.2400,221.1800,221.2300,12431.0000,221.2060,74
2026-08-05 19:27:20,NVDA,221.2200,221.2300,221.1900,221.2300,16535.0000,221.2200,73
2026-08-05 19:27:25,NVDA,221.2200,221.2200,221.1800,221.2200,26780.0000,221.2030,143
2026-08-05 19:27:30,NVDA,221.2300,221.2500,221.1600,221.1700,25794.0000,221.2080,134
2026-08-05 19:27:35,NVDA,221.1700,221.2000,221.1600,221.1800,15372.0000,221.1850,78
2026-08-05 19:27:40,NVDA,221.1800,221.1900,221.1400,221.1700,20168.0000,221.1590,118
2026-08-05 19:27:45,NVDA,221.1600,221.1800,221.1400,221.1600,16501.0000,221.1590,96
2026-08-05 19:27:50,NVDA,221.1300,221.1600,221.0800,221.1200,20065.0000,221.1020,97
2026-08-05 19:27:55,NVDA,221.1000,221.1100,221.0400,221.0400,12752.0000,221.0850,71
2026-08-05 19:28:00,NVDA,221.0400,221.0500,220.9700,220.9900,27810.0000,221.0180,152
2026-08-05 19:28:05,NVDA,221.0000,221.0000,220.9200,220.9300,15322.0000,220.9580,101
2026-08-05 19:28:10,NVDA,220.9300,221.0200,220.9200,221.0100,16312.0000,220.9660,79
2026-08-05 19:28:15,NVDA,221.0000,221.0200,220.9500,220.9900,25043.0000,220.9950,124
2026-08-05 19:28:20,NVDA,220.9900,221.0300,220.9700,220.9800,7356.0000,220.9970,49
2026-08-05 19:28:25,NVDA,220.9900,221.0100,220.9700,220.9800,8183.0000,220.9900,56
2026-08-05 19:28:30,NVDA,220.9700,221.0100,220.9300,220.9600,15466.0000,220.9820,112
2026-08-05 19:28:35,NVDA,220.9600,220.9900,220.9500,220.9800,9452.0000,220.9680,39
2026-08-05 19:28:40,NVDA,220.9700,221.0100,220.9600,220.9900,7013.0000,220.9810,54
2026-08-05 19:28:45,NVDA,220.9800,221.0000,220.9700,221.0000,9551.0000,220.9830,78
2026-08-05 19:28:50,NVDA,221.0100,221.0800,221.0000,221.0500,8737.0000,221.0450,35
2026-08-05 19:28:55,NVDA,221.0400,221.0500,221.0200,221.0400,9239.0000,221.0280,51
2026-08-05 19:29:00,NVDA,221.0400,221.1600,221.0400,221.1600,19416.0000,221.1270,71
2026-08-05 19:29:05,NVDA,221.1800,221.2000,221.1700,221.1800,17190.0000,221.1820,91
2026-08-05 19:29:10,NVDA,221.1900,221.2200,221.1700,221.1800,34655.0000,221.1990,178
2026-08-05 19:29:15,NVDA,221.1700,221.1800,221.1200,221.1600,16367.0000,221.1470,72
2026-08-05 19:29:20,NVDA,221.1500,221.1800,221.1100,221.1100,13871.0000,221.1490,97
2026-08-05 19:29:25,NVDA,221.1200,221.1400,221.0800,221.1400,10378.0000,221.1160,68
2026-08-05 19:29:30,NVDA,221.1400,221.1700,221.1000,221.1500,6570.0000,221.1410,41
2026-08-05 19:29:35,NVDA,221.1400,221.1800,221.1400,221.1700,8739.0000,221.1550,49
2026-08-05 19:29:40,NVDA,221.1700,221.1800,221.1300,221.1400,10882.0000,221.1540,72
2026-08-05 19:29:45,NVDA,221.1400,221.1600,221.1200,221.1400,10576.0000,221.1390,50
2026-08-05 19:29:50,NVDA,221.1400,221.1600,221.1300,221.1500,5667.0000,221.1430,34
2026-08-05 19:29:55,NVDA,221.1500,221.1700,221.1400,221.1700,7694.0000,221.1540,35
2026-08-05 19:30:00,NVDA,221.1700,221.2800,221.1700,221.2800,42507.0000,221.2420,216
2026-08-05 19:30:05,NVDA,221.2900,221.3000,221.2400,221.2600,25914.0000,221.2710,138
2026-08-05 19:30:10,NVDA,221.2800,221.3500,221.2300,221.3400,29383.0000,221.3050,140
2026-08-05 19:30:15,NVDA,221.3400,221.3500,221.2500,221.2500,14392.0000,221.3170,81
2026-08-05 19:30:20,NVDA,221.2600,221.3000,221.2400,221.3000,7969.0000,221.2620,46
2026-08-05 19:30:25,NVDA,221.3000,221.3100,221.2300,221.2300,24585.0000,221.2840,121
2026-08-05 19:30:30,NVDA,221.2200,221.2200,221.1400,221.1500,22039.0000,221.1800,133
2026-08-05 19:30:35,NVDA,221.1700,221.2100,221.1500,221.1500,11787.0000,221.1680,65
2026-08-05 19:30:40,NVDA,221.1500,221.2100,221.1500,221.1800,9491.0000,221.1860,47
2026-08-05 19:30:45,NVDA,221.2000,221.2800,221.1800,221.2500,12691.0000,221.2380,60
2026-08-05 19:30:50,NVDA,221.2600,221.2600,221.1800,221.2200,12738.0000,221.2170,78
2026-08-05 19:30:55,NVDA,221.2200,221.2300,221.1800,221.2200,18550.0000,221.2050,96
2026-08-05 19:31:00,NVDA,221.2000,221.2600,221.2000,221.2100,16347.0000,221.2250,79
2026-08-05 19:31:05,NVDA,221.2200,221.3000,221.2000,221.2800,15633.0000,221.2530,89
2026-08-05 19:31:10,NVDA,221.2800,221.3200,221.2200,221.2900,18683.0000,221.2750,112
2026-08-05 19:31:15,NVDA,221.2700,221.2900,221.1600,221.1800,28869.0000,221.2230,166
2026-08-05 19:31:20,NVDA,221.1900,221.2300,221.1700,221.2000,10870.0000,221.1950,39
2026-08-05 19:31:25,NVDA,221.2100,221.3200,221.2000,221.3100,12915.0000,221.2620,64
2026-08-05 19:31:30,NVDA,221.3100,221.3300,221.2800,221.3200,18996.0000,221.2970,61
2026-08-05 19:31:35,NVDA,221.3000,221.3400,221.2900,221.3400,11945.0000,221.3230,64
2026-08-05 19:31:40,NVDA,221.3400,221.3800,221.3300,221.3800,18129.0000,221.3530,107
2026-08-05 19:31:45,NVDA,221.3700,221.3800,221.3500,221.3700,13502.0000,221.3670,83
2026-08-05 19:31:50,NVDA,221.3500,221.3900,221.3400,221.3500,12420.0000,221.3610,84
2026-08-05 19:31:55,NVDA,221.3400,221.3400,221.2800,221.2900,21157.0000,221.3160,105
2026-08-05 19:32:00,NVDA,221.2800,221.3900,221.2500,221.3800,15764.0000,221.3180,98
2026-08-05 19:32:05,NVDA,221.3700,221.4400,221.3600,221.3600,34176.0000,221.3990,185
2026-08-05 19:32:10,NVDA,221.3600,221.4000,221.3100,221.3200,23144.0000,221.3460,108
2026-08-05 19:32:15,NVDA,221.3200,221.3300,221.2500,221.2600,13935.0000,221.2760,67
2026-08-05 19:32:20,NVDA,221.2600,221.3600,221.2500,221.3600,10865.0000,221.3120,67
2026-08-05 19:32:25,NVDA,221.3600,221.4300,221.3600,221.4200,20930.0000,221.4100,93
2026-08-05 19:32:30,NVDA,221.4200,221.4200,221.3700,221.4000,13139.0000,221.3900,77
2026-08-05 19:32:35,NVDA,221.4100,221.4600,221.4000,221.4300,25994.0000,221.4350,92
2026-08-05 19:32:40,NVDA,221.4300,221.5000,221.4100,221.4700,20540.0000,221.4480,99
2026-08-05 19:32:45,NVDA,221.4600,221.4700,221.4200,221.4400,12855.0000,221.4430,69
2026-08-05 19:32:50,NVDA,221.4400,221.4400,221.4000,221.4300,10814.0000,221.4140,56
2026-08-05 19:32:55,NVDA,221.4300,221.5000,221.4200,221.4600,22031.0000,221.4790,125
2026-08-05 19:33:00,NVDA,221.4500,221.5000,221.4300,221.4600,23065.0000,221.4640,104
2026-08-05 19:33:05,NVDA,221.4500,221.4700,221.3300,221.3400,37083.0000,221.3850,127
2026-08-05 19:33:10,NVDA,221.3200,221.3500,221.2900,221.3100,20163.0000,221.3130,85
2026-08-05 19:33:15,NVDA,221.3200,221.3500,221.1800,221.2000,23986.0000,221.2760,92
2026-08-05 19:33:20,NVDA,221.2000,221.2400,221.1600,221.2200,17940.0000,221.1980,82
2026-08-05 19:33:25,NVDA,221.2200,221.2300,221.1300,221.1300,19412.0000,221.1920,128
2026-08-05 19:33:30,NVDA,221.1500,221.1900,221.1400,221.1800,12800.0000,221.1590,46
2026-08-05 19:33:35,NVDA,221.1800,221.1900,221.1300,221.1500,25874.0000,221.1510,141
2026-08-05 19:33:40,NVDA,221.1500,221.2000,221.1400,221.1700,14658.0000,221.1670,66
2026-08-05 19:33:45,NVDA,221.1700,221.2100,221.1500,221.1800,17942.0000,221.1930,114
2026-08-05 19:33:50,NVDA,221.1800,221.2200,221.1200,221.2000,24161.0000,221.1580,155
2026-08-05 19:33:55,NVDA,221.2000,221.2200,221.1600,221.1800,9045.0000,221.1960,41
2026-08-05 19:34:00,NVDA,221.1800,221.2400,221.1600,221.2100,20657.0000,221.2000,116
2026-08-05 19:34:05,NVDA,221.2100,221.2300,221.1700,221.1900,10684.0000,221.1940,69
2026-08-05 19:34:10,NVDA,221.1900,221.1900,221.1100,221.1200,17735.0000,221.1460,105
2026-08-05 19:34:15,NVDA,221.1200,221.1500,221.1100,221.1400,19204.0000,221.1240,91
2026-08-05 19:34:20,NVDA,221.1400,221.1900,221.1300,221.1400,16597.0000,221.1580,73
2026-08-05 19:34:25,NVDA,221.1400,221.2200,221.1300,221.2100,19477.0000,221.1870,83
2026-08-05 19:34:30,NVDA,221.2200,221.2700,221.2000,221.2200,13014.0000,221.2380,51
2026-08-05 19:34:35,NVDA,221.2100,221.3000,221.2100,221.3000,12089.0000,221.2350,46
2026-08-05 19:34:40,NVDA,221.3000,221.3000,221.2400,221.2500,16214.0000,221.2650,97
2026-08-05 19:34:45,NVDA,221.2500,221.2800,221.2400,221.2800,9336.0000,221.2620,49
2026-08-05 19:34:50,NVDA,221.2800,221.3100,221.2500,221.2900,13921.0000,221.2870,72
2026-08-05 19:34:55,NVDA,221.2900,221.3000,221.2700,221.2900,8856.0000,221.2890,45
2026-08-05 19:35:00,NVDA,221.2900,221.3200,221.2600,221.3000,26717.0000,221.2890,146
2026-08-05 19:35:05,NVDA,221.3100,221.3500,221.3000,221.3200,10023.0000,221.3220,66
2026-08-05 19:35:10,NVDA,221.3200,221.3200,221.2600,221.2700,27561.0000,221.2960,94
2026-08-05 19:35:15,NVDA,221.2600,221.2800,221.2500,221.2600,10705.0000,221.2700,43
2026-08-05 19:35:20,NVDA,221.2700,221.2700,221.1400,221.1500,19967.0000,221.1940,106
2026-08-05 19:35:25,NVDA,221.1400,221.1600,221.1200,221.1400,13029.0000,221.1440,69
2026-08-05 19:35:30,NVDA,221.1300,221.1600,221.1100,221.1600,10939.0000,221.1380,51
2026-08-05 19:35:35,NVDA,221.1400,221.2000,221.1400,221.1800,11464.0000,221.1690,65
2026-08-05 19:35:40,NVDA,221.1900,221.1900,221.1600,221.1800,15940.0000,221.1780,83
2026-08-05 19:35:45,NVDA,221.1800,221.2400,221.1800,221.2200,14798.0000,221.2060,65
2026-08-05 19:35:50,NVDA,221.2100,221.2400,221.1900,221.1900,6108.0000,221.2110,35
2026-08-05 19:35:55,NVDA,221.2000,221.3100,221.1900,221.2600,11437.0000,221.2450,75
2026-08-05 19:36:00,NVDA,221.2500,221.2800,221.2400,221.2700,13347.0000,221.2600,45
2026-08-05 19:36:05,NVDA,221.2700,221.2800,221.1300,221.1400,37938.0000,221.2230,148
2026-08-05 19:36:10,NVDA,221.1300,221.2100,221.1200,221.2100,10029.0000,221.1520,63
2026-08-05 19:36:15,NVDA,221.2100,221.2300,221.1900,221.2100,4579.0000,221.2080,35
2026-08-05 19:36:20,NVDA,221.2200,221.2300,221.1300,221.1500,9374.0000,221.1690,56
2026-08-05 19:36:25,NVDA,221.1600,221.1900,221.1100,221.1300,8046.0000,221.1490,47
2026-08-05 19:36:30,NVDA,221.1400,221.2400,221.1300,221.2300,39653.0000,221.2040,83
2026-08-05 19:36:35,NVDA,221.2300,221.2500,221.2100,221.2300,16685.0000,221.2380,92
2026-08-05 19:36:40,NVDA,221.2300,221.2400,221.1900,221.2000,17853.0000,221.2080,110
2026-08-05 19:36:45,NVDA,221.2000,221.2000,221.1800,221.2000,9136.0000,221.1900,61
2026-08-05 19:36:50,NVDA,221.1900,221.2100,221.1900,221.2100,5100.0000,221.1990,30
2026-08-05 19:36:55,NVDA,221.2100,221.2300,221.1700,221.1800,27176.0000,221.2080,176
2026-08-05 19:37:00,NVDA,221.1800,221.1900,221.1500,221.1500,6839.0000,221.1660,48
2026-08-05 19:37:05,NVDA,221.1700,221.1900,221.1300,221.1400,26675.0000,221.1650,91
2026-08-05 19:37:10,NVDA,221.1400,221.2500,221.1400,221.2200,9088.0000,221.2100,53
2026-08-05 19:37:15,NVDA,221.2300,221.2400,221.2000,221.2100,13262.0000,221.2210,73
2026-08-05 19:37:20,NVDA,221.2200,221.2300,221.1600,221.1700,42520.0000,221.1750,215
2026-08-05 19:37:25,NVDA,221.1700,221.1900,221.1600,221.1700,9509.0000,221.1760,58
2026-08-05 19:37:30,NVDA,221.1700,221.1900,221.1600,221.1600,10356.0000,221.1670,56
2026-08-05 19:37:35,NVDA,221.1700,221.1900,221.1600,221.1800,4497.0000,221.1720,26
2026-08-05 19:37:40,NVDA,221.1800,221.2200,221.1600,221.2000,16552.0000,221.1900,106
2026-08-05 19:37:45,NVDA,221.2100,221.2200,221.1800,221.1900,8335.0000,221.2070,42
2026-08-05 19:37:50,NVDA,221.1900,221.2600,221.1900,221.2400,35239.0000,221.2250,83
2026-08-05 19:37:55,NVDA,221.2300,221.2400,221.2100,221.2200,12210.0000,221.2300,67
2026-08-05 19:38:00,NVDA,221.2500,221.2700,221.2200,221.2200,10842.0000,221.2400,61
2026-08-05 19:38:05,NVDA,221.2400,221.2500,221.2100,221.2100,11544.0000,221.2320,75
2026-08-05 19:38:10,NVDA,221.2000,221.2700,221.2000,221.2700,5042.0000,221.2350,27
2026-08-05 19:38:15,NVDA,221.2600,221.2600,221.2000,221.2000,7182.0000,221.2290,45
2026-08-05 19:38:20,NVDA,221.2100,221.2200,221.0400,221.1500,37558.0000,221.1190,153
2026-08-05 19:38:25,NVDA,221.1500,221.1600,221.1200,221.1500,9910.0000,221.1370,41
2026-08-05 19:38:30,NVDA,221.1600,221.1900,221.1500,221.1900,6043.0000,221.1670,30
2026-08-05 19:38:35,NVDA,221.1900,221.2400,221.1600,221.2100,11238.0000,221.2060,69
2026-08-05 19:38:40,NVDA,221.2100,221.2200,221.1900,221.2100,7895.0000,221.2030,32
2026-08-05 19:38:45,NVDA,221.2000,221.2500,221.1900,221.2400,18319.0000,221.2240,85
2026-08-05 19:38:50,NVDA,221.2400,221.2900,221.2100,221.2800,11486.0000,221.2490,49
2026-08-05 19:38:55,NVDA,221.2900,221.3000,221.2400,221.2600,8214.0000,221.2710,50
2026-08-05 19:39:00,NVDA,221.2500,221.2700,221.2500,221.2600,19169.0000,221.2550,82
2026-08-05 19:39:05,NVDA,221.2600,221.2700,221.2200,221.2700,12710.0000,221.2490,63
2026-08-05 19:39:10,NVDA,221.2600,221.2800,221.2400,221.2700,9192.0000,221.2700,43
2026-08-05 19:39:15,NVDA,221.2700,221.3000,221.2600,221.2900,7087.0000,221.2830,47
2026-08-05 19:39:20,NVDA,221.3000,221.3200,221.2700,221.3200,25727.0000,221.3010,117
2026-08-05 19:39:25,NVDA,221.3200,221.3300,221.2600,221.2600,19759.0000,221.2900,130
2026-08-05 19:39:30,NVDA,221.2600,221.2800,221.1900,221.2000,8723.0000,221.2430,56
2026-08-05 19:39:35,NVDA,221.1800,221.1900,221.1400,221.1400,9868.0000,221.1600,54
2026-08-05 19:39:40,NVDA,221.1400,221.1700,221.1300,221.1500,9841.0000,221.1500,36
2026-08-05 19:39:45,NVDA,221.1500,221.2400,221.1400,221.2300,4811.0000,221.1790,38
2026-08-05 19:39:50,NVDA,221.2100,221.2200,221.1600,221.1700,7152.0000,221.1920,40
2026-08-05 19:39:55,NVDA,221.1800,221.2200,221.1600,221.2200,6927.0000,221.1930,32
2026-08-05 19:40:00,NVDA,221.2000,221.2500,221.1900,221.2200,12666.0000,221.2280,77
2026-08-05 19:40:05,NVDA,221.2100,221.2600,221.2100,221.2200,3789.0000,221.2260,33
2026-08-05 19:40:10,NVDA,221.2100,221.2700,221.1900,221.2500,13622.0000,221.2160,67
2026-08-05 19:40:15,NVDA,221.2600,221.3000,221.2100,221.2400,12744.0000,221.2590,58
2026-08-05 19:40:20,NVDA,221.2500,221.2700,221.2400,221.2700,6037.0000,221.2450,37
2026-08-05 19:40:25,NVDA,221.2900,221.2900,221.2500,221.2700,10376.0000,221.2700,45
2026-08-05 19:40:30,NVDA,221.2800,221.2900,221.2100,221.2300,8532.0000,221.2450,57
2026-08-05 19:40:35,NVDA,221.2300,221.2500,221.2200,221.2300,9028.0000,221.2300,44
2026-08-05 19:40:40,NVDA,221.2300,221.2300,221.2000,221.2200,10802.0000,221.2160,75
2026-08-05 19:40:45,NVDA,221.2300,221.2300,221.1700,221.2200,11372.0000,221.2030,51
2026-08-05 19:40:50,NVDA,221.2300,221.2900,221.2200,221.2900,10969.0000,221.2680,61
2026-08-05 19:40:55,NVDA,221.2900,221.3000,221.2700,221.3000,6477.0000,221.2850,48
2026-08-05 19:41:00,NVDA,221.2900,221.3100,221.2800,221.3000,11241.0000,221.2960,51
2026-08-05 19:41:05,NVDA,221.3000,221.3700,221.2900,221.3500,20141.0000,221.3380,116
2026-08-05 19:41:10,NVDA,221.3600,221.3600,221.3200,221.3300,12391.0000,221.3350,79
2026-08-05 19:41:15,NVDA,221.3400,221.3900,221.3300,221.3800,9444.0000,221.3580,50
2026-08-05 19:41:20,NVDA,221.3800,221.5300,221.3800,221.4800,73346.0000,221.4830,335
2026-08-05 19:41:25,NVDA,221.4700,221.5100,221.4600,221.4700,11909.0000,221.4860,69
2026-08-05 19:41:30,NVDA,221.4500,221.4900,221.4300,221.4900,8871.0000,221.4470,58
2026-08-05 19:41:35,NVDA,221.4800,221.4900,221.3600,221.3700,14495.0000,221.4380,89
2026-08-05 19:41:40,NVDA,221.3700,221.4100,221.3600,221.4100,8149.0000,221.3770,49
2026-08-05 19:41:45,NVDA,221.3900,221.4100,221.3700,221.3800,8489.0000,221.3860,48
2026-08-05 19:41:50,NVDA,221.3700,221.3800,221.3600,221.3700,13591.0000,221.3710,72
2026-08-05 19:41:55,NVDA,221.3700,221.4100,221.3700,221.3700,8193.0000,221.3870,50
2026-08-05 19:42:00,NVDA,221.3700,221.4200,221.3600,221.4100,15702.0000,221.3820,95
2026-08-05 19:42:05,NVDA,221.4000,221.4000,221.2800,221.3300,11565.0000,221.3380,74
2026-08-05 19:42:10,NVDA,221.3100,221.3300,221.2800,221.2900,11906.0000,221.2960,73
2026-08-05 19:42:15,NVDA,221.2800,221.3000,221.2700,221.2900,6934.0000,221.2890,47
2026-08-05 19:42:20,NVDA,221.3000,221.3400,221.2800,221.3300,6690.0000,221.3060,58
2026-08-05 19:42:25,NVDA,221.3400,221.3700,221.3200,221.3600,13610.0000,221.3490,70
2026-08-05 19:42:30,NVDA,221.3600,221.4000,221.3400,221.3800,8416.0000,221.3810,51
2026-08-05 19:42:35,NVDA,221.3800,221.4100,221.3500,221.3600,10800.0000,221.3660,82
2026-08-05 19:42:40,NVDA,221.3600,221.4100,221.3300,221.4100,8557.0000,221.3770,61
2026-08-05 19:42:45,NVDA,221.4000,221.4100,221.3300,221.3500,10386.0000,221.3860,61
2026-08-05 19:42:50,NVDA,221.3300,221.3500,221.2400,221.2400,10538.0000,221.3030,55
2026-08-05 19:42:55,NVDA,221.2400,221.2600,221.2100,221.2600,13315.0000,221.2310,54
2026-08-05 19:43:00,NVDA,221.2500,221.2600,221.2100,221.2300,2823.0000,221.2340,19
2026-08-05 19:43:05,NVDA,221.2400,221.3600,221.2300,221.3600,6061.0000,221.3190,24
2026-08-05 19:43:10,NVDA,221.3500,221.3600,221.3300,221.3400,3937.0000,221.3450,27
2026-08-05 19:43:15,NVDA,221.3300,221.3600,221.3300,221.3500,10540.0000,221.3420,79
2026-08-05 19:43:20,NVDA,221.3500,221.4400,221.3400,221.3700,21017.0000,221.3730,83
2026-08-05 19:43:25,NVDA,221.3700,221.4200,221.3700,221.4100,6360.0000,221.3970,23
2026-08-05 19:43:30,NVDA,221.4100,221.4300,221.3900,221.4100,12683.0000,221.4130,66
2026-08-05 19:43:35,NVDA,221.4200,221.4200,221.3600,221.3700,11761.0000,221.3980,79
2026-08-05 19:43:40,NVDA,221.3900,221.4400,221.3700,221.4400,3282.0000,221.4030,23
2026-08-05 19:43:45,NVDA,221.4200,221.4400,221.3700,221.4100,4825.0000,221.3990,24
2026-08-05 19:43:50,NVDA,221.4000,221.4100,221.3600,221.3600,7471.0000,221.3850,48
2026-08-05 19:43:55,NVDA,221.3700,221.4200,221.3700,221.4100,5669.0000,221.3910,36
2026-08-05 19:44:00,NVDA,221.4000,221.4000,221.3500,221.3700,11444.0000,221.3790,46
2026-08-05 19:44:05,NVDA,221.3700,221.3700,221.2900,221.3000,12385.0000,221.3080,85
2026-08-05 19:44:10,NVDA,221.3000,221.3100,221.2700,221.2900,4396.0000,221.2950,34
2026-08-05 19:44:15,NVDA,221.3000,221.3200,221.2900,221.3000,7113.0000,221.3000,47
2026-08-05 19:44:20,NVDA,221.3100,221.3700,221.2900,221.3400,9132.0000,221.3060,61
2026-08-05 19:44:25,NVDA,221.3700,221.4200,221.3700,221.4200,7027.0000,221.3930,33
2026-08-05 19:44:30,NVDA,221.4200,221.4600,221.4000,221.4400,13231.0000,221.4240,73
2026-08-05 19:44:35,NVDA,221.4400,221.4800,221.4100,221.4700,17592.0000,221.4420,88
2026-08-05 19:44:40,NVDA,221.4700,221.4700,221.4100,221.4200,24050.0000,221.4520,65
2026-08-05 19:44:45,NVDA,221.4100,221.4100,221.3700,221.3800,5782.0000,221.3870,44
2026-08-05 19:44:50,NVDA,221.3800,221.3800,221.2200,221.2800,56476.0000,221.2790,272
2026-08-05 19:44:55,NVDA,221.2800,221.2800,221.0600,221.1700,39723.0000,221.1800,164
2026-08-05 19:45:00,NVDA,221.1500,221.1700,221.1000,221.1600,10925.0000,221.1370,42
2026-08-05 19:45:05,NVDA,221.1600,221.1800,221.1200,221.1400,10903.0000,221.1510,60
2026-08-05 19:45:10,NVDA,221.1300,221.1600,221.0800,221.1200,10714.0000,221.1250,67
2026-08-05 19:45:15,NVDA,221.1300,221.1800,221.1300,221.1400,7945.0000,221.1480,41
2026-08-05 19:45:20,NVDA,221.1300,221.2100,221.1300,221.2000,4566.0000,221.1780,39
2026-08-05 19:45:25,NVDA,221.2100,221.3300,221.2000,221.2700,25142.0000,221.2610,125
2026-08-05 19:45:30,NVDA,221.2900,221.2900,221.2600,221.2700,9335.0000,221.2730,48
2026-08-05 19:45:35,NVDA,221.2700,221.3300,221.2700,221.2900,25582.0000,221.2930,105
2026-08-05 19:45:40,NVDA,221.3100,221.3600,221.2800,221.3600,12988.0000,221.3170,79
2026-08-05 19:45:45,NVDA,221.3600,221.4700,221.3600,221.4600,29658.0000,221.4050,136
2026-08-05 19:45:50,NVDA,221.4700,221.4800,221.4400,221.4400,10666.0000,221.4580,54
2026-08-05 19:45:55,NVDA,221.4400,221.4800,221.4400,221.4400,9646.0000,221.4550,61
2026-08-05 19:46:00,NVDA,221.4600,221.4900,221.4400,221.4500,6981.0000,221.4630,46
2026-08-05 19:46:05,NVDA,221.4500,221.5500,221.4300,221.5400,30674.0000,221.4940,154
2026-08-05 19:46:10,NVDA,221.5200,221.5600,221.4600,221.4700,21403.0000,221.5110,96
2026-08-05 19:46:15,NVDA,221.4700,221.4700,221.3700,221.4000,11619.0000,221.4250,64
2026-08-05 19:46:20,NVDA,221.4200,221.4200,221.3800,221.4000,9382.0000,221.4030,55
2026-08-05 19:46:25,NVDA,221.4100,221.4300,221.3900,221.4000,9354.0000,221.4140,62
2026-08-05 19:46:30,NVDA,221.4000,221.4100,221.3700,221.3900,7186.0000,221.3900,52
2026-08-05 19:46:35,NVDA,221.4100,221.4100,221.3700,221.3700,6165.0000,221.3850,42
2026-08-05 19:46:40,NVDA,221.3900,221.4300,221.3900,221.4000,5516.0000,221.4030,42
2026-08-05 19:46:45,NVDA,221.3900,221.3900,221.3100,221.3500,11552.0000,221.3530,63
2026-08-05 19:46:50,NVDA,221.3600,221.4000,221.3500,221.3600,4123.0000,221.3630,29
2026-08-05 19:46:55,NVDA,221.3700,221.4400,221.3600,221.4300,13007.0000,221.3900,77
2026-08-05 19:47:00,NVDA,221.4400,221.5500,221.4200,221.5300,18830.0000,221.4990,89
2026-08-05 19:47:05,NVDA,221.5300,221.5400,221.4900,221.4900,19742.0000,221.5120,110
2026-08-05 19:47:10,NVDA,221.4800,221.5300,221.4800,221.4900,9911.0000,221.5030,63
2026-08-05 19:47:15,NVDA,221.4900,221.4900,221.4400,221.4400,9456.0000,221.4700,56
2026-08-05 19:47:20,NVDA,221.4700,221.4900,221.4100,221.4700,14599.0000,221.4310,74
2026-08-05 19:47:25,NVDA,221.4600,221.4900,221.4300,221.4900,9335.0000,221.4600,56
2026-08-05 19:47:30,NVDA,221.4800,221.5000,221.4600,221.4900,8233.0000,221.4800,39
2026-08-05 19:47:35,NVDA,221.4900,221.5400,221.4800,221.5300,14272.0000,221.5160,76
2026-08-05 19:47:40,NVDA,221.5300,221.5300,221.4900,221.5000,8493.0000,221.5070,54
2026-08-05 19:47:45,NVDA,221.4900,221.5100,221.4700,221.4900,6284.0000,221.4870,43
2026-08-05 19:47:50,NVDA,221.4800,221.5100,221.4500,221.5000,13387.0000,221.4850,66
2026-08-05 19:47:55,NVDA,221.5000,221.5100,221.4600,221.4600,6218.0000,221.4930,47
2026-08-05 19:48:00,NVDA,221.4600,221.5000,221.4100,221.4800,16945.0000,221.4510,115
2026-08-05 19:48:05,NVDA,221.4800,221.4800,221.4100,221.4200,10005.0000,221.4380,56
2026-08-05 19:48:10,NVDA,221.4100,221.4500,221.4000,221.4100,10929.0000,221.4240,61
2026-08-05 19:48:15,NVDA,221.4100,221.4100,221.3500,221.3500,28526.0000,221.3820,74
2026-08-05 19:48:20,NVDA,221.3700,221.4000,221.3400,221.3800,11473.0000,221.3680,75
2026-08-05 19:48:25,NVDA,221.3800,221.3800,221.3200,221.3600,8520.0000,221.3500,61
2026-08-05 19:48:30,NVDA,221.3600,221.3900,221.3500,221.3800,5976.0000,221.3680,40
2026-08-05 19:48:35,NVDA,221.3800,221.4000,221.3600,221.3600,14627.0000,221.3800,97
2026-08-05 19:48:40,NVDA,221.3800,221.4100,221.3600,221.3700,11861.0000,221.3890,67
2026-08-05 19:48:45,NVDA,221.3900,221.4600,221.3900,221.4500,8399.0000,221.4280,42
2026-08-05 19:48:50,NVDA,221.4600,221.4800,221.4100,221.4200,10688.0000,221.4480,66
2026-08-05 19:48:55,NVDA,221.4200,221.4200,221.4000,221.4100,16729.0000,221.4120,115
2026-08-05 19:49:00,NVDA,221.4200,221.4300,221.4100,221.4200,7657.0000,221.4230,45
2026-08-05 19:49:05,NVDA,221.4200,221.4600,221.4100,221.4400,5903.0000,221.4280,33
2026-08-05 19:49:10,NVDA,221.4200,221.4800,221.4200,221.4700,6595.0000,221.4580,46
2026-08-05 19:49:15,NVDA,221.4700,221.5000,221.4000,221.4000,8110.0000,221.4360,54
2026-08-05 19:49:20,NVDA,221.4000,221.4400,221.3600,221.3700,8972.0000,221.3950,56
2026-08-05 19:49:25,NVDA,221.3700,221.4200,221.3600,221.3800,5112.0000,221.3950,38
2026-08-05 19:49:30,NVDA,221.3800,221.4300,221.3600,221.4200,9904.0000,221.3800,37
2026-08-05 19:49:35,NVDA,221.4100,221.4600,221.4100,221.4500,13179.0000,221.4380,30
2026-08-05 19:49:40,NVDA,221.4800,221.4800,221.4200,221.4200,18435.0000,221.4570,61
2026-08-05 19:49:45,NVDA,221.4100,221.4300,221.4100,221.4300,2455.0000,221.4160,19
2026-08-05 19:49:50,NVDA,221.4200,221.4400,221.3300,221.3500,19690.0000,221.3840,47
2026-08-05 19:49:55,NVDA,221.3400,221.3700,221.3300,221.3600,6623.0000,221.3480,47
2026-08-05 19:50:00,NVDA,221.3500,221.3900,221.3000,221.3900,8184.0000,221.3300,51
2026-08-05 19:50:05,NVDA,221.3800,221.3900,221.3500,221.3600,8727.0000,221.3680,46
2026-08-05 19:50:10,NVDA,221.3500,221.3900,221.3500,221.3800,6114.0000,221.3780,35
2026-08-05 19:50:15,NVDA,221.3700,221.4100,221.3600,221.3800,11765.0000,221.3830,58
2026-08-05 19:50:20,NVDA,221.3900,221.4100,221.3500,221.3800,17191.0000,221.3720,77
2026-08-05 19:50:25,NVDA,221.3800,221.5600,221.3700,221.5500,24072.0000,221.4580,133
2026-08-05 19:50:30,NVDA,221.5500,221.5600,221.4700,221.4700,11748.0000,221.5370,63
2026-08-05 19:50:35,NVDA,221.4700,221.5500,221.4700,221.5400,7745.0000,221.5280,51
2026-08-05 19:50:40,NVDA,221.5500,221.5500,221.4900,221.5300,15184.0000,221.5150,83
2026-08-05 19:50:45,NVDA,221.5300,221.5500,221.5100,221.5100,12537.0000,221.5390,76
2026-08-05 19:50:50,NVDA,221.5000,221.5400,221.5000,221.5100,8415.0000,221.5120,48
2026-08-05 19:50:55,NVDA,221.5200,221.5400,221.5000,221.5400,18781.0000,221.5240,109
2026-08-05 19:51:00,NVDA,221.5400,221.5500,221.5100,221.5400,11203.0000,221.5370,59
2026-08-05 19:51:05,NVDA,221.5200,221.5600,221.5100,221.5400,11262.0000,221.5260,49
2026-08-05 19:51:10,NVDA,221.5400,221.5600,221.4400,221.5100,34269.0000,221.4950,92
2026-08-05 19:51:15,NVDA,221.5200,221.5200,221.4900,221.5100,8186.0000,221.5060,47
2026-08-05 19:51:20,NVDA,221.5000,221.5400,221.5000,221.5300,5524.0000,221.5210,32
2026-08-05 19:51:25,NVDA,221.5200,221.5400,221.5000,221.5100,8947.0000,221.5210,50
2026-08-05 19:51:30,NVDA,221.5100,221.5200,221.4500,221.4600,8162.0000,221.4830,43
2026-08-05 19:51:35,NVDA,221.4600,221.4700,221.4200,221.4200,8395.0000,221.4390,52
2026-08-05 19:51:40,NVDA,221.4200,221.4500,221.4100,221.4500,9996.0000,221.4320,55
2026-08-05 19:51:45,NVDA,221.4400,221.4800,221.4400,221.4700,11740.0000,221.4550,79
2026-08-05 19:51:50,NVDA,221.4600,221.5200,221.4600,221.4600,12723.0000,221.4840,70
2026-08-05 19:51:55,NVDA,221.4600,221.4600,221.4200,221.4500,26839.0000,221.4400,49
2026-08-05 19:52:00,NVDA,221.4500,221.4600,221.4100,221.4300,6064.0000,221.4350,45
2026-08-05 19:52:05,NVDA,221.4300,221.4700,221.4200,221.4500,11430.0000,221.4570,66
2026-08-05 19:52:10,NVDA,221.4700,221.4900,221.4500,221.4800,21593.0000,221.4720,128
2026-08-05 19:52:15,NVDA,221.4800,221.5300,221.4800,221.5200,8877.0000,221.5050,49
2026-08-05 19:52:20,NVDA,221.5200,221.5600,221.4600,221.5000,17412.0000,221.5150,100
2026-08-05 19:52:25,NVDA,221.5000,221.5300,221.4600,221.4600,5491.0000,221.5050,37
2026-08-05 19:52:30,NVDA,221.4600,221.5000,221.4500,221.4800,9277.0000,221.4790,51
2026-08-05 19:52:35,NVDA,221.4900,221.5400,221.4800,221.5400,17760.0000,221.5100,64
2026-08-05 19:52:40,NVDA,221.5400,221.5600,221.5100,221.5300,9507.0000,221.5430,57
2026-08-05 19:52:45,NVDA,221.5300,221.5500,221.5100,221.5400,6030.0000,221.5290,28
2026-08-05 19:52:50,NVDA,221.5500,221.5500,221.5300,221.5300,12518.0000,221.5420,94
2026-08-05 19:52:55,NVDA,221.5400,221.5400,221.5000,221.5300,6218.0000,221.5230,48
2026-08-05 19:53:00,NVDA,221.5400,221.5400,221.4700,221.4800,11668.0000,221.5220,90
2026-08-05 19:53:05,NVDA,221.4800,221.4900,221.4500,221.4600,10033.0000,221.4670,61
2026-08-05 19:53:10,NVDA,221.4800,221.5100,221.4500,221.5100,18265.0000,221.4760,104
2026-08-05 19:53:15,NVDA,221.5000,221.5100,221.4300,221.4300,10358.0000,221.4700,70
2026-08-05 19:53:20,NVDA,221.4300,221.4300,221.3900,221.4000,16029.0000,221.4130,96
2026-08-05 19:53:25,NVDA,221.4000,221.4600,221.4000,221.4500,9716.0000,221.4260,58
2026-08-05 19:53:30,NVDA,221.4600,221.4900,221.4300,221.4700,8578.0000,221.4670,59
2026-08-05 19:53:35,NVDA,221.4700,221.4900,221.4600,221.4800,7764.0000,221.4750,50
2026-08-05 19:53:40,NVDA,221.4800,221.4800,221.4600,221.4700,9087.0000,221.4700,63
2026-08-05 19:53:45,NVDA,221.4700,221.5300,221.4700,221.4900,8022.0000,221.4930,57
2026-08-05 19:53:50,NVDA,221.4900,221.5600,221.4900,221.5400,16399.0000,221.5180,84
2026-08-05 19:53:55,NVDA,221.5300,221.5800,221.5200,221.5600,13268.0000,221.5550,56
2026-08-05 19:54:00,NVDA,221.5600,221.5700,221.5400,221.5700,5746.0000,221.5530,47
2026-08-05 19:54:05,NVDA,221.5600,221.5600,221.4600,221.4800,8796.0000,221.5300,55
2026-08-05 19:54:10,NVDA,221.4800,221.5400,221.4800,221.5200,18209.0000,221.5170,86
2026-08-05 19:54:15,NVDA,221.5100,221.5300,221.4900,221.5000,4833.0000,221.5110,34
2026-08-05 19:54:20,NVDA,221.5200,221.5900,221.5200,221.5900,12817.0000,221.5650,76
2026-08-05 19:54:25,NVDA,221.5900,221.6000,221.5500,221.5900,16688.0000,221.5720,96
2026-08-05 19:54:30,NVDA,221.5800,221.5800,221.4900,221.4900,10470.0000,221.5360,62
2026-08-05 19:54:35,NVDA,221.4800,221.5200,221.4800,221.5100,6201.0000,221.4970,51
2026-08-05 19:54:40,NVDA,221.5200,221.5700,221.5000,221.5200,5679.0000,221.5310,39
2026-08-05 19:54:45,NVDA,221.5300,221.5800,221.5100,221.5500,6737.0000,221.5480,48
2026-08-05 19:54:50,NVDA,221.5500,221.5800,221.5300,221.5500,3600.0000,221.5470,24
2026-08-05 19:54:55,NVDA,221.5600,221.5700,221.5400,221.5600,4722.0000,221.5580,31
2026-08-05 19:55:00,NVDA,221.5500,221.5700,221.4800,221.4900,10072.0000,221.5420,63
2026-08-05 19:55:05,NVDA,221.4900,221.5000,221.3700,221.3700,37922.0000,221.4420,95
2026-08-05 19:55:10,NVDA,221.3600,221.4400,221.3500,221.4100,11196.0000,221.3910,77
2026-08-05 19:55:15,NVDA,221.4100,221.4300,221.3900,221.3900,4332.0000,221.4130,33
2026-08-05 19:55:20,NVDA,221.4100,221.4300,221.3700,221.3900,9426.0000,221.4100,68
2026-08-05 19:55:25,NVDA,221.4000,221.4000,221.3700,221.3800,7789.0000,221.3870,51
2026-08-05 19:55:30,NVDA,221.3800,221.3900,221.3000,221.3200,13738.0000,221.3440,89
2026-08-05 19:55:35,NVDA,221.3100,221.3200,221.2400,221.2900,45322.0000,221.2670,220
2026-08-05 19:55:40,NVDA,221.2700,221.2800,221.2300,221.2600,12903.0000,221.2530,72
2026-08-05 19:55:45,NVDA,221.2500,221.3500,221.2500,221.3200,28023.0000,221.2860,130
2026-08-05 19:55:50,NVDA,221.3400,221.3800,221.3200,221.3600,7024.0000,221.3570,47
2026-08-05 19:55:55,NVDA,221.3700,221.3700,221.3100,221.3100,16953.0000,221.3280,89
2026-08-05 19:56:00,NVDA,221.3100,221.3400,221.3000,221.3100,8715.0000,221.3250,57
2026-08-05 19:56:05,NVDA,221.3100,221.3200,221.2700,221.2900,12777.0000,221.3000,63
2026-08-05 19:56:10,NVDA,221.2900,221.3500,221.2900,221.3500,12865.0000,221.3270,76
2026-08-05 19:56:15,NVDA,221.3400,221.3900,221.3200,221.3900,5288.0000,221.3490,44
2026-08-05 19:56:20,NVDA,221.3800,221.4100,221.3700,221.3800,4593.0000,221.3870,40
2026-08-05 19:56:25,NVDA,221.3900,221.4100,221.3700,221.4100,5626.0000,221.3950,46
2026-08-05 19:56:30,NVDA,221.4200,221.4400,221.4000,221.4100,6361.0000,221.4190,45
2026-08-05 19:56:35,NVDA,221.4200,221.5100,221.4200,221.4700,11304.0000,221.4740,63
2026-08-05 19:56:40,NVDA,221.4500,221.4800,221.4200,221.4300,7948.0000,221.4510,48
2026-08-05 19:56:45,NVDA,221.4400,221.4500,221.4000,221.4200,7119.0000,221.4200,53
2026-08-05 19:56:50,NVDA,221.4100,221.4200,221.3400,221.3600,8042.0000,221.3920,63
2026-08-05 19:56:55,NVDA,221.3500,221.4000,221.3500,221.3700,2672.0000,221.3820,21
2026-08-05 19:57:00,NVDA,221.3700,221.4000,221.3700,221.3800,4062.0000,221.3820,30
2026-08-05 19:57:05,NVDA,221.3700,221.4100,221.3700,221.3800,10143.0000,221.3930,63
2026-08-05 19:57:10,NVDA,221.3700,221.3800,221.3500,221.3600,7750.0000,221.3630,43
2026-08-05 19:57:15,NVDA,221.3600,221.3800,221.3400,221.3800,6436.0000,221.3620,49
2026-08-05 19:57:20,NVDA,221.3700,221.3900,221.3400,221.3700,12960.0000,221.3640,51
2026-08-05 19:57:25,NVDA,221.3600,221.4000,221.3400,221.4000,7335.0000,221.3710,47
2026-08-05 19:57:30,NVDA,221.3900,221.4100,221.3500,221.4100,5025.0000,221.3830,34
2026-08-05 19:57:35,NVDA,221.4100,221.4300,221.4100,221.4100,3930.0000,221.4140,26
2026-08-05 19:57:40,NVDA,221.4100,221.4200,221.3800,221.3900,5565.0000,221.3960,38
2026-08-05 19:57:45,NVDA,221.3900,221.4700,221.3900,221.4700,22541.0000,221.4070,127
2026-08-05 19:57:50,NVDA,221.4800,221.4800,221.4600,221.4600,5939.0000,221.4670,26
2026-08-05 19:57:55,NVDA,221.4600,221.4900,221.4600,221.4700,12699.0000,221.4760,42
2026-08-05 19:58:00,NVDA,221.4800,221.5000,221.4600,221.5000,10211.0000,221.4880,51
2026-08-05 19:58:05,NVDA,221.5200,221.5300,221.4900,221.5000,7414.0000,221.5170,35
2026-08-05 19:58:10,NVDA,221.5100,221.5200,221.4300,221.4300,11012.0000,221.4820,66
2026-08-05 19:58:15,NVDA,221.4300,221.5300,221.4300,221.5000,7295.0000,221.4790,50
2026-08-05 19:58:20,NVDA,221.5000,221.5000,221.4200,221.4400,6115.0000,221.4660,50
2026-08-05 19:58:25,NVDA,221.4300,221.4400,221.3200,221.3300,30217.0000,221.4100,64
2026-08-05 19:58:30,NVDA,221.3400,221.3500,221.3200,221.3300,10271.0000,221.3370,55
2026-08-05 19:58:35,NVDA,221.3100,221.3800,221.3100,221.3700,7790.0000,221.3420,49
2026-08-05 19:58:40,NVDA,221.3700,221.4000,221.3700,221.3800,9733.0000,221.3840,65
2026-08-05 19:58:45,NVDA,221.3800,221.3800,221.3500,221.3600,5123.0000,221.3690,30
2026-08-05 19:58:50,NVDA,221.3500,221.3500,221.3100,221.3300,10283.0000,221.3310,54
2026-08-05 19:58:55,NVDA,221.3300,221.3700,221.3200,221.3500,5273.0000,221.3490,28
2026-08-05 19:59:00,NVDA,221.3400,221.3800,221.3400,221.3700,6889.0000,221.3670,47
2026-08-05 19:59:05,NVDA,221.3600,221.4300,221.3400,221.4200,27898.0000,221.3750,184
2026-08-05 19:59:10,NVDA,221.4200,221.4200,221.3400,221.4000,9427.0000,221.3660,56
2026-08-05 19:59:15,NVDA,221.4000,221.4000,221.3400,221.3400,2957.0000,221.3600,23
2026-08-05 19:59:20,NVDA,221.3500,221.3500,221.3100,221.3500,6941.0000,221.3330,43
2026-08-05 19:59:25,NVDA,221.3500,221.3800,221.3300,221.3400,9175.0000,221.3540,63
2026-08-05 19:59:30,NVDA,221.3500,221.3900,221.3400,221.3800,9999.0000,221.3690,46
2026-08-05 19:59:35,NVDA,221.3700,221.4100,221.3700,221.4100,3618.0000,221.3960,29
2026-08-05 19:59:40,NVDA,221.4200,221.4400,221.4100,221.4200,12343.0000,221.4150,44
2026-08-05 19:59:45,NVDA,221.4300,221.4400,221.4000,221.4000,2233.0000,221.4180,17
2026-08-05 19:59:50,NVDA,221.4000,221.4200,221.3600,221.3800,6997.0000,221.3960,46
2026-08-05 19:59:55,NVDA,221.3800,221.3800,221.3300,221.3400,4066.0000,221.3560,28
2026-08-05 20:00:00,NVDA,221.3200,221.3500,221.3100,221.3500,9427.0000,221.3310,65
2026-08-05 20:00:05,NVDA,221.3500,221.3700,221.3400,221.3500,5035.0000,221.3520,26
2026-08-05 20:00:10,NVDA,221.3700,221.4600,221.3500,221.4600,8237.0000,221.4120,58
2026-08-05 20:00:15,NVDA,221.4500,221.4800,221.3700,221.3800,8079.0000,221.4530,53
2026-08-05 20:00:20,NVDA,221.3900,221.3900,221.3400,221.3600,11151.0000,221.3620,43
2026-08-05 20:00:25,NVDA,221.3700,221.3800,221.3100,221.3500,93442.0000,221.3370,378
2026-08-05 20:00:30,NVDA,221.3600,221.3600,221.2000,221.2000,51743.0000,221.2990,221
2026-08-05 20:00:35,NVDA,221.2400,221.3100,221.2300,221.3000,9493.0000,221.2860,32
2026-08-05 20:00:40,NVDA,221.3200,221.3300,221.3000,221.3100,3255.0000,221.3150,24
2026-08-05 20:00:45,NVDA,221.3000,221.3600,221.3000,221.3400,17476.0000,221.3240,94
2026-08-05 20:00:50,NVDA,221.3500,221.3600,221.3200,221.3400,4437.0000,221.3370,29
2026-08-05 20:00:55,NVDA,221.3500,221.3500,221.3200,221.3500,7416.0000,221.3390,51
2026-08-05 20:01:00,NVDA,221.3600,221.4100,221.2400,221.3500,50676.0000,221.3280,184
2026-08-05 20:01:05,NVDA,221.3500,221.3900,221.3000,221.3900,19845.0000,221.3310,89
2026-08-05 20:01:10,NVDA,221.3800,221.3900,221.3300,221.3400,8609.0000,221.3650,72
2026-08-05 20:01:15,NVDA,221.3400,221.3500,221.2900,221.2900,3774.0000,221.3210,28
2026-08-05 20:01:20,NVDA,221.3000,221.3200,221.2900,221.3200,4479.0000,221.3040,29
2026-08-05 20:01:25,NVDA,221.3200,221.3300,221.3000,221.3100,10276.0000,221.3110,71
2026-08-05 20:01:30,NVDA,221.3100,221.3200,221.2900,221.2900,7456.0000,221.3010,61
2026-08-05 20:01:35,NVDA,221.2900,221.3200,221.2300,221.3200,10699.0000,221.2720,79
2026-08-05 20:01:40,NVDA,221.3300,221.3700,221.3000,221.3100,11063.0000,221.3390,62
2026-08-05 20:01:45,NVDA,221.3000,221.3900,221.3000,221.3800,8685.0000,221.3670,45
2026-08-05 20:01:50,NVDA,221.3800,221.4300,221.3800,221.4000,10029.0000,221.4040,71
2026-08-05 20:01:55,NVDA,221.4000,221.4100,221.3800,221.4000,6742.0000,221.3950,43
2026-08-05 20:02:00,NVDA,221.4100,221.4200,221.3600,221.3700,8978.0000,221.3900,49
2026-08-05 20:02:05,NVDA,221.3600,221.4900,221.3600,221.4100,27815.0000,221.4190,132
2026-08-05 20:02:10,NVDA,221.4200,221.4600,221.4000,221.4500,7611.0000,221.4360,46
2026-08-05 20:02:15,NVDA,221.4600,221.4900,221.4100,221.4100,7158.0000,221.4530,40
2026-08-05 20:02:20,NVDA,221.4100,221.4200,221.3800,221.4000,6468.0000,221.3970,41
2026-08-05 20:02:25,NVDA,221.4100,221.4100,221.3600,221.3700,10125.0000,221.3770,57
2026-08-05 20:02:30,NVDA,221.3700,221.4000,221.3400,221.3600,9845.0000,221.3730,56
2026-08-05 20:02:35,NVDA,221.3700,221.3700,221.3200,221.3300,9912.0000,221.3330,62
2026-08-05 20:02:40,NVDA,221.3200,221.3200,221.2800,221.3100,5457.0000,221.3020,37
2026-08-05 20:02:45,NVDA,221.3100,221.3100,221.2800,221.2900,4320.0000,221.2950,35
2026-08-05 20:02:50,NVDA,221.2900,221.2900,221.2300,221.2400,13032.0000,221.2570,81
2026-08-05 20:02:55,NVDA,221.2500,221.2600,221.2100,221.2100,8451.0000,221.2360,49
2026-08-05 20:03:00,NVDA,221.2200,221.2400,221.1000,221.1100,27898.0000,221.1710,154
2026-08-05 20:03:05,NVDA,221.1100,221.1400,221.0900,221.1000,11854.0000,221.1120,89
2026-08-05 20:03:10,NVDA,221.0900,221.2200,221.0900,221.2100,9447.0000,221.1590,68
2026-08-05 20:03:15,NVDA,221.2200,221.2600,221.2100,221.2500,5393.0000,221.2430,41
2026-08-05 20:03:20,NVDA,221.2600,221.2600,221.2100,221.2200,5224.0000,221.2460,38
2026-08-05 20:03:25,NVDA,221.2200,221.2200,221.1800,221.2200,5692.0000,221.1980,44
2026-08-05 20:03:30,NVDA,221.2300,221.2600,221.2200,221.2500,6173.0000,221.2320,47
2026-08-05 20:03:35,NVDA,221.2400,221.2500,221.2100,221.2400,6682.0000,221.2360,39
2026-08-05 20:03:40,NVDA,221.2300,221.2600,221.2000,221.2600,15558.0000,221.2340,73
2026-08-05 20:03:45,NVDA,221.2600,221.2700,221.2400,221.2500,16678.0000,221.2570,35
2026-08-05 20:03:50,NVDA,221.2500,221.2600,221.2100,221.2100,7219.0000,221.2260,35
2026-08-05 20:03:55,NVDA,221.2000,221.2200,221.1700,221.2000,6106.0000,221.2000,31
2026-08-05 20:04:00,NVDA,221.1900,221.2100,221.1200,221.1800,6354.0000,221.1790,52
2026-08-05 20:04:05,NVDA,221.1200,221.1500,221.1100,221.1400,6283.0000,221.1270,39
2026-08-05 20:04:10,NVDA,221.1400,221.1600,221.0800,221.1000,15958.0000,221.1180,48
2026-08-05 20:04:15,NVDA,221.1000,221.1000,221.0400,221.0600,14997.0000,221.0690,86
2026-08-05 20:04:20,NVDA,221.0500,221.0900,221.0400,221.0900,7573.0000,221.0600,41
2026-08-05 20:04:25,NVDA,221.0800,221.0800,220.9400,220.9800,49775.0000,221.0030,215
2026-08-05 20:04:30,NVDA,220.9900,220.9900,220.9200,220.9400,21943.0000,220.9550,120
2026-08-05 20:04:35,NVDA,220.9400,220.9400,220.8700,220.9300,18649.0000,220.9120,130
2026-08-05 20:04:40,NVDA,220.9300,220.9400,220.8500,220.8900,16782.0000,220.8890,112
2026-08-05 20:04:45,NVDA,220.8700,220.9000,220.8600,220.8800,27945.0000,220.8840,157
2026-08-05 20:04:50,NVDA,220.8800,220.8900,220.8000,220.8300,52521.0000,220.8400,331
2026-08-05 20:04:55,NVDA,220.8100,220.8200,220.7700,220.7900,10473.0000,220.7940,70
2026-08-05 20:05:00,NVDA,220.7700,220.7800,220.7000,220.7300,15489.0000,220.7340,100
2026-08-05 20:05:05,NVDA,220.7100,220.8100,220.6300,220.7900,26744.0000,220.7390,119
2026-08-05 20:05:10,NVDA,220.7900,220.8100,220.7200,220.7300,15920.0000,220.7780,76
2026-08-05 20:05:15,NVDA,220.7300,220.7600,220.6900,220.7600,20419.0000,220.7240,46
2026-08-05 20:05:20,NVDA,220.7700,220.8100,220.7500,220.7800,5860.0000,220.7790,36
2026-08-05 20:05:25,NVDA,220.7800,220.8200,220.7800,220.7900,6893.0000,220.7940,52
2026-08-05 20:05:30,NVDA,220.8000,220.8200,220.7600,220.7900,9619.0000,220.7920,53
2026-08-05 20:05:35,NVDA,220.8000,220.8100,220.7800,220.8100,7572.0000,220.7980,51
2026-08-05 20:05:40,NVDA,220.8100,220.9100,220.8100,220.9100,18470.0000,220.8760,83
2026-08-05 20:05:45,NVDA,220.9100,220.9400,220.8500,220.8600,17193.0000,220.8910,82
2026-08-05 20:05:50,NVDA,220.8800,220.9100,220.8600,220.8600,5427.0000,220.8830,31
2026-08-05 20:05:55,NVDA,220.8900,220.9100,220.8800,220.9000,7881.0000,220.8930,32
2026-08-05 20:06:00,NVDA,220.9000,220.9500,220.8900,220.9000,9823.0000,220.9140,57
2026-08-05 20:06:05,NVDA,220.8900,220.9000,220.8300,220.8300,4370.0000,220.8600,29
2026-08-05 20:06:10,NVDA,220.8300,220.8300,220.6300,220.7100,21439.0000,220.6970,129
2026-08-05 20:06:15,NVDA,220.7100,220.7500,220.6800,220.7200,8355.0000,220.7220,48
2026-08-05 20:06:20,NVDA,220.6900,220.7100,220.6200,220.6400,11320.0000,220.6550,42
2026-08-05 20:06:25,NVDA,220.6300,220.6500,220.6000,220.6100,8703.0000,220.6220,56
2026-08-05 20:06:30,NVDA,220.6100,220.6800,220.6100,220.6700,12706.0000,220.6520,85
2026-08-05 20:06:35,NVDA,220.6900,220.7400,220.6400,220.7300,24112.0000,220.6810,146
2026-08-05 20:06:40,NVDA,220.7300,220.7800,220.7300,220.7400,8568.0000,220.7530,36
2026-08-05 20:06:45,NVDA,220.7500,220.7500,220.6900,220.7400,9025.0000,220.7170,58
2026-08-05 20:06:50,NVDA,220.7400,220.7400,220.6800,220.6900,9946.0000,220.7070,48
2026-08-05 20:06:55,NVDA,220.6900,220.7200,220.6800,220.7100,8199.0000,220.7050,51
2026-08-05 20:07:00,NVDA,220.7100,220.7200,220.6500,220.6700,11344.0000,220.6690,51
2026-08-05 20:07:05,NVDA,220.6600,220.7000,220.6200,220.6800,10090.0000,220.6680,56
2026-08-05 20:07:10,NVDA,220.6900,220.7200,220.6700,220.6800,4304.0000,220.6890,33
2026-08-05 20:07:15,NVDA,220.7000,220.8100,220.6900,220.7900,10981.0000,220.7730,58
2026-08-05 20:07:20,NVDA,220.7800,220.7800,220.7000,220.7400,9543.0000,220.7440,66
2026-08-05 20:07:25,NVDA,220.7400,220.8800,220.7300,220.8800,9506.0000,220.8100,68
2026-08-05 20:07:30,NVDA,220.8800,220.9200,220.8700,220.9200,7851.0000,220.9020,36
2026-08-05 20:07:35,NVDA,220.9200,220.9600,220.8800,220.9100,19641.0000,220.9170,104
2026-08-05 20:07:40,NVDA,220.9100,220.9200,220.8900,220.9000,5350.0000,220.9040,33
2026-08-05 20:07:45,NVDA,220.8900,220.9500,220.8900,220.9300,10129.0000,220.9160,41
2026-08-05 20:07:50,NVDA,220.9200,220.9300,220.8600,220.8800,9872.0000,220.8880,47
2026-08-05 20:07:55,NVDA,220.8800,220.8900,220.8300,220.8500,4202.0000,220.8570,33
2026-08-05 20:08:00,NVDA,220.8600,220.8900,220.8100,220.8300,6525.0000,220.8540,38
2026-08-05 20:08:05,NVDA,220.8300,220.8500,220.7900,220.8000,15637.0000,220.8280,98
2026-08-05 20:08:10,NVDA,220.8100,220.8400,220.7900,220.8400,3933.0000,220.8100,20
2026-08-05 20:08:15,NVDA,220.8300,220.8600,220.8000,220.8300,8539.0000,220.8320,63
2026-08-05 20:08:20,NVDA,220.8500,220.8500,220.7700,220.7800,22117.0000,220.7890,77
2026-08-05 20:08:25,NVDA,220.7900,220.8000,220.7300,220.7900,19945.0000,220.7710,52
2026-08-05 20:08:30,NVDA,220.8100,220.8500,220.8000,220.8300,11928.0000,220.8310,74
2026-08-05 20:08:35,NVDA,220.8100,220.8200,220.7800,220.8100,6479.0000,220.7990,18
2026-08-05 20:08:40,NVDA,220.8100,220.9400,220.8000,220.8900,10020.0000,220.8790,55
2026-08-05 20:08:45,NVDA,220.8800,220.9200,220.8500,220.8800,24687.0000,220.8760,150
2026-08-05 20:08:50,NVDA,220.8900,220.9100,220.8500,220.9100,5214.0000,220.8750,37
2026-08-05 20:08:55,NVDA,220.8900,220.9000,220.8600,220.8700,5897.0000,220.8830,41
2026-08-05 20:09:00,NVDA,220.8900,220.9100,220.8800,220.9000,3178.0000,220.8940,18
2026-08-05 20:09:05,NVDA,220.9000,221.0000,220.9000,220.9800,7700.0000,220.9580,51
2026-08-05 20:09:10,NVDA,220.9800,220.9900,220.9500,220.9900,9926.0000,220.9690,69
2026-08-05 20:09:15,NVDA,220.9900,221.0600,220.9800,221.0000,23170.0000,221.0120,146
2026-08-05 20:09:20,NVDA,221.0000,221.0100,220.9900,221.0100,7844.0000,221.0030,43
2026-08-05 20:09:25,NVDA,221.0100,221.0200,220.9700,221.0100,15919.0000,220.9990,58
2026-08-05 20:09:30,NVDA,221.0000,221.0000,220.9200,220.9300,7116.0000,220.9490,46
2026-08-05 20:09:35,NVDA,220.9400,220.9600,220.9100,220.9400,5151.0000,220.9390,27
2026-08-05 20:09:40,NVDA,220.9300,220.9300,220.8700,220.9000,20643.0000,220.9010,102
2026-08-05 20:09:45,NVDA,220.9000,220.9100,220.8700,220.9000,1902.0000,220.8890,14
2026-08-05 20:09:50,NVDA,220.8900,220.9200,220.8700,220.8900,6816.0000,220.8970,45
2026-08-05 20:09:55,NVDA,220.9000,220.9700,220.8800,220.9700,13684.0000,220.9350,82
2026-08-05 20:10:00,NVDA,220.9600,221.0000,220.9600,220.9700,8235.0000,220.9870,39
2026-08-05 20:10:05,NVDA,220.9700,221.0000,220.8300,220.8900,22049.0000,220.8750,160
2026-08-05 20:10:10,NVDA,220.9000,220.9100,220.8400,220.9000,12336.0000,220.8830,79
2026-08-05 20:10:15,NVDA,220.9000,220.9700,220.8600,220.8800,57168.0000,220.9270,193
2026-08-05 20:10:20,NVDA,220.8800,220.9400,220.8500,220.9300,3865.0000,220.8910,29
2026-08-05 20:10:25,NVDA,220.9400,220.9600,220.9200,220.9600,4955.0000,220.9420,33
2026-08-05 20:10:30,NVDA,220.9600,220.9600,220.8800,220.8800,7968.0000,220.9170,39
2026-08-05 20:10:35,NVDA,220.9100,220.9700,220.9100,220.9700,4961.0000,220.9440,34
2026-08-05 20:10:40,NVDA,220.9700,220.9700,220.9300,220.9500,6665.0000,220.9560,31
2026-08-05 20:10:45,NVDA,220.9400,220.9900,220.9400,220.9800,6701.0000,220.9570,47
2026-08-05 20:10:50,NVDA,220.9800,221.0000,220.9700,220.9800,5658.0000,220.9820,31
2026-08-05 20:10:55,NVDA,220.9800,221.0000,220.9600,220.9700,7761.0000,220.9780,55
2026-08-05 20:11:00,NVDA,220.9400,220.9600,220.8900,220.9600,10428.0000,220.9440,34
2026-08-05 20:11:05,NVDA,220.9500,220.9700,220.9400,220.9500,10758.0000,220.9490,64
2026-08-05 20:11:10,NVDA,220.9600,221.0700,220.9600,221.0400,26197.0000,221.0060,127
2026-08-05 20:11:15,NVDA,221.0300,221.0700,221.0100,221.0500,9488.0000,221.0340,60
2026-08-05 20:11:20,NVDA,221.0700,221.1000,221.0500,221.0800,8568.0000,221.0740,47
2026-08-05 20:11:25,NVDA,221.0900,221.1100,221.0800,221.0900,12932.0000,221.0910,82
2026-08-05 20:11:30,NVDA,221.1000,221.1000,221.0600,221.0600,10968.0000,221.0750,72
2026-08-05 20:11:35,NVDA,221.0700,221.0800,221.0200,221.0800,8931.0000,221.0520,54
2026-08-05 20:11:40,NVDA,221.0700,221.1300,221.0600,221.1200,5537.0000,221.0960,27
2026-08-05 20:11:45,NVDA,221.1100,221.1700,221.1100,221.1700,29606.0000,221.1410,118
2026-08-05 20:11:50,NVDA,221.1700,221.2500,221.1600,221.2400,20790.0000,221.2240,111
2026-08-05 20:11:55,NVDA,221.2400,221.3300,221.2300,221.3300,33447.0000,221.2960,129
2026-08-05 20:12:00,NVDA,221.3200,221.3400,221.2900,221.3400,12440.0000,221.3140,90
2026-08-05 20:12:05,NVDA,221.3300,221.3800,221.3300,221.3800,7381.0000,221.3560,45
2026-08-05 20:12:10,NVDA,221.3800,221.3800,221.3300,221.3500,13669.0000,221.3470,65
2026-08-05 20:12:15,NVDA,221.3400,221.3600,221.3300,221.3400,12018.0000,221.3420,61
2026-08-05 20:12:20,NVDA,221.3400,221.4000,221.3400,221.3900,10965.0000,221.3680,53
2026-08-05 20:12:25,NVDA,221.3800,221.4200,221.3700,221.4100,15941.0000,221.4020,58
2026-08-05 20:12:30,NVDA,221.4200,221.4200,221.3400,221.3600,16281.0000,221.3790,80
2026-08-05 20:12:35,NVDA,221.3600,221.3700,221.3300,221.3600,7648.0000,221.3560,43
2026-08-05 20:12:40,NVDA,221.3600,221.3800,221.3500,221.3800,3103.0000,221.3670,22
2026-08-05 20:12:45,NVDA,221.3800,221.4000,221.3700,221.4000,12669.0000,221.3860,76
2026-08-05 20:12:50,NVDA,221.4000,221.4400,221.4000,221.4200,10100.0000,221.4210,50
2026-08-05 20:12:55,NVDA,221.4400,221.4500,221.4000,221.4200,8433.0000,221.4190,48
2026-08-05 20:13:00,NVDA,221.4200,221.4200,221.3400,221.3400,24532.0000,221.3920,141
2026-08-05 20:13:05,NVDA,221.3500,221.3500,221.3300,221.3500,13285.0000,221.3350,43
2026-08-05 20:13:10,NVDA,221.3500,221.3900,221.3400,221.3600,9218.0000,221.3720,77
2026-08-05 20:13:15,NVDA,221.3600,221.3700,221.3500,221.3700,3942.0000,221.3650,29
2026-08-05 20:13:20,NVDA,221.3800,221.3800,221.3400,221.3500,7288.0000,221.3580,56
2026-08-05 20:13:25,NVDA,221.3500,221.3600,221.3400,221.3500,5240.0000,221.3570,35
2026-08-05 20:13:30,NVDA,221.3600,221.3800,221.3000,221.3700,30477.0000,221.3320,92
2026-08-05 20:13:35,NVDA,221.3700,221.3700,221.3200,221.3200,10251.0000,221.3550,66
2026-08-05 20:13:40,NVDA,221.3200,221.3200,221.2300,221.2400,10529.0000,221.2600,57
2026-08-05 20:13:45,NVDA,221.2500,221.3100,221.2300,221.2900,5389.0000,221.2660,40
2026-08-05 20:13:50,NVDA,221.3100,221.3500,221.2900,221.3400,10223.0000,221.3230,55
2026-08-05 20:13:55,NVDA,221.3300,221.3500,221.2800,221.2800,8394.0000,221.3190,61
2026-08-05 20:14:00,NVDA,221.2800,221.2900,221.2400,221.2500,5331.0000,221.2700,28
2026-08-05 20:14:05,NVDA,221.2800,221.2900,221.2500,221.2900,1981.0000,221.2720,13
2026-08-05 20:14:10,NVDA,221.3000,221.3300,221.2800,221.3000,7554.0000,221.3070,35
2026-08-05 20:14:15,NVDA,221.3000,221.3200,221.2800,221.3000,4247.0000,221.2970,30
2026-08-05 20:14:20,NVDA,221.3100,221.3300,221.2900,221.3200,12893.0000,221.3090,56
2026-08-05 20:14:25,NVDA,221.3200,221.3200,221.2800,221.3000,6574.0000,221.3060,45
2026-08-05 20:14:30,NVDA,221.3000,221.3800,221.2800,221.3700,9278.0000,221.3340,44
2026-08-05 20:14:35,NVDA,221.3800,221.4200,221.3600,221.3800,12753.0000,221.3960,56
2026-08-05 20:14:40,NVDA,221.4000,221.4500,221.3900,221.4300,8169.0000,221.4290,54
2026-08-05 20:14:45,NVDA,221.4200,221.4300,221.3500,221.3600,16365.0000,221.3770,40
2026-08-05 20:14:50,NVDA,221.3700,221.4000,221.3700,221.4000,2618.0000,221.3840,20
2026-08-05 20:14:55,NVDA,221.4200,221.4200,221.3700,221.3800,2828.0000,221.3940,21
2026-08-05 20:15:00,NVDA,221.4000,221.4000,221.3000,221.3200,9521.0000,221.3550,69
2026-08-05 20:15:05,NVDA,221.3100,221.3200,221.2300,221.3100,34327.0000,221.2700,88
2026-08-05 20:15:10,NVDA,221.3200,221.3500,221.3100,221.3400,2442.0000,221.3310,20
2026-08-05 20:15:15,NVDA,221.3300,221.3700,221.3300,221.3500,5166.0000,221.3480,26
2026-08-05 20:15:20,NVDA,221.3600,221.3900,221.3500,221.3600,12989.0000,221.3730,65
2026-08-05 20:15:25,NVDA,221.3600,221.4400,221.3500,221.4400,9895.0000,221.3850,45
2026-08-05 20:15:30,NVDA,221.4400,221.4700,221.4300,221.4700,21900.0000,221.4440,73
2026-08-05 20:15:35,NVDA,221.4600,221.4800,221.4600,221.4800,5262.0000,221.4760,29
2026-08-05 20:15:40,NVDA,221.4700,221.5100,221.4600,221.4600,93372.0000,221.4910,405
2026-08-05 20:15:45,NVDA,221.4700,221.4800,221.4400,221.4800,11959.0000,221.4560,88
2026-08-05 20:15:50,NVDA,221.4800,221.4900,221.4500,221.4800,12020.0000,221.4710,47
2026-08-05 20:15:55,NVDA,221.4800,221.5000,221.4500,221.4700,22380.0000,221.4690,46
2026-08-05 20:16:00,NVDA,221.4700,221.4800,221.4300,221.4600,7075.0000,221.4480,51
2026-08-05 20:16:05,NVDA,221.4700,221.4800,221.4400,221.4800,12719.0000,221.4620,46
2026-08-05 20:16:10,NVDA,221.4800,221.5000,221.4500,221.4600,7592.0000,221.4750,44
2026-08-05 20:16:15,NVDA,221.4500,221.5000,221.4500,221.4700,11872.0000,221.4750,44
2026-08-05 20:16:20,NVDA,221.4600,221.4900,221.4500,221.4900,7682.0000,221.4800,41
2026-08-05 20:16:25,NVDA,221.4900,221.5700,221.4800,221.5700,24329.0000,221.5090,137
2026-08-05 20:16:30,NVDA,221.5700,221.5700,221.4400,221.4800,16186.0000,221.5190,88
2026-08-05 20:16:35,NVDA,221.5000,221.5000,221.4800,221.4900,2506.0000,221.4860,10
2026-08-05 20:16:40,NVDA,221.4900,221.5200,221.4800,221.4900,6184.0000,221.5010,40
2026-08-05 20:16:45,NVDA,221.4900,221.5000,221.4400,221.4500,7437.0000,221.4680,50
2026-08-05 20:16:50,NVDA,221.4400,221.4400,221.3900,221.3900,14391.0000,221.4050,90
2026-08-05 20:16:55,NVDA,221.4200,221.4500,221.4000,221.4100,2050.0000,221.4220,19
2026-08-05 20:17:00,NVDA,221.4100,221.4200,221.3800,221.4100,4749.0000,221.4050,41
2026-08-05 20:17:05,NVDA,221.4100,221.4500,221.4000,221.4500,7082.0000,221.4200,39
2026-08-05 20:17:10,NVDA,221.4500,221.4700,221.3700,221.3900,10291.0000,221.4090,62
2026-08-05 20:17:15,NVDA,221.3800,221.4000,221.3200,221.3200,21817.0000,221.3510,83
2026-08-05 20:17:20,NVDA,221.3100,221.3500,221.2900,221.3100,6340.0000,221.3130,39
2026-08-05 20:17:25,NVDA,221.3000,221.3100,221.2600,221.2900,10272.0000,221.2890,51
2026-08-05 20:17:30,NVDA,221.3000,221.3800,221.2900,221.3400,12544.0000,221.3530,84
2026-08-05 20:17:35,NVDA,221.3600,221.3900,221.3200,221.3900,6649.0000,221.3470,35
2026-08-05 20:17:40,NVDA,221.3900,221.4100,221.3800,221.4000,5968.0000,221.4000,33
2026-08-05 20:17:45,NVDA,221.4000,221.4400,221.3600,221.4000,9142.0000,221.3910,50
2026-08-05 20:17:50,NVDA,221.4200,221.4200,221.3900,221.4100,4031.0000,221.4050,23
2026-08-05 20:17:55,NVDA,221.4100,221.4100,221.3600,221.3800,9272.0000,221.3880,46
2026-08-05 20:18:00,NVDA,221.4100,221.4300,221.3200,221.3500,13576.0000,221.3590,79
2026-08-05 20:18:05,NVDA,221.3500,221.3600,221.3200,221.3300,7700.0000,221.3350,41
2026-08-05 20:18:10,NVDA,221.3300,221.3500,221.2600,221.2800,29450.0000,221.3100,56
2026-08-05 20:18:15,NVDA,221.2700,221.3000,221.2600,221.2800,5159.0000,221.2720,24
2026-08-05 20:18:20,NVDA,221.2800,221.3200,221.2700,221.3100,5373.0000,221.2890,26
2026-08-05 20:18:25,NVDA,221.3000,221.3100,221.2700,221.2700,5115.0000,221.2890,26
2026-08-05 20:18:30,NVDA,221.2700,221.3100,221.2500,221.3000,3947.0000,221.2710,32
2026-08-05 20:18:35,NVDA,221.2900,221.3200,221.2900,221.3100,4761.0000,221.3050,44
2026-08-05 20:18:40,NVDA,221.3100,221.3500,221.2800,221.3500,4545.0000,221.3140,33
2026-08-05 20:18:45,NVDA,221.3400,221.3400,221.3100,221.3200,3745.0000,221.3260,30
2026-08-05 20:18:50,NVDA,221.3100,221.4200,221.3100,221.4000,19281.0000,221.3660,97
2026-08-05 20:18:55,NVDA,221.3900,221.4100,221.3600,221.4100,5426.0000,221.3860,36
2026-08-05 20:19:00,NVDA,221.4100,221.4100,221.3500,221.3600,7841.0000,221.3810,52
2026-08-05 20:19:05,NVDA,221.3500,221.3600,221.3100,221.3100,8757.0000,221.3290,67
2026-08-05 20:19:10,NVDA,221.3100,221.3900,221.3100,221.3800,5366.0000,221.3540,30
2026-08-05 20:19:15,NVDA,221.3700,221.3900,221.3500,221.3700,9692.0000,221.3680,57
2026-08-05 20:19:20,NVDA,221.3700,221.3800,221.3400,221.3400,6364.0000,221.3590,44
2026-08-05 20:19:25,NVDA,221.3500,221.3900,221.3400,221.3600,18282.0000,221.3790,35
2026-08-05 20:19:30,NVDA,221.3400,221.4100,221.3400,221.3900,5804.0000,221.3880,42
2026-08-05 20:19:35,NVDA,221.4000,221.4300,221.4000,221.4200,7562.0000,221.4200,29
2026-08-05 20:19:40,NVDA,221.4200,221.4200,221.3700,221.3800,11987.0000,221.3960,69
2026-08-05 20:19:45,NVDA,221.3800,221.4000,221.3200,221.3200,14368.0000,221.3660,91
2026-08-05 20:19:50,NVDA,221.3200,221.3300,221.2800,221.2900,9556.0000,221.2980,68
2026-08-05 20:19:55,NVDA,221.3000,221.3000,221.2200,221.2500,13062.0000,221.2540,98
2026-08-05 20:20:00,NVDA,221.2400,221.2700,221.2300,221.2400,3981.0000,221.2470,27
2026-08-05 20:20:05,NVDA,221.2400,221.2500,221.1700,221.2400,23940.0000,221.2090,145
2026-08-05 20:20:10,NVDA,221.2300,221.2400,221.2000,221.2400,10952.0000,221.2170,58
2026-08-05 20:20:15,NVDA,221.2100,221.2400,221.1700,221.2400,5394.0000,221.2010,40
2026-08-05 20:20:20,NVDA,221.2500,221.2600,221.2000,221.2300,6666.0000,221.2410,31
2026-08-05 20:20:25,NVDA,221.2300,221.2800,221.2200,221.2500,12516.0000,221.2470,52
2026-08-05 20:20:30,NVDA,221.2500,221.2700,221.2400,221.2700,4578.0000,221.2620,25
2026-08-05 20:20:35,NVDA,221.2700,221.3200,221.2600,221.2900,12620.0000,221.2880,58
2026-08-05 20:20:40,NVDA,221.2800,221.3200,221.2800,221.3100,6832.0000,221.2950,50
2026-08-05 20:20:45,NVDA,221.3100,221.3400,221.3000,221.3300,5016.0000,221.3150,39
2026-08-05 20:20:50,NVDA,221.3400,221.3500,221.3200,221.3300,7487.0000,221.3430,54
2026-08-05 20:20:55,NVDA,221.3400,221.3500,221.3200,221.3400,6174.0000,221.3350,52
2026-08-05 20:21:00,NVDA,221.3400,221.3500,221.2600,221.2700,9058.0000,221.3180,45
2026-08-05 20:21:05,NVDA,221.2700,221.3200,221.2700,221.3200,4313.0000,221.2910,27
2026-08-05 20:21:10,NVDA,221.3200,221.3300,221.2800,221.3100,10675.0000,221.3120,48
2026-08-05 20:21:15,NVDA,221.3100,221.3200,221.2900,221.3000,6839.0000,221.3020,37
2026-08-05 20:21:20,NVDA,221.2900,221.3300,221.2800,221.3000,10722.0000,221.2940,54
2026-08-05 20:21:25,NVDA,221.3000,221.3300,221.3000,221.3200,8447.0000,221.3080,29
2026-08-05 20:21:30,NVDA,221.3100,221.3200,221.3000,221.3000,12075.0000,221.3050,70
2026-08-05 20:21:35,NVDA,221.3000,221.3100,221.2800,221.2900,29840.0000,221.2970,170
2026-08-05 20:21:40,NVDA,221.2900,221.2900,221.2500,221.2600,20552.0000,221.2800,140
2026-08-05 20:21:45,NVDA,221.2600,221.2700,221.1800,221.2300,19991.0000,221.2150,136
2026-08-05 20:21:50,NVDA,221.2300,221.2800,221.2200,221.2800,15371.0000,221.2450,89
2026-08-05 20:21:55,NVDA,221.2900,221.2900,221.2300,221.2500,5068.0000,221.2510,43
2026-08-05 20:22:00,NVDA,221.2400,221.2600,221.2300,221.2300,6491.0000,221.2420,56
2026-08-05 20:22:05,NVDA,221.2600,221.3000,221.2500,221.2900,10850.0000,221.2760,45
2026-08-05 20:22:10,NVDA,221.2800,221.2800,221.1600,221.1600,24603.0000,221.2430,59
2026-08-05 20:22:15,NVDA,221.1700,221.1900,221.1400,221.1400,9729.0000,221.1640,58
2026-08-05 20:22:20,NVDA,221.1400,221.1800,221.1300,221.1700,12672.0000,221.1550,81
2026-08-05 20:22:25,NVDA,221.1800,221.2000,221.1600,221.1900,5644.0000,221.1790,33
2026-08-05 20:22:30,NVDA,221.1900,221.1900,221.1100,221.1300,29904.0000,221.1350,165
2026-08-05 20:22:35,NVDA,221.1400,221.1800,221.1200,221.1600,5162.0000,221.1540,35
2026-08-05 20:22:40,NVDA,221.1600,221.2000,221.1600,221.2000,10049.0000,221.1840,42
2026-08-05 20:22:45,NVDA,221.1900,221.2400,221.1800,221.1800,5474.0000,221.2090,47
2026-08-05 20:22:50,NVDA,221.1900,221.2200,221.1700,221.1700,5531.0000,221.2030,41
2026-08-05 20:22:55,NVDA,221.1600,221.1600,221.1000,221.1100,28718.0000,221.1210,157
2026-08-05 20:23:00,NVDA,221.1100,221.1300,221.0800,221.1300,14379.0000,221.1130,91
2026-08-05 20:23:05,NVDA,221.1200,221.1200,221.0700,221.0900,8683.0000,221.1010,53
2026-08-05 20:23:10,NVDA,221.1000,221.1800,221.1000,221.1800,10384.0000,221.1410,49
2026-08-05 20:23:15,NVDA,221.1800,221.2300,221.1700,221.2300,7385.0000,221.2090,30
2026-08-05 20:23:20,NVDA,221.2200,221.2700,221.2100,221.2400,12921.0000,221.2420,68
2026-08-05 20:23:25,NVDA,221.2500,221.3200,221.2300,221.3100,7900.0000,221.2770,40
2026-08-05 20:23:30,NVDA,221.2900,221.3400,221.2900,221.3000,10372.0000,221.3100,57
2026-08-05 20:23:35,NVDA,221.3000,221.3000,221.2600,221.2700,5365.0000,221.2840,33
2026-08-05 20:23:40,NVDA,221.2600,221.2600,221.2100,221.2200,9738.0000,221.2280,70
2026-08-05 20:23:45,NVDA,221.2300,221.2400,221.2100,221.2100,3389.0000,221.2250,20
2026-08-05 20:23:50,NVDA,221.2200,221.2800,221.2200,221.2700,7002.0000,221.2640,37
2026-08-05 20:23:55,NVDA,221.2700,221.2900,221.2500,221.2900,7974.0000,221.2650,43
2026-08-05 20:24:00,NVDA,221.2900,221.3200,221.2800,221.3100,13654.0000,221.2930,34
2026-08-05 20:24:05,NVDA,221.3000,221.3200,221.2800,221.3100,11246.0000,221.3030,41
2026-08-05 20:24:10,NVDA,221.3000,221.3600,221.3000,221.3300,6043.0000,221.3340,33
2026-08-05 20:24:15,NVDA,221.3100,221.3200,221.2900,221.3200,3686.0000,221.3050,28
2026-08-05 20:24:20,NVDA,221.3000,221.3100,221.2800,221.3100,9416.0000,221.2970,54
2026-08-05 20:24:25,NVDA,221.3000,221.3300,221.2900,221.3200,5516.0000,221.3080,40
2026-08-05 20:24:30,NVDA,221.3300,221.3500,221.3200,221.3500,6436.0000,221.3320,44
2026-08-05 20:24:35,NVDA,221.3400,221.3600,221.3000,221.3200,29284.0000,221.3070,95
2026-08-05 20:24:40,NVDA,221.3100,221.3600,221.3000,221.3500,4957.0000,221.3240,38
2026-08-05 20:24:45,NVDA,221.3600,221.3700,221.3500,221.3700,3604.0000,221.3630,19
2026-08-05 20:24:50,NVDA,221.3600,221.3800,221.3600,221.3800,4001.0000,221.3650,16
2026-08-05 20:24:55,NVDA,221.3900,221.4200,221.3800,221.4000,15378.0000,221.4030,74
2026-08-05 20:25:00,NVDA,221.4200,221.4200,221.3800,221.3900,6407.0000,221.4060,34
2026-08-05 20:25:05,NVDA,221.4000,221.4000,221.3300,221.3500,6095.0000,221.3540,48
2026-08-05 20:25:10,NVDA,221.3500,221.3500,221.3100,221.3200,6811.0000,221.3280,35
2026-08-05 20:25:15,NVDA,221.3200,221.3400,221.3000,221.3100,4697.0000,221.3180,32
2026-08-05 20:25:20,NVDA,221.3000,221.3300,221.2900,221.3300,14814.0000,221.3070,65
2026-08-05 20:25:25,NVDA,221.3400,221.3800,221.3300,221.3700,7703.0000,221.3570,47
2026-08-05 20:25:30,NVDA,221.3600,221.3800,221.2700,221.2800,10332.0000,221.3200,54
2026-08-05 20:25:35,NVDA,221.2900,221.3200,221.2600,221.3100,8898.0000,221.2890,64
2026-08-05 20:25:40,NVDA,221.3100,221.3200,221.2800,221.2800,13655.0000,221.2940,47
2026-08-05 20:25:45,NVDA,221.2800,221.2900,221.2800,221.2900,3760.0000,221.2860,18
2026-08-05 20:25:50,NVDA,221.2900,221.3700,221.2800,221.3700,6195.0000,221.3100,28
2026-08-05 20:25:55,NVDA,221.3700,221.3800,221.3500,221.3800,5608.0000,221.3650,35
2026-08-05 20:26:00,NVDA,221.3700,221.4400,221.3600,221.4200,24013.0000,221.4170,124
2026-08-05 20:26:05,NVDA,221.4200,221.4400,221.4000,221.4000,6259.0000,221.4160,38
2026-08-05 20:26:10,NVDA,221.4000,221.4200,221.3900,221.4100,4209.0000,221.4020,21
2026-08-05 20:26:15,NVDA,221.4100,221.5000,221.3900,221.5000,19694.0000,221.4680,102
2026-08-05 20:26:20,NVDA,221.5000,221.5000,221.4300,221.4600,36955.0000,221.4890,133
2026-08-05 20:26:25,NVDA,221.4700,221.4700,221.4500,221.4600,5290.0000,221.4610,38
2026-08-05 20:26:30,NVDA,221.4600,221.4900,221.4600,221.4700,7325.0000,221.4720,41
2026-08-05 20:26:35,NVDA,221.4600,221.4900,221.4600,221.4700,7960.0000,221.4720,39
2026-08-05 20:26:40,NVDA,221.4800,221.5000,221.4300,221.4400,16840.0000,221.4840,104
2026-08-05 20:26:45,NVDA,221.4300,221.4400,221.4200,221.4300,11327.0000,221.4250,49
2026-08-05 20:26:50,NVDA,221.4300,221.4500,221.4200,221.4400,15305.0000,221.4310,61
2026-08-05 20:26:55,NVDA,221.4400,221.4600,221.4300,221.4600,3965.0000,221.4440,27
2026-08-05 20:27:00,NVDA,221.4600,221.4800,221.4300,221.4500,7254.0000,221.4560,33
2026-08-05 20:27:05,NVDA,221.4600,221.4800,221.4500,221.4800,5055.0000,221.4620,31
2026-08-05 20:27:10,NVDA,221.4800,221.4900,221.4700,221.4800,3115.0000,221.4790,22
2026-08-05 20:27:15,NVDA,221.4900,221.5000,221.4600,221.4800,11496.0000,221.4850,59
2026-08-05 20:27:20,NVDA,221.4600,221.5600,221.4500,221.5400,63854.0000,221.5220,323
2026-08-05 20:27:25,NVDA,221.5400,221.5700,221.5200,221.5300,23323.0000,221.5490,120
2026-08-05 20:27:30,NVDA,221.5500,221.5600,221.5300,221.5400,5834.0000,221.5420,32
2026-08-05 20:27:35,NVDA,221.5400,221.5400,221.5100,221.5200,3957.0000,221.5180,28
2026-08-05 20:27:40,NVDA,221.5200,221.5500,221.5100,221.5300,7200.0000,221.5260,31
2026-08-05 20:27:45,NVDA,221.5400,221.5500,221.5000,221.5100,13533.0000,221.5200,88
2026-08-05 20:27:50,NVDA,221.5000,221.5000,221.3100,221.3600,40585.0000,221.3920,165
2026-08-05 20:27:55,NVDA,221.3300,221.3700,221.3300,221.3500,11852.0000,221.3470,52
2026-08-05 20:28:00,NVDA,221.3600,221.3900,221.3400,221.3800,6426.0000,221.3760,37
2026-08-05 20:28:05,NVDA,221.3800,221.3900,221.3600,221.3600,5639.0000,221.3730,32
2026-08-05 20:28:10,NVDA,221.3800,221.3800,221.2900,221.3100,16568.0000,221.3290,89
2026-08-05 20:28:15,NVDA,221.3000,221.3800,221.2900,221.3700,6397.0000,221.3490,39
2026-08-05 20:28:20,NVDA,221.3800,221.3800,221.3600,221.3700,4809.0000,221.3710,26
2026-08-05 20:28:25,NVDA,221.3600,221.3600,221.2800,221.2900,8012.0000,221.3120,47
2026-08-05 20:28:30,NVDA,221.2700,221.3200,221.2700,221.3000,6752.0000,221.2880,46
2026-08-05 20:28:35,NVDA,221.3000,221.3100,221.2800,221.2800,4407.0000,221.2910,33
2026-08-05 20:28:40,NVDA,221.2700,221.2900,221.2400,221.2500,6611.0000,221.2670,35
2026-08-05 20:28:45,NVDA,221.2400,221.2600,221.2300,221.2400,7983.0000,221.2400,34
2026-08-05 20:28:50,NVDA,221.2300,221.2600,221.2300,221.2500,6549.0000,221.2460,31
2026-08-05 20:28:55,NVDA,221.2600,221.2800,221.2500,221.2800,4333.0000,221.2600,23
2026-08-05 20:29:00,NVDA,221.2600,221.2600,221.1800,221.2300,9083.0000,221.2180,59
2026-08-05 20:29:05,NVDA,221.2400,221.2400,221.1800,221.2000,2626.0000,221.2220,13
2026-08-05 20:29:10,NVDA,221.1900,221.1900,221.1500,221.1600,5111.0000,221.1660,29
2026-08-05 20:29:15,NVDA,221.1500,221.1500,221.1100,221.1200,6136.0000,221.1230,36
2026-08-05 20:29:20,NVDA,221.1100,221.1300,221.0800,221.0900,11827.0000,221.0940,40
2026-08-05 20:29:25,NVDA,221.0900,221.1100,221.0800,221.0900,19925.0000,221.0860,104
2026-08-05 20:29:30,NVDA,221.1000,221.1000,221.0600,221.0800,8039.0000,221.0680,35
2026-08-05 20:29:35,NVDA,221.0900,221.1000,221.0700,221.0800,6309.0000,221.0800,40
2026-08-05 20:29:40,NVDA,221.0700,221.1100,221.0700,221.0800,3266.0000,221.0880,22
2026-08-05 20:29:45,NVDA,221.0800,221.0900,221.0200,221.0200,6303.0000,221.0640,44
2026-08-05 20:29:50,NVDA,221.0400,221.0600,221.0300,221.0400,5787.0000,221.0460,35
2026-08-05 20:29:55,NVDA,221.0300,221.0600,221.0300,221.0500,7691.0000,221.0500,39
2026-08-05 20:30:00,NVDA,221.0600,221.0800,220.9400,220.9500,29360.0000,220.9930,127
2026-08-05 20:30:05,NVDA,220.9700,220.9800,220.9100,220.9600,9055.0000,220.9470,43
2026-08-05 20:30:10,NVDA,220.9500,220.9600,220.9100,220.9500,7098.0000,220.9380,36
2026-08-05 20:30:15,NVDA,220.9600,220.9900,220.9500,220.9900,10050.0000,220.9670,59
2026-08-05 20:30:20,NVDA,220.9700,221.0200,220.9700,221.0000,9610.0000,220.9940,56
2026-08-05 20:30:25,NVDA,220.9900,221.0200,220.9500,220.9900,4435.0000,220.9830,33
2026-08-05 20:30:30,NVDA,220.9900,220.9900,220.9500,220.9600,8307.0000,220.9590,26
2026-08-05 20:30:35,NVDA,220.9600,220.9900,220.9500,220.9800,4722.0000,220.9700,28
2026-08-05 20:30:40,NVDA,220.9700,220.9900,220.9600,220.9600,3473.0000,220.9740,21
2026-08-05 20:30:45,NVDA,220.9900,220.9900,220.9500,220.9800,14406.0000,220.9690,51
2026-08-05 20:30:50,NVDA,220.9700,221.0300,220.9500,220.9700,10111.0000,220.9870,51
2026-08-05 20:30:55,NVDA,220.9600,220.9700,220.9100,220.9200,15311.0000,220.9260,78
2026-08-05 20:31:00,NVDA,220.9300,220.9500,220.8700,220.8700,24662.0000,220.9090,108
2026-08-05 20:31:05,NVDA,220.8700,220.9800,220.8700,220.9500,7415.0000,220.9120,38
2026-08-05 20:31:10,NVDA,220.9600,220.9900,220.8500,220.8600,9817.0000,220.9050,71
2026-08-05 20:31:15,NVDA,220.8700,220.9000,220.8500,220.9000,10506.0000,220.8720,61
2026-08-05 20:31:20,NVDA,220.8900,220.9000,220.8500,220.8600,8568.0000,220.8630,43
2026-08-05 20:31:25,NVDA,220.8600,220.8700,220.8100,220.8200,35776.0000,220.8480,197
2026-08-05 20:31:30,NVDA,220.8400,220.8500,220.8100,220.8300,7596.0000,220.8260,45
2026-08-05 20:31:35,NVDA,220.8100,220.8300,220.8100,220.8100,4614.0000,220.8210,20
2026-08-05 20:31:40,NVDA,220.8200,220.9500,220.8200,220.9500,20001.0000,220.8860,87
2026-08-05 20:31:45,NVDA,220.9600,220.9800,220.9400,220.9500,9501.0000,220.9520,45
2026-08-05 20:31:50,NVDA,220.9400,220.9400,220.8900,220.9100,4086.0000,220.9110,25
2026-08-05 20:31:55,NVDA,220.9200,220.9400,220.9100,220.9100,4252.0000,220.9210,31
2026-08-05 20:32:00,NVDA,220.9300,220.9600,220.9200,220.9500,1715.0000,220.9330,16
2026-08-05 20:32:05,NVDA,220.9400,220.9400,220.8700,220.9400,8357.0000,220.9060,46
2026-08-05 20:32:10,NVDA,220.9300,220.9600,220.9200,220.9600,3020.0000,220.9360,24
2026-08-05 20:32:15,NVDA,220.9600,220.9700,220.9000,220.9500,9578.0000,220.9470,47
2026-08-05 20:32:20,NVDA,220.9200,220.9600,220.9200,220.9500,7483.0000,220.9380,41
2026-08-05 20:32:25,NVDA,220.9500,221.0400,220.9500,221.0200,13186.0000,221.0020,56
2026-08-05 20:32:30,NVDA,221.0200,221.0700,221.0000,221.0700,7498.0000,221.0260,41
2026-08-05 20:32:35,NVDA,221.0500,221.1200,221.0500,221.0800,13202.0000,221.0970,56
2026-08-05 20:32:40,NVDA,221.0900,221.0900,221.0400,221.0800,6570.0000,221.0690,37
2026-08-05 20:32:45,NVDA,221.0800,221.1000,221.0700,221.0800,4765.0000,221.0850,25
2026-08-05 20:32:50,NVDA,221.0800,221.1500,221.0800,221.1300,11026.0000,221.1370,52
2026-08-05 20:32:55,NVDA,221.1300,221.1600,221.0900,221.1000,12305.0000,221.1280,54
2026-08-05 20:33:00,NVDA,221.1100,221.1200,221.0700,221.1000,8849.0000,221.0980,48
2026-08-05 20:33:05,NVDA,221.1100,221.1100,221.0800,221.1000,6523.0000,221.1000,51
2026-08-05 20:33:10,NVDA,221.1200,221.1200,221.0600,221.0800,3286.0000,221.0870,19
2026-08-05 20:33:15,NVDA,221.0600,221.0800,220.9700,221.0100,16292.0000,221.0040,94
2026-08-05 20:33:20,NVDA,221.0100,221.0300,220.9700,221.0000,2719.0000,220.9930,14
2026-08-05 20:33:25,NVDA,220.9700,221.0800,220.9700,221.0500,9661.0000,221.0450,34
2026-08-05 20:33:30,NVDA,221.0600,221.1000,221.0600,221.0900,3648.0000,221.0820,21
2026-08-05 20:33:35,NVDA,221.0900,221.1800,221.0900,221.1500,11644.0000,221.1410,37
2026-08-05 20:33:40,NVDA,221.1300,221.1800,221.1200,221.1400,5799.0000,221.1570,39
2026-08-05 20:33:45,NVDA,221.1400,221.2000,221.1300,221.1900,5353.0000,221.1790,26
2026-08-05 20:33:50,NVDA,221.1800,221.1800,221.1700,221.1800,3943.0000,221.1740,25
2026-08-05 20:33:55,NVDA,221.1800,221.1800,221.1500,221.1700,4433.0000,221.1580,24
2026-08-05 20:34:00,NVDA,221.1600,221.2700,221.1500,221.2500,8431.0000,221.2430,48
2026-08-05 20:34:05,NVDA,221.2500,221.2500,221.1900,221.2000,10764.0000,221.2080,52
2026-08-05 20:34:10,NVDA,221.1900,221.2200,221.1700,221.2000,4085.0000,221.1980,21
2026-08-05 20:34:15,NVDA,221.2000,221.2000,221.1000,221.1300,8393.0000,221.1540,42
2026-08-05 20:34:20,NVDA,221.1300,221.1500,221.0700,221.0800,12906.0000,221.1070,77
2026-08-05 20:34:25,NVDA,221.0900,221.0900,221.0600,221.0700,7644.0000,221.0750,68
2026-08-05 20:34:30,NVDA,221.0800,221.1300,221.0700,221.1000,9786.0000,221.1040,64
2026-08-05 20:34:35,NVDA,221.1200,221.1200,221.0600,221.0700,14319.0000,221.0830,75
2026-08-05 20:34:40,NVDA,221.0700,221.0800,221.0600,221.0800,1350.0000,221.0700,13
2026-08-05 20:34:45,NVDA,221.0600,221.0800,221.0100,221.0500,10847.0000,221.0480,53
2026-08-05 20:34:50,NVDA,221.0600,221.0700,221.0100,221.0200,18479.0000,221.0290,92
2026-08-05 20:34:55,NVDA,221.0200,221.0300,221.0000,221.0200,5241.0000,221.0130,37
2026-08-05 20:35:00,NVDA,221.0300,221.0800,221.0000,221.0700,13304.0000,221.0380,57
2026-08-05 20:35:05,NVDA,221.0600,221.0600,221.0200,221.0500,4922.0000,221.0380,35
2026-08-05 20:35:10,NVDA,221.0400,221.0800,221.0400,221.0600,3666.0000,221.0590,31
2026-08-05 20:35:15,NVDA,221.0500,221.1000,221.0400,221.0400,8085.0000,221.0620,33
2026-08-05 20:35:20,NVDA,221.0700,221.0800,221.0100,221.0300,9339.0000,221.0420,47
2026-08-05 20:35:25,NVDA,221.0300,221.0600,221.0100,221.0600,11385.0000,221.0430,48
2026-08-05 20:35:30,NVDA,221.0500,221.1100,221.0500,221.1100,2601.0000,221.0850,18
2026-08-05 20:35:35,NVDA,221.1100,221.1300,221.1000,221.1100,6017.0000,221.1170,40
2026-08-05 20:35:40,NVDA,221.1100,221.1100,221.0900,221.1000,14980.0000,221.1000,86
2026-08-05 20:35:45,NVDA,221.0900,221.1300,221.0900,221.1100,15739.0000,221.1120,98
2026-08-05 20:35:50,NVDA,221.1000,221.1000,221.0400,221.0400,6087.0000,221.0730,32
2026-08-05 20:35:55,NVDA,221.0400,221.0600,221.0300,221.0600,4547.0000,221.0390,36
2026-08-05 20:36:00,NVDA,221.0700,221.0800,221.0500,221.0800,3333.0000,221.0660,15
2026-08-05 20:36:05,NVDA,221.0800,221.0900,221.0700,221.0700,4500.0000,221.0770,16
2026-08-05 20:36:10,NVDA,221.0800,221.0900,221.0600,221.0900,4206.0000,221.0730,34
2026-08-05 20:36:15,NVDA,221.0800,221.0900,221.0200,221.0400,7948.0000,221.0520,54
2026-08-05 20:36:20,NVDA,221.0400,221.1200,221.0200,221.1200,5304.0000,221.0760,34
2026-08-05 20:36:25,NVDA,221.1200,221.1500,221.1100,221.1400,5274.0000,221.1350,33
2026-08-05 20:36:30,NVDA,221.1400,221.1500,221.0300,221.0400,6585.0000,221.1120,40
2026-08-05 20:36:35,NVDA,221.0300,221.0400,220.9800,221.0100,6649.0000,221.0090,41
2026-08-05 20:36:40,NVDA,220.9900,221.0100,220.9800,221.0000,5576.0000,220.9940,31
2026-08-05 20:36:45,NVDA,220.9900,221.0000,220.9900,220.9900,2923.0000,220.9970,14
2026-08-05 20:36:50,NVDA,220.9900,221.0700,220.9900,221.0700,18105.0000,221.0300,82
2026-08-05 20:36:55,NVDA,221.0800,221.0900,221.0700,221.0900,4764.0000,221.0770,23
2026-08-05 20:37:00,NVDA,221.0900,221.1400,221.0700,221.1100,9043.0000,221.1040,65
2026-08-05 20:37:05,NVDA,221.1200,221.1600,221.1100,221.1600,4555.0000,221.1400,18
2026-08-05 20:37:10,NVDA,221.1600,221.1600,221.0200,221.0300,13125.0000,221.0930,82
2026-08-05 20:37:15,NVDA,221.0200,221.1000,221.0000,221.0900,8549.0000,221.0530,60
2026-08-05 20:37:20,NVDA,221.1100,221.1400,221.0900,221.0900,16772.0000,221.1180,63
2026-08-05 20:37:25,NVDA,221.1100,221.1400,221.0900,221.1300,5378.0000,221.1220,22
2026-08-05 20:37:30,NVDA,221.1300,221.1500,221.1300,221.1500,2499.0000,221.1400,13
2026-08-05 20:37:35,NVDA,221.1600,221.1700,221.1400,221.1700,5455.0000,221.1560,38
2026-08-05 20:37:40,NVDA,221.1700,221.1800,221.1400,221.1600,45571.0000,221.1680,246
2026-08-05 20:37:45,NVDA,221.1600,221.1800,221.1500,221.1600,2475.0000,221.1620,20
2026-08-05 20:37:50,NVDA,221.1600,221.1600,221.1200,221.1300,7402.0000,221.1400,43
2026-08-05 20:37:55,NVDA,221.1300,221.1600,221.0800,221.0900,22481.0000,221.1320,97
2026-08-05 20:38:00,NVDA,221.0900,221.0900,221.0400,221.0800,3372.0000,221.0700,19
2026-08-05 20:38:05,NVDA,221.0800,221.0800,221.0500,221.0800,4255.0000,221.0730,24
2026-08-05 20:38:10,NVDA,221.0600,221.0800,221.0500,221.0600,4263.0000,221.0650,21
2026-08-05 20:38:15,NVDA,221.0600,221.1000,221.0400,221.0600,7577.0000,221.0700,47
2026-08-05 20:38:20,NVDA,221.0600,221.0600,221.0300,221.0500,1860.0000,221.0480,14
2026-08-05 20:38:25,NVDA,221.0500,221.0800,221.0400,221.0700,6496.0000,221.0690,25
2026-08-05 20:38:30,NVDA,221.0800,221.1000,221.0400,221.0700,5464.0000,221.0730,41
2026-08-05 20:38:35,NVDA,221.0600,221.0600,220.9700,221.0100,9924.0000,221.0080,51
2026-08-05 20:38:40,NVDA,221.0100,221.0100,220.9500,220.9600,11327.0000,220.9750,55
2026-08-05 20:38:45,NVDA,220.9600,220.9900,220.9600,220.9900,7508.0000,220.9700,36
2026-08-05 20:38:50,NVDA,221.0000,221.0300,220.9900,221.0100,5954.0000,221.0030,37
2026-08-05 20:38:55,NVDA,221.0200,221.0500,221.0100,221.0400,10797.0000,221.0260,54
2026-08-05 20:39:00,NVDA,221.0400,221.0700,220.9600,221.0100,10452.0000,221.0120,78
2026-08-05 20:39:05,NVDA,221.0100,221.0300,221.0000,221.0000,2717.0000,221.0110,14
2026-08-05 20:39:10,NVDA,221.0100,221.0100,221.0000,221.0100,1882.0000,221.0020,11
2026-08-05 20:39:15,NVDA,221.0200,221.0600,221.0100,221.0500,9216.0000,221.0410,33
2026-08-05 20:39:20,NVDA,221.0500,221.0700,221.0400,221.0700,4907.0000,221.0590,21
2026-08-05 20:39:25,NVDA,221.0600,221.0700,220.9700,221.0200,26239.0000,221.0130,161
2026-08-05 20:39:30,NVDA,221.0300,221.0300,221.0100,221.0300,1635.0000,221.0250,8
2026-08-05 20:39:35,NVDA,221.0200,221.0200,221.0000,221.0200,2801.0000,221.0130,22
2026-08-05 20:39:40,NVDA,221.0200,221.0300,221.0100,221.0300,2106.0000,221.0160,10
2026-08-05 20:39:45,NVDA,221.0400,221.0800,221.0300,221.0500,5432.0000,221.0560,20
2026-08-05 20:39:50,NVDA,221.0500,221.0700,221.0400,221.0400,3221.0000,221.0570,23
2026-08-05 20:39:55,NVDA,221.0600,221.0600,221.0400,221.0400,2733.0000,221.0480,16
2026-08-05 20:40:00,NVDA,221.0500,221.1000,221.0400,221.0700,4811.0000,221.0740,37
2026-08-05 20:40:05,NVDA,221.0800,221.2400,221.0700,221.2300,28772.0000,221.1530,103
2026-08-05 20:40:10,NVDA,221.2400,221.2600,221.2000,221.2100,18759.0000,221.2420,76
2026-08-05 20:40:15,NVDA,221.2300,221.2500,221.1900,221.2100,9926.0000,221.2220,55
2026-08-05 20:40:20,NVDA,221.2100,221.2400,221.2000,221.2000,4199.0000,221.2150,32
2026-08-05 20:40:25,NVDA,221.2100,221.2100,221.1700,221.1900,8216.0000,221.1940,50
2026-08-05 20:40:30,NVDA,221.1900,221.1900,221.1700,221.1800,1996.0000,221.1860,15
2026-08-05 20:40:35,NVDA,221.1900,221.2000,221.1700,221.1900,4532.0000,221.1760,16
2026-08-05 20:40:40,NVDA,221.2000,221.2100,221.1800,221.1800,4152.0000,221.1960,27
2026-08-05 20:40:45,NVDA,221.1800,221.2000,221.1600,221.1900,3360.0000,221.1790,29
2026-08-05 20:40:50,NVDA,221.2200,221.2800,221.2100,221.2700,11581.0000,221.2510,46
2026-08-05 20:40:55,NVDA,221.2700,221.3400,221.2700,221.3400,12280.0000,221.3040,65
2026-08-05 20:41:00,NVDA,221.3300,221.3300,221.2800,221.2900,10572.0000,221.2960,45
2026-08-05 20:41:05,NVDA,221.2900,221.3000,221.2700,221.2800,5471.0000,221.2830,29
2026-08-05 20:41:10,NVDA,221.2900,221.3400,221.2700,221.3400,4744.0000,221.3080,26
2026-08-05 20:41:15,NVDA,221.3300,221.3500,221.2900,221.3000,6726.0000,221.3280,27
2026-08-05 20:41:20,NVDA,221.3000,221.3400,221.3000,221.3100,6120.0000,221.3110,34
2026-08-05 20:41:25,NVDA,221.3300,221.3300,221.2900,221.3100,2714.0000,221.3040,20
2026-08-05 20:41:30,NVDA,221.3000,221.3200,221.2800,221.2900,6231.0000,221.3010,38
2026-08-05 20:41:35,NVDA,221.3000,221.3100,221.2500,221.2500,7848.0000,221.2680,39
2026-08-05 20:41:40,NVDA,221.2600,221.3100,221.2600,221.2900,10365.0000,221.2810,66
2026-08-05 20:41:45,NVDA,221.2800,221.2800,221.2300,221.2300,12034.0000,221.2460,52
2026-08-05 20:41:50,NVDA,221.2300,221.2500,221.2000,221.2300,5164.0000,221.2230,33
2026-08-05 20:41:55,NVDA,221.2200,221.2300,221.2200,221.2300,3797.0000,221.2280,10
2026-08-05 20:42:00,NVDA,221.2300,221.2400,221.2000,221.2100,11460.0000,221.2150,58
2026-08-05 20:42:05,NVDA,221.2100,221.2500,221.2100,221.2500,3212.0000,221.2240,19
2026-08-05 20:42:10,NVDA,221.2400,221.2700,221.2200,221.2600,2801.0000,221.2420,21
2026-08-05 20:42:15,NVDA,221.2500,221.2600,221.1700,221.1800,5276.0000,221.2120,39
2026-08-05 20:42:20,NVDA,221.1700,221.1800,221.1500,221.1700,1904.0000,221.1690,13
2026-08-05 20:42:25,NVDA,221.1800,221.2700,221.1800,221.2700,5996.0000,221.2230,25
2026-08-05 20:42:30,NVDA,221.2500,221.2700,221.2500,221.2700,5347.0000,221.2580,33
2026-08-05 20:42:35,NVDA,221.2700,221.2800,221.2500,221.2600,4509.0000,221.2610,22
2026-08-05 20:42:40,NVDA,221.2800,221.2800,221.2500,221.2800,5147.0000,221.2700,22
2026-08-05 20:42:45,NVDA,221.2700,221.2800,221.2400,221.2700,10446.0000,221.2580,34
2026-08-05 20:42:50,NVDA,221.2900,221.3400,221.2700,221.2700,11248.0000,221.3130,54
2026-08-05 20:42:55,NVDA,221.2700,221.3000,221.2700,221.3000,4255.0000,221.2870,20
2026-08-05 20:43:00,NVDA,221.3200,221.3600,221.3000,221.3200,12602.0000,221.3370,70
2026-08-05 20:43:05,NVDA,221.3300,221.3400,221.3200,221.3400,3206.0000,221.3330,20
2026-08-05 20:43:10,NVDA,221.3500,221.3500,221.3300,221.3500,8515.0000,221.3400,41
2026-08-05 20:43:15,NVDA,221.3400,221.3700,221.2900,221.3400,9608.0000,221.3310,62
2026-08-05 20:43:20,NVDA,221.3500,221.4100,221.3400,221.4100,17469.0000,221.3930,79
2026-08-05 20:43:25,NVDA,221.4100,221.4200,221.3900,221.4100,14586.0000,221.4000,26
2026-08-05 20:43:30,NVDA,221.4200,221.4400,221.4100,221.4400,5229.0000,221.4280,31
2026-08-05 20:43:35,NVDA,221.4300,221.4400,221.3800,221.3800,8744.0000,221.4200,51
2026-08-05 20:43:40,NVDA,221.3700,221.3800,221.3200,221.3300,6911.0000,221.3430,43
2026-08-05 20:43:45,NVDA,221.3300,221.3700,221.3100,221.3500,14586.0000,221.3550,31
2026-08-05 20:43:50,NVDA,221.3500,221.3600,221.3200,221.3500,9704.0000,221.3410,58
2026-08-05 20:43:55,NVDA,221.3500,221.3700,221.3200,221.3200,4973.0000,221.3530,23
2026-08-05 20:44:00,NVDA,221.3300,221.3600,221.3200,221.3600,5095.0000,221.3330,16
2026-08-05 20:44:05,NVDA,221.3400,221.3500,221.3200,221.3200,6883.0000,221.3320,55
2026-08-05 20:44:10,NVDA,221.3200,221.3400,221.3200,221.3300,7508.0000,221.3290,38
2026-08-05 20:44:15,NVDA,221.3300,221.3400,221.3200,221.3300,11524.0000,221.3310,44
2026-08-05 20:44:20,NVDA,221.3300,221.3500,221.3100,221.3300,11880.0000,221.3300,66
2026-08-05 20:44:25,NVDA,221.3300,221.3600,221.3200,221.3300,19554.0000,221.3440,87
2026-08-05 20:44:30,NVDA,221.3300,221.3300,221.2900,221.3000,14968.0000,221.3180,33
2026-08-05 20:44:35,NVDA,221.3000,221.3400,221.2800,221.3400,6558.0000,221.3100,36
2026-08-05 20:44:40,NVDA,221.3300,221.3500,221.3100,221.3400,2449.0000,221.3310,13
2026-08-05 20:44:45,NVDA,221.3400,221.3500,221.3200,221.3400,3886.0000,221.3440,25
2026-08-05 20:44:50,NVDA,221.3200,221.3300,221.3000,221.3100,4442.0000,221.3180,25
2026-08-05 20:44:55,NVDA,221.3100,221.3100,221.2700,221.2800,6893.0000,221.2900,40
2026-08-05 20:45:00,NVDA,221.2800,221.2900,221.2000,221.2200,8649.0000,221.2450,54
2026-08-05 20:45:05,NVDA,221.2100,221.2200,221.0400,221.0600,16804.0000,221.1170,72
2026-08-05 20:45:10,NVDA,221.0500,221.0800,221.0200,221.0500,12725.0000,221.0600,73
2026-08-05 20:45:15,NVDA,221.0500,221.0600,221.0400,221.0500,2388.0000,221.0480,20
2026-08-05 20:45:20,NVDA,221.0300,221.0700,221.0300,221.0700,7157.0000,221.0550,42
2026-08-05 20:45:25,NVDA,221.0600,221.1400,221.0600,221.1200,8388.0000,221.1030,49
2026-08-05 20:45:30,NVDA,221.1100,221.1300,221.0900,221.1000,8930.0000,221.1130,39
2026-08-05 20:45:35,NVDA,221.1000,221.1200,221.0900,221.1100,6856.0000,221.1120,49
2026-08-05 20:45:40,NVDA,221.1100,221.1300,221.1100,221.1200,5560.0000,221.1140,30
2026-08-05 20:45:45,NVDA,221.1300,221.1400,221.1200,221.1300,8154.0000,221.1260,34
2026-08-05 20:45:50,NVDA,221.1300,221.1700,221.1100,221.1600,9513.0000,221.1410,54
2026-08-05 20:45:55,NVDA,221.1600,221.1900,221.1500,221.1700,3611.0000,221.1710,22
2026-08-05 20:46:00,NVDA,221.1900,221.1900,221.1400,221.1400,7128.0000,221.1570,40
2026-08-05 20:46:05,NVDA,221.1500,221.1500,221.0800,221.0900,5864.0000,221.1260,32
2026-08-05 20:46:10,NVDA,221.0700,221.1000,221.0200,221.0600,8784.0000,221.0570,37
2026-08-05 20:46:15,NVDA,221.0600,221.1100,221.0600,221.0700,2491.0000,221.0800,17
2026-08-05 20:46:20,NVDA,221.0800,221.0900,221.0300,221.0700,14043.0000,221.0610,55
2026-08-05 20:46:25,NVDA,221.0600,221.1000,221.0600,221.0600,10476.0000,221.0770,48
2026-08-05 20:46:30,NVDA,221.0900,221.1100,221.0800,221.1100,6513.0000,221.0940,26
2026-08-05 20:46:35,NVDA,221.1000,221.1000,221.0800,221.0900,4524.0000,221.0870,26
2026-08-05 20:46:40,NVDA,221.0900,221.1200,221.0300,221.0300,17552.0000,221.0710,100
2026-08-05 20:46:45,NVDA,221.0300,221.0400,220.9900,221.0300,20370.0000,221.0110,85
2026-08-05 20:46:50,NVDA,221.0300,221.0400,221.0100,221.0200,7473.0000,221.0250,23
2026-08-05 20:46:55,NVDA,221.0400,221.0400,220.9800,220.9900,11145.0000,221.0050,44
2026-08-05 20:47:00,NVDA,220.9800,220.9800,220.9200,220.9600,16260.0000,220.9540,78
2026-08-05 20:47:05,NVDA,220.9500,220.9500,220.8800,220.8900,17124.0000,220.9210,84
2026-08-05 20:47:10,NVDA,220.8700,220.9500,220.8700,220.9500,4277.0000,220.9090,29
2026-08-05 20:47:15,NVDA,220.9400,220.9600,220.9300,220.9500,9539.0000,220.9380,40
2026-08-05 20:47:20,NVDA,220.9200,220.9200,220.8700,220.8900,11581.0000,220.8990,39
2026-08-05 20:47:25,NVDA,220.8800,220.9000,220.8700,220.8900,5521.0000,220.8870,31
2026-08-05 20:47:30,NVDA,220.8800,220.9300,220.8700,220.9300,7766.0000,220.8950,44
2026-08-05 20:47:35,NVDA,220.9200,221.0000,220.9100,220.9900,28478.0000,220.9640,99
2026-08-05 20:47:40,NVDA,220.9900,221.0100,220.9600,220.9800,16911.0000,220.9860,83
2026-08-05 20:47:45,NVDA,220.9900,221.0500,220.9900,221.0500,8691.0000,221.0230,45
2026-08-05 20:47:50,NVDA,221.0600,221.1000,221.0500,221.0700,6443.0000,221.0770,38
2026-08-05 20:47:55,NVDA,221.0700,221.1200,221.0600,221.1000,12368.0000,221.0900,61
2026-08-05 20:48:00,NVDA,221.0900,221.1200,221.0900,221.1200,4896.0000,221.1020,22
2026-08-05 20:48:05,NVDA,221.1200,221.1500,221.1100,221.1500,10054.0000,221.1220,39
2026-08-05 20:48:10,NVDA,221.1500,221.1500,221.0900,221.0900,7654.0000,221.1160,51
2026-08-05 20:48:15,NVDA,221.1000,221.1200,221.0900,221.1200,4655.0000,221.0990,29
2026-08-05 20:48:20,NVDA,221.1300,221.1500,221.1000,221.1200,9781.0000,221.1340,42
2026-08-05 20:48:25,NVDA,221.1200,221.1400,221.1100,221.1300,7505.0000,221.1290,33
2026-08-05 20:48:30,NVDA,221.1300,221.1300,221.0700,221.0700,6916.0000,221.1080,56
2026-08-05 20:48:35,NVDA,221.0700,221.0900,221.0700,221.0700,1971.0000,221.0810,11
2026-08-05 20:48:40,NVDA,221.0800,221.1000,221.0800,221.1000,2373.0000,221.0870,15
2026-08-05 20:48:45,NVDA,221.1100,221.1100,221.0800,221.0900,2649.0000,221.0840,22
2026-08-05 20:48:50,NVDA,221.0800,221.1100,221.0800,221.1100,5410.0000,221.0920,29
2026-08-05 20:48:55,NVDA,221.1100,221.1300,221.0900,221.1100,6012.0000,221.1120,22
2026-08-05 20:49:00,NVDA,221.1100,221.1300,221.1000,221.1200,6449.0000,221.1150,38
2026-08-05 20:49:05,NVDA,221.1200,221.1700,221.1100,221.1200,7892.0000,221.1420,60
2026-08-05 20:49:10,NVDA,221.1300,221.1600,221.1200,221.1600,7684.0000,221.1400,41
2026-08-05 20:49:15,NVDA,221.1700,221.1800,221.1500,221.1600,10282.0000,221.1630,59
2026-08-05 20:49:20,NVDA,221.1700,221.1800,221.1600,221.1800,4051.0000,221.1710,23
2026-08-05 20:49:25,NVDA,221.1900,221.1900,221.1200,221.1500,9232.0000,221.1520,53
2026-08-05 20:49:30,NVDA,221.1500,221.1500,221.1400,221.1400,3488.0000,221.1420,28
2026-08-05 20:49:35,NVDA,221.1400,221.1500,221.1300,221.1300,1970.0000,221.1450,7
2026-08-05 20:49:40,NVDA,221.1300,221.1500,221.1200,221.1400,3662.0000,221.1370,19
2026-08-05 20:49:45,NVDA,221.1500,221.1700,221.1500,221.1600,3356.0000,221.1600,20
2026-08-05 20:49:50,NVDA,221.1700,221.1700,221.1400,221.1500,5750.0000,221.1510,30
2026-08-05 20:49:55,NVDA,221.1400,221.1400,221.0900,221.1000,12200.0000,221.1160,67
2026-08-05 20:50:00,NVDA,221.1000,221.1200,221.0800,221.1200,7446.0000,221.1020,42
2026-08-05 20:50:05,NVDA,221.1300,221.1300,221.1200,221.1300,3120.0000,221.1220,26
2026-08-05 20:50:10,NVDA,221.1300,221.1700,221.1100,221.1700,6260.0000,221.1380,39
2026-08-05 20:50:15,NVDA,221.1800,221.2100,221.1700,221.2000,17050.0000,221.1880,66
2026-08-05 20:50:20,NVDA,221.2000,221.2100,221.1800,221.1900,7204.0000,221.1930,41
2026-08-05 20:50:25,NVDA,221.2000,221.2000,221.1700,221.1800,9746.0000,221.1840,50
2026-08-05 20:50:30,NVDA,221.1800,221.1900,221.1700,221.1800,6326.0000,221.1790,41
2026-08-05 20:50:35,NVDA,221.1800,221.1800,221.1300,221.1600,4216.0000,221.1590,30
2026-08-05 20:50:40,NVDA,221.1600,221.1700,221.1300,221.1300,5261.0000,221.1430,31
2026-08-05 20:50:45,NVDA,221.1300,221.2000,221.1300,221.1900,6487.0000,221.1540,40
2026-08-05 20:50:50,NVDA,221.1900,221.1900,221.1700,221.1800,3276.0000,221.1800,21
2026-08-05 20:50:55,NVDA,221.1700,221.1700,221.0600,221.0700,16735.0000,221.1150,107
2026-08-05 20:51:00,NVDA,221.0700,221.0800,221.0500,221.0600,11977.0000,221.0650,71
2026-08-05 20:51:05,NVDA,221.0600,221.0900,221.0600,221.0900,1672.0000,221.0750,16
2026-08-05 20:51:10,NVDA,221.0900,221.1500,221.0800,221.1300,8634.0000,221.1170,61
2026-08-05 20:51:15,NVDA,221.1400,221.1800,221.1400,221.1600,6080.0000,221.1550,34
2026-08-05 20:51:20,NVDA,221.2000,221.2200,221.1500,221.1500,7859.0000,221.1870,39
2026-08-05 20:51:25,NVDA,221.1600,221.2000,221.1600,221.1600,4006.0000,221.1720,20
2026-08-05 20:51:30,NVDA,221.1600,221.1800,221.1500,221.1500,5045.0000,221.1640,27
2026-08-05 20:51:35,NVDA,221.1600,221.1600,221.1500,221.1500,6540.0000,221.1530,35
2026-08-05 20:51:40,NVDA,221.1600,221.1600,221.1500,221.1500,4303.0000,221.1500,14
2026-08-05 20:51:45,NVDA,221.1500,221.1800,221.1400,221.1800,8710.0000,221.1550,37
2026-08-05 20:51:50,NVDA,221.1900,221.2000,221.1800,221.1800,4793.0000,221.1930,30
2026-08-05 20:51:55,NVDA,221.1800,221.1800,221.1400,221.1700,8632.0000,221.1560,37
2026-08-05 20:52:00,NVDA,221.1700,221.1700,221.1100,221.1100,8233.0000,221.1400,40
2026-08-05 20:52:05,NVDA,221.1100,221.1100,221.0700,221.0900,6994.0000,221.0860,49
2026-08-05 20:52:10,NVDA,221.0800,221.1300,221.0800,221.0900,5873.0000,221.1000,28
2026-08-05 20:52:15,NVDA,221.0900,221.0900,221.0800,221.0900,1600.0000,221.0830,13
2026-08-05 20:52:20,NVDA,221.1100,221.1100,221.0900,221.1100,5522.0000,221.0970,23
2026-08-05 20:52:25,NVDA,221.1100,221.1100,221.1000,221.1000,3843.0000,221.1070,21
2026-08-05 20:52:30,NVDA,221.1100,221.1100,221.0800,221.0800,4891.0000,221.0890,34
2026-08-05 20:52:35,NVDA,221.1000,221.1000,221.0900,221.1000,3345.0000,221.0960,21
2026-08-05 20:52:40,NVDA,221.1000,221.1100,221.0900,221.1100,2688.0000,221.1020,18
2026-08-05 20:52:45,NVDA,221.1000,221.1100,221.0900,221.0900,5229.0000,221.0960,36
2026-08-05 20:52:50,NVDA,221.0800,221.1500,221.0800,221.1400,7049.0000,221.1200,31
2026-08-05 20:52:55,NVDA,221.1300,221.1700,221.1000,221.1400,8297.0000,221.1440,50
2026-08-05 20:53:00,NVDA,221.1400,221.1500,221.1100,221.1400,4024.0000,221.1330,32
2026-08-05 20:53:05,NVDA,221.1400,221.1400,221.0700,221.0800,8476.0000,221.1110,43
2026-08-05 20:53:10,NVDA,221.0800,221.1000,221.0200,221.0900,10718.0000,221.0670,57
2026-08-05 20:53:15,NVDA,221.0800,221.0900,221.0700,221.0700,4079.0000,221.0770,31
2026-08-05 20:53:20,NVDA,221.0600,221.0700,221.0600,221.0700,5222.0000,221.0650,31
2026-08-05 20:53:25,NVDA,221.0700,221.0700,221.0200,221.0400,20445.0000,221.0300,91
2026-08-05 20:53:30,NVDA,221.0400,221.0500,221.0100,221.0500,6528.0000,221.0280,39
2026-08-05 20:53:35,NVDA,221.0400,221.0500,221.0100,221.0200,2100.0000,221.0290,19
2026-08-05 20:53:40,NVDA,221.0100,221.0200,220.9200,220.9400,23518.0000,220.9730,125
2026-08-05 20:53:45,NVDA,220.9500,220.9500,220.8800,220.9100,20226.0000,220.9030,131
2026-08-05 20:53:50,NVDA,220.9000,220.9700,220.9000,220.9600,11061.0000,220.9440,33
2026-08-05 20:53:55,NVDA,220.9700,221.0000,220.9700,220.9900,5648.0000,220.9870,37
2026-08-05 20:54:00,NVDA,220.9800,220.9800,220.9400,220.9600,4268.0000,220.9620,37
2026-08-05 20:54:05,NVDA,220.9700,221.0000,220.9600,221.0000,8750.0000,220.9850,45
2026-08-05 20:54:10,NVDA,220.9900,221.0000,220.9800,220.9900,6741.0000,220.9920,17
2026-08-05 20:54:15,NVDA,220.9900,221.0000,220.9800,220.9800,4972.0000,220.9900,23
2026-08-05 20:54:20,NVDA,220.9900,221.0000,220.9700,220.9800,8548.0000,220.9840,53
2026-08-05 20:54:25,NVDA,220.9700,220.9800,220.9600,220.9700,4975.0000,220.9710,26
2026-08-05 20:54:30,NVDA,220.9600,220.9700,220.9200,220.9500,7668.0000,220.9450,62
2026-08-05 20:54:35,NVDA,220.9500,220.9800,220.9400,220.9700,7563.0000,220.9610,42
2026-08-05 20:54:40,NVDA,220.9600,220.9800,220.9500,220.9700,11157.0000,220.9660,57
2026-08-05 20:54:45,NVDA,220.9600,220.9800,220.9500,220.9600,6598.0000,220.9640,33
2026-08-05 20:54:50,NVDA,220.9700,221.0100,220.9600,220.9700,13455.0000,220.9940,76
2026-08-05 20:54:55,NVDA,220.9800,220.9900,220.9600,220.9700,8281.0000,220.9760,32
2026-08-05 20:55:00,NVDA,220.9700,220.9700,220.8300,220.8400,22404.0000,220.9120,159
2026-08-05 20:55:05,NVDA,220.8300,220.8400,220.7800,220.8000,24738.0000,220.8120,119
2026-08-05 20:55:10,NVDA,220.8000,220.8100,220.7200,220.7300,10199.0000,220.7570,53
2026-08-05 20:55:15,NVDA,220.7400,220.7900,220.7300,220.7600,8350.0000,220.7560,46
2026-08-05 20:55:20,NVDA,220.7700,220.8000,220.7700,220.7900,5392.0000,220.7880,34
2026-08-05 20:55:25,NVDA,220.8000,220.8200,220.7300,220.7400,11880.0000,220.7650,88
2026-08-05 20:55:30,NVDA,220.7400,220.7500,220.6900,220.6900,9943.0000,220.7230,59
2026-08-05 20:55:35,NVDA,220.6900,220.7500,220.6900,220.7300,9711.0000,220.7200,47
2026-08-05 20:55:40,NVDA,220.7200,220.7800,220.7200,220.7700,13880.0000,220.7610,55
2026-08-05 20:55:45,NVDA,220.7500,220.7800,220.7400,220.7800,5546.0000,220.7620,42
2026-08-05 20:55:50,NVDA,220.8000,220.8200,220.7800,220.8100,7573.0000,220.7960,26
2026-08-05 20:55:55,NVDA,220.8100,220.8600,220.8100,220.8500,4263.0000,220.8380,19
2026-08-05 20:56:00,NVDA,220.8600,220.9100,220.8400,220.9100,5981.0000,220.8670,20
2026-08-05 20:56:05,NVDA,220.9100,220.9100,220.8800,220.9100,2754.0000,220.8920,16
2026-08-05 20:56:10,NVDA,220.9100,220.9200,220.8100,220.8100,8928.0000,220.8530,41
2026-08-05 20:56:15,NVDA,220.8100,220.8200,220.7900,220.7900,4200.0000,220.7990,23
2026-08-05 20:56:20,NVDA,220.7900,220.8200,220.7900,220.8100,9950.0000,220.8010,59
2026-08-05 20:56:25,NVDA,220.8300,220.8300,220.7400,220.7600,11677.0000,220.7630,62
2026-08-05 20:56:30,NVDA,220.7700,220.8100,220.7500,220.7600,9023.0000,220.7890,56
2026-08-05 20:56:35,NVDA,220.7600,220.7600,220.7400,220.7500,3299.0000,220.7440,25
2026-08-05 20:56:40,NVDA,220.7400,220.7900,220.7300,220.7800,10921.0000,220.7560,70
2026-08-05 20:56:45,NVDA,220.7800,220.7900,220.7200,220.7500,14048.0000,220.7570,81
2026-08-05 20:56:50,NVDA,220.7500,220.7600,220.7100,220.7600,5962.0000,220.7340,26
2026-08-05 20:56:55,NVDA,220.7700,220.7800,220.7500,220.7700,3734.0000,220.7640,24
2026-08-05 20:57:00,NVDA,220.7700,220.7700,220.7400,220.7600,4554.0000,220.7470,22
2026-08-05 20:57:05,NVDA,220.7600,220.7700,220.7400,220.7500,4118.0000,220.7500,28
2026-08-05 20:57:10,NVDA,220.7600,220.7600,220.6800,220.7100,17216.0000,220.7170,80
2026-08-05 20:57:15,NVDA,220.7100,220.7300,220.7100,220.7200,6729.0000,220.7170,40
2026-08-05 20:57:20,NVDA,220.7200,220.7400,220.7200,220.7300,7332.0000,220.7320,31
2026-08-05 20:57:25,NVDA,220.7300,220.7600,220.6800,220.7200,10451.0000,220.7170,67
2026-08-05 20:57:30,NVDA,220.7200,220.7300,220.7000,220.7100,13198.0000,220.7090,58
2026-08-05 20:57:35,NVDA,220.7000,220.7600,220.7000,220.7600,6173.0000,220.7300,30
2026-08-05 20:57:40,NVDA,220.7500,220.7700,220.7300,220.7500,16062.0000,220.7570,46
2026-08-05 20:57:45,NVDA,220.7600,220.7900,220.7600,220.7800,6006.0000,220.7770,28
2026-08-05 20:57:50,NVDA,220.7900,220.9000,220.7800,220.9000,11778.0000,220.8220,58
2026-08-05 20:57:55,NVDA,220.9000,220.9200,220.8800,220.9100,7672.0000,220.9010,36
2026-08-05 20:58:00,NVDA,220.9200,220.9500,220.9000,220.9200,8635.0000,220.9230,35
2026-08-05 20:58:05,NVDA,220.9400,220.9400,220.9100,220.9200,11753.0000,220.9240,37
2026-08-05 20:58:10,NVDA,220.9200,220.9200,220.8900,220.9000,3588.0000,220.9110,22
2026-08-05 20:58:15,NVDA,220.9000,220.9200,220.8900,220.9100,2417.0000,220.9020,13
2026-08-05 20:58:20,NVDA,220.9200,220.9300,220.8700,220.8800,11948.0000,220.8950,65
2026-08-05 20:58:25,NVDA,220.8800,220.9100,220.8700,220.8900,5136.0000,220.8850,32
2026-08-05 20:58:30,NVDA,220.8900,220.9400,220.8900,220.9400,2700.0000,220.9140,18
2026-08-05 20:58:35,NVDA,220.9300,220.9800,220.9200,220.9700,10202.0000,220.9500,56
2026-08-05 20:58:40,NVDA,220.9400,220.9500,220.9300,220.9500,2100.0000,220.9450,14
2026-08-05 20:58:45,NVDA,220.9500,220.9600,220.9100,220.9400,9793.0000,220.9390,58
2026-08-05 20:58:50,NVDA,220.9400,220.9700,220.9200,220.9600,6589.0000,220.9490,23
2026-08-05 20:58:55,NVDA,220.9600,220.9700,220.9300,220.9300,5557.0000,220.9490,25
2026-08-05 20:59:00,NVDA,220.9400,220.9400,220.9100,220.9200,6586.0000,220.9260,28
2026-08-05 20:59:05,NVDA,220.9200,220.9500,220.9200,220.9400,3185.0000,220.9370,14
2026-08-05 20:59:10,NVDA,220.9400,220.9400,220.9100,220.9200,8793.0000,220.9220,45
2026-08-05 20:59:15,NVDA,220.9300,220.9600,220.9200,220.9400,8994.0000,220.9400,56
2026-08-05 20:59:20,NVDA,220.9300,220.9400,220.8800,220.8800,12712.0000,220.9150,50
2026-08-05 20:59:25,NVDA,220.8700,220.8900,220.8600,220.8700,10571.0000,220.8720,46
2026-08-05 20:59:30,NVDA,220.8800,220.9000,220.8300,220.8400,9110.0000,220.8680,67
2026-08-05 20:59:35,NVDA,220.8400,220.8500,220.8300,220.8300,2302.0000,220.8380,14
2026-08-05 20:59:40,NVDA,220.8300,220.8500,220.8300,220.8500,4143.0000,220.8420,30
2026-08-05 20:59:45,NVDA,220.8300,220.8400,220.7500,220.7500,7392.0000,220.8090,56
2026-08-05 20:59:50,NVDA,220.7700,220.7700,220.7500,220.7600,7235.0000,220.7610,43
2026-08-05 20:59:55,NVDA,220.7700,220.8200,220.7700,220.8200,14155.0000,220.7860,36
2026-08-05 21:00:00,NVDA,220.8200,220.9400,220.8100,220.9300,15311.0000,220.8550,107
2026-08-05 21:00:05,NVDA,220.9200,220.9300,220.8500,220.9200,8370.0000,220.9010,68
2026-08-05 21:00:10,NVDA,220.9300,220.9300,220.8500,220.8900,5615.0000,220.8880,40
2026-08-05 21:00:15,NVDA,220.8900,220.9000,220.8200,220.8300,3445.0000,220.8680,20
2026-08-05 21:00:20,NVDA,220.8200,220.8200,220.7600,220.8000,2637.0000,220.8010,20
2026-08-05 21:00:25,NVDA,220.7600,220.7800,220.7400,220.7800,7200.0000,220.7630,40
2026-08-05 21:00:30,NVDA,220.7800,220.8000,220.7700,220.7700,4308.0000,220.7890,26
2026-08-05 21:00:35,NVDA,220.7800,220.8700,220.7700,220.8700,17618.0000,220.8430,99
2026-08-05 21:00:40,NVDA,220.8700,220.9100,220.8500,220.9100,15080.0000,220.8810,70
2026-08-05 21:00:45,NVDA,220.9100,220.9100,220.8900,220.9000,6269.0000,220.9040,37
2026-08-05 21:00:50,NVDA,220.9100,220.9300,220.8600,220.8800,27539.0000,220.9060,150
2026-08-05 21:00:55,NVDA,220.8800,220.9300,220.8700,220.9200,6584.0000,220.9010,43
2026-08-05 21:01:00,NVDA,220.9300,220.9400,220.9200,220.9300,7022.0000,220.9340,40
2026-08-05 21:01:05,NVDA,220.9500,221.0000,220.9400,220.9700,15758.0000,220.9680,77
2026-08-05 21:01:10,NVDA,220.9800,221.0500,220.9800,221.0300,34280.0000,221.0090,157
2026-08-05 21:01:15,NVDA,221.0300,221.0500,221.0100,221.0500,7853.0000,221.0320,47
2026-08-05 21:01:20,NVDA,221.0500,221.0600,220.9100,220.9300,29849.0000,220.9410,93
2026-08-05 21:01:25,NVDA,220.9400,220.9600,220.9200,220.9600,10253.0000,220.9390,49
2026-08-05 21:01:30,NVDA,220.9600,220.9600,220.9400,220.9600,5183.0000,220.9530,35
2026-08-05 21:01:35,NVDA,220.9500,220.9700,220.9400,220.9700,5927.0000,220.9580,30
2026-08-05 21:01:40,NVDA,220.9700,220.9800,220.9500,220.9500,6336.0000,220.9660,29
2026-08-05 21:01:45,NVDA,220.9500,220.9600,220.9500,220.9600,4552.0000,220.9540,25
2026-08-05 21:01:50,NVDA,220.9500,220.9900,220.9500,220.9700,3716.0000,220.9720,24
2026-08-05 21:01:55,NVDA,220.9700,220.9800,220.9500,220.9700,4355.0000,220.9690,18
2026-08-05 21:02:00,NVDA,220.9800,220.9800,220.9400,220.9700,14648.0000,220.9600,90
2026-08-05 21:02:05,NVDA,220.9800,221.0100,220.9800,221.0000,7783.0000,220.9970,47
2026-08-05 21:02:10,NVDA,221.0100,221.0400,220.9700,221.0300,7662.0000,221.0020,42
2026-08-05 21:02:15,NVDA,221.0400,221.0700,221.0200,221.0700,7369.0000,221.0570,41
2026-08-05 21:02:20,NVDA,221.0500,221.0600,220.9800,220.9800,6995.0000,221.0340,45
2026-08-05 21:02:25,NVDA,220.9800,221.0000,220.9700,220.9900,3113.0000,220.9860,15
2026-08-05 21:02:30,NVDA,220.9800,221.0000,220.9500,220.9500,3173.0000,220.9750,27
2026-08-05 21:02:35,NVDA,220.9600,220.9700,220.9300,220.9300,9462.0000,220.9470,47
2026-08-05 21:02:40,NVDA,220.9300,220.9500,220.9300,220.9500,2200.0000,220.9410,14
2026-08-05 21:02:45,NVDA,220.9500,220.9600,220.9500,220.9600,600.0000,220.9510,6
2026-08-05 21:02:50,NVDA,220.9600,220.9600,220.9300,220.9400,4449.0000,220.9400,31
2026-08-05 21:02:55,NVDA,220.9300,220.9500,220.9300,220.9300,8322.0000,220.9380,52
2026-08-05 21:03:00,NVDA,220.9500,220.9600,220.9400,220.9500,12614.0000,220.9450,43
2026-08-05 21:03:05,NVDA,220.9500,220.9500,220.9300,220.9400,4695.0000,220.9430,25
2026-08-05 21:03:10,NVDA,220.9400,220.9500,220.9200,220.9300,3437.0000,220.9340,18
2026-08-05 21:03:15,NVDA,220.9300,220.9300,220.8500,220.8600,8267.0000,220.8720,32
2026-08-05 21:03:20,NVDA,220.8600,220.9300,220.8500,220.9300,8763.0000,220.8750,45
2026-08-05 21:03:25,NVDA,220.9400,220.9700,220.9300,220.9600,4911.0000,220.9510,30
2026-08-05 21:03:30,NVDA,220.9600,220.9600,220.9500,220.9600,4182.0000,220.9550,28
2026-08-05 21:03:35,NVDA,220.9500,220.9800,220.9400,220.9400,4822.0000,220.9520,33
2026-08-05 21:03:40,NVDA,220.9500,220.9600,220.8900,220.8900,4620.0000,220.9180,35
2026-08-05 21:03:45,NVDA,220.9000,220.9000,220.8900,220.9000,1954.0000,220.8980,14
2026-08-05 21:03:50,NVDA,220.9000,220.9200,220.8900,220.9100,2413.0000,220.9020,20
2026-08-05 21:03:55,NVDA,220.9100,220.9200,220.8900,220.9000,8278.0000,220.9110,30
2026-08-05 21:04:00,NVDA,220.8900,220.9100,220.8900,220.9000,6637.0000,220.9000,11
2026-08-05 21:04:05,NVDA,220.8900,220.9300,220.8900,220.9300,2500.0000,220.9110,22
2026-08-05 21:04:10,NVDA,220.9300,220.9400,220.9000,220.9000,5109.0000,220.9150,34
2026-08-05 21:04:15,NVDA,220.9100,220.9100,220.8700,220.8800,7159.0000,220.8940,46
2026-08-05 21:04:20,NVDA,220.8800,220.8900,220.8500,220.8600,7443.0000,220.8650,41
2026-08-05 21:04:25,NVDA,220.8700,220.8700,220.8500,220.8700,1592.0000,220.8610,13
2026-08-05 21:04:30,NVDA,220.8600,220.8800,220.8300,220.8800,9328.0000,220.8600,56
2026-08-05 21:04:35,NVDA,220.8700,220.8900,220.8700,220.8900,6127.0000,220.8790,24
2026-08-05 21:04:40,NVDA,220.8900,220.9100,220.8900,220.9000,6596.0000,220.8960,42
2026-08-05 21:04:45,NVDA,220.8900,220.9000,220.8900,220.9000,950.0000,220.8980,6
2026-08-05 21:04:50,NVDA,220.9100,220.9500,220.9000,220.9400,3944.0000,220.9220,30
2026-08-05 21:04:55,NVDA,220.9500,220.9900,220.9300,220.9800,10120.0000,220.9740,60
2026-08-05 21:05:00,NVDA,220.9800,220.9800,220.9200,220.9400,3089.0000,220.9450,21
2026-08-05 21:05:05,NVDA,220.9300,220.9400,220.9200,220.9300,2103.0000,220.9300,14
2026-08-05 21:05:10,NVDA,220.9300,220.9300,220.8400,220.8500,6584.0000,220.8750,45
2026-08-05 21:05:15,NVDA,220.8500,220.8800,220.8400,220.8600,6337.0000,220.8580,47
2026-08-05 21:05:20,NVDA,220.8600,220.9100,220.8100,220.9000,7636.0000,220.8550,48
2026-08-05 21:05:25,NVDA,220.9100,220.9200,220.9000,220.9200,3484.0000,220.9070,9
2026-08-05 21:05:30,NVDA,220.9200,220.9600,220.8900,220.9000,8929.0000,220.9260,69
2026-08-05 21:05:35,NVDA,220.8700,220.9000,220.8700,220.9000,2555.0000,220.8840,18
2026-08-05 21:05:40,NVDA,220.9000,220.9000,220.8700,220.8800,4584.0000,220.8880,27
2026-08-05 21:05:45,NVDA,220.8900,220.9000,220.8800,220.9000,2558.0000,220.8900,19
2026-08-05 21:05:50,NVDA,220.9000,220.9100,220.8900,220.9000,3245.0000,220.8980,26
2026-08-05 21:05:55,NVDA,220.9000,220.9100,220.8900,220.9000,4904.0000,220.9010,22
2026-08-05 21:06:00,NVDA,220.9000,220.9600,220.8600,220.8900,13697.0000,220.9210,74
2026-08-05 21:06:05,NVDA,220.8900,220.8900,220.8100,220.8200,7125.0000,220.8410,46
2026-08-05 21:06:10,NVDA,220.8200,220.8500,220.8100,220.8400,5950.0000,220.8280,37
2026-08-05 21:06:15,NVDA,220.8400,220.8500,220.8300,220.8300,2850.0000,220.8390,18
2026-08-05 21:06:20,NVDA,220.8200,220.8300,220.7600,220.7800,11277.0000,220.7920,63
2026-08-05 21:06:25,NVDA,220.7800,220.8100,220.7800,220.8000,5542.0000,220.7950,41
2026-08-05 21:06:30,NVDA,220.8000,220.8000,220.6700,220.6900,18841.0000,220.7300,70
2026-08-05 21:06:35,NVDA,220.6900,220.7200,220.6800,220.6800,9261.0000,220.6920,60
2026-08-05 21:06:40,NVDA,220.6800,220.7200,220.6700,220.7100,8219.0000,220.7010,59
2026-08-05 21:06:45,NVDA,220.7000,220.7400,220.6900,220.7200,15260.0000,220.7150,79
2026-08-05 21:06:50,NVDA,220.7200,220.7600,220.6900,220.7100,10685.0000,220.7190,62
2026-08-05 21:06:55,NVDA,220.7000,220.7200,220.6700,220.6900,16566.0000,220.6970,61
2026-08-05 21:07:00,NVDA,220.6900,220.7000,220.6800,220.6900,4550.0000,220.6890,37
2026-08-05 21:07:05,NVDA,220.6800,220.6900,220.6400,220.6400,13542.0000,220.6650,67
2026-08-05 21:07:10,NVDA,220.6500,220.7000,220.6500,220.7000,17812.0000,220.6740,101
2026-08-05 21:07:15,NVDA,220.7000,220.7100,220.6700,220.6700,3781.0000,220.6970,28
2026-08-05 21:07:20,NVDA,220.6900,220.7900,220.6900,220.7900,9997.0000,220.7250,56
2026-08-05 21:07:25,NVDA,220.7800,220.7900,220.7500,220.7800,4646.0000,220.7720,25
2026-08-05 21:07:30,NVDA,220.7800,220.8100,220.7700,220.7700,16829.0000,220.7960,71
2026-08-05 21:07:35,NVDA,220.7800,220.7800,220.6800,220.7000,20577.0000,220.7160,151
2026-08-05 21:07:40,NVDA,220.7000,220.7300,220.6900,220.7200,4646.0000,220.7030,34
2026-08-05 21:07:45,NVDA,220.7100,220.7500,220.7000,220.7100,11265.0000,220.7280,49
2026-08-05 21:07:50,NVDA,220.7000,220.7000,220.6700,220.7000,9734.0000,220.6910,47
2026-08-05 21:07:55,NVDA,220.7000,220.7100,220.6800,220.6900,4055.0000,220.6940,26
2026-08-05 21:08:00,NVDA,220.6800,220.6800,220.6600,220.6800,2571.0000,220.6710,16
2026-08-05 21:08:05,NVDA,220.6800,220.6800,220.5900,220.6200,17131.0000,220.6400,121
2026-08-05 21:08:10,NVDA,220.6100,220.6100,220.5900,220.6100,7172.0000,220.6070,34
2026-08-05 21:08:15,NVDA,220.6000,220.6800,220.6000,220.6400,6432.0000,220.6320,46
2026-08-05 21:08:20,NVDA,220.6600,220.7000,220.6300,220.6900,5751.0000,220.6610,37
2026-08-05 21:08:25,NVDA,220.6900,220.7000,220.6100,220.6500,27747.0000,220.6470,101
2026-08-05 21:08:30,NVDA,220.6500,220.6800,220.6500,220.6800,2753.0000,220.6660,24
2026-08-05 21:08:35,NVDA,220.6800,220.7200,220.6600,220.6700,6626.0000,220.6960,33
2026-08-05 21:08:40,NVDA,220.6700,220.6800,220.6400,220.6800,6191.0000,220.6610,40
2026-08-05 21:08:45,NVDA,220.6800,220.6800,220.6500,220.6800,5912.0000,220.6680,31
2026-08-05 21:08:50,NVDA,220.6600,220.7300,220.6600,220.7300,4528.0000,220.7080,24
2026-08-05 21:08:55,NVDA,220.7300,220.7700,220.7200,220.7700,11263.0000,220.7510,43
2026-08-05 21:09:00,NVDA,220.7800,220.7900,220.6900,220.6900,11843.0000,220.7580,54
2026-08-05 21:09:05,NVDA,220.6900,220.7000,220.6600,220.6600,7185.0000,220.6860,26
2026-08-05 21:09:10,NVDA,220.6700,220.7000,220.6600,220.6800,5591.0000,220.6780,34
2026-08-05 21:09:15,NVDA,220.6800,220.6800,220.6600,220.6700,4220.0000,220.6730,21
2026-08-05 21:09:20,NVDA,220.6900,220.7700,220.6900,220.7400,8186.0000,220.7270,30
2026-08-05 21:09:25,NVDA,220.7400,220.7400,220.6900,220.7400,5212.0000,220.7190,36
2026-08-05 21:09:30,NVDA,220.7300,220.7700,220.7200,220.7700,5155.0000,220.7480,39
2026-08-05 21:09:35,NVDA,220.7700,220.7800,220.7500,220.7500,9316.0000,220.7600,38
2026-08-05 21:09:40,NVDA,220.7500,220.7900,220.7400,220.7900,6059.0000,220.7590,34
2026-08-05 21:09:45,NVDA,220.7900,220.8400,220.7600,220.8400,15990.0000,220.7890,78
2026-08-05 21:09:50,NVDA,220.8300,220.8400,220.7900,220.8000,8348.0000,220.8210,51
2026-08-05 21:09:55,NVDA,220.8000,220.8000,220.7200,220.7200,9260.0000,220.7590,33
2026-08-05 21:10:00,NVDA,220.7400,220.7800,220.7200,220.7300,12995.0000,220.7450,86
2026-08-05 21:10:05,NVDA,220.7300,220.7500,220.7100,220.7400,8038.0000,220.7350,56
2026-08-05 21:10:10,NVDA,220.7600,220.8200,220.7500,220.7800,5956.0000,220.7820,29
2026-08-05 21:10:15,NVDA,220.7700,220.8100,220.7500,220.7900,10163.0000,220.7590,67
2026-08-05 21:10:20,NVDA,220.7900,220.8100,220.7800,220.7900,4302.0000,220.7910,24
2026-08-05 21:10:25,NVDA,220.8000,220.8200,220.7900,220.8200,9115.0000,220.8040,46
2026-08-05 21:10:30,NVDA,220.8300,220.8500,220.8100,220.8300,5153.0000,220.8420,33
2026-08-05 21:10:35,NVDA,220.8200,220.8300,220.7900,220.8300,4227.0000,220.8110,25
2026-08-05 21:10:40,NVDA,220.8200,220.8600,220.8200,220.8300,6094.0000,220.8450,34
2026-08-05 21:10:45,NVDA,220.8300,220.8400,220.8000,220.8000,3540.0000,220.8230,25
2026-08-05 21:10:50,NVDA,220.8200,220.8400,220.8100,220.8400,8973.0000,220.8300,27
2026-08-05 21:10:55,NVDA,220.8400,220.8800,220.8400,220.8600,5654.0000,220.8630,38
2026-08-05 21:11:00,NVDA,220.8600,220.8900,220.8400,220.8700,2431.0000,220.8650,20
2026-08-05 21:11:05,NVDA,220.8800,220.8800,220.8300,220.8300,7462.0000,220.8490,46
2026-08-05 21:11:10,NVDA,220.8200,220.8400,220.8100,220.8400,4497.0000,220.8290,28
2026-08-05 21:11:15,NVDA,220.8400,220.8900,220.8400,220.8800,11584.0000,220.8590,37
2026-08-05 21:11:20,NVDA,220.8700,220.8700,220.8300,220.8400,2767.0000,220.8520,19
2026-08-05 21:11:25,NVDA,220.8400,220.8900,220.8300,220.8900,5699.0000,220.8600,35
2026-08-05 21:11:30,NVDA,220.8800,220.9000,220.8800,220.9000,7706.0000,220.8890,37
2026-08-05 21:11:35,NVDA,220.9000,220.9100,220.8800,220.9000,6579.0000,220.8950,45
2026-08-05 21:11:40,NVDA,220.8900,220.9100,220.8700,220.8900,9030.0000,220.8850,51
2026-08-05 21:11:45,NVDA,220.9000,220.9200,220.8900,220.9000,5965.0000,220.9040,41
2026-08-05 21:11:50,NVDA,220.9000,220.9200,220.8900,220.9200,11460.0000,220.9110,82
2026-08-05 21:11:55,NVDA,220.9100,220.9300,220.9100,220.9100,6852.0000,220.9150,40
2026-08-05 21:12:00,NVDA,220.9100,220.9400,220.9100,220.9400,3673.0000,220.9300,15
2026-08-05 21:12:05,NVDA,220.9400,220.9700,220.9400,220.9400,12453.0000,220.9520,61
2026-08-05 21:12:10,NVDA,220.9400,220.9500,220.9200,220.9500,2444.0000,220.9450,18
2026-08-05 21:12:15,NVDA,220.9500,220.9800,220.9300,220.9600,15607.0000,220.9590,101
2026-08-05 21:12:20,NVDA,220.9600,221.0700,220.9600,221.0400,74001.0000,221.0060,228
2026-08-05 21:12:25,NVDA,221.0600,221.0700,221.0000,221.0100,19875.0000,221.0440,124
2026-08-05 21:12:30,NVDA,220.9900,221.0500,220.9900,221.0300,5813.0000,221.0280,33
2026-08-05 21:12:35,NVDA,221.0200,221.0500,221.0000,221.0300,5760.0000,221.0200,26
2026-08-05 21:12:40,NVDA,221.0200,221.0200,221.0000,221.0100,12300.0000,221.0100,77
2026-08-05 21:12:45,NVDA,221.0100,221.0100,221.0000,221.0000,4919.0000,221.0040,33
2026-08-05 21:12:50,NVDA,221.0000,221.0000,220.9700,220.9800,7000.0000,220.9820,51
2026-08-05 21:12:55,NVDA,220.9900,221.0600,220.9700,221.0600,6238.0000,221.0160,35
2026-08-05 21:13:00,NVDA,221.0500,221.0900,221.0500,221.0900,13373.0000,221.0730,31
2026-08-05 21:13:05,NVDA,221.0800,221.1200,221.0700,221.1000,39765.0000,221.0990,94
2026-08-05 21:13:10,NVDA,221.1000,221.1100,221.0500,221.0900,19776.0000,221.0710,75
2026-08-05 21:13:15,NVDA,221.0800,221.0900,221.0600,221.0700,6228.0000,221.0700,25
2026-08-05 21:13:20,NVDA,221.0700,221.1400,221.0600,221.0900,37351.0000,221.1050,105
2026-08-05 21:13:25,NVDA,221.1000,221.1400,221.0900,221.1400,6852.0000,221.1120,26
2026-08-05 21:13:30,NVDA,221.1300,221.1800,221.1300,221.1500,23532.0000,221.1460,114
2026-08-05 21:13:35,NVDA,221.1500,221.1800,221.1500,221.1600,7469.0000,221.1650,32
2026-08-05 21:13:40,NVDA,221.1600,221.1900,221.1500,221.1900,11996.0000,221.1790,65
2026-08-05 21:13:45,NVDA,221.1800,221.2300,221.1700,221.2100,25799.0000,221.2090,122
2026-08-05 21:13:50,NVDA,221.2100,221.2600,221.2000,221.2600,13818.0000,221.2390,78
2026-08-05 21:13:55,NVDA,221.2500,221.2500,221.1600,221.2100,26953.0000,221.2110,119
2026-08-05 21:14:00,NVDA,221.2100,221.2600,221.2000,221.2600,10326.0000,221.2370,46
2026-08-05 21:14:05,NVDA,221.2500,221.2700,221.2200,221.2300,12135.0000,221.2460,64
2026-08-05 21:14:10,NVDA,221.2200,221.2400,221.2200,221.2300,3979.0000,221.2270,25
2026-08-05 21:14:15,NVDA,221.2300,221.2600,221.1900,221.2600,13336.0000,221.2400,41
2026-08-05 21:14:20,NVDA,221.2600,221.2700,221.2000,221.2000,8940.0000,221.2240,30
2026-08-05 21:14:25,NVDA,221.2000,221.2000,221.1200,221.1500,21705.0000,221.1480,141
2026-08-05 21:14:30,NVDA,221.1400,221.1500,221.1300,221.1400,3402.0000,221.1350,13
2026-08-05 21:14:35,NVDA,221.1500,221.1500,221.0300,221.0600,14279.0000,221.0670,54
2026-08-05 21:14:40,NVDA,221.0700,221.1000,221.0600,221.0700,8573.0000,221.0780,43
2026-08-05 21:14:45,NVDA,221.0700,221.1000,221.0500,221.1000,7886.0000,221.0830,47
2026-08-05 21:14:50,NVDA,221.0800,221.1300,221.0800,221.1200,5302.0000,221.1010,28
2026-08-05 21:14:55,NVDA,221.1200,221.1200,221.0400,221.0500,6781.0000,221.0800,46
2026-08-05 21:15:00,NVDA,221.0600,221.0600,220.9700,220.9700,8550.0000,221.0150,47
2026-08-05 21:15:05,NVDA,220.9700,220.9800,220.9200,220.9600,13913.0000,220.9500,62
2026-08-05 21:15:10,NVDA,220.9500,220.9800,220.9200,220.9500,6743.0000,220.9470,37
2026-08-05 21:15:15,NVDA,220.9500,220.9600,220.9300,220.9500,8109.0000,220.9430,51
2026-08-05 21:15:20,NVDA,220.9500,220.9800,220.9500,220.9700,3806.0000,220.9670,26
2026-08-05 21:15:25,NVDA,220.9600,221.0200,220.9600,221.0200,5426.0000,220.9840,36
2026-08-05 21:15:30,NVDA,221.0200,221.0700,221.0100,221.0600,4125.0000,221.0400,20
2026-08-05 21:15:35,NVDA,221.0500,221.1200,221.0400,221.1200,6515.0000,221.0770,36
2026-08-05 21:15:40,NVDA,221.1200,221.1500,221.1100,221.1400,12431.0000,221.1270,46
2026-08-05 21:15:45,NVDA,221.1300,221.1900,221.1300,221.1800,4930.0000,221.1670,21
2026-08-05 21:15:50,NVDA,221.1900,221.2400,221.1800,221.2100,9860.0000,221.2080,60
2026-08-05 21:15:55,NVDA,221.2000,221.2100,221.1800,221.1900,6825.0000,221.1950,32
2026-08-05 21:16:00,NVDA,221.2000,221.2200,221.1900,221.2200,5412.0000,221.2070,37
2026-08-05 21:16:05,NVDA,221.2100,221.2500,221.2000,221.2500,11916.0000,221.2260,45
2026-08-05 21:16:10,NVDA,221.2800,221.2800,221.2500,221.2700,4129.0000,221.2680,23
2026-08-05 21:16:15,NVDA,221.2700,221.2800,221.2400,221.2400,10480.0000,221.2510,56
2026-08-05 21:16:20,NVDA,221.2500,221.2700,221.2400,221.2700,10557.0000,221.2590,26
2026-08-05 21:16:25,NVDA,221.2800,221.2800,221.2600,221.2800,4073.0000,221.2730,23
2026-08-05 21:16:30,NVDA,221.2700,221.2800,221.1900,221.2000,14301.0000,221.2300,93
2026-08-05 21:16:35,NVDA,221.1900,221.2000,221.1600,221.2000,15866.0000,221.1800,58
2026-08-05 21:16:40,NVDA,221.2000,221.3000,221.1800,221.3000,23343.0000,221.2380,146
2026-08-05 21:16:45,NVDA,221.3000,221.3000,221.2200,221.2900,19748.0000,221.2650,95
2026-08-05 21:16:50,NVDA,221.2900,221.3000,221.2500,221.2700,6346.0000,221.2770,42
2026-08-05 21:16:55,NVDA,221.2700,221.2900,221.2400,221.2700,16536.0000,221.2640,97
2026-08-05 21:17:00,NVDA,221.2700,221.2800,221.2600,221.2600,4143.0000,221.2650,22
2026-08-05 21:17:05,NVDA,221.2700,221.2700,221.2000,221.2500,3317.0000,221.2440,19
2026-08-05 21:17:10,NVDA,221.2200,221.2400,221.2100,221.2400,3170.0000,221.2280,19
2026-08-05 21:17:15,NVDA,221.2200,221.3300,221.2200,221.3100,38793.0000,221.2920,140
2026-08-05 21:17:20,NVDA,221.3200,221.3300,221.3000,221.3100,25100.0000,221.3210,91
2026-08-05 21:17:25,NVDA,221.3100,221.3400,221.3100,221.3400,8012.0000,221.3270,39
2026-08-05 21:17:30,NVDA,221.3300,221.3300,221.2500,221.2500,10222.0000,221.2750,49
2026-08-05 21:17:35,NVDA,221.2500,221.3300,221.2400,221.3000,12774.0000,221.2610,64
2026-08-05 21:17:40,NVDA,221.2900,221.3600,221.2900,221.2900,10951.0000,221.3320,48
2026-08-05 21:17:45,NVDA,221.3000,221.3000,221.2400,221.2500,6758.0000,221.2740,42
2026-08-05 21:17:50,NVDA,221.2500,221.2600,221.2400,221.2400,3460.0000,221.2520,14
2026-08-05 21:17:55,NVDA,221.2400,221.2400,221.1600,221.2100,12121.0000,221.2010,68
2026-08-05 21:18:00,NVDA,221.2100,221.2800,221.2000,221.2500,5503.0000,221.2440,27
2026-08-05 21:18:05,NVDA,221.2300,221.2400,221.2100,221.2300,3035.0000,221.2270,21
2026-08-05 21:18:10,NVDA,221.2300,221.2800,221.1700,221.2600,9998.0000,221.2230,51
2026-08-05 21:18:15,NVDA,221.2500,221.2800,221.2200,221.2700,25590.0000,221.2530,227
2026-08-05 21:18:20,NVDA,221.2800,221.2800,221.2200,221.2300,15831.0000,221.2520,40
2026-08-05 21:18:25,NVDA,221.2400,221.2600,221.2400,221.2500,5238.0000,221.2520,28
2026-08-05 21:18:30,NVDA,221.2500,221.2700,221.2400,221.2600,4566.0000,221.2600,24
2026-08-05 21:18:35,NVDA,221.2700,221.3100,221.2600,221.3100,11205.0000,221.2890,49
2026-08-05 21:18:40,NVDA,221.3100,221.3200,221.2900,221.3100,7072.0000,221.3030,45
2026-08-05 21:18:45,NVDA,221.3100,221.3200,221.2900,221.3000,6881.0000,221.3050,43
2026-08-05 21:18:50,NVDA,221.2800,221.3000,221.2700,221.2900,2895.0000,221.2880,17
2026-08-05 21:18:55,NVDA,221.2900,221.3300,221.2800,221.3300,22786.0000,221.3060,161
2026-08-05 21:19:00,NVDA,221.3200,221.3500,221.3100,221.3500,10082.0000,221.3240,51
2026-08-05 21:19:05,NVDA,221.3400,221.3700,221.3100,221.3300,14366.0000,221.3400,63
2026-08-05 21:19:10,NVDA,221.3300,221.3600,221.3200,221.3300,6151.0000,221.3360,34
2026-08-05 21:19:15,NVDA,221.3300,221.3500,221.3200,221.3300,3088.0000,221.3350,20
2026-08-05 21:19:20,NVDA,221.3400,221.3700,221.3400,221.3600,4832.0000,221.3500,31
2026-08-05 21:19:25,NVDA,221.3700,221.3700,221.3300,221.3600,7451.0000,221.3480,35
2026-08-05 21:19:30,NVDA,221.3700,221.4200,221.3400,221.4000,25477.0000,221.3900,117
2026-08-05 21:19:35,NVDA,221.4000,221.4200,221.3900,221.4100,5184.0000,221.4030,26
2026-08-05 21:19:40,NVDA,221.4000,221.4300,221.4000,221.4200,14037.0000,221.4130,53
2026-08-05 21:19:45,NVDA,221.4200,221.4900,221.4200,221.4900,36156.0000,221.4550,142
2026-08-05 21:19:50,NVDA,221.4700,221.4900,221.4700,221.4900,6452.0000,221.4830,33
2026-08-05 21:19:55,NVDA,221.4900,221.4900,221.4000,221.4200,13776.0000,221.4460,79
2026-08-05 21:20:00,NVDA,221.4200,221.4600,221.4000,221.4000,20570.0000,221.4200,111
2026-08-05 21:20:05,NVDA,221.3900,221.5000,221.3900,221.4900,16045.0000,221.4450,90
2026-08-05 21:20:10,NVDA,221.4800,221.5000,221.4700,221.4800,5751.0000,221.4830,22
2026-08-05 21:20:15,NVDA,221.4900,221.5000,221.4800,221.4900,12897.0000,221.4910,72
2026-08-05 21:20:20,NVDA,221.4800,221.4900,221.4700,221.4800,14557.0000,221.4850,75
2026-08-05 21:20:25,NVDA,221.4800,221.5000,221.4200,221.4200,23576.0000,221.4630,128
2026-08-05 21:20:30,NVDA,221.4200,221.4400,221.3900,221.4100,13637.0000,221.4110,74
2026-08-05 21:20:35,NVDA,221.4000,221.4800,221.3900,221.4800,12908.0000,221.4220,55
2026-08-05 21:20:40,NVDA,221.4800,221.5000,221.4600,221.4700,41319.0000,221.4940,168
2026-08-05 21:20:45,NVDA,221.4700,221.5100,221.4600,221.5000,24997.0000,221.4930,107
2026-08-05 21:20:50,NVDA,221.5000,221.5200,221.4800,221.4900,12994.0000,221.5030,72
2026-08-05 21:20:55,NVDA,221.4900,221.4900,221.4700,221.4900,13946.0000,221.4850,39
2026-08-05 21:21:00,NVDA,221.4900,221.5300,221.4800,221.5100,13665.0000,221.5080,77
2026-08-05 21:21:05,NVDA,221.5200,221.5300,221.5000,221.5000,10265.0000,221.5160,28
2026-08-05 21:21:10,NVDA,221.5200,221.5200,221.4800,221.5000,10463.0000,221.5030,62
2026-08-05 21:21:15,NVDA,221.5200,221.5300,221.5000,221.5200,9873.0000,221.5210,44
2026-08-05 21:21:20,NVDA,221.5100,221.5300,221.5100,221.5100,4865.0000,221.5170,29
2026-08-05 21:21:25,NVDA,221.5000,221.5200,221.4600,221.4900,9890.0000,221.4880,54
2026-08-05 21:21:30,NVDA,221.4900,221.5000,221.4600,221.4700,10660.0000,221.4700,31
2026-08-05 21:21:35,NVDA,221.4700,221.5300,221.4600,221.5100,6674.0000,221.5030,42
2026-08-05 21:21:40,NVDA,221.5100,221.5100,221.4700,221.4900,10914.0000,221.4890,37
2026-08-05 21:21:45,NVDA,221.4800,221.5000,221.4700,221.5000,22072.0000,221.4850,47
2026-08-05 21:21:50,NVDA,221.4900,221.5000,221.4500,221.4700,14937.0000,221.4730,61
2026-08-05 21:21:55,NVDA,221.4700,221.4800,221.4500,221.4600,4922.0000,221.4580,27
2026-08-05 21:22:00,NVDA,221.4600,221.5100,221.4400,221.5100,13332.0000,221.4710,56
2026-08-05 21:22:05,NVDA,221.5000,221.5100,221.4800,221.5100,7186.0000,221.5020,33
2026-08-05 21:22:10,NVDA,221.5200,221.5200,221.4200,221.4500,11364.0000,221.4690,78
2026-08-05 21:22:15,NVDA,221.4500,221.4800,221.4400,221.4500,7240.0000,221.4560,37
2026-08-05 21:22:20,NVDA,221.4500,221.4600,221.3900,221.4200,14708.0000,221.4210,78
2026-08-05 21:22:25,NVDA,221.4200,221.4600,221.4000,221.4500,10633.0000,221.4200,36
2026-08-05 21:22:30,NVDA,221.4500,221.4500,221.4400,221.4500,1956.0000,221.4420,15
2026-08-05 21:22:35,NVDA,221.4500,221.4500,221.4100,221.4300,14259.0000,221.4400,55
2026-08-05 21:22:40,NVDA,221.4400,221.4700,221.4400,221.4400,5497.0000,221.4480,36
2026-08-05 21:22:45,NVDA,221.4600,221.4800,221.4500,221.4700,4321.0000,221.4600,25
2026-08-05 21:22:50,NVDA,221.4700,221.4700,221.3600,221.3600,27066.0000,221.4100,109
2026-08-05 21:22:55,NVDA,221.3500,221.4100,221.3500,221.4100,8933.0000,221.3750,35
2026-08-05 21:23:00,NVDA,221.4000,221.4300,221.3800,221.4200,19429.0000,221.4150,52
2026-08-05 21:23:05,NVDA,221.4000,221.4400,221.4000,221.4200,6633.0000,221.4220,35
2026-08-05 21:23:10,NVDA,221.4300,221.4700,221.4200,221.4500,5979.0000,221.4480,37
2026-08-05 21:23:15,NVDA,221.4500,221.4600,221.4300,221.4500,7199.0000,221.4450,54
2026-08-05 21:23:20,NVDA,221.4500,221.5500,221.4500,221.5200,29899.0000,221.5050,141
2026-08-05 21:23:25,NVDA,221.5200,221.5400,221.4700,221.4800,8145.0000,221.5120,52
2026-08-05 21:23:30,NVDA,221.4800,221.5000,221.4700,221.4900,12612.0000,221.4930,55
2026-08-05 21:23:35,NVDA,221.4900,221.5300,221.4900,221.5100,7087.0000,221.5110,40
2026-08-05 21:23:40,NVDA,221.5100,221.5200,221.4700,221.4900,10981.0000,221.4940,43
2026-08-05 21:23:45,NVDA,221.4900,221.5500,221.4900,221.5200,9050.0000,221.5330,38
2026-08-05 21:23:50,NVDA,221.5300,221.5400,221.5100,221.5100,13491.0000,221.5190,25
2026-08-05 21:23:55,NVDA,221.5200,221.5700,221.5200,221.5500,18074.0000,221.5490,48
2026-08-05 21:24:00,NVDA,221.5700,221.5700,221.5400,221.5600,23575.0000,221.5630,82
2026-08-05 21:24:05,NVDA,221.5500,221.5700,221.5500,221.5500,6284.0000,221.5650,33
2026-08-05 21:24:10,NVDA,221.5600,221.5800,221.5500,221.5800,10798.0000,221.5730,60
2026-08-05 21:24:15,NVDA,221.5800,221.5800,221.5600,221.5800,9128.0000,221.5700,30
2026-08-05 21:24:20,NVDA,221.5800,221.5800,221.5200,221.5400,14275.0000,221.5510,86
2026-08-05 21:24:25,NVDA,221.5400,221.6000,221.5300,221.6000,37966.0000,221.5750,143
2026-08-05 21:24:30,NVDA,221.5900,221.6000,221.5600,221.5900,8980.0000,221.5860,41
2026-08-05 21:24:35,NVDA,221.6000,221.6000,221.5800,221.6000,28835.0000,221.5940,82
2026-08-05 21:24:40,NVDA,221.5900,221.6000,221.5300,221.5300,6580.0000,221.5620,39
2026-08-05 21:24:45,NVDA,221.5300,221.5600,221.5300,221.5600,4782.0000,221.5440,32
2026-08-05 21:24:50,NVDA,221.5400,221.5700,221.5400,221.5600,3312.0000,221.5530,22
2026-08-05 21:24:55,NVDA,221.5700,221.5900,221.5600,221.5800,6465.0000,221.5700,26
2026-08-05 21:25:00,NVDA,221.5900,221.6000,221.5800,221.6000,4146.0000,221.5900,31
2026-08-05 21:25:05,NVDA,221.5900,221.6600,221.5700,221.6500,40517.0000,221.6220,162
2026-08-05 21:25:10,NVDA,221.6400,221.6500,221.6200,221.6400,22071.0000,221.6380,105
2026-08-05 21:25:15,NVDA,221.6400,221.6500,221.5300,221.5500,16095.0000,221.5630,89
2026-08-05 21:25:20,NVDA,221.5400,221.5900,221.5400,221.5700,4936.0000,221.5670,23
2026-08-05 21:25:25,NVDA,221.5700,221.6100,221.5600,221.6000,9953.0000,221.5800,33
2026-08-05 21:25:30,NVDA,221.5900,221.6200,221.5900,221.6200,5956.0000,221.6050,38
2026-08-05 21:25:35,NVDA,221.6200,221.6400,221.6000,221.6200,17580.0000,221.6120,69
2026-08-05 21:25:40,NVDA,221.6200,221.6800,221.6000,221.6800,14480.0000,221.6370,79
2026-08-05 21:25:45,NVDA,221.6700,221.6800,221.6500,221.6700,20170.0000,221.6670,95
2026-08-05 21:25:50,NVDA,221.6700,221.7100,221.6700,221.7000,13798.0000,221.6870,74
2026-08-05 21:25:55,NVDA,221.7100,221.7100,221.6600,221.6700,12971.0000,221.6840,43
2026-08-05 21:26:00,NVDA,221.6700,221.6800,221.6500,221.6600,7515.0000,221.6640,35
2026-08-05 21:26:05,NVDA,221.6800,221.7100,221.6700,221.7100,16236.0000,221.6890,66
2026-08-05 21:26:10,NVDA,221.7100,221.7200,221.6600,221.6800,11261.0000,221.7020,64
2026-08-05 21:26:15,NVDA,221.6800,221.7100,221.6700,221.7100,10072.0000,221.6930,34
2026-08-05 21:26:20,NVDA,221.7100,221.7800,221.7100,221.7800,26005.0000,221.7600,100
2026-08-05 21:26:25,NVDA,221.7800,221.8000,221.7700,221.7800,23176.0000,221.7880,101
2026-08-05 21:26:30,NVDA,221.7700,221.7700,221.7000,221.7100,13074.0000,221.7390,76
2026-08-05 21:26:35,NVDA,221.7000,221.7200,221.6600,221.7000,11522.0000,221.6950,66
2026-08-05 21:26:40,NVDA,221.7000,221.7600,221.7000,221.7600,7225.0000,221.7380,32
2026-08-05 21:26:45,NVDA,221.7600,221.7600,221.7300,221.7600,10718.0000,221.7460,46
2026-08-05 21:26:50,NVDA,221.7600,221.7800,221.7500,221.7600,13765.0000,221.7600,39
2026-08-05 21:26:55,NVDA,221.7600,221.7600,221.7000,221.7200,27148.0000,221.7220,103
2026-08-05 21:27:00,NVDA,221.7300,221.7600,221.7100,221.7400,12378.0000,221.7290,38
2026-08-05 21:27:05,NVDA,221.7500,221.7700,221.7400,221.7600,10163.0000,221.7570,32
2026-08-05 21:27:10,NVDA,221.7600,221.7600,221.7300,221.7400,8423.0000,221.7400,68
2026-08-05 21:27:15,NVDA,221.7400,221.7700,221.7300,221.7700,9071.0000,221.7460,46
2026-08-05 21:27:20,NVDA,221.7700,221.7900,221.7400,221.7600,14554.0000,221.7560,53
2026-08-05 21:27:25,NVDA,221.7600,221.7700,221.7500,221.7600,11174.0000,221.7570,44
2026-08-05 21:27:30,NVDA,221.7500,221.7600,221.7300,221.7400,11118.0000,221.7440,49
2026-08-05 21:27:35,NVDA,221.7500,221.7500,221.7200,221.7200,7930.0000,221.7450,30
2026-08-05 21:27:40,NVDA,221.7200,221.7200,221.6400,221.6700,17964.0000,221.6810,82
2026-08-05 21:27:45,NVDA,221.6700,221.6900,221.6600,221.6800,4288.0000,221.6750,26
2026-08-05 21:27:50,NVDA,221.6900,221.6900,221.6700,221.6800,2463.0000,221.6770,13
2026-08-05 21:27:55,NVDA,221.6800,221.7000,221.6500,221.6600,13160.0000,221.6700,82
2026-08-05 21:28:00,NVDA,221.6600,221.7000,221.6500,221.6700,15157.0000,221.6730,65
2026-08-05 21:28:05,NVDA,221.6700,221.6700,221.6000,221.6300,23822.0000,221.6280,147
2026-08-05 21:28:10,NVDA,221.6300,221.6400,221.6000,221.6200,14231.0000,221.6180,54
2026-08-05 21:28:15,NVDA,221.6000,221.6600,221.6000,221.6500,24729.0000,221.6320,124
2026-08-05 21:28:20,NVDA,221.6500,221.7200,221.6400,221.7200,11214.0000,221.6970,50
2026-08-05 21:28:25,NVDA,221.7100,221.7100,221.6500,221.6500,11240.0000,221.6760,63
2026-08-05 21:28:30,NVDA,221.6600,221.6600,221.5700,221.5800,18259.0000,221.6110,107
2026-08-05 21:28:35,NVDA,221.5900,221.6000,221.5500,221.5700,12218.0000,221.5840,33
2026-08-05 21:28:40,NVDA,221.5700,221.5800,221.5600,221.5700,7770.0000,221.5680,28
2026-08-05 21:28:45,NVDA,221.5600,221.6000,221.5600,221.6000,4786.0000,221.5820,25
2026-08-05 21:28:50,NVDA,221.5900,221.6000,221.5800,221.5900,6585.0000,221.5900,24
2026-08-05 21:28:55,NVDA,221.5900,221.6200,221.5900,221.6000,7969.0000,221.6020,24
2026-08-05 21:29:00,NVDA,221.6100,221.6700,221.6000,221.6700,11444.0000,221.6460,43
2026-08-05 21:29:05,NVDA,221.6700,221.7000,221.6600,221.7000,15072.0000,221.6800,76
2026-08-05 21:29:10,NVDA,221.7000,221.7000,221.6800,221.6800,2671.0000,221.6930,14
2026-08-05 21:29:15,NVDA,221.6900,221.7000,221.6800,221.6900,2645.0000,221.6900,20
2026-08-05 21:29:20,NVDA,221.6900,221.7100,221.6700,221.6900,19467.0000,221.6910,103
2026-08-05 21:29:25,NVDA,221.7000,221.7000,221.6600,221.6800,12868.0000,221.6730,47
2026-08-05 21:29:30,NVDA,221.6600,221.6700,221.6500,221.6700,4098.0000,221.6630,30
2026-08-05 21:29:35,NVDA,221.6700,221.6800,221.6500,221.6500,5745.0000,221.6650,21
2026-08-05 21:29:40,NVDA,221.6600,221.6700,221.6600,221.6700,1755.0000,221.6690,10
2026-08-05 21:29:45,NVDA,221.6700,221.6800,221.6600,221.6700,3239.0000,221.6700,25
2026-08-05 21:29:50,NVDA,221.6700,221.7000,221.6600,221.6800,18432.0000,221.6820,88
2026-08-05 21:29:55,NVDA,221.7000,221.7400,221.6800,221.7300,7592.0000,221.7120,39
2026-08-05 21:30:00,NVDA,221.7400,221.7500,221.7200,221.7300,11928.0000,221.7340,67
2026-08-05 21:30:05,NVDA,221.7300,221.7300,221.6600,221.6600,11741.0000,221.6970,80
2026-08-05 21:30:10,NVDA,221.6800,221.6800,221.6100,221.6500,11906.0000,221.6450,54
2026-08-05 21:30:15,NVDA,221.6300,221.7000,221.6200,221.6600,6043.0000,221.6590,40
2026-08-05 21:30:20,NVDA,221.6400,221.6400,221.6000,221.6100,10096.0000,221.6120,42
2026-08-05 21:30:25,NVDA,221.6100,221.6200,221.5400,221.5500,21339.0000,221.5790,115
2026-08-05 21:30:30,NVDA,221.5400,221.5700,221.5300,221.5400,7321.0000,221.5500,40
2026-08-05 21:30:35,NVDA,221.5400,221.5700,221.5200,221.5700,6895.0000,221.5410,44
2026-08-05 21:30:40,NVDA,221.5700,221.6100,221.5700,221.5800,6033.0000,221.5860,33
2026-08-05 21:30:45,NVDA,221.5800,221.5900,221.5200,221.5600,11021.0000,221.5600,63
2026-08-05 21:30:50,NVDA,221.5500,221.5800,221.5200,221.5300,12422.0000,221.5480,63
2026-08-05 21:30:55,NVDA,221.5300,221.5400,221.4400,221.5000,15086.0000,221.4950,73
2026-08-05 21:31:00,NVDA,221.5100,221.5200,221.4700,221.5200,11429.0000,221.5010,49
2026-08-05 21:31:05,NVDA,221.5100,221.5500,221.4800,221.4800,6270.0000,221.5190,35
2026-08-05 21:31:10,NVDA,221.4800,221.4900,221.4600,221.4800,5033.0000,221.4730,32
2026-08-05 21:31:15,NVDA,221.4700,221.4900,221.4300,221.4700,12635.0000,221.4610,53
2026-08-05 21:31:20,NVDA,221.4600,221.4700,221.4200,221.4700,12431.0000,221.4490,54
2026-08-05 21:31:25,NVDA,221.4700,221.4700,221.3900,221.4000,7760.0000,221.4210,52
2026-08-05 21:31:30,NVDA,221.4000,221.4100,221.3200,221.3500,18621.0000,221.3750,91
2026-08-05 21:31:35,NVDA,221.3400,221.3600,221.3400,221.3600,15234.0000,221.3520,59
2026-08-05 21:31:40,NVDA,221.3600,221.3800,221.3600,221.3700,9318.0000,221.3680,53
2026-08-05 21:31:45,NVDA,221.3800,221.3800,221.3100,221.3100,21488.0000,221.3300,105
2026-08-05 21:31:50,NVDA,221.3100,221.3700,221.2800,221.3700,20922.0000,221.3360,93
2026-08-05 21:31:55,NVDA,221.3600,221.4100,221.3600,221.4000,20564.0000,221.3810,72
2026-08-05 21:32:00,NVDA,221.3900,221.4100,221.3700,221.4000,9857.0000,221.3970,71
2026-08-05 21:32:05,NVDA,221.3800,221.4000,221.3600,221.3700,8345.0000,221.3730,54
2026-08-05 21:32:10,NVDA,221.3700,221.3700,221.3000,221.3200,12640.0000,221.3300,76
2026-08-05 21:32:15,NVDA,221.3300,221.4000,221.3300,221.4000,12594.0000,221.3730,62
2026-08-05 21:32:20,NVDA,221.4000,221.4000,221.3200,221.3300,12013.0000,221.3560,65
2026-08-05 21:32:25,NVDA,221.3300,221.3500,221.3200,221.3500,6370.0000,221.3410,36
2026-08-05 21:32:30,NVDA,221.3300,221.3700,221.3000,221.3100,29955.0000,221.3450,157
2026-08-05 21:32:35,NVDA,221.3100,221.3200,221.2900,221.3200,4438.0000,221.3120,23
2026-08-05 21:32:40,NVDA,221.3200,221.3200,221.2600,221.3200,8390.0000,221.2870,48
2026-08-05 21:32:45,NVDA,221.3300,221.3300,221.2700,221.2900,19538.0000,221.2870,69
2026-08-05 21:32:50,NVDA,221.2900,221.2900,221.2500,221.2500,16206.0000,221.2690,62
2026-08-05 21:32:55,NVDA,221.2400,221.2500,221.2400,221.2500,8510.0000,221.2460,46
2026-08-05 21:33:00,NVDA,221.2500,221.2700,221.2000,221.2200,39177.0000,221.2230,218
2026-08-05 21:33:05,NVDA,221.2200,221.2200,221.1700,221.1800,29149.0000,221.2000,156
2026-08-05 21:33:10,NVDA,221.1900,221.2300,221.1600,221.1800,8999.0000,221.1970,50
2026-08-05 21:33:15,NVDA,221.2000,221.2100,221.1800,221.1900,3969.0000,221.1920,27
2026-08-05 21:33:20,NVDA,221.1900,221.2500,221.1900,221.2100,17962.0000,221.2290,52
2026-08-05 21:33:25,NVDA,221.2100,221.3000,221.2000,221.3000,21086.0000,221.2320,95
2026-08-05 21:33:30,NVDA,221.3000,221.4200,221.2900,221.3700,60771.0000,221.3840,307
2026-08-05 21:33:35,NVDA,221.3800,221.4100,221.3800,221.4000,9655.0000,221.3940,30
2026-08-05 21:33:40,NVDA,221.4000,221.4200,221.3800,221.3800,11279.0000,221.3990,54
2026-08-05 21:33:45,NVDA,221.3800,221.3800,221.3400,221.3800,12637.0000,221.3550,51
2026-08-05 21:33:50,NVDA,221.3700,221.3900,221.3700,221.3800,8697.0000,221.3800,30
2026-08-05 21:33:55,NVDA,221.3800,221.4000,221.3500,221.3600,6400.0000,221.3790,47
2026-08-05 21:34:00,NVDA,221.3600,221.3600,221.3100,221.3100,6769.0000,221.3440,39
2026-08-05 21:34:05,NVDA,221.3300,221.3800,221.3300,221.3800,2582.0000,221.3590,22
2026-08-05 21:34:10,NVDA,221.3900,221.4000,221.3600,221.4000,5689.0000,221.3810,23
2026-08-05 21:34:15,NVDA,221.4000,221.4600,221.4000,221.4500,12298.0000,221.4250,68
2026-08-05 21:34:20,NVDA,221.4300,221.4700,221.4300,221.4500,6246.0000,221.4570,25
2026-08-05 21:34:25,NVDA,221.4500,221.4900,221.4400,221.4800,16499.0000,221.4630,64
2026-08-05 21:34:30,NVDA,221.4800,221.4900,221.4600,221.4700,11202.0000,221.4710,54
2026-08-05 21:34:35,NVDA,221.4700,221.5000,221.4600,221.4900,13575.0000,221.4860,77
2026-08-05 21:34:40,NVDA,221.5000,221.5400,221.4800,221.4900,25193.0000,221.5050,98
2026-08-05 21:34:45,NVDA,221.4900,221.5200,221.4800,221.5100,6392.0000,221.4980,30
2026-08-05 21:34:50,NVDA,221.5000,221.5300,221.5000,221.5100,5386.0000,221.5140,29
2026-08-05 21:34:55,NVDA,221.5400,221.5600,221.5300,221.5400,5740.0000,221.5440,34
2026-08-05 21:35:00,NVDA,221.5500,221.5600,221.5400,221.5600,7581.0000,221.5520,36
2026-08-05 21:35:05,NVDA,221.5600,221.6000,221.5500,221.5900,34675.0000,221.5760,103
2026-08-05 21:35:10,NVDA,221.5900,221.6000,221.5600,221.5600,15551.0000,221.5800,64
2026-08-05 21:35:15,NVDA,221.5700,221.5800,221.5300,221.5400,17703.0000,221.5440,73
2026-08-05 21:35:20,NVDA,221.5500,221.5900,221.5500,221.5700,8327.0000,221.5720,28
2026-08-05 21:35:25,NVDA,221.5700,221.6000,221.5600,221.5900,14648.0000,221.5830,45
2026-08-05 21:35:30,NVDA,221.6000,221.6100,221.5700,221.5900,45937.0000,221.5970,200
2026-08-05 21:35:35,NVDA,221.5800,221.5900,221.5400,221.5500,16745.0000,221.5670,51
2026-08-05 21:35:40,NVDA,221.5600,221.6100,221.5500,221.6100,9687.0000,221.5870,33
2026-08-05 21:35:45,NVDA,221.6000,221.6600,221.5900,221.6500,7050.0000,221.6160,36
2026-08-05 21:35:50,NVDA,221.6600,221.6800,221.6400,221.6400,14603.0000,221.6650,57
2026-08-05 21:35:55,NVDA,221.6500,221.7000,221.6500,221.7000,5138.0000,221.6840,34
2026-08-05 21:36:00,NVDA,221.6900,221.7000,221.6500,221.6900,12746.0000,221.6820,55
2026-08-05 21:36:05,NVDA,221.6800,221.7500,221.6800,221.7400,37542.0000,221.7230,192
2026-08-05 21:36:10,NVDA,221.7300,221.7800,221.7300,221.7700,25429.0000,221.7550,118
2026-08-05 21:36:15,NVDA,221.7700,221.7700,221.7400,221.7700,14218.0000,221.7580,87
2026-08-05 21:36:20,NVDA,221.7800,221.7800,221.7300,221.7400,10720.0000,221.7640,59
2026-08-05 21:36:25,NVDA,221.7400,221.7500,221.6800,221.7200,18009.0000,221.7030,82
2026-08-05 21:36:30,NVDA,221.7200,221.7400,221.7000,221.7100,12969.0000,221.7170,53
2026-08-05 21:36:35,NVDA,221.7200,221.7200,221.6300,221.6500,21326.0000,221.6540,85
2026-08-05 21:36:40,NVDA,221.6600,221.6900,221.6400,221.6500,18040.0000,221.6760,97
2026-08-05 21:36:45,NVDA,221.6500,221.6800,221.6500,221.6600,6633.0000,221.6590,28
2026-08-05 21:36:50,NVDA,221.6700,221.7000,221.6600,221.6800,10455.0000,221.6770,55
2026-08-05 21:36:55,NVDA,221.6800,221.6900,221.6700,221.6800,3792.0000,221.6840,25
2026-08-05 21:37:00,NVDA,221.6900,221.7300,221.6700,221.7200,6149.0000,221.7150,24
2026-08-05 21:37:05,NVDA,221.7100,221.7200,221.6800,221.6800,8850.0000,221.6950,50
2026-08-05 21:37:10,NVDA,221.7000,221.7000,221.6800,221.6900,9320.0000,221.6860,26
2026-08-05 21:37:15,NVDA,221.6700,221.6800,221.6700,221.6700,5410.0000,221.6740,22
2026-08-05 21:37:20,NVDA,221.6700,221.6800,221.6200,221.6500,14328.0000,221.6440,64
2026-08-05 21:37:25,NVDA,221.6600,221.6700,221.6100,221.6200,14700.0000,221.6250,42
2026-08-05 21:37:30,NVDA,221.6100,221.6300,221.5700,221.6200,24585.0000,221.5990,126
2026-08-05 21:37:35,NVDA,221.6300,221.6300,221.6100,221.6200,5080.0000,221.6210,32
2026-08-05 21:37:40,NVDA,221.6200,221.6500,221.6100,221.6500,6822.0000,221.6350,29
2026-08-05 21:37:45,NVDA,221.6500,221.6600,221.6400,221.6500,4735.0000,221.6490,23
2026-08-05 21:37:50,NVDA,221.6500,221.7000,221.6500,221.6900,5977.0000,221.6730,36
2026-08-05 21:37:55,NVDA,221.7000,221.7300,221.6900,221.7300,15203.0000,221.7130,65
2026-08-05 21:38:00,NVDA,221.7300,221.7500,221.7200,221.7300,11453.0000,221.7330,66
2026-08-05 21:38:05,NVDA,221.7300,221.7500,221.7000,221.7400,18191.0000,221.7300,75
2026-08-05 21:38:10,NVDA,221.7400,221.7400,221.7000,221.7200,6710.0000,221.7170,33
2026-08-05 21:38:15,NVDA,221.7200,221.7500,221.7200,221.7300,3911.0000,221.7320,27
2026-08-05 21:38:20,NVDA,221.7400,221.7700,221.7400,221.7600,10152.0000,221.7510,50
2026-08-05 21:38:25,NVDA,221.7600,221.7800,221.7500,221.7800,9945.0000,221.7700,41
2026-08-05 21:38:30,NVDA,221.7800,221.8400,221.7700,221.8000,45201.0000,221.8080,180
2026-08-05 21:38:35,NVDA,221.7900,221.8200,221.7800,221.8000,14278.0000,221.8030,63
2026-08-05 21:38:40,NVDA,221.8000,221.8400,221.7900,221.8400,24044.0000,221.8100,75
2026-08-05 21:38:45,NVDA,221.8400,221.8900,221.8400,221.8800,35049.0000,221.8670,128
2026-08-05 21:38:50,NVDA,221.8700,221.8700,221.8500,221.8600,15799.0000,221.8590,40
2026-08-05 21:38:55,NVDA,221.8600,221.8600,221.8200,221.8600,16181.0000,221.8490,96
2026-08-05 21:39:00,NVDA,221.8500,221.9000,221.8500,221.8900,11034.0000,221.8800,49
2026-08-05 21:39:05,NVDA,221.8900,221.9100,221.8800,221.9100,27990.0000,221.8950,122
2026-08-05 21:39:10,NVDA,221.9000,221.9100,221.8500,221.8600,17383.0000,221.8890,71
2026-08-05 21:39:15,NVDA,221.8700,221.9000,221.8300,221.8500,22213.0000,221.8710,75
2026-08-05 21:39:20,NVDA,221.8300,221.8500,221.7300,221.7500,19830.0000,221.7880,89
2026-08-05 21:39:25,NVDA,221.7400,221.7800,221.7300,221.7700,9787.0000,221.7600,35
2026-08-05 21:39:30,NVDA,221.7700,221.7900,221.7500,221.7800,7366.0000,221.7740,37
2026-08-05 21:39:35,NVDA,221.7800,221.7800,221.7300,221.7300,13019.0000,221.7420,55
2026-08-05 21:39:40,NVDA,221.7400,221.7500,221.7100,221.7300,5538.0000,221.7290,33
2026-08-05 21:39:45,NVDA,221.7300,221.7300,221.6900,221.7000,4568.0000,221.7070,23
2026-08-05 21:39:50,NVDA,221.7000,221.7000,221.6700,221.6900,7919.0000,221.6920,30
2026-08-05 21:39:55,NVDA,221.7000,221.7000,221.6700,221.6700,3568.0000,221.6830,25
2026-08-05 21:40:00,NVDA,221.6700,221.6700,221.5800,221.5800,11412.0000,221.6350,60
2026-08-05 21:40:05,NVDA,221.5900,221.6600,221.5900,221.6500,7230.0000,221.6300,37
2026-08-05 21:40:10,NVDA,221.6500,221.7000,221.6500,221.6900,5140.0000,221.6800,28
2026-08-05 21:40:15,NVDA,221.6800,221.7000,221.6700,221.7000,3799.0000,221.6890,26
2026-08-05 21:40:20,NVDA,221.6900,221.7200,221.6700,221.7000,8043.0000,221.6980,37
2026-08-05 21:40:25,NVDA,221.7000,221.7200,221.6800,221.6900,63091.0000,221.7110,65
2026-08-05 21:40:30,NVDA,221.6900,221.7700,221.6900,221.7400,8716.0000,221.7350,44
2026-08-05 21:40:35,NVDA,221.7500,221.7800,221.7400,221.7800,8014.0000,221.7530,24
2026-08-05 21:40:40,NVDA,221.7800,221.7900,221.7300,221.7400,8270.0000,221.7530,49
2026-08-05 21:40:45,NVDA,221.7300,221.7600,221.7200,221.7600,9915.0000,221.7400,56
2026-08-05 21:40:50,NVDA,221.7600,221.7700,221.6900,221.7000,18162.0000,221.7360,69
2026-08-05 21:40:55,NVDA,221.7100,221.7100,221.6100,221.6200,16231.0000,221.6440,60
2026-08-05 21:41:00,NVDA,221.6200,221.6500,221.6200,221.6300,9228.0000,221.6300,35
2026-08-05 21:41:05,NVDA,221.6200,221.6200,221.5600,221.5900,12310.0000,221.5920,47
2026-08-05 21:41:10,NVDA,221.6000,221.6100,221.5900,221.6000,5550.0000,221.6020,37
2026-08-05 21:41:15,NVDA,221.5900,221.6200,221.5900,221.6100,7263.0000,221.6080,38
2026-08-05 21:41:20,NVDA,221.6100,221.6100,221.5900,221.6100,8308.0000,221.6020,47
2026-08-05 21:41:25,NVDA,221.6100,221.6700,221.6100,221.6300,10242.0000,221.6340,54
2026-08-05 21:41:30,NVDA,221.6400,221.6700,221.6300,221.6600,10814.0000,221.6550,36
2026-08-05 21:41:35,NVDA,221.6500,221.6600,221.6100,221.6400,22587.0000,221.6390,114
2026-08-05 21:41:40,NVDA,221.6500,221.6600,221.6300,221.6500,7285.0000,221.6520,33
2026-08-05 21:41:45,NVDA,221.6500,221.6600,221.6300,221.6600,7342.0000,221.6420,40
2026-08-05 21:41:50,NVDA,221.6500,221.6900,221.6300,221.6400,11480.0000,221.6550,50
2026-08-05 21:41:55,NVDA,221.6500,221.6800,221.6400,221.6800,8760.0000,221.6570,36
2026-08-05 21:42:00,NVDA,221.6900,221.6900,221.6600,221.6900,5700.0000,221.6810,27
2026-08-05 21:42:05,NVDA,221.6900,221.7000,221.6500,221.6600,8835.0000,221.6770,40
2026-08-05 21:42:10,NVDA,221.6600,221.6600,221.6300,221.6400,18666.0000,221.6410,100
2026-08-05 21:42:15,NVDA,221.6400,221.6600,221.6300,221.6500,8572.0000,221.6450,37
2026-08-05 21:42:20,NVDA,221.6400,221.6500,221.6200,221.6400,13829.0000,221.6390,80
2026-08-05 21:42:25,NVDA,221.6400,221.6500,221.6100,221.6100,5919.0000,221.6300,45
2026-08-05 21:42:30,NVDA,221.6300,221.6300,221.6000,221.6200,22088.0000,221.6170,134
2026-08-05 21:42:35,NVDA,221.6200,221.7000,221.6200,221.6700,12912.0000,221.6690,76
2026-08-05 21:42:40,NVDA,221.6700,221.6800,221.6500,221.6700,4840.0000,221.6720,29
2026-08-05 21:42:45,NVDA,221.6700,221.6700,221.6400,221.6700,8813.0000,221.6580,59
2026-08-05 21:42:50,NVDA,221.6800,221.7200,221.6800,221.6900,15595.0000,221.6970,60
2026-08-05 21:42:55,NVDA,221.6900,221.7000,221.6700,221.6800,3737.0000,221.6880,28
2026-08-05 21:43:00,NVDA,221.6800,221.6800,221.6500,221.6500,7835.0000,221.6600,39
2026-08-05 21:43:05,NVDA,221.6500,221.6700,221.6300,221.6300,9656.0000,221.6570,50
2026-08-05 21:43:10,NVDA,221.6400,221.6400,221.6100,221.6200,15384.0000,221.6180,55
2026-08-05 21:43:15,NVDA,221.6100,221.6300,221.5900,221.6000,17162.0000,221.6050,78
2026-08-05 21:43:20,NVDA,221.6100,221.7500,221.6000,221.7400,73012.0000,221.6410,185
2026-08-05 21:43:25,NVDA,221.7400,221.7500,221.6600,221.7100,14881.0000,221.7340,79
2026-08-05 21:43:30,NVDA,221.7000,221.7300,221.6700,221.7100,20933.0000,221.6900,59
2026-08-05 21:43:35,NVDA,221.7100,221.7300,221.7100,221.7200,5673.0000,221.7230,24
2026-08-05 21:43:40,NVDA,221.7200,221.7200,221.6900,221.7100,5594.0000,221.7110,37
2026-08-05 21:43:45,NVDA,221.7200,221.7400,221.7200,221.7400,4960.0000,221.7320,33
2026-08-05 21:43:50,NVDA,221.7400,221.7400,221.7100,221.7300,8003.0000,221.7240,29
2026-08-05 21:43:55,NVDA,221.7300,221.7400,221.7300,221.7300,5202.0000,221.7350,33
2026-08-05 21:44:00,NVDA,221.7500,221.7700,221.7400,221.7700,9144.0000,221.7470,34
2026-08-05 21:44:05,NVDA,221.7700,221.7700,221.7000,221.7000,12325.0000,221.7380,70
2026-08-05 21:44:10,NVDA,221.7000,221.7400,221.6900,221.7200,6314.0000,221.7120,30
2026-08-05 21:44:15,NVDA,221.7100,221.7200,221.6900,221.7100,6932.0000,221.7020,31
2026-08-05 21:44:20,NVDA,221.7100,221.7100,221.6700,221.7000,15979.0000,221.6900,62
2026-08-05 21:44:25,NVDA,221.7100,221.7400,221.6900,221.7200,16243.0000,221.7150,94
2026-08-05 21:44:30,NVDA,221.7200,221.7300,221.7000,221.7100,14538.0000,221.7100,96
2026-08-05 21:44:35,NVDA,221.7200,221.7600,221.7100,221.7400,6061.0000,221.7320,26
2026-08-05 21:44:40,NVDA,221.7400,221.7500,221.7200,221.7200,3807.0000,221.7310,21
2026-08-05 21:44:45,NVDA,221.7300,221.7400,221.7200,221.7400,2840.0000,221.7310,16
2026-08-05 21:44:50,NVDA,221.7500,221.7700,221.7400,221.7600,7200.0000,221.7540,31
2026-08-05 21:44:55,NVDA,221.7500,221.7500,221.7300,221.7400,2482.0000,221.7400,17
2026-08-05 21:45:00,NVDA,221.7400,221.7400,221.6300,221.6300,27031.0000,221.6900,115
2026-08-05 21:45:05,NVDA,221.6400,221.6500,221.6000,221.6500,13772.0000,221.6180,79
2026-08-05 21:45:10,NVDA,221.6300,221.6700,221.6300,221.6300,7489.0000,221.6520,43
2026-08-05 21:45:15,NVDA,221.6300,221.6600,221.6300,221.6500,7345.0000,221.6480,35
2026-08-05 21:45:20,NVDA,221.6500,221.7200,221.6300,221.7100,10495.0000,221.6670,77
2026-08-05 21:45:25,NVDA,221.7100,221.7800,221.7000,221.7700,34077.0000,221.7540,203
2026-08-05 21:45:30,NVDA,221.7700,221.7800,221.7400,221.7600,27061.0000,221.7590,108
2026-08-05 21:45:35,NVDA,221.7600,221.7700,221.7300,221.7700,5248.0000,221.7510,36
2026-08-05 21:45:40,NVDA,221.7700,221.8000,221.7600,221.7800,6762.0000,221.7840,40
2026-08-05 21:45:45,NVDA,221.7700,221.8000,221.7700,221.8000,8998.0000,221.7850,45
2026-08-05 21:45:50,NVDA,221.8000,221.8100,221.7800,221.7900,7963.0000,221.7920,50
2026-08-05 21:45:55,NVDA,221.7900,221.8000,221.7700,221.8000,5230.0000,221.7860,36
2026-08-05 21:46:00,NVDA,221.7900,221.8100,221.7700,221.7800,12363.0000,221.7890,57
2026-08-05 21:46:05,NVDA,221.7700,221.7800,221.7400,221.7700,16294.0000,221.7500,91
2026-08-05 21:46:10,NVDA,221.7800,221.7900,221.7400,221.7500,6605.0000,221.7680,39
2026-08-05 21:46:15,NVDA,221.7500,221.7600,221.7300,221.7400,8998.0000,221.7460,45
2026-08-05 21:46:20,NVDA,221.7400,221.7400,221.7100,221.7300,11460.0000,221.7240,49
2026-08-05 21:46:25,NVDA,221.7300,221.7400,221.7200,221.7300,2444.0000,221.7290,15
2026-08-05 21:46:30,NVDA,221.7300,221.7500,221.6800,221.6900,13763.0000,221.7130,79
2026-08-05 21:46:35,NVDA,221.6900,221.7300,221.6800,221.7200,5265.0000,221.7050,30
2026-08-05 21:46:40,NVDA,221.7200,221.7400,221.7100,221.7400,10144.0000,221.7170,28
2026-08-05 21:46:45,NVDA,221.7400,221.7500,221.7200,221.7400,10149.0000,221.7350,56
2026-08-05 21:46:50,NVDA,221.7500,221.8000,221.7400,221.8000,17046.0000,221.7600,112
2026-08-05 21:46:55,NVDA,221.8000,221.8200,221.7900,221.8200,8181.0000,221.7990,43
2026-08-05 21:47:00,NVDA,221.8100,221.8300,221.8000,221.8200,8979.0000,221.8160,53
2026-08-05 21:47:05,NVDA,221.8200,221.8500,221.8200,221.8500,22525.0000,221.8450,92
2026-08-05 21:47:10,NVDA,221.8500,221.8600,221.8300,221.8400,17237.0000,221.8450,99
2026-08-05 21:47:15,NVDA,221.8400,221.8400,221.8200,221.8300,8271.0000,221.8360,53
2026-08-05 21:47:20,NVDA,221.8300,221.8300,221.8000,221.8300,9878.0000,221.8110,35
2026-08-05 21:47:25,NVDA,221.8300,221.8400,221.7800,221.7800,7792.0000,221.8000,53
2026-08-05 21:47:30,NVDA,221.7800,221.8000,221.7700,221.7900,9498.0000,221.7910,37
2026-08-05 21:47:35,NVDA,221.7900,221.8000,221.7600,221.7700,9754.0000,221.7700,65
2026-08-05 21:47:40,NVDA,221.7800,221.7900,221.7700,221.7800,10811.0000,221.7790,55
2026-08-05 21:47:45,NVDA,221.7900,221.8100,221.7800,221.8000,14340.0000,221.7950,59
2026-08-05 21:47:50,NVDA,221.8100,221.8100,221.7800,221.7800,5838.0000,221.7890,39
2026-08-05 21:47:55,NVDA,221.7900,221.8100,221.7900,221.8100,6308.0000,221.7960,30
2026-08-05 21:48:00,NVDA,221.8100,221.8200,221.8000,221.8200,8799.0000,221.8110,49
2026-08-05 21:48:05,NVDA,221.8200,221.8200,221.7900,221.8100,7603.0000,221.8060,40
2026-08-05 21:48:10,NVDA,221.8100,221.8300,221.7800,221.8200,21336.0000,221.8060,101
2026-08-05 21:48:15,NVDA,221.8300,221.9200,221.8300,221.9100,34230.0000,221.8710,131
2026-08-05 21:48:20,NVDA,221.9100,221.9200,221.8500,221.8700,21821.0000,221.8970,102
2026-08-05 21:48:25,NVDA,221.8700,221.8700,221.8400,221.8400,6595.0000,221.8450,38
2026-08-05 21:48:30,NVDA,221.8500,221.8500,221.7700,221.7800,9641.0000,221.8130,68
2026-08-05 21:48:35,NVDA,221.7900,221.8300,221.7600,221.8100,11691.0000,221.8000,57
2026-08-05 21:48:40,NVDA,221.8100,221.8100,221.7900,221.7900,7910.0000,221.7950,38
2026-08-05 21:48:45,NVDA,221.7900,221.8100,221.7800,221.7900,6844.0000,221.7940,34
2026-08-05 21:48:50,NVDA,221.8000,221.8100,221.7600,221.7700,8416.0000,221.7870,56
2026-08-05 21:48:55,NVDA,221.7600,221.7600,221.7300,221.7600,7188.0000,221.7510,32
2026-08-05 21:49:00,NVDA,221.7500,221.7900,221.7500,221.7800,5060.0000,221.7670,30
2026-08-05 21:49:05,NVDA,221.7800,221.7800,221.7200,221.7300,9385.0000,221.7560,59
2026-08-05 21:49:10,NVDA,221.7300,221.7500,221.6900,221.6900,8872.0000,221.7250,51
2026-08-05 21:49:15,NVDA,221.6800,221.7100,221.6600,221.6900,7457.0000,221.6880,43
2026-08-05 21:49:20,NVDA,221.7000,221.7500,221.6900,221.7300,8178.0000,221.7240,52
2026-08-05 21:49:25,NVDA,221.7300,221.7500,221.7200,221.7400,5118.0000,221.7300,29
2026-08-05 21:49:30,NVDA,221.7400,221.7500,221.7000,221.7000,17239.0000,221.7310,64
2026-08-05 21:49:35,NVDA,221.7000,221.7200,221.7000,221.7200,2206.0000,221.7090,18
2026-08-05 21:49:40,NVDA,221.7100,221.7900,221.7100,221.7800,12834.0000,221.7330,57
2026-08-05 21:49:45,NVDA,221.7700,221.7900,221.7600,221.7600,5115.0000,221.7740,29
2026-08-05 21:49:50,NVDA,221.7700,221.7700,221.7500,221.7700,6560.0000,221.7630,50
2026-08-05 21:49:55,NVDA,221.7700,221.7800,221.7600,221.7700,2575.0000,221.7720,15
2026-08-05 21:50:00,NVDA,221.7600,221.7600,221.7200,221.7300,13016.0000,221.7340,57
2026-08-05 21:50:05,NVDA,221.7300,221.7400,221.7100,221.7100,8264.0000,221.7200,61
2026-08-05 21:50:10,NVDA,221.7100,221.7400,221.7000,221.7300,13737.0000,221.7210,82
2026-08-05 21:50:15,NVDA,221.7400,221.7800,221.7300,221.7700,12016.0000,221.7500,64
2026-08-05 21:50:20,NVDA,221.7800,221.8000,221.7700,221.8000,9314.0000,221.7940,62
2026-08-05 21:50:25,NVDA,221.8000,221.8200,221.7100,221.7400,25641.0000,221.7700,121
2026-08-05 21:50:30,NVDA,221.7300,221.7400,221.7100,221.7200,7400.0000,221.7230,37
2026-08-05 21:50:35,NVDA,221.7100,221.7200,221.7000,221.7200,7430.0000,221.7070,50
2026-08-05 21:50:40,NVDA,221.7100,221.7500,221.7100,221.7500,6877.0000,221.7350,38
2026-08-05 21:50:45,NVDA,221.7500,221.7600,221.7400,221.7500,3909.0000,221.7500,28
2026-08-05 21:50:50,NVDA,221.7500,221.7600,221.7100,221.7100,6496.0000,221.7290,45
2026-08-05 21:50:55,NVDA,221.7200,221.7200,221.7000,221.7100,7055.0000,221.7140,47
2026-08-05 21:51:00,NVDA,221.7000,221.7300,221.7000,221.7200,7267.0000,221.7150,45
2026-08-05 21:51:05,NVDA,221.7300,221.7400,221.7200,221.7300,6763.0000,221.7310,36
2026-08-05 21:51:10,NVDA,221.7300,221.7300,221.6900,221.7000,9137.0000,221.7180,68
2026-08-05 21:51:15,NVDA,221.7000,221.7200,221.6800,221.7100,7442.0000,221.7040,41
2026-08-05 21:51:20,NVDA,221.7000,221.7200,221.6900,221.7200,6377.0000,221.7100,34
2026-08-05 21:51:25,NVDA,221.7100,221.7300,221.6800,221.6900,5422.0000,221.6990,32
2026-08-05 21:51:30,NVDA,221.6900,221.7000,221.6700,221.6700,5966.0000,221.6850,42
2026-08-05 21:51:35,NVDA,221.6700,221.7100,221.6700,221.6900,7988.0000,221.6900,41
2026-08-05 21:51:40,NVDA,221.6800,221.7000,221.6800,221.6800,5691.0000,221.6900,39
2026-08-05 21:51:45,NVDA,221.6900,221.6900,221.6600,221.6700,15461.0000,221.6750,98
2026-08-05 21:51:50,NVDA,221.6700,221.6800,221.6200,221.6300,16237.0000,221.6390,56
2026-08-05 21:51:55,NVDA,221.6400,221.6600,221.6300,221.6400,6845.0000,221.6390,50
2026-08-05 21:52:00,NVDA,221.6400,221.6400,221.5900,221.6300,14968.0000,221.6120,77
2026-08-05 21:52:05,NVDA,221.6200,221.6900,221.6200,221.6800,8879.0000,221.6720,51
2026-08-05 21:52:10,NVDA,221.6700,221.6900,221.6600,221.6800,6464.0000,221.6720,38
2026-08-05 21:52:15,NVDA,221.6800,221.6800,221.6400,221.6400,11124.0000,221.6590,56
2026-08-05 21:52:20,NVDA,221.6400,221.6500,221.6200,221.6300,5094.0000,221.6390,32
2026-08-05 21:52:25,NVDA,221.6400,221.6400,221.6200,221.6400,7618.0000,221.6320,44
2026-08-05 21:52:30,NVDA,221.6400,221.6800,221.6300,221.6800,5909.0000,221.6490,44
2026-08-05 21:52:35,NVDA,221.6800,221.6900,221.6700,221.6900,8853.0000,221.6800,51
2026-08-05 21:52:40,NVDA,221.6900,221.6900,221.6700,221.6900,5998.0000,221.6790,29
2026-08-05 21:52:45,NVDA,221.6800,221.7100,221.6700,221.6700,7868.0000,221.6930,53
2026-08-05 21:52:50,NVDA,221.6900,221.7000,221.6700,221.6900,6930.0000,221.6850,26
2026-08-05 21:52:55,NVDA,221.6900,221.7000,221.6900,221.7000,1781.0000,221.6910,17
2026-08-05 21:53:00,NVDA,221.6900,221.7400,221.6900,221.7200,10090.0000,221.7120,65
2026-08-05 21:53:05,NVDA,221.7300,221.7300,221.6400,221.6500,9743.0000,221.6830,69
2026-08-05 21:53:10,NVDA,221.6600,221.6700,221.6500,221.6600,8446.0000,221.6610,38
2026-08-05 21:53:15,NVDA,221.6600,221.6800,221.6600,221.6700,2058.0000,221.6690,19
2026-08-05 21:53:20,NVDA,221.6700,221.6700,221.6300,221.6400,5996.0000,221.6490,28
2026-08-05 21:53:25,NVDA,221.6400,221.6600,221.6300,221.6600,4504.0000,221.6450,23
2026-08-05 21:53:30,NVDA,221.6500,221.6600,221.6400,221.6500,3415.0000,221.6490,18
2026-08-05 21:53:35,NVDA,221.6600,221.6800,221.6500,221.6600,7946.0000,221.6660,42
2026-08-05 21:53:40,NVDA,221.6500,221.6500,221.6000,221.6200,10234.0000,221.6190,55
2026-08-05 21:53:45,NVDA,221.6200,221.6400,221.6200,221.6300,2725.0000,221.6330,19
2026-08-05 21:53:50,NVDA,221.6400,221.6600,221.6100,221.6200,3324.0000,221.6350,28
2026-08-05 21:53:55,NVDA,221.6300,221.6400,221.6200,221.6400,1900.0000,221.6330,18
2026-08-05 21:54:00,NVDA,221.6400,221.6700,221.6300,221.6600,7169.0000,221.6490,33
2026-08-05 21:54:05,NVDA,221.6600,221.6600,221.6400,221.6500,4532.0000,221.6530,25
2026-08-05 21:54:10,NVDA,221.6400,221.6400,221.6100,221.6300,6314.0000,221.6290,42
2026-08-05 21:54:15,NVDA,221.6200,221.6500,221.6200,221.6500,9700.0000,221.6310,52
2026-08-05 21:54:20,NVDA,221.6500,221.6800,221.6300,221.6400,13811.0000,221.6470,85
2026-08-05 21:54:25,NVDA,221.6500,221.6800,221.6000,221.6600,6279.0000,221.6390,43
2026-08-05 21:54:30,NVDA,221.6800,221.6800,221.6500,221.6600,3979.0000,221.6640,24
2026-08-05 21:54:35,NVDA,221.6700,221.6700,221.6500,221.6500,6758.0000,221.6550,45
2026-08-05 21:54:40,NVDA,221.6600,221.6600,221.5600,221.5700,31739.0000,221.5950,183
2026-08-05 21:54:45,NVDA,221.5600,221.5700,221.5300,221.5500,17253.0000,221.5550,67
2026-08-05 21:54:50,NVDA,221.5500,221.5600,221.5100,221.5400,22097.0000,221.5330,79
2026-08-05 21:54:55,NVDA,221.5300,221.5400,221.5100,221.5200,9404.0000,221.5200,42
2026-08-05 21:55:00,NVDA,221.5300,221.5400,221.5000,221.5400,20001.0000,221.5270,126
2026-08-05 21:55:05,NVDA,221.5400,221.5500,221.4900,221.5400,9837.0000,221.5210,67
2026-08-05 21:55:10,NVDA,221.5300,221.5400,221.5000,221.5100,8785.0000,221.5170,46
2026-08-05 21:55:15,NVDA,221.5200,221.5300,221.5000,221.5200,7927.0000,221.5160,63
2026-08-05 21:55:20,NVDA,221.5200,221.5400,221.5200,221.5200,4940.0000,221.5270,34
2026-08-05 21:55:25,NVDA,221.5300,221.5300,221.4700,221.4900,12035.0000,221.4920,73
2026-08-05 21:55:30,NVDA,221.4800,221.4900,221.4500,221.4800,10741.0000,221.4720,58
2026-08-05 21:55:35,NVDA,221.4800,221.5000,221.4700,221.4800,12970.0000,221.4840,52
2026-08-05 21:55:40,NVDA,221.4800,221.4900,221.4600,221.4600,7564.0000,221.4710,47
2026-08-05 21:55:45,NVDA,221.4600,221.4600,221.4300,221.4300,5061.0000,221.4450,21
2026-08-05 21:55:50,NVDA,221.4500,221.4500,221.3700,221.3900,18132.0000,221.4040,89
2026-08-05 21:55:55,NVDA,221.4000,221.4100,221.3800,221.3900,7348.0000,221.3950,50
2026-08-05 21:56:00,NVDA,221.3900,221.3900,221.3200,221.3300,21785.0000,221.3500,116
2026-08-05 21:56:05,NVDA,221.3300,221.3600,221.3100,221.3300,17848.0000,221.3430,69
2026-08-05 21:56:10,NVDA,221.3400,221.3600,221.3000,221.3500,6833.0000,221.3260,35
2026-08-05 21:56:15,NVDA,221.3500,221.3900,221.3100,221.3900,23364.0000,221.3420,78
2026-08-05 21:56:20,NVDA,221.3600,221.3700,221.2900,221.3200,20274.0000,221.3280,122
2026-08-05 21:56:25,NVDA,221.3200,221.3400,221.3100,221.3400,4205.0000,221.3260,28
2026-08-05 21:56:30,NVDA,221.3500,221.3800,221.3400,221.3600,7627.0000,221.3540,51
2026-08-05 21:56:35,NVDA,221.3700,221.3800,221.3500,221.3700,7263.0000,221.3590,40
2026-08-05 21:56:40,NVDA,221.3600,221.4500,221.3500,221.4100,17705.0000,221.4000,82
2026-08-05 21:56:45,NVDA,221.4400,221.4500,221.4200,221.4300,11413.0000,221.4360,58
2026-08-05 21:56:50,NVDA,221.4300,221.4700,221.4300,221.4500,8121.0000,221.4480,37
2026-08-05 21:56:55,NVDA,221.4400,221.4700,221.4400,221.4700,7544.0000,221.4560,52
2026-08-05 21:57:00,NVDA,221.4700,221.4700,221.4400,221.4600,8929.0000,221.4590,56
2026-08-05 21:57:05,NVDA,221.4600,221.4700,221.4300,221.4500,17213.0000,221.4450,111
2026-08-05 21:57:10,NVDA,221.4500,221.4800,221.4300,221.4400,9496.0000,221.4550,67
2026-08-05 21:57:15,NVDA,221.4400,221.4500,221.4200,221.4300,9529.0000,221.4310,52
2026-08-05 21:57:20,NVDA,221.4200,221.4800,221.4100,221.4800,10371.0000,221.4320,35
2026-08-05 21:57:25,NVDA,221.4900,221.5700,221.4800,221.5700,19328.0000,221.5110,75
2026-08-05 21:57:30,NVDA,221.5700,221.6600,221.5600,221.6500,26621.0000,221.6150,114
2026-08-05 21:57:35,NVDA,221.6500,221.6700,221.6300,221.6500,13973.0000,221.6470,76
2026-08-05 21:57:40,NVDA,221.6500,221.6500,221.6100,221.6300,10055.0000,221.6290,58
2026-08-05 21:57:45,NVDA,221.6300,221.6700,221.6200,221.6300,13753.0000,221.6470,74
2026-08-05 21:57:50,NVDA,221.6400,221.6600,221.6300,221.6300,14108.0000,221.6500,68
2026-08-05 21:57:55,NVDA,221.6400,221.6500,221.6300,221.6400,5794.0000,221.6350,32
2026-08-05 21:58:00,NVDA,221.6300,221.6600,221.6300,221.6500,13801.0000,221.6490,64
2026-08-05 21:58:05,NVDA,221.6600,221.6900,221.6400,221.6500,22310.0000,221.6600,120
2026-08-05 21:58:10,NVDA,221.6500,221.7000,221.6200,221.6900,10189.0000,221.6510,61
2026-08-05 21:58:15,NVDA,221.6900,221.7000,221.6500,221.6500,7201.0000,221.6770,58
2026-08-05 21:58:20,NVDA,221.6500,221.6800,221.6200,221.6700,19730.0000,221.6500,113
2026-08-05 21:58:25,NVDA,221.6700,221.7500,221.6600,221.7300,35605.0000,221.6930,157
2026-08-05 21:58:30,NVDA,221.7300,221.7400,221.7100,221.7200,11555.0000,221.7270,82
2026-08-05 21:58:35,NVDA,221.7100,221.7100,221.6800,221.6900,6957.0000,221.6960,58
2026-08-05 21:58:40,NVDA,221.6800,221.7500,221.6800,221.7100,21555.0000,221.7120,93
2026-08-05 21:58:45,NVDA,221.7100,221.7200,221.6900,221.7100,8758.0000,221.7090,36
2026-08-05 21:58:50,NVDA,221.7200,221.7500,221.7200,221.7400,10404.0000,221.7320,64
2026-08-05 21:58:55,NVDA,221.7300,221.7300,221.7000,221.7100,9395.0000,221.7220,39
2026-08-05 21:59:00,NVDA,221.7200,221.7400,221.7200,221.7300,7975.0000,221.7300,18
2026-08-05 21:59:05,NVDA,221.7400,221.7600,221.7400,221.7500,22634.0000,221.7500,103
2026-08-05 21:59:10,NVDA,221.7600,221.7600,221.6900,221.7000,16686.0000,221.7230,86
2026-08-05 21:59:15,NVDA,221.7000,221.7300,221.6900,221.7300,18789.0000,221.7120,61
2026-08-05 21:59:20,NVDA,221.7400,221.7500,221.7000,221.7300,11528.0000,221.7340,57
2026-08-05 21:59:25,NVDA,221.7500,221.7600,221.7300,221.7500,6398.0000,221.7460,20
2026-08-05 21:59:30,NVDA,221.7500,221.7500,221.7100,221.7200,5498.0000,221.7350,39
2026-08-05 21:59:35,NVDA,221.7100,221.7300,221.7000,221.7200,2854.0000,221.7120,21
2026-08-05 21:59:40,NVDA,221.7200,221.7300,221.7100,221.7200,11062.0000,221.7160,45
2026-08-05 21:59:45,NVDA,221.7200,221.7400,221.7100,221.7300,12753.0000,221.7260,73
2026-08-05 21:59:50,NVDA,221.7500,221.7600,221.7300,221.7300,9062.0000,221.7470,65
2026-08-05 21:59:55,NVDA,221.7200,221.7400,221.6900,221.7300,15609.0000,221.7070,100
2026-08-05 22:00:00,NVDA,221.7400,221.7900,221.7100,221.7200,14540.0000,221.7530,78
2026-08-05 22:00:05,NVDA,221.7200,221.7300,221.6800,221.6900,10298.0000,221.7080,51
2026-08-05 22:00:10,NVDA,221.7100,221.7400,221.7000,221.7100,10529.0000,221.7200,59
2026-08-05 22:00:15,NVDA,221.7100,221.7500,221.6900,221.7400,13226.0000,221.7240,76
2026-08-05 22:00:20,NVDA,221.7400,221.8000,221.7400,221.8000,42170.0000,221.7800,188
2026-08-05 22:00:25,NVDA,221.7900,221.8200,221.7800,221.8000,21147.0000,221.8040,102
2026-08-05 22:00:30,NVDA,221.8000,221.8500,221.7900,221.8400,14007.0000,221.8200,80
2026-08-05 22:00:35,NVDA,221.8400,221.8600,221.8300,221.8500,12178.0000,221.8460,75
2026-08-05 22:00:40,NVDA,221.8500,221.8900,221.8400,221.8900,15867.0000,221.8740,72
2026-08-05 22:00:45,NVDA,221.8800,221.8900,221.8500,221.8600,19895.0000,221.8630,78
2026-08-05 22:00:50,NVDA,221.8600,221.9300,221.8500,221.9200,27216.0000,221.9010,98
2026-08-05 22:00:55,NVDA,221.9300,221.9400,221.9100,221.9200,20153.0000,221.9220,49
2026-08-05 22:01:00,NVDA,221.9200,221.9400,221.9100,221.9100,16308.0000,221.9250,84
2026-08-05 22:01:05,NVDA,221.9100,221.9800,221.9000,221.9500,31278.0000,221.9550,116
2026-08-05 22:01:10,NVDA,221.9600,221.9800,221.9400,221.9500,19930.0000,221.9690,92
2026-08-05 22:01:15,NVDA,221.9700,221.9900,221.9600,221.9700,23365.0000,221.9820,87
2026-08-05 22:01:20,NVDA,221.9800,221.9900,221.9600,221.9700,85223.0000,221.9870,139
2026-08-05 22:01:25,NVDA,221.9800,222.0000,221.9600,222.0000,136937.0000,221.9940,312
2026-08-05 22:01:30,NVDA,222.0800,222.1100,222.0600,222.0600,53281.0000,222.0930,230
2026-08-05 22:01:35,NVDA,222.0900,222.0900,222.0600,222.0900,40527.0000,222.0800,186
2026-08-05 22:01:40,NVDA,222.1000,222.1400,222.0700,222.1300,33123.0000,222.1200,126
2026-08-05 22:01:45,NVDA,222.1300,222.1500,222.1200,222.1400,19034.0000,222.1360,73
2026-08-05 22:01:50,NVDA,222.1400,222.1800,222.1400,222.1600,25373.0000,222.1620,95
2026-08-05 22:01:55,NVDA,222.1700,222.1800,222.1600,222.1700,15445.0000,222.1680,75
2026-08-05 22:02:00,NVDA,222.1700,222.1800,222.0900,222.1400,76337.0000,222.1400,326
2026-08-05 22:02:05,NVDA,222.1400,222.1400,221.9300,221.9400,55401.0000,221.9910,291
2026-08-05 22:02:10,NVDA,221.9500,221.9800,221.8900,221.9100,32619.0000,221.9390,140
2026-08-05 22:02:15,NVDA,221.9000,221.9200,221.8700,221.8900,21111.0000,221.8960,99
2026-08-05 22:02:20,NVDA,221.8900,221.8900,221.8600,221.8700,18183.0000,221.8800,77
2026-08-05 22:02:25,NVDA,221.8800,221.8800,221.8100,221.8200,11462.0000,221.8330,65
2026-08-05 22:02:30,NVDA,221.8300,221.8400,221.8000,221.8400,33438.0000,221.8230,151
2026-08-05 22:02:35,NVDA,221.8300,221.8600,221.8100,221.8300,20440.0000,221.8290,96
2026-08-05 22:02:40,NVDA,221.8300,221.8900,221.8100,221.8900,29603.0000,221.8450,112
2026-08-05 22:02:45,NVDA,221.8900,221.9500,221.8800,221.9400,19515.0000,221.9220,81
2026-08-05 22:02:50,NVDA,221.9400,221.9400,221.9000,221.9100,15677.0000,221.9250,78
2026-08-05 22:02:55,NVDA,221.9100,221.9100,221.8500,221.8700,10246.0000,221.8800,66
2026-08-05 22:03:00,NVDA,221.8800,221.9200,221.8500,221.8500,15603.0000,221.9000,110
2026-08-05 22:03:05,NVDA,221.8600,221.8600,221.8000,221.8100,19886.0000,221.8300,98
2026-08-05 22:03:10,NVDA,221.8100,221.8500,221.7800,221.8100,12991.0000,221.8100,58
2026-08-05 22:03:15,NVDA,221.8200,221.8500,221.8100,221.8200,12702.0000,221.8310,44
2026-08-05 22:03:20,NVDA,221.8100,221.8200,221.7800,221.8000,14870.0000,221.8010,64
2026-08-05 22:03:25,NVDA,221.7900,221.8000,221.7600,221.7700,9042.0000,221.7820,52
2026-08-05 22:03:30,NVDA,221.7600,221.8000,221.7500,221.7700,10863.0000,221.7680,65
2026-08-05 22:03:35,NVDA,221.7800,221.8200,221.7800,221.8200,17147.0000,221.7980,67
2026-08-05 22:03:40,NVDA,221.8200,221.8300,221.7900,221.7900,10809.0000,221.8150,69
2026-08-05 22:03:45,NVDA,221.8000,221.8300,221.8000,221.8300,6253.0000,221.8170,38
2026-08-05 22:03:50,NVDA,221.8200,221.8900,221.8100,221.8800,5485.0000,221.8410,40
2026-08-05 22:03:55,NVDA,221.8800,221.8800,221.8300,221.8600,10933.0000,221.8530,69
2026-08-05 22:04:00,NVDA,221.8600,221.9000,221.8500,221.8900,16584.0000,221.8760,80
2026-08-05 22:04:05,NVDA,221.8800,221.9400,221.8800,221.9200,14006.0000,221.9180,85
2026-08-05 22:04:10,NVDA,221.9200,221.9400,221.8700,221.9000,11681.0000,221.8950,74
2026-08-05 22:04:15,NVDA,221.9000,221.9500,221.8900,221.9500,6724.0000,221.9310,47
2026-08-05 22:04:20,NVDA,221.9500,221.9500,221.9200,221.9300,12490.0000,221.9360,68
2026-08-05 22:04:25,NVDA,221.9400,222.0000,221.9300,221.9900,15809.0000,221.9560,89
2026-08-05 22:04:30,NVDA,222.0000,222.0700,221.9800,222.0100,53732.0000,222.0100,200
2026-08-05 22:04:35,NVDA,222.0100,222.0200,221.9700,221.9900,29537.0000,221.9930,119
2026-08-05 22:04:40,NVDA,222.0100,222.0100,221.9600,221.9800,34459.0000,221.9920,146
2026-08-05 22:04:45,NVDA,221.9700,221.9700,221.9300,221.9400,17672.0000,221.9520,104
2026-08-05 22:04:50,NVDA,221.9400,221.9400,221.9200,221.9400,13297.0000,221.9360,88
2026-08-05 22:04:55,NVDA,221.9400,222.0300,221.9300,222.0200,18911.0000,221.9700,97
2026-08-05 22:05:00,NVDA,222.0200,222.0600,222.0000,222.0400,12813.0000,222.0250,63
2026-08-05 22:05:05,NVDA,222.0400,222.0400,222.0100,222.0300,17524.0000,222.0240,73
2026-08-05 22:05:10,NVDA,222.0200,222.0600,222.0100,222.0100,16982.0000,222.0330,78
2026-08-05 22:05:15,NVDA,222.0100,222.0300,221.9900,222.0000,26634.0000,222.0070,123
2026-08-05 22:05:20,NVDA,222.0000,222.0300,221.9500,221.9600,37563.0000,221.9930,168
2026-08-05 22:05:25,NVDA,221.9600,222.0100,221.9500,222.0000,14159.0000,221.9890,78
2026-08-05 22:05:30,NVDA,221.9900,222.0300,221.9900,222.0000,16006.0000,222.0120,55
2026-08-05 22:05:35,NVDA,222.0000,222.0500,222.0000,222.0400,15254.0000,222.0190,62
2026-08-05 22:05:40,NVDA,222.0300,222.1300,222.0300,222.0900,32781.0000,222.0870,162
2026-08-05 22:05:45,NVDA,222.0900,222.1000,222.0500,222.1000,8025.0000,222.0700,45
2026-08-05 22:05:50,NVDA,222.1000,222.1400,222.0800,222.1400,23241.0000,222.0940,87
2026-08-05 22:05:55,NVDA,222.1300,222.1500,222.0900,222.0900,23599.0000,222.1300,122
2026-08-05 22:06:00,NVDA,222.0900,222.0900,222.0300,222.0500,18042.0000,222.0650,100
2026-08-05 22:06:05,NVDA,222.0500,222.0500,222.0200,222.0300,10735.0000,222.0310,64
2026-08-05 22:06:10,NVDA,222.0300,222.0600,222.0000,222.0100,10811.0000,222.0330,49
2026-08-05 22:06:15,NVDA,222.0000,222.0300,221.9300,222.0100,24935.0000,221.9730,103
2026-08-05 22:06:20,NVDA,222.0100,222.0100,221.9600,221.9900,47882.0000,221.9800,130
2026-08-05 22:06:25,NVDA,221.9900,222.0000,221.9600,221.9700,8566.0000,221.9840,49
2026-08-05 22:06:30,NVDA,221.9600,221.9800,221.9400,221.9800,8345.0000,221.9590,50
2026-08-05 22:06:35,NVDA,221.9900,221.9900,221.9700,221.9800,4327.0000,221.9780,25
2026-08-05 22:06:40,NVDA,221.9900,221.9900,221.9600,221.9700,9964.0000,221.9710,56
2026-08-05 22:06:45,NVDA,221.9800,222.0100,221.9800,221.9900,7531.0000,221.9920,35
2026-08-05 22:06:50,NVDA,222.0000,222.0000,221.9400,221.9500,15354.0000,221.9750,76
2026-08-05 22:06:55,NVDA,221.9500,221.9500,221.9200,221.9500,5650.0000,221.9340,26
2026-08-05 22:07:00,NVDA,221.9500,221.9500,221.9200,221.9400,6878.0000,221.9340,43
2026-08-05 22:07:05,NVDA,221.9400,221.9600,221.9100,221.9100,15161.0000,221.9290,101
2026-08-05 22:07:10,NVDA,221.9100,221.9100,221.8700,221.9000,17557.0000,221.8990,78
2026-08-05 22:07:15,NVDA,221.9000,221.9100,221.8600,221.8700,11359.0000,221.8860,76
2026-08-05 22:07:20,NVDA,221.8600,221.9200,221.8600,221.9200,5638.0000,221.8990,36
2026-08-05 22:07:25,NVDA,221.9200,221.9800,221.9100,221.9800,11397.0000,221.9490,54
2026-08-05 22:07:30,NVDA,221.9700,222.0000,221.9600,222.0000,8898.0000,221.9720,44
2026-08-05 22:07:35,NVDA,221.9900,222.0300,221.9700,222.0200,17685.0000,222.0010,97
2026-08-05 22:07:40,NVDA,222.0300,222.0700,222.0200,222.0700,15947.0000,222.0470,77
2026-08-05 22:07:45,NVDA,222.0800,222.0900,222.0300,222.0500,20091.0000,222.0680,94
2026-08-05 22:07:50,NVDA,222.0500,222.0600,222.0400,222.0500,4278.0000,222.0470,27
2026-08-05 22:07:55,NVDA,222.0500,222.0900,222.0400,222.0800,4954.0000,222.0710,23
2026-08-05 22:08:00,NVDA,222.0700,222.1000,222.0700,222.0800,23541.0000,222.0830,73
2026-08-05 22:08:05,NVDA,222.0800,222.0800,222.0500,222.0500,11741.0000,222.0650,77
2026-08-05 22:08:10,NVDA,222.0400,222.0600,222.0100,222.0200,13070.0000,222.0350,87
2026-08-05 22:08:15,NVDA,222.0100,222.0100,221.9600,221.9900,13694.0000,221.9920,55
2026-08-05 22:08:20,NVDA,221.9900,221.9900,221.9500,221.9500,7674.0000,221.9680,45
2026-08-05 22:08:25,NVDA,221.9600,221.9700,221.8900,221.9000,12355.0000,221.9430,48
2026-08-05 22:08:30,NVDA,221.8900,221.9200,221.8700,221.9200,12448.0000,221.9020,65
2026-08-05 22:08:35,NVDA,221.9300,221.9300,221.9000,221.9300,9969.0000,221.9220,52
2026-08-05 22:08:40,NVDA,221.9400,221.9400,221.9300,221.9300,4759.0000,221.9320,28
2026-08-05 22:08:45,NVDA,221.9400,221.9500,221.9200,221.9300,5610.0000,221.9330,23
2026-08-05 22:08:50,NVDA,221.9500,221.9500,221.9300,221.9500,9163.0000,221.9410,61
2026-08-05 22:08:55,NVDA,221.9600,221.9600,221.9300,221.9500,7788.0000,221.9470,47
2026-08-05 22:09:00,NVDA,221.9600,221.9800,221.9500,221.9600,5693.0000,221.9610,33
2026-08-05 22:09:05,NVDA,221.9700,221.9700,221.8800,221.8800,18087.0000,221.9320,94
2026-08-05 22:09:10,NVDA,221.8900,221.8900,221.8600,221.8800,8077.0000,221.8730,46
2026-08-05 22:09:15,NVDA,221.8900,221.9100,221.8800,221.8800,5426.0000,221.8930,39
2026-08-05 22:09:20,NVDA,221.9000,221.9500,221.8800,221.9400,19849.0000,221.9230,86
2026-08-05 22:09:25,NVDA,221.9400,221.9700,221.9200,221.9300,22847.0000,221.9500,101
2026-08-05 22:09:30,NVDA,221.9100,221.9400,221.9100,221.9300,3563.0000,221.9290,26
2026-08-05 22:09:35,NVDA,221.9300,221.9400,221.8800,221.8800,6100.0000,221.9050,28
2026-08-05 22:09:40,NVDA,221.8900,221.9400,221.8700,221.9400,10084.0000,221.9030,36
2026-08-05 22:09:45,NVDA,221.9400,221.9500,221.9100,221.9300,7968.0000,221.9260,33
2026-08-05 22:09:50,NVDA,221.9200,221.9400,221.9200,221.9300,2311.0000,221.9270,8
2026-08-05 22:09:55,NVDA,221.9400,221.9400,221.9300,221.9400,2570.0000,221.9350,11
2026-08-05 22:10:00,NVDA,221.9400,221.9600,221.9100,221.9100,20067.0000,221.9350,81
2026-08-05 22:10:05,NVDA,221.9100,221.9300,221.8700,221.8800,7664.0000,221.9020,45
2026-08-05 22:10:10,NVDA,221.8800,221.9100,221.8700,221.8900,17707.0000,221.8910,65
2026-08-05 22:10:15,NVDA,221.8900,221.9000,221.8000,221.8300,16212.0000,221.8340,71
2026-08-05 22:10:20,NVDA,221.8400,221.8400,221.7800,221.8100,18387.0000,221.8030,78
2026-08-05 22:10:25,NVDA,221.8100,221.8300,221.7900,221.8300,5662.0000,221.8090,41
2026-08-05 22:10:30,NVDA,221.8300,221.8400,221.8000,221.8100,6976.0000,221.8130,49
2026-08-05 22:10:35,NVDA,221.8200,221.8300,221.7800,221.7900,4509.0000,221.8070,31
2026-08-05 22:10:40,NVDA,221.7900,221.8000,221.7700,221.7800,13395.0000,221.7810,53
2026-08-05 22:10:45,NVDA,221.7900,221.8200,221.7800,221.8200,7884.0000,221.7940,46
2026-08-05 22:10:50,NVDA,221.8200,221.8400,221.8000,221.8000,5964.0000,221.8280,36
2026-08-05 22:10:55,NVDA,221.8100,221.8200,221.7900,221.8000,5556.0000,221.8040,34
2026-08-05 22:11:00,NVDA,221.8100,221.8300,221.7600,221.7600,9701.0000,221.8020,61
2026-08-05 22:11:05,NVDA,221.7500,221.7500,221.7200,221.7300,7948.0000,221.7290,49
2026-08-05 22:11:10,NVDA,221.7300,221.7800,221.7100,221.7800,6131.0000,221.7330,49
2026-08-05 22:11:15,NVDA,221.7900,221.7900,221.7500,221.7500,4925.0000,221.7660,34
2026-08-05 22:11:20,NVDA,221.7500,221.7700,221.7400,221.7500,5132.0000,221.7580,30
2026-08-05 22:11:25,NVDA,221.7500,221.7600,221.7400,221.7400,8715.0000,221.7450,56
2026-08-05 22:11:30,NVDA,221.7400,221.7500,221.7100,221.7200,20737.0000,221.7310,125
2026-08-05 22:11:35,NVDA,221.7200,221.7800,221.6900,221.7500,20339.0000,221.7450,103
2026-08-05 22:11:40,NVDA,221.7400,221.7600,221.7300,221.7400,18924.0000,221.7420,89
2026-08-05 22:11:45,NVDA,221.7400,221.7500,221.7300,221.7500,5357.0000,221.7410,37
2026-08-05 22:11:50,NVDA,221.7500,221.7600,221.7400,221.7400,8215.0000,221.7470,62
2026-08-05 22:11:55,NVDA,221.7400,221.8000,221.7400,221.7900,6057.0000,221.7710,44
2026-08-05 22:12:00,NVDA,221.7900,221.8400,221.7900,221.8300,13085.0000,221.8240,68
2026-08-05 22:12:05,NVDA,221.8200,221.8900,221.8200,221.8800,10730.0000,221.8490,59
2026-08-05 22:12:10,NVDA,221.8800,221.8800,221.8600,221.8700,10304.0000,221.8670,74
2026-08-05 22:12:15,NVDA,221.8600,221.8800,221.8400,221.8700,10261.0000,221.8590,68
2026-08-05 22:12:20,NVDA,221.8700,221.8800,221.8500,221.8500,8432.0000,221.8620,41
2026-08-05 22:12:25,NVDA,221.8500,221.8600,221.8400,221.8500,2885.0000,221.8540,25
2026-08-05 22:12:30,NVDA,221.8600,221.8800,221.8500,221.8700,6476.0000,221.8660,37
2026-08-05 22:12:35,NVDA,221.8800,221.8800,221.8400,221.8500,10081.0000,221.8560,67
2026-08-05 22:12:40,NVDA,221.8600,221.8900,221.8500,221.8900,5743.0000,221.8760,40
2026-08-05 22:12:45,NVDA,221.8900,221.9200,221.8800,221.9100,10544.0000,221.8930,54
2026-08-05 22:12:50,NVDA,221.8900,221.9100,221.8900,221.9100,9159.0000,221.9040,46
2026-08-05 22:12:55,NVDA,221.9000,221.9100,221.8900,221.9100,13331.0000,221.9060,92
2026-08-05 22:13:00,NVDA,221.9100,221.9500,221.9000,221.9300,16268.0000,221.9320,87
2026-08-05 22:13:05,NVDA,221.9200,221.9200,221.8500,221.8700,32524.0000,221.8830,193
2026-08-05 22:13:10,NVDA,221.8800,221.8800,221.8700,221.8800,4762.0000,221.8720,26
2026-08-05 22:13:15,NVDA,221.8800,221.8800,221.8200,221.8500,16616.0000,221.8530,100
2026-08-05 22:13:20,NVDA,221.8500,221.8600,221.8200,221.8500,5183.0000,221.8420,36
2026-08-05 22:13:25,NVDA,221.8500,221.8600,221.8300,221.8400,9152.0000,221.8540,51
2026-08-05 22:13:30,NVDA,221.8400,221.8500,221.8200,221.8400,6706.0000,221.8360,38
2026-08-05 22:13:35,NVDA,221.8400,221.8500,221.8100,221.8200,4130.0000,221.8270,29
2026-08-05 22:13:40,NVDA,221.8200,221.8300,221.8100,221.8300,3502.0000,221.8200,16
2026-08-05 22:13:45,NVDA,221.8300,221.8400,221.8000,221.8000,8786.0000,221.8210,58
2026-08-05 22:13:50,NVDA,221.8100,221.8300,221.8000,221.8100,5906.0000,221.8150,29
2026-08-05 22:13:55,NVDA,221.8100,221.8200,221.7700,221.7800,11481.0000,221.8010,56
2026-08-05 22:14:00,NVDA,221.7800,221.8200,221.7600,221.8100,13208.0000,221.7760,60
2026-08-05 22:14:05,NVDA,221.8200,221.8700,221.8100,221.8600,11158.0000,221.8360,62
2026-08-05 22:14:10,NVDA,221.8500,221.8600,221.8100,221.8200,12286.0000,221.8260,60
2026-08-05 22:14:15,NVDA,221.8200,221.8200,221.7600,221.7700,24787.0000,221.7890,150
2026-08-05 22:14:20,NVDA,221.7700,221.7700,221.7500,221.7700,13634.0000,221.7620,74
2026-08-05 22:14:25,NVDA,221.7600,221.7700,221.7500,221.7600,10664.0000,221.7570,64
2026-08-05 22:14:30,NVDA,221.7600,221.7800,221.7500,221.7700,5091.0000,221.7650,20
2026-08-05 22:14:35,NVDA,221.7800,221.8100,221.7700,221.8100,6835.0000,221.7990,37
2026-08-05 22:14:40,NVDA,221.8100,221.8100,221.8000,221.8100,6044.0000,221.8040,33
2026-08-05 22:14:45,NVDA,221.8200,221.8400,221.8100,221.8400,11835.0000,221.8230,60
2026-08-05 22:14:50,NVDA,221.8400,221.8500,221.8300,221.8500,8475.0000,221.8380,51
2026-08-05 22:14:55,NVDA,221.8400,221.8900,221.8400,221.8800,11921.0000,221.8670,53
2026-08-05 22:15:00,NVDA,221.8900,221.9300,221.8700,221.8900,12223.0000,221.9000,84
2026-08-05 22:15:05,NVDA,221.8800,221.8800,221.8500,221.8600,7657.0000,221.8610,48
2026-08-05 22:15:10,NVDA,221.8600,221.8600,221.8000,221.8200,19086.0000,221.8250,110
2026-08-05 22:15:15,NVDA,221.8200,221.8600,221.8200,221.8600,12966.0000,221.8390,60
2026-08-05 22:15:20,NVDA,221.8700,221.8900,221.8600,221.8700,6476.0000,221.8760,54
2026-08-05 22:15:25,NVDA,221.8800,221.8900,221.8500,221.8600,14250.0000,221.8710,87
2026-08-05 22:15:30,NVDA,221.8600,221.8700,221.8300,221.8300,6974.0000,221.8550,30
2026-08-05 22:15:35,NVDA,221.8400,221.8600,221.8300,221.8400,3528.0000,221.8460,24
2026-08-05 22:15:40,NVDA,221.8500,221.8600,221.8500,221.8600,2680.0000,221.8540,18
2026-08-05 22:15:45,NVDA,221.8500,221.8600,221.8400,221.8600,7397.0000,221.8530,54
2026-08-05 22:15:50,NVDA,221.8600,221.8600,221.8000,221.8100,4938.0000,221.8210,41
2026-08-05 22:15:55,NVDA,221.8100,221.8100,221.7700,221.7700,6668.0000,221.7910,48
2026-08-05 22:16:00,NVDA,221.7800,221.8200,221.7700,221.8200,14638.0000,221.8020,85
2026-08-05 22:16:05,NVDA,221.8200,221.8300,221.7100,221.7200,15934.0000,221.7630,96
2026-08-05 22:16:10,NVDA,221.7200,221.7300,221.6500,221.6800,41732.0000,221.6860,173
2026-08-05 22:16:15,NVDA,221.6700,221.7100,221.6600,221.6600,11777.0000,221.6910,74
2026-08-05 22:16:20,NVDA,221.6600,221.6600,221.6300,221.6600,10455.0000,221.6430,75
2026-08-05 22:16:25,NVDA,221.6600,221.6900,221.6000,221.6900,41923.0000,221.6410,220
2026-08-05 22:16:30,NVDA,221.6800,221.6900,221.6700,221.6900,17451.0000,221.6780,93
2026-08-05 22:16:35,NVDA,221.6900,221.7000,221.6500,221.6900,12643.0000,221.6750,49
2026-08-05 22:16:40,NVDA,221.6800,221.6900,221.6700,221.6800,5231.0000,221.6780,41
2026-08-05 22:16:45,NVDA,221.6700,221.6800,221.6500,221.6500,13174.0000,221.6580,74
2026-08-05 22:16:50,NVDA,221.6700,221.6800,221.6400,221.6700,13300.0000,221.6610,71
2026-08-05 22:16:55,NVDA,221.6700,221.7200,221.6700,221.7100,22321.0000,221.6850,87
2026-08-05 22:17:00,NVDA,221.7200,221.7800,221.7200,221.7700,21205.0000,221.7560,125
2026-08-05 22:17:05,NVDA,221.7800,221.7800,221.7600,221.7700,8172.0000,221.7690,46
2026-08-05 22:17:10,NVDA,221.7700,221.7700,221.7100,221.7300,13480.0000,221.7370,89
2026-08-05 22:17:15,NVDA,221.7300,221.7700,221.7200,221.7500,6745.0000,221.7410,43
2026-08-05 22:17:20,NVDA,221.7500,221.7900,221.7300,221.7900,9912.0000,221.7560,37
2026-08-05 22:17:25,NVDA,221.7900,221.7900,221.7600,221.7700,8493.0000,221.7700,36
2026-08-05 22:17:30,NVDA,221.7800,221.7800,221.7500,221.7800,25318.0000,221.7670,118
2026-08-05 22:17:35,NVDA,221.7800,221.8100,221.7700,221.7900,8844.0000,221.7930,61
2026-08-05 22:17:40,NVDA,221.7900,221.7900,221.7600,221.7700,5720.0000,221.7810,33
2026-08-05 22:17:45,NVDA,221.7700,221.7900,221.7600,221.7900,5369.0000,221.7790,34
2026-08-05 22:17:50,NVDA,221.7800,221.8000,221.7700,221.7900,6823.0000,221.7860,42
2026-08-05 22:17:55,NVDA,221.7900,221.8000,221.7800,221.7800,7679.0000,221.7850,57
2026-08-05 22:18:00,NVDA,221.7900,221.8300,221.7800,221.8000,18893.0000,221.8100,88
2026-08-05 22:18:05,NVDA,221.8000,221.8000,221.7700,221.7800,10854.0000,221.7900,50
2026-08-05 22:18:10,NVDA,221.7800,221.7800,221.7400,221.7400,8400.0000,221.7600,48
2026-08-05 22:18:15,NVDA,221.7400,221.8700,221.7400,221.8200,43833.0000,221.8030,188
2026-08-05 22:18:20,NVDA,221.8200,221.8300,221.6600,221.7300,18840.0000,221.7480,122
2026-08-05 22:18:25,NVDA,221.7200,221.7400,221.6700,221.7100,11370.0000,221.7030,52
2026-08-05 22:18:30,NVDA,221.7100,221.7400,221.6800,221.7400,8072.0000,221.7030,44
2026-08-05 22:18:35,NVDA,221.7300,221.7400,221.6800,221.7100,9951.0000,221.7100,45
2026-08-05 22:18:40,NVDA,221.7100,221.7300,221.7000,221.7300,5351.0000,221.7160,25
2026-08-05 22:18:45,NVDA,221.7300,221.7400,221.6300,221.6300,13873.0000,221.6780,68
2026-08-05 22:18:50,NVDA,221.6400,221.6700,221.6300,221.6600,8806.0000,221.6560,44
2026-08-05 22:18:55,NVDA,221.6600,221.7000,221.6600,221.7000,8597.0000,221.6780,58
2026-08-05 22:19:00,NVDA,221.6900,221.7700,221.6900,221.7600,30336.0000,221.7270,104
2026-08-05 22:19:05,NVDA,221.7600,221.8000,221.7500,221.8000,17207.0000,221.7770,88
2026-08-05 22:19:10,NVDA,221.8000,221.8200,221.7800,221.8100,12134.0000,221.8050,64
2026-08-05 22:19:15,NVDA,221.8000,221.8700,221.8000,221.8400,12900.0000,221.8390,68
2026-08-05 22:19:20,NVDA,221.8300,221.8500,221.8200,221.8400,11451.0000,221.8350,52
2026-08-05 22:19:25,NVDA,221.8400,221.8500,221.7800,221.7900,12310.0000,221.8180,70
2026-08-05 22:19:30,NVDA,221.7900,221.8000,221.7000,221.7200,20028.0000,221.7480,134
2026-08-05 22:19:35,NVDA,221.7100,221.7300,221.7000,221.7200,5424.0000,221.7170,32
2026-08-05 22:19:40,NVDA,221.7400,221.7500,221.7300,221.7400,6799.0000,221.7360,41
2026-08-05 22:19:45,NVDA,221.7400,221.7900,221.7300,221.7600,12059.0000,221.7630,71
2026-08-05 22:19:50,NVDA,221.7600,221.7800,221.7300,221.7400,14843.0000,221.7540,73
2026-08-05 22:19:55,NVDA,221.7400,221.7800,221.7400,221.7700,7841.0000,221.7560,43
2026-08-05 22:20:00,NVDA,221.7600,221.7900,221.7500,221.7500,18005.0000,221.7600,89
2026-08-05 22:20:05,NVDA,221.7600,221.8200,221.7600,221.7800,17998.0000,221.7940,114
2026-08-05 22:20:10,NVDA,221.7800,221.7900,221.7600,221.7800,7161.0000,221.7790,36
2026-08-05 22:20:15,NVDA,221.7700,221.8400,221.7600,221.8300,8345.0000,221.8180,45
2026-08-05 22:20:20,NVDA,221.8200,221.8500,221.8100,221.8200,6139.0000,221.8270,42
2026-08-05 22:20:25,NVDA,221.8200,221.8300,221.7700,221.7800,19725.0000,221.7920,75
2026-08-05 22:20:30,NVDA,221.7800,221.8200,221.7700,221.8000,13350.0000,221.7940,57
2026-08-05 22:20:35,NVDA,221.8100,221.9000,221.8000,221.9000,28743.0000,221.8470,138
2026-08-05 22:20:40,NVDA,221.8900,221.8900,221.8200,221.8300,10368.0000,221.8670,67
2026-08-05 22:20:45,NVDA,221.8300,221.8500,221.8100,221.8500,3755.0000,221.8270,34
2026-08-05 22:20:50,NVDA,221.8400,221.8600,221.8300,221.8600,5551.0000,221.8390,39
2026-08-05 22:20:55,NVDA,221.8600,221.9300,221.8600,221.9100,32091.0000,221.9120,128
2026-08-05 22:21:00,NVDA,221.9100,221.9400,221.8900,221.9400,21010.0000,221.9150,96
2026-08-05 22:21:05,NVDA,221.9300,221.9600,221.9200,221.9400,36617.0000,221.9440,116
2026-08-05 22:21:10,NVDA,221.9400,221.9700,221.9300,221.9500,12080.0000,221.9500,75
2026-08-05 22:21:15,NVDA,221.9400,221.9400,221.8900,221.9000,12288.0000,221.9130,73
2026-08-05 22:21:20,NVDA,221.9000,221.9300,221.8900,221.9100,7066.0000,221.9140,35
2026-08-05 22:21:25,NVDA,221.9100,221.9100,221.8900,221.9000,7829.0000,221.9020,27
2026-08-05 22:21:30,NVDA,221.9000,221.9200,221.8900,221.9200,10800.0000,221.9040,55
2026-08-05 22:21:35,NVDA,221.9100,221.9300,221.9100,221.9300,6116.0000,221.9190,36
2026-08-05 22:21:40,NVDA,221.9300,221.9800,221.9300,221.9800,13195.0000,221.9560,66
2026-08-05 22:21:45,NVDA,221.9800,222.0300,221.9700,222.0200,115296.0000,221.9980,353
2026-08-05 22:21:50,NVDA,222.0200,222.0200,221.9700,221.9900,19953.0000,221.9950,100
2026-08-05 22:21:55,NVDA,221.9800,221.9900,221.9600,221.9700,9466.0000,221.9740,53
2026-08-05 22:22:00,NVDA,221.9600,222.0400,221.9400,222.0300,23262.0000,221.9810,115
2026-08-05 22:22:05,NVDA,222.0200,222.0200,221.9900,222.0000,5506.0000,222.0040,41
2026-08-05 22:22:10,NVDA,222.0000,222.0200,221.9900,222.0000,6360.0000,222.0060,38
2026-08-05 22:22:15,NVDA,222.0000,222.0300,221.9400,221.9400,13385.0000,221.9730,49
2026-08-05 22:22:20,NVDA,221.9500,221.9500,221.8800,221.8900,11150.0000,221.9060,62
2026-08-05 22:22:25,NVDA,221.9000,221.9100,221.8800,221.9000,6727.0000,221.8930,39
2026-08-05 22:22:30,NVDA,221.9000,221.9000,221.8600,221.8600,7563.0000,221.8750,40
2026-08-05 22:22:35,NVDA,221.8700,221.8800,221.8200,221.8300,17480.0000,221.8560,115
2026-08-05 22:22:40,NVDA,221.8300,221.8400,221.8100,221.8300,4771.0000,221.8250,27
2026-08-05 22:22:45,NVDA,221.8300,221.8900,221.8100,221.8600,12795.0000,221.8480,66
2026-08-05 22:22:50,NVDA,221.8500,221.8600,221.8400,221.8500,3970.0000,221.8510,24
2026-08-05 22:22:55,NVDA,221.8600,221.8900,221.8600,221.8700,10862.0000,221.8760,63
2026-08-05 22:23:00,NVDA,221.8800,221.9300,221.8500,221.9200,7522.0000,221.8780,61
2026-08-05 22:23:05,NVDA,221.9200,221.9300,221.9000,221.9200,5792.0000,221.9180,39
2026-08-05 22:23:10,NVDA,221.9300,221.9300,221.9100,221.9200,7391.0000,221.9210,26
2026-08-05 22:23:15,NVDA,221.9200,221.9200,221.8600,221.9100,7412.0000,221.9010,51
2026-08-05 22:23:20,NVDA,221.9100,221.9200,221.8900,221.9200,5397.0000,221.9100,28
2026-08-05 22:23:25,NVDA,221.9200,221.9600,221.9000,221.9600,7066.0000,221.9170,52
2026-08-05 22:23:30,NVDA,221.9500,222.0000,221.9500,221.9900,7429.0000,221.9700,48
2026-08-05 22:23:35,NVDA,221.9900,222.0100,221.9600,221.9800,20741.0000,221.9890,100
2026-08-05 22:23:40,NVDA,221.9700,221.9900,221.9600,221.9700,7022.0000,221.9760,38
2026-08-05 22:23:45,NVDA,221.9700,221.9800,221.9600,221.9800,18456.0000,221.9660,81
2026-08-05 22:23:50,NVDA,221.9800,221.9800,221.9600,221.9700,7746.0000,221.9680,34
2026-08-05 22:23:55,NVDA,221.9700,221.9900,221.9500,221.9800,13106.0000,221.9620,92
2026-08-05 22:24:00,NVDA,221.9800,222.0200,221.9800,222.0100,15226.0000,222.0070,83
2026-08-05 22:24:05,NVDA,222.0100,222.0200,221.9900,222.0100,7432.0000,222.0070,44
2026-08-05 22:24:10,NVDA,222.0100,222.0100,221.9700,221.9800,8599.0000,221.9930,63
2026-08-05 22:24:15,NVDA,221.9900,222.0000,221.9800,221.9900,9067.0000,221.9860,32
2026-08-05 22:24:20,NVDA,221.9900,222.0000,221.9800,221.9900,5217.0000,221.9890,40
2026-08-05 22:24:25,NVDA,221.9900,222.0000,221.9600,221.9700,16358.0000,221.9800,86
2026-08-05 22:24:30,NVDA,221.9800,221.9800,221.8500,221.9200,69159.0000,221.9300,194
2026-08-05 22:24:35,NVDA,221.9300,221.9400,221.8300,221.8400,100771.0000,221.9220,228
2026-08-05 22:24:40,NVDA,221.8400,221.8400,221.7800,221.8100,19689.0000,221.8080,79
2026-08-05 22:24:45,NVDA,221.8100,221.8400,221.8000,221.8200,10812.0000,221.8240,51
2026-08-05 22:24:50,NVDA,221.8200,221.8400,221.7900,221.7900,7325.0000,221.8150,48
2026-08-05 22:24:55,NVDA,221.8100,221.9400,221.7900,221.8700,28764.0000,221.8570,187
2026-08-05 22:25:00,NVDA,221.8800,221.8800,221.8200,221.8700,18798.0000,221.8600,93
2026-08-05 22:25:05,NVDA,221.8700,221.8900,221.8600,221.8800,4281.0000,221.8750,31
2026-08-05 22:25:10,NVDA,221.8800,221.9000,221.8700,221.8800,8172.0000,221.8820,55
2026-08-05 22:25:15,NVDA,221.8700,221.8900,221.8600,221.8800,6852.0000,221.8770,45
2026-08-05 22:25:20,NVDA,221.8800,221.9200,221.8700,221.8900,12731.0000,221.8950,54
2026-08-05 22:25:25,NVDA,221.9000,221.9100,221.8800,221.9000,8246.0000,221.8940,58
2026-08-05 22:25:30,NVDA,221.9000,221.9100,221.8600,221.8600,6314.0000,221.8890,39
2026-08-05 22:25:35,NVDA,221.8700,221.8900,221.8600,221.8900,8233.0000,221.8710,36
2026-08-05 22:25:40,NVDA,221.8900,221.8900,221.8500,221.8700,8564.0000,221.8630,65
2026-08-05 22:25:45,NVDA,221.8600,221.8900,221.8500,221.8800,9974.0000,221.8670,59
2026-08-05 22:25:50,NVDA,221.8800,221.9400,221.8700,221.9200,9216.0000,221.9010,69
2026-08-05 22:25:55,NVDA,221.9200,221.9200,221.8800,221.8800,11611.0000,221.9000,70
2026-08-05 22:26:00,NVDA,221.8800,221.9300,221.8700,221.9200,7566.0000,221.9030,43
2026-08-05 22:26:05,NVDA,221.9300,221.9400,221.9200,221.9300,8983.0000,221.9300,44
2026-08-05 22:26:10,NVDA,221.9400,221.9500,221.8800,221.8900,14001.0000,221.9220,75
2026-08-05 22:26:15,NVDA,221.8800,221.9000,221.8700,221.8800,9873.0000,221.8900,54
2026-08-05 22:26:20,NVDA,221.8800,221.9500,221.8800,221.9200,22611.0000,221.9110,108
2026-08-05 22:26:25,NVDA,221.9300,221.9300,221.9200,221.9300,3024.0000,221.9260,26
2026-08-05 22:26:30,NVDA,221.9300,221.9600,221.9200,221.9300,16101.0000,221.9440,91
2026-08-05 22:26:35,NVDA,221.9300,221.9300,221.8700,221.9000,12591.0000,221.9080,72
2026-08-05 22:26:40,NVDA,221.9000,221.9400,221.8900,221.9300,12156.0000,221.9130,71
2026-08-05 22:26:45,NVDA,221.9300,221.9700,221.9200,221.9600,12858.0000,221.9530,88
2026-08-05 22:26:50,NVDA,221.9700,222.0200,221.9600,222.0000,48029.0000,221.9920,188
2026-08-05 22:26:55,NVDA,222.0000,222.0500,222.0000,222.0400,24452.0000,222.0230,87
2026-08-05 22:27:00,NVDA,222.0500,222.0500,222.0300,222.0300,13875.0000,222.0390,58
2026-08-05 22:27:05,NVDA,222.0400,222.0500,221.9800,221.9900,16223.0000,222.0200,97
2026-08-05 22:27:10,NVDA,221.9900,222.0000,221.9800,222.0000,10527.0000,221.9920,51
2026-08-05 22:27:15,NVDA,222.0000,222.0000,221.9400,221.9600,16437.0000,221.9670,77
2026-08-05 22:27:20,NVDA,221.9700,221.9900,221.9500,221.9700,11002.0000,221.9720,55
2026-08-05 22:27:25,NVDA,221.9600,221.9700,221.9500,221.9700,5667.0000,221.9610,24
2026-08-05 22:27:30,NVDA,221.9600,221.9800,221.9500,221.9600,9435.0000,221.9590,54
2026-08-05 22:27:35,NVDA,221.9600,221.9800,221.9500,221.9800,8194.0000,221.9680,43
2026-08-05 22:27:40,NVDA,221.9700,222.0000,221.9500,222.0000,16092.0000,221.9680,65
2026-08-05 22:27:45,NVDA,222.0000,222.0400,221.9900,222.0300,11384.0000,222.0160,46
2026-08-05 22:27:50,NVDA,222.0300,222.0600,222.0100,222.0500,40116.0000,222.0380,158
2026-08-05 22:27:55,NVDA,222.0400,222.0600,222.0300,222.0500,12075.0000,222.0480,55
2026-08-05 22:28:00,NVDA,222.0600,222.0800,222.0200,222.0700,15446.0000,222.0590,83
2026-08-05 22:28:05,NVDA,222.0700,222.0700,222.0300,222.0400,8691.0000,222.0520,54
2026-08-05 22:28:10,NVDA,222.0400,222.0600,222.0300,222.0400,9257.0000,222.0420,52
2026-08-05 22:28:15,NVDA,222.0300,222.0400,222.0000,222.0400,10554.0000,222.0150,68
2026-08-05 22:28:20,NVDA,222.0400,222.0500,222.0300,222.0300,12345.0000,222.0440,74
2026-08-05 22:28:25,NVDA,222.0300,222.0700,222.0100,222.0700,21710.0000,222.0410,85
2026-08-05 22:28:30,NVDA,222.0700,222.0700,222.0100,222.0100,25514.0000,222.0260,100
2026-08-05 22:28:35,NVDA,222.0100,222.0600,222.0000,222.0300,21420.0000,222.0160,128
2026-08-05 22:28:40,NVDA,222.0300,222.0400,222.0000,222.0200,11204.0000,222.0140,45
2026-08-05 22:28:45,NVDA,222.0200,222.0600,222.0100,222.0600,11091.0000,222.0310,57
2026-08-05 22:28:50,NVDA,222.0600,222.0800,222.0500,222.0800,13554.0000,222.0660,54
2026-08-05 22:28:55,NVDA,222.0800,222.0800,222.0500,222.0500,14595.0000,222.0700,69
2026-08-05 22:29:00,NVDA,222.0400,222.0400,221.9600,221.9800,18138.0000,222.0000,107
2026-08-05 22:29:05,NVDA,221.9800,221.9800,221.9500,221.9700,24704.0000,221.9640,72
2026-08-05 22:29:10,NVDA,221.9500,221.9900,221.9500,221.9600,6462.0000,221.9670,38
2026-08-05 22:29:15,NVDA,221.9500,221.9500,221.9200,221.9300,8604.0000,221.9350,66
2026-08-05 22:29:20,NVDA,221.9200,221.9500,221.9200,221.9300,12025.0000,221.9350,72
2026-08-05 22:29:25,NVDA,221.9400,221.9500,221.9100,221.9500,9628.0000,221.9320,66
2026-08-05 22:29:30,NVDA,221.9400,221.9500,221.8700,221.9000,17648.0000,221.9110,119
2026-08-05 22:29:35,NVDA,221.8900,221.9300,221.8800,221.8900,15965.0000,221.8990,85
2026-08-05 22:29:40,NVDA,221.8900,221.9000,221.8600,221.8600,24437.0000,221.8820,125
2026-08-05 22:29:45,NVDA,221.8800,221.8800,221.8400,221.8600,21717.0000,221.8570,116
2026-08-05 22:29:50,NVDA,221.8600,221.8600,221.8100,221.8200,21705.0000,221.8370,119
2026-08-05 22:29:55,NVDA,221.8200,221.8400,221.8100,221.8400,22369.0000,221.8260,77
2026-08-05 22:30:00,NVDA,221.8400,221.8700,221.7200,221.7800,76067.0000,221.8190,289
2026-08-05 22:30:05,NVDA,221.7800,221.7900,221.7000,221.7700,50764.0000,221.7490,273
2026-08-05 22:30:10,NVDA,221.7600,221.8200,221.6300,221.6600,112210.0000,221.7740,329
2026-08-05 22:30:15,NVDA,221.6800,221.7300,221.6400,221.7200,32305.0000,221.6800,167
2026-08-05 22:30:20,NVDA,221.7300,221.7300,221.5600,221.5800,70699.0000,221.6630,198
2026-08-05 22:30:25,NVDA,221.5600,221.6500,221.5600,221.6400,17687.0000,221.6160,108
2026-08-05 22:30:30,NVDA,221.6300,221.6800,221.6200,221.6400,26527.0000,221.6430,100
2026-08-05 22:30:35,NVDA,221.6500,221.7100,221.6200,221.7100,12171.0000,221.6620,80
2026-08-05 22:30:40,NVDA,221.7200,221.7600,221.7000,221.7500,16355.0000,221.7360,93
2026-08-05 22:30:45,NVDA,221.7400,221.7400,221.6700,221.6800,10407.0000,221.7040,70
2026-08-05 22:30:50,NVDA,221.6700,221.6900,221.6600,221.6800,10905.0000,221.6750,65
2026-08-05 22:30:55,NVDA,221.6700,221.7000,221.5900,221.6200,20732.0000,221.6530,99
2026-08-05 22:31:00,NVDA,221.6100,221.6100,221.4700,221.6000,45212.0000,221.5420,182
2026-08-05 22:31:05,NVDA,221.6000,221.6100,221.5600,221.5800,34795.0000,221.5900,207
2026-08-05 22:31:10,NVDA,221.5800,221.6200,221.5500,221.5900,17092.0000,221.5840,126
2026-08-05 22:31:15,NVDA,221.5800,221.6000,221.5400,221.5400,13161.0000,221.5780,78
2026-08-05 22:31:20,NVDA,221.5600,221.5600,221.5200,221.5200,9419.0000,221.5420,50
2026-08-05 22:31:25,NVDA,221.5300,221.5500,221.4900,221.5500,14659.0000,221.5190,72
2026-08-05 22:31:30,NVDA,221.5400,221.6000,221.5400,221.5600,12082.0000,221.5660,69
2026-08-05 22:31:35,NVDA,221.5600,221.5800,221.5500,221.5500,5806.0000,221.5600,44
2026-08-05 22:31:40,NVDA,221.5500,221.5900,221.5500,221.5600,14392.0000,221.5770,75
2026-08-05 22:31:45,NVDA,221.5700,221.5800,221.5300,221.5400,15283.0000,221.5570,91
2026-08-05 22:31:50,NVDA,221.5500,221.5500,221.5000,221.5100,9182.0000,221.5170,70
2026-08-05 22:31:55,NVDA,221.5300,221.5500,221.5000,221.5100,8215.0000,221.5140,44
2026-08-05 22:32:00,NVDA,221.5100,221.5200,221.3800,221.3800,45992.0000,221.4600,253
2026-08-05 22:32:05,NVDA,221.3900,221.4600,221.3700,221.4300,33603.0000,221.3960,175
2026-08-05 22:32:10,NVDA,221.4300,221.4400,221.3800,221.3900,11249.0000,221.4010,56
2026-08-05 22:32:15,NVDA,221.3900,221.4400,221.3300,221.3400,20645.0000,221.3980,86
2026-08-05 22:32:20,NVDA,221.3400,221.3500,221.3000,221.3200,19540.0000,221.3210,93
2026-08-05 22:32:25,NVDA,221.3200,221.3200,221.2800,221.3000,28306.0000,221.3070,107
2026-08-05 22:32:30,NVDA,221.3100,221.3900,221.3100,221.3800,11747.0000,221.3610,80
2026-08-05 22:32:35,NVDA,221.4000,221.4300,221.3800,221.4000,9666.0000,221.4050,58
2026-08-05 22:32:40,NVDA,221.3900,221.4300,221.3900,221.4000,7817.0000,221.4080,39
2026-08-05 22:32:45,NVDA,221.3900,221.4000,221.3700,221.3900,5811.0000,221.3850,44
2026-08-05 22:32:50,NVDA,221.4000,221.4200,221.3800,221.3900,21871.0000,221.3970,124
2026-08-05 22:32:55,NVDA,221.3800,221.4000,221.3400,221.3600,14651.0000,221.3640,79
2026-08-05 22:33:00,NVDA,221.3700,221.3700,221.2400,221.2400,20969.0000,221.3340,67
2026-08-05 22:33:05,NVDA,221.2300,221.2700,221.2000,221.2400,27989.0000,221.2300,161
2026-08-05 22:33:10,NVDA,221.2400,221.2700,221.2200,221.2500,8713.0000,221.2320,54
2026-08-05 22:33:15,NVDA,221.2500,221.2500,221.1300,221.1400,17063.0000,221.1890,107
2026-08-05 22:33:20,NVDA,221.1400,221.1600,221.1000,221.1000,30965.0000,221.1290,138
2026-08-05 22:33:25,NVDA,221.1100,221.1300,221.0800,221.1000,14951.0000,221.1010,83
2026-08-05 22:33:30,NVDA,221.0900,221.1000,221.0400,221.0600,20865.0000,221.0670,106
2026-08-05 22:33:35,NVDA,221.0600,221.0700,221.0100,221.0100,11325.0000,221.0360,61
2026-08-05 22:33:40,NVDA,221.0100,221.0700,220.9800,221.0100,55991.0000,221.0150,285
2026-08-05 22:33:45,NVDA,221.0200,221.0800,221.0100,221.0300,15558.0000,221.0430,85
2026-08-05 22:33:50,NVDA,221.0400,221.1400,221.0400,221.1200,21037.0000,221.1040,117
2026-08-05 22:33:55,NVDA,221.1100,221.1700,221.0900,221.1700,35197.0000,221.1400,150
2026-08-05 22:34:00,NVDA,221.1600,221.1700,221.1300,221.1400,22064.0000,221.1510,112
2026-08-05 22:34:05,NVDA,221.1400,221.1800,221.1100,221.1800,15742.0000,221.1400,81
2026-08-05 22:34:10,NVDA,221.1600,221.1700,221.1100,221.1100,16738.0000,221.1360,72
2026-08-05 22:34:15,NVDA,221.1300,221.1400,221.1100,221.1200,12275.0000,221.1240,61
2026-08-05 22:34:20,NVDA,221.1200,221.1700,221.1100,221.1400,14008.0000,221.1480,69
2026-08-05 22:34:25,NVDA,221.1400,221.1500,221.0700,221.0900,27186.0000,221.1070,117
2026-08-05 22:34:30,NVDA,221.0900,221.1200,221.0700,221.0900,7762.0000,221.0980,52
2026-08-05 22:34:35,NVDA,221.0800,221.0900,221.0400,221.0500,22179.0000,221.0680,87
2026-08-05 22:34:40,NVDA,221.0600,221.1000,221.0600,221.0800,10663.0000,221.0770,68
2026-08-05 22:34:45,NVDA,221.0700,221.1100,221.0600,221.1100,10778.0000,221.0840,55
2026-08-05 22:34:50,NVDA,221.1000,221.1000,220.9900,221.0100,26449.0000,221.0510,119
2026-08-05 22:34:55,NVDA,221.0000,221.0200,220.9900,221.0100,21856.0000,221.0050,89
2026-08-05 22:35:00,NVDA,221.0100,221.0100,220.8400,220.8700,38915.0000,220.8980,170
2026-08-05 22:35:05,NVDA,220.8700,220.9000,220.8300,220.8300,24991.0000,220.8580,120
2026-08-05 22:35:10,NVDA,220.8300,220.8900,220.8200,220.8900,23265.0000,220.8460,118
2026-08-05 22:35:15,NVDA,220.8900,220.9100,220.8000,220.8600,32238.0000,220.8460,150
2026-08-05 22:35:20,NVDA,220.8600,220.8900,220.8200,220.8300,24580.0000,220.8390,118
2026-08-05 22:35:25,NVDA,220.8300,220.8300,220.6800,220.6900,35054.0000,220.7290,185
2026-08-05 22:35:30,NVDA,220.6900,220.7400,220.6800,220.7100,26919.0000,220.7120,139
2026-08-05 22:35:35,NVDA,220.6900,220.7800,220.6900,220.7800,34115.0000,220.7220,209
2026-08-05 22:35:40,NVDA,220.7800,220.7800,220.7300,220.7500,30466.0000,220.7600,94
2026-08-05 22:35:45,NVDA,220.7400,220.7600,220.7200,220.7500,21198.0000,220.7420,93
2026-08-05 22:35:50,NVDA,220.7600,220.8200,220.7400,220.7800,22571.0000,220.7810,111
2026-08-05 22:35:55,NVDA,220.7800,220.7900,220.7600,220.7900,14782.0000,220.7800,61
2026-08-05 22:36:00,NVDA,220.7900,220.8400,220.7700,220.8100,12564.0000,220.8040,71
2026-08-05 22:36:05,NVDA,220.8100,220.8400,220.7900,220.8300,13771.0000,220.8160,73
2026-08-05 22:36:10,NVDA,220.8300,220.8500,220.7800,220.8300,21008.0000,220.8160,94
2026-08-05 22:36:15,NVDA,220.8300,220.8500,220.7900,220.8000,14897.0000,220.8190,67
2026-08-05 22:36:20,NVDA,220.8100,220.8200,220.7500,220.7900,19750.0000,220.7840,84
2026-08-05 22:36:25,NVDA,220.7800,220.8500,220.7700,220.7900,24646.0000,220.8130,103
2026-08-05 22:36:30,NVDA,220.7900,220.8600,220.7700,220.8000,22826.0000,220.8200,120
2026-08-05 22:36:35,NVDA,220.8000,220.8400,220.7800,220.8000,33943.0000,220.8090,250
2026-08-05 22:36:40,NVDA,220.8000,220.8200,220.7800,220.8200,20892.0000,220.7940,115
2026-08-05 22:36:45,NVDA,220.7800,220.8700,220.7800,220.8700,24246.0000,220.8180,144
2026-08-05 22:36:50,NVDA,220.8400,220.9200,220.8300,220.9200,28682.0000,220.8810,114
2026-08-05 22:36:55,NVDA,220.8900,220.9600,220.8700,220.9300,33811.0000,220.9200,142
2026-08-05 22:37:00,NVDA,220.9400,220.9900,220.9300,220.9600,21183.0000,220.9670,97
2026-08-05 22:37:05,NVDA,220.9500,220.9800,220.9400,220.9700,21495.0000,220.9510,104
2026-08-05 22:37:10,NVDA,220.9600,221.0500,220.9600,221.0400,33175.0000,221.0280,129
2026-08-05 22:37:15,NVDA,221.0400,221.0900,221.0200,221.0200,26949.0000,221.0500,107
2026-08-05 22:37:20,NVDA,221.0100,221.0900,220.9800,221.0700,23369.0000,221.0350,111
2026-08-05 22:37:25,NVDA,221.0700,221.1200,221.0600,221.1200,38380.0000,221.0910,104
2026-08-05 22:37:30,NVDA,221.1200,221.1400,221.0900,221.1400,24470.0000,221.1120,67
2026-08-05 22:37:35,NVDA,221.1300,221.1500,221.1000,221.1100,24543.0000,221.1280,71
2026-08-05 22:37:40,NVDA,221.1100,221.1300,221.1000,221.1000,14896.0000,221.1150,54
2026-08-05 22:37:45,NVDA,221.1000,221.1300,221.0600,221.0900,18063.0000,221.1030,74
2026-08-05 22:37:50,NVDA,221.0900,221.1400,221.0200,221.0300,20496.0000,221.0910,119
2026-08-05 22:37:55,NVDA,221.0300,221.0400,221.0100,221.0400,12526.0000,221.0250,72
2026-08-05 22:38:00,NVDA,221.0400,221.0700,221.0300,221.0500,45554.0000,221.0500,253
2026-08-05 22:38:05,NVDA,221.0300,221.1300,221.0300,221.1200,16151.0000,221.0970,76
2026-08-05 22:38:10,NVDA,221.1000,221.1200,221.1000,221.1000,15068.0000,221.1080,73
2026-08-05 22:38:15,NVDA,221.1100,221.1100,221.0600,221.0700,9354.0000,221.0780,39
2026-08-05 22:38:20,NVDA,221.0700,221.0900,221.0300,221.0500,10016.0000,221.0560,34
2026-08-05 22:38:25,NVDA,221.0500,221.0500,221.0300,221.0400,4124.0000,221.0420,25
2026-08-05 22:38:30,NVDA,221.0300,221.0500,220.9500,220.9700,16305.0000,220.9920,82
2026-08-05 22:38:35,NVDA,220.9700,221.0200,220.9600,220.9700,7245.0000,220.9850,41
2026-08-05 22:38:40,NVDA,220.9700,220.9800,220.9300,220.9400,12061.0000,220.9610,71
2026-08-05 22:38:45,NVDA,220.9400,220.9400,220.8400,220.8700,21506.0000,220.8900,107
2026-08-05 22:38:50,NVDA,220.8600,220.8700,220.8200,220.8300,30353.0000,220.8380,107
2026-08-05 22:38:55,NVDA,220.8300,220.8400,220.7900,220.8100,12641.0000,220.8130,73
2026-08-05 22:39:00,NVDA,220.8100,220.8100,220.7500,220.7800,22942.0000,220.7790,100
2026-08-05 22:39:05,NVDA,220.7700,220.7700,220.7000,220.7200,23648.0000,220.7450,63
2026-08-05 22:39:10,NVDA,220.7100,220.7200,220.6600,220.7000,28914.0000,220.6900,100
2026-08-05 22:39:15,NVDA,220.7000,220.7700,220.6700,220.7200,23223.0000,220.7200,106
2026-08-05 22:39:20,NVDA,220.7300,220.7700,220.7100,220.7700,23992.0000,220.7500,158
2026-08-05 22:39:25,NVDA,220.7600,220.8200,220.7600,220.8100,13871.0000,220.7980,64
2026-08-05 22:39:30,NVDA,220.8100,220.8200,220.6900,220.7000,9283.0000,220.7710,59
2026-08-05 22:39:35,NVDA,220.7100,220.7100,220.6900,220.7000,11128.0000,220.7010,60
2026-08-05 22:39:40,NVDA,220.7000,220.7000,220.6300,220.6300,6593.0000,220.6770,42
2026-08-05 22:39:45,NVDA,220.6400,220.6800,220.6300,220.6500,20611.0000,220.6490,121
2026-08-05 22:39:50,NVDA,220.6500,220.6800,220.6400,220.6600,7202.0000,220.6590,43
2026-08-05 22:39:55,NVDA,220.6600,220.6700,220.6200,220.6600,13195.0000,220.6430,77
2026-08-05 22:40:00,NVDA,220.6500,220.7400,220.6400,220.7300,19854.0000,220.6870,119
2026-08-05 22:40:05,NVDA,220.7300,220.7600,220.7000,220.7400,6809.0000,220.7230,49
2026-08-05 22:40:10,NVDA,220.7300,220.7600,220.6500,220.6600,17831.0000,220.6790,89
2026-08-05 22:40:15,NVDA,220.6600,220.7100,220.6300,220.7000,17103.0000,220.6590,95
2026-08-05 22:40:20,NVDA,220.6800,220.7300,220.6800,220.7100,15696.0000,220.7100,52
2026-08-05 22:40:25,NVDA,220.7100,220.7600,220.7100,220.7500,9220.0000,220.7240,51
2026-08-05 22:40:30,NVDA,220.7600,220.8200,220.7300,220.8200,13918.0000,220.7760,70
2026-08-05 22:40:35,NVDA,220.8200,220.9500,220.8100,220.9300,35644.0000,220.8910,173
2026-08-05 22:40:40,NVDA,220.9100,220.9500,220.9000,220.9300,26204.0000,220.9180,130
2026-08-05 22:40:45,NVDA,220.9400,220.9500,220.9000,220.9300,49473.0000,220.9310,202
2026-08-05 22:40:50,NVDA,220.9400,220.9500,220.9100,220.9400,12187.0000,220.9300,78
2026-08-05 22:40:55,NVDA,220.9300,220.9600,220.8700,220.8900,26045.0000,220.9090,120
2026-08-05 22:41:00,NVDA,220.8900,220.9400,220.8800,220.9100,18880.0000,220.9190,79
2026-08-05 22:41:05,NVDA,220.9100,220.9200,220.8100,220.8500,20576.0000,220.8760,92
2026-08-05 22:41:10,NVDA,220.8600,220.8700,220.8300,220.8600,9132.0000,220.8590,54
2026-08-05 22:41:15,NVDA,220.8700,220.9100,220.8700,220.8800,10679.0000,220.8910,38
2026-08-05 22:41:20,NVDA,220.8800,220.9000,220.8300,220.8600,9857.0000,220.8710,57
2026-08-05 22:41:25,NVDA,220.8600,220.8800,220.8500,220.8800,6388.0000,220.8660,32
2026-08-05 22:41:30,NVDA,220.8700,220.9400,220.8500,220.9400,13086.0000,220.9060,86
2026-08-05 22:41:35,NVDA,220.9300,220.9400,220.9100,220.9300,13289.0000,220.9280,73
2026-08-05 22:41:40,NVDA,220.9300,220.9500,220.8800,220.9400,14984.0000,220.9170,74
2026-08-05 22:41:45,NVDA,220.9400,220.9600,220.9200,220.9300,14441.0000,220.9410,87
2026-08-05 22:41:50,NVDA,220.9200,220.9700,220.9000,220.9600,29350.0000,220.9440,167
2026-08-05 22:41:55,NVDA,220.9500,220.9500,220.8800,220.9300,10938.0000,220.9230,73
2026-08-05 22:42:00,NVDA,220.9400,220.9900,220.9200,220.9700,22720.0000,220.9480,76
2026-08-05 22:42:05,NVDA,220.9600,220.9700,220.9300,220.9600,6241.0000,220.9500,35
2026-08-05 22:42:10,NVDA,220.9500,220.9600,220.9300,220.9500,10815.0000,220.9390,54
2026-08-05 22:42:15,NVDA,220.9600,220.9700,220.9300,220.9400,10716.0000,220.9620,37
2026-08-05 22:42:20,NVDA,220.9300,220.9300,220.8900,220.9000,12513.0000,220.9170,68
2026-08-05 22:42:25,NVDA,220.8900,220.9000,220.8500,220.8800,12483.0000,220.8810,70
2026-08-05 22:42:30,NVDA,220.8700,220.9200,220.8600,220.8700,11112.0000,220.8890,77
2026-08-05 22:42:35,NVDA,220.8700,220.8700,220.8000,220.8100,17080.0000,220.8330,88
2026-08-05 22:42:40,NVDA,220.8000,220.8500,220.8000,220.8500,7114.0000,220.8230,34
2026-08-05 22:42:45,NVDA,220.8400,220.8500,220.8000,220.8000,8427.0000,220.8140,61
2026-08-05 22:42:50,NVDA,220.8100,220.8200,220.7600,220.7900,12571.0000,220.7810,73
2026-08-05 22:42:55,NVDA,220.7800,220.8300,220.7800,220.8200,11173.0000,220.8050,53
2026-08-05 22:43:00,NVDA,220.8300,220.8500,220.8200,220.8200,9909.0000,220.8370,63
2026-08-05 22:43:05,NVDA,220.8200,220.8400,220.7800,220.8100,26562.0000,220.8180,101
2026-08-05 22:43:10,NVDA,220.8100,220.8100,220.7700,220.7700,7017.0000,220.7900,37
2026-08-05 22:43:15,NVDA,220.7600,220.7700,220.7000,220.7100,11958.0000,220.7300,59
2026-08-05 22:43:20,NVDA,220.7100,220.7200,220.6900,220.7000,15017.0000,220.7110,56
2026-08-05 22:43:25,NVDA,220.7000,220.7100,220.6800,220.6900,6685.0000,220.6890,42
2026-08-05 22:43:30,NVDA,220.6900,220.7300,220.6800,220.7200,18813.0000,220.7060,73
2026-08-05 22:43:35,NVDA,220.7200,220.7600,220.7000,220.7200,12231.0000,220.7330,47
2026-08-05 22:43:40,NVDA,220.7300,220.7300,220.6200,220.6300,14964.0000,220.6650,65
2026-08-05 22:43:45,NVDA,220.6400,220.6500,220.5800,220.6000,28411.0000,220.6060,145
2026-08-05 22:43:50,NVDA,220.5900,220.5900,220.5400,220.5700,22349.0000,220.5640,103
2026-08-05 22:43:55,NVDA,220.5500,220.6000,220.5000,220.5200,24645.0000,220.5420,111
2026-08-05 22:44:00,NVDA,220.5200,220.5300,220.4300,220.4300,41447.0000,220.4870,220
2026-08-05 22:44:05,NVDA,220.4400,220.4700,220.3400,220.3500,37178.0000,220.3890,199
2026-08-05 22:44:10,NVDA,220.3600,220.3800,220.2800,220.2800,26581.0000,220.3120,111
2026-08-05 22:44:15,NVDA,220.2900,220.3200,220.2400,220.2800,25911.0000,220.2780,137
2026-08-05 22:44:20,NVDA,220.2800,220.2800,220.2200,220.2400,28206.0000,220.2530,140
2026-08-05 22:44:25,NVDA,220.2400,220.2500,220.2100,220.2400,43869.0000,220.2220,215
2026-08-05 22:44:30,NVDA,220.2200,220.2600,220.1900,220.1900,26325.0000,220.2320,153
2026-08-05 22:44:35,NVDA,220.1900,220.2300,220.1800,220.2200,17366.0000,220.2110,93
2026-08-05 22:44:40,NVDA,220.2200,220.2600,220.2100,220.2400,28907.0000,220.2450,162
2026-08-05 22:44:45,NVDA,220.2400,220.2400,220.1700,220.1700,35081.0000,220.1970,139
2026-08-05 22:44:50,NVDA,220.1900,220.2500,220.1900,220.2400,19866.0000,220.2230,113
2026-08-05 22:44:55,NVDA,220.2300,220.2700,220.2200,220.2500,14390.0000,220.2400,61
2026-08-05 22:45:00,NVDA,220.2500,220.3200,220.1700,220.1800,55908.0000,220.2450,356
2026-08-05 22:45:05,NVDA,220.1900,220.2800,220.1600,220.2600,47752.0000,220.2100,199
2026-08-05 22:45:10,NVDA,220.2700,220.2700,220.2300,220.2400,38442.0000,220.2430,169
2026-08-05 22:45:15,NVDA,220.2400,220.2700,220.2200,220.2700,29811.0000,220.2390,144
2026-08-05 22:45:20,NVDA,220.2700,220.2800,220.2400,220.2600,17722.0000,220.2570,99
2026-08-05 22:45:25,NVDA,220.2600,220.2600,220.1200,220.1200,32879.0000,220.1820,154
2026-08-05 22:45:30,NVDA,220.1300,220.1400,220.0600,220.1100,39190.0000,220.0970,231
2026-08-05 22:45:35,NVDA,220.1200,220.1800,220.0900,220.1500,19805.0000,220.1270,102
2026-08-05 22:45:40,NVDA,220.1600,220.1800,220.1500,220.1600,13286.0000,220.1640,66
2026-08-05 22:45:45,NVDA,220.1700,220.2000,220.1600,220.1700,25166.0000,220.1780,117
2026-08-05 22:45:50,NVDA,220.1800,220.2300,220.1400,220.2200,34406.0000,220.1930,207
2026-08-05 22:45:55,NVDA,220.2200,220.2400,220.2100,220.2300,40942.0000,220.2290,215
2026-08-05 22:46:00,NVDA,220.2300,220.2300,220.1700,220.1800,30812.0000,220.1920,183
2026-08-05 22:46:05,NVDA,220.1800,220.2000,220.1300,220.1900,45061.0000,220.1630,256
2026-08-05 22:46:10,NVDA,220.1800,220.2600,220.1800,220.2400,18541.0000,220.2260,109
2026-08-05 22:46:15,NVDA,220.2500,220.2600,220.1900,220.2200,12873.0000,220.2340,59
2026-08-05 22:46:20,NVDA,220.2100,220.2200,220.1500,220.1500,21610.0000,220.1780,112
2026-08-05 22:46:25,NVDA,220.1600,220.1600,220.1300,220.1600,11913.0000,220.1470,77
2026-08-05 22:46:30,NVDA,220.1500,220.1600,220.1100,220.1100,19136.0000,220.1260,108
2026-08-05 22:46:35,NVDA,220.1100,220.1600,220.0600,220.1100,43204.0000,220.1150,262
2026-08-05 22:46:40,NVDA,220.1300,220.1300,219.9500,219.9800,80584.0000,220.0050,354
2026-08-05 22:46:45,NVDA,219.9600,220.0000,219.9300,219.9400,31152.0000,219.9730,134
2026-08-05 22:46:50,NVDA,219.9400,219.9500,219.8200,219.8400,24733.0000,219.8850,136
2026-08-05 22:46:55,NVDA,219.8500,219.8700,219.8200,219.8600,22138.0000,219.8440,103
2026-08-05 22:47:00,NVDA,219.8700,219.9400,219.8600,219.9200,37335.0000,219.8940,220
2026-08-05 22:47:05,NVDA,219.9300,219.9500,219.8700,219.9200,26771.0000,219.9200,156
2026-08-05 22:47:10,NVDA,219.9300,219.9600,219.8600,219.8700,35404.0000,219.9390,183
2026-08-05 22:47:15,NVDA,219.8800,219.8800,219.8500,219.8500,18015.0000,219.8610,97
2026-08-05 22:47:20,NVDA,219.8600,219.8700,219.8100,219.8400,22023.0000,219.8430,86
2026-08-05 22:47:25,NVDA,219.8300,219.8500,219.8100,219.8200,13847.0000,219.8310,79
2026-08-05 22:47:30,NVDA,219.8100,219.8300,219.8000,219.8200,13986.0000,219.8190,73
2026-08-05 22:47:35,NVDA,219.8200,219.9200,219.7700,219.9100,51714.0000,219.8390,191
2026-08-05 22:47:40,NVDA,219.9100,219.9900,219.8900,219.9800,47084.0000,219.9470,237
2026-08-05 22:47:45,NVDA,219.9700,219.9900,219.9500,219.9900,21118.0000,219.9700,120
2026-08-05 22:47:50,NVDA,219.9800,220.0700,219.9200,220.0400,53277.0000,220.0060,280
2026-08-05 22:47:55,NVDA,220.0500,220.1100,220.0100,220.1100,54790.0000,220.0740,352
2026-08-05 22:48:00,NVDA,220.1000,220.1100,220.0400,220.0500,26844.0000,220.0740,146
2026-08-05 22:48:05,NVDA,220.0500,220.0900,220.0000,220.0500,21893.0000,220.0520,98
2026-08-05 22:48:10,NVDA,220.0500,220.0600,220.0300,220.0600,13367.0000,220.0440,73
2026-08-05 22:48:15,NVDA,220.0600,220.1000,220.0300,220.1000,23835.0000,220.0610,99
2026-08-05 22:48:20,NVDA,220.0800,220.1400,220.0600,220.0900,28993.0000,220.0980,159
2026-08-05 22:48:25,NVDA,220.0900,220.1500,220.0600,220.1300,17602.0000,220.1010,126
2026-08-05 22:48:30,NVDA,220.1300,220.1400,220.0800,220.1300,24180.0000,220.1120,92
2026-08-05 22:48:35,NVDA,220.1200,220.1500,220.0800,220.1500,15400.0000,220.1020,96
2026-08-05 22:48:40,NVDA,220.1500,220.2100,220.1200,220.1300,59711.0000,220.1520,240
2026-08-05 22:48:45,NVDA,220.1400,220.1500,220.0600,220.0800,17518.0000,220.1000,104
2026-08-05 22:48:50,NVDA,220.0800,220.1200,220.0500,220.1000,14718.0000,220.0920,82
2026-08-05 22:48:55,NVDA,220.0900,220.1700,220.0800,220.1200,42919.0000,220.1090,159
2026-08-05 22:49:00,NVDA,220.1300,220.1900,220.1200,220.1800,15992.0000,220.1560,77
2026-08-05 22:49:05,NVDA,220.1800,220.2000,220.1300,220.1400,16459.0000,220.1580,75
2026-08-05 22:49:10,NVDA,220.1400,220.1800,220.1200,220.1700,27536.0000,220.1580,99
2026-08-05 22:49:15,NVDA,220.1500,220.1500,220.1000,220.1400,13996.0000,220.1260,86
2026-08-05 22:49:20,NVDA,220.1400,220.1600,220.1200,220.1300,8072.0000,220.1440,51
2026-08-05 22:49:25,NVDA,220.1200,220.1300,220.0200,220.0300,53369.0000,220.0820,145
2026-08-05 22:49:30,NVDA,220.0200,220.0200,219.9100,219.9200,28027.0000,219.9580,136
2026-08-05 22:49:35,NVDA,219.9400,219.9700,219.9200,219.9500,15764.0000,219.9440,88
2026-08-05 22:49:40,NVDA,219.9600,220.0300,219.9600,220.0300,12080.0000,219.9840,60
2026-08-05 22:49:45,NVDA,220.0300,220.0700,220.0200,220.0700,13507.0000,220.0380,59
2026-08-05 22:49:50,NVDA,220.0700,220.0900,220.0200,220.0700,16715.0000,220.0520,109
2026-08-05 22:49:55,NVDA,220.0800,220.2000,220.0700,220.1800,21766.0000,220.1180,140
2026-08-05 22:50:00,NVDA,220.2000,220.4100,220.1500,220.2500,80028.0000,220.2570,470
2026-08-05 22:50:05,NVDA,220.2400,220.3600,220.2300,220.3400,38449.0000,220.3190,153
2026-08-05 22:50:10,NVDA,220.3300,220.4000,220.2700,220.3900,32708.0000,220.3510,172
2026-08-05 22:50:15,NVDA,220.3700,220.3700,220.3000,220.3500,21153.0000,220.3340,119
2026-08-05 22:50:20,NVDA,220.3600,220.3600,220.3100,220.3500,27389.0000,220.3390,154
2026-08-05 22:50:25,NVDA,220.3500,220.3900,220.3400,220.3900,20863.0000,220.3660,99
2026-08-05 22:50:30,NVDA,220.3800,220.3900,220.2500,220.2500,12012.0000,220.3240,62
2026-08-05 22:50:35,NVDA,220.2600,220.2600,220.1900,220.2000,29996.0000,220.2190,155
2026-08-05 22:50:40,NVDA,220.1900,220.2700,220.1600,220.2600,29136.0000,220.2310,98
2026-08-05 22:50:45,NVDA,220.2600,220.2700,220.2200,220.2700,31632.0000,220.2570,141
2026-08-05 22:50:50,NVDA,220.2600,220.2700,220.2000,220.2300,12334.0000,220.2360,82
2026-08-05 22:50:55,NVDA,220.2300,220.2300,220.1300,220.1700,19025.0000,220.1770,120
2026-08-05 22:51:00,NVDA,220.1700,220.2300,220.1000,220.1900,34066.0000,220.1800,202
2026-08-05 22:51:05,NVDA,220.1800,220.2100,220.1700,220.1700,23970.0000,220.1850,126
2026-08-05 22:51:10,NVDA,220.1700,220.2300,220.1400,220.2000,32363.0000,220.1790,191
2026-08-05 22:51:15,NVDA,220.1800,220.2000,220.1000,220.1400,26601.0000,220.1620,131
2026-08-05 22:51:20,NVDA,220.1300,220.2100,220.1200,220.2000,31116.0000,220.1650,155
2026-08-05 22:51:25,NVDA,220.1800,220.1900,220.1400,220.1600,11183.0000,220.1690,78
2026-08-05 22:51:30,NVDA,220.1600,220.1800,220.0500,220.1400,29947.0000,220.1310,156
2026-08-05 22:51:35,NVDA,220.1400,220.1900,220.1200,220.1700,25837.0000,220.1400,127
2026-08-05 22:51:40,NVDA,220.1700,220.1900,220.1200,220.1500,12289.0000,220.1450,77
2026-08-05 22:51:45,NVDA,220.1500,220.2600,220.1400,220.2600,23445.0000,220.1920,140
2026-08-05 22:51:50,NVDA,220.2700,220.2900,220.2300,220.2700,26840.0000,220.2520,128
2026-08-05 22:51:55,NVDA,220.2600,220.2800,220.1900,220.2000,21403.0000,220.2320,112
2026-08-05 22:52:00,NVDA,220.2000,220.2200,220.1000,220.1100,22404.0000,220.1530,142
2026-08-05 22:52:05,NVDA,220.1100,220.1600,220.0900,220.0900,15447.0000,220.1220,106
2026-08-05 22:52:10,NVDA,220.0900,220.1000,220.0200,220.0800,28021.0000,220.0660,153
2026-08-05 22:52:15,NVDA,220.0900,220.1300,220.0400,220.1300,16024.0000,220.0820,91
2026-08-05 22:52:20,NVDA,220.1200,220.1500,220.1000,220.1400,15253.0000,220.1250,94
2026-08-05 22:52:25,NVDA,220.1400,220.2100,220.1300,220.2100,12112.0000,220.1900,72
2026-08-05 22:52:30,NVDA,220.2100,220.2400,220.1900,220.2100,17684.0000,220.2100,93
2026-08-05 22:52:35,NVDA,220.2100,220.2200,220.1600,220.2100,20814.0000,220.2040,129
2026-08-05 22:52:40,NVDA,220.2000,220.2000,220.0900,220.1800,19675.0000,220.1380,114
2026-08-05 22:52:45,NVDA,220.1700,220.2200,220.1500,220.2200,18105.0000,220.1760,81
2026-08-05 22:52:50,NVDA,220.2200,220.2300,220.1800,220.2100,24109.0000,220.2030,128
2026-08-05 22:52:55,NVDA,220.2000,220.2600,220.1900,220.2200,26523.0000,220.2250,176
2026-08-05 22:53:00,NVDA,220.1900,220.2700,220.1800,220.2700,15400.0000,220.2360,99
2026-08-05 22:53:05,NVDA,220.2700,220.2900,220.2300,220.2700,30316.0000,220.2630,174
2026-08-05 22:53:10,NVDA,220.2600,220.2700,220.1900,220.1900,32282.0000,220.2260,161
2026-08-05 22:53:15,NVDA,220.1900,220.2300,220.1800,220.2300,18426.0000,220.1990,72
2026-08-05 22:53:20,NVDA,220.2300,220.2400,220.1900,220.2000,27721.0000,220.2160,96
2026-08-05 22:53:25,NVDA,220.2000,220.2300,220.1700,220.2300,11686.0000,220.2120,80
2026-08-05 22:53:30,NVDA,220.2200,220.2600,220.2200,220.2600,26513.0000,220.2410,160
2026-08-05 22:53:35,NVDA,220.2600,220.2600,220.2100,220.2400,13608.0000,220.2390,79
2026-08-05 22:53:40,NVDA,220.2600,220.3400,220.2600,220.3400,23047.0000,220.2960,131
2026-08-05 22:53:45,NVDA,220.3400,220.4400,220.3400,220.4400,34734.0000,220.3830,157
2026-08-05 22:53:50,NVDA,220.4300,220.4300,220.3200,220.3400,51048.0000,220.3570,237
2026-08-05 22:53:55,NVDA,220.3600,220.3700,220.2800,220.3500,65060.0000,220.3170,303
2026-08-05 22:54:00,NVDA,220.3600,220.3600,220.2600,220.3100,17905.0000,220.3080,128
2026-08-05 22:54:05,NVDA,220.2900,220.3300,220.2900,220.3200,23542.0000,220.3080,103
2026-08-05 22:54:10,NVDA,220.3000,220.3100,220.2300,220.2500,30111.0000,220.2660,215
2026-08-05 22:54:15,NVDA,220.2600,220.2900,220.2500,220.2800,18718.0000,220.2670,102
2026-08-05 22:54:20,NVDA,220.2700,220.2800,220.2400,220.2400,18464.0000,220.2590,103
2026-08-05 22:54:25,NVDA,220.2500,220.2600,220.1900,220.2300,25904.0000,220.2230,136
2026-08-05 22:54:30,NVDA,220.2300,220.2400,220.2000,220.2100,26275.0000,220.2300,123
2026-08-05 22:54:35,NVDA,220.2200,220.2300,220.1700,220.1900,48918.0000,220.2010,191
2026-08-05 22:54:40,NVDA,220.1800,220.1800,220.0200,220.1700,62354.0000,220.1190,312
2026-08-05 22:54:45,NVDA,220.1800,220.2500,220.1600,220.2300,17849.0000,220.2140,102
2026-08-05 22:54:50,NVDA,220.2300,220.2600,220.1800,220.2300,30704.0000,220.2360,182
2026-08-05 22:54:55,NVDA,220.2400,220.2700,220.2200,220.2700,16429.0000,220.2540,95
2026-08-05 22:55:00,NVDA,220.2800,220.3100,219.9300,219.9300,104168.0000,220.0890,500
2026-08-05 22:55:05,NVDA,219.9300,219.9900,219.8800,219.9700,74969.0000,219.9280,344
2026-08-05 22:55:10,NVDA,219.9900,220.0100,219.8700,219.9300,55451.0000,219.9370,313
2026-08-05 22:55:15,NVDA,219.9400,219.9800,219.8900,219.9600,28127.0000,219.9410,186
2026-08-05 22:55:20,NVDA,219.9600,220.0000,219.9400,219.9600,35279.0000,219.9650,172
2026-08-05 22:55:25,NVDA,219.9600,219.9600,219.9100,219.9500,32365.0000,219.9360,204
2026-08-05 22:55:30,NVDA,219.9400,219.9500,219.8600,219.8700,27535.0000,219.9010,165
2026-08-05 22:55:35,NVDA,219.8700,219.8800,219.8100,219.8200,31306.0000,219.8570,185
2026-08-05 22:55:40,NVDA,219.8200,219.9500,219.8100,219.8900,49089.0000,219.8900,252
2026-08-05 22:55:45,NVDA,219.9100,220.0100,219.9000,219.9800,77966.0000,219.9680,449
2026-08-05 22:55:50,NVDA,219.9800,220.0100,219.9600,219.9900,32260.0000,219.9830,158
2026-08-05 22:55:55,NVDA,219.9700,219.9800,219.9100,219.9300,27339.0000,219.9380,191
2026-08-05 22:56:00,NVDA,219.9200,219.9600,219.8800,219.9600,33635.0000,219.9170,224
2026-08-05 22:56:05,NVDA,219.9400,219.9600,219.9000,219.9000,32049.0000,219.9300,226
2026-08-05 22:56:10,NVDA,219.9100,219.9600,219.8800,219.9400,34302.0000,219.9150,207
2026-08-05 22:56:15,NVDA,219.9400,219.9700,219.9000,219.9700,31201.0000,219.9330,207
2026-08-05 22:56:20,NVDA,219.9700,220.0300,219.9500,219.9700,39824.0000,219.9850,253
2026-08-05 22:56:25,NVDA,219.9700,220.0200,219.9500,220.0200,27494.0000,219.9920,155
2026-08-05 22:56:30,NVDA,220.0100,220.0300,219.9500,219.9600,46086.0000,219.9910,214
2026-08-05 22:56:35,NVDA,219.9700,220.0400,219.9600,220.0000,33161.0000,220.0010,212
2026-08-05 22:56:40,NVDA,219.9900,220.0100,219.9600,219.9800,38350.0000,219.9890,229
2026-08-05 22:56:45,NVDA,219.9700,219.9800,219.9200,219.9500,45078.0000,219.9550,274
2026-08-05 22:56:50,NVDA,219.9500,220.0800,219.9300,220.0300,58598.0000,220.0100,260
2026-08-05 22:56:55,NVDA,220.0300,220.1400,220.0300,220.1400,26096.0000,220.0740,157
2026-08-05 22:57:00,NVDA,220.1400,220.1500,220.1000,220.1100,55569.0000,220.1260,347
2026-08-05 22:57:05,NVDA,220.1100,220.1200,220.0200,220.0800,51775.0000,220.0790,330
2026-08-05 22:57:10,NVDA,220.0700,220.1200,220.0400,220.0800,57214.0000,220.0850,366
2026-08-05 22:57:15,NVDA,220.0700,220.1100,220.0200,220.1000,46838.0000,220.0740,302
2026-08-05 22:57:20,NVDA,220.0900,220.1500,220.0800,220.1400,38006.0000,220.1230,220
2026-08-05 22:57:25,NVDA,220.1300,220.1300,220.0400,220.0700,68341.0000,220.1010,377
2026-08-05 22:57:30,NVDA,220.0800,220.0800,219.9900,219.9900,58953.0000,220.0400,363
2026-08-05 22:57:35,NVDA,219.9900,220.0100,219.9400,219.9700,53706.0000,219.9750,330
2026-08-05 22:57:40,NVDA,219.9700,219.9800,219.9100,219.9700,44723.0000,219.9510,294
2026-08-05 22:57:45,NVDA,219.9800,220.0600,219.9500,220.0200,46056.0000,219.9970,316
2026-08-05 22:57:50,NVDA,220.0200,220.1400,220.0200,220.1000,43624.0000,220.0910,267
2026-08-05 22:57:55,NVDA,220.0900,220.1100,220.0500,220.0800,51065.0000,220.0850,358
2026-08-05 22:58:00,NVDA,220.0800,220.1500,220.0600,220.1000,49699.0000,220.1020,322
2026-08-05 22:58:05,NVDA,220.1000,220.1300,220.0600,220.1300,45069.0000,220.0950,283
2026-08-05 22:58:10,NVDA,220.1300,220.1300,220.0100,220.0300,51645.0000,220.0730,320
2026-08-05 22:58:15,NVDA,220.0100,220.0400,219.9600,220.0300,50650.0000,219.9950,314
2026-08-05 22:58:20,NVDA,220.0200,220.0400,219.9900,220.0200,43545.0000,220.0190,266
2026-08-05 22:58:25,NVDA,220.0200,220.0400,219.9900,220.0100,58678.0000,220.0200,348
2026-08-05 22:58:30,NVDA,220.0100,220.0400,219.9800,220.0200,47096.0000,220.0140,326
2026-08-05 22:58:35,NVDA,220.0300,220.0400,219.9900,220.0300,50233.0000,220.0160,304
2026-08-05 22:58:40,NVDA,220.0400,220.1200,220.0200,220.1100,43622.0000,220.0690,264
2026-08-05 22:58:45,NVDA,220.1200,220.1300,220.0600,220.0600,54336.0000,220.0960,329
2026-08-05 22:58:50,NVDA,220.0500,220.0900,220.0300,220.0700,48886.0000,220.0570,304
2026-08-05 22:58:55,NVDA,220.0800,220.1000,220.0600,220.0800,47533.0000,220.0780,292
2026-08-05 22:59:00,NVDA,220.0900,220.1500,220.0300,220.1300,135851.0000,220.0720,685
2026-08-05 22:59:05,NVDA,220.0900,220.1000,220.0100,220.0700,79989.0000,220.0440,449
2026-08-05 22:59:10,NVDA,220.0700,220.1400,220.0600,220.1200,73592.0000,220.1060,402
2026-08-05 22:59:15,NVDA,220.1100,220.1800,220.1100,220.1600,81427.0000,220.1380,482
2026-08-05 22:59:20,NVDA,220.1700,220.1800,220.1100,220.1200,149316.0000,220.1430,684
2026-08-05 22:59:25,NVDA,220.1200,220.1200,220.0600,220.1200,75952.0000,220.0920,492
2026-08-05 22:59:30,NVDA,220.1200,220.1200,219.7700,219.8200,160132.0000,219.9050,865
2026-08-05 22:59:35,NVDA,219.8300,219.8600,219.6100,219.6500,212682.0000,219.7760,1312
2026-08-05 22:59:40,NVDA,219.6400,219.6600,219.4000,219.4100,208344.0000,219.5020,1019
2026-08-05 22:59:45,NVDA,219.4100,219.4100,219.1400,219.2500,213251.0000,219.2760,1227
2026-08-05 22:59:50,NVDA,219.2600,219.3400,219.0000,219.0700,296182.0000,219.1750,1549
2026-08-05 22:59:55,NVDA,219.1300,219.2300,218.8500,219.2100,229342.0000,219.0400,1059
