time,symbol,open,high,low,close,volume,wap,count
2026-08-04 16:30:00,PLTR,144.9600,145.5000,143.3000,144.1400,232322.0000,144.5030,845
2026-08-04 16:30:05,PLTR,144.7700,145.2800,143.2800,144.6600,179921.0000,144.1200,808
2026-08-04 16:30:10,PLTR,144.5700,145.7300,144.0800,145.5900,159654.0000,145.1230,733
2026-08-04 16:30:15,PLTR,145.5900,146.8400,145.1600,146.2800,333113.0000,146.2360,1268
2026-08-04 16:30:20,PLTR,146.4100,146.9400,145.5100,146.8600,123469.0000,146.6680,482
2026-08-04 16:30:25,PLTR,146.8300,146.8800,146.1100,146.1400,111978.0000,146.6040,431
2026-08-04 16:30:30,PLTR,146.1400,147.0000,146.0500,146.7300,177836.0000,146.7510,665
2026-08-04 16:30:35,PLTR,146.7500,147.1600,146.1200,147.1600,135083.0000,146.7490,531
2026-08-04 16:30:40,PLTR,147.1800,147.7800,146.5800,147.6700,185034.0000,147.4020,713
2026-08-04 16:30:45,PLTR,147.7300,148.1900,147.6600,148.0700,255248.0000,148.0010,718
2026-08-04 16:30:50,PLTR,148.0800,148.5600,148.0300,148.5200,257289.0000,148.3580,661
2026-08-04 16:30:55,PLTR,148.4800,148.6300,148.2200,148.4500,117225.0000,148.4680,432
2026-08-04 16:31:00,PLTR,148.4600,149.3100,148.4200,148.8800,263139.0000,148.9820,929
2026-08-04 16:31:05,PLTR,148.8800,149.3000,148.7900,149.0200,114739.0000,148.9800,456
2026-08-04 16:31:10,PLTR,149.0300,149.5800,148.8200,149.5500,189565.0000,149.2840,745
2026-08-04 16:31:15,PLTR,149.4700,149.7400,149.2600,149.3700,177161.0000,149.5410,777
2026-08-04 16:31:20,PLTR,149.3100,149.5800,148.4500,148.5300,136473.0000,148.9410,613
2026-08-04 16:31:25,PLTR,148.5300,149.2500,148.3300,149.1700,135205.0000,148.5690,542
2026-08-04 16:31:30,PLTR,149.1700,149.4000,148.5500,149.1400,97511.0000,149.1400,484
2026-08-04 16:31:35,PLTR,149.0300,149.3900,148.8400,149.1000,133933.0000,149.1370,630
2026-08-04 16:31:40,PLTR,149.1300,149.1900,148.2500,148.2600,101038.0000,148.8040,487
2026-08-04 16:31:45,PLTR,148.2600,148.7800,147.9200,148.5700,130107.0000,148.2290,492
2026-08-04 16:31:50,PLTR,148.5000,148.6200,147.1000,147.1700,125193.0000,147.8290,507
2026-08-04 16:31:55,PLTR,147.2600,147.6700,146.4300,146.6300,142039.0000,146.9960,583
2026-08-04 16:32:00,PLTR,146.7900,147.3500,145.5800,147.1300,170429.0000,146.3270,873
2026-08-04 16:32:05,PLTR,147.1100,147.3700,146.7200,147.3700,119762.0000,147.0500,444
2026-08-04 16:32:10,PLTR,147.3300,147.8500,147.0200,147.4800,99320.0000,147.6300,454
2026-08-04 16:32:15,PLTR,147.5800,148.2200,147.4900,147.7400,132618.0000,147.8080,560
2026-08-04 16:32:20,PLTR,147.6600,147.8800,146.7000,147.2200,97081.0000,147.3740,444
2026-08-04 16:32:25,PLTR,147.2200,148.1100,147.1300,148.0100,62358.0000,147.5950,279
2026-08-04 16:32:30,PLTR,147.9600,148.4400,147.8700,148.2100,91979.0000,148.2130,517
2026-08-04 16:32:35,PLTR,148.1100,148.6400,148.1000,148.4000,93292.0000,148.4190,490
2026-08-04 16:32:40,PLTR,148.4000,149.2000,148.2900,149.0000,241064.0000,148.9470,657
2026-08-04 16:32:45,PLTR,148.8800,148.9900,148.5600,148.6700,90293.0000,148.7850,393
2026-08-04 16:32:50,PLTR,148.6900,148.8800,148.5000,148.5900,51954.0000,148.6580,246
2026-08-04 16:32:55,PLTR,148.5900,148.6600,148.0000,148.5600,61185.0000,148.3260,320
2026-08-04 16:33:00,PLTR,148.4600,148.7300,148.0300,148.1300,62906.0000,148.3870,307
2026-08-04 16:33:05,PLTR,148.2200,148.3600,147.6000,147.6800,58573.0000,147.8940,275
2026-08-04 16:33:10,PLTR,147.7300,148.2400,147.6000,148.0400,70743.0000,147.9340,306
2026-08-04 16:33:15,PLTR,147.9800,148.5000,147.9400,148.0700,58838.0000,148.2320,297
2026-08-04 16:33:20,PLTR,148.1200,148.2200,147.7100,148.0200,86152.0000,147.9380,412
2026-08-04 16:33:25,PLTR,148.0200,148.0200,147.5100,147.7200,49654.0000,147.7060,223
2026-08-04 16:33:30,PLTR,147.7200,148.2300,147.6100,148.0500,63516.0000,147.8530,368
2026-08-04 16:33:35,PLTR,148.1000,148.2400,147.7600,148.0000,41600.0000,148.0540,221
2026-08-04 16:33:40,PLTR,147.9200,148.3800,147.8500,148.0500,70576.0000,148.1640,267
2026-08-04 16:33:45,PLTR,148.0800,148.1600,147.3300,147.5700,74621.0000,147.7450,413
2026-08-04 16:33:50,PLTR,147.5700,147.8400,147.0800,147.6600,40724.0000,147.6270,201
2026-08-04 16:33:55,PLTR,147.6300,147.7200,147.4300,147.4700,51209.0000,147.5550,242
2026-08-04 16:34:00,PLTR,147.4700,148.2700,147.3900,147.9200,104536.0000,147.9300,527
2026-08-04 16:34:05,PLTR,147.9600,148.1800,147.7200,148.1100,90555.0000,147.9180,365
2026-08-04 16:34:10,PLTR,148.0300,148.3200,147.7000,148.2600,58920.0000,148.0030,355
2026-08-04 16:34:15,PLTR,148.2600,148.8300,148.2400,148.7500,170234.0000,148.5690,747
2026-08-04 16:34:20,PLTR,148.7800,148.9900,148.7600,148.9000,72841.0000,148.9020,391
2026-08-04 16:34:25,PLTR,148.8600,149.4200,148.8600,149.2900,188731.0000,149.1190,764
2026-08-04 16:34:30,PLTR,149.3300,149.4500,149.1700,149.2300,103786.0000,149.2990,427
2026-08-04 16:34:35,PLTR,149.2500,149.2800,149.0000,149.1000,110437.0000,149.1670,431
2026-08-04 16:34:40,PLTR,149.1000,149.6300,148.9900,149.5800,104103.0000,149.3760,503
2026-08-04 16:34:45,PLTR,149.5900,149.8400,149.2600,149.5300,118749.0000,149.6370,514
2026-08-04 16:34:50,PLTR,149.5300,149.6700,149.4400,149.6400,65005.0000,149.5740,249
2026-08-04 16:34:55,PLTR,149.6100,149.8500,149.5900,149.8100,69363.0000,149.7590,253
2026-08-04 16:35:00,PLTR,149.7900,150.4000,149.7500,150.2900,267271.0000,150.0220,939
2026-08-04 16:35:05,PLTR,150.3100,150.7400,150.2700,150.3600,147356.0000,150.4650,672
2026-08-04 16:35:10,PLTR,150.3600,150.4400,150.1800,150.2300,101110.0000,150.3140,553
2026-08-04 16:35:15,PLTR,150.2100,150.7800,150.2000,150.7600,103777.0000,150.5410,521
2026-08-04 16:35:20,PLTR,150.7300,150.7800,150.2800,150.3600,82979.0000,150.4690,425
2026-08-04 16:35:25,PLTR,150.3100,150.6600,150.1000,150.6500,75047.0000,150.4350,344
2026-08-04 16:35:30,PLTR,150.6600,150.8000,150.4400,150.7600,82180.0000,150.6170,380
2026-08-04 16:35:35,PLTR,150.7300,150.9800,150.5600,150.9300,100852.0000,150.7420,372
2026-08-04 16:35:40,PLTR,150.9000,150.9800,150.7800,150.8100,86801.0000,150.9220,334
2026-08-04 16:35:45,PLTR,150.8000,151.1900,150.7200,150.9800,201746.0000,150.9450,592
2026-08-04 16:35:50,PLTR,150.9800,151.0200,150.8100,150.9400,106831.0000,150.9120,465
2026-08-04 16:35:55,PLTR,150.9200,151.2500,150.9000,151.0000,107052.0000,151.0270,461
2026-08-04 16:36:00,PLTR,151.1200,151.2300,150.8000,151.0000,147552.0000,151.0040,801
2026-08-04 16:36:05,PLTR,151.0000,151.4400,151.0000,151.3300,144573.0000,151.2740,699
2026-08-04 16:36:10,PLTR,151.3500,151.4200,150.9700,151.1200,153135.0000,151.1710,732
2026-08-04 16:36:15,PLTR,151.1600,151.4600,151.0300,151.3100,91164.0000,151.3540,593
2026-08-04 16:36:20,PLTR,151.3600,151.4400,150.8000,150.9700,140527.0000,151.0400,663
2026-08-04 16:36:25,PLTR,150.9700,151.1300,150.7700,150.8900,113104.0000,151.0010,610
2026-08-04 16:36:30,PLTR,150.8900,151.1800,150.8400,151.1700,66566.0000,150.9960,364
2026-08-04 16:36:35,PLTR,151.1400,151.6800,151.0800,151.6500,144842.0000,151.5310,642
2026-08-04 16:36:40,PLTR,151.6300,151.6700,151.3800,151.4400,82323.0000,151.5140,356
2026-08-04 16:36:45,PLTR,151.4500,151.5300,151.3300,151.4300,51167.0000,151.4070,260
2026-08-04 16:36:50,PLTR,151.4300,151.4900,150.9500,151.1700,96902.0000,151.1680,445
2026-08-04 16:36:55,PLTR,151.1700,151.4200,151.1700,151.4100,30403.0000,151.3120,141
2026-08-04 16:37:00,PLTR,151.3800,151.7500,151.3000,151.6400,67833.0000,151.5170,320
2026-08-04 16:37:05,PLTR,151.6600,151.8300,151.5900,151.6500,67637.0000,151.7170,326
2026-08-04 16:37:10,PLTR,151.6900,151.8000,151.5300,151.7200,50207.0000,151.6870,256
2026-08-04 16:37:15,PLTR,151.6400,151.8900,151.5700,151.6100,67208.0000,151.7030,304
2026-08-04 16:37:20,PLTR,151.6300,151.7700,151.4100,151.6700,59917.0000,151.5690,355
2026-08-04 16:37:25,PLTR,151.6700,151.7000,151.3800,151.4500,120793.0000,151.4930,334
2026-08-04 16:37:30,PLTR,151.4400,151.5400,151.1400,151.1400,56406.0000,151.3790,256
2026-08-04 16:37:35,PLTR,151.1200,151.1800,150.8500,150.8800,73787.0000,151.0200,373
2026-08-04 16:37:40,PLTR,150.8500,151.3600,150.6500,150.8800,88237.0000,151.0400,457
2026-08-04 16:37:45,PLTR,150.8800,151.0300,150.7200,150.7600,55219.0000,150.9050,235
2026-08-04 16:37:50,PLTR,150.7400,150.7900,150.5000,150.6700,41550.0000,150.6860,179
2026-08-04 16:37:55,PLTR,150.6700,150.7100,150.3800,150.3900,60930.0000,150.5400,372
2026-08-04 16:38:00,PLTR,150.4400,150.6900,150.3400,150.5600,44613.0000,150.5100,224
2026-08-04 16:38:05,PLTR,150.5700,151.0000,150.5600,150.9400,50760.0000,150.7960,239
2026-08-04 16:38:10,PLTR,150.9600,151.4000,150.8800,151.3600,81256.0000,151.2210,406
2026-08-04 16:38:15,PLTR,151.3600,151.5100,151.3100,151.3700,59541.0000,151.4450,332
2026-08-04 16:38:20,PLTR,151.3700,151.4300,150.9600,151.0700,39392.0000,151.1900,189
2026-08-04 16:38:25,PLTR,151.0800,151.2300,150.9200,151.0400,38668.0000,151.0790,233
2026-08-04 16:38:30,PLTR,151.0100,151.1400,150.8800,150.9600,44218.0000,151.0260,225
2026-08-04 16:38:35,PLTR,150.9500,150.9800,150.6300,150.6700,43109.0000,150.7840,216
2026-08-04 16:38:40,PLTR,150.6700,150.8400,150.6000,150.6600,37387.0000,150.6910,206
2026-08-04 16:38:45,PLTR,150.6200,150.6300,150.1200,150.3300,57128.0000,150.3840,284
2026-08-04 16:38:50,PLTR,150.3100,150.5000,150.2700,150.3600,35556.0000,150.3720,186
2026-08-04 16:38:55,PLTR,150.3800,150.7600,150.3700,150.7400,49121.0000,150.5740,229
2026-08-04 16:39:00,PLTR,150.7900,151.1600,150.4900,150.5000,79335.0000,150.9490,386
2026-08-04 16:39:05,PLTR,150.4900,150.9300,150.4300,150.8700,57559.0000,150.7180,328
2026-08-04 16:39:10,PLTR,150.8700,150.9900,150.7700,150.8900,36772.0000,150.8700,199
2026-08-04 16:39:15,PLTR,150.9300,151.1300,150.6500,150.9700,117214.0000,150.9640,392
2026-08-04 16:39:20,PLTR,151.0100,151.1200,150.6400,150.7400,56500.0000,150.8350,254
2026-08-04 16:39:25,PLTR,150.7400,150.7400,150.5800,150.6700,31827.0000,150.6410,178
2026-08-04 16:39:30,PLTR,150.6600,150.7000,150.3300,150.3400,38989.0000,150.5130,178
2026-08-04 16:39:35,PLTR,150.3100,150.6800,150.2600,150.5900,41940.0000,150.3830,219
2026-08-04 16:39:40,PLTR,150.6700,150.6800,150.4600,150.5600,39095.0000,150.5640,223
2026-08-04 16:39:45,PLTR,150.6000,150.9200,150.5700,150.9200,37134.0000,150.7190,220
2026-08-04 16:39:50,PLTR,150.9000,151.2200,150.8700,151.0300,94901.0000,151.0700,417
2026-08-04 16:39:55,PLTR,151.0600,151.1300,150.9700,151.0400,22575.0000,151.0540,117
2026-08-04 16:40:00,PLTR,151.0300,151.1600,150.8700,151.1100,39831.0000,151.0020,154
2026-08-04 16:40:05,PLTR,151.0700,151.1000,150.7300,150.7300,41521.0000,150.9780,184
2026-08-04 16:40:10,PLTR,150.7800,150.9800,150.7300,150.8400,31127.0000,150.8590,174
2026-08-04 16:40:15,PLTR,150.8800,151.2300,150.8700,151.1400,60015.0000,151.0980,287
2026-08-04 16:40:20,PLTR,151.1000,151.2000,150.9900,151.1400,27086.0000,151.0860,127
2026-08-04 16:40:25,PLTR,151.1800,151.2500,151.1200,151.1600,51820.0000,151.1790,282
2026-08-04 16:40:30,PLTR,151.1300,151.2000,151.0000,151.0700,60319.0000,151.1000,351
2026-08-04 16:40:35,PLTR,151.0700,151.0700,150.7600,150.8800,61126.0000,150.8480,202
2026-08-04 16:40:40,PLTR,150.8900,150.9200,150.7500,150.8000,22800.0000,150.8290,118
2026-08-04 16:40:45,PLTR,150.7900,150.9100,150.7500,150.8200,24932.0000,150.8390,121
2026-08-04 16:40:50,PLTR,150.8200,151.0300,150.8200,151.0300,39947.0000,150.9310,226
2026-08-04 16:40:55,PLTR,151.0300,151.4500,151.0300,151.4200,87694.0000,151.2630,367
2026-08-04 16:41:00,PLTR,151.4100,151.4800,151.1000,151.1200,71626.0000,151.3790,362
2026-08-04 16:41:05,PLTR,151.1400,151.3600,150.9700,151.2400,45983.0000,151.1320,174
2026-08-04 16:41:10,PLTR,151.2400,151.4000,151.2300,151.3400,31385.0000,151.3310,168
2026-08-04 16:41:15,PLTR,151.3300,151.6300,151.3000,151.3500,152557.0000,151.4900,509
2026-08-04 16:41:20,PLTR,151.3500,151.5600,151.2800,151.3900,46730.0000,151.4240,202
2026-08-04 16:41:25,PLTR,151.3800,151.5000,151.2800,151.3000,28717.0000,151.3990,143
2026-08-04 16:41:30,PLTR,151.3000,151.3900,151.1000,151.1100,25294.0000,151.2520,109
2026-08-04 16:41:35,PLTR,151.0900,151.1500,150.9700,151.0900,71722.0000,151.0350,259
2026-08-04 16:41:40,PLTR,151.0500,151.2800,151.0000,151.2200,35480.0000,151.1120,160
2026-08-04 16:41:45,PLTR,151.2200,151.2700,151.0700,151.2600,31816.0000,151.1670,153
2026-08-04 16:41:50,PLTR,151.2100,151.5000,151.1500,151.4800,26238.0000,151.3110,136
2026-08-04 16:41:55,PLTR,151.4600,151.6500,151.4200,151.6200,69100.0000,151.5630,261
2026-08-04 16:42:00,PLTR,151.6000,151.6600,151.3500,151.4300,40822.0000,151.5160,231
2026-08-04 16:42:05,PLTR,151.4600,151.7600,151.4200,151.6100,43636.0000,151.6320,211
2026-08-04 16:42:10,PLTR,151.6600,151.7000,151.4200,151.4700,31025.0000,151.5400,144
2026-08-04 16:42:15,PLTR,151.5200,151.7100,151.4600,151.4900,40485.0000,151.5370,167
2026-08-04 16:42:20,PLTR,151.4500,151.6000,151.4000,151.5600,75156.0000,151.4760,253
2026-08-04 16:42:25,PLTR,151.5900,151.7600,151.4800,151.5300,56646.0000,151.6430,252
2026-08-04 16:42:30,PLTR,151.5200,151.6800,151.4600,151.6000,60412.0000,151.5430,276
2026-08-04 16:42:35,PLTR,151.6200,151.7000,151.5000,151.6700,33234.0000,151.6270,181
2026-08-04 16:42:40,PLTR,151.7000,151.7100,151.5400,151.5900,25324.0000,151.6210,115
2026-08-04 16:42:45,PLTR,151.6300,151.7800,151.5800,151.7100,41480.0000,151.7000,168
2026-08-04 16:42:50,PLTR,151.6900,151.9100,151.6800,151.8700,74251.0000,151.8350,348
2026-08-04 16:42:55,PLTR,151.9100,151.9400,151.7100,151.7700,42485.0000,151.8280,213
2026-08-04 16:43:00,PLTR,151.8000,151.9200,151.7200,151.8000,33998.0000,151.8450,184
2026-08-04 16:43:05,PLTR,151.7600,151.8600,151.5800,151.6700,63719.0000,151.7090,335
2026-08-04 16:43:10,PLTR,151.7000,151.7500,151.4600,151.5400,33604.0000,151.5670,197
2026-08-04 16:43:15,PLTR,151.5400,151.9700,151.4900,151.8400,69602.0000,151.8540,329
2026-08-04 16:43:20,PLTR,151.8600,151.9100,151.8000,151.9000,25208.0000,151.8540,116
2026-08-04 16:43:25,PLTR,151.8800,152.1800,151.8000,151.9200,144008.0000,151.9800,577
2026-08-04 16:43:30,PLTR,151.9100,152.0200,151.8000,151.8400,54585.0000,151.9030,238
2026-08-04 16:43:35,PLTR,151.8000,151.9400,151.7400,151.7400,32557.0000,151.8300,186
2026-08-04 16:43:40,PLTR,151.7800,151.9700,151.7400,151.9400,31485.0000,151.8580,157
2026-08-04 16:43:45,PLTR,151.8900,151.9300,151.7000,151.7800,35265.0000,151.8230,129
2026-08-04 16:43:50,PLTR,151.8000,151.8600,151.5100,151.6100,42806.0000,151.6760,209
2026-08-04 16:43:55,PLTR,151.6100,151.7900,151.6000,151.7000,34172.0000,151.6810,173
2026-08-04 16:44:00,PLTR,151.6800,151.7600,151.4200,151.4200,55508.0000,151.5720,265
2026-08-04 16:44:05,PLTR,151.4500,151.7400,151.2100,151.5900,48065.0000,151.5030,291
2026-08-04 16:44:10,PLTR,151.5800,151.8000,151.3900,151.4900,60205.0000,151.6210,337
2026-08-04 16:44:15,PLTR,151.4600,151.6000,151.3900,151.5600,38607.0000,151.5000,198
2026-08-04 16:44:20,PLTR,151.5600,151.6300,151.4000,151.4100,34062.0000,151.5250,184
2026-08-04 16:44:25,PLTR,151.4500,151.4600,151.1000,151.1000,54777.0000,151.2420,250
2026-08-04 16:44:30,PLTR,151.1000,151.1200,150.7700,150.7700,86004.0000,150.9290,348
2026-08-04 16:44:35,PLTR,150.7800,151.0400,150.7400,150.9800,58749.0000,150.8770,208
2026-08-04 16:44:40,PLTR,150.9700,151.3500,150.9100,151.1300,93687.0000,151.1770,355
2026-08-04 16:44:45,PLTR,151.0700,151.1100,150.8000,150.8800,33637.0000,150.9430,151
2026-08-04 16:44:50,PLTR,150.9100,151.2500,150.8700,151.2500,36905.0000,151.0880,170
2026-08-04 16:44:55,PLTR,151.2500,151.2700,151.0300,151.1300,24982.0000,151.1790,101
2026-08-04 16:45:00,PLTR,151.0700,151.1200,150.7900,151.0800,25447.0000,150.9480,142
2026-08-04 16:45:05,PLTR,151.0800,151.2000,150.9300,150.9600,39485.0000,151.0950,185
2026-08-04 16:45:10,PLTR,150.9700,151.1900,150.9500,151.1400,44627.0000,151.0730,219
2026-08-04 16:45:15,PLTR,151.1600,151.3500,151.1200,151.2600,32762.0000,151.2300,130
2026-08-04 16:45:20,PLTR,151.2600,151.4300,151.1900,151.3400,34278.0000,151.3200,151
2026-08-04 16:45:25,PLTR,151.3400,151.3700,150.9400,150.9900,55659.0000,151.2090,270
2026-08-04 16:45:30,PLTR,150.9700,150.9900,150.7800,150.9400,33108.0000,150.8850,174
2026-08-04 16:45:35,PLTR,150.9500,151.0000,150.8300,150.8700,67422.0000,150.9250,186
2026-08-04 16:45:40,PLTR,150.8500,150.8900,150.6200,150.6200,38330.0000,150.7670,197
2026-08-04 16:45:45,PLTR,150.6200,150.7500,150.5300,150.7000,39921.0000,150.6210,214
2026-08-04 16:45:50,PLTR,150.7000,151.2200,150.6800,151.1900,68333.0000,151.0360,379
2026-08-04 16:45:55,PLTR,151.1900,151.2300,150.8800,151.0200,54725.0000,151.0380,254
2026-08-04 16:46:00,PLTR,150.9900,151.1000,150.8500,150.9100,23703.0000,150.9630,134
2026-08-04 16:46:05,PLTR,150.8400,150.9400,150.7700,150.8300,44491.0000,150.8360,172
2026-08-04 16:46:10,PLTR,150.8100,150.9900,150.7300,150.8800,59228.0000,150.8620,277
2026-08-04 16:46:15,PLTR,150.8800,151.0300,150.3800,150.4000,147185.0000,150.6580,453
2026-08-04 16:46:20,PLTR,150.4200,150.5900,150.3600,150.4900,41463.0000,150.4810,234
2026-08-04 16:46:25,PLTR,150.4900,150.8200,150.3600,150.7200,54988.0000,150.5790,279
2026-08-04 16:46:30,PLTR,150.6600,150.8300,150.6600,150.7800,19882.0000,150.7570,89
2026-08-04 16:46:35,PLTR,150.7700,150.8000,150.4500,150.5300,27271.0000,150.6140,159
2026-08-04 16:46:40,PLTR,150.5000,150.8500,150.4500,150.7200,44753.0000,150.6290,208
2026-08-04 16:46:45,PLTR,150.7200,150.9700,150.6600,150.9100,35428.0000,150.8560,187
2026-08-04 16:46:50,PLTR,150.9400,150.9700,150.8200,150.9500,26940.0000,150.9090,159
2026-08-04 16:46:55,PLTR,150.9500,150.9800,150.6100,150.7400,37071.0000,150.7160,191
2026-08-04 16:47:00,PLTR,150.6700,150.8400,150.5700,150.6700,13423.0000,150.7060,86
2026-08-04 16:47:05,PLTR,150.6900,150.8300,150.5000,150.5000,37387.0000,150.6900,160
2026-08-04 16:47:10,PLTR,150.5300,150.5800,150.3300,150.5000,62732.0000,150.4370,175
2026-08-04 16:47:15,PLTR,150.4700,150.6600,150.3900,150.5600,53290.0000,150.5350,193
2026-08-04 16:47:20,PLTR,150.5800,150.7000,150.4900,150.5200,41092.0000,150.6090,181
2026-08-04 16:47:25,PLTR,150.5500,150.8000,150.5500,150.7800,47493.0000,150.7020,191
2026-08-04 16:47:30,PLTR,150.7700,150.8200,150.6200,150.6900,19553.0000,150.7370,91
2026-08-04 16:47:35,PLTR,150.6600,150.8300,150.6500,150.7400,27194.0000,150.7470,135
2026-08-04 16:47:40,PLTR,150.8300,150.9300,150.7900,150.8800,21509.0000,150.8590,99
2026-08-04 16:47:45,PLTR,150.9100,150.9400,150.6600,150.6800,24043.0000,150.8250,128
2026-08-04 16:47:50,PLTR,150.6800,150.8500,150.5700,150.6100,22644.0000,150.6800,103
2026-08-04 16:47:55,PLTR,150.5700,150.7700,150.5700,150.7600,16229.0000,150.7280,85
2026-08-04 16:48:00,PLTR,150.7500,150.8700,150.6900,150.8100,22256.0000,150.7940,108
2026-08-04 16:48:05,PLTR,150.8300,151.1600,150.8100,151.1200,149279.0000,151.0340,529
2026-08-04 16:48:10,PLTR,151.1000,151.1200,150.9700,151.0000,43135.0000,151.0460,171
2026-08-04 16:48:15,PLTR,150.9800,151.1800,150.9300,151.0700,27724.0000,151.0690,192
2026-08-04 16:48:20,PLTR,151.0600,151.1000,150.8400,150.8900,32868.0000,151.0030,183
2026-08-04 16:48:25,PLTR,150.9100,150.9900,150.8500,150.9100,28123.0000,150.9200,116
2026-08-04 16:48:30,PLTR,150.8900,151.0400,150.8400,150.9100,23417.0000,150.9260,116
2026-08-04 16:48:35,PLTR,150.9100,151.0500,150.8900,151.0000,25953.0000,150.9810,133
2026-08-04 16:48:40,PLTR,151.0400,151.1800,150.7400,150.8900,41213.0000,151.0000,258
2026-08-04 16:48:45,PLTR,150.8900,151.0300,150.8200,150.9300,24632.0000,150.9430,139
2026-08-04 16:48:50,PLTR,150.9700,151.0400,150.8600,150.9000,26861.0000,150.9440,144
2026-08-04 16:48:55,PLTR,150.9300,151.0000,150.9100,150.9500,14584.0000,150.9470,82
2026-08-04 16:49:00,PLTR,150.9900,151.0300,150.7000,150.7500,62949.0000,150.9010,250
2026-08-04 16:49:05,PLTR,150.7800,150.8800,150.6900,150.7900,23898.0000,150.7960,145
2026-08-04 16:49:10,PLTR,150.7900,150.9700,150.7400,150.9400,34467.0000,150.8260,204
2026-08-04 16:49:15,PLTR,150.9600,151.0800,150.8300,151.0400,56518.0000,151.0070,261
2026-08-04 16:49:20,PLTR,151.0700,151.0700,150.8300,151.0300,39212.0000,150.9570,186
2026-08-04 16:49:25,PLTR,151.0100,151.1000,150.9000,150.9500,26944.0000,151.0060,158
2026-08-04 16:49:30,PLTR,150.9700,151.0100,150.8600,150.9400,33293.0000,150.9520,115
2026-08-04 16:49:35,PLTR,150.9300,151.0200,150.8000,150.9800,86063.0000,150.9260,313
2026-08-04 16:49:40,PLTR,150.9600,151.1200,150.9400,151.0700,30944.0000,151.0490,194
2026-08-04 16:49:45,PLTR,151.0800,151.3000,151.0800,151.1000,72188.0000,151.2150,327
2026-08-04 16:49:50,PLTR,151.0600,151.2000,151.0400,151.1700,27587.0000,151.1200,152
2026-08-04 16:49:55,PLTR,151.1500,151.1900,151.0900,151.1300,21639.0000,151.1270,102
2026-08-04 16:50:00,PLTR,151.1300,151.2500,151.1000,151.2000,19148.0000,151.1800,108
2026-08-04 16:50:05,PLTR,151.2000,151.3700,151.0500,151.2500,62016.0000,151.2410,318
2026-08-04 16:50:10,PLTR,151.2000,151.6000,151.0400,151.5200,78512.0000,151.3950,359
2026-08-04 16:50:15,PLTR,151.5100,151.6300,151.4400,151.4500,67303.0000,151.5180,221
2026-08-04 16:50:20,PLTR,151.4400,151.5300,151.4100,151.4400,33523.0000,151.4570,193
2026-08-04 16:50:25,PLTR,151.4700,151.4700,151.2800,151.3400,32382.0000,151.3690,177
2026-08-04 16:50:30,PLTR,151.3100,151.4800,151.2800,151.3000,23863.0000,151.3430,111
2026-08-04 16:50:35,PLTR,151.2800,151.4800,151.1500,151.1900,31337.0000,151.2480,180
2026-08-04 16:50:40,PLTR,151.1600,151.2200,150.9800,151.0300,37540.0000,151.0860,169
2026-08-04 16:50:45,PLTR,151.0600,151.0700,150.9700,151.0100,15655.0000,151.0160,92
2026-08-04 16:50:50,PLTR,151.0100,151.0300,150.7200,150.9700,70082.0000,150.8670,324
2026-08-04 16:50:55,PLTR,151.0000,151.0900,150.9500,151.0600,19803.0000,151.0130,101
2026-08-04 16:51:00,PLTR,151.1000,151.2100,151.0500,151.1000,24088.0000,151.1310,145
2026-08-04 16:51:05,PLTR,151.1300,151.3000,151.1300,151.2300,25255.0000,151.2260,123
2026-08-04 16:51:10,PLTR,151.2600,151.5300,151.2600,151.4800,35857.0000,151.4400,169
2026-08-04 16:51:15,PLTR,151.4800,151.6300,151.4300,151.5000,47861.0000,151.5060,246
2026-08-04 16:51:20,PLTR,151.5100,151.6500,151.5000,151.5600,38652.0000,151.5840,257
2026-08-04 16:51:25,PLTR,151.5600,151.5700,151.4800,151.5000,22427.0000,151.5260,132
2026-08-04 16:51:30,PLTR,151.5000,151.5200,151.1200,151.1800,33841.0000,151.2870,188
2026-08-04 16:51:35,PLTR,151.1400,151.4900,151.1400,151.4800,17923.0000,151.2980,116
2026-08-04 16:51:40,PLTR,151.5000,151.7500,151.4200,151.6900,35515.0000,151.6150,187
2026-08-04 16:51:45,PLTR,151.7400,151.7500,151.4700,151.6400,38020.0000,151.6150,176
2026-08-04 16:51:50,PLTR,151.6100,151.8000,151.6000,151.6900,36470.0000,151.7160,176
2026-08-04 16:51:55,PLTR,151.6700,151.7100,151.5500,151.5700,26999.0000,151.6050,145
2026-08-04 16:52:00,PLTR,151.5700,151.9900,151.5500,151.9200,74982.0000,151.8220,359
2026-08-04 16:52:05,PLTR,151.9000,151.9900,151.8000,151.9500,67132.0000,151.9300,222
2026-08-04 16:52:10,PLTR,151.9500,152.0300,151.8700,152.0000,129553.0000,151.9790,460
2026-08-04 16:52:15,PLTR,152.0100,152.1500,151.9000,151.9600,46800.0000,152.0100,305
2026-08-04 16:52:20,PLTR,151.9700,152.0100,151.9000,151.9500,40641.0000,151.9560,242
2026-08-04 16:52:25,PLTR,151.9500,152.0600,151.9000,152.0300,44446.0000,151.9890,245
2026-08-04 16:52:30,PLTR,152.0200,152.0800,151.8700,151.9200,58742.0000,151.9310,264
2026-08-04 16:52:35,PLTR,151.9400,152.0000,151.8700,151.9500,40588.0000,151.9450,160
2026-08-04 16:52:40,PLTR,151.9500,152.1600,151.9500,152.0000,52723.0000,152.0330,248
2026-08-04 16:52:45,PLTR,152.0000,152.1500,151.9500,152.0600,25647.0000,152.0520,148
2026-08-04 16:52:50,PLTR,152.1000,152.2500,152.0200,152.1800,93159.0000,152.1560,359
2026-08-04 16:52:55,PLTR,152.2000,152.2500,152.0400,152.0400,29019.0000,152.1200,122
2026-08-04 16:53:00,PLTR,152.0700,152.2000,152.0300,152.1400,36377.0000,152.1120,190
2026-08-04 16:53:05,PLTR,152.1700,152.2700,152.0600,152.2200,47878.0000,152.1730,220
2026-08-04 16:53:10,PLTR,152.2200,152.2600,152.1400,152.1700,24669.0000,152.2000,112
2026-08-04 16:53:15,PLTR,152.1700,152.2700,152.1400,152.1900,51609.0000,152.2000,201
2026-08-04 16:53:20,PLTR,152.1900,152.7500,152.1900,152.7300,150881.0000,152.4860,511
2026-08-04 16:53:25,PLTR,152.7200,152.7500,152.5900,152.6600,54386.0000,152.6870,238
2026-08-04 16:53:30,PLTR,152.6000,152.6100,152.3600,152.5500,58261.0000,152.4730,272
2026-08-04 16:53:35,PLTR,152.5500,152.5900,152.5000,152.5100,35776.0000,152.5530,188
2026-08-04 16:53:40,PLTR,152.5300,152.6300,152.4600,152.5400,66124.0000,152.5670,278
2026-08-04 16:53:45,PLTR,152.5000,152.5700,152.4400,152.5100,29899.0000,152.5190,125
2026-08-04 16:53:50,PLTR,152.5100,152.5200,152.3600,152.4300,30085.0000,152.4450,138
2026-08-04 16:53:55,PLTR,152.3700,152.5900,152.3700,152.4400,26998.0000,152.5000,115
2026-08-04 16:54:00,PLTR,152.4500,152.6000,152.4300,152.4500,26710.0000,152.5340,124
2026-08-04 16:54:05,PLTR,152.4800,152.4900,152.3900,152.4200,26798.0000,152.4480,92
2026-08-04 16:54:10,PLTR,152.4200,152.4600,152.1000,152.2300,92356.0000,152.2240,392
2026-08-04 16:54:15,PLTR,152.2300,152.2700,152.0200,152.0600,30099.0000,152.0970,130
2026-08-04 16:54:20,PLTR,152.1100,152.1900,152.0300,152.0400,21833.0000,152.1140,102
2026-08-04 16:54:25,PLTR,152.0300,152.1200,152.0100,152.0400,19924.0000,152.0480,99
2026-08-04 16:54:30,PLTR,152.0900,152.2500,152.0100,152.2200,51772.0000,152.1180,274
2026-08-04 16:54:35,PLTR,152.2400,152.4900,152.2200,152.4100,35319.0000,152.3530,169
2026-08-04 16:54:40,PLTR,152.3600,152.4500,152.3100,152.4100,14176.0000,152.3820,68
2026-08-04 16:54:45,PLTR,152.4100,152.5800,152.3800,152.5200,27699.0000,152.5130,151
2026-08-04 16:54:50,PLTR,152.5500,152.5800,152.4700,152.5800,27061.0000,152.5430,132
2026-08-04 16:54:55,PLTR,152.5600,152.6400,152.3200,152.3200,30705.0000,152.5060,161
2026-08-04 16:55:00,PLTR,152.3400,152.3900,152.2200,152.2800,17581.0000,152.3000,92
2026-08-04 16:55:05,PLTR,152.2400,152.5300,152.2300,152.4400,34157.0000,152.4120,145
2026-08-04 16:55:10,PLTR,152.4300,152.5300,152.4100,152.5100,21026.0000,152.4740,103
2026-08-04 16:55:15,PLTR,152.5100,152.5500,152.4100,152.5500,21891.0000,152.5020,116
2026-08-04 16:55:20,PLTR,152.5300,152.5500,152.3200,152.4700,20534.0000,152.4510,97
2026-08-04 16:55:25,PLTR,152.4900,152.5600,152.4700,152.5300,18100.0000,152.5240,91
2026-08-04 16:55:30,PLTR,152.5400,152.5800,152.4300,152.4700,23532.0000,152.4980,139
2026-08-04 16:55:35,PLTR,152.5000,152.5000,152.3000,152.3200,21475.0000,152.3930,117
2026-08-04 16:55:40,PLTR,152.3000,152.3500,152.1800,152.2200,40788.0000,152.2390,151
2026-08-04 16:55:45,PLTR,152.2000,152.3000,152.1300,152.1600,23409.0000,152.2260,115
2026-08-04 16:55:50,PLTR,152.1800,152.3000,152.1200,152.2200,17204.0000,152.2150,81
2026-08-04 16:55:55,PLTR,152.2300,152.2500,152.1200,152.2500,27555.0000,152.1930,115
2026-08-04 16:56:00,PLTR,152.2200,152.3600,152.1900,152.2300,26793.0000,152.2770,146
2026-08-04 16:56:05,PLTR,152.2200,152.2800,152.1400,152.1800,18408.0000,152.1920,92
2026-08-04 16:56:10,PLTR,152.1500,152.2100,152.0800,152.1100,25628.0000,152.1430,142
2026-08-04 16:56:15,PLTR,152.1100,152.4500,152.0800,152.4500,34433.0000,152.2590,166
2026-08-04 16:56:20,PLTR,152.4500,152.5500,152.4100,152.5000,49578.0000,152.5030,228
2026-08-04 16:56:25,PLTR,152.4700,152.4900,152.3300,152.3800,26436.0000,152.4010,139
2026-08-04 16:56:30,PLTR,152.3800,152.4100,152.1500,152.2600,17184.0000,152.2400,84
2026-08-04 16:56:35,PLTR,152.2800,152.3300,152.1000,152.1300,24226.0000,152.1760,121
2026-08-04 16:56:40,PLTR,152.1200,152.1800,152.0300,152.0500,36696.0000,152.1210,182
2026-08-04 16:56:45,PLTR,152.0700,152.1900,151.9200,151.9200,65517.0000,152.0090,313
2026-08-04 16:56:50,PLTR,151.9200,152.1300,151.9000,152.0900,72034.0000,151.9840,315
2026-08-04 16:56:55,PLTR,152.1100,152.2600,152.0100,152.2200,35178.0000,152.0930,171
2026-08-04 16:57:00,PLTR,152.2600,152.3900,152.2000,152.3600,19042.0000,152.3130,108
2026-08-04 16:57:05,PLTR,152.3600,152.4500,152.3100,152.4500,22769.0000,152.3850,102
2026-08-04 16:57:10,PLTR,152.4700,152.7200,152.4400,152.7200,121652.0000,152.5920,384
2026-08-04 16:57:15,PLTR,152.6900,152.8100,152.4800,152.5500,91900.0000,152.7560,279
2026-08-04 16:57:20,PLTR,152.7000,152.7100,152.3600,152.6000,25785.0000,152.4440,113
2026-08-04 16:57:25,PLTR,152.5900,152.6200,152.3800,152.4500,37283.0000,152.4670,107
2026-08-04 16:57:30,PLTR,152.4900,152.4900,152.3100,152.4300,26750.0000,152.3770,137
2026-08-04 16:57:35,PLTR,152.4100,152.5300,152.3800,152.4600,22560.0000,152.4720,110
2026-08-04 16:57:40,PLTR,152.4700,152.6200,152.4400,152.6000,27198.0000,152.5380,147
2026-08-04 16:57:45,PLTR,152.5900,152.8800,152.5900,152.8800,59228.0000,152.7630,216
2026-08-04 16:57:50,PLTR,152.8800,152.9600,152.7600,152.7900,60558.0000,152.8820,215
2026-08-04 16:57:55,PLTR,152.8300,152.9200,152.7900,152.9000,33241.0000,152.8590,140
2026-08-04 16:58:00,PLTR,152.8900,152.9700,152.7700,152.9000,35124.0000,152.8860,170
2026-08-04 16:58:05,PLTR,152.8400,152.9400,152.8300,152.9000,27513.0000,152.8730,116
2026-08-04 16:58:10,PLTR,152.9200,152.9600,152.8100,152.9600,42542.0000,152.9040,155
2026-08-04 16:58:15,PLTR,152.9600,153.2000,152.8800,153.1900,138951.0000,153.0610,614
2026-08-04 16:58:20,PLTR,153.1700,153.3000,153.1000,153.2900,91500.0000,153.2290,321
2026-08-04 16:58:25,PLTR,153.3000,153.3100,153.1800,153.2000,34801.0000,153.2320,181
2026-08-04 16:58:30,PLTR,153.2100,153.3500,153.1600,153.2400,38130.0000,153.2460,166
2026-08-04 16:58:35,PLTR,153.2400,153.3400,153.1800,153.2100,46193.0000,153.2650,179
2026-08-04 16:58:40,PLTR,153.2300,153.4400,153.2300,153.4300,37199.0000,153.3630,141
2026-08-04 16:58:45,PLTR,153.4500,153.9100,153.4100,153.8900,115370.0000,153.6530,484
2026-08-04 16:58:50,PLTR,153.9100,153.9600,153.7700,153.8800,64728.0000,153.8770,230
2026-08-04 16:58:55,PLTR,153.8600,153.9400,153.8200,153.8400,46509.0000,153.8750,192
2026-08-04 16:59:00,PLTR,153.8400,153.9000,153.7500,153.8000,41004.0000,153.8370,208
2026-08-04 16:59:05,PLTR,153.7900,153.8300,153.6700,153.7900,41576.0000,153.7460,178
2026-08-04 16:59:10,PLTR,153.8100,153.8800,153.7100,153.8500,37992.0000,153.8230,161
2026-08-04 16:59:15,PLTR,153.8800,154.1200,153.8300,153.9800,137881.0000,153.9980,440
2026-08-04 16:59:20,PLTR,153.9800,154.0300,153.7800,153.8100,40822.0000,153.8850,169
2026-08-04 16:59:25,PLTR,153.8100,153.9000,153.7000,153.7200,38603.0000,153.8120,183
2026-08-04 16:59:30,PLTR,153.7200,153.9000,153.6100,153.8600,44156.0000,153.7200,188
2026-08-04 16:59:35,PLTR,153.8700,153.9200,153.7900,153.9000,31365.0000,153.8620,173
2026-08-04 16:59:40,PLTR,153.8600,154.1000,153.8600,153.8700,54844.0000,153.9770,295
2026-08-04 16:59:45,PLTR,153.8900,153.9700,153.8200,153.9500,46631.0000,153.9130,231
2026-08-04 16:59:50,PLTR,153.9500,154.1000,153.9100,154.0600,44969.0000,153.9800,242
2026-08-04 16:59:55,PLTR,154.0600,154.1500,153.9900,154.1400,45632.0000,154.0790,176
2026-08-04 17:00:00,PLTR,154.1600,154.3000,154.0700,154.1600,54989.0000,154.2150,258
2026-08-04 17:00:05,PLTR,154.2200,154.2200,154.0300,154.1700,32285.0000,154.1350,162
2026-08-04 17:00:10,PLTR,154.1500,154.1800,153.9500,154.0900,39575.0000,154.0640,189
2026-08-04 17:00:15,PLTR,154.0700,154.4800,154.0300,154.4000,60419.0000,154.3560,306
2026-08-04 17:00:20,PLTR,154.4400,154.5600,154.3200,154.3700,154879.0000,154.4640,663
2026-08-04 17:00:25,PLTR,154.3700,154.4400,154.2200,154.3400,39960.0000,154.3350,176
2026-08-04 17:00:30,PLTR,154.3100,154.3400,154.1500,154.2100,37864.0000,154.2340,168
2026-08-04 17:00:35,PLTR,154.1700,154.3700,154.1500,154.3000,34713.0000,154.2710,144
2026-08-04 17:00:40,PLTR,154.3000,154.3300,154.1500,154.1500,37735.0000,154.2530,201
2026-08-04 17:00:45,PLTR,154.1500,154.1800,153.8500,153.8700,104793.0000,153.9600,443
2026-08-04 17:00:50,PLTR,153.8800,153.9900,153.7700,153.9800,36120.0000,153.8740,186
2026-08-04 17:00:55,PLTR,153.9500,154.0000,153.8800,153.9100,23872.0000,153.9440,154
2026-08-04 17:01:00,PLTR,153.9200,154.1900,153.9200,154.1000,28329.0000,154.0860,154
2026-08-04 17:01:05,PLTR,154.1000,154.2500,154.0000,154.0000,39661.0000,154.1640,205
2026-08-04 17:01:10,PLTR,154.0000,154.1000,154.0000,154.0400,25551.0000,154.0390,133
2026-08-04 17:01:15,PLTR,154.0100,154.0500,153.9000,154.0200,28585.0000,153.9890,146
2026-08-04 17:01:20,PLTR,154.0500,154.1100,154.0100,154.0200,18287.0000,154.0630,109
2026-08-04 17:01:25,PLTR,154.0200,154.0300,153.8500,153.9100,37587.0000,153.9570,174
2026-08-04 17:01:30,PLTR,153.9900,154.0400,153.8500,153.8500,18381.0000,153.9530,117
2026-08-04 17:01:35,PLTR,153.8600,153.9700,153.7200,153.9400,31606.0000,153.8340,192
2026-08-04 17:01:40,PLTR,153.9500,153.9600,153.8800,153.9200,13200.0000,153.9130,74
2026-08-04 17:01:45,PLTR,153.9200,153.9700,153.8400,153.8800,16031.0000,153.9220,86
2026-08-04 17:01:50,PLTR,153.8800,153.8800,153.6300,153.7000,40996.0000,153.7170,212
2026-08-04 17:01:55,PLTR,153.6600,153.7600,153.4200,153.5500,73257.0000,153.5410,331
2026-08-04 17:02:00,PLTR,153.5300,153.7900,153.5300,153.7700,56760.0000,153.7060,290
2026-08-04 17:02:05,PLTR,153.7600,153.7600,153.5800,153.6100,19027.0000,153.6570,101
2026-08-04 17:02:10,PLTR,153.6100,153.7200,153.5500,153.6300,30833.0000,153.6350,177
2026-08-04 17:02:15,PLTR,153.6300,153.6300,153.5400,153.5700,38242.0000,153.5840,173
2026-08-04 17:02:20,PLTR,153.5600,153.5600,153.3800,153.4400,31482.0000,153.4350,162
2026-08-04 17:02:25,PLTR,153.4300,153.4400,153.2400,153.2500,41446.0000,153.3050,178
2026-08-04 17:02:30,PLTR,153.2500,153.3200,153.1600,153.2200,36258.0000,153.2470,186
2026-08-04 17:02:35,PLTR,153.2200,153.3900,153.1600,153.2900,57536.0000,153.2610,240
2026-08-04 17:02:40,PLTR,153.2900,153.3200,153.2200,153.2800,31346.0000,153.2640,186
2026-08-04 17:02:45,PLTR,153.2700,153.3600,153.1200,153.3100,34414.0000,153.2320,185
2026-08-04 17:02:50,PLTR,153.2900,153.3300,153.1600,153.1600,15296.0000,153.2310,84
2026-08-04 17:02:55,PLTR,153.1900,153.2700,153.1200,153.1800,22151.0000,153.1930,117
2026-08-04 17:03:00,PLTR,153.2100,153.3200,153.2000,153.2100,31646.0000,153.2580,125
2026-08-04 17:03:05,PLTR,153.2400,153.2800,153.0500,153.0800,89027.0000,153.1640,287
2026-08-04 17:03:10,PLTR,153.1100,153.1900,153.0600,153.1300,24812.0000,153.1130,120
2026-08-04 17:03:15,PLTR,153.0900,153.1400,153.0200,153.0800,18372.0000,153.0860,104
2026-08-04 17:03:20,PLTR,153.0700,153.2500,153.0100,153.1400,47586.0000,153.1520,163
2026-08-04 17:03:25,PLTR,153.1400,153.1700,152.8500,153.0000,59483.0000,152.9890,308
2026-08-04 17:03:30,PLTR,153.0000,153.0500,152.8700,152.8900,30616.0000,152.9170,138
2026-08-04 17:03:35,PLTR,152.8900,152.9800,152.8900,152.9400,19570.0000,152.9450,88
2026-08-04 17:03:40,PLTR,152.9600,153.0800,152.9600,152.9900,36762.0000,153.0160,172
2026-08-04 17:03:45,PLTR,152.9800,153.1100,152.9800,153.1100,21170.0000,153.0260,95
2026-08-04 17:03:50,PLTR,153.1300,153.2000,153.0600,153.1800,27996.0000,153.1690,90
2026-08-04 17:03:55,PLTR,153.1800,153.2000,153.1000,153.1300,13487.0000,153.1460,63
2026-08-04 17:04:00,PLTR,153.1300,153.2000,153.0200,153.1300,30707.0000,153.1320,158
2026-08-04 17:04:05,PLTR,153.1400,153.1900,153.1000,153.1400,12640.0000,153.1450,63
2026-08-04 17:04:10,PLTR,153.1300,153.1600,153.1000,153.1600,9334.0000,153.1170,60
2026-08-04 17:04:15,PLTR,153.1900,153.4600,153.1400,153.1700,68663.0000,153.2980,301
2026-08-04 17:04:20,PLTR,153.1700,153.1900,153.0500,153.0500,25419.0000,153.1490,102
2026-08-04 17:04:25,PLTR,153.0900,153.0900,152.8700,152.8700,31060.0000,152.9680,159
2026-08-04 17:04:30,PLTR,152.8900,152.9100,152.7500,152.7800,46575.0000,152.8110,224
2026-08-04 17:04:35,PLTR,152.7500,152.7600,152.6100,152.6100,35456.0000,152.6840,166
2026-08-04 17:04:40,PLTR,152.6100,152.7600,152.6100,152.7100,29561.0000,152.6850,115
2026-08-04 17:04:45,PLTR,152.7200,152.7200,152.6100,152.6100,18928.0000,152.6850,114
2026-08-04 17:04:50,PLTR,152.6200,152.7000,152.5200,152.6700,66100.0000,152.6190,307
2026-08-04 17:04:55,PLTR,152.6700,152.9700,152.6300,152.8800,37556.0000,152.7410,206
2026-08-04 17:05:00,PLTR,152.9500,153.0000,152.8200,152.9300,35853.0000,152.9200,180
2026-08-04 17:05:05,PLTR,152.9200,153.0900,152.9200,152.9700,32853.0000,152.9840,139
2026-08-04 17:05:10,PLTR,152.9700,153.0400,152.8500,152.9800,21898.0000,152.9620,117
2026-08-04 17:05:15,PLTR,152.9900,153.1000,152.9200,153.0900,26371.0000,153.0220,114
2026-08-04 17:05:20,PLTR,153.0800,153.1400,153.0200,153.0200,22653.0000,153.0870,102
2026-08-04 17:05:25,PLTR,153.0200,153.2300,153.0200,153.2300,19556.0000,153.1590,107
2026-08-04 17:05:30,PLTR,153.2300,153.3800,153.2000,153.3000,36361.0000,153.2870,139
2026-08-04 17:05:35,PLTR,153.3000,153.3800,153.2700,153.3600,14816.0000,153.3170,83
2026-08-04 17:05:40,PLTR,153.3600,153.4100,153.2600,153.2900,26223.0000,153.3590,151
2026-08-04 17:05:45,PLTR,153.2600,153.3900,153.2300,153.2800,30392.0000,153.3310,135
2026-08-04 17:05:50,PLTR,153.2800,153.3200,153.1800,153.1800,22972.0000,153.2550,132
2026-08-04 17:05:55,PLTR,153.2000,153.3200,153.1000,153.1000,18677.0000,153.2500,100
2026-08-04 17:06:00,PLTR,153.0400,153.1300,153.0100,153.0600,46304.0000,153.0420,251
2026-08-04 17:06:05,PLTR,153.0600,153.2600,153.0300,153.2400,18329.0000,153.0910,89
2026-08-04 17:06:10,PLTR,153.2300,153.2500,153.1300,153.1400,19574.0000,153.1810,113
2026-08-04 17:06:15,PLTR,153.1400,153.1900,153.0600,153.1700,35940.0000,153.1190,174
2026-08-04 17:06:20,PLTR,153.1900,153.2400,153.1200,153.1800,18893.0000,153.1920,109
2026-08-04 17:06:25,PLTR,153.1600,153.2300,153.1300,153.1400,34154.0000,153.1660,166
2026-08-04 17:06:30,PLTR,153.1600,153.1800,153.0800,153.1100,15551.0000,153.1280,73
2026-08-04 17:06:35,PLTR,153.0900,153.1100,153.0200,153.0400,14140.0000,153.0540,82
2026-08-04 17:06:40,PLTR,153.1000,153.2100,153.0400,153.2000,14862.0000,153.1130,91
2026-08-04 17:06:45,PLTR,153.2100,153.6600,153.1900,153.6500,83032.0000,153.4450,409
2026-08-04 17:06:50,PLTR,153.6600,153.6800,153.5600,153.6500,28242.0000,153.6340,176
2026-08-04 17:06:55,PLTR,153.6700,153.6900,153.4500,153.6400,27392.0000,153.5740,117
2026-08-04 17:07:00,PLTR,153.6900,153.7800,153.6500,153.6900,34077.0000,153.7150,166
2026-08-04 17:07:05,PLTR,153.6700,153.9200,153.6500,153.8600,34382.0000,153.7850,152
2026-08-04 17:07:10,PLTR,153.8200,153.9100,153.8200,153.8600,19317.0000,153.8680,113
2026-08-04 17:07:15,PLTR,153.8600,154.2000,153.8400,154.1700,74386.0000,154.0230,358
2026-08-04 17:07:20,PLTR,154.1900,154.2000,154.1000,154.1300,47737.0000,154.1510,200
2026-08-04 17:07:25,PLTR,154.1100,154.1200,154.0200,154.0700,27457.0000,154.0760,106
2026-08-04 17:07:30,PLTR,154.0800,154.0900,153.7500,153.8100,39809.0000,153.9420,158
2026-08-04 17:07:35,PLTR,153.7700,154.0400,153.7700,153.9300,21933.0000,153.8920,132
2026-08-04 17:07:40,PLTR,153.9100,153.9200,153.7800,153.8200,21886.0000,153.8490,112
2026-08-04 17:07:45,PLTR,153.8400,153.9300,153.7800,153.8200,15640.0000,153.8350,92
2026-08-04 17:07:50,PLTR,153.8700,153.8700,153.7700,153.8200,17842.0000,153.8170,95
2026-08-04 17:07:55,PLTR,153.8000,153.8800,153.7600,153.8500,21850.0000,153.7880,92
2026-08-04 17:08:00,PLTR,153.8500,153.9000,153.8300,153.9000,16604.0000,153.8670,81
2026-08-04 17:08:05,PLTR,153.9000,154.0000,153.8900,153.9900,22579.0000,153.9590,117
2026-08-04 17:08:10,PLTR,153.9900,153.9900,153.8400,153.9100,15933.0000,153.9160,99
2026-08-04 17:08:15,PLTR,153.9100,154.1700,153.9000,154.1300,54038.0000,154.0670,173
2026-08-04 17:08:20,PLTR,154.1100,154.2000,154.0700,154.0900,33223.0000,154.1590,134
2026-08-04 17:08:25,PLTR,154.0900,154.1100,154.0600,154.0700,15375.0000,154.0790,71
2026-08-04 17:08:30,PLTR,154.0900,154.1500,154.0500,154.1100,21432.0000,154.1010,112
2026-08-04 17:08:35,PLTR,154.1200,154.2000,154.0900,154.1600,28676.0000,154.1670,58
2026-08-04 17:08:40,PLTR,154.1800,154.3000,154.1600,154.2800,30700.0000,154.2290,132
2026-08-04 17:08:45,PLTR,154.2600,154.2900,154.2000,154.2900,25493.0000,154.2300,135
2026-08-04 17:08:50,PLTR,154.2700,154.2800,154.1200,154.1900,22509.0000,154.2140,129
2026-08-04 17:08:55,PLTR,154.1700,154.2400,154.1100,154.2200,15327.0000,154.1960,66
2026-08-04 17:09:00,PLTR,154.2200,154.3700,154.1900,154.3400,33100.0000,154.2810,182
2026-08-04 17:09:05,PLTR,154.3500,154.3600,154.2300,154.3100,23459.0000,154.2860,97
2026-08-04 17:09:10,PLTR,154.3500,154.3600,154.2700,154.3200,19728.0000,154.3240,83
2026-08-04 17:09:15,PLTR,154.3300,154.3700,154.2700,154.2800,25989.0000,154.3160,127
2026-08-04 17:09:20,PLTR,154.2900,154.3800,154.2900,154.3000,18267.0000,154.3430,89
2026-08-04 17:09:25,PLTR,154.3200,154.3900,154.2500,154.3300,14639.0000,154.3070,75
2026-08-04 17:09:30,PLTR,154.3500,154.5200,154.3200,154.4700,72976.0000,154.4590,298
2026-08-04 17:09:35,PLTR,154.4500,154.8100,154.4500,154.5200,90034.0000,154.6340,446
2026-08-04 17:09:40,PLTR,154.5000,154.5900,154.4600,154.4900,21320.0000,154.5250,118
2026-08-04 17:09:45,PLTR,154.4900,154.6200,154.4700,154.5600,52660.0000,154.5400,255
2026-08-04 17:09:50,PLTR,154.5600,154.6300,154.4500,154.5800,37087.0000,154.5480,160
2026-08-04 17:09:55,PLTR,154.6000,154.7300,154.5700,154.6900,32908.0000,154.6760,152
2026-08-04 17:10:00,PLTR,154.7000,154.7700,154.6300,154.7000,41689.0000,154.7080,193
2026-08-04 17:10:05,PLTR,154.7000,154.7800,154.6300,154.6600,101224.0000,154.7070,341
2026-08-04 17:10:10,PLTR,154.6500,154.7100,154.5000,154.5700,61364.0000,154.6210,288
2026-08-04 17:10:15,PLTR,154.5700,154.8000,154.5500,154.6900,75249.0000,154.7210,330
2026-08-04 17:10:20,PLTR,154.6900,154.7000,154.6000,154.6400,43238.0000,154.6450,129
2026-08-04 17:10:25,PLTR,154.6400,154.6800,154.5100,154.6500,48435.0000,154.6300,260
2026-08-04 17:10:30,PLTR,154.6300,154.7200,154.6100,154.7000,21445.0000,154.6660,127
2026-08-04 17:10:35,PLTR,154.7000,154.7700,154.6500,154.7200,36399.0000,154.7140,193
2026-08-04 17:10:40,PLTR,154.7100,154.7400,154.5900,154.6300,51596.0000,154.6650,232
2026-08-04 17:10:45,PLTR,154.6600,154.6800,154.2700,154.3200,134960.0000,154.4700,575
2026-08-04 17:10:50,PLTR,154.3000,154.3500,154.2000,154.2000,42993.0000,154.2880,281
2026-08-04 17:10:55,PLTR,154.2200,154.3100,154.2000,154.2800,32191.0000,154.2640,167
2026-08-04 17:11:00,PLTR,154.2800,154.4000,154.1600,154.1900,36814.0000,154.2780,198
2026-08-04 17:11:05,PLTR,154.1900,154.2100,154.0300,154.1100,41286.0000,154.1200,196
2026-08-04 17:11:10,PLTR,154.1300,154.1900,154.0500,154.1900,18785.0000,154.1320,112
2026-08-04 17:11:15,PLTR,154.1700,154.2100,154.1300,154.1500,16827.0000,154.1690,98
2026-08-04 17:11:20,PLTR,154.1300,154.1500,153.8900,154.0200,47220.0000,154.0380,232
2026-08-04 17:11:25,PLTR,154.0200,154.0700,154.0000,154.0600,12746.0000,154.0300,82
2026-08-04 17:11:30,PLTR,154.0600,154.1700,154.0300,154.0800,13063.0000,154.0910,72
2026-08-04 17:11:35,PLTR,154.0800,154.1400,154.0000,154.1300,24089.0000,154.0610,130
2026-08-04 17:11:40,PLTR,154.1200,154.1600,154.0500,154.0900,15926.0000,154.1040,84
2026-08-04 17:11:45,PLTR,154.0800,154.1500,154.0700,154.0800,9996.0000,154.1090,63
2026-08-04 17:11:50,PLTR,154.0800,154.0800,153.7700,153.9900,42741.0000,153.9290,271
2026-08-04 17:11:55,PLTR,154.0200,154.0200,153.7700,153.9100,38413.0000,153.9170,251
2026-08-04 17:12:00,PLTR,153.9000,154.1800,153.8900,154.1800,39248.0000,154.0550,143
2026-08-04 17:12:05,PLTR,154.1700,154.5900,154.1700,154.5800,91014.0000,154.3960,343
2026-08-04 17:12:10,PLTR,154.5500,154.6300,154.3200,154.5300,40734.0000,154.4470,163
2026-08-04 17:12:15,PLTR,154.5300,154.6500,154.5200,154.6000,34417.0000,154.5810,165
2026-08-04 17:12:20,PLTR,154.6000,154.6900,154.5600,154.5800,35066.0000,154.6130,190
2026-08-04 17:12:25,PLTR,154.5600,154.6300,154.5600,154.6200,15739.0000,154.5980,84
2026-08-04 17:12:30,PLTR,154.6200,154.7300,154.5800,154.7200,31101.0000,154.6200,166
2026-08-04 17:12:35,PLTR,154.7100,154.7400,154.6400,154.7300,34589.0000,154.7100,196
2026-08-04 17:12:40,PLTR,154.7400,154.8000,154.7200,154.7800,26490.0000,154.7670,101
2026-08-04 17:12:45,PLTR,154.7800,154.8000,154.6000,154.7000,82905.0000,154.7210,365
2026-08-04 17:12:50,PLTR,154.6800,154.7800,154.6700,154.7300,27058.0000,154.7320,144
2026-08-04 17:12:55,PLTR,154.7400,154.8500,154.7200,154.7800,62270.0000,154.7870,224
2026-08-04 17:13:00,PLTR,154.7900,154.9200,154.7900,154.8900,41557.0000,154.8840,249
2026-08-04 17:13:05,PLTR,154.9000,154.9000,154.7400,154.8800,74865.0000,154.8320,308
2026-08-04 17:13:10,PLTR,154.8800,154.9300,154.8700,154.8800,61934.0000,154.8920,220
2026-08-04 17:13:15,PLTR,154.9000,154.9200,154.8000,154.8700,60390.0000,154.8570,250
2026-08-04 17:13:20,PLTR,154.8900,154.8900,154.7200,154.8200,49811.0000,154.7950,194
2026-08-04 17:13:25,PLTR,154.8300,154.8300,154.7700,154.8000,18659.0000,154.8120,77
2026-08-04 17:13:30,PLTR,154.8200,154.8300,154.7800,154.7900,41957.0000,154.8030,188
2026-08-04 17:13:35,PLTR,154.7900,154.8400,154.7500,154.8200,21798.0000,154.7990,97
2026-08-04 17:13:40,PLTR,154.8200,154.8900,154.7800,154.8600,14041.0000,154.8450,80
2026-08-04 17:13:45,PLTR,154.8600,155.0600,154.8400,154.9500,178837.0000,154.9900,683
2026-08-04 17:13:50,PLTR,154.9400,154.9600,154.7700,154.9400,71495.0000,154.8640,385
2026-08-04 17:13:55,PLTR,154.9200,155.0000,154.8800,154.9300,28868.0000,154.9360,164
2026-08-04 17:14:00,PLTR,154.9700,155.0900,154.9600,155.0300,35199.0000,155.0180,150
2026-08-04 17:14:05,PLTR,155.0200,155.1700,155.0000,155.0600,37385.0000,155.0820,198
2026-08-04 17:14:10,PLTR,155.0900,155.1800,154.6300,154.7300,119985.0000,154.8970,551
2026-08-04 17:14:15,PLTR,154.7100,154.8800,154.7100,154.8000,26893.0000,154.7870,136
2026-08-04 17:14:20,PLTR,154.7900,154.8700,154.6700,154.6900,40210.0000,154.7880,175
2026-08-04 17:14:25,PLTR,154.7000,154.7700,154.5400,154.5900,36889.0000,154.6490,140
2026-08-04 17:14:30,PLTR,154.6000,154.8200,154.6000,154.7000,25040.0000,154.7130,139
2026-08-04 17:14:35,PLTR,154.7200,154.7700,154.5600,154.5600,15981.0000,154.6760,85
2026-08-04 17:14:40,PLTR,154.5800,154.6200,154.4500,154.4500,31904.0000,154.5240,155
2026-08-04 17:14:45,PLTR,154.4200,154.4700,154.3600,154.3900,15142.0000,154.4060,80
2026-08-04 17:14:50,PLTR,154.3700,154.5900,154.3700,154.4800,23788.0000,154.5170,121
2026-08-04 17:14:55,PLTR,154.5200,154.5700,154.4700,154.4800,14446.0000,154.5220,55
2026-08-04 17:15:00,PLTR,154.5000,154.5600,154.4800,154.5200,11074.0000,154.5200,63
2026-08-04 17:15:05,PLTR,154.5600,154.6000,154.4700,154.5700,21213.0000,154.5400,102
2026-08-04 17:15:10,PLTR,154.5700,154.6500,154.5300,154.5500,16935.0000,154.5930,96
2026-08-04 17:15:15,PLTR,154.5900,154.8000,154.5600,154.7800,23908.0000,154.7030,135
2026-08-04 17:15:20,PLTR,154.7800,154.8700,154.7200,154.8700,32340.0000,154.7990,158
2026-08-04 17:15:25,PLTR,154.8400,155.1100,154.8100,155.0400,79478.0000,155.0110,297
2026-08-04 17:15:30,PLTR,155.0600,155.1200,154.9500,155.0200,26861.0000,155.0380,123
2026-08-04 17:15:35,PLTR,155.0100,155.0700,154.9800,154.9900,16193.0000,155.0150,77
2026-08-04 17:15:40,PLTR,154.9800,155.1800,154.9800,155.0900,25937.0000,155.0990,121
2026-08-04 17:15:45,PLTR,155.0900,155.1800,155.0000,155.0400,25296.0000,155.0870,139
2026-08-04 17:15:50,PLTR,155.0400,155.0600,154.8800,154.8900,26651.0000,154.9700,151
2026-08-04 17:15:55,PLTR,154.8900,155.0300,154.8900,155.0100,29344.0000,154.9380,130
2026-08-04 17:16:00,PLTR,154.9900,155.1000,154.8700,154.8900,58108.0000,154.9780,318
2026-08-04 17:16:05,PLTR,154.8900,154.9300,154.8100,154.8600,31673.0000,154.8700,174
2026-08-04 17:16:10,PLTR,154.8900,154.9300,154.7500,154.8100,38766.0000,154.8030,132
2026-08-04 17:16:15,PLTR,154.8200,154.8700,154.7500,154.7800,34923.0000,154.7890,150
2026-08-04 17:16:20,PLTR,154.7800,154.8300,154.6600,154.6900,16385.0000,154.7270,91
2026-08-04 17:16:25,PLTR,154.6600,154.8300,154.5700,154.8300,60451.0000,154.6810,226
2026-08-04 17:16:30,PLTR,154.8000,154.9600,154.7900,154.9100,13383.0000,154.8950,76
2026-08-04 17:16:35,PLTR,154.9100,154.9600,154.8800,154.9100,9419.0000,154.9170,48
2026-08-04 17:16:40,PLTR,154.9400,155.0600,154.9300,155.0300,27523.0000,155.0140,117
2026-08-04 17:16:45,PLTR,155.0300,155.0300,154.9300,155.0000,16614.0000,154.9840,101
2026-08-04 17:16:50,PLTR,155.0000,155.0400,154.9600,155.0300,15675.0000,155.0070,79
2026-08-04 17:16:55,PLTR,155.0300,155.2500,154.9800,155.2200,58271.0000,155.1370,240
2026-08-04 17:17:00,PLTR,155.2300,155.5000,155.2300,155.4700,137772.0000,155.4150,371
2026-08-04 17:17:05,PLTR,155.4700,155.5500,155.4500,155.5500,39079.0000,155.4990,193
2026-08-04 17:17:10,PLTR,155.5400,155.5500,155.4000,155.5400,37675.0000,155.4860,172
2026-08-04 17:17:15,PLTR,155.5300,155.8500,155.5200,155.8200,102692.0000,155.6850,423
2026-08-04 17:17:20,PLTR,155.8200,155.9000,155.8100,155.8900,47092.0000,155.8500,175
2026-08-04 17:17:25,PLTR,155.9000,155.9900,155.8800,155.9200,60740.0000,155.9520,282
2026-08-04 17:17:30,PLTR,155.9000,155.9700,155.8400,155.9500,62555.0000,155.9080,224
2026-08-04 17:17:35,PLTR,155.9600,156.0800,155.9500,156.0600,146360.0000,155.9990,456
2026-08-04 17:17:40,PLTR,156.0600,156.2400,156.0500,156.1600,51031.0000,156.1570,284
2026-08-04 17:17:45,PLTR,156.1700,156.2200,156.1500,156.1700,22929.0000,156.1770,123
2026-08-04 17:17:50,PLTR,156.1700,156.2900,156.1500,156.2300,45907.0000,156.2210,185
2026-08-04 17:17:55,PLTR,156.2400,156.2800,155.9900,156.0600,92011.0000,156.1060,431
2026-08-04 17:18:00,PLTR,156.0700,156.0800,155.8700,155.9000,69013.0000,155.9740,274
2026-08-04 17:18:05,PLTR,155.8900,156.0200,155.8400,155.9400,45480.0000,155.9400,215
2026-08-04 17:18:10,PLTR,155.9800,156.1900,155.9400,156.0900,42129.0000,156.0700,193
2026-08-04 17:18:15,PLTR,156.0900,156.0900,155.9400,156.0100,24267.0000,156.0240,124
2026-08-04 17:18:20,PLTR,156.0300,156.0300,155.8400,155.9700,44928.0000,155.9200,240
2026-08-04 17:18:25,PLTR,155.9300,156.0200,155.9100,155.9400,21020.0000,155.9720,123
2026-08-04 17:18:30,PLTR,155.9500,156.0200,155.9200,156.0000,16323.0000,155.9680,81
2026-08-04 17:18:35,PLTR,156.0000,156.0300,155.9800,156.0300,19366.0000,156.0080,85
2026-08-04 17:18:40,PLTR,156.0200,156.1800,156.0000,156.1400,30379.0000,156.0840,110
2026-08-04 17:18:45,PLTR,156.1600,156.2500,156.1000,156.1900,39379.0000,156.1930,173
2026-08-04 17:18:50,PLTR,156.2100,156.5000,156.1900,156.4600,68038.0000,156.3560,320
2026-08-04 17:18:55,PLTR,156.4700,156.5000,156.3200,156.4300,43933.0000,156.3950,200
2026-08-04 17:19:00,PLTR,156.4600,156.6700,156.3200,156.5400,85052.0000,156.5470,380
2026-08-04 17:19:05,PLTR,156.5400,156.6000,156.4700,156.5700,42066.0000,156.5340,184
2026-08-04 17:19:10,PLTR,156.5800,156.6700,156.5500,156.5700,48598.0000,156.6230,212
2026-08-04 17:19:15,PLTR,156.5600,156.6000,156.4600,156.4700,54083.0000,156.5400,219
2026-08-04 17:19:20,PLTR,156.4800,156.5500,156.4200,156.4600,52894.0000,156.4660,161
2026-08-04 17:19:25,PLTR,156.4700,156.5500,156.3900,156.5200,44575.0000,156.4610,213
2026-08-04 17:19:30,PLTR,156.5100,156.5100,156.2200,156.2800,41621.0000,156.3290,162
2026-08-04 17:19:35,PLTR,156.3000,156.5200,156.2800,156.4800,29451.0000,156.4200,140
2026-08-04 17:19:40,PLTR,156.4800,156.5300,156.4400,156.5100,29926.0000,156.4750,163
2026-08-04 17:19:45,PLTR,156.4900,156.5800,156.4800,156.5500,21295.0000,156.5150,105
2026-08-04 17:19:50,PLTR,156.5400,156.6300,156.3900,156.4200,56243.0000,156.5180,287
2026-08-04 17:19:55,PLTR,156.4200,156.4500,156.3300,156.3800,26190.0000,156.3790,129
2026-08-04 17:20:00,PLTR,156.3800,156.4700,156.3200,156.3500,44542.0000,156.4020,180
2026-08-04 17:20:05,PLTR,156.3500,156.4800,156.2500,156.3000,42017.0000,156.3620,218
2026-08-04 17:20:10,PLTR,156.3000,156.3000,156.1300,156.2600,39565.0000,156.2080,213
2026-08-04 17:20:15,PLTR,156.2700,156.3800,156.2700,156.3100,26676.0000,156.3240,126
2026-08-04 17:20:20,PLTR,156.3200,156.3400,156.2700,156.3100,11748.0000,156.3000,61
2026-08-04 17:20:25,PLTR,156.3000,156.3300,156.2400,156.2900,16138.0000,156.2760,116
2026-08-04 17:20:30,PLTR,156.2700,156.4400,156.2400,156.3900,30790.0000,156.3360,152
2026-08-04 17:20:35,PLTR,156.4000,156.4400,156.3300,156.4100,28466.0000,156.3900,130
2026-08-04 17:20:40,PLTR,156.4100,156.4300,156.3100,156.4000,13733.0000,156.3750,64
2026-08-04 17:20:45,PLTR,156.4200,156.5200,156.3700,156.5200,37980.0000,156.4540,157
2026-08-04 17:20:50,PLTR,156.5200,156.6400,156.4800,156.6300,46863.0000,156.5590,220
2026-08-04 17:20:55,PLTR,156.6300,156.6800,156.5300,156.5600,65397.0000,156.6260,328
2026-08-04 17:21:00,PLTR,156.5600,156.6400,156.4600,156.6400,56304.0000,156.5200,246
2026-08-04 17:21:05,PLTR,156.6500,156.6800,156.4700,156.5100,36164.0000,156.5540,137
2026-08-04 17:21:10,PLTR,156.5100,156.5500,156.4200,156.4600,55625.0000,156.4950,182
2026-08-04 17:21:15,PLTR,156.4400,156.7000,156.4300,156.4900,65307.0000,156.5760,290
2026-08-04 17:21:20,PLTR,156.5200,156.6000,156.2300,156.3800,59374.0000,156.3550,248
2026-08-04 17:21:25,PLTR,156.3600,156.4200,156.3300,156.3700,29482.0000,156.3710,123
2026-08-04 17:21:30,PLTR,156.3700,156.6000,156.3700,156.5500,59713.0000,156.4940,159
2026-08-04 17:21:35,PLTR,156.5400,156.5800,156.4300,156.4800,9580.0000,156.5260,56
2026-08-04 17:21:40,PLTR,156.4800,156.5300,156.4700,156.5300,21481.0000,156.4950,102
2026-08-04 17:21:45,PLTR,156.5300,156.5900,156.4800,156.4900,22527.0000,156.5280,128
2026-08-04 17:21:50,PLTR,156.4900,156.5600,156.4000,156.4100,12908.0000,156.4790,80
2026-08-04 17:21:55,PLTR,156.4100,156.4600,156.3600,156.4100,17351.0000,156.4190,94
2026-08-04 17:22:00,PLTR,156.4200,156.5100,156.3900,156.4400,16524.0000,156.4600,85
2026-08-04 17:22:05,PLTR,156.4700,156.5000,156.3000,156.3500,42004.0000,156.3720,188
2026-08-04 17:22:10,PLTR,156.3500,156.4100,156.1800,156.3500,31640.0000,156.2950,166
2026-08-04 17:22:15,PLTR,156.3700,156.5000,156.3700,156.4800,32491.0000,156.4420,188
2026-08-04 17:22:20,PLTR,156.4600,156.5500,156.4300,156.5500,50951.0000,156.4970,182
2026-08-04 17:22:25,PLTR,156.5600,156.5600,156.2900,156.2900,35593.0000,156.4100,187
2026-08-04 17:22:30,PLTR,156.3600,156.4300,156.2600,156.2800,18502.0000,156.3310,105
2026-08-04 17:22:35,PLTR,156.2800,156.3400,156.2400,156.3300,23610.0000,156.2670,118
2026-08-04 17:22:40,PLTR,156.3300,156.4000,156.3000,156.3200,11654.0000,156.3440,75
2026-08-04 17:22:45,PLTR,156.3500,156.5000,156.3500,156.4700,12068.0000,156.4300,71
2026-08-04 17:22:50,PLTR,156.4500,156.4900,156.3500,156.4400,27225.0000,156.4310,130
2026-08-04 17:22:55,PLTR,156.4200,156.5000,156.4100,156.4400,21734.0000,156.4600,124
2026-08-04 17:23:00,PLTR,156.4100,156.4600,156.3800,156.3800,16228.0000,156.4180,104
2026-08-04 17:23:05,PLTR,156.3800,156.4000,156.2800,156.3100,21631.0000,156.3260,102
2026-08-04 17:23:10,PLTR,156.3000,156.4000,156.2000,156.3900,18782.0000,156.3070,94
2026-08-04 17:23:15,PLTR,156.3900,156.4200,156.3000,156.3500,10180.0000,156.3870,49
2026-08-04 17:23:20,PLTR,156.3500,156.4000,156.2900,156.4000,19827.0000,156.3460,97
2026-08-04 17:23:25,PLTR,156.3800,156.5000,156.3400,156.4100,42053.0000,156.4210,133
2026-08-04 17:23:30,PLTR,156.3800,156.4500,156.3500,156.4200,9626.0000,156.4040,58
2026-08-04 17:23:35,PLTR,156.4400,156.5000,156.4000,156.4300,31089.0000,156.4470,160
2026-08-04 17:23:40,PLTR,156.4100,156.5300,156.4100,156.4400,21993.0000,156.4950,109
2026-08-04 17:23:45,PLTR,156.4600,156.5900,156.4600,156.5600,24525.0000,156.5450,108
2026-08-04 17:23:50,PLTR,156.5700,156.6800,156.5600,156.6200,36083.0000,156.6220,144
2026-08-04 17:23:55,PLTR,156.6000,156.6900,156.6000,156.6800,24766.0000,156.6700,80
2026-08-04 17:24:00,PLTR,156.6800,156.8000,156.6800,156.7000,49411.0000,156.7460,214
2026-08-04 17:24:05,PLTR,156.7200,156.8100,156.6400,156.7900,45955.0000,156.7380,220
2026-08-04 17:24:10,PLTR,156.7900,156.9900,156.7700,156.9500,88872.0000,156.9060,295
2026-08-04 17:24:15,PLTR,156.9400,157.0000,156.9200,156.9500,103728.0000,156.9810,365
2026-08-04 17:24:20,PLTR,156.9600,156.9800,156.7000,156.8400,61545.0000,156.8920,284
2026-08-04 17:24:25,PLTR,156.8400,156.8900,156.8000,156.8900,28459.0000,156.8460,118
2026-08-04 17:24:30,PLTR,156.8900,156.9200,156.8000,156.8300,22173.0000,156.8580,114
2026-08-04 17:24:35,PLTR,156.8200,156.8300,156.6600,156.6700,59722.0000,156.7610,228
2026-08-04 17:24:40,PLTR,156.6900,156.7800,156.6700,156.7400,38478.0000,156.7230,135
2026-08-04 17:24:45,PLTR,156.7400,156.7700,156.6400,156.7000,26619.0000,156.7100,114
2026-08-04 17:24:50,PLTR,156.7000,156.8200,156.7000,156.8200,28878.0000,156.7580,125
2026-08-04 17:24:55,PLTR,156.8200,156.9300,156.8100,156.9100,19781.0000,156.8810,93
2026-08-04 17:25:00,PLTR,156.9300,157.0500,156.8900,156.9900,68106.0000,156.9900,322
2026-08-04 17:25:05,PLTR,156.9800,157.1100,156.9300,156.9800,70092.0000,157.0360,297
2026-08-04 17:25:10,PLTR,156.9800,157.1000,156.9600,156.9700,25721.0000,157.0140,147
2026-08-04 17:25:15,PLTR,156.9900,157.0300,156.8800,156.9500,57494.0000,156.9750,187
2026-08-04 17:25:20,PLTR,156.9600,157.0100,156.9000,156.9500,29604.0000,156.9520,139
2026-08-04 17:25:25,PLTR,156.9500,157.0200,156.9300,157.0100,24193.0000,156.9680,93
2026-08-04 17:25:30,PLTR,157.0000,157.0100,156.8700,156.9700,72732.0000,156.9610,197
2026-08-04 17:25:35,PLTR,156.9400,156.9700,156.8700,156.8800,21386.0000,156.9130,107
2026-08-04 17:25:40,PLTR,156.8800,157.0800,156.8800,156.9900,47887.0000,156.9990,173
2026-08-04 17:25:45,PLTR,157.0000,157.0200,156.9300,157.0100,23990.0000,156.9810,97
2026-08-04 17:25:50,PLTR,157.0100,157.1800,157.0000,157.1800,29039.0000,157.0840,141
2026-08-04 17:25:55,PLTR,157.1700,157.5000,157.1400,157.3900,74987.0000,157.3410,319
2026-08-04 17:26:00,PLTR,157.4100,157.4800,157.3300,157.4100,53606.0000,157.3980,246
2026-08-04 17:26:05,PLTR,157.4300,157.5000,157.3200,157.4800,36304.0000,157.4490,196
2026-08-04 17:26:10,PLTR,157.5000,157.6600,157.5000,157.6600,63821.0000,157.5650,220
2026-08-04 17:26:15,PLTR,157.6600,157.6900,157.3600,157.4100,60439.0000,157.5680,293
2026-08-04 17:26:20,PLTR,157.4100,157.5400,157.3600,157.5300,35913.0000,157.4660,179
2026-08-04 17:26:25,PLTR,157.5300,157.6500,157.4200,157.4600,42313.0000,157.5100,162
2026-08-04 17:26:30,PLTR,157.4600,157.4800,157.2900,157.4400,37565.0000,157.3820,192
2026-08-04 17:26:35,PLTR,157.4200,157.4800,157.3400,157.4800,45236.0000,157.4230,213
2026-08-04 17:26:40,PLTR,157.4700,157.5000,157.4200,157.4800,17273.0000,157.4610,72
2026-08-04 17:26:45,PLTR,157.4800,157.4800,157.2000,157.2900,34341.0000,157.3050,151
2026-08-04 17:26:50,PLTR,157.3100,157.5500,157.3000,157.3600,68280.0000,157.4400,195
2026-08-04 17:26:55,PLTR,157.3600,157.4600,157.3600,157.4100,47812.0000,157.4120,163
2026-08-04 17:27:00,PLTR,157.4100,157.5100,157.3100,157.3100,38232.0000,157.4280,151
2026-08-04 17:27:05,PLTR,157.3100,157.5600,157.3100,157.4300,67947.0000,157.4610,225
2026-08-04 17:27:10,PLTR,157.4400,157.4500,157.3000,157.3100,52898.0000,157.3790,146
2026-08-04 17:27:15,PLTR,157.2900,157.3700,157.1700,157.2000,37792.0000,157.2490,153
2026-08-04 17:27:20,PLTR,157.2000,157.3800,157.1700,157.3200,27345.0000,157.3010,115
2026-08-04 17:27:25,PLTR,157.2800,157.3000,157.2400,157.2500,15547.0000,157.2690,52
2026-08-04 17:27:30,PLTR,157.2500,157.3400,157.1200,157.3400,26307.0000,157.2410,126
2026-08-04 17:27:35,PLTR,157.3400,157.6100,157.2800,157.5900,34549.0000,157.4680,148
2026-08-04 17:27:40,PLTR,157.5700,157.7400,157.5500,157.7100,43045.0000,157.6480,157
2026-08-04 17:27:45,PLTR,157.7400,158.1100,157.7300,157.9600,168457.0000,157.9500,651
2026-08-04 17:27:50,PLTR,157.9400,158.0000,157.7700,157.8000,66771.0000,157.8860,249
2026-08-04 17:27:55,PLTR,157.7900,157.8700,157.7400,157.8000,40586.0000,157.7930,121
2026-08-04 17:28:00,PLTR,157.7900,158.0000,157.7500,157.9500,100071.0000,157.8890,283
2026-08-04 17:28:05,PLTR,158.0000,158.0000,157.7900,157.8500,82675.0000,157.8760,273
2026-08-04 17:28:10,PLTR,157.8500,157.9800,157.8400,157.8900,58591.0000,157.9000,159
2026-08-04 17:28:15,PLTR,157.8800,157.9000,157.7900,157.8200,43874.0000,157.8580,132
2026-08-04 17:28:20,PLTR,157.8000,157.8800,157.6800,157.8600,66060.0000,157.8020,197
2026-08-04 17:28:25,PLTR,157.8300,157.8600,157.6700,157.7200,106590.0000,157.7740,195
2026-08-04 17:28:30,PLTR,157.7200,157.7300,157.6000,157.6400,34347.0000,157.6620,123
2026-08-04 17:28:35,PLTR,157.6400,157.6600,157.5700,157.5800,35250.0000,157.6230,136
2026-08-04 17:28:40,PLTR,157.5700,157.7300,157.5700,157.6700,28815.0000,157.6260,142
2026-08-04 17:28:45,PLTR,157.7200,158.0500,157.6600,158.0000,104271.0000,157.9410,368
2026-08-04 17:28:50,PLTR,158.0000,158.0000,157.8900,157.9300,40035.0000,157.9590,107
2026-08-04 17:28:55,PLTR,157.9200,157.9700,157.8900,157.9700,40490.0000,157.9380,82
2026-08-04 17:29:00,PLTR,157.9500,158.0000,157.9500,157.9700,29577.0000,157.9760,89
2026-08-04 17:29:05,PLTR,157.9900,158.1100,157.9800,158.0700,52974.0000,158.0410,197
2026-08-04 17:29:10,PLTR,158.1000,158.1100,157.9300,158.0100,66066.0000,158.0190,220
2026-08-04 17:29:15,PLTR,158.0200,158.0400,157.8100,157.8100,55818.0000,157.9400,152
2026-08-04 17:29:20,PLTR,157.8100,157.8200,157.6300,157.7500,42648.0000,157.7110,170
2026-08-04 17:29:25,PLTR,157.7500,157.8500,157.7100,157.8200,23694.0000,157.7860,59
2026-08-04 17:29:30,PLTR,157.8000,158.0000,157.8000,157.9900,36124.0000,157.9130,108
2026-08-04 17:29:35,PLTR,157.9500,158.0000,157.5900,157.7000,98480.0000,157.8760,227
2026-08-04 17:29:40,PLTR,157.7400,157.8400,157.7100,157.8400,28069.0000,157.7980,100
2026-08-04 17:29:45,PLTR,157.8400,157.8500,157.7200,157.7300,13329.0000,157.7580,71
2026-08-04 17:29:50,PLTR,157.7300,157.8700,157.7200,157.7900,18027.0000,157.7950,79
2026-08-04 17:29:55,PLTR,157.8200,158.1000,157.8100,158.0700,75670.0000,158.0110,331
2026-08-04 17:30:00,PLTR,158.0700,158.1200,158.0100,158.0600,57027.0000,158.0870,178
2026-08-04 17:30:05,PLTR,158.0600,158.1200,157.9900,158.0900,30759.0000,158.0490,144
2026-08-04 17:30:10,PLTR,158.0900,158.1100,157.8000,157.9000,55317.0000,157.9590,231
2026-08-04 17:30:15,PLTR,157.8900,157.9000,157.7000,157.7600,50166.0000,157.7930,209
2026-08-04 17:30:20,PLTR,157.7300,157.7500,157.6800,157.7300,20632.0000,157.7270,107
2026-08-04 17:30:25,PLTR,157.7400,157.7700,157.6700,157.7200,27081.0000,157.7240,123
2026-08-04 17:30:30,PLTR,157.7300,157.8600,157.7000,157.7700,22025.0000,157.7600,119
2026-08-04 17:30:35,PLTR,157.7700,157.7800,157.6900,157.7100,36559.0000,157.7310,166
2026-08-04 17:30:40,PLTR,157.7000,157.7400,157.6200,157.7300,56007.0000,157.6730,154
2026-08-04 17:30:45,PLTR,157.7000,157.7100,157.4000,157.5000,55280.0000,157.5400,217
2026-08-04 17:30:50,PLTR,157.5100,157.5900,157.4700,157.5800,29036.0000,157.5220,147
2026-08-04 17:30:55,PLTR,157.5700,157.6900,157.5200,157.5500,22033.0000,157.5800,115
2026-08-04 17:31:00,PLTR,157.5600,157.7000,157.5600,157.6400,20274.0000,157.6640,79
2026-08-04 17:31:05,PLTR,157.6100,158.0000,157.5200,157.7000,134483.0000,157.8800,180
2026-08-04 17:31:10,PLTR,157.7400,157.7400,157.6000,157.6100,10633.0000,157.6760,57
2026-08-04 17:31:15,PLTR,157.6500,157.7000,157.6000,157.6900,20450.0000,157.6340,113
2026-08-04 17:31:20,PLTR,157.6900,157.7200,157.5900,157.6600,19732.0000,157.6570,98
2026-08-04 17:31:25,PLTR,157.6400,157.7800,157.5200,157.5300,38844.0000,157.6400,139
2026-08-04 17:31:30,PLTR,157.5500,157.5600,157.4300,157.4700,24345.0000,157.5030,120
2026-08-04 17:31:35,PLTR,157.4800,157.5400,157.4500,157.4600,9323.0000,157.4950,54
2026-08-04 17:31:40,PLTR,157.4700,157.5700,157.2000,157.2300,65914.0000,157.3250,304
2026-08-04 17:31:45,PLTR,157.2300,157.4700,157.2000,157.2500,37525.0000,157.2520,167
2026-08-04 17:31:50,PLTR,157.2500,157.4100,157.2300,157.3000,78064.0000,157.3150,458
2026-08-04 17:31:55,PLTR,157.3500,157.3700,157.2900,157.3700,45524.0000,157.3210,210
2026-08-04 17:32:00,PLTR,157.3700,157.5600,157.3500,157.4500,78501.0000,157.4410,250
2026-08-04 17:32:05,PLTR,157.4400,157.4900,157.3400,157.3700,24835.0000,157.4170,104
2026-08-04 17:32:10,PLTR,157.3700,157.6400,157.2500,157.4700,46484.0000,157.4420,222
2026-08-04 17:32:15,PLTR,157.4300,157.6900,157.3900,157.5800,31963.0000,157.5840,168
2026-08-04 17:32:20,PLTR,157.5800,157.7000,157.5500,157.5600,32239.0000,157.6000,135
2026-08-04 17:32:25,PLTR,157.5100,157.6400,157.3500,157.3800,19492.0000,157.4160,88
2026-08-04 17:32:30,PLTR,157.3700,157.4600,157.2900,157.3100,25640.0000,157.3520,115
2026-08-04 17:32:35,PLTR,157.3100,157.4200,157.2300,157.2600,56186.0000,157.3090,202
2026-08-04 17:32:40,PLTR,157.2300,157.3100,157.1500,157.1500,50120.0000,157.2110,173
2026-08-04 17:32:45,PLTR,157.1900,157.2100,157.1100,157.1900,46997.0000,157.1630,191
2026-08-04 17:32:50,PLTR,157.2100,157.3300,157.1900,157.3100,26331.0000,157.2480,122
2026-08-04 17:32:55,PLTR,157.3000,157.5200,157.2600,157.5200,24103.0000,157.4120,109
2026-08-04 17:33:00,PLTR,157.5000,157.5000,157.3800,157.4200,16886.0000,157.4460,84
2026-08-04 17:33:05,PLTR,157.4100,157.5900,157.4100,157.5300,18898.0000,157.5140,104
2026-08-04 17:33:10,PLTR,157.5100,157.6000,157.4900,157.5300,31740.0000,157.5420,163
2026-08-04 17:33:15,PLTR,157.5500,157.7300,157.5100,157.7200,31999.0000,157.5970,141
2026-08-04 17:33:20,PLTR,157.6900,157.7500,157.6400,157.7300,28534.0000,157.7140,111
2026-08-04 17:33:25,PLTR,157.7200,157.7300,157.6200,157.6400,10211.0000,157.6730,60
2026-08-04 17:33:30,PLTR,157.6200,157.7800,157.6200,157.7200,28122.0000,157.7340,106
2026-08-04 17:33:35,PLTR,157.7200,157.8000,157.7200,157.7900,20170.0000,157.7590,89
2026-08-04 17:33:40,PLTR,157.7700,157.8500,157.7200,157.8400,21167.0000,157.7870,110
2026-08-04 17:33:45,PLTR,157.8500,157.9600,157.7700,157.7800,52858.0000,157.8630,203
2026-08-04 17:33:50,PLTR,157.7800,158.0000,157.7600,157.9700,64011.0000,157.8920,403
2026-08-04 17:33:55,PLTR,157.9400,157.9900,157.9000,157.9200,19555.0000,157.9340,96
2026-08-04 17:34:00,PLTR,157.9400,158.2700,157.9100,158.0400,118335.0000,158.1030,568
2026-08-04 17:34:05,PLTR,158.0900,158.1700,158.0300,158.1700,25011.0000,158.0870,101
2026-08-04 17:34:10,PLTR,158.1900,158.3000,158.1600,158.2900,41355.0000,158.2340,219
2026-08-04 17:34:15,PLTR,158.2900,158.3000,158.2200,158.2900,41507.0000,158.2680,187
2026-08-04 17:34:20,PLTR,158.3000,158.3400,158.1500,158.2100,53645.0000,158.2500,207
2026-08-04 17:34:25,PLTR,158.2200,158.3000,158.1800,158.3000,17651.0000,158.2400,97
2026-08-04 17:34:30,PLTR,158.2900,158.6000,158.2700,158.3900,107922.0000,158.4100,482
2026-08-04 17:34:35,PLTR,158.4200,158.4900,158.3900,158.4900,28994.0000,158.4470,142
2026-08-04 17:34:40,PLTR,158.4700,158.4900,158.2700,158.3500,41799.0000,158.3740,191
2026-08-04 17:34:45,PLTR,158.3100,158.3400,158.1800,158.2000,32719.0000,158.2670,137
2026-08-04 17:34:50,PLTR,158.2000,158.2200,158.0000,158.0500,50129.0000,158.0860,192
2026-08-04 17:34:55,PLTR,158.0400,158.1500,157.9400,158.1200,58989.0000,158.0580,240
2026-08-04 17:35:00,PLTR,158.1200,158.2200,158.0100,158.2200,41554.0000,158.0680,158
2026-08-04 17:35:05,PLTR,158.2100,158.2900,158.1200,158.1600,23541.0000,158.2020,100
2026-08-04 17:35:10,PLTR,158.1600,158.3000,158.1400,158.3000,49451.0000,158.2580,190
2026-08-04 17:35:15,PLTR,158.3000,158.4300,158.2900,158.3100,58861.0000,158.3560,292
2026-08-04 17:35:20,PLTR,158.3300,158.4500,158.2600,158.3900,35379.0000,158.3450,161
2026-08-04 17:35:25,PLTR,158.3900,158.4400,158.2900,158.3700,32133.0000,158.3740,160
2026-08-04 17:35:30,PLTR,158.3400,158.3800,158.1000,158.1700,39533.0000,158.2460,212
2026-08-04 17:35:35,PLTR,158.1700,158.2200,158.0300,158.0400,23995.0000,158.1440,120
2026-08-04 17:35:40,PLTR,158.0200,158.0900,157.7700,157.7900,51350.0000,157.9450,239
2026-08-04 17:35:45,PLTR,157.7900,157.8200,157.6000,157.6400,60136.0000,157.7090,255
2026-08-04 17:35:50,PLTR,157.6500,157.7900,157.5800,157.7000,42658.0000,157.6780,281
2026-08-04 17:35:55,PLTR,157.7000,157.7200,157.3100,157.3500,55918.0000,157.4760,234
2026-08-04 17:36:00,PLTR,157.3700,157.5400,157.3700,157.4600,38922.0000,157.4720,165
2026-08-04 17:36:05,PLTR,157.4400,157.5400,157.4300,157.4500,27037.0000,157.4860,100
2026-08-04 17:36:10,PLTR,157.4500,157.5800,157.3300,157.4200,49921.0000,157.4490,186
2026-08-04 17:36:15,PLTR,157.4400,157.4800,157.3200,157.3200,19527.0000,157.4160,85
2026-08-04 17:36:20,PLTR,157.3400,157.4000,157.2100,157.2300,30230.0000,157.3230,130
2026-08-04 17:36:25,PLTR,157.2400,157.2600,157.0800,157.0800,108879.0000,157.1320,259
2026-08-04 17:36:30,PLTR,157.1100,157.2500,157.0700,157.2200,40424.0000,157.1810,249
2026-08-04 17:36:35,PLTR,157.2300,157.2300,157.0200,157.1800,50279.0000,157.1260,205
2026-08-04 17:36:40,PLTR,157.1600,157.2000,157.0800,157.1900,25499.0000,157.1630,118
2026-08-04 17:36:45,PLTR,157.1800,157.1800,157.0600,157.1500,22767.0000,157.1310,84
2026-08-04 17:36:50,PLTR,157.1500,157.1700,157.0500,157.1300,20617.0000,157.1150,91
2026-08-04 17:36:55,PLTR,157.1100,157.3300,157.0000,157.3000,73590.0000,157.0800,274
2026-08-04 17:37:00,PLTR,157.3100,157.3300,157.1900,157.2200,9080.0000,157.2580,59
2026-08-04 17:37:05,PLTR,157.2200,157.3100,157.1900,157.3100,13579.0000,157.2160,69
2026-08-04 17:37:10,PLTR,157.3300,157.3600,157.2000,157.2300,19719.0000,157.3050,98
2026-08-04 17:37:15,PLTR,157.2100,157.4900,157.2000,157.4800,29291.0000,157.3150,131
2026-08-04 17:37:20,PLTR,157.4400,157.8400,157.4300,157.8300,74737.0000,157.5660,241
2026-08-04 17:37:25,PLTR,157.8300,157.8500,157.6500,157.6700,51237.0000,157.7570,185
2026-08-04 17:37:30,PLTR,157.6900,157.7300,157.6500,157.7100,16509.0000,157.6870,80
2026-08-04 17:37:35,PLTR,157.7100,157.7800,157.6700,157.7500,23829.0000,157.7410,105
2026-08-04 17:37:40,PLTR,157.7800,157.7800,157.6300,157.6700,31205.0000,157.7220,87
2026-08-04 17:37:45,PLTR,157.7000,157.7300,157.6500,157.6600,14178.0000,157.6770,56
2026-08-04 17:37:50,PLTR,157.6500,157.8700,157.6500,157.8500,16372.0000,157.7530,75
2026-08-04 17:37:55,PLTR,157.8500,158.1600,157.8000,158.0500,112281.0000,157.9300,295
2026-08-04 17:38:00,PLTR,158.0300,158.1300,158.0000,158.0800,29846.0000,158.0530,133
2026-08-04 17:38:05,PLTR,158.0900,158.2900,157.9800,158.2300,74516.0000,158.1540,282
2026-08-04 17:38:10,PLTR,158.2300,158.2700,158.1600,158.2600,34525.0000,158.2310,154
2026-08-04 17:38:15,PLTR,158.2600,158.5500,158.2200,158.5500,65245.0000,158.3720,284
2026-08-04 17:38:20,PLTR,158.5300,158.5400,158.2200,158.3800,63652.0000,158.3810,348
2026-08-04 17:38:25,PLTR,158.3400,158.3600,158.2300,158.2700,27036.0000,158.2860,137
2026-08-04 17:38:30,PLTR,158.3200,158.3800,158.1800,158.2200,34936.0000,158.2960,149
2026-08-04 17:38:35,PLTR,158.2200,158.2800,158.1200,158.2800,41291.0000,158.2110,165
2026-08-04 17:38:40,PLTR,158.2600,158.4100,158.2200,158.3800,32371.0000,158.3160,121
2026-08-04 17:38:45,PLTR,158.3800,158.4400,158.2900,158.3300,24327.0000,158.3490,131
2026-08-04 17:38:50,PLTR,158.3300,158.3900,158.2100,158.3600,19077.0000,158.3060,118
2026-08-04 17:38:55,PLTR,158.3400,158.3800,158.0300,158.0600,46001.0000,158.2520,196
2026-08-04 17:39:00,PLTR,158.0500,158.1000,157.9600,158.0000,28524.0000,158.0190,131
2026-08-04 17:39:05,PLTR,158.0100,158.1600,158.0000,158.0400,16696.0000,158.0970,79
2026-08-04 17:39:10,PLTR,158.0600,158.1600,158.0200,158.0700,15651.0000,158.0890,80
2026-08-04 17:39:15,PLTR,158.0700,158.2500,158.0400,158.1200,103102.0000,158.1930,254
2026-08-04 17:39:20,PLTR,158.1100,158.1800,158.1000,158.1200,39470.0000,158.1490,115
2026-08-04 17:39:25,PLTR,158.1400,158.1600,158.0400,158.0800,39356.0000,158.1040,100
2026-08-04 17:39:30,PLTR,158.0700,158.0800,158.0000,158.0300,37552.0000,158.0320,118
2026-08-04 17:39:35,PLTR,158.0000,158.0500,157.9300,158.0300,80579.0000,158.0080,156
2026-08-04 17:39:40,PLTR,158.0300,158.1000,158.0100,158.1000,39912.0000,158.0790,116
2026-08-04 17:39:45,PLTR,158.0900,158.2700,158.0500,158.2500,27241.0000,158.1730,121
2026-08-04 17:39:50,PLTR,158.2700,158.2900,158.1800,158.2800,41166.0000,158.2480,124
2026-08-04 17:39:55,PLTR,158.2900,158.3300,158.2500,158.3200,35388.0000,158.2970,119
2026-08-04 17:40:00,PLTR,158.3100,158.3200,158.2200,158.2700,28946.0000,158.2590,122
2026-08-04 17:40:05,PLTR,158.2800,158.3100,158.1900,158.2900,41145.0000,158.2540,126
2026-08-04 17:40:10,PLTR,158.2900,158.3900,158.2200,158.3800,31754.0000,158.2950,101
2026-08-04 17:40:15,PLTR,158.3800,158.4700,158.3100,158.3900,45902.0000,158.4110,217
2026-08-04 17:40:20,PLTR,158.3800,158.4800,158.2700,158.3600,27449.0000,158.3670,128
2026-08-04 17:40:25,PLTR,158.3600,158.4300,158.2800,158.3700,30306.0000,158.3710,132
2026-08-04 17:40:30,PLTR,158.3500,158.5000,158.3100,158.5000,45243.0000,158.4170,223
2026-08-04 17:40:35,PLTR,158.4700,158.7000,158.4200,158.5600,113205.0000,158.5690,375
2026-08-04 17:40:40,PLTR,158.5600,158.6600,158.4800,158.5800,28241.0000,158.5950,120
2026-08-04 17:40:45,PLTR,158.5800,158.7000,158.5600,158.6900,28807.0000,158.6500,112
2026-08-04 17:40:50,PLTR,158.6900,158.7500,158.4400,158.4900,56977.0000,158.5960,221
2026-08-04 17:40:55,PLTR,158.5100,158.5700,158.4500,158.5500,50474.0000,158.5010,147
2026-08-04 17:41:00,PLTR,158.5500,158.6600,158.4800,158.6100,24189.0000,158.5870,85
2026-08-04 17:41:05,PLTR,158.5900,158.6300,158.5100,158.6300,22895.0000,158.5550,90
2026-08-04 17:41:10,PLTR,158.6500,158.9700,158.6400,158.9400,108321.0000,158.8110,340
2026-08-04 17:41:15,PLTR,158.9500,159.2200,158.9300,159.1800,151371.0000,159.0760,465
2026-08-04 17:41:20,PLTR,159.1800,159.2200,159.0900,159.1000,39197.0000,159.1620,168
2026-08-04 17:41:25,PLTR,159.1100,159.2600,159.1000,159.2300,41432.0000,159.1950,167
2026-08-04 17:41:30,PLTR,159.2500,159.2700,159.1700,159.2200,48159.0000,159.2200,160
2026-08-04 17:41:35,PLTR,159.2100,159.3300,159.1700,159.1900,55368.0000,159.2510,252
2026-08-04 17:41:40,PLTR,159.1800,159.2900,159.1700,159.2900,30882.0000,159.2100,122
2026-08-04 17:41:45,PLTR,159.2900,159.3500,159.2300,159.2300,57398.0000,159.2970,195
2026-08-04 17:41:50,PLTR,159.2600,159.5400,159.2300,159.5100,154066.0000,159.4610,490
2026-08-04 17:41:55,PLTR,159.4900,159.5300,159.4400,159.5100,65153.0000,159.4860,180
2026-08-04 17:42:00,PLTR,159.5000,159.5300,159.3800,159.4200,129494.0000,159.4680,239
2026-08-04 17:42:05,PLTR,159.4200,159.4600,159.3400,159.3700,59125.0000,159.3890,187
2026-08-04 17:42:10,PLTR,159.3700,159.3700,159.1400,159.1600,122165.0000,159.2760,294
2026-08-04 17:42:15,PLTR,159.1300,159.2300,159.0300,159.0900,105873.0000,159.1590,301
2026-08-04 17:42:20,PLTR,159.1300,159.2200,159.0800,159.1200,44773.0000,159.1690,175
2026-08-04 17:42:25,PLTR,159.1400,159.1700,159.0700,159.1500,26354.0000,159.1250,107
2026-08-04 17:42:30,PLTR,159.1300,159.1600,159.0000,159.0400,101414.0000,159.0770,568
2026-08-04 17:42:35,PLTR,159.0200,159.1400,159.0100,159.0100,36903.0000,159.0750,161
2026-08-04 17:42:40,PLTR,159.0000,159.0800,158.9000,159.0300,56504.0000,158.9740,159
2026-08-04 17:42:45,PLTR,159.0500,159.1200,159.0200,159.1000,23953.0000,159.0660,134
2026-08-04 17:42:50,PLTR,159.1000,159.1500,159.0300,159.0700,16336.0000,159.0780,108
2026-08-04 17:42:55,PLTR,159.0900,159.1400,159.0000,159.1100,23737.0000,159.0720,128
2026-08-04 17:43:00,PLTR,159.0900,159.1300,159.0400,159.0500,12665.0000,159.0820,75
2026-08-04 17:43:05,PLTR,159.0400,159.2700,158.9400,158.9600,72209.0000,159.0870,339
2026-08-04 17:43:10,PLTR,158.9700,159.0600,158.8500,158.8800,39069.0000,158.9760,164
2026-08-04 17:43:15,PLTR,158.9200,159.0000,158.8900,158.9300,36245.0000,158.9500,222
2026-08-04 17:43:20,PLTR,158.9200,158.9800,158.8500,158.8800,27558.0000,158.9000,134
2026-08-04 17:43:25,PLTR,158.8800,158.9000,158.8100,158.8700,27928.0000,158.8460,94
2026-08-04 17:43:30,PLTR,158.8600,158.9500,158.8300,158.8900,57453.0000,158.8770,238
2026-08-04 17:43:35,PLTR,158.8600,158.9300,158.7200,158.7500,39354.0000,158.7820,206
2026-08-04 17:43:40,PLTR,158.7300,158.7600,158.6500,158.7400,43394.0000,158.7060,163
2026-08-04 17:43:45,PLTR,158.7400,158.9200,158.7200,158.8900,21573.0000,158.8380,109
2026-08-04 17:43:50,PLTR,158.8900,158.9700,158.8800,158.9500,20865.0000,158.9190,128
2026-08-04 17:43:55,PLTR,158.9600,159.0100,158.9400,158.9600,32223.0000,158.9750,136
2026-08-04 17:44:00,PLTR,158.9700,159.0700,158.9400,159.0400,17987.0000,158.9810,78
2026-08-04 17:44:05,PLTR,159.0600,159.5000,158.9100,159.0500,96407.0000,159.2210,218
2026-08-04 17:44:10,PLTR,159.0300,159.1300,158.9900,159.0600,40990.0000,159.0750,214
2026-08-04 17:44:15,PLTR,159.0500,159.1700,158.9200,158.9200,40414.0000,159.0610,157
2026-08-04 17:44:20,PLTR,158.9200,158.9900,158.8200,158.8600,22810.0000,158.9250,108
2026-08-04 17:44:25,PLTR,158.8400,158.8700,158.7600,158.7800,24511.0000,158.8220,96
2026-08-04 17:44:30,PLTR,158.7600,158.8300,158.6700,158.6900,25186.0000,158.7380,111
2026-08-04 17:44:35,PLTR,158.6900,158.8300,158.6600,158.8300,26485.0000,158.7050,91
2026-08-04 17:44:40,PLTR,158.8300,158.9300,158.7600,158.8600,13813.0000,158.8620,50
2026-08-04 17:44:45,PLTR,158.8500,158.9600,158.8100,158.9500,12073.0000,158.9050,61
2026-08-04 17:44:50,PLTR,158.9600,158.9800,158.8900,158.9700,40546.0000,158.9250,79
2026-08-04 17:44:55,PLTR,158.9600,159.0500,158.9500,158.9600,35323.0000,158.9910,136
2026-08-04 17:45:00,PLTR,158.9800,159.0400,158.9200,159.0400,11811.0000,158.9870,71
2026-08-04 17:45:05,PLTR,159.0500,159.1900,159.0300,159.1800,38333.0000,159.1070,163
2026-08-04 17:45:10,PLTR,159.1900,159.2200,159.1200,159.1800,30546.0000,159.1840,127
2026-08-04 17:45:15,PLTR,159.1800,159.4400,159.1600,159.3400,74138.0000,159.3420,253
2026-08-04 17:45:20,PLTR,159.3700,159.4700,159.3300,159.4600,85381.0000,159.4260,313
2026-08-04 17:45:25,PLTR,159.4300,159.5000,159.4000,159.4500,26664.0000,159.4580,114
2026-08-04 17:45:30,PLTR,159.4500,159.4900,159.3800,159.4500,32912.0000,159.4390,124
2026-08-04 17:45:35,PLTR,159.4700,159.6500,159.4500,159.6200,68165.0000,159.5890,276
2026-08-04 17:45:40,PLTR,159.6300,159.6500,159.5600,159.6200,30862.0000,159.5960,141
2026-08-04 17:45:45,PLTR,159.6100,159.6400,159.5600,159.6300,34351.0000,159.6060,165
2026-08-04 17:45:50,PLTR,159.6400,159.6600,159.5500,159.5900,37954.0000,159.6130,160
2026-08-04 17:45:55,PLTR,159.5800,159.6500,159.5100,159.5600,49756.0000,159.5700,265
2026-08-04 17:46:00,PLTR,159.5600,159.6500,159.4800,159.5600,37395.0000,159.5330,154
2026-08-04 17:46:05,PLTR,159.5600,159.5700,159.4800,159.5300,15792.0000,159.5320,88
2026-08-04 17:46:10,PLTR,159.5200,159.5500,159.4200,159.5300,42937.0000,159.4950,141
2026-08-04 17:46:15,PLTR,159.5300,159.5700,159.4500,159.5300,25076.0000,159.5020,113
2026-08-04 17:46:20,PLTR,159.5200,159.5800,159.5100,159.5600,21223.0000,159.5430,71
2026-08-04 17:46:25,PLTR,159.5700,159.5900,159.5400,159.5700,20367.0000,159.5610,96
2026-08-04 17:46:30,PLTR,159.5800,159.7200,159.5800,159.6900,45989.0000,159.6750,197
2026-08-04 17:46:35,PLTR,159.7200,159.7300,159.6600,159.6900,17987.0000,159.6940,86
2026-08-04 17:46:40,PLTR,159.7100,159.8400,159.5900,159.8300,80303.0000,159.7560,389
2026-08-04 17:46:45,PLTR,159.8300,159.8500,159.7300,159.8200,47653.0000,159.8220,225
2026-08-04 17:46:50,PLTR,159.7800,159.8000,159.5800,159.5900,54894.0000,159.6670,202
2026-08-04 17:46:55,PLTR,159.6000,159.6500,159.5600,159.6300,21915.0000,159.5940,99
2026-08-04 17:47:00,PLTR,159.6300,159.6800,159.6000,159.6300,36808.0000,159.6400,102
2026-08-04 17:47:05,PLTR,159.6600,159.6800,159.5700,159.6200,25571.0000,159.6290,108
2026-08-04 17:47:10,PLTR,159.6100,159.6200,159.5600,159.6000,14899.0000,159.5910,84
2026-08-04 17:47:15,PLTR,159.6300,159.6400,159.5300,159.5600,27639.0000,159.5870,106
2026-08-04 17:47:20,PLTR,159.5600,159.6200,159.4800,159.5500,65052.0000,159.5300,281
2026-08-04 17:47:25,PLTR,159.5000,159.5500,159.4500,159.5500,27119.0000,159.5050,132
2026-08-04 17:47:30,PLTR,159.5500,159.6300,159.5500,159.6000,26840.0000,159.6020,152
2026-08-04 17:47:35,PLTR,159.5800,159.7000,159.5800,159.6700,27068.0000,159.6390,95
2026-08-04 17:47:40,PLTR,159.6800,159.7300,159.6500,159.7200,29812.0000,159.6970,123
2026-08-04 17:47:45,PLTR,159.7300,159.8000,159.7000,159.7800,59541.0000,159.7590,274
2026-08-04 17:47:50,PLTR,159.7800,159.8100,159.7400,159.8100,21689.0000,159.7730,98
2026-08-04 17:47:55,PLTR,159.8100,159.9500,159.7700,159.8500,84318.0000,159.8760,383
2026-08-04 17:48:00,PLTR,159.8500,159.8600,159.7400,159.7600,37050.0000,159.7800,156
2026-08-04 17:48:05,PLTR,159.7400,159.8000,159.6600,159.6900,44530.0000,159.7360,206
2026-08-04 17:48:10,PLTR,159.6900,159.7000,159.6100,159.6400,21248.0000,159.6520,95
2026-08-04 17:48:15,PLTR,159.6600,159.7200,159.6300,159.6700,20284.0000,159.6710,107
2026-08-04 17:48:20,PLTR,159.6500,159.6800,159.6300,159.6600,20025.0000,159.6560,110
2026-08-04 17:48:25,PLTR,159.6700,159.7200,159.6500,159.6800,12219.0000,159.6870,49
2026-08-04 17:48:30,PLTR,159.6800,159.7000,159.6600,159.6800,17316.0000,159.6770,95
2026-08-04 17:48:35,PLTR,159.6900,159.7200,159.6600,159.6800,10925.0000,159.6870,55
2026-08-04 17:48:40,PLTR,159.6900,159.7100,159.6600,159.6700,27215.0000,159.6850,95
2026-08-04 17:48:45,PLTR,159.6900,159.7600,159.6600,159.7000,32142.0000,159.6990,162
2026-08-04 17:48:50,PLTR,159.7200,159.7500,159.6600,159.7000,31108.0000,159.6950,186
2026-08-04 17:48:55,PLTR,159.7000,159.7300,159.5200,159.6000,53939.0000,159.6300,258
2026-08-04 17:49:00,PLTR,159.6400,159.6500,159.5600,159.5900,25726.0000,159.6200,113
2026-08-04 17:49:05,PLTR,159.6200,159.6600,159.5900,159.6300,13364.0000,159.6290,60
2026-08-04 17:49:10,PLTR,159.6200,159.7100,159.3100,159.3800,63666.0000,159.5390,254
2026-08-04 17:49:15,PLTR,159.3600,159.3900,159.1800,159.2000,49715.0000,159.2970,212
2026-08-04 17:49:20,PLTR,159.1800,159.2200,159.0200,159.0900,62670.0000,159.1130,241
2026-08-04 17:49:25,PLTR,159.1000,159.2400,159.0900,159.2200,49829.0000,159.1580,152
2026-08-04 17:49:30,PLTR,159.2300,159.2400,159.1300,159.1300,27905.0000,159.1730,115
2026-08-04 17:49:35,PLTR,159.1300,159.4700,159.1100,159.3600,52838.0000,159.3030,283
2026-08-04 17:49:40,PLTR,159.3800,159.4900,159.3300,159.3300,61200.0000,159.4400,183
2026-08-04 17:49:45,PLTR,159.3600,159.3700,159.1600,159.2300,40281.0000,159.2780,166
2026-08-04 17:49:50,PLTR,159.2700,159.3500,159.2000,159.3500,40354.0000,159.2550,95
2026-08-04 17:49:55,PLTR,159.3500,159.4400,159.3400,159.3900,14824.0000,159.3850,67
2026-08-04 17:50:00,PLTR,159.3800,159.4100,159.2000,159.2000,29560.0000,159.3450,137
2026-08-04 17:50:05,PLTR,159.2200,159.3600,159.1500,159.1500,33626.0000,159.2610,93
2026-08-04 17:50:10,PLTR,159.1600,159.2700,159.1500,159.2300,31916.0000,159.2010,152
2026-08-04 17:50:15,PLTR,159.2300,159.4100,159.2300,159.3600,30241.0000,159.3590,82
2026-08-04 17:50:20,PLTR,159.3300,159.3700,159.2600,159.2900,21319.0000,159.3060,103
2026-08-04 17:50:25,PLTR,159.2800,159.3600,159.2500,159.3500,13036.0000,159.3180,58
2026-08-04 17:50:30,PLTR,159.3400,159.4300,159.3100,159.3200,24435.0000,159.3720,85
2026-08-04 17:50:35,PLTR,159.3300,159.3400,159.1400,159.1500,28050.0000,159.2420,149
2026-08-04 17:50:40,PLTR,159.1600,159.2700,159.0400,159.1600,53794.0000,159.1630,226
2026-08-04 17:50:45,PLTR,159.1900,159.2100,159.0900,159.1800,11169.0000,159.1590,52
2026-08-04 17:50:50,PLTR,159.1700,159.2800,159.1600,159.2000,30693.0000,159.2170,102
2026-08-04 17:50:55,PLTR,159.1900,159.3100,159.1700,159.2900,17911.0000,159.2480,115
2026-08-04 17:51:00,PLTR,159.2700,159.3300,159.2100,159.2200,23196.0000,159.2750,112
2026-08-04 17:51:05,PLTR,159.2200,159.3400,159.2100,159.2800,25256.0000,159.2580,87
2026-08-04 17:51:10,PLTR,159.2700,159.3100,159.2000,159.2800,14784.0000,159.2430,62
2026-08-04 17:51:15,PLTR,159.2800,159.2800,159.2100,159.2600,6139.0000,159.2410,32
2026-08-04 17:51:20,PLTR,159.2600,159.5800,159.2200,159.5100,37189.0000,159.4660,179
2026-08-04 17:51:25,PLTR,159.5100,159.6100,159.4800,159.5800,39981.0000,159.5390,144
2026-08-04 17:51:30,PLTR,159.5800,159.6000,159.5200,159.5400,18670.0000,159.5660,85
2026-08-04 17:51:35,PLTR,159.5700,159.5900,159.4700,159.4900,37327.0000,159.5200,170
2026-08-04 17:51:40,PLTR,159.5000,159.5400,159.3800,159.3800,20503.0000,159.4770,87
2026-08-04 17:51:45,PLTR,159.4000,159.5000,159.3800,159.4800,7498.0000,159.4300,36
2026-08-04 17:51:50,PLTR,159.4800,159.4900,159.3400,159.3400,13957.0000,159.4320,76
2026-08-04 17:51:55,PLTR,159.3200,159.3500,159.0800,159.1000,26568.0000,159.2130,141
2026-08-04 17:52:00,PLTR,159.1300,159.1800,159.0700,159.0700,22084.0000,159.1390,109
2026-08-04 17:52:05,PLTR,159.0800,159.1000,158.9900,159.0100,76220.0000,159.0180,341
2026-08-04 17:52:10,PLTR,159.0000,159.0600,159.0000,159.0400,12106.0000,159.0280,59
2026-08-04 17:52:15,PLTR,159.0300,159.2300,159.0100,159.2100,23056.0000,159.1190,82
2026-08-04 17:52:20,PLTR,159.2000,159.2600,159.1500,159.2500,11050.0000,159.2060,50
2026-08-04 17:52:25,PLTR,159.2500,159.3000,159.2300,159.3000,11826.0000,159.2780,49
2026-08-04 17:52:30,PLTR,159.2700,159.3100,159.2200,159.2500,13936.0000,159.2570,68
2026-08-04 17:52:35,PLTR,159.2300,159.3200,159.2300,159.2900,21170.0000,159.2800,73
2026-08-04 17:52:40,PLTR,159.2800,159.3400,159.2700,159.3200,8869.0000,159.3000,54
2026-08-04 17:52:45,PLTR,159.3200,159.4500,159.3200,159.4100,14256.0000,159.3640,87
2026-08-04 17:52:50,PLTR,159.4000,159.5200,159.3700,159.5200,34710.0000,159.4700,150
2026-08-04 17:52:55,PLTR,159.5000,159.6300,159.4900,159.5800,55628.0000,159.5620,216
2026-08-04 17:53:00,PLTR,159.5800,159.6800,159.5700,159.6400,50614.0000,159.6300,222
2026-08-04 17:53:05,PLTR,159.6500,159.6600,159.5800,159.6100,17027.0000,159.6190,87
2026-08-04 17:53:10,PLTR,159.6100,159.7100,159.5900,159.6600,48069.0000,159.6700,141
2026-08-04 17:53:15,PLTR,159.6700,159.6700,159.6200,159.6500,17148.0000,159.6600,41
2026-08-04 17:53:20,PLTR,159.6400,159.6700,159.5300,159.5400,21187.0000,159.6180,105
2026-08-04 17:53:25,PLTR,159.5300,159.6700,159.5000,159.6600,35220.0000,159.5700,116
2026-08-04 17:53:30,PLTR,159.6600,159.7200,159.6300,159.6800,49072.0000,159.6950,195
2026-08-04 17:53:35,PLTR,159.6400,159.7100,159.6400,159.6700,17665.0000,159.6870,94
2026-08-04 17:53:40,PLTR,159.6800,159.7400,159.6200,159.6200,20700.0000,159.6740,106
2026-08-04 17:53:45,PLTR,159.6400,159.6400,159.5600,159.5900,15437.0000,159.6140,76
2026-08-04 17:53:50,PLTR,159.5800,159.6100,159.5500,159.5600,9119.0000,159.5870,49
2026-08-04 17:53:55,PLTR,159.5800,159.6000,159.5000,159.5700,26380.0000,159.5570,87
2026-08-04 17:54:00,PLTR,159.5600,159.6000,159.4200,159.4500,67772.0000,159.5080,200
2026-08-04 17:54:05,PLTR,159.4500,159.5400,159.4200,159.5100,13078.0000,159.4900,54
2026-08-04 17:54:10,PLTR,159.4900,159.5800,159.4800,159.5600,14975.0000,159.5380,65
2026-08-04 17:54:15,PLTR,159.5600,159.5700,159.5000,159.5100,13326.0000,159.5340,46
2026-08-04 17:54:20,PLTR,159.5200,159.5300,159.3400,159.3800,23120.0000,159.4310,121
2026-08-04 17:54:25,PLTR,159.3700,159.4900,159.3300,159.3500,18955.0000,159.4130,87
2026-08-04 17:54:30,PLTR,159.3800,159.4400,159.3200,159.3600,30067.0000,159.3640,103
2026-08-04 17:54:35,PLTR,159.3600,159.6000,159.3400,159.5000,38247.0000,159.5130,175
2026-08-04 17:54:40,PLTR,159.5300,159.6100,159.5000,159.5900,10358.0000,159.5510,37
2026-08-04 17:54:45,PLTR,159.5900,159.7700,159.5900,159.6700,86902.0000,159.7050,286
2026-08-04 17:54:50,PLTR,159.6900,159.7000,159.6400,159.6900,9748.0000,159.6760,56
2026-08-04 17:54:55,PLTR,159.7000,159.7600,159.6700,159.7200,27402.0000,159.7320,107
2026-08-04 17:55:00,PLTR,159.7100,159.7900,159.6900,159.7600,31103.0000,159.7430,162
2026-08-04 17:55:05,PLTR,159.7700,159.9900,159.7700,159.9400,245127.0000,159.9250,587
2026-08-04 17:55:10,PLTR,159.9400,159.9900,159.8000,159.8600,48958.0000,159.8780,270
2026-08-04 17:55:15,PLTR,159.8900,159.9500,159.8100,159.9000,15678.0000,159.8700,80
2026-08-04 17:55:20,PLTR,159.9200,160.3400,159.9100,160.0900,116223.0000,160.0240,454
2026-08-04 17:55:25,PLTR,160.0900,160.1200,159.9100,159.9800,52022.0000,160.0070,240
2026-08-04 17:55:30,PLTR,160.0200,160.1400,159.9800,160.0400,40133.0000,160.0320,152
2026-08-04 17:55:35,PLTR,160.0300,160.0300,159.7700,159.8100,70833.0000,159.9040,347
2026-08-04 17:55:40,PLTR,159.8200,159.8400,159.6500,159.7200,28612.0000,159.7420,127
2026-08-04 17:55:45,PLTR,159.7200,159.8900,159.6500,159.8600,31354.0000,159.7190,98
2026-08-04 17:55:50,PLTR,159.8600,159.9000,159.7500,159.7800,36864.0000,159.8060,121
2026-08-04 17:55:55,PLTR,159.7800,159.9200,159.7000,159.9200,48069.0000,159.8020,173
2026-08-04 17:56:00,PLTR,159.9500,160.0400,159.9300,159.9400,30819.0000,159.9920,152
2026-08-04 17:56:05,PLTR,159.9300,159.9900,159.8700,159.9500,28092.0000,159.9390,167
2026-08-04 17:56:10,PLTR,159.9700,160.0000,159.9200,159.9400,20073.0000,159.9700,54
2026-08-04 17:56:15,PLTR,159.9000,159.9500,159.8300,159.8700,40630.0000,159.8750,244
2026-08-04 17:56:20,PLTR,159.8600,159.9300,159.8300,159.8800,16190.0000,159.8760,54
2026-08-04 17:56:25,PLTR,159.8600,159.9300,159.8500,159.8700,8223.0000,159.8920,47
2026-08-04 17:56:30,PLTR,159.8900,159.9100,159.5300,159.6200,54951.0000,159.6910,250
2026-08-04 17:56:35,PLTR,159.6200,159.6900,159.5700,159.6000,30404.0000,159.6190,114
2026-08-04 17:56:40,PLTR,159.5900,159.6500,159.5600,159.5900,22707.0000,159.6090,97
2026-08-04 17:56:45,PLTR,159.5800,159.6300,159.3500,159.3700,41090.0000,159.4650,180
2026-08-04 17:56:50,PLTR,159.3500,159.4600,159.3500,159.4500,28958.0000,159.4190,122
2026-08-04 17:56:55,PLTR,159.4500,159.6200,159.4500,159.5800,28333.0000,159.5410,114
2026-08-04 17:57:00,PLTR,159.5700,159.6700,159.5700,159.6500,15638.0000,159.6310,59
2026-08-04 17:57:05,PLTR,159.6900,159.7300,159.6700,159.6700,14025.0000,159.7040,70
2026-08-04 17:57:10,PLTR,159.7000,159.7100,159.5500,159.5600,28474.0000,159.6180,111
2026-08-04 17:57:15,PLTR,159.5800,159.6100,159.5100,159.5200,12649.0000,159.5410,71
2026-08-04 17:57:20,PLTR,159.5600,159.5600,159.4100,159.4400,32845.0000,159.4650,116
2026-08-04 17:57:25,PLTR,159.4500,159.4800,159.3100,159.3100,22928.0000,159.3790,81
2026-08-04 17:57:30,PLTR,159.3300,159.4300,159.3100,159.4000,21762.0000,159.3590,66
2026-08-04 17:57:35,PLTR,159.3600,159.4600,159.3200,159.3900,12628.0000,159.3910,63
2026-08-04 17:57:40,PLTR,159.3800,159.5700,159.3500,159.5500,17112.0000,159.4610,61
2026-08-04 17:57:45,PLTR,159.5700,159.6700,159.5200,159.5200,23149.0000,159.5880,97
2026-08-04 17:57:50,PLTR,159.5000,159.5100,159.4300,159.4600,14029.0000,159.4690,60
2026-08-04 17:57:55,PLTR,159.4400,159.4600,159.2200,159.2300,17210.0000,159.3250,91
2026-08-04 17:58:00,PLTR,159.2500,159.3800,159.1800,159.3200,55397.0000,159.2960,152
2026-08-04 17:58:05,PLTR,159.3400,159.3700,159.1700,159.1700,23344.0000,159.2850,98
2026-08-04 17:58:10,PLTR,159.1900,159.3200,159.0300,159.2400,40769.0000,159.1550,184
2026-08-04 17:58:15,PLTR,159.2400,159.2500,159.1000,159.2300,23492.0000,159.2000,114
2026-08-04 17:58:20,PLTR,159.2100,159.2800,158.6400,158.6700,92992.0000,158.8890,348
2026-08-04 17:58:25,PLTR,158.6900,158.7900,158.6600,158.7600,56193.0000,158.7310,255
2026-08-04 17:58:30,PLTR,158.7800,158.8400,158.6900,158.6900,38332.0000,158.7610,136
2026-08-04 17:58:35,PLTR,158.7100,158.7900,158.7000,158.7100,81305.0000,158.7370,179
2026-08-04 17:58:40,PLTR,158.7100,158.7300,158.4300,158.5700,73358.0000,158.5770,305
2026-08-04 17:58:45,PLTR,158.5400,158.6200,158.5100,158.5700,29008.0000,158.5450,121
2026-08-04 17:58:50,PLTR,158.6100,158.6100,158.5400,158.5800,16500.0000,158.5670,67
2026-08-04 17:58:55,PLTR,158.5800,158.5900,158.4500,158.5100,42225.0000,158.5230,179
2026-08-04 17:59:00,PLTR,158.5000,158.5200,158.2600,158.2600,56097.0000,158.3450,300
2026-08-04 17:59:05,PLTR,158.2600,158.2700,158.1100,158.1900,61166.0000,158.1670,258
2026-08-04 17:59:10,PLTR,158.1900,158.3700,158.1900,158.3400,42830.0000,158.2690,183
2026-08-04 17:59:15,PLTR,158.3400,158.4100,158.2700,158.2800,33539.0000,158.3370,143
2026-08-04 17:59:20,PLTR,158.2600,158.3000,158.1200,158.1200,31823.0000,158.2230,103
2026-08-04 17:59:25,PLTR,158.1200,158.1400,158.0400,158.0600,33970.0000,158.0980,148
2026-08-04 17:59:30,PLTR,158.0700,158.0900,157.8200,157.8600,87661.0000,157.9430,310
2026-08-04 17:59:35,PLTR,157.8500,157.9600,157.8100,157.9100,56194.0000,157.8810,212
2026-08-04 17:59:40,PLTR,157.8800,158.0700,157.8600,158.0200,64239.0000,157.9750,313
2026-08-04 17:59:45,PLTR,158.0200,158.0500,157.9500,158.0200,44565.0000,158.0060,166
2026-08-04 17:59:50,PLTR,158.0400,158.0400,157.9300,157.9500,31968.0000,157.9880,112
2026-08-04 17:59:55,PLTR,157.9300,157.9700,157.8600,157.8700,13834.0000,157.9060,81
2026-08-04 18:00:00,PLTR,157.9000,157.9500,157.7800,157.8300,36446.0000,157.8670,147
2026-08-04 18:00:05,PLTR,157.8400,157.8600,157.7700,157.8000,35414.0000,157.8000,110
2026-08-04 18:00:10,PLTR,157.8100,157.8900,157.6400,157.7400,41604.0000,157.7400,195
2026-08-04 18:00:15,PLTR,157.7100,157.8000,157.7000,157.7100,19096.0000,157.7490,76
2026-08-04 18:00:20,PLTR,157.7200,157.7200,157.6000,157.6400,41856.0000,157.6530,164
2026-08-04 18:00:25,PLTR,157.7100,157.7100,157.5100,157.5600,51411.0000,157.5810,288
2026-08-04 18:00:30,PLTR,157.5700,157.6100,157.3300,157.4100,95459.0000,157.4650,361
2026-08-04 18:00:35,PLTR,157.4300,157.4900,157.3700,157.4400,40184.0000,157.4220,153
2026-08-04 18:00:40,PLTR,157.4400,157.4700,157.3300,157.4400,29021.0000,157.4100,195
2026-08-04 18:00:45,PLTR,157.4300,157.5400,157.4100,157.4500,64421.0000,157.4650,210
2026-08-04 18:00:50,PLTR,157.4400,157.4800,157.3900,157.4300,33551.0000,157.4160,103
2026-08-04 18:00:55,PLTR,157.4100,157.5200,157.3900,157.4900,33983.0000,157.4300,143
2026-08-04 18:01:00,PLTR,157.4900,157.5900,157.4300,157.5800,43766.0000,157.5130,174
2026-08-04 18:01:05,PLTR,157.5600,157.6600,157.5200,157.5800,58541.0000,157.5780,210
2026-08-04 18:01:10,PLTR,157.5600,157.6000,157.5100,157.5600,18355.0000,157.5480,66
2026-08-04 18:01:15,PLTR,157.5800,157.6800,157.5300,157.5900,29945.0000,157.6000,110
2026-08-04 18:01:20,PLTR,157.6500,157.7400,157.6200,157.6200,43141.0000,157.6840,109
2026-08-04 18:01:25,PLTR,157.6400,157.7100,157.6100,157.6700,35035.0000,157.6650,124
2026-08-04 18:01:30,PLTR,157.6700,157.7800,157.6300,157.6600,39105.0000,157.7130,137
2026-08-04 18:01:35,PLTR,157.6700,157.6700,157.4600,157.6100,36068.0000,157.5590,162
2026-08-04 18:01:40,PLTR,157.5900,157.6700,157.5300,157.6700,20454.0000,157.6090,81
2026-08-04 18:01:45,PLTR,157.6500,157.6800,157.6100,157.6100,12407.0000,157.6420,84
2026-08-04 18:01:50,PLTR,157.6100,157.6100,157.4200,157.4500,38000.0000,157.4890,158
2026-08-04 18:01:55,PLTR,157.4200,157.4800,157.3600,157.3600,35073.0000,157.4100,95
2026-08-04 18:02:00,PLTR,157.4200,157.4700,157.3600,157.4100,18189.0000,157.4070,80
2026-08-04 18:02:05,PLTR,157.4000,157.4600,157.4000,157.4500,14255.0000,157.4290,51
2026-08-04 18:02:10,PLTR,157.4600,157.4700,157.4200,157.4600,10303.0000,157.4460,42
2026-08-04 18:02:15,PLTR,157.4700,157.5000,157.4000,157.4500,19575.0000,157.4520,99
2026-08-04 18:02:20,PLTR,157.4500,157.4600,157.3800,157.4300,13517.0000,157.4240,66
2026-08-04 18:02:25,PLTR,157.4400,157.4900,157.4000,157.4300,17630.0000,157.4380,77
2026-08-04 18:02:30,PLTR,157.5000,157.6900,157.5000,157.6900,53338.0000,157.6010,214
2026-08-04 18:02:35,PLTR,157.6800,157.6900,157.5400,157.5600,22836.0000,157.6380,102
2026-08-04 18:02:40,PLTR,157.5600,157.5900,157.5500,157.5600,10537.0000,157.5630,45
2026-08-04 18:02:45,PLTR,157.5600,157.6200,157.5200,157.5900,13098.0000,157.5640,55
2026-08-04 18:02:50,PLTR,157.6000,157.6400,157.5300,157.5300,24018.0000,157.5710,92
2026-08-04 18:02:55,PLTR,157.5300,157.5400,157.4800,157.4900,16391.0000,157.5030,90
2026-08-04 18:03:00,PLTR,157.5100,157.5500,157.4900,157.5100,8543.0000,157.5150,55
2026-08-04 18:03:05,PLTR,157.5000,157.6600,157.4800,157.6000,40495.0000,157.5570,184
2026-08-04 18:03:10,PLTR,157.6100,157.7700,157.5900,157.6900,22704.0000,157.6740,82
2026-08-04 18:03:15,PLTR,157.7500,157.7800,157.7100,157.7400,37743.0000,157.7470,132
2026-08-04 18:03:20,PLTR,157.7600,157.7600,157.6800,157.7100,14788.0000,157.7110,70
2026-08-04 18:03:25,PLTR,157.7200,157.7300,157.6900,157.7100,8745.0000,157.7070,37
2026-08-04 18:03:30,PLTR,157.7200,157.7200,157.5800,157.6600,18208.0000,157.6440,88
2026-08-04 18:03:35,PLTR,157.6600,157.6800,157.6100,157.6400,17960.0000,157.6520,38
2026-08-04 18:03:40,PLTR,157.6300,157.6300,157.5700,157.6000,11089.0000,157.6010,61
2026-08-04 18:03:45,PLTR,157.6000,157.6800,157.5800,157.6700,10816.0000,157.6260,55
2026-08-04 18:03:50,PLTR,157.6800,157.6800,157.5700,157.5700,18571.0000,157.6200,74
2026-08-04 18:03:55,PLTR,157.5900,157.7200,157.5800,157.6700,14867.0000,157.6640,79
2026-08-04 18:04:00,PLTR,157.6700,157.8000,157.5800,157.6700,31410.0000,157.6950,133
2026-08-04 18:04:05,PLTR,157.6600,157.6800,157.6200,157.6500,16679.0000,157.6540,67
2026-08-04 18:04:10,PLTR,157.6400,157.7200,157.5700,157.6000,21518.0000,157.6290,126
2026-08-04 18:04:15,PLTR,157.6000,157.7000,157.5800,157.6900,7984.0000,157.6200,33
2026-08-04 18:04:20,PLTR,157.6500,157.8500,157.6500,157.8300,31620.0000,157.7550,172
2026-08-04 18:04:25,PLTR,157.7900,157.8800,157.7900,157.8300,30145.0000,157.8450,163
2026-08-04 18:04:30,PLTR,157.8000,157.8800,157.8000,157.8600,11690.0000,157.8480,63
2026-08-04 18:04:35,PLTR,157.8500,157.8800,157.7400,157.7900,37770.0000,157.8120,139
2026-08-04 18:04:40,PLTR,157.7800,157.8400,157.6500,157.7600,30220.0000,157.7350,132
2026-08-04 18:04:45,PLTR,157.7600,157.7600,157.6800,157.7200,11407.0000,157.7110,54
2026-08-04 18:04:50,PLTR,157.7600,157.7800,157.6800,157.7200,5069.0000,157.7320,28
2026-08-04 18:04:55,PLTR,157.7300,157.7500,157.6800,157.6900,9965.0000,157.7200,65
2026-08-04 18:05:00,PLTR,157.6900,157.7000,157.4500,157.4900,64736.0000,157.5690,327
2026-08-04 18:05:05,PLTR,157.4700,157.5900,157.4700,157.5300,29562.0000,157.5240,166
2026-08-04 18:05:10,PLTR,157.5300,157.8700,157.4800,157.7500,46365.0000,157.7250,231
2026-08-04 18:05:15,PLTR,157.7700,157.8100,157.6900,157.8000,16000.0000,157.7330,76
2026-08-04 18:05:20,PLTR,157.8000,157.8300,157.7500,157.8100,13312.0000,157.7930,66
2026-08-04 18:05:25,PLTR,157.7800,157.8400,157.5300,157.6000,33462.0000,157.7040,150
2026-08-04 18:05:30,PLTR,157.6300,157.6600,157.5000,157.6000,22154.0000,157.5680,80
2026-08-04 18:05:35,PLTR,157.6000,157.6400,157.5400,157.5400,9813.0000,157.5850,37
2026-08-04 18:05:40,PLTR,157.5300,157.5600,157.4200,157.4600,22550.0000,157.4800,100
2026-08-04 18:05:45,PLTR,157.4700,157.8200,157.4400,157.5700,33445.0000,157.5580,203
2026-08-04 18:05:50,PLTR,157.5800,157.7100,157.4200,157.6100,17353.0000,157.6310,99
2026-08-04 18:05:55,PLTR,157.6300,157.7600,157.6100,157.7200,14124.0000,157.6820,79
2026-08-04 18:06:00,PLTR,157.7300,157.7300,157.5800,157.6200,16073.0000,157.6550,82
2026-08-04 18:06:05,PLTR,157.6300,157.6400,157.5400,157.6200,10452.0000,157.5940,52
2026-08-04 18:06:10,PLTR,157.6000,157.8000,157.5300,157.7000,149313.0000,157.6350,136
2026-08-04 18:06:15,PLTR,157.7200,157.7300,157.6000,157.6200,10317.0000,157.6630,61
2026-08-04 18:06:20,PLTR,157.6100,157.7000,157.6100,157.6300,12386.0000,157.6540,61
2026-08-04 18:06:25,PLTR,157.6000,157.7800,157.5800,157.7200,18599.0000,157.6900,99
2026-08-04 18:06:30,PLTR,157.7100,157.7100,157.5900,157.6100,14940.0000,157.6410,51
2026-08-04 18:06:35,PLTR,157.6100,157.7100,157.6100,157.6500,10297.0000,157.6640,57
2026-08-04 18:06:40,PLTR,157.6600,157.7200,157.6200,157.6700,7729.0000,157.6560,52
2026-08-04 18:06:45,PLTR,157.6800,157.7600,157.6400,157.7500,7668.0000,157.6850,59
2026-08-04 18:06:50,PLTR,157.7600,158.0200,157.7400,158.0000,83442.0000,157.9240,283
2026-08-04 18:06:55,PLTR,158.0000,158.1000,157.9200,158.1000,40160.0000,157.9950,170
2026-08-04 18:07:00,PLTR,158.0900,158.1800,157.9100,157.9300,51598.0000,158.0830,217
2026-08-04 18:07:05,PLTR,157.9200,158.0500,157.8800,157.9500,20815.0000,157.9750,95
2026-08-04 18:07:10,PLTR,157.9300,157.9800,157.8000,157.8500,18431.0000,157.8770,84
2026-08-04 18:07:15,PLTR,157.8300,157.8600,157.7700,157.8600,15503.0000,157.8120,70
2026-08-04 18:07:20,PLTR,157.8500,157.9500,157.8500,157.8900,11385.0000,157.9110,55
2026-08-04 18:07:25,PLTR,157.9000,157.9400,157.8900,157.9400,8131.0000,157.9160,37
2026-08-04 18:07:30,PLTR,157.9400,157.9600,157.8700,157.9000,8348.0000,157.9010,45
2026-08-04 18:07:35,PLTR,157.9000,157.9700,157.8800,157.9500,15945.0000,157.9230,73
2026-08-04 18:07:40,PLTR,157.9600,157.9800,157.9200,157.9300,12187.0000,157.9480,41
2026-08-04 18:07:45,PLTR,157.9400,158.1900,157.9200,158.1600,19522.0000,158.0550,90
2026-08-04 18:07:50,PLTR,158.1600,158.1900,158.1000,158.1000,15602.0000,158.1530,67
2026-08-04 18:07:55,PLTR,158.1000,158.2200,158.1000,158.1700,27536.0000,158.1730,129
2026-08-04 18:08:00,PLTR,158.2100,158.3700,158.1100,158.1400,41838.0000,158.2170,185
2026-08-04 18:08:05,PLTR,158.1200,158.1800,158.0600,158.1800,15256.0000,158.1210,80
2026-08-04 18:08:10,PLTR,158.1800,158.1900,158.0600,158.0900,11198.0000,158.1220,60
2026-08-04 18:08:15,PLTR,158.0700,158.0800,157.9000,157.9800,22505.0000,157.9600,86
2026-08-04 18:08:20,PLTR,157.9800,158.0300,157.9100,157.9400,13250.0000,157.9730,55
2026-08-04 18:08:25,PLTR,157.9600,158.0400,157.9500,158.0300,9178.0000,157.9980,27
2026-08-04 18:08:30,PLTR,158.0200,158.0900,158.0000,158.0600,12193.0000,158.0350,70
2026-08-04 18:08:35,PLTR,158.0700,158.1800,158.0700,158.1300,17562.0000,158.1330,78
2026-08-04 18:08:40,PLTR,158.1100,158.1800,158.0800,158.0800,8481.0000,158.1140,52
2026-08-04 18:08:45,PLTR,158.0600,158.0800,157.9400,157.9600,22741.0000,157.9980,122
2026-08-04 18:08:50,PLTR,157.9700,158.0300,157.9000,158.0300,17960.0000,157.9450,86
2026-08-04 18:08:55,PLTR,158.0300,158.0800,157.9800,158.0200,11550.0000,158.0430,61
2026-08-04 18:09:00,PLTR,158.0100,158.1900,158.0000,158.0800,19336.0000,158.1070,77
2026-08-04 18:09:05,PLTR,158.0600,158.2400,158.0600,158.2200,23670.0000,158.1960,79
2026-08-04 18:09:10,PLTR,158.2500,158.3500,158.2100,158.2900,19299.0000,158.2840,87
2026-08-04 18:09:15,PLTR,158.3100,158.4300,158.2500,158.3400,27351.0000,158.3450,93
2026-08-04 18:09:20,PLTR,158.3600,158.4900,158.3400,158.4600,42764.0000,158.4270,172
2026-08-04 18:09:25,PLTR,158.4300,158.4800,158.3800,158.4500,30076.0000,158.4400,82
2026-08-04 18:09:30,PLTR,158.4500,158.4800,158.3300,158.3400,33873.0000,158.4260,134
2026-08-04 18:09:35,PLTR,158.3600,158.4900,158.3300,158.4700,23781.0000,158.3930,93
2026-08-04 18:09:40,PLTR,158.4700,158.5000,158.4400,158.4500,28047.0000,158.4860,87
2026-08-04 18:09:45,PLTR,158.4000,158.5000,158.4000,158.4900,9320.0000,158.4670,46
2026-08-04 18:09:50,PLTR,158.4800,158.4800,158.3600,158.4300,21939.0000,158.4130,92
2026-08-04 18:09:55,PLTR,158.4500,158.4900,158.3600,158.4300,16138.0000,158.4330,74
2026-08-04 18:10:00,PLTR,158.4400,158.4800,158.4000,158.4600,12063.0000,158.4290,41
2026-08-04 18:10:05,PLTR,158.4700,158.4700,158.3100,158.3700,28580.0000,158.3940,123
2026-08-04 18:10:10,PLTR,158.3800,158.4900,158.3300,158.4600,12562.0000,158.4080,51
2026-08-04 18:10:15,PLTR,158.4700,158.5000,158.4500,158.4700,15917.0000,158.4690,75
2026-08-04 18:10:20,PLTR,158.4900,158.6000,158.4800,158.6000,47574.0000,158.5210,171
2026-08-04 18:10:25,PLTR,158.6100,158.7500,158.5900,158.7000,29493.0000,158.6690,149
2026-08-04 18:10:30,PLTR,158.7100,158.7400,158.6000,158.6300,32014.0000,158.6740,125
2026-08-04 18:10:35,PLTR,158.6000,158.6500,158.4700,158.5900,63639.0000,158.5310,274
2026-08-04 18:10:40,PLTR,158.6100,158.6400,158.4900,158.4900,30668.0000,158.5820,68
2026-08-04 18:10:45,PLTR,158.4900,158.5300,158.4700,158.4800,14303.0000,158.5010,37
2026-08-04 18:10:50,PLTR,158.4800,158.5800,158.4300,158.5400,18009.0000,158.4920,91
2026-08-04 18:10:55,PLTR,158.5400,158.5900,158.5100,158.5300,21511.0000,158.5540,108
2026-08-04 18:11:00,PLTR,158.5300,158.7500,158.5300,158.7200,18132.0000,158.6170,88
2026-08-04 18:11:05,PLTR,158.7000,158.7500,158.5400,158.5600,14895.0000,158.6590,87
2026-08-04 18:11:10,PLTR,158.5600,158.5800,158.4100,158.4800,15626.0000,158.4880,72
2026-08-04 18:11:15,PLTR,158.4700,158.5500,158.4600,158.4700,12253.0000,158.4930,50
2026-08-04 18:11:20,PLTR,158.4700,158.5300,158.4300,158.5200,9075.0000,158.4890,43
2026-08-04 18:11:25,PLTR,158.5100,158.5700,158.5000,158.5600,9350.0000,158.5260,57
2026-08-04 18:11:30,PLTR,158.5600,158.5700,158.5300,158.5500,11376.0000,158.5520,50
2026-08-04 18:11:35,PLTR,158.5700,158.9400,158.5600,158.7600,67916.0000,158.7950,295
2026-08-04 18:11:40,PLTR,158.8100,158.8700,158.7600,158.8400,18651.0000,158.8080,77
2026-08-04 18:11:45,PLTR,158.8700,158.9200,158.7100,158.7600,17775.0000,158.8230,88
2026-08-04 18:11:50,PLTR,158.7800,158.9500,158.7400,158.9100,15238.0000,158.8470,83
2026-08-04 18:11:55,PLTR,158.8800,158.9300,158.8100,158.8400,40790.0000,158.8790,128
2026-08-04 18:12:00,PLTR,158.8400,158.8900,158.7900,158.8200,15524.0000,158.8320,88
2026-08-04 18:12:05,PLTR,158.8100,158.8200,158.7300,158.7300,17219.0000,158.7750,68
2026-08-04 18:12:10,PLTR,158.7400,158.7500,158.6300,158.7400,25127.0000,158.6900,102
2026-08-04 18:12:15,PLTR,158.7600,158.7900,158.6500,158.6600,16353.0000,158.6930,71
2026-08-04 18:12:20,PLTR,158.6400,158.6900,158.6100,158.6300,18370.0000,158.6530,64
2026-08-04 18:12:25,PLTR,158.6300,158.6400,158.5500,158.6000,18298.0000,158.5840,78
2026-08-04 18:12:30,PLTR,158.5800,158.6400,158.3200,158.6100,47751.0000,158.5120,170
2026-08-04 18:12:35,PLTR,158.6100,158.6800,158.5300,158.6200,18721.0000,158.6470,67
2026-08-04 18:12:40,PLTR,158.6400,158.6500,158.5900,158.6100,9831.0000,158.6180,45
2026-08-04 18:12:45,PLTR,158.6200,158.6600,158.6000,158.6100,11195.0000,158.6310,61
2026-08-04 18:12:50,PLTR,158.5900,158.6000,158.5100,158.5300,9543.0000,158.5460,50
2026-08-04 18:12:55,PLTR,158.5200,158.5900,158.5200,158.5500,5915.0000,158.5380,25
2026-08-04 18:13:00,PLTR,158.5500,158.6600,158.5400,158.6000,13295.0000,158.5980,82
2026-08-04 18:13:05,PLTR,158.5700,158.6000,158.5300,158.5600,9270.0000,158.5590,54
2026-08-04 18:13:10,PLTR,158.5700,158.6000,158.5400,158.5600,8316.0000,158.5730,48
2026-08-04 18:13:15,PLTR,158.5600,158.6100,158.5300,158.5700,21275.0000,158.5580,87
2026-08-04 18:13:20,PLTR,158.6000,158.6800,158.5600,158.6600,9740.0000,158.6280,37
2026-08-04 18:13:25,PLTR,158.6600,158.7500,158.6400,158.7200,15838.0000,158.7050,66
2026-08-04 18:13:30,PLTR,158.7100,158.9000,158.7100,158.8900,15811.0000,158.8100,109
2026-08-04 18:13:35,PLTR,158.8900,159.1900,158.8500,159.1900,66849.0000,159.0080,337
2026-08-04 18:13:40,PLTR,159.1800,159.2500,159.1700,159.2000,35763.0000,159.2110,142
2026-08-04 18:13:45,PLTR,159.1900,159.2100,159.0500,159.1300,19756.0000,159.1370,86
2026-08-04 18:13:50,PLTR,159.1300,159.2000,159.1000,159.1800,21795.0000,159.1700,65
2026-08-04 18:13:55,PLTR,159.1800,159.2000,159.1100,159.1100,18392.0000,159.1710,112
2026-08-04 18:14:00,PLTR,159.1000,159.1900,159.0900,159.1300,28083.0000,159.1300,84
2026-08-04 18:14:05,PLTR,159.1300,159.2600,159.1300,159.2300,13494.0000,159.1970,67
2026-08-04 18:14:10,PLTR,159.2300,159.2500,159.1100,159.1500,18875.0000,159.1830,118
2026-08-04 18:14:15,PLTR,159.1700,159.2300,159.1200,159.1500,12375.0000,159.1590,54
2026-08-04 18:14:20,PLTR,159.1500,159.1600,158.8400,158.8600,33431.0000,158.9610,170
2026-08-04 18:14:25,PLTR,158.8600,158.9000,158.7500,158.7900,28609.0000,158.8170,145
2026-08-04 18:14:30,PLTR,158.7800,158.8500,158.7700,158.8200,11187.0000,158.8070,61
2026-08-04 18:14:35,PLTR,158.8100,158.8600,158.7600,158.7700,22385.0000,158.8030,114
2026-08-04 18:14:40,PLTR,158.7800,158.7800,158.6700,158.7300,14312.0000,158.7180,71
2026-08-04 18:14:45,PLTR,158.7200,158.7700,158.6000,158.6000,33886.0000,158.6830,109
2026-08-04 18:14:50,PLTR,158.6300,158.6900,158.6100,158.6800,19447.0000,158.6440,77
2026-08-04 18:14:55,PLTR,158.6700,158.6900,158.5500,158.5500,17469.0000,158.6040,79
2026-08-04 18:15:00,PLTR,158.5600,158.8300,158.5500,158.7800,34032.0000,158.6690,171
2026-08-04 18:15:05,PLTR,158.8200,158.8600,158.7800,158.8300,19928.0000,158.8180,81
2026-08-04 18:15:10,PLTR,158.8100,158.8400,158.7700,158.8200,6026.0000,158.8040,39
2026-08-04 18:15:15,PLTR,158.8300,158.8800,158.8000,158.8300,20056.0000,158.8500,94
2026-08-04 18:15:20,PLTR,158.8300,158.8300,158.6800,158.6800,14931.0000,158.7520,89
2026-08-04 18:15:25,PLTR,158.6800,158.7100,158.6200,158.6200,11042.0000,158.6700,61
2026-08-04 18:15:30,PLTR,158.6400,158.6700,158.4800,158.4800,18515.0000,158.5410,102
2026-08-04 18:15:35,PLTR,158.5000,158.5100,158.4000,158.4900,23367.0000,158.4520,86
2026-08-04 18:15:40,PLTR,158.4900,158.7200,158.4500,158.7000,15104.0000,158.5600,83
2026-08-04 18:15:45,PLTR,158.6900,158.8000,158.5900,158.8000,33552.0000,158.7230,148
2026-08-04 18:15:50,PLTR,158.7800,158.8100,158.7300,158.7500,7794.0000,158.7750,38
2026-08-04 18:15:55,PLTR,158.7500,158.7800,158.6500,158.7000,39221.0000,158.7320,148
2026-08-04 18:16:00,PLTR,158.6500,158.8800,158.6500,158.8200,34444.0000,158.8010,134
2026-08-04 18:16:05,PLTR,158.8200,158.8200,158.7000,158.7000,11755.0000,158.7740,59
2026-08-04 18:16:10,PLTR,158.7000,158.7300,158.6400,158.6600,8373.0000,158.6670,51
2026-08-04 18:16:15,PLTR,158.6700,158.7000,158.6500,158.6900,7490.0000,158.6750,43
2026-08-04 18:16:20,PLTR,158.6700,158.7800,158.6700,158.6700,21157.0000,158.7100,98
2026-08-04 18:16:25,PLTR,158.6700,158.7800,158.6600,158.7200,11162.0000,158.7340,53
2026-08-04 18:16:30,PLTR,158.7300,158.7700,158.7200,158.7600,6009.0000,158.7420,26
2026-08-04 18:16:35,PLTR,158.7600,158.7700,158.5300,158.5700,17450.0000,158.6370,77
2026-08-04 18:16:40,PLTR,158.5800,158.5900,158.5400,158.5400,11725.0000,158.5580,36
2026-08-04 18:16:45,PLTR,158.5400,158.5500,158.4500,158.5100,17034.0000,158.5130,81
2026-08-04 18:16:50,PLTR,158.4900,158.5300,158.4300,158.4500,13505.0000,158.4740,59
2026-08-04 18:16:55,PLTR,158.4500,158.4700,158.3600,158.3700,15007.0000,158.4200,71
2026-08-04 18:17:00,PLTR,158.3900,158.4800,158.3900,158.4200,17785.0000,158.4340,64
2026-08-04 18:17:05,PLTR,158.4400,158.4800,158.3900,158.4100,10671.0000,158.4350,62
2026-08-04 18:17:10,PLTR,158.4100,158.4200,158.3000,158.3100,16102.0000,158.3490,85
2026-08-04 18:17:15,PLTR,158.3200,158.3300,158.2700,158.3000,24588.0000,158.2990,130
2026-08-04 18:17:20,PLTR,158.3100,158.3400,158.2300,158.2800,29896.0000,158.2830,170
2026-08-04 18:17:25,PLTR,158.2700,158.3700,158.2400,158.3400,23569.0000,158.3170,98
2026-08-04 18:17:30,PLTR,158.3400,158.3900,158.3100,158.3500,26374.0000,158.3440,92
2026-08-04 18:17:35,PLTR,158.3600,158.3600,158.2100,158.2800,14602.0000,158.2530,95
2026-08-04 18:17:40,PLTR,158.2600,158.3200,158.2500,158.2600,10627.0000,158.2820,58
2026-08-04 18:17:45,PLTR,158.2800,158.3000,158.1200,158.1600,26382.0000,158.1900,110
2026-08-04 18:17:50,PLTR,158.1500,158.1900,157.9700,158.0500,44819.0000,158.0340,185
2026-08-04 18:17:55,PLTR,158.0300,158.1300,158.0300,158.0600,14688.0000,158.0610,77
2026-08-04 18:18:00,PLTR,158.0700,158.1600,158.0500,158.0500,17920.0000,158.0970,69
2026-08-04 18:18:05,PLTR,158.0700,158.1500,158.0300,158.1300,13101.0000,158.0870,79
2026-08-04 18:18:10,PLTR,158.1100,158.1300,158.0300,158.1000,9119.0000,158.0690,50
2026-08-04 18:18:15,PLTR,158.1000,158.2200,158.0600,158.1700,19146.0000,158.1600,88
2026-08-04 18:18:20,PLTR,158.1700,158.2000,158.1500,158.1500,13906.0000,158.1760,55
2026-08-04 18:18:25,PLTR,158.1300,158.1500,158.0900,158.0900,10382.0000,158.1230,47
2026-08-04 18:18:30,PLTR,158.0900,158.1100,158.0500,158.0700,7797.0000,158.0800,41
2026-08-04 18:18:35,PLTR,158.1000,158.2500,158.0900,158.2300,14187.0000,158.2040,60
2026-08-04 18:18:40,PLTR,158.2300,158.3400,158.2200,158.3400,14472.0000,158.2710,58
2026-08-04 18:18:45,PLTR,158.3400,158.4600,158.2900,158.4100,46170.0000,158.4020,224
2026-08-04 18:18:50,PLTR,158.4100,158.4400,158.3800,158.4000,11212.0000,158.4170,48
2026-08-04 18:18:55,PLTR,158.4100,158.4900,158.4000,158.4400,13425.0000,158.4520,69
2026-08-04 18:19:00,PLTR,158.4500,158.4700,158.4200,158.4300,10319.0000,158.4440,52
2026-08-04 18:19:05,PLTR,158.4500,158.4600,158.3900,158.4100,8446.0000,158.4310,48
2026-08-04 18:19:10,PLTR,158.4200,158.5000,158.3900,158.4800,9982.0000,158.4510,47
2026-08-04 18:19:15,PLTR,158.4600,158.7900,158.4500,158.7700,48365.0000,158.5890,219
2026-08-04 18:19:20,PLTR,158.7500,158.7600,158.6400,158.6500,24847.0000,158.6960,115
2026-08-04 18:19:25,PLTR,158.6600,158.7300,158.6300,158.7200,7656.0000,158.6650,41
2026-08-04 18:19:30,PLTR,158.7500,158.8000,158.6800,158.7900,22533.0000,158.7440,100
2026-08-04 18:19:35,PLTR,158.7600,158.8400,158.7100,158.8400,9673.0000,158.7770,49
2026-08-04 18:19:40,PLTR,158.8500,158.8800,158.7500,158.7800,20880.0000,158.8080,125
2026-08-04 18:19:45,PLTR,158.7900,158.8300,158.7700,158.8000,10486.0000,158.7930,29
2026-08-04 18:19:50,PLTR,158.8100,158.8400,158.7300,158.7300,9983.0000,158.7680,51
2026-08-04 18:19:55,PLTR,158.7400,158.7700,158.6000,158.6600,16944.0000,158.7160,99
2026-08-04 18:20:00,PLTR,158.6600,158.6900,158.6100,158.6600,7844.0000,158.6540,44
2026-08-04 18:20:05,PLTR,158.6900,158.7300,158.6400,158.7300,9505.0000,158.6910,61
2026-08-04 18:20:10,PLTR,158.7000,158.9300,158.7000,158.8800,21170.0000,158.8190,86
2026-08-04 18:20:15,PLTR,158.8800,158.8900,158.7800,158.8100,9968.0000,158.8310,53
2026-08-04 18:20:20,PLTR,158.8200,158.8700,158.7800,158.8100,7531.0000,158.8310,49
2026-08-04 18:20:25,PLTR,158.7800,158.8000,158.6500,158.7700,18465.0000,158.7150,93
2026-08-04 18:20:30,PLTR,158.7600,158.8000,158.7400,158.7700,8802.0000,158.7710,56
2026-08-04 18:20:35,PLTR,158.7800,158.8300,158.7000,158.7200,12854.0000,158.7520,78
2026-08-04 18:20:40,PLTR,158.7300,158.7300,158.6200,158.6900,8966.0000,158.6680,48
2026-08-04 18:20:45,PLTR,158.7000,158.7000,158.6100,158.6600,9469.0000,158.6620,46
2026-08-04 18:20:50,PLTR,158.6600,158.6900,158.6200,158.6700,6892.0000,158.6580,39
2026-08-04 18:20:55,PLTR,158.6800,158.7400,158.6800,158.7300,13118.0000,158.7130,53
2026-08-04 18:21:00,PLTR,158.7500,158.8300,158.7500,158.7900,20996.0000,158.7900,124
2026-08-04 18:21:05,PLTR,158.8100,158.8300,158.7400,158.7400,14414.0000,158.8120,66
2026-08-04 18:21:10,PLTR,158.7600,158.8000,158.7400,158.7500,7791.0000,158.7780,51
2026-08-04 18:21:15,PLTR,158.7600,158.8300,158.7500,158.8100,13558.0000,158.7810,87
2026-08-04 18:21:20,PLTR,158.8200,158.8400,158.7300,158.7300,11130.0000,158.7880,51
2026-08-04 18:21:25,PLTR,158.7600,158.7800,158.7300,158.7500,6688.0000,158.7610,41
2026-08-04 18:21:30,PLTR,158.7300,158.8400,158.7000,158.7000,25858.0000,158.7620,137
2026-08-04 18:21:35,PLTR,158.7200,158.8600,158.7100,158.8500,14570.0000,158.7760,90
2026-08-04 18:21:40,PLTR,158.8700,158.8700,158.7800,158.8000,6116.0000,158.8070,35
2026-08-04 18:21:45,PLTR,158.8100,158.8400,158.7000,158.7300,21185.0000,158.7910,136
2026-08-04 18:21:50,PLTR,158.7600,158.8400,158.7000,158.7200,16344.0000,158.7830,80
2026-08-04 18:21:55,PLTR,158.7100,158.7200,158.6500,158.6700,26868.0000,158.6790,157
2026-08-04 18:22:00,PLTR,158.7000,158.7500,158.6400,158.6600,26703.0000,158.6920,68
2026-08-04 18:22:05,PLTR,158.6400,158.6800,158.5900,158.5900,15255.0000,158.6220,58
2026-08-04 18:22:10,PLTR,158.6200,158.6300,158.4600,158.6200,25049.0000,158.5640,127
2026-08-04 18:22:15,PLTR,158.6300,158.7200,158.5900,158.6600,8625.0000,158.6680,57
2026-08-04 18:22:20,PLTR,158.6900,158.8700,158.6700,158.7800,78363.0000,158.7620,282
2026-08-04 18:22:25,PLTR,158.7600,158.8200,158.7300,158.7800,16545.0000,158.7760,95
2026-08-04 18:22:30,PLTR,158.7800,158.8100,158.6000,158.6300,53066.0000,158.7300,304
2026-08-04 18:22:35,PLTR,158.6400,158.8800,158.6300,158.8600,44662.0000,158.6880,127
2026-08-04 18:22:40,PLTR,158.8600,158.8700,158.8100,158.8300,16575.0000,158.8300,94
2026-08-04 18:22:45,PLTR,158.8300,158.9500,158.8100,158.9200,50949.0000,158.8990,156
2026-08-04 18:22:50,PLTR,158.9400,158.9900,158.9100,158.9900,29596.0000,158.9610,147
2026-08-04 18:22:55,PLTR,158.9700,159.0200,158.8900,158.9500,88335.0000,158.9860,303
2026-08-04 18:23:00,PLTR,158.9400,158.9700,158.8100,158.8800,54192.0000,158.8960,189
2026-08-04 18:23:05,PLTR,158.9000,159.0900,158.8900,159.0700,17293.0000,159.0090,85
2026-08-04 18:23:10,PLTR,159.0700,159.0800,158.9900,159.0200,21216.0000,159.0350,114
2026-08-04 18:23:15,PLTR,159.0400,159.0700,158.9700,159.0500,34659.0000,159.0200,114
2026-08-04 18:23:20,PLTR,159.0300,159.0900,159.0100,159.0600,19424.0000,159.0520,123
2026-08-04 18:23:25,PLTR,159.0800,159.0900,159.0500,159.0800,10467.0000,159.0690,52
2026-08-04 18:23:30,PLTR,159.0700,159.1500,158.9400,158.9400,33842.0000,159.0560,181
2026-08-04 18:23:35,PLTR,158.9600,159.0200,158.9100,158.9700,25712.0000,158.9780,129
2026-08-04 18:23:40,PLTR,158.9700,159.0600,158.9600,159.0300,22430.0000,159.0110,72
2026-08-04 18:23:45,PLTR,159.0300,159.0700,158.9900,159.0000,4194.0000,159.0180,27
2026-08-04 18:23:50,PLTR,158.9900,159.0000,158.9100,158.9300,19576.0000,158.9530,101
2026-08-04 18:23:55,PLTR,158.9300,158.9300,158.8800,158.9200,22791.0000,158.9090,71
2026-08-04 18:24:00,PLTR,158.9100,159.0900,158.8900,159.0600,12656.0000,158.9590,73
2026-08-04 18:24:05,PLTR,159.0700,159.1800,159.0600,159.1600,18033.0000,159.1390,91
2026-08-04 18:24:10,PLTR,159.1500,159.2300,159.1100,159.1500,19032.0000,159.1640,89
2026-08-04 18:24:15,PLTR,159.1500,159.2500,159.1400,159.2500,18650.0000,159.2170,80
2026-08-04 18:24:20,PLTR,159.2600,159.2600,159.1000,159.2100,24832.0000,159.1870,139
2026-08-04 18:24:25,PLTR,159.2100,159.2900,159.1500,159.2800,18320.0000,159.2160,78
2026-08-04 18:24:30,PLTR,159.3000,159.3000,159.2100,159.2100,14249.0000,159.2580,77
2026-08-04 18:24:35,PLTR,159.2200,159.2900,159.2200,159.2800,6390.0000,159.2570,33
2026-08-04 18:24:40,PLTR,159.2800,159.2900,159.2100,159.2600,17498.0000,159.2640,58
2026-08-04 18:24:45,PLTR,159.2800,159.4500,159.2600,159.4500,28055.0000,159.3830,141
2026-08-04 18:24:50,PLTR,159.4500,159.5800,159.4100,159.4600,51926.0000,159.4920,194
2026-08-04 18:24:55,PLTR,159.4700,159.5200,159.4200,159.4600,35109.0000,159.4700,157
2026-08-04 18:25:00,PLTR,159.4500,159.5100,159.4100,159.4100,19572.0000,159.4720,84
2026-08-04 18:25:05,PLTR,159.4400,159.5500,159.3800,159.5300,15574.0000,159.4430,87
2026-08-04 18:25:10,PLTR,159.5000,159.5500,159.4600,159.5500,11702.0000,159.5010,57
2026-08-04 18:25:15,PLTR,159.5400,159.6100,159.5200,159.5400,29484.0000,159.5650,177
2026-08-04 18:25:20,PLTR,159.5300,159.5500,159.4900,159.5200,17543.0000,159.5130,73
2026-08-04 18:25:25,PLTR,159.5200,159.5800,159.5100,159.5700,9725.0000,159.5380,52
2026-08-04 18:25:30,PLTR,159.5900,159.6400,159.5600,159.6400,11342.0000,159.5950,41
2026-08-04 18:25:35,PLTR,159.6200,159.6600,159.6000,159.6400,13720.0000,159.6340,57
2026-08-04 18:25:40,PLTR,159.6400,159.6800,159.6200,159.6600,18824.0000,159.6480,76
2026-08-04 18:25:45,PLTR,159.6600,159.6800,159.6200,159.6300,19656.0000,159.6560,93
2026-08-04 18:25:50,PLTR,159.6400,159.6400,159.5100,159.5300,23237.0000,159.5820,124
2026-08-04 18:25:55,PLTR,159.5100,159.5300,159.2900,159.3500,39790.0000,159.4090,194
2026-08-04 18:26:00,PLTR,159.3200,159.4100,159.3100,159.3600,20287.0000,159.3520,89
2026-08-04 18:26:05,PLTR,159.3700,159.3800,159.2800,159.3200,9223.0000,159.3420,61
2026-08-04 18:26:10,PLTR,159.3000,159.3500,159.2700,159.2700,16456.0000,159.3120,87
2026-08-04 18:26:15,PLTR,159.2800,159.3200,159.1700,159.1700,10268.0000,159.2750,59
2026-08-04 18:26:20,PLTR,159.1900,159.2800,159.1700,159.2700,13770.0000,159.2260,57
2026-08-04 18:26:25,PLTR,159.2500,159.2800,159.2300,159.2700,5359.0000,159.2540,39
2026-08-04 18:26:30,PLTR,159.2700,159.5000,159.2700,159.4800,17642.0000,159.4120,93
2026-08-04 18:26:35,PLTR,159.4800,159.4900,159.4300,159.4800,17382.0000,159.4560,56
2026-08-04 18:26:40,PLTR,159.4700,159.4800,159.4100,159.4400,8384.0000,159.4400,57
2026-08-04 18:26:45,PLTR,159.4300,159.5300,159.4200,159.4300,13598.0000,159.4730,61
2026-08-04 18:26:50,PLTR,159.4300,159.5100,159.4300,159.4900,9003.0000,159.4650,41
2026-08-04 18:26:55,PLTR,159.5000,159.5300,159.4400,159.4500,17572.0000,159.4890,47
2026-08-04 18:27:00,PLTR,159.4500,159.5600,159.4300,159.4900,16700.0000,159.5030,64
2026-08-04 18:27:05,PLTR,159.4700,159.5000,159.4500,159.4700,6824.0000,159.4720,39
2026-08-04 18:27:10,PLTR,159.4400,159.4500,159.3700,159.3700,6839.0000,159.4050,35
2026-08-04 18:27:15,PLTR,159.3700,159.3700,159.3000,159.3400,15944.0000,159.3370,53
2026-08-04 18:27:20,PLTR,159.3600,159.6100,159.3600,159.5900,36330.0000,159.5060,203
2026-08-04 18:27:25,PLTR,159.5900,159.6400,159.5700,159.6000,13870.0000,159.6000,58
2026-08-04 18:27:30,PLTR,159.6000,159.6600,159.6000,159.6200,11969.0000,159.6310,66
2026-08-04 18:27:35,PLTR,159.6400,159.8000,159.6200,159.8000,40685.0000,159.6980,172
2026-08-04 18:27:40,PLTR,159.7900,159.8000,159.6800,159.7500,29917.0000,159.7480,126
2026-08-04 18:27:45,PLTR,159.7700,159.8000,159.7500,159.7900,17468.0000,159.7800,57
2026-08-04 18:27:50,PLTR,159.7800,159.8000,159.5800,159.6100,30653.0000,159.7350,138
2026-08-04 18:27:55,PLTR,159.6400,159.6800,159.5900,159.6800,15111.0000,159.6400,69
2026-08-04 18:28:00,PLTR,159.6400,159.6800,159.5800,159.6200,12980.0000,159.6360,76
2026-08-04 18:28:05,PLTR,159.6200,159.6500,159.5700,159.6100,14630.0000,159.5940,103
2026-08-04 18:28:10,PLTR,159.6200,159.6200,159.5500,159.5600,11538.0000,159.5790,51
2026-08-04 18:28:15,PLTR,159.5800,159.6400,159.5600,159.6000,16953.0000,159.6040,53
2026-08-04 18:28:20,PLTR,159.6300,159.6700,159.6000,159.6600,9003.0000,159.6440,46
2026-08-04 18:28:25,PLTR,159.6600,159.6800,159.5900,159.6000,10719.0000,159.6480,66
2026-08-04 18:28:30,PLTR,159.6000,159.6700,159.5700,159.6300,10506.0000,159.6240,60
2026-08-04 18:28:35,PLTR,159.6000,159.6800,159.5900,159.6600,5009.0000,159.6590,30
2026-08-04 18:28:40,PLTR,159.6600,159.7500,159.6300,159.7100,25972.0000,159.6790,109
2026-08-04 18:28:45,PLTR,159.7200,159.7700,159.7000,159.7200,11120.0000,159.7340,47
2026-08-04 18:28:50,PLTR,159.7000,159.7300,159.6600,159.7100,10546.0000,159.6910,52
2026-08-04 18:28:55,PLTR,159.6900,159.6900,159.6100,159.6100,7794.0000,159.6580,47
2026-08-04 18:29:00,PLTR,159.6000,159.6700,159.5900,159.6400,10841.0000,159.6380,45
2026-08-04 18:29:05,PLTR,159.6300,159.7400,159.5900,159.7100,21860.0000,159.6630,107
2026-08-04 18:29:10,PLTR,159.7000,159.7000,159.6000,159.6300,16652.0000,159.6330,44
2026-08-04 18:29:15,PLTR,159.6300,159.6500,159.6200,159.6300,6892.0000,159.6330,23
2026-08-04 18:29:20,PLTR,159.6400,159.6400,159.5700,159.6100,17122.0000,159.6020,84
2026-08-04 18:29:25,PLTR,159.6100,159.6500,159.3800,159.4700,49582.0000,159.4700,204
2026-08-04 18:29:30,PLTR,159.4400,159.5000,159.4200,159.5000,11584.0000,159.4520,39
2026-08-04 18:29:35,PLTR,159.5500,159.5600,159.4500,159.4500,13063.0000,159.4970,62
2026-08-04 18:29:40,PLTR,159.4700,159.4800,159.4100,159.4600,12786.0000,159.4460,66
2026-08-04 18:29:45,PLTR,159.4500,159.5500,159.4300,159.5200,10515.0000,159.4810,68
2026-08-04 18:29:50,PLTR,159.5400,159.5500,159.4800,159.4800,8199.0000,159.5070,60
2026-08-04 18:29:55,PLTR,159.4800,159.5000,159.3500,159.3900,26248.0000,159.4360,161
2026-08-04 18:30:00,PLTR,159.3900,159.4900,159.3700,159.4700,9164.0000,159.4270,57
2026-08-04 18:30:05,PLTR,159.4700,159.4900,159.3500,159.3900,18032.0000,159.4140,68
2026-08-04 18:30:10,PLTR,159.3900,159.4500,159.3500,159.3700,14004.0000,159.3910,42
2026-08-04 18:30:15,PLTR,159.4200,159.5900,159.3800,159.5300,49492.0000,159.5520,106
2026-08-04 18:30:20,PLTR,159.5600,159.5900,159.5000,159.5700,10621.0000,159.5500,38
2026-08-04 18:30:25,PLTR,159.5500,159.6100,159.5500,159.5700,8149.0000,159.5750,35
2026-08-04 18:30:30,PLTR,159.5500,159.5800,159.5300,159.5500,8909.0000,159.5470,50
2026-08-04 18:30:35,PLTR,159.5500,159.5500,159.4400,159.4900,11555.0000,159.4880,45
2026-08-04 18:30:40,PLTR,159.4700,159.5000,159.4600,159.4800,3376.0000,159.4770,22
2026-08-04 18:30:45,PLTR,159.4800,159.5000,159.4300,159.4700,9229.0000,159.4840,42
2026-08-04 18:30:50,PLTR,159.4500,159.5000,159.4500,159.4800,2227.0000,159.4700,16
2026-08-04 18:30:55,PLTR,159.4600,159.4700,159.4300,159.4300,5920.0000,159.4500,35
2026-08-04 18:31:00,PLTR,159.4300,159.4300,159.3100,159.3300,24292.0000,159.3700,129
2026-08-04 18:31:05,PLTR,159.3400,159.3400,159.1100,159.1600,30837.0000,159.2250,113
2026-08-04 18:31:10,PLTR,159.1400,159.2000,159.0700,159.1300,25594.0000,159.1100,99
2026-08-04 18:31:15,PLTR,159.1300,159.1600,159.0700,159.1000,12221.0000,159.1070,57
2026-08-04 18:31:20,PLTR,159.1000,159.1200,158.8200,158.8400,38076.0000,158.9540,169
2026-08-04 18:31:25,PLTR,158.8000,158.9400,158.7700,158.9100,31230.0000,158.8760,103
2026-08-04 18:31:30,PLTR,158.9000,158.9100,158.7900,158.8700,19334.0000,158.8630,121
2026-08-04 18:31:35,PLTR,158.8700,158.8700,158.8000,158.8700,11433.0000,158.8470,64
2026-08-04 18:31:40,PLTR,158.8500,158.8800,158.8100,158.8500,21528.0000,158.8470,80
2026-08-04 18:31:45,PLTR,158.8400,158.9500,158.8100,158.8300,48381.0000,158.8770,280
2026-08-04 18:31:50,PLTR,158.8700,158.8900,158.8300,158.8500,9802.0000,158.8550,51
2026-08-04 18:31:55,PLTR,158.8500,158.8800,158.8300,158.8700,18809.0000,158.8530,50
2026-08-04 18:32:00,PLTR,158.8700,158.9900,158.8700,158.9000,22552.0000,158.9190,149
2026-08-04 18:32:05,PLTR,158.9100,158.9400,158.8600,158.9400,15229.0000,158.9030,83
2026-08-04 18:32:10,PLTR,158.9500,158.9500,158.8600,158.8600,11788.0000,158.9160,69
2026-08-04 18:32:15,PLTR,158.8800,158.8800,158.8000,158.8700,7498.0000,158.8430,47
2026-08-04 18:32:20,PLTR,158.8100,158.8200,158.7300,158.7300,10725.0000,158.7910,66
2026-08-04 18:32:25,PLTR,158.7500,158.7800,158.6700,158.7000,13231.0000,158.7290,74
2026-08-04 18:32:30,PLTR,158.7500,158.8900,158.7200,158.8700,22373.0000,158.8190,95
2026-08-04 18:32:35,PLTR,158.9000,158.9300,158.7900,158.8200,18202.0000,158.8960,85
2026-08-04 18:32:40,PLTR,158.8100,158.8400,158.7900,158.8300,6713.0000,158.8250,46
2026-08-04 18:32:45,PLTR,158.8500,158.8600,158.8100,158.8200,10514.0000,158.8390,62
2026-08-04 18:32:50,PLTR,158.8200,158.8600,158.7600,158.7600,10447.0000,158.8240,69
2026-08-04 18:32:55,PLTR,158.7700,158.8300,158.7500,158.8100,9566.0000,158.7860,40
2026-08-04 18:33:00,PLTR,158.8000,158.8100,158.7500,158.7600,8593.0000,158.7700,43
2026-08-04 18:33:05,PLTR,158.7500,158.7800,158.6900,158.7000,13333.0000,158.7180,75
2026-08-04 18:33:10,PLTR,158.6800,158.7000,158.6300,158.6600,18570.0000,158.6680,79
2026-08-04 18:33:15,PLTR,158.6700,158.7000,158.6500,158.7000,7665.0000,158.6820,47
2026-08-04 18:33:20,PLTR,158.6800,158.7000,158.6600,158.6600,4454.0000,158.6860,25
2026-08-04 18:33:25,PLTR,158.6500,158.6800,158.5600,158.5600,10339.0000,158.6310,76
2026-08-04 18:33:30,PLTR,158.5600,158.6000,158.5400,158.5700,13155.0000,158.5720,72
2026-08-04 18:33:35,PLTR,158.5600,158.5700,158.5300,158.5400,5202.0000,158.5550,26
2026-08-04 18:33:40,PLTR,158.5300,158.6300,158.5300,158.6000,16908.0000,158.5730,61
2026-08-04 18:33:45,PLTR,158.5900,158.7100,158.5600,158.7100,14902.0000,158.6410,72
2026-08-04 18:33:50,PLTR,158.6800,158.7400,158.6000,158.6000,34331.0000,158.6560,139
2026-08-04 18:33:55,PLTR,158.5900,158.6600,158.5800,158.5900,6812.0000,158.6140,34
2026-08-04 18:34:00,PLTR,158.5900,158.7300,158.5800,158.7000,12879.0000,158.6500,71
2026-08-04 18:34:05,PLTR,158.6800,158.6900,158.6200,158.6600,6698.0000,158.6610,41
2026-08-04 18:34:10,PLTR,158.6800,158.7000,158.6100,158.6100,7419.0000,158.6500,34
2026-08-04 18:34:15,PLTR,158.6300,158.6700,158.4800,158.4800,63255.0000,158.6170,161
2026-08-04 18:34:20,PLTR,158.4700,158.5100,158.3500,158.4000,18061.0000,158.4250,97
2026-08-04 18:34:25,PLTR,158.4000,158.4000,158.3200,158.3800,9518.0000,158.3500,45
2026-08-04 18:34:30,PLTR,158.3500,158.4000,158.3300,158.3500,12650.0000,158.3600,44
2026-08-04 18:34:35,PLTR,158.3500,158.4700,158.3400,158.4300,12566.0000,158.3990,89
2026-08-04 18:34:40,PLTR,158.4500,158.5100,158.4400,158.4500,23716.0000,158.4720,87
2026-08-04 18:34:45,PLTR,158.4400,158.5800,158.4000,158.4700,21855.0000,158.4750,100
2026-08-04 18:34:50,PLTR,158.5000,158.5100,158.4500,158.4700,5271.0000,158.4730,29
2026-08-04 18:34:55,PLTR,158.4500,158.5200,158.4300,158.5100,8812.0000,158.4810,51
2026-08-04 18:35:00,PLTR,158.5200,158.5900,158.4500,158.5000,14152.0000,158.4990,84
2026-08-04 18:35:05,PLTR,158.4800,158.5300,158.4700,158.4800,11227.0000,158.5010,52
2026-08-04 18:35:10,PLTR,158.4800,158.5300,158.4700,158.4800,6208.0000,158.4910,36
2026-08-04 18:35:15,PLTR,158.5400,158.5700,158.5100,158.5700,8702.0000,158.5530,34
2026-08-04 18:35:20,PLTR,158.5500,158.5800,158.5200,158.5400,7110.0000,158.5440,30
2026-08-04 18:35:25,PLTR,158.5500,158.5500,158.3600,158.4600,33073.0000,158.4150,137
2026-08-04 18:35:30,PLTR,158.4700,158.5000,158.4000,158.4000,9166.0000,158.4660,35
2026-08-04 18:35:35,PLTR,158.4300,158.4400,158.3600,158.3800,12504.0000,158.3940,76
2026-08-04 18:35:40,PLTR,158.3700,158.4200,158.3600,158.4200,8379.0000,158.3900,56
2026-08-04 18:35:45,PLTR,158.4100,158.4700,158.4100,158.4600,12639.0000,158.4320,75
2026-08-04 18:35:50,PLTR,158.4700,158.4900,158.4200,158.4600,7986.0000,158.4630,54
2026-08-04 18:35:55,PLTR,158.4600,158.5000,158.4100,158.4900,6157.0000,158.4390,43
2026-08-04 18:36:00,PLTR,158.4700,158.5000,158.4400,158.4800,7103.0000,158.4670,33
2026-08-04 18:36:05,PLTR,158.4700,158.4800,158.4500,158.4600,6670.0000,158.4620,37
2026-08-04 18:36:10,PLTR,158.4600,158.4600,158.4000,158.4300,7518.0000,158.4300,44
2026-08-04 18:36:15,PLTR,158.4300,158.4300,158.3700,158.3800,5819.0000,158.3990,45
2026-08-04 18:36:20,PLTR,158.3800,158.4200,158.3700,158.3900,8183.0000,158.4000,39
2026-08-04 18:36:25,PLTR,158.3900,158.5500,158.3500,158.5300,35637.0000,158.4480,180
2026-08-04 18:36:30,PLTR,158.5400,158.5800,158.5200,158.5700,11477.0000,158.5510,72
2026-08-04 18:36:35,PLTR,158.5700,158.6000,158.4700,158.5100,21033.0000,158.5580,112
2026-08-04 18:36:40,PLTR,158.5100,158.5700,158.4500,158.5600,6703.0000,158.5070,47
2026-08-04 18:36:45,PLTR,158.5200,158.7000,158.5000,158.6800,20645.0000,158.6050,105
2026-08-04 18:36:50,PLTR,158.7000,158.7900,158.7000,158.7400,23685.0000,158.7500,114
2026-08-04 18:36:55,PLTR,158.7600,158.7900,158.6900,158.7000,9044.0000,158.7390,48
2026-08-04 18:37:00,PLTR,158.7000,158.7800,158.6800,158.7500,12332.0000,158.7300,66
2026-08-04 18:37:05,PLTR,158.7400,158.7800,158.6500,158.6700,20190.0000,158.6980,78
2026-08-04 18:37:10,PLTR,158.6700,158.6800,158.6100,158.6400,18120.0000,158.6450,72
2026-08-04 18:37:15,PLTR,158.6400,158.6800,158.6300,158.6600,7423.0000,158.6580,37
2026-08-04 18:37:20,PLTR,158.6500,158.6900,158.6300,158.6600,7969.0000,158.6580,58
2026-08-04 18:37:25,PLTR,158.6700,158.6800,158.6200,158.6600,9883.0000,158.6540,49
2026-08-04 18:37:30,PLTR,158.6600,158.7400,158.6500,158.7200,9552.0000,158.7000,45
2026-08-04 18:37:35,PLTR,158.7200,158.7200,158.5900,158.6400,10494.0000,158.6740,43
2026-08-04 18:37:40,PLTR,158.6000,158.6500,158.5900,158.5900,8344.0000,158.6190,36
2026-08-04 18:37:45,PLTR,158.5800,158.6300,158.5000,158.5500,21772.0000,158.5550,82
2026-08-04 18:37:50,PLTR,158.5000,158.6200,158.5000,158.5800,4461.0000,158.5580,22
2026-08-04 18:37:55,PLTR,158.5900,158.6100,158.4800,158.4800,24799.0000,158.5600,69
2026-08-04 18:38:00,PLTR,158.5000,158.5200,158.3500,158.3500,21430.0000,158.4240,78
2026-08-04 18:38:05,PLTR,158.3600,158.4100,158.3200,158.4100,11624.0000,158.3750,65
2026-08-04 18:38:10,PLTR,158.4300,158.5200,158.3900,158.4800,10144.0000,158.4590,59
2026-08-04 18:38:15,PLTR,158.5200,158.5700,158.4800,158.5500,8133.0000,158.5340,42
2026-08-04 18:38:20,PLTR,158.5500,158.5900,158.5300,158.5700,11747.0000,158.5580,41
2026-08-04 18:38:25,PLTR,158.5800,158.7000,158.5500,158.6200,13473.0000,158.6380,58
2026-08-04 18:38:30,PLTR,158.6500,158.9800,158.6500,158.9200,62142.0000,158.8630,197
2026-08-04 18:38:35,PLTR,158.9300,158.9900,158.9100,158.9200,16800.0000,158.9300,64
2026-08-04 18:38:40,PLTR,158.9700,159.0700,158.9500,159.0300,49673.0000,159.0080,203
2026-08-04 18:38:45,PLTR,159.0400,159.0700,158.9800,159.0300,11537.0000,159.0300,56
2026-08-04 18:38:50,PLTR,159.0200,159.0800,158.9600,159.0800,15077.0000,159.0080,76
2026-08-04 18:38:55,PLTR,159.0400,159.0800,159.0300,159.0600,19281.0000,159.0570,64
2026-08-04 18:39:00,PLTR,159.0600,159.1600,159.0400,159.1300,26471.0000,159.1000,141
2026-08-04 18:39:05,PLTR,159.1300,159.2000,159.1100,159.1800,35245.0000,159.1620,111
2026-08-04 18:39:10,PLTR,159.2100,159.3100,159.1700,159.2800,21701.0000,159.2450,85
2026-08-04 18:39:15,PLTR,159.3200,159.4400,159.2700,159.4100,15861.0000,159.3450,84
2026-08-04 18:39:20,PLTR,159.3900,159.4000,159.2900,159.3100,13965.0000,159.3410,77
2026-08-04 18:39:25,PLTR,159.3200,159.3300,159.2000,159.2300,20295.0000,159.2720,99
2026-08-04 18:39:30,PLTR,159.2500,159.2700,159.1800,159.2500,11919.0000,159.2330,47
2026-08-04 18:39:35,PLTR,159.2700,159.3000,159.2300,159.2900,10709.0000,159.2790,41
2026-08-04 18:39:40,PLTR,159.2800,159.2800,159.2200,159.2800,12268.0000,159.2520,41
2026-08-04 18:39:45,PLTR,159.2700,159.2700,159.2200,159.2600,8551.0000,159.2380,42
2026-08-04 18:39:50,PLTR,159.2500,159.2800,159.2200,159.2700,13473.0000,159.2490,70
2026-08-04 18:39:55,PLTR,159.2500,159.2900,159.2500,159.2600,16097.0000,159.2730,44
2026-08-04 18:40:00,PLTR,159.2600,159.3500,159.2400,159.3100,12303.0000,159.3020,74
2026-08-04 18:40:05,PLTR,159.3100,159.7800,159.3100,159.7500,105288.0000,159.6070,453
2026-08-04 18:40:10,PLTR,159.7700,159.7800,159.7300,159.7500,7384.0000,159.7520,39
2026-08-04 18:40:15,PLTR,159.7300,159.7500,159.6500,159.6700,13530.0000,159.7190,92
2026-08-04 18:40:20,PLTR,159.6500,159.6900,159.6100,159.6900,24658.0000,159.6400,93
2026-08-04 18:40:25,PLTR,159.6900,159.6900,159.5200,159.5800,56971.0000,159.5900,210
2026-08-04 18:40:30,PLTR,159.5800,159.5800,159.4800,159.5100,18942.0000,159.5360,88
2026-08-04 18:40:35,PLTR,159.4900,159.5300,159.3800,159.4400,17051.0000,159.4750,62
2026-08-04 18:40:40,PLTR,159.4400,159.4700,159.4200,159.4500,20088.0000,159.4420,69
2026-08-04 18:40:45,PLTR,159.4500,159.4600,159.4100,159.4400,9300.0000,159.4370,50
2026-08-04 18:40:50,PLTR,159.4300,159.4500,159.3500,159.4100,9130.0000,159.3970,57
2026-08-04 18:40:55,PLTR,159.4100,159.4600,159.4000,159.4100,8339.0000,159.4290,35
2026-08-04 18:41:00,PLTR,159.4100,159.4300,159.3700,159.4300,10448.0000,159.3990,45
2026-08-04 18:41:05,PLTR,159.4400,159.5700,159.4400,159.5300,15954.0000,159.5140,88
2026-08-04 18:41:10,PLTR,159.5400,159.5500,159.4900,159.5100,10055.0000,159.5120,61
2026-08-04 18:41:15,PLTR,159.5200,159.5300,159.4800,159.5000,7857.0000,159.5110,44
2026-08-04 18:41:20,PLTR,159.5100,159.5900,159.5000,159.5800,10403.0000,159.5540,61
2026-08-04 18:41:25,PLTR,159.6000,159.8500,159.6000,159.7600,40197.0000,159.7440,178
2026-08-04 18:41:30,PLTR,159.7600,159.8200,159.7200,159.8200,10342.0000,159.7720,56
2026-08-04 18:41:35,PLTR,159.7900,159.8200,159.6700,159.7200,17220.0000,159.7600,89
2026-08-04 18:41:40,PLTR,159.6900,159.8000,159.6700,159.8000,16460.0000,159.7260,92
2026-08-04 18:41:45,PLTR,159.7100,159.7700,159.6900,159.7200,18602.0000,159.7320,105
2026-08-04 18:41:50,PLTR,159.7300,159.7800,159.6700,159.7600,28743.0000,159.7320,102
2026-08-04 18:41:55,PLTR,159.7600,159.8200,159.7500,159.7800,21952.0000,159.7820,60
2026-08-04 18:42:00,PLTR,159.7800,159.8700,159.7500,159.8100,20935.0000,159.8010,102
2026-08-04 18:42:05,PLTR,159.8300,159.9300,159.7800,159.8800,45124.0000,159.8540,233
2026-08-04 18:42:10,PLTR,159.8800,159.9400,159.7800,159.7800,22119.0000,159.8840,114
2026-08-04 18:42:15,PLTR,159.7800,159.7800,159.6200,159.6200,15416.0000,159.7210,78
2026-08-04 18:42:20,PLTR,159.6800,159.8500,159.6200,159.7200,30653.0000,159.7150,93
2026-08-04 18:42:25,PLTR,159.7200,159.8300,159.7200,159.7800,14174.0000,159.7850,76
2026-08-04 18:42:30,PLTR,159.7800,159.7900,159.7100,159.7100,9719.0000,159.7430,61
2026-08-04 18:42:35,PLTR,159.7300,159.8400,159.7100,159.8300,6965.0000,159.7740,29
2026-08-04 18:42:40,PLTR,159.7800,159.9000,159.7800,159.8300,19105.0000,159.8570,79
2026-08-04 18:42:45,PLTR,159.8300,159.8800,159.8000,159.8300,10421.0000,159.8330,46
2026-08-04 18:42:50,PLTR,159.8200,159.8800,159.7600,159.8400,15230.0000,159.7990,80
2026-08-04 18:42:55,PLTR,159.8400,159.8400,159.7300,159.7800,10586.0000,159.7820,52
2026-08-04 18:43:00,PLTR,159.8000,159.8200,159.7500,159.7800,7593.0000,159.7900,39
2026-08-04 18:43:05,PLTR,159.8000,159.8000,159.7500,159.7800,13024.0000,159.7640,49
2026-08-04 18:43:10,PLTR,159.7800,159.7800,159.6000,159.6700,28920.0000,159.6920,138
2026-08-04 18:43:15,PLTR,159.6700,159.7000,159.6000,159.6400,14568.0000,159.6420,75
2026-08-04 18:43:20,PLTR,159.6700,159.7800,159.6700,159.7700,26850.0000,159.7290,119
2026-08-04 18:43:25,PLTR,159.8000,159.8000,159.7200,159.7700,16856.0000,159.7620,89
2026-08-04 18:43:30,PLTR,159.7700,159.7800,159.6800,159.6800,8690.0000,159.7200,45
2026-08-04 18:43:35,PLTR,159.6600,159.6800,159.5500,159.5600,9024.0000,159.6130,46
2026-08-04 18:43:40,PLTR,159.5600,159.6200,159.5600,159.5600,7753.0000,159.5920,41
2026-08-04 18:43:45,PLTR,159.5600,159.5900,159.5300,159.5500,4565.0000,159.5630,18
2026-08-04 18:43:50,PLTR,159.5500,159.5500,159.4600,159.5300,8637.0000,159.5140,47
2026-08-04 18:43:55,PLTR,159.5400,159.6000,159.5200,159.5400,10886.0000,159.5520,53
2026-08-04 18:44:00,PLTR,159.5200,159.5200,159.4500,159.4500,12940.0000,159.4850,48
2026-08-04 18:44:05,PLTR,159.4300,159.4900,159.3900,159.4600,16961.0000,159.4410,95
2026-08-04 18:44:10,PLTR,159.4600,159.5400,159.4600,159.5300,10799.0000,159.5040,59
2026-08-04 18:44:15,PLTR,159.5100,159.5300,159.4500,159.4800,10628.0000,159.4870,57
2026-08-04 18:44:20,PLTR,159.4700,159.5000,159.4000,159.4100,6710.0000,159.4450,40
2026-08-04 18:44:25,PLTR,159.4100,159.4900,159.4000,159.4800,7621.0000,159.4410,32
2026-08-04 18:44:30,PLTR,159.4700,159.5500,159.4700,159.5200,14262.0000,159.5000,43
2026-08-04 18:44:35,PLTR,159.5200,159.5900,159.5200,159.5700,9863.0000,159.5560,48
2026-08-04 18:44:40,PLTR,159.5900,159.5900,159.5100,159.5100,9244.0000,159.5350,55
2026-08-04 18:44:45,PLTR,159.5100,159.6500,159.4800,159.6400,19079.0000,159.5620,78
2026-08-04 18:44:50,PLTR,159.6300,159.7500,159.6300,159.7000,18295.0000,159.7010,65
2026-08-04 18:44:55,PLTR,159.7200,159.7700,159.6900,159.7500,25423.0000,159.7530,51
2026-08-04 18:45:00,PLTR,159.7500,159.7600,159.6700,159.6900,8366.0000,159.7000,51
2026-08-04 18:45:05,PLTR,159.6900,159.7100,159.6300,159.6300,11976.0000,159.6740,57
2026-08-04 18:45:10,PLTR,159.6300,159.6300,159.5700,159.5900,13559.0000,159.5950,43
2026-08-04 18:45:15,PLTR,159.5700,159.6600,159.5600,159.6300,8296.0000,159.6050,40
2026-08-04 18:45:20,PLTR,159.6300,159.7400,159.6300,159.6900,27929.0000,159.6990,150
2026-08-04 18:45:25,PLTR,159.6900,159.7200,159.6200,159.6200,14544.0000,159.6820,52
2026-08-04 18:45:30,PLTR,159.6400,159.6600,159.6300,159.6400,8865.0000,159.6460,44
2026-08-04 18:45:35,PLTR,159.6400,159.6800,159.6200,159.6200,10058.0000,159.6500,36
2026-08-04 18:45:40,PLTR,159.6300,159.6800,159.6200,159.6800,4726.0000,159.6450,28
2026-08-04 18:45:45,PLTR,159.6800,159.7500,159.6800,159.7500,22020.0000,159.7080,100
2026-08-04 18:45:50,PLTR,159.7500,159.8000,159.7400,159.7500,19534.0000,159.7780,71
2026-08-04 18:45:55,PLTR,159.7800,159.7900,159.7400,159.7700,24135.0000,159.7650,117
2026-08-04 18:46:00,PLTR,159.7800,159.8000,159.7400,159.7600,15660.0000,159.7650,67
2026-08-04 18:46:05,PLTR,159.7500,159.7800,159.7200,159.7500,6708.0000,159.7460,38
2026-08-04 18:46:10,PLTR,159.7800,159.8500,159.7100,159.7200,48159.0000,159.7890,126
2026-08-04 18:46:15,PLTR,159.7200,159.7400,159.6600,159.6700,11576.0000,159.6960,60
2026-08-04 18:46:20,PLTR,159.6800,159.6900,159.5600,159.5700,15122.0000,159.6070,90
2026-08-04 18:46:25,PLTR,159.5700,159.6500,159.5400,159.5400,16443.0000,159.5910,64
2026-08-04 18:46:30,PLTR,159.5400,159.6200,159.5200,159.5300,10128.0000,159.5680,59
2026-08-04 18:46:35,PLTR,159.5300,159.5300,159.4500,159.4700,11849.0000,159.4900,68
2026-08-04 18:46:40,PLTR,159.4600,159.4900,159.4500,159.4900,9086.0000,159.4670,45
2026-08-04 18:46:45,PLTR,159.4800,159.5500,159.4700,159.4800,21949.0000,159.5090,63
2026-08-04 18:46:50,PLTR,159.4800,159.5700,159.4700,159.5500,6958.0000,159.5170,38
2026-08-04 18:46:55,PLTR,159.5600,159.5700,159.5300,159.5300,6258.0000,159.5540,41
2026-08-04 18:47:00,PLTR,159.5300,159.6600,159.5300,159.6600,11836.0000,159.6040,77
2026-08-04 18:47:05,PLTR,159.6300,159.6900,159.6200,159.6900,11201.0000,159.6700,52
2026-08-04 18:47:10,PLTR,159.6800,159.7200,159.6500,159.6600,19172.0000,159.6780,85
2026-08-04 18:47:15,PLTR,159.6700,159.6700,159.5600,159.6100,6467.0000,159.6160,39
2026-08-04 18:47:20,PLTR,159.6000,159.6100,159.5700,159.5700,5255.0000,159.5970,34
2026-08-04 18:47:25,PLTR,159.5600,159.5700,159.2500,159.4200,30931.0000,159.3880,173
2026-08-04 18:47:30,PLTR,159.4000,159.4800,159.3800,159.4500,12873.0000,159.4350,72
2026-08-04 18:47:35,PLTR,159.4800,159.5100,159.4500,159.5000,7282.0000,159.4860,48
2026-08-04 18:47:40,PLTR,159.5300,159.5500,159.4600,159.5000,21534.0000,159.5070,96
2026-08-04 18:47:45,PLTR,159.5000,159.5200,159.4000,159.4800,21201.0000,159.4590,134
2026-08-04 18:47:50,PLTR,159.4800,159.5200,159.4800,159.5100,5459.0000,159.4990,42
2026-08-04 18:47:55,PLTR,159.5100,159.5500,159.4300,159.4400,11097.0000,159.4780,60
2026-08-04 18:48:00,PLTR,159.4500,159.4700,159.4400,159.4700,7993.0000,159.4560,42
2026-08-04 18:48:05,PLTR,159.4600,159.4700,159.4000,159.4300,16285.0000,159.4400,80
2026-08-04 18:48:10,PLTR,159.4500,159.4600,159.3500,159.3800,10501.0000,159.3920,49
2026-08-04 18:48:15,PLTR,159.3900,159.4200,159.3500,159.3700,13157.0000,159.3780,85
2026-08-04 18:48:20,PLTR,159.3800,159.4500,159.3600,159.3600,9336.0000,159.3870,52
2026-08-04 18:48:25,PLTR,159.3700,159.3800,159.3200,159.3400,7770.0000,159.3520,60
2026-08-04 18:48:30,PLTR,159.3700,159.4500,159.3600,159.4400,16443.0000,159.4110,62
2026-08-04 18:48:35,PLTR,159.4200,159.5800,159.4100,159.5400,36743.0000,159.5150,171
2026-08-04 18:48:40,PLTR,159.5200,159.5800,159.4900,159.5800,10271.0000,159.5290,48
2026-08-04 18:48:45,PLTR,159.5400,159.5600,159.4700,159.5000,8315.0000,159.5180,41
2026-08-04 18:48:50,PLTR,159.4900,159.5300,159.4800,159.5100,6645.0000,159.5120,30
2026-08-04 18:48:55,PLTR,159.4900,159.5300,159.4600,159.4600,5653.0000,159.4990,36
2026-08-04 18:49:00,PLTR,159.4600,159.5400,159.4600,159.4800,4604.0000,159.4820,35
2026-08-04 18:49:05,PLTR,159.4700,159.5500,159.4700,159.4800,21082.0000,159.5020,78
2026-08-04 18:49:10,PLTR,159.4900,159.5400,159.4600,159.5400,7556.0000,159.5070,46
2026-08-04 18:49:15,PLTR,159.5400,159.5400,159.4800,159.5000,6310.0000,159.5110,41
2026-08-04 18:49:20,PLTR,159.5200,159.5200,159.4400,159.4500,19821.0000,159.4680,65
2026-08-04 18:49:25,PLTR,159.4500,159.4900,159.4300,159.4800,8577.0000,159.4680,35
2026-08-04 18:49:30,PLTR,159.5000,159.5200,159.4400,159.5100,14219.0000,159.4890,74
2026-08-04 18:49:35,PLTR,159.5100,159.5300,159.4900,159.5000,11654.0000,159.5110,48
2026-08-04 18:49:40,PLTR,159.5200,159.6000,159.5000,159.6000,24250.0000,159.5670,98
2026-08-04 18:49:45,PLTR,159.5900,159.6900,159.5900,159.6700,24082.0000,159.6530,135
2026-08-04 18:49:50,PLTR,159.6600,159.7500,159.6400,159.7200,43837.0000,159.7020,90
2026-08-04 18:49:55,PLTR,159.7300,159.7600,159.7100,159.7300,17093.0000,159.7360,98
2026-08-04 18:50:00,PLTR,159.7300,159.7400,159.6300,159.7000,24339.0000,159.6910,94
2026-08-04 18:50:05,PLTR,159.6800,159.6800,159.6300,159.6600,13565.0000,159.6590,50
2026-08-04 18:50:10,PLTR,159.6700,159.6700,159.6300,159.6600,5933.0000,159.6530,39
2026-08-04 18:50:15,PLTR,159.6600,159.8800,159.6400,159.8700,59208.0000,159.7840,235
2026-08-04 18:50:20,PLTR,159.8700,159.8900,159.8300,159.8400,11074.0000,159.8530,63
2026-08-04 18:50:25,PLTR,159.8500,159.8600,159.7100,159.7100,35740.0000,159.7910,101
2026-08-04 18:50:30,PLTR,159.7200,159.7800,159.7100,159.7100,17038.0000,159.7280,52
2026-08-04 18:50:35,PLTR,159.7300,159.7300,159.6200,159.6400,7267.0000,159.6780,49
2026-08-04 18:50:40,PLTR,159.6600,159.6600,159.5200,159.5400,24355.0000,159.6060,114
2026-08-04 18:50:45,PLTR,159.5100,159.6000,159.5000,159.5700,11342.0000,159.5670,59
2026-08-04 18:50:50,PLTR,159.5800,159.6300,159.5500,159.5800,12159.0000,159.5920,57
2026-08-04 18:50:55,PLTR,159.5900,159.6200,159.5300,159.5300,10646.0000,159.5770,82
2026-08-04 18:51:00,PLTR,159.5500,159.6800,159.5400,159.6800,11049.0000,159.6110,65
2026-08-04 18:51:05,PLTR,159.6900,159.7000,159.6100,159.6600,20985.0000,159.6520,79
2026-08-04 18:51:10,PLTR,159.6800,159.6800,159.4700,159.4900,26740.0000,159.5450,159
2026-08-04 18:51:15,PLTR,159.4900,159.5300,159.4800,159.5000,7635.0000,159.5000,42
2026-08-04 18:51:20,PLTR,159.5300,159.5300,159.4900,159.5100,6709.0000,159.5070,47
2026-08-04 18:51:25,PLTR,159.5100,159.5100,159.4800,159.4800,7990.0000,159.4990,43
2026-08-04 18:51:30,PLTR,159.4900,159.4900,159.4600,159.4600,6693.0000,159.4720,39
2026-08-04 18:51:35,PLTR,159.4700,159.5000,159.4700,159.4800,7594.0000,159.4880,28
2026-08-04 18:51:40,PLTR,159.4800,159.5400,159.4800,159.4800,15629.0000,159.5120,87
2026-08-04 18:51:45,PLTR,159.5000,159.5300,159.4900,159.5300,5108.0000,159.5060,20
2026-08-04 18:51:50,PLTR,159.5300,159.5900,159.4500,159.4500,24735.0000,159.5470,117
2026-08-04 18:51:55,PLTR,159.4000,159.5500,159.3400,159.3600,12492.0000,159.3930,65
2026-08-04 18:52:00,PLTR,159.3600,159.3800,159.3200,159.3300,9846.0000,159.3510,39
2026-08-04 18:52:05,PLTR,159.3500,159.3500,159.2600,159.2900,13639.0000,159.2870,60
2026-08-04 18:52:10,PLTR,159.3100,159.3900,159.3000,159.3200,6975.0000,159.3320,30
2026-08-04 18:52:15,PLTR,159.3300,159.4000,159.3100,159.3500,16325.0000,159.3530,53
2026-08-04 18:52:20,PLTR,159.3600,159.4300,159.3500,159.3800,8433.0000,159.3860,39
2026-08-04 18:52:25,PLTR,159.3800,159.4200,159.3700,159.3800,4838.0000,159.3960,27
2026-08-04 18:52:30,PLTR,159.3800,159.3800,159.2100,159.2600,29301.0000,159.2840,165
2026-08-04 18:52:35,PLTR,159.2600,159.3400,159.2600,159.3000,11585.0000,159.3160,51
2026-08-04 18:52:40,PLTR,159.3200,159.3300,159.2900,159.3000,14989.0000,159.3220,33
2026-08-04 18:52:45,PLTR,159.3000,159.3400,159.2900,159.3300,6447.0000,159.3130,37
2026-08-04 18:52:50,PLTR,159.3200,159.3500,159.3000,159.3000,8890.0000,159.3180,51
2026-08-04 18:52:55,PLTR,159.3100,159.3200,159.2900,159.3000,13097.0000,159.3000,54
2026-08-04 18:53:00,PLTR,159.3100,159.3500,159.2900,159.3400,12222.0000,159.3150,75
2026-08-04 18:53:05,PLTR,159.3300,159.3400,159.2600,159.2600,9225.0000,159.3000,54
2026-08-04 18:53:10,PLTR,159.2400,159.2900,159.2100,159.2800,5267.0000,159.2380,28
2026-08-04 18:53:15,PLTR,159.2900,159.3000,159.2600,159.2800,5785.0000,159.2790,35
2026-08-04 18:53:20,PLTR,159.2500,159.3500,159.2500,159.3200,31051.0000,159.3130,84
2026-08-04 18:53:25,PLTR,159.3200,159.3900,159.2400,159.2700,26554.0000,159.3390,100
2026-08-04 18:53:30,PLTR,159.2400,159.2700,159.2100,159.2200,4507.0000,159.2370,32
2026-08-04 18:53:35,PLTR,159.2100,159.2200,159.1300,159.1700,18782.0000,159.1660,91
2026-08-04 18:53:40,PLTR,159.1400,159.1700,159.0100,159.0400,14383.0000,159.0770,71
2026-08-04 18:53:45,PLTR,159.0200,159.0800,158.9000,159.0300,66458.0000,158.9800,313
2026-08-04 18:53:50,PLTR,159.0300,159.0700,158.9900,159.0200,13313.0000,159.0220,73
2026-08-04 18:53:55,PLTR,159.0200,159.0500,158.9200,158.9300,16663.0000,158.9970,90
2026-08-04 18:54:00,PLTR,158.9100,158.9400,158.8400,158.9100,9271.0000,158.8910,44
2026-08-04 18:54:05,PLTR,158.9400,158.9400,158.7600,158.7800,14265.0000,158.8050,72
2026-08-04 18:54:10,PLTR,158.8100,158.8400,158.7500,158.7600,29135.0000,158.8060,109
2026-08-04 18:54:15,PLTR,158.7600,158.8100,158.7500,158.7500,11306.0000,158.7780,55
2026-08-04 18:54:20,PLTR,158.7600,158.8000,158.7100,158.7100,14070.0000,158.7470,81
2026-08-04 18:54:25,PLTR,158.7200,158.7700,158.6400,158.6400,20590.0000,158.6860,86
2026-08-04 18:54:30,PLTR,158.6600,158.7000,158.6100,158.6700,18971.0000,158.6520,74
2026-08-04 18:54:35,PLTR,158.6800,158.6800,158.5800,158.5900,15149.0000,158.6240,78
2026-08-04 18:54:40,PLTR,158.5900,158.6300,158.5600,158.5700,9975.0000,158.5860,55
2026-08-04 18:54:45,PLTR,158.5900,158.6800,158.5700,158.5800,35398.0000,158.6180,137
2026-08-04 18:54:50,PLTR,158.6000,158.6300,158.5200,158.5400,26390.0000,158.5770,151
2026-08-04 18:54:55,PLTR,158.5400,158.5600,158.5000,158.5400,21742.0000,158.5210,125
2026-08-04 18:55:00,PLTR,158.5400,158.5700,158.4500,158.5100,20580.0000,158.4940,92
2026-08-04 18:55:05,PLTR,158.5100,158.5300,158.4600,158.4700,6565.0000,158.4820,34
2026-08-04 18:55:10,PLTR,158.4700,158.5700,158.4500,158.5100,26283.0000,158.5160,110
2026-08-04 18:55:15,PLTR,158.5000,158.5600,158.4900,158.4900,7555.0000,158.5150,36
2026-08-04 18:55:20,PLTR,158.5100,158.5200,158.3700,158.4200,13563.0000,158.4570,71
2026-08-04 18:55:25,PLTR,158.4100,158.5000,158.4100,158.4700,15657.0000,158.4660,36
2026-08-04 18:55:30,PLTR,158.4900,158.5000,158.4600,158.4800,11071.0000,158.4820,57
2026-08-04 18:55:35,PLTR,158.4800,158.4900,158.3900,158.4100,36818.0000,158.4440,183
2026-08-04 18:55:40,PLTR,158.4100,158.4800,158.3100,158.3800,18145.0000,158.3790,103
2026-08-04 18:55:45,PLTR,158.4100,158.4700,158.3300,158.4400,52534.0000,158.3990,164
2026-08-04 18:55:50,PLTR,158.4300,158.4600,158.3100,158.3300,9153.0000,158.3760,53
2026-08-04 18:55:55,PLTR,158.3400,158.5400,158.3100,158.5100,75018.0000,158.3860,280
2026-08-04 18:56:00,PLTR,158.4700,158.5300,158.4200,158.5000,54960.0000,158.4660,213
2026-08-04 18:56:05,PLTR,158.4700,158.5400,158.4500,158.4500,12222.0000,158.5060,54
2026-08-04 18:56:10,PLTR,158.4500,158.5100,158.4100,158.4400,17117.0000,158.4560,70
2026-08-04 18:56:15,PLTR,158.4400,158.5000,158.0000,158.0000,228282.0000,158.3530,643
2026-08-04 18:56:20,PLTR,158.0500,158.0900,158.0000,158.0800,24348.0000,158.0340,121
2026-08-04 18:56:25,PLTR,158.0900,158.1000,158.0000,158.0800,14878.0000,158.0580,89
2026-08-04 18:56:30,PLTR,158.0700,158.1100,158.0500,158.0700,26605.0000,158.0820,76
2026-08-04 18:56:35,PLTR,158.0700,158.0900,157.9600,158.0000,20434.0000,158.0070,101
2026-08-04 18:56:40,PLTR,158.0100,158.1000,157.9800,158.0700,25606.0000,158.0570,126
2026-08-04 18:56:45,PLTR,158.0800,158.3000,158.0700,158.2800,29419.0000,158.1880,127
2026-08-04 18:56:50,PLTR,158.2700,158.3500,158.2200,158.2200,30692.0000,158.2780,93
2026-08-04 18:56:55,PLTR,158.2300,158.2500,158.2000,158.2100,7314.0000,158.2310,46
2026-08-04 18:57:00,PLTR,158.2000,158.2700,158.1900,158.2600,8079.0000,158.2380,53
2026-08-04 18:57:05,PLTR,158.2600,158.2700,158.0600,158.1300,18685.0000,158.1550,79
2026-08-04 18:57:10,PLTR,158.1500,158.1900,158.0900,158.1500,9392.0000,158.1430,42
2026-08-04 18:57:15,PLTR,158.2000,158.3300,158.1700,158.3300,16129.0000,158.2440,68
2026-08-04 18:57:20,PLTR,158.3300,158.3300,158.1500,158.1600,38848.0000,158.2050,201
2026-08-04 18:57:25,PLTR,158.1600,158.3500,158.1600,158.2500,13942.0000,158.2680,68
2026-08-04 18:57:30,PLTR,158.2500,158.2700,158.2000,158.2400,11333.0000,158.2370,44
2026-08-04 18:57:35,PLTR,158.3100,158.3300,158.2600,158.3100,5413.0000,158.2970,26
2026-08-04 18:57:40,PLTR,158.3100,158.3300,158.1900,158.1900,9198.0000,158.2720,40
2026-08-04 18:57:45,PLTR,158.1700,158.3000,158.1700,158.3000,17953.0000,158.2280,74
2026-08-04 18:57:50,PLTR,158.2800,158.3600,158.2400,158.3100,17886.0000,158.3020,102
2026-08-04 18:57:55,PLTR,158.3100,158.3500,158.2900,158.3300,11159.0000,158.3140,30
2026-08-04 18:58:00,PLTR,158.3100,158.3600,158.2800,158.2900,4467.0000,158.3020,30
2026-08-04 18:58:05,PLTR,158.2900,158.3000,158.2100,158.2500,11017.0000,158.2430,66
2026-08-04 18:58:10,PLTR,158.2600,158.2600,158.1700,158.1800,4539.0000,158.2060,25
2026-08-04 18:58:15,PLTR,158.1900,158.2000,157.9800,158.0700,26858.0000,158.0560,116
2026-08-04 18:58:20,PLTR,158.0700,158.1700,158.0400,158.1500,8629.0000,158.1120,56
2026-08-04 18:58:25,PLTR,158.1500,158.2200,158.1500,158.2000,25337.0000,158.1840,103
2026-08-04 18:58:30,PLTR,158.2000,158.2700,158.2000,158.2400,3369.0000,158.2270,17
2026-08-04 18:58:35,PLTR,158.2400,158.2900,158.2100,158.2900,6102.0000,158.2420,40
2026-08-04 18:58:40,PLTR,158.2500,158.3000,158.2500,158.2800,9197.0000,158.2770,47
2026-08-04 18:58:45,PLTR,158.2500,158.3500,158.2500,158.3500,15613.0000,158.3080,62
2026-08-04 18:58:50,PLTR,158.3100,158.3500,158.2700,158.2900,8968.0000,158.2950,54
2026-08-04 18:58:55,PLTR,158.2700,158.3100,158.2700,158.3100,6194.0000,158.2950,33
2026-08-04 18:59:00,PLTR,158.3100,158.3200,158.2200,158.2300,8765.0000,158.2550,57
2026-08-04 18:59:05,PLTR,158.2200,158.2200,158.1400,158.1700,4865.0000,158.1850,23
2026-08-04 18:59:10,PLTR,158.1800,158.1800,158.1000,158.1700,7032.0000,158.1340,43
2026-08-04 18:59:15,PLTR,158.1400,158.1700,158.1000,158.1500,11094.0000,158.1290,55
2026-08-04 18:59:20,PLTR,158.1500,158.1800,158.1300,158.1700,10028.0000,158.1590,46
2026-08-04 18:59:25,PLTR,158.1800,158.1800,158.1300,158.1700,7513.0000,158.1430,31
2026-08-04 18:59:30,PLTR,158.1900,158.2100,158.1700,158.1700,6562.0000,158.1890,29
2026-08-04 18:59:35,PLTR,158.1600,158.2000,158.1600,158.1900,4173.0000,158.1880,27
2026-08-04 18:59:40,PLTR,158.1900,158.2000,158.1500,158.1600,8201.0000,158.1710,43
2026-08-04 18:59:45,PLTR,158.1300,158.1500,158.1100,158.1300,4580.0000,158.1240,34
2026-08-04 18:59:50,PLTR,158.1300,158.1500,158.0000,158.0900,56738.0000,158.0520,163
2026-08-04 18:59:55,PLTR,158.1100,158.1100,158.0600,158.0700,4457.0000,158.0840,37
2026-08-04 19:00:00,PLTR,158.0700,158.1500,158.0700,158.1300,20664.0000,158.1120,74
2026-08-04 19:00:05,PLTR,158.1500,158.2400,158.1500,158.2000,25712.0000,158.1850,145
2026-08-04 19:00:10,PLTR,158.1900,158.2600,158.1800,158.2400,7978.0000,158.2340,63
2026-08-04 19:00:15,PLTR,158.2500,158.2600,158.2100,158.2300,11477.0000,158.2340,69
2026-08-04 19:00:20,PLTR,158.2500,158.3300,158.2300,158.2300,18654.0000,158.2830,94
2026-08-04 19:00:25,PLTR,158.2300,158.3200,158.1900,158.2800,26771.0000,158.2330,126
2026-08-04 19:00:30,PLTR,158.2800,158.3400,158.2500,158.3200,16045.0000,158.2840,65
2026-08-04 19:00:35,PLTR,158.3200,158.3900,158.2700,158.3500,18890.0000,158.3310,96
2026-08-04 19:00:40,PLTR,158.3300,158.6600,158.3300,158.6300,30971.0000,158.5060,145
2026-08-04 19:00:45,PLTR,158.6500,158.6800,158.5600,158.5900,33088.0000,158.6160,170
2026-08-04 19:00:50,PLTR,158.6100,158.6600,158.5700,158.6600,16731.0000,158.6210,77
2026-08-04 19:00:55,PLTR,158.6400,158.6600,158.5700,158.6000,19227.0000,158.6260,78
2026-08-04 19:01:00,PLTR,158.6000,158.6700,158.5700,158.5700,20405.0000,158.6240,98
2026-08-04 19:01:05,PLTR,158.5500,158.7500,158.5500,158.7500,30184.0000,158.6730,121
2026-08-04 19:01:10,PLTR,158.7500,158.8800,158.7400,158.8600,43069.0000,158.8060,178
2026-08-04 19:01:15,PLTR,158.8600,158.8900,158.8100,158.8200,38026.0000,158.8540,136
2026-08-04 19:01:20,PLTR,158.8400,158.8600,158.8000,158.8200,6330.0000,158.8340,32
2026-08-04 19:01:25,PLTR,158.8300,158.8800,158.7900,158.8600,30720.0000,158.8240,129
2026-08-04 19:01:30,PLTR,158.8600,158.8800,158.8000,158.8000,18002.0000,158.8360,97
2026-08-04 19:01:35,PLTR,158.8200,158.8900,158.8200,158.8700,14402.0000,158.8510,66
2026-08-04 19:01:40,PLTR,158.8600,158.9000,158.8500,158.8800,25994.0000,158.8780,79
2026-08-04 19:01:45,PLTR,158.8600,158.9100,158.8600,158.9000,11462.0000,158.8830,63
2026-08-04 19:01:50,PLTR,158.8900,158.9400,158.8900,158.9300,12708.0000,158.9160,69
2026-08-04 19:01:55,PLTR,158.9300,159.1300,158.9300,159.0000,63162.0000,159.0180,280
2026-08-04 19:02:00,PLTR,158.9900,159.0600,158.9600,159.0200,28999.0000,159.0180,104
2026-08-04 19:02:05,PLTR,159.0300,159.0600,158.9900,159.0400,19864.0000,159.0160,89
2026-08-04 19:02:10,PLTR,159.0400,159.0700,158.9900,159.0500,26245.0000,159.0330,78
2026-08-04 19:02:15,PLTR,159.0600,159.1300,159.0300,159.0400,14970.0000,159.0930,65
2026-08-04 19:02:20,PLTR,159.0300,159.0600,158.9600,158.9800,18685.0000,159.0030,95
2026-08-04 19:02:25,PLTR,158.9800,159.0500,158.9400,159.0300,28652.0000,158.9870,141
2026-08-04 19:02:30,PLTR,159.0100,159.0700,158.9600,159.0600,9124.0000,159.0080,53
2026-08-04 19:02:35,PLTR,159.0600,159.0800,158.9700,158.9800,13299.0000,159.0110,57
2026-08-04 19:02:40,PLTR,159.0200,159.1200,159.0100,159.1200,12407.0000,159.0650,71
2026-08-04 19:02:45,PLTR,159.0700,159.1100,159.0300,159.0500,14783.0000,159.0500,65
2026-08-04 19:02:50,PLTR,159.0600,159.0800,159.0200,159.0200,15421.0000,159.0550,72
2026-08-04 19:02:55,PLTR,159.0800,159.1300,159.0500,159.1300,13813.0000,159.1000,56
2026-08-04 19:03:00,PLTR,159.1200,159.1800,159.0500,159.0900,25804.0000,159.1250,120
2026-08-04 19:03:05,PLTR,159.0800,159.1100,159.0500,159.1000,7943.0000,159.0870,49
2026-08-04 19:03:10,PLTR,159.1200,159.1400,159.1000,159.1300,8125.0000,159.1240,34
2026-08-04 19:03:15,PLTR,159.1100,159.1200,159.0600,159.0600,6270.0000,159.1010,39
2026-08-04 19:03:20,PLTR,159.0600,159.1000,159.0000,159.0800,19504.0000,159.0280,84
2026-08-04 19:03:25,PLTR,159.1000,159.1100,159.0800,159.1100,7678.0000,159.1020,41
2026-08-04 19:03:30,PLTR,159.1300,159.2700,159.1100,159.2100,23609.0000,159.1980,119
2026-08-04 19:03:35,PLTR,159.2200,159.2900,159.2200,159.2900,11607.0000,159.2650,46
2026-08-04 19:03:40,PLTR,159.2700,159.3800,159.2700,159.3000,21723.0000,159.3200,90
2026-08-04 19:03:45,PLTR,159.3100,159.3500,159.2700,159.2700,23844.0000,159.3000,86
2026-08-04 19:03:50,PLTR,159.2700,159.4300,159.2700,159.3000,30623.0000,159.3280,155
2026-08-04 19:03:55,PLTR,159.2800,159.3300,159.2600,159.3200,13913.0000,159.2880,75
2026-08-04 19:04:00,PLTR,159.3200,159.3800,159.3100,159.3600,9056.0000,159.3340,44
2026-08-04 19:04:05,PLTR,159.3700,159.4200,159.3500,159.4100,16084.0000,159.3830,75
2026-08-04 19:04:10,PLTR,159.4100,159.4200,159.2700,159.2800,29907.0000,159.3370,119
2026-08-04 19:04:15,PLTR,159.3000,159.3800,159.3000,159.3300,13623.0000,159.3270,51
2026-08-04 19:04:20,PLTR,159.3200,159.3500,159.2000,159.2000,22434.0000,159.2720,113
2026-08-04 19:04:25,PLTR,159.2000,159.2100,159.1400,159.1600,16298.0000,159.1810,73
2026-08-04 19:04:30,PLTR,159.1600,159.2000,159.0700,159.0700,11945.0000,159.1280,87
2026-08-04 19:04:35,PLTR,159.0800,159.0900,159.0200,159.0700,14731.0000,159.0450,94
2026-08-04 19:04:40,PLTR,159.0700,159.0800,158.9500,159.0000,15864.0000,159.0120,78
2026-08-04 19:04:45,PLTR,159.0200,159.1000,159.0100,159.0800,18502.0000,159.0470,75
2026-08-04 19:04:50,PLTR,159.1000,159.1100,159.0500,159.0500,6034.0000,159.0890,35
2026-08-04 19:04:55,PLTR,159.0400,159.0600,158.9200,158.9300,11628.0000,159.0000,60
2026-08-04 19:05:00,PLTR,158.9300,158.9800,158.9100,158.9200,9170.0000,158.9390,63
2026-08-04 19:05:05,PLTR,158.9300,159.0000,158.9100,158.9500,13234.0000,158.9530,69
2026-08-04 19:05:10,PLTR,158.9700,159.2800,158.9600,159.2500,33390.0000,159.0750,146
2026-08-04 19:05:15,PLTR,159.2500,159.2600,159.1900,159.2500,15621.0000,159.2270,96
2026-08-04 19:05:20,PLTR,159.2300,159.2800,159.1900,159.2200,18507.0000,159.2470,67
2026-08-04 19:05:25,PLTR,159.2200,159.2700,159.2000,159.2200,12124.0000,159.2260,84
2026-08-04 19:05:30,PLTR,159.2200,159.2500,159.2000,159.2500,7872.0000,159.2250,46
2026-08-04 19:05:35,PLTR,159.2600,159.3300,159.2400,159.2600,18208.0000,159.2890,94
2026-08-04 19:05:40,PLTR,159.2500,159.2600,159.1200,159.1500,19940.0000,159.1730,120
2026-08-04 19:05:45,PLTR,159.1600,159.1800,159.0700,159.1000,13573.0000,159.1010,57
2026-08-04 19:05:50,PLTR,159.1000,159.1300,159.0200,159.0400,6927.0000,159.0820,31
2026-08-04 19:05:55,PLTR,159.0400,159.2400,159.0200,159.2300,21335.0000,159.1060,103
2026-08-04 19:06:00,PLTR,159.2200,159.2400,159.0900,159.1200,5313.0000,159.1710,36
2026-08-04 19:06:05,PLTR,159.1100,159.1300,159.0700,159.1000,6878.0000,159.1070,31
2026-08-04 19:06:10,PLTR,159.1000,159.1600,159.1000,159.1400,9814.0000,159.1320,47
2026-08-04 19:06:15,PLTR,159.1600,159.1900,159.1400,159.1900,5255.0000,159.1570,28
2026-08-04 19:06:20,PLTR,159.1900,159.2600,159.1800,159.2500,11061.0000,159.2210,51
2026-08-04 19:06:25,PLTR,159.2500,159.3700,159.2400,159.3700,28004.0000,159.3140,124
2026-08-04 19:06:30,PLTR,159.3400,159.4100,159.3400,159.4000,8442.0000,159.3880,40
2026-08-04 19:06:35,PLTR,159.4100,159.4700,159.3100,159.3700,42301.0000,159.3960,141
2026-08-04 19:06:40,PLTR,159.3800,159.4000,159.3500,159.3500,7535.0000,159.3740,42
2026-08-04 19:06:45,PLTR,159.3600,159.4200,159.3600,159.4100,9524.0000,159.3790,57
2026-08-04 19:06:50,PLTR,159.4200,159.4200,159.3700,159.4000,5552.0000,159.3960,27
2026-08-04 19:06:55,PLTR,159.4200,159.6000,159.4200,159.5900,49151.0000,159.5330,203
2026-08-04 19:07:00,PLTR,159.5700,159.6500,159.5700,159.5700,28851.0000,159.6090,114
2026-08-04 19:07:05,PLTR,159.5500,159.6900,159.5500,159.6600,30316.0000,159.6360,102
2026-08-04 19:07:10,PLTR,159.6600,159.8300,159.6500,159.7900,49251.0000,159.7420,181
2026-08-04 19:07:15,PLTR,159.7800,159.9300,159.7800,159.8500,29711.0000,159.8530,145
2026-08-04 19:07:20,PLTR,159.8700,159.9400,159.8000,159.9100,20572.0000,159.8750,111
2026-08-04 19:07:25,PLTR,159.9200,159.9400,159.8200,159.8400,21993.0000,159.8720,101
2026-08-04 19:07:30,PLTR,159.8500,159.8600,159.7900,159.8300,12283.0000,159.8270,58
2026-08-04 19:07:35,PLTR,159.8100,159.8600,159.7900,159.7900,43729.0000,159.8360,200
2026-08-04 19:07:40,PLTR,159.8000,159.8400,159.7900,159.8000,13618.0000,159.8130,59
2026-08-04 19:07:45,PLTR,159.8000,159.8100,159.7100,159.7500,13298.0000,159.7490,74
2026-08-04 19:07:50,PLTR,159.7400,159.7500,159.6500,159.7300,19934.0000,159.6910,79
2026-08-04 19:07:55,PLTR,159.7400,159.8100,159.7100,159.8100,6782.0000,159.7700,40
2026-08-04 19:08:00,PLTR,159.8200,159.9200,159.8000,159.9200,18659.0000,159.8680,81
2026-08-04 19:08:05,PLTR,159.8900,159.9000,159.8200,159.9000,12793.0000,159.8590,76
2026-08-04 19:08:10,PLTR,159.9000,159.9100,159.8600,159.9000,16639.0000,159.8950,68
2026-08-04 19:08:15,PLTR,159.9000,159.9400,159.8900,159.8900,9446.0000,159.9090,45
2026-08-04 19:08:20,PLTR,159.9100,159.9900,159.9000,159.9200,44358.0000,159.9600,140
2026-08-04 19:08:25,PLTR,159.9000,160.0700,159.8900,159.9800,157143.0000,159.9950,405
2026-08-04 19:08:30,PLTR,159.9800,160.0200,159.9000,160.0000,36621.0000,159.9680,115
2026-08-04 19:08:35,PLTR,160.0000,160.0400,159.8900,159.9000,38597.0000,159.9370,124
2026-08-04 19:08:40,PLTR,159.8900,160.0100,159.8900,159.9400,23579.0000,159.9560,129
2026-08-04 19:08:45,PLTR,159.9000,159.9600,159.8000,159.8400,23408.0000,159.8400,88
2026-08-04 19:08:50,PLTR,159.8400,159.8500,159.8100,159.8300,8540.0000,159.8290,37
2026-08-04 19:08:55,PLTR,159.8200,159.9200,159.8200,159.8600,11567.0000,159.8700,64
2026-08-04 19:09:00,PLTR,159.8800,159.9300,159.8400,159.9300,13223.0000,159.8730,61
2026-08-04 19:09:05,PLTR,159.9400,159.9600,159.8700,159.9600,13498.0000,159.9180,69
2026-08-04 19:09:10,PLTR,159.9300,159.9900,159.9300,159.9400,11452.0000,159.9590,51
2026-08-04 19:09:15,PLTR,159.9500,159.9600,159.8800,159.9400,11961.0000,159.9230,50
2026-08-04 19:09:20,PLTR,159.9500,160.0000,159.9500,159.9500,8382.0000,159.9780,35
2026-08-04 19:09:25,PLTR,159.9400,160.0000,159.9400,159.9800,12089.0000,159.9740,70
2026-08-04 19:09:30,PLTR,159.9800,160.0000,159.9400,159.9500,10245.0000,159.9710,40
2026-08-04 19:09:35,PLTR,159.9800,160.0000,159.9300,159.9700,10313.0000,159.9680,50
2026-08-04 19:09:40,PLTR,159.9500,159.9900,159.9400,159.9600,13812.0000,159.9610,73
2026-08-04 19:09:45,PLTR,159.9800,160.1000,159.9800,160.0000,59577.0000,160.0410,211
2026-08-04 19:09:50,PLTR,159.9900,160.1900,159.9400,160.1700,45877.0000,160.0760,209
2026-08-04 19:09:55,PLTR,160.1300,160.1700,160.1000,160.1300,28434.0000,160.1310,106
2026-08-04 19:10:00,PLTR,160.1100,160.2000,160.1000,160.1500,19331.0000,160.1670,100
2026-08-04 19:10:05,PLTR,160.1500,160.1500,160.0000,160.0100,20011.0000,160.0530,72
2026-08-04 19:10:10,PLTR,160.0100,160.1000,160.0000,160.0300,26218.0000,160.0590,95
2026-08-04 19:10:15,PLTR,160.0600,160.0600,159.9300,159.9500,31306.0000,159.9800,137
2026-08-04 19:10:20,PLTR,159.9400,159.9500,159.8700,159.9100,16092.0000,159.9120,94
2026-08-04 19:10:25,PLTR,159.9100,160.0200,159.9100,159.9200,31446.0000,159.9530,152
2026-08-04 19:10:30,PLTR,159.9300,159.9900,159.9300,159.9500,11314.0000,159.9580,53
2026-08-04 19:10:35,PLTR,159.9500,159.9900,159.9100,159.9600,14835.0000,159.9530,81
2026-08-04 19:10:40,PLTR,159.9400,159.9700,159.8300,159.8800,42985.0000,159.8760,124
2026-08-04 19:10:45,PLTR,159.8700,159.9200,159.8700,159.9000,8792.0000,159.8950,53
2026-08-04 19:10:50,PLTR,159.8900,159.9200,159.8300,159.8300,10001.0000,159.8800,46
2026-08-04 19:10:55,PLTR,159.8300,159.8600,159.7600,159.8000,21892.0000,159.8140,84
2026-08-04 19:11:00,PLTR,159.8200,159.8900,159.7800,159.8700,16594.0000,159.8460,69
2026-08-04 19:11:05,PLTR,159.8700,160.0100,159.8700,159.9100,41934.0000,159.9240,146
2026-08-04 19:11:10,PLTR,159.9000,159.9600,159.9000,159.9400,7187.0000,159.9250,37
2026-08-04 19:11:15,PLTR,159.9500,160.0000,159.9300,159.9600,12783.0000,159.9710,51
2026-08-04 19:11:20,PLTR,159.9800,160.0000,159.9300,159.9500,9449.0000,159.9560,40
2026-08-04 19:11:25,PLTR,159.9700,160.0000,159.9400,159.9600,11036.0000,159.9680,56
2026-08-04 19:11:30,PLTR,159.9400,159.9400,159.8900,159.9100,34542.0000,159.9040,68
2026-08-04 19:11:35,PLTR,159.9100,159.9200,159.8700,159.8900,5773.0000,159.8960,27
2026-08-04 19:11:40,PLTR,159.8900,159.9400,159.8300,159.8400,12198.0000,159.9010,67
2026-08-04 19:11:45,PLTR,159.8400,159.9000,159.8200,159.8600,6673.0000,159.8630,34
2026-08-04 19:11:50,PLTR,159.8700,159.9800,159.8600,159.9800,19255.0000,159.9450,87
2026-08-04 19:11:55,PLTR,159.9700,159.9900,159.9500,159.9800,18614.0000,159.9710,72
2026-08-04 19:12:00,PLTR,159.9700,160.1500,159.9500,160.1200,60666.0000,160.0390,245
2026-08-04 19:12:05,PLTR,160.1300,160.1800,160.0800,160.0900,25253.0000,160.1350,122
2026-08-04 19:12:10,PLTR,160.0800,160.1100,160.0400,160.0600,15288.0000,160.0810,57
2026-08-04 19:12:15,PLTR,160.0600,160.2800,160.0600,160.2300,59745.0000,160.2130,160
2026-08-04 19:12:20,PLTR,160.2400,160.2800,160.1800,160.2000,20948.0000,160.2290,81
2026-08-04 19:12:25,PLTR,160.2200,160.2600,160.1600,160.1900,28429.0000,160.2190,142
2026-08-04 19:12:30,PLTR,160.1600,160.1800,160.1100,160.1300,16191.0000,160.1480,76
2026-08-04 19:12:35,PLTR,160.1300,160.1400,160.0600,160.1200,21212.0000,160.0980,88
2026-08-04 19:12:40,PLTR,160.1300,160.2000,160.0900,160.1400,28022.0000,160.1540,118
2026-08-04 19:12:45,PLTR,160.1800,160.2800,160.1400,160.2300,30701.0000,160.2020,158
2026-08-04 19:12:50,PLTR,160.2600,160.3100,160.2300,160.2700,28564.0000,160.2780,124
2026-08-04 19:12:55,PLTR,160.2900,160.3000,160.2500,160.2700,13317.0000,160.2800,45
2026-08-04 19:13:00,PLTR,160.3000,160.3800,160.3000,160.3700,33981.0000,160.3440,155
2026-08-04 19:13:05,PLTR,160.3800,160.4700,160.3700,160.4700,44451.0000,160.4230,207
2026-08-04 19:13:10,PLTR,160.4700,160.5000,160.3100,160.3600,51865.0000,160.4130,181
2026-08-04 19:13:15,PLTR,160.3800,160.3800,160.3100,160.3300,15741.0000,160.3430,72
2026-08-04 19:13:20,PLTR,160.3500,160.4400,160.3300,160.4300,21256.0000,160.4090,116
2026-08-04 19:13:25,PLTR,160.4300,160.4300,160.3000,160.3500,23340.0000,160.3450,88
2026-08-04 19:13:30,PLTR,160.3300,160.3700,160.2700,160.3400,29437.0000,160.3130,94
2026-08-04 19:13:35,PLTR,160.3700,160.5000,160.3700,160.4900,17974.0000,160.4320,74
2026-08-04 19:13:40,PLTR,160.5000,160.6800,160.4500,160.6500,79587.0000,160.5470,288
2026-08-04 19:13:45,PLTR,160.6500,160.6600,160.5000,160.5400,25811.0000,160.5660,100
2026-08-04 19:13:50,PLTR,160.5100,160.6300,160.5100,160.5900,18262.0000,160.5790,64
2026-08-04 19:13:55,PLTR,160.5700,160.5800,160.4300,160.4500,43914.0000,160.4910,134
2026-08-04 19:14:00,PLTR,160.4500,160.5000,160.4400,160.4700,18523.0000,160.4710,79
2026-08-04 19:14:05,PLTR,160.4600,160.5200,160.4500,160.4900,12812.0000,160.4920,59
2026-08-04 19:14:10,PLTR,160.4900,160.5000,160.4200,160.4500,18444.0000,160.4540,110
2026-08-04 19:14:15,PLTR,160.4500,160.5700,160.4500,160.5600,15210.0000,160.5210,58
2026-08-04 19:14:20,PLTR,160.5400,160.6700,160.5100,160.6300,22027.0000,160.6140,72
2026-08-04 19:14:25,PLTR,160.6700,160.7000,160.6400,160.6800,26408.0000,160.6830,103
2026-08-04 19:14:30,PLTR,160.6900,160.7300,160.6600,160.6600,22793.0000,160.6860,114
2026-08-04 19:14:35,PLTR,160.6500,160.7200,160.6400,160.7100,33935.0000,160.6780,109
2026-08-04 19:14:40,PLTR,160.7200,160.7700,160.6900,160.7500,29020.0000,160.7350,110
2026-08-04 19:14:45,PLTR,160.7500,160.7900,160.7300,160.7300,25537.0000,160.7580,124
2026-08-04 19:14:50,PLTR,160.7200,160.7800,160.7200,160.7600,16829.0000,160.7460,64
2026-08-04 19:14:55,PLTR,160.7500,160.7600,160.6700,160.7000,21382.0000,160.7080,103
2026-08-04 19:15:00,PLTR,160.6900,160.7100,160.6500,160.6800,24282.0000,160.6790,78
2026-08-04 19:15:05,PLTR,160.6900,160.7500,160.6600,160.7300,16310.0000,160.7180,77
2026-08-04 19:15:10,PLTR,160.7300,160.7700,160.7000,160.7700,17356.0000,160.7310,60
2026-08-04 19:15:15,PLTR,160.7700,160.7700,160.7000,160.7100,9558.0000,160.7240,46
2026-08-04 19:15:20,PLTR,160.7000,160.7100,160.6100,160.6500,15471.0000,160.6640,84
2026-08-04 19:15:25,PLTR,160.6900,160.7700,160.6600,160.7000,37066.0000,160.7220,167
2026-08-04 19:15:30,PLTR,160.6900,160.7100,160.6000,160.6100,18209.0000,160.6470,114
2026-08-04 19:15:35,PLTR,160.6300,160.6300,160.5500,160.5700,29166.0000,160.5760,116
2026-08-04 19:15:40,PLTR,160.5800,160.5900,160.5500,160.5700,30462.0000,160.5640,93
2026-08-04 19:15:45,PLTR,160.5900,160.6500,160.5700,160.6000,12995.0000,160.6230,69
2026-08-04 19:15:50,PLTR,160.5900,160.6800,160.5900,160.6200,35998.0000,160.6400,165
2026-08-04 19:15:55,PLTR,160.6300,160.6600,160.6100,160.6600,5862.0000,160.6320,27
2026-08-04 19:16:00,PLTR,160.6800,160.6900,160.5100,160.6000,23339.0000,160.6140,118
2026-08-04 19:16:05,PLTR,160.5400,160.5500,160.4100,160.4100,43757.0000,160.4650,186
2026-08-04 19:16:10,PLTR,160.4000,160.5300,160.3500,160.5000,35544.0000,160.4130,138
2026-08-04 19:16:15,PLTR,160.5300,160.6200,160.4500,160.6100,14506.0000,160.5220,82
2026-08-04 19:16:20,PLTR,160.6300,160.6800,160.5800,160.5800,16116.0000,160.6410,81
2026-08-04 19:16:25,PLTR,160.5900,160.6100,160.5700,160.5800,10882.0000,160.5900,48
2026-08-04 19:16:30,PLTR,160.5700,160.5800,160.5600,160.5600,8595.0000,160.5710,64
2026-08-04 19:16:35,PLTR,160.5700,160.5900,160.5100,160.5800,11556.0000,160.5500,74
2026-08-04 19:16:40,PLTR,160.5900,160.6800,160.5800,160.6800,19307.0000,160.6380,82
2026-08-04 19:16:45,PLTR,160.6700,160.7200,160.6500,160.6700,16517.0000,160.6920,78
2026-08-04 19:16:50,PLTR,160.6700,160.6900,160.6200,160.6300,14616.0000,160.6570,71
2026-08-04 19:16:55,PLTR,160.6200,160.6400,160.6100,160.6300,6039.0000,160.6310,35
2026-08-04 19:17:00,PLTR,160.6300,160.6700,160.6000,160.6200,8654.0000,160.6370,45
2026-08-04 19:17:05,PLTR,160.6100,160.6300,160.5700,160.5800,7767.0000,160.6020,55
2026-08-04 19:17:10,PLTR,160.5800,160.5900,160.4600,160.5300,22216.0000,160.5090,102
2026-08-04 19:17:15,PLTR,160.5100,160.5200,160.4600,160.5100,22248.0000,160.4990,87
2026-08-04 19:17:20,PLTR,160.5100,160.6000,160.4900,160.4900,20323.0000,160.5180,106
2026-08-04 19:17:25,PLTR,160.4800,160.5400,160.4700,160.5000,18422.0000,160.5040,86
2026-08-04 19:17:30,PLTR,160.4800,160.5000,160.4100,160.4800,24112.0000,160.4610,109
2026-08-04 19:17:35,PLTR,160.4700,160.4700,160.4100,160.4200,26889.0000,160.4200,84
2026-08-04 19:17:40,PLTR,160.4300,160.4400,160.3100,160.3500,22705.0000,160.4010,127
2026-08-04 19:17:45,PLTR,160.3700,160.4000,160.2000,160.2000,23152.0000,160.3320,139
2026-08-04 19:17:50,PLTR,160.1800,160.3000,160.1500,160.2900,30626.0000,160.2490,138
2026-08-04 19:17:55,PLTR,160.2800,160.3900,160.2500,160.3500,26572.0000,160.3110,153
2026-08-04 19:18:00,PLTR,160.3600,160.4200,160.3000,160.3800,16148.0000,160.3800,73
2026-08-04 19:18:05,PLTR,160.3900,160.3900,160.2500,160.3000,10586.0000,160.3350,59
2026-08-04 19:18:10,PLTR,160.2900,160.3400,160.2500,160.3000,19084.0000,160.3020,86
2026-08-04 19:18:15,PLTR,160.3100,160.4500,160.3100,160.4000,34010.0000,160.3980,105
2026-08-04 19:18:20,PLTR,160.3900,160.4300,160.3600,160.3800,17375.0000,160.3850,67
2026-08-04 19:18:25,PLTR,160.3600,160.3900,160.2600,160.2900,16146.0000,160.3530,66
2026-08-04 19:18:30,PLTR,160.2700,160.2900,160.2000,160.2800,10950.0000,160.2390,58
2026-08-04 19:18:35,PLTR,160.2700,160.3300,160.2500,160.2900,18122.0000,160.2760,89
2026-08-04 19:18:40,PLTR,160.2800,160.3100,160.2600,160.2600,6792.0000,160.2770,42
2026-08-04 19:18:45,PLTR,160.2600,160.2800,160.2000,160.2600,21694.0000,160.2470,93
2026-08-04 19:18:50,PLTR,160.2400,160.3100,160.2400,160.3100,24798.0000,160.2650,62
2026-08-04 19:18:55,PLTR,160.3000,160.3400,160.2500,160.2600,8356.0000,160.2830,52
2026-08-04 19:19:00,PLTR,160.2500,160.2800,160.2300,160.2800,6662.0000,160.2510,26
2026-08-04 19:19:05,PLTR,160.2500,160.2500,160.1400,160.1900,43807.0000,160.1950,126
2026-08-04 19:19:10,PLTR,160.1800,160.1900,160.1200,160.1600,7000.0000,160.1480,41
2026-08-04 19:19:15,PLTR,160.1400,160.2000,160.1300,160.1500,27662.0000,160.1720,68
2026-08-04 19:19:20,PLTR,160.1600,160.1800,160.1400,160.1400,7968.0000,160.1490,35
2026-08-04 19:19:25,PLTR,160.1500,160.1600,160.1000,160.1000,9447.0000,160.1240,42
2026-08-04 19:19:30,PLTR,160.0800,160.1400,160.0800,160.1300,8640.0000,160.1050,40
2026-08-04 19:19:35,PLTR,160.1100,160.1900,160.1100,160.1700,8127.0000,160.1570,43
2026-08-04 19:19:40,PLTR,160.1900,160.1900,160.1500,160.1600,13022.0000,160.1720,46
2026-08-04 19:19:45,PLTR,160.1900,160.2300,160.1900,160.2200,17313.0000,160.2120,58
2026-08-04 19:19:50,PLTR,160.2200,160.2300,160.1700,160.1900,5572.0000,160.1950,31
2026-08-04 19:19:55,PLTR,160.2000,160.2200,160.1500,160.1600,13302.0000,160.1830,83
2026-08-04 19:20:00,PLTR,160.1600,160.2300,160.1400,160.2300,15767.0000,160.1690,56
2026-08-04 19:20:05,PLTR,160.2300,160.3800,160.2300,160.3500,23216.0000,160.3280,92
2026-08-04 19:20:10,PLTR,160.3800,160.3900,160.3500,160.3600,18882.0000,160.3720,55
2026-08-04 19:20:15,PLTR,160.3800,160.4900,160.3600,160.4400,31788.0000,160.4250,138
2026-08-04 19:20:20,PLTR,160.4400,160.5000,160.4200,160.4400,34972.0000,160.4620,120
2026-08-04 19:20:25,PLTR,160.4400,160.5500,160.4200,160.5500,16807.0000,160.4900,76
2026-08-04 19:20:30,PLTR,160.5600,160.5700,160.4900,160.5600,37132.0000,160.5480,161
2026-08-04 19:20:35,PLTR,160.5600,160.6600,160.5600,160.6100,35872.0000,160.6220,200
2026-08-04 19:20:40,PLTR,160.6100,160.6700,160.5900,160.6700,14302.0000,160.6390,62
2026-08-04 19:20:45,PLTR,160.6600,160.7600,160.6600,160.7300,26866.0000,160.7110,121
2026-08-04 19:20:50,PLTR,160.7300,160.9500,160.7200,160.9300,47480.0000,160.8310,187
2026-08-04 19:20:55,PLTR,160.9600,160.9900,160.8800,160.9500,62704.0000,160.9400,207
2026-08-04 19:21:00,PLTR,160.9500,161.1000,160.9300,161.0700,142975.0000,161.0090,364
2026-08-04 19:21:05,PLTR,161.0700,161.2700,161.0600,161.2500,62286.0000,161.2020,228
2026-08-04 19:21:10,PLTR,161.2500,161.3500,161.2200,161.2800,71790.0000,161.3010,341
2026-08-04 19:21:15,PLTR,161.2800,161.3700,161.1600,161.2600,55785.0000,161.2630,258
2026-08-04 19:21:20,PLTR,161.2300,161.3300,161.1300,161.2200,50330.0000,161.2170,230
2026-08-04 19:21:25,PLTR,161.2200,161.3000,161.1000,161.1600,34469.0000,161.2030,136
2026-08-04 19:21:30,PLTR,161.1600,161.1900,161.0800,161.1700,38716.0000,161.1420,148
2026-08-04 19:21:35,PLTR,161.1600,161.2300,161.1200,161.2200,15188.0000,161.1990,86
2026-08-04 19:21:40,PLTR,161.2300,161.2800,161.1000,161.1100,27596.0000,161.2080,120
2026-08-04 19:21:45,PLTR,161.1300,161.1700,161.0500,161.1400,29279.0000,161.1150,131
2026-08-04 19:21:50,PLTR,161.1200,161.2000,161.0900,161.0900,40250.0000,161.1540,115
2026-08-04 19:21:55,PLTR,161.1100,161.1900,161.0500,161.1900,12196.0000,161.1340,55
2026-08-04 19:22:00,PLTR,161.1700,161.2000,161.1200,161.1300,21996.0000,161.1680,105
2026-08-04 19:22:05,PLTR,161.1300,161.1600,161.1200,161.1600,8546.0000,161.1390,44
2026-08-04 19:22:10,PLTR,161.1400,161.1800,160.9300,160.9500,35526.0000,161.0240,143
2026-08-04 19:22:15,PLTR,160.9700,161.0000,160.9600,160.9700,23871.0000,160.9770,106
2026-08-04 19:22:20,PLTR,160.9800,161.0000,160.7700,160.7800,27586.0000,160.9030,131
2026-08-04 19:22:25,PLTR,160.7700,160.8100,160.7300,160.7900,20985.0000,160.7830,72
2026-08-04 19:22:30,PLTR,160.7800,160.8300,160.7300,160.8200,20054.0000,160.7720,106
2026-08-04 19:22:35,PLTR,160.8200,161.0000,160.8200,160.8900,29234.0000,160.9200,124
2026-08-04 19:22:40,PLTR,160.9000,160.9400,160.8600,160.8700,6693.0000,160.8960,40
2026-08-04 19:22:45,PLTR,160.8500,160.9500,160.8400,160.9200,10472.0000,160.8860,42
2026-08-04 19:22:50,PLTR,160.9500,160.9900,160.9000,160.9600,6389.0000,160.9370,27
2026-08-04 19:22:55,PLTR,160.9900,161.0800,160.9900,161.0500,19201.0000,161.0340,76
2026-08-04 19:23:00,PLTR,161.0300,161.1000,161.0000,161.0500,9276.0000,161.0510,46
2026-08-04 19:23:05,PLTR,161.1000,161.1200,161.0300,161.0300,10132.0000,161.0700,58
2026-08-04 19:23:10,PLTR,161.0400,161.0500,160.8300,160.8300,23513.0000,160.9410,96
2026-08-04 19:23:15,PLTR,160.8200,160.8800,160.8100,160.8700,15840.0000,160.8460,73
2026-08-04 19:23:20,PLTR,160.8700,160.9700,160.8600,160.9400,10348.0000,160.9110,61
2026-08-04 19:23:25,PLTR,160.9400,161.0400,160.9300,161.0000,25409.0000,161.0020,108
2026-08-04 19:23:30,PLTR,161.0000,161.0000,160.8800,160.9000,9431.0000,160.9360,54
2026-08-04 19:23:35,PLTR,160.8700,160.9000,160.8100,160.8300,6712.0000,160.8680,42
2026-08-04 19:23:40,PLTR,160.8300,160.8400,160.8100,160.8100,4041.0000,160.8200,25
2026-08-04 19:23:45,PLTR,160.8000,160.8200,160.7700,160.7900,6425.0000,160.7970,29
2026-08-04 19:23:50,PLTR,160.8000,161.0400,160.8000,161.0100,25587.0000,160.9330,116
2026-08-04 19:23:55,PLTR,161.0400,161.0900,160.9900,161.0000,19837.0000,161.0360,121
2026-08-04 19:24:00,PLTR,161.0000,161.0300,160.9900,161.0300,5472.0000,161.0080,23
2026-08-04 19:24:05,PLTR,161.0100,161.0400,160.9700,161.0400,12316.0000,161.0070,60
2026-08-04 19:24:10,PLTR,161.0100,161.0500,160.9900,161.0400,15288.0000,161.0120,38
2026-08-04 19:24:15,PLTR,161.0400,161.0700,160.9600,161.0000,14930.0000,161.0220,89
2026-08-04 19:24:20,PLTR,160.9900,161.0100,160.9600,160.9900,7247.0000,160.9850,39
2026-08-04 19:24:25,PLTR,160.9900,161.0300,160.9400,160.9500,7331.0000,160.9800,48
2026-08-04 19:24:30,PLTR,160.9400,160.9600,160.9000,160.9200,5776.0000,160.9290,31
2026-08-04 19:24:35,PLTR,160.9000,160.9200,160.8400,160.8800,9409.0000,160.8810,58
2026-08-04 19:24:40,PLTR,160.8500,160.8700,160.8300,160.8600,8648.0000,160.8480,45
2026-08-04 19:24:45,PLTR,160.8600,160.8900,160.8500,160.8800,5021.0000,160.8700,30
2026-08-04 19:24:50,PLTR,160.8800,160.8900,160.8000,160.8400,14383.0000,160.8400,90
2026-08-04 19:24:55,PLTR,160.8300,160.8900,160.8300,160.8600,7759.0000,160.8530,35
2026-08-04 19:25:00,PLTR,160.8700,160.9000,160.8500,160.8900,9720.0000,160.8770,54
2026-08-04 19:25:05,PLTR,160.8700,160.9300,160.8700,160.9000,5223.0000,160.8980,31
2026-08-04 19:25:10,PLTR,160.9000,160.9700,160.8600,160.9700,7696.0000,160.9180,47
2026-08-04 19:25:15,PLTR,160.9400,161.0200,160.9100,160.9300,27659.0000,160.9760,120
2026-08-04 19:25:20,PLTR,160.9400,160.9600,160.9000,160.9100,10556.0000,160.9360,61
2026-08-04 19:25:25,PLTR,160.9100,160.9300,160.8900,160.9100,6111.0000,160.9200,43
2026-08-04 19:25:30,PLTR,160.9100,160.9100,160.8300,160.8400,8108.0000,160.8670,48
2026-08-04 19:25:35,PLTR,160.8300,160.8600,160.7700,160.7800,10587.0000,160.8200,56
2026-08-04 19:25:40,PLTR,160.7800,160.8300,160.7800,160.8100,6498.0000,160.8030,43
2026-08-04 19:25:45,PLTR,160.7800,160.8600,160.7800,160.8400,6772.0000,160.8130,39
2026-08-04 19:25:50,PLTR,160.8300,160.9700,160.8300,160.9400,10105.0000,160.9170,71
2026-08-04 19:25:55,PLTR,160.9500,161.0000,160.9200,160.9900,15121.0000,160.9670,61
2026-08-04 19:26:00,PLTR,160.9800,161.0300,160.9800,161.0100,22955.0000,161.0070,89
2026-08-04 19:26:05,PLTR,161.0100,161.0100,160.9400,160.9900,8398.0000,160.9850,39
2026-08-04 19:26:10,PLTR,161.0000,161.0000,160.9400,160.9800,6438.0000,160.9740,23
2026-08-04 19:26:15,PLTR,160.9800,160.9900,160.8100,160.8900,27834.0000,160.9020,125
2026-08-04 19:26:20,PLTR,160.8700,160.9300,160.8500,160.9100,10535.0000,160.9000,57
2026-08-04 19:26:25,PLTR,160.9200,160.9300,160.8700,160.8900,3622.0000,160.8980,25
2026-08-04 19:26:30,PLTR,160.9200,160.9200,160.8800,160.8900,5800.0000,160.8940,31
2026-08-04 19:26:35,PLTR,160.9000,160.9400,160.8800,160.9300,13230.0000,160.9010,47
2026-08-04 19:26:40,PLTR,160.9000,160.9400,160.9000,160.9100,5028.0000,160.9160,27
2026-08-04 19:26:45,PLTR,160.9200,160.9400,160.8900,160.9400,6411.0000,160.9140,39
2026-08-04 19:26:50,PLTR,160.9500,161.0000,160.8700,160.9300,21410.0000,160.9540,89
2026-08-04 19:26:55,PLTR,160.9200,160.9300,160.8200,160.8500,16578.0000,160.8670,68
2026-08-04 19:27:00,PLTR,160.8500,160.9100,160.8200,160.8200,6942.0000,160.8670,44
2026-08-04 19:27:05,PLTR,160.8200,160.8200,160.7400,160.7600,15671.0000,160.7750,88
2026-08-04 19:27:10,PLTR,160.7500,160.7800,160.6800,160.7800,19491.0000,160.7420,94
2026-08-04 19:27:15,PLTR,160.7900,160.8100,160.7500,160.8000,13369.0000,160.7830,76
2026-08-04 19:27:20,PLTR,160.7900,160.8200,160.7600,160.8000,4592.0000,160.7920,30
2026-08-04 19:27:25,PLTR,160.8000,160.8400,160.7700,160.7800,6506.0000,160.8100,41
2026-08-04 19:27:30,PLTR,160.7800,160.7900,160.7500,160.7800,5247.0000,160.7810,30
2026-08-04 19:27:35,PLTR,160.7800,160.8100,160.7700,160.8000,7774.0000,160.7940,38
2026-08-04 19:27:40,PLTR,160.8100,160.9000,160.7900,160.8700,33935.0000,160.8610,147
2026-08-04 19:27:45,PLTR,160.8800,160.8800,160.8400,160.8500,4641.0000,160.8600,22
2026-08-04 19:27:50,PLTR,160.8700,160.9100,160.8300,160.9000,8126.0000,160.8830,56
2026-08-04 19:27:55,PLTR,160.9100,160.9100,160.7600,160.7800,11058.0000,160.8430,58
2026-08-04 19:28:00,PLTR,160.7800,160.7900,160.7000,160.7200,18878.0000,160.7370,94
2026-08-04 19:28:05,PLTR,160.7500,160.7800,160.6400,160.7200,32437.0000,160.6990,132
2026-08-04 19:28:10,PLTR,160.7300,160.7600,160.6900,160.7300,13795.0000,160.7260,83
2026-08-04 19:28:15,PLTR,160.7400,160.7500,160.7000,160.7000,27283.0000,160.7200,82
2026-08-04 19:28:20,PLTR,160.7000,160.7100,160.6200,160.6700,14613.0000,160.6740,106
2026-08-04 19:28:25,PLTR,160.6800,160.7500,160.6800,160.7500,10191.0000,160.7190,49
2026-08-04 19:28:30,PLTR,160.7500,160.7600,160.7400,160.7600,3848.0000,160.7490,22
2026-08-04 19:28:35,PLTR,160.7500,160.8500,160.7400,160.8100,22432.0000,160.8010,82
2026-08-04 19:28:40,PLTR,160.8000,160.8400,160.7900,160.8400,10306.0000,160.8110,46
2026-08-04 19:28:45,PLTR,160.8300,160.8500,160.8100,160.8300,4361.0000,160.8330,18
2026-08-04 19:28:50,PLTR,160.8300,160.8800,160.7900,160.8100,8836.0000,160.8360,62
2026-08-04 19:28:55,PLTR,160.7900,160.8200,160.7900,160.7900,5551.0000,160.8070,25
2026-08-04 19:29:00,PLTR,160.8100,160.8700,160.7700,160.8600,10082.0000,160.8090,60
2026-08-04 19:29:05,PLTR,160.8600,160.9000,160.8500,160.8700,19205.0000,160.8690,76
2026-08-04 19:29:10,PLTR,160.8700,160.8900,160.8300,160.8800,18841.0000,160.8610,77
2026-08-04 19:29:15,PLTR,160.8800,160.9000,160.8600,160.8800,11933.0000,160.8820,68
2026-08-04 19:29:20,PLTR,160.8800,160.9100,160.8200,160.8800,27706.0000,160.8640,120
2026-08-04 19:29:25,PLTR,160.8800,160.9000,160.8500,160.8800,5376.0000,160.8730,38
2026-08-04 19:29:30,PLTR,160.8600,160.9400,160.8600,160.9200,15932.0000,160.8980,83
2026-08-04 19:29:35,PLTR,160.9200,161.1000,160.9200,161.1000,80482.0000,161.0000,223
2026-08-04 19:29:40,PLTR,161.0900,161.2000,161.0600,161.1100,31662.0000,161.1180,158
2026-08-04 19:29:45,PLTR,161.0900,161.1300,161.0500,161.0500,14969.0000,161.0850,71
2026-08-04 19:29:50,PLTR,161.0200,161.0200,160.8700,160.9000,33679.0000,160.9230,166
2026-08-04 19:29:55,PLTR,160.9500,160.9600,160.8700,160.8900,12122.0000,160.9060,60
2026-08-04 19:30:00,PLTR,160.8900,160.9400,160.8700,160.9200,18565.0000,160.9030,106
2026-08-04 19:30:05,PLTR,160.9200,161.0200,160.8500,160.8500,33498.0000,160.9580,148
2026-08-04 19:30:10,PLTR,160.8500,160.8600,160.8100,160.8200,16206.0000,160.8300,61
2026-08-04 19:30:15,PLTR,160.8400,161.0300,160.8400,161.0300,16792.0000,160.9310,112
2026-08-04 19:30:20,PLTR,161.0100,161.1000,160.9600,161.0600,23092.0000,161.0450,100
2026-08-04 19:30:25,PLTR,161.0200,161.0800,160.9400,161.0100,9049.0000,161.0010,62
2026-08-04 19:30:30,PLTR,161.0100,161.2400,160.9900,161.2200,12811.0000,161.1430,67
2026-08-04 19:30:35,PLTR,161.2200,161.2600,161.1500,161.1700,30849.0000,161.2220,141
2026-08-04 19:30:40,PLTR,161.1700,161.2100,161.0900,161.0900,18967.0000,161.1620,113
2026-08-04 19:30:45,PLTR,161.0900,161.1300,161.0200,161.0200,18717.0000,161.0840,109
2026-08-04 19:30:50,PLTR,161.0100,161.0100,160.8600,160.9400,27055.0000,160.9180,140
2026-08-04 19:30:55,PLTR,160.8900,160.9200,160.8300,160.8800,13955.0000,160.8850,68
2026-08-04 19:31:00,PLTR,160.9000,160.9400,160.8400,160.9200,31366.0000,160.9080,112
2026-08-04 19:31:05,PLTR,160.9200,160.9800,160.9100,160.9400,13758.0000,160.9480,69
2026-08-04 19:31:10,PLTR,160.9300,160.9800,160.8700,160.9100,14510.0000,160.9130,72
2026-08-04 19:31:15,PLTR,160.8800,161.0000,160.8500,160.9500,22727.0000,160.9480,116
2026-08-04 19:31:20,PLTR,160.9200,160.9900,160.9200,160.9400,10996.0000,160.9560,49
2026-08-04 19:31:25,PLTR,160.9200,161.0400,160.9200,161.0200,21039.0000,160.9930,123
2026-08-04 19:31:30,PLTR,161.0500,161.0500,160.9800,161.0100,6406.0000,161.0170,23
2026-08-04 19:31:35,PLTR,160.9900,161.0700,160.9900,161.0300,10631.0000,161.0340,56
2026-08-04 19:31:40,PLTR,161.0500,161.1200,161.0000,161.1200,13563.0000,161.0560,42
2026-08-04 19:31:45,PLTR,161.1200,161.1200,161.0400,161.0600,19389.0000,161.0800,84
2026-08-04 19:31:50,PLTR,161.0400,161.1000,161.0300,161.1000,6279.0000,161.0600,38
2026-08-04 19:31:55,PLTR,161.0900,161.1600,161.0800,161.1300,30786.0000,161.1170,98
2026-08-04 19:32:00,PLTR,161.1200,161.1700,161.1200,161.1600,8544.0000,161.1510,40
2026-08-04 19:32:05,PLTR,161.1600,161.1900,161.1100,161.1300,15713.0000,161.1520,79
2026-08-04 19:32:10,PLTR,161.1400,161.1900,160.9100,160.9500,40890.0000,161.0810,140
2026-08-04 19:32:15,PLTR,160.9700,161.0000,160.8000,160.8100,22323.0000,160.9000,96
2026-08-04 19:32:20,PLTR,160.8100,160.8700,160.7700,160.8000,19850.0000,160.8200,92
2026-08-04 19:32:25,PLTR,160.8100,160.8100,160.7100,160.7300,31471.0000,160.7480,136
2026-08-04 19:32:30,PLTR,160.7300,160.7600,160.7000,160.7400,18094.0000,160.7290,89
2026-08-04 19:32:35,PLTR,160.7300,160.7700,160.6900,160.7300,13280.0000,160.7260,58
2026-08-04 19:32:40,PLTR,160.7500,160.8000,160.7200,160.7700,9288.0000,160.7590,54
2026-08-04 19:32:45,PLTR,160.7700,160.8300,160.7100,160.7500,30897.0000,160.7820,139
2026-08-04 19:32:50,PLTR,160.7600,160.7700,160.7300,160.7500,19078.0000,160.7510,37
2026-08-04 19:32:55,PLTR,160.7400,160.7900,160.7100,160.7200,15041.0000,160.7540,61
2026-08-04 19:33:00,PLTR,160.7200,160.7300,160.5900,160.6000,31948.0000,160.6450,116
2026-08-04 19:33:05,PLTR,160.6000,160.6500,160.5700,160.6500,16503.0000,160.6070,64
2026-08-04 19:33:10,PLTR,160.6000,160.7100,160.6000,160.6900,8002.0000,160.6710,38
2026-08-04 19:33:15,PLTR,160.6900,160.7000,160.6400,160.6400,6333.0000,160.6640,42
2026-08-04 19:33:20,PLTR,160.6600,160.6800,160.5900,160.5900,7301.0000,160.6450,39
2026-08-04 19:33:25,PLTR,160.6200,160.6700,160.6200,160.6600,2259.0000,160.6490,14
2026-08-04 19:33:30,PLTR,160.6500,160.7000,160.6500,160.6900,17034.0000,160.6760,90
2026-08-04 19:33:35,PLTR,160.6900,160.8400,160.6700,160.8400,28884.0000,160.7210,90
2026-08-04 19:33:40,PLTR,160.8300,160.8500,160.7600,160.8400,12987.0000,160.8350,45
2026-08-04 19:33:45,PLTR,160.8400,160.9200,160.8200,160.9100,23210.0000,160.8610,65
2026-08-04 19:33:50,PLTR,160.9200,160.9300,160.8800,160.9000,14476.0000,160.9110,68
2026-08-04 19:33:55,PLTR,160.9300,160.9300,160.8700,160.9100,8894.0000,160.9020,37
2026-08-04 19:34:00,PLTR,160.8900,160.8900,160.8000,160.8100,16393.0000,160.8210,62
2026-08-04 19:34:05,PLTR,160.8100,160.8600,160.8000,160.8300,8921.0000,160.8250,47
2026-08-04 19:34:10,PLTR,160.8400,160.8800,160.7800,160.7800,12650.0000,160.8380,88
2026-08-04 19:34:15,PLTR,160.7900,160.8000,160.7700,160.7800,10791.0000,160.7850,72
2026-08-04 19:34:20,PLTR,160.7600,160.7800,160.7200,160.7200,24727.0000,160.7440,123
2026-08-04 19:34:25,PLTR,160.7300,160.8000,160.7300,160.7800,15682.0000,160.7540,64
2026-08-04 19:34:30,PLTR,160.7800,160.8000,160.7500,160.7800,6041.0000,160.7740,26
2026-08-04 19:34:35,PLTR,160.7600,160.7900,160.7500,160.7600,6351.0000,160.7650,25
2026-08-04 19:34:40,PLTR,160.7900,160.8400,160.7700,160.7800,18247.0000,160.8030,69
2026-08-04 19:34:45,PLTR,160.7900,160.8000,160.7400,160.7900,6479.0000,160.7700,30
2026-08-04 19:34:50,PLTR,160.7700,160.8500,160.7500,160.7800,12043.0000,160.8070,80
2026-08-04 19:34:55,PLTR,160.7900,160.8000,160.7600,160.7600,2922.0000,160.7760,17
2026-08-04 19:35:00,PLTR,160.7800,160.8100,160.7500,160.8100,3019.0000,160.7850,16
2026-08-04 19:35:05,PLTR,160.8000,160.8300,160.7800,160.7900,10052.0000,160.7900,42
2026-08-04 19:35:10,PLTR,160.7800,160.8100,160.7700,160.7900,5573.0000,160.7930,21
2026-08-04 19:35:15,PLTR,160.7800,160.8100,160.7800,160.8000,3463.0000,160.7940,19
2026-08-04 19:35:20,PLTR,160.8100,161.1000,160.8100,161.1000,47940.0000,160.9390,200
2026-08-04 19:35:25,PLTR,161.0900,161.2000,161.0800,161.1600,27028.0000,161.1270,118
2026-08-04 19:35:30,PLTR,161.1600,161.2500,161.1500,161.2100,29216.0000,161.2010,106
2026-08-04 19:35:35,PLTR,161.2600,161.2700,161.2200,161.2500,13803.0000,161.2460,78
2026-08-04 19:35:40,PLTR,161.2500,161.3500,161.2400,161.3400,27456.0000,161.3080,102
2026-08-04 19:35:45,PLTR,161.3300,161.4700,161.3000,161.4500,62117.0000,161.4060,219
2026-08-04 19:35:50,PLTR,161.4400,161.4700,161.4000,161.4500,27221.0000,161.4330,97
2026-08-04 19:35:55,PLTR,161.4800,161.4900,161.4400,161.4400,19544.0000,161.4660,83
2026-08-04 19:36:00,PLTR,161.4600,161.4800,161.4200,161.4800,27374.0000,161.4590,72
2026-08-04 19:36:05,PLTR,161.4800,161.5700,161.4000,161.4400,57033.0000,161.4780,263
2026-08-04 19:36:10,PLTR,161.4400,161.4500,161.3200,161.3800,19105.0000,161.3850,106
2026-08-04 19:36:15,PLTR,161.3700,161.4400,161.3000,161.3700,20445.0000,161.3620,106
2026-08-04 19:36:20,PLTR,161.4000,161.5400,161.3800,161.5000,28307.0000,161.4950,166
2026-08-04 19:36:25,PLTR,161.5000,161.5200,161.4400,161.4400,28720.0000,161.4820,132
2026-08-04 19:36:30,PLTR,161.4400,161.5100,161.4300,161.4900,14865.0000,161.4710,81
2026-08-04 19:36:35,PLTR,161.4600,161.5000,161.4100,161.4100,9659.0000,161.4550,64
2026-08-04 19:36:40,PLTR,161.4100,161.5000,161.3700,161.4900,22119.0000,161.4160,83
2026-08-04 19:36:45,PLTR,161.4900,161.6000,161.4900,161.5900,29070.0000,161.5520,85
2026-08-04 19:36:50,PLTR,161.5600,161.5900,161.5000,161.5700,15340.0000,161.5530,81
2026-08-04 19:36:55,PLTR,161.5800,161.6700,161.5700,161.5800,21380.0000,161.6230,118
2026-08-04 19:37:00,PLTR,161.5800,161.6000,161.5000,161.5300,20140.0000,161.5260,92
2026-08-04 19:37:05,PLTR,161.5300,161.5300,161.4600,161.5300,12024.0000,161.4910,52
2026-08-04 19:37:10,PLTR,161.5300,161.5400,161.5000,161.5100,11532.0000,161.5110,29
2026-08-04 19:37:15,PLTR,161.5300,161.5500,161.4100,161.4500,15629.0000,161.4590,74
2026-08-04 19:37:20,PLTR,161.4600,161.5000,161.4600,161.4700,12121.0000,161.4790,62
2026-08-04 19:37:25,PLTR,161.4900,161.5300,161.4500,161.4900,8909.0000,161.4890,52
2026-08-04 19:37:30,PLTR,161.4800,161.5300,161.4200,161.5200,18244.0000,161.4830,106
2026-08-04 19:37:35,PLTR,161.5300,161.5400,161.4500,161.4600,24968.0000,161.4990,67
2026-08-04 19:37:40,PLTR,161.4600,161.5000,161.4500,161.5000,13462.0000,161.4700,41
2026-08-04 19:37:45,PLTR,161.4800,161.5300,161.4800,161.5200,10559.0000,161.5080,67
2026-08-04 19:37:50,PLTR,161.5100,161.5500,161.5100,161.5300,12984.0000,161.5370,49
2026-08-04 19:37:55,PLTR,161.5400,161.5700,161.5000,161.5600,22860.0000,161.5400,86
2026-08-04 19:38:00,PLTR,161.5600,161.5700,161.5400,161.5400,10382.0000,161.5530,58
2026-08-04 19:38:05,PLTR,161.5600,161.5700,161.4300,161.5100,31527.0000,161.5250,154
2026-08-04 19:38:10,PLTR,161.5100,161.5300,161.4900,161.5100,20011.0000,161.5110,83
2026-08-04 19:38:15,PLTR,161.5000,161.5800,161.4900,161.5800,15418.0000,161.5450,60
2026-08-04 19:38:20,PLTR,161.5600,161.7000,161.5500,161.6500,30756.0000,161.6420,132
2026-08-04 19:38:25,PLTR,161.6400,161.7400,161.6300,161.7200,29012.0000,161.7000,82
2026-08-04 19:38:30,PLTR,161.7000,161.7300,161.6800,161.6900,18373.0000,161.7020,83
2026-08-04 19:38:35,PLTR,161.6900,161.7400,161.6700,161.7200,19082.0000,161.7190,62
2026-08-04 19:38:40,PLTR,161.7300,161.7400,161.6200,161.6400,22436.0000,161.6670,120
2026-08-04 19:38:45,PLTR,161.6400,161.6700,161.6200,161.6600,12943.0000,161.6500,85
2026-08-04 19:38:50,PLTR,161.6600,161.7000,161.6000,161.6000,23803.0000,161.6530,123
2026-08-04 19:38:55,PLTR,161.6200,161.7000,161.6100,161.6500,14633.0000,161.6620,96
2026-08-04 19:39:00,PLTR,161.6700,161.7000,161.6000,161.6000,15751.0000,161.6530,72
2026-08-04 19:39:05,PLTR,161.5900,161.6300,161.5900,161.6300,8387.0000,161.5980,37
2026-08-04 19:39:10,PLTR,161.6200,161.6500,161.6100,161.6300,3692.0000,161.6280,18
2026-08-04 19:39:15,PLTR,161.6300,161.6400,161.5300,161.5900,20311.0000,161.5730,94
2026-08-04 19:39:20,PLTR,161.5600,161.6100,161.5600,161.6100,18637.0000,161.5750,65
2026-08-04 19:39:25,PLTR,161.6200,161.6200,161.5300,161.5600,13709.0000,161.5830,55
2026-08-04 19:39:30,PLTR,161.5800,161.7200,161.5800,161.7200,13289.0000,161.6610,71
2026-08-04 19:39:35,PLTR,161.7100,161.7500,161.6900,161.7000,11763.0000,161.7100,53
2026-08-04 19:39:40,PLTR,161.7000,161.7700,161.6600,161.7200,24713.0000,161.7200,102
2026-08-04 19:39:45,PLTR,161.7200,161.7400,161.7100,161.7200,19873.0000,161.7240,48
2026-08-04 19:39:50,PLTR,161.7300,161.7500,161.7100,161.7300,12141.0000,161.7390,39
2026-08-04 19:39:55,PLTR,161.7500,161.8300,161.7300,161.7800,37283.0000,161.7810,139
2026-08-04 19:40:00,PLTR,161.7800,161.8100,161.7300,161.7400,15909.0000,161.7760,77
2026-08-04 19:40:05,PLTR,161.7300,161.7800,161.7300,161.7600,14600.0000,161.7450,58
2026-08-04 19:40:10,PLTR,161.7600,161.7900,161.7400,161.7800,11594.0000,161.7620,39
2026-08-04 19:40:15,PLTR,161.7800,161.7800,161.7400,161.7700,21589.0000,161.7650,40
2026-08-04 19:40:20,PLTR,161.7600,161.7700,161.7200,161.7500,12701.0000,161.7510,58
2026-08-04 19:40:25,PLTR,161.7400,161.8600,161.7300,161.7900,20234.0000,161.7950,100
2026-08-04 19:40:30,PLTR,161.7900,161.8200,161.7800,161.8000,9445.0000,161.7930,31
2026-08-04 19:40:35,PLTR,161.8100,161.8300,161.7300,161.7400,18577.0000,161.7620,71
2026-08-04 19:40:40,PLTR,161.7300,161.8000,161.7000,161.7600,21746.0000,161.7340,107
2026-08-04 19:40:45,PLTR,161.7500,161.7900,161.7000,161.7600,22432.0000,161.7460,89
2026-08-04 19:40:50,PLTR,161.7700,161.8900,161.7500,161.8800,18460.0000,161.8360,93
2026-08-04 19:40:55,PLTR,161.8900,161.9900,161.8600,161.9700,78836.0000,161.9590,270
2026-08-04 19:41:00,PLTR,161.9700,162.1000,161.9600,162.0700,121327.0000,162.0180,387
2026-08-04 19:41:05,PLTR,162.0600,162.0800,161.9600,162.0100,24093.0000,161.9990,105
2026-08-04 19:41:10,PLTR,162.0100,162.0200,161.9100,161.9400,25685.0000,161.9420,94
2026-08-04 19:41:15,PLTR,161.9400,162.0200,161.8800,162.0000,23277.0000,161.9270,115
2026-08-04 19:41:20,PLTR,162.0200,162.0600,161.9300,161.9500,17110.0000,161.9950,102
2026-08-04 19:41:25,PLTR,161.9300,161.9500,161.8800,161.9100,12472.0000,161.9110,68
2026-08-04 19:41:30,PLTR,161.9100,161.9600,161.8700,161.9100,21021.0000,161.9230,78
2026-08-04 19:41:35,PLTR,161.9200,161.9400,161.8800,161.9400,8257.0000,161.9110,51
2026-08-04 19:41:40,PLTR,161.9400,161.9900,161.9200,161.9500,14149.0000,161.9530,67
2026-08-04 19:41:45,PLTR,161.9800,162.0000,161.9200,161.9800,8547.0000,161.9590,59
2026-08-04 19:41:50,PLTR,161.9800,162.0100,161.9500,161.9700,31557.0000,161.9870,163
2026-08-04 19:41:55,PLTR,161.9700,162.0800,161.9200,161.9600,30992.0000,162.0110,154
2026-08-04 19:42:00,PLTR,162.0000,162.0400,161.9300,161.9800,16855.0000,161.9800,71
2026-08-04 19:42:05,PLTR,162.0000,162.0400,161.9800,162.0300,11791.0000,162.0180,49
2026-08-04 19:42:10,PLTR,162.0200,162.0200,161.9800,162.0000,5931.0000,162.0010,41
2026-08-04 19:42:15,PLTR,162.0000,162.1000,162.0000,162.0700,21662.0000,162.0760,87
2026-08-04 19:42:20,PLTR,162.0800,162.0800,161.9900,162.0400,12806.0000,162.0340,69
2026-08-04 19:42:25,PLTR,162.0200,162.0600,162.0000,162.0500,8297.0000,162.0330,35
2026-08-04 19:42:30,PLTR,162.0300,162.1000,162.0300,162.1000,11104.0000,162.0730,50
2026-08-04 19:42:35,PLTR,162.0700,162.1000,162.0000,162.0200,17342.0000,162.0360,94
2026-08-04 19:42:40,PLTR,162.0200,162.0600,162.0200,162.0400,8239.0000,162.0360,36
2026-08-04 19:42:45,PLTR,162.0600,162.0800,162.0000,162.0000,12751.0000,162.0490,80
2026-08-04 19:42:50,PLTR,162.0000,162.0600,161.9800,162.0400,14638.0000,162.0240,80
2026-08-04 19:42:55,PLTR,162.0600,162.0800,162.0000,162.0200,19954.0000,162.0230,100
2026-08-04 19:43:00,PLTR,162.0200,162.0400,161.9000,161.9200,36225.0000,161.9540,171
2026-08-04 19:43:05,PLTR,161.9300,161.9500,161.8900,161.9100,20540.0000,161.9160,76
2026-08-04 19:43:10,PLTR,161.9100,161.9400,161.8900,161.9200,16742.0000,161.9120,104
2026-08-04 19:43:15,PLTR,161.9200,161.9400,161.9200,161.9200,10334.0000,161.9260,33
2026-08-04 19:43:20,PLTR,161.9200,161.9700,161.9000,161.9700,11536.0000,161.9260,58
2026-08-04 19:43:25,PLTR,161.9800,161.9900,161.9400,161.9900,14837.0000,161.9730,50
2026-08-04 19:43:30,PLTR,162.0000,162.0000,161.9700,161.9800,9875.0000,161.9880,45
2026-08-04 19:43:35,PLTR,161.9800,162.0000,161.8100,161.8600,37921.0000,161.9010,133
2026-08-04 19:43:40,PLTR,161.8800,161.9500,161.8700,161.9400,10342.0000,161.9110,46
2026-08-04 19:43:45,PLTR,161.9500,161.9900,161.9200,161.9900,21954.0000,161.9670,97
2026-08-04 19:43:50,PLTR,161.9900,162.0400,161.9800,162.0000,33449.0000,162.0080,167
2026-08-04 19:43:55,PLTR,162.0000,162.0500,161.9800,162.0400,14759.0000,162.0280,61
2026-08-04 19:44:00,PLTR,162.0400,162.1500,162.0400,162.0800,36980.0000,162.0830,149
2026-08-04 19:44:05,PLTR,162.0700,162.1100,162.0700,162.1000,14264.0000,162.0980,55
2026-08-04 19:44:10,PLTR,162.1000,162.2100,162.0900,162.1700,33400.0000,162.1610,158
2026-08-04 19:44:15,PLTR,162.1900,162.2500,162.1600,162.2200,20776.0000,162.2060,107
2026-08-04 19:44:20,PLTR,162.2200,162.3000,162.2000,162.2700,59020.0000,162.2550,207
2026-08-04 19:44:25,PLTR,162.2700,162.3000,162.2300,162.2800,33283.0000,162.2700,140
2026-08-04 19:44:30,PLTR,162.2800,162.3000,162.1800,162.2200,16494.0000,162.2350,74
2026-08-04 19:44:35,PLTR,162.1900,162.2200,162.1100,162.1600,22026.0000,162.1780,91
2026-08-04 19:44:40,PLTR,162.1600,162.1800,162.0600,162.1200,38985.0000,162.1030,207
2026-08-04 19:44:45,PLTR,162.1300,162.1300,162.0800,162.0800,13750.0000,162.1120,68
2026-08-04 19:44:50,PLTR,162.0800,162.1100,162.0500,162.0900,17987.0000,162.0750,93
2026-08-04 19:44:55,PLTR,162.0800,162.1000,161.9800,162.0300,39657.0000,162.0230,201
2026-08-04 19:45:00,PLTR,162.0500,162.0900,162.0300,162.0600,8184.0000,162.0560,46
2026-08-04 19:45:05,PLTR,162.0800,162.1400,162.0600,162.1300,11741.0000,162.1090,50
2026-08-04 19:45:10,PLTR,162.1300,162.1900,162.1300,162.1700,20935.0000,162.1660,80
2026-08-04 19:45:15,PLTR,162.1800,162.1800,162.1200,162.1400,16376.0000,162.1570,71
2026-08-04 19:45:20,PLTR,162.1500,162.1700,162.1400,162.1600,8538.0000,162.1610,32
2026-08-04 19:45:25,PLTR,162.1700,162.2000,162.1000,162.1100,40546.0000,162.1640,181
2026-08-04 19:45:30,PLTR,162.1100,162.1600,162.0300,162.0600,14178.0000,162.0800,74
2026-08-04 19:45:35,PLTR,162.0600,162.1000,162.0300,162.0300,11245.0000,162.0700,44
2026-08-04 19:45:40,PLTR,162.0200,162.0200,161.9400,161.9500,19735.0000,161.9780,93
2026-08-04 19:45:45,PLTR,161.9600,162.0000,161.9200,162.0000,10916.0000,161.9460,67
2026-08-04 19:45:50,PLTR,161.9700,161.9700,161.7700,161.7900,26245.0000,161.8780,118
2026-08-04 19:45:55,PLTR,161.7900,162.1000,161.7800,162.0800,33090.0000,161.9730,130
2026-08-04 19:46:00,PLTR,162.1000,162.1300,162.0700,162.1300,9771.0000,162.0950,52
2026-08-04 19:46:05,PLTR,162.1400,162.2400,162.1300,162.2000,37273.0000,162.2050,133
2026-08-04 19:46:10,PLTR,162.2000,162.3300,162.1500,162.2000,74111.0000,162.2530,313
2026-08-04 19:46:15,PLTR,162.2000,162.3300,162.1600,162.3100,35020.0000,162.2300,141
2026-08-04 19:46:20,PLTR,162.2800,162.5000,162.2700,162.4700,50850.0000,162.4280,206
2026-08-04 19:46:25,PLTR,162.4700,162.6000,162.4700,162.5900,47673.0000,162.5270,217
2026-08-04 19:46:30,PLTR,162.5800,162.6000,162.5300,162.5600,53697.0000,162.5710,225
2026-08-04 19:46:35,PLTR,162.5600,162.6300,162.5200,162.5700,59361.0000,162.5860,240
2026-08-04 19:46:40,PLTR,162.5700,162.6500,162.5100,162.5300,43794.0000,162.5900,146
2026-08-04 19:46:45,PLTR,162.5100,162.6000,162.5000,162.5500,28172.0000,162.5600,100
2026-08-04 19:46:50,PLTR,162.5400,162.5900,162.5400,162.5600,12817.0000,162.5660,67
2026-08-04 19:46:55,PLTR,162.5700,162.5700,162.4600,162.4700,17580.0000,162.5280,94
2026-08-04 19:47:00,PLTR,162.4900,162.4900,162.3600,162.4300,17797.0000,162.4140,82
2026-08-04 19:47:05,PLTR,162.4200,162.4300,162.2300,162.2700,33891.0000,162.3050,117
2026-08-04 19:47:10,PLTR,162.2500,162.3000,162.2100,162.2400,13927.0000,162.2530,64
2026-08-04 19:47:15,PLTR,162.2500,162.2600,162.2200,162.2600,14112.0000,162.2410,58
2026-08-04 19:47:20,PLTR,162.2600,162.2900,162.1500,162.1500,16187.0000,162.2090,88
2026-08-04 19:47:25,PLTR,162.1600,162.1700,162.0500,162.1000,18826.0000,162.0980,97
2026-08-04 19:47:30,PLTR,162.1000,162.1200,161.9300,161.9500,31930.0000,162.0190,156
2026-08-04 19:47:35,PLTR,161.9600,162.0000,161.8100,161.8500,26768.0000,161.8900,124
2026-08-04 19:47:40,PLTR,161.8300,161.9100,161.7600,161.8700,17500.0000,161.8120,91
2026-08-04 19:47:45,PLTR,161.8500,161.9700,161.8400,161.9400,22272.0000,161.9290,101
2026-08-04 19:47:50,PLTR,161.9600,162.0200,161.9500,161.9700,35910.0000,161.9830,168
2026-08-04 19:47:55,PLTR,161.9900,162.0200,161.9600,162.0200,9106.0000,161.9890,58
2026-08-04 19:48:00,PLTR,162.0300,162.2000,162.0200,162.1600,31089.0000,162.1310,149
2026-08-04 19:48:05,PLTR,162.1700,162.2100,162.1200,162.1400,16593.0000,162.1740,92
2026-08-04 19:48:10,PLTR,162.1400,162.1500,162.0900,162.1300,14098.0000,162.1230,71
2026-08-04 19:48:15,PLTR,162.1300,162.1500,162.0200,162.0600,9559.0000,162.1240,57
2026-08-04 19:48:20,PLTR,162.0600,162.1300,162.0000,162.0800,12067.0000,162.0440,74
2026-08-04 19:48:25,PLTR,162.0800,162.1100,162.0600,162.1100,5285.0000,162.0990,30
2026-08-04 19:48:30,PLTR,162.1100,162.1800,162.0600,162.1400,26681.0000,162.1170,117
2026-08-04 19:48:35,PLTR,162.1300,162.2000,162.1100,162.1100,8903.0000,162.1630,45
2026-08-04 19:48:40,PLTR,162.1300,162.1900,162.1100,162.1900,7528.0000,162.1290,44
2026-08-04 19:48:45,PLTR,162.1700,162.3300,162.1600,162.3100,25189.0000,162.2670,141
2026-08-04 19:48:50,PLTR,162.3000,162.3500,162.2500,162.3300,12748.0000,162.3190,51
2026-08-04 19:48:55,PLTR,162.3300,162.3700,162.3100,162.3600,11347.0000,162.3410,59
2026-08-04 19:49:00,PLTR,162.3600,162.4200,162.3300,162.4200,15067.0000,162.3710,68
2026-08-04 19:49:05,PLTR,162.4200,162.4600,162.3900,162.4500,19263.0000,162.4400,79
2026-08-04 19:49:10,PLTR,162.4700,162.4800,162.3400,162.3500,18822.0000,162.4050,85
2026-08-04 19:49:15,PLTR,162.3500,162.3500,162.3000,162.3200,13865.0000,162.3250,70
2026-08-04 19:49:20,PLTR,162.3500,162.3800,162.3100,162.3800,8646.0000,162.3510,39
2026-08-04 19:49:25,PLTR,162.3800,162.3800,162.2000,162.2600,17087.0000,162.3120,74
2026-08-04 19:49:30,PLTR,162.2600,162.3500,162.2600,162.3400,7340.0000,162.3140,47
2026-08-04 19:49:35,PLTR,162.3300,162.4000,162.3200,162.3800,10442.0000,162.3730,49
2026-08-04 19:49:40,PLTR,162.4100,162.4800,162.3800,162.4300,25588.0000,162.4240,160
2026-08-04 19:49:45,PLTR,162.4400,162.5400,162.4400,162.5100,25861.0000,162.4990,120
2026-08-04 19:49:50,PLTR,162.5100,162.6500,162.4900,162.6500,34500.0000,162.5560,144
2026-08-04 19:49:55,PLTR,162.6400,162.6400,162.5200,162.5300,23827.0000,162.5760,108
2026-08-04 19:50:00,PLTR,162.5300,162.5400,162.3000,162.3300,37817.0000,162.3660,176
2026-08-04 19:50:05,PLTR,162.3300,162.4500,162.3100,162.4100,18246.0000,162.3540,106
2026-08-04 19:50:10,PLTR,162.4200,162.4600,162.3600,162.4000,7634.0000,162.4130,51
2026-08-04 19:50:15,PLTR,162.3800,162.4400,162.3700,162.4200,11172.0000,162.4130,59
2026-08-04 19:50:20,PLTR,162.4400,162.4500,162.3900,162.4100,7837.0000,162.4250,35
2026-08-04 19:50:25,PLTR,162.3900,162.4200,162.3000,162.3200,15807.0000,162.3380,66
2026-08-04 19:50:30,PLTR,162.3200,162.3900,162.2800,162.2900,23882.0000,162.3310,98
2026-08-04 19:50:35,PLTR,162.2800,162.3900,162.2500,162.3800,16091.0000,162.3090,77
2026-08-04 19:50:40,PLTR,162.3700,162.3700,162.3200,162.3500,4370.0000,162.3510,28
2026-08-04 19:50:45,PLTR,162.3400,162.3900,162.3300,162.3500,9690.0000,162.3580,61
2026-08-04 19:50:50,PLTR,162.3500,162.3800,162.3200,162.3600,7144.0000,162.3490,55
2026-08-04 19:50:55,PLTR,162.3600,162.3800,162.3100,162.3300,17598.0000,162.3470,74
2026-08-04 19:51:00,PLTR,162.3200,162.4000,162.3200,162.4000,13369.0000,162.3610,68
2026-08-04 19:51:05,PLTR,162.3800,162.4000,162.3800,162.4000,4793.0000,162.3960,23
2026-08-04 19:51:10,PLTR,162.4000,162.4200,162.3900,162.4100,5971.0000,162.4040,31
2026-08-04 19:51:15,PLTR,162.3900,162.4200,162.3500,162.3800,10691.0000,162.3850,56
2026-08-04 19:51:20,PLTR,162.3600,162.4200,162.3600,162.4200,8561.0000,162.3890,36
2026-08-04 19:51:25,PLTR,162.4400,162.4800,162.4200,162.4700,8679.0000,162.4500,52
2026-08-04 19:51:30,PLTR,162.4500,162.4800,162.4100,162.4400,11041.0000,162.4390,65
2026-08-04 19:51:35,PLTR,162.4500,162.5000,162.3600,162.3800,19717.0000,162.4340,114
2026-08-04 19:51:40,PLTR,162.3800,162.4500,162.3700,162.4400,7330.0000,162.4130,41
2026-08-04 19:51:45,PLTR,162.4400,162.4500,162.4100,162.4300,5966.0000,162.4220,29
2026-08-04 19:51:50,PLTR,162.4100,162.7700,162.4100,162.4400,49446.0000,162.5720,286
2026-08-04 19:51:55,PLTR,162.4500,162.5500,162.4400,162.5200,20609.0000,162.4910,86
2026-08-04 19:52:00,PLTR,162.5300,162.7700,162.5000,162.7100,34924.0000,162.6400,132
2026-08-04 19:52:05,PLTR,162.7300,162.7700,162.6800,162.7100,31198.0000,162.7260,110
2026-08-04 19:52:10,PLTR,162.7000,162.7400,162.6800,162.7000,7558.0000,162.7040,46
2026-08-04 19:52:15,PLTR,162.7100,162.7500,162.6800,162.6900,26038.0000,162.7130,69
2026-08-04 19:52:20,PLTR,162.6800,162.6900,162.6100,162.6200,16593.0000,162.6560,87
2026-08-04 19:52:25,PLTR,162.6300,162.6400,162.4800,162.5700,25542.0000,162.5460,139
2026-08-04 19:52:30,PLTR,162.5700,162.5900,162.5100,162.5400,19898.0000,162.5410,96
2026-08-04 19:52:35,PLTR,162.5300,162.6500,162.5100,162.6500,11030.0000,162.5400,60
2026-08-04 19:52:40,PLTR,162.6100,162.6700,162.5900,162.6300,11213.0000,162.6330,50
2026-08-04 19:52:45,PLTR,162.6100,162.6600,162.6000,162.6300,7151.0000,162.6320,33
2026-08-04 19:52:50,PLTR,162.6300,162.6500,162.5000,162.5400,11094.0000,162.5600,80
2026-08-04 19:52:55,PLTR,162.5000,162.5800,162.5000,162.5600,13100.0000,162.5470,67
2026-08-04 19:53:00,PLTR,162.5300,162.5600,162.5000,162.5100,16071.0000,162.5280,71
2026-08-04 19:53:05,PLTR,162.5200,162.5600,162.5100,162.5600,10030.0000,162.5370,56
2026-08-04 19:53:10,PLTR,162.5600,162.6200,162.5500,162.5800,11190.0000,162.5820,50
2026-08-04 19:53:15,PLTR,162.5800,162.6400,162.5800,162.5800,12007.0000,162.6080,52
2026-08-04 19:53:20,PLTR,162.6000,162.6300,162.3600,162.3900,69671.0000,162.4930,215
2026-08-04 19:53:25,PLTR,162.3900,162.4200,162.3000,162.3200,18132.0000,162.3520,82
2026-08-04 19:53:30,PLTR,162.3400,162.5200,162.3000,162.5100,29816.0000,162.3980,165
2026-08-04 19:53:35,PLTR,162.5100,162.5300,162.4200,162.4500,11335.0000,162.4780,72
2026-08-04 19:53:40,PLTR,162.4600,162.5000,162.4400,162.4700,8803.0000,162.4660,62
2026-08-04 19:53:45,PLTR,162.4700,162.5100,162.3600,162.3700,22423.0000,162.4160,129
2026-08-04 19:53:50,PLTR,162.3600,162.4100,162.3100,162.3100,11313.0000,162.3570,68
2026-08-04 19:53:55,PLTR,162.3300,162.3700,162.2500,162.3600,20008.0000,162.3070,106
2026-08-04 19:54:00,PLTR,162.3800,162.4500,162.3600,162.4500,9456.0000,162.4190,42
2026-08-04 19:54:05,PLTR,162.4100,162.5000,162.4100,162.4700,9838.0000,162.4700,53
2026-08-04 19:54:10,PLTR,162.4700,162.4700,162.3800,162.3800,12230.0000,162.4250,59
2026-08-04 19:54:15,PLTR,162.4200,162.4800,162.3700,162.4300,11773.0000,162.4250,54
2026-08-04 19:54:20,PLTR,162.4400,162.4400,162.2800,162.2800,16786.0000,162.3530,80
2026-08-04 19:54:25,PLTR,162.2800,162.3100,162.2300,162.2500,21462.0000,162.2650,116
2026-08-04 19:54:30,PLTR,162.2500,162.2800,162.1900,162.2200,21169.0000,162.2420,109
2026-08-04 19:54:35,PLTR,162.2300,162.2800,162.2100,162.2800,7055.0000,162.2530,32
2026-08-04 19:54:40,PLTR,162.2600,162.2900,162.2500,162.2800,5080.0000,162.2660,31
2026-08-04 19:54:45,PLTR,162.2700,162.3300,162.2500,162.3000,28654.0000,162.3000,61
2026-08-04 19:54:50,PLTR,162.2800,162.3200,162.2700,162.3100,9764.0000,162.2860,56
2026-08-04 19:54:55,PLTR,162.3100,162.3600,162.3000,162.3600,3793.0000,162.3340,24
2026-08-04 19:55:00,PLTR,162.3600,162.3800,162.3500,162.3600,5616.0000,162.3590,30
2026-08-04 19:55:05,PLTR,162.3700,162.4700,162.3700,162.4500,6403.0000,162.4100,39
2026-08-04 19:55:10,PLTR,162.4500,162.4700,162.3600,162.3700,15234.0000,162.4170,76
2026-08-04 19:55:15,PLTR,162.3800,162.4100,162.3600,162.4000,10081.0000,162.3800,46
2026-08-04 19:55:20,PLTR,162.4100,162.4300,162.3600,162.3900,10016.0000,162.3940,44
2026-08-04 19:55:25,PLTR,162.3800,162.4700,162.3700,162.4500,18436.0000,162.4130,83
2026-08-04 19:55:30,PLTR,162.4700,162.4700,162.3900,162.4200,9878.0000,162.4150,60
2026-08-04 19:55:35,PLTR,162.4200,162.4800,162.3600,162.4800,15668.0000,162.4110,64
2026-08-04 19:55:40,PLTR,162.4800,162.5000,162.4200,162.4500,11077.0000,162.4790,72
2026-08-04 19:55:45,PLTR,162.4500,162.4900,162.3800,162.3800,7822.0000,162.4410,46
2026-08-04 19:55:50,PLTR,162.3800,162.4500,162.3500,162.4300,5893.0000,162.3930,30
2026-08-04 19:55:55,PLTR,162.4400,162.5000,162.4200,162.4500,11342.0000,162.4740,62
2026-08-04 19:56:00,PLTR,162.4700,162.4700,162.3900,162.4400,5951.0000,162.4340,35
2026-08-04 19:56:05,PLTR,162.4300,162.5200,162.4300,162.4500,16875.0000,162.4830,64
2026-08-04 19:56:10,PLTR,162.4400,162.4600,162.4200,162.4500,3392.0000,162.4350,18
2026-08-04 19:56:15,PLTR,162.4300,162.5000,162.4300,162.5000,7871.0000,162.4610,31
2026-08-04 19:56:20,PLTR,162.5100,162.5300,162.4800,162.5000,11545.0000,162.5150,41
2026-08-04 19:56:25,PLTR,162.4900,162.5200,162.4800,162.5000,7078.0000,162.5020,39
2026-08-04 19:56:30,PLTR,162.5000,162.5500,162.5000,162.5100,6218.0000,162.5260,34
2026-08-04 19:56:35,PLTR,162.4900,162.5500,162.4900,162.5500,10080.0000,162.5300,41
2026-08-04 19:56:40,PLTR,162.5500,162.6100,162.5400,162.6100,12721.0000,162.5720,55
2026-08-04 19:56:45,PLTR,162.5900,162.6400,162.5800,162.6300,12668.0000,162.6200,55
2026-08-04 19:56:50,PLTR,162.6300,162.6500,162.5700,162.6400,14514.0000,162.6240,48
2026-08-04 19:56:55,PLTR,162.6300,162.6400,162.6100,162.6200,8135.0000,162.6250,35
2026-08-04 19:57:00,PLTR,162.6100,162.6200,162.5300,162.5300,17302.0000,162.5930,66
2026-08-04 19:57:05,PLTR,162.5300,162.6000,162.5300,162.5700,5480.0000,162.5560,37
2026-08-04 19:57:10,PLTR,162.6000,162.6000,162.5000,162.5100,6202.0000,162.5620,41
2026-08-04 19:57:15,PLTR,162.5200,162.5700,162.5000,162.5600,11906.0000,162.5230,42
2026-08-04 19:57:20,PLTR,162.5800,162.6600,162.5100,162.6600,14623.0000,162.6160,80
2026-08-04 19:57:25,PLTR,162.6400,162.6800,162.5900,162.5900,14384.0000,162.6440,76
2026-08-04 19:57:30,PLTR,162.5800,162.6100,162.5200,162.5600,6278.0000,162.5500,34
2026-08-04 19:57:35,PLTR,162.5700,162.6000,162.5600,162.5800,3836.0000,162.5820,21
2026-08-04 19:57:40,PLTR,162.5900,162.6300,162.5900,162.6200,4477.0000,162.6130,25
2026-08-04 19:57:45,PLTR,162.6000,162.6100,162.5000,162.5200,8321.0000,162.5430,58
2026-08-04 19:57:50,PLTR,162.5100,162.5400,162.5000,162.5000,3820.0000,162.5150,20
2026-08-04 19:57:55,PLTR,162.5200,162.6400,162.5000,162.5600,15096.0000,162.5750,59
2026-08-04 19:58:00,PLTR,162.5900,162.6900,162.5400,162.6200,36041.0000,162.6020,202
2026-08-04 19:58:05,PLTR,162.6400,162.6400,162.5700,162.6100,8646.0000,162.5920,60
2026-08-04 19:58:10,PLTR,162.6200,162.6600,162.6200,162.6200,14168.0000,162.6260,61
2026-08-04 19:58:15,PLTR,162.6200,162.6800,162.6200,162.6500,14972.0000,162.6530,70
2026-08-04 19:58:20,PLTR,162.6500,162.7600,162.6300,162.7400,40823.0000,162.7210,148
2026-08-04 19:58:25,PLTR,162.7400,162.7500,162.6900,162.7300,12750.0000,162.7250,66
2026-08-04 19:58:30,PLTR,162.7300,162.7300,162.6800,162.6900,13265.0000,162.6990,96
2026-08-04 19:58:35,PLTR,162.6800,162.8000,162.6800,162.8000,15874.0000,162.7470,72
2026-08-04 19:58:40,PLTR,162.8000,162.8000,162.7700,162.7800,25689.0000,162.7910,120
2026-08-04 19:58:45,PLTR,162.7800,162.8300,162.7600,162.7600,24630.0000,162.7950,82
2026-08-04 19:58:50,PLTR,162.7600,162.8000,162.7500,162.7900,6848.0000,162.7820,31
2026-08-04 19:58:55,PLTR,162.7900,162.8000,162.7500,162.7700,9074.0000,162.7780,32
2026-08-04 19:59:00,PLTR,162.7600,162.8000,162.7200,162.7600,11342.0000,162.7440,63
2026-08-04 19:59:05,PLTR,162.7600,162.7800,162.6300,162.6400,46817.0000,162.7080,132
2026-08-04 19:59:10,PLTR,162.6300,162.6800,162.6000,162.6400,17059.0000,162.6410,70
2026-08-04 19:59:15,PLTR,162.6300,162.6700,162.6300,162.6600,6570.0000,162.6460,29
2026-08-04 19:59:20,PLTR,162.6600,162.7300,162.6200,162.6400,10465.0000,162.6630,59
2026-08-04 19:59:25,PLTR,162.6300,162.6800,162.6100,162.6700,12741.0000,162.6400,51
2026-08-04 19:59:30,PLTR,162.6900,162.7500,162.6800,162.7200,7903.0000,162.7200,47
2026-08-04 19:59:35,PLTR,162.7200,162.7400,162.7000,162.7100,4522.0000,162.7190,28
2026-08-04 19:59:40,PLTR,162.7100,162.7200,162.5400,162.5900,26150.0000,162.6350,145
2026-08-04 19:59:45,PLTR,162.5900,162.6500,162.5700,162.6100,4727.0000,162.6190,19
2026-08-04 19:59:50,PLTR,162.6100,162.6800,162.6100,162.6500,9879.0000,162.6360,41
2026-08-04 19:59:55,PLTR,162.6400,162.6700,162.6000,162.6100,5717.0000,162.6390,25
2026-08-04 20:00:00,PLTR,162.6200,162.6500,162.6000,162.6500,7197.0000,162.6340,37
2026-08-04 20:00:05,PLTR,162.6800,162.6800,162.6200,162.6700,7978.0000,162.6390,55
2026-08-04 20:00:10,PLTR,162.6700,162.6700,162.6300,162.6600,7246.0000,162.6520,40
2026-08-04 20:00:15,PLTR,162.6600,162.7600,162.6500,162.7100,18675.0000,162.7130,84
2026-08-04 20:00:20,PLTR,162.7000,162.7100,162.6700,162.6800,8697.0000,162.6960,33
2026-08-04 20:00:25,PLTR,162.7100,162.7200,162.6700,162.6900,15117.0000,162.6840,103
2026-08-04 20:00:30,PLTR,162.6900,162.7500,162.6800,162.7100,7203.0000,162.7140,42
2026-08-04 20:00:35,PLTR,162.7300,162.7300,162.7000,162.7100,10593.0000,162.7110,63
2026-08-04 20:00:40,PLTR,162.7200,162.7500,162.6700,162.6700,17364.0000,162.7110,80
2026-08-04 20:00:45,PLTR,162.6700,162.7100,162.6400,162.7100,29901.0000,162.6760,141
2026-08-04 20:00:50,PLTR,162.7100,162.7600,162.6000,162.7200,32504.0000,162.7220,126
2026-08-04 20:00:55,PLTR,162.7000,162.7300,162.7000,162.7300,5740.0000,162.7180,41
2026-08-04 20:01:00,PLTR,162.7200,162.7400,162.7100,162.7300,5562.0000,162.7270,34
2026-08-04 20:01:05,PLTR,162.7400,162.7400,162.6800,162.6900,31816.0000,162.7130,131
2026-08-04 20:01:10,PLTR,162.7000,162.7100,162.6500,162.6700,8912.0000,162.6780,42
2026-08-04 20:01:15,PLTR,162.6600,162.6800,162.6400,162.6600,5294.0000,162.6540,26
2026-08-04 20:01:20,PLTR,162.6500,162.6800,162.6400,162.6800,10139.0000,162.6520,46
2026-08-04 20:01:25,PLTR,162.6700,162.6900,162.6600,162.6600,6234.0000,162.6680,25
2026-08-04 20:01:30,PLTR,162.6600,162.6900,162.6500,162.6900,6627.0000,162.6690,39
2026-08-04 20:01:35,PLTR,162.6900,162.6900,162.6400,162.6400,5892.0000,162.6630,34
2026-08-04 20:01:40,PLTR,162.6500,162.6800,162.6400,162.6600,15288.0000,162.6660,47
2026-08-04 20:01:45,PLTR,162.6400,162.7100,162.6300,162.7100,26627.0000,162.6790,88
2026-08-04 20:01:50,PLTR,162.7200,162.7500,162.7100,162.7300,9675.0000,162.7350,42
2026-08-04 20:01:55,PLTR,162.7400,162.7500,162.7200,162.7200,6238.0000,162.7340,47
2026-08-04 20:02:00,PLTR,162.7300,162.7600,162.7200,162.7400,6356.0000,162.7380,45
2026-08-04 20:02:05,PLTR,162.7300,162.7600,162.7300,162.7300,4963.0000,162.7380,29
2026-08-04 20:02:10,PLTR,162.7500,162.7500,162.7100,162.7200,11471.0000,162.7350,73
2026-08-04 20:02:15,PLTR,162.7200,162.7700,162.7200,162.7300,8788.0000,162.7380,44
2026-08-04 20:02:20,PLTR,162.7200,162.7200,162.7000,162.7200,5183.0000,162.7090,31
2026-08-04 20:02:25,PLTR,162.7200,162.7300,162.7100,162.7200,4316.0000,162.7160,21
2026-08-04 20:02:30,PLTR,162.7200,162.7300,162.7000,162.7200,5913.0000,162.7130,31
2026-08-04 20:02:35,PLTR,162.7000,162.8300,162.6800,162.8100,31309.0000,162.7730,180
2026-08-04 20:02:40,PLTR,162.8000,162.8200,162.7700,162.7800,11933.0000,162.7990,71
2026-08-04 20:02:45,PLTR,162.7700,162.7800,162.6100,162.6300,16829.0000,162.7210,87
2026-08-04 20:02:50,PLTR,162.6200,162.6300,162.5600,162.5800,27339.0000,162.5870,136
2026-08-04 20:02:55,PLTR,162.5900,162.6500,162.5200,162.6200,32856.0000,162.6210,109
2026-08-04 20:03:00,PLTR,162.6300,162.6700,162.6000,162.6000,15981.0000,162.6430,94
2026-08-04 20:03:05,PLTR,162.6000,162.6300,162.5500,162.5500,12564.0000,162.5890,59
2026-08-04 20:03:10,PLTR,162.5800,162.5800,162.5400,162.5600,7726.0000,162.5570,37
2026-08-04 20:03:15,PLTR,162.5600,162.5600,162.4000,162.4800,46179.0000,162.4730,203
2026-08-04 20:03:20,PLTR,162.4700,162.4900,162.3900,162.4200,31703.0000,162.4240,168
2026-08-04 20:03:25,PLTR,162.4400,162.5400,162.4200,162.4700,26952.0000,162.4870,167
2026-08-04 20:03:30,PLTR,162.4800,162.5100,162.4300,162.4900,15925.0000,162.4750,94
2026-08-04 20:03:35,PLTR,162.5100,162.5300,162.5100,162.5200,9645.0000,162.5200,56
2026-08-04 20:03:40,PLTR,162.5100,162.5400,162.4800,162.5400,9257.0000,162.5100,60
2026-08-04 20:03:45,PLTR,162.5400,162.6200,162.5300,162.6100,8125.0000,162.5750,64
2026-08-04 20:03:50,PLTR,162.6100,162.6500,162.5800,162.5800,14359.0000,162.6130,82
2026-08-04 20:03:55,PLTR,162.5600,162.5900,162.5100,162.5700,13417.0000,162.5490,78
2026-08-04 20:04:00,PLTR,162.5800,162.5900,162.4300,162.4400,20829.0000,162.4950,137
2026-08-04 20:04:05,PLTR,162.4400,162.4800,162.4300,162.4700,8080.0000,162.4590,51
2026-08-04 20:04:10,PLTR,162.4700,162.6000,162.4700,162.5700,7493.0000,162.5520,45
2026-08-04 20:04:15,PLTR,162.5800,162.7500,162.5800,162.7100,45727.0000,162.6600,257
2026-08-04 20:04:20,PLTR,162.7200,162.8000,162.7200,162.7600,28106.0000,162.7620,124
2026-08-04 20:04:25,PLTR,162.7800,162.7900,162.6200,162.6300,18634.0000,162.7220,117
2026-08-04 20:04:30,PLTR,162.6300,162.6900,162.6300,162.6800,15454.0000,162.6590,94
2026-08-04 20:04:35,PLTR,162.6600,162.6700,162.5600,162.5700,10021.0000,162.6000,55
2026-08-04 20:04:40,PLTR,162.5600,162.5800,162.4300,162.4600,19281.0000,162.5000,103
2026-08-04 20:04:45,PLTR,162.4400,162.4900,162.3700,162.4700,36049.0000,162.4270,158
2026-08-04 20:04:50,PLTR,162.4700,162.5800,162.4600,162.5400,7641.0000,162.5150,52
2026-08-04 20:04:55,PLTR,162.5500,162.5700,162.4800,162.5000,19730.0000,162.5130,98
2026-08-04 20:05:00,PLTR,162.5300,162.5300,162.4800,162.5000,10433.0000,162.5120,28
2026-08-04 20:05:05,PLTR,162.5000,162.5500,162.4900,162.5000,6109.0000,162.5140,49
2026-08-04 20:05:10,PLTR,162.5000,162.5500,162.4900,162.5400,4239.0000,162.5220,28
2026-08-04 20:05:15,PLTR,162.5400,162.5600,162.4700,162.4800,12183.0000,162.5050,71
2026-08-04 20:05:20,PLTR,162.4900,162.5200,162.4100,162.5200,14435.0000,162.4650,90
2026-08-04 20:05:25,PLTR,162.5100,162.5300,162.4400,162.4400,20895.0000,162.5020,77
2026-08-04 20:05:30,PLTR,162.4400,162.4500,162.4000,162.4100,16543.0000,162.4290,96
2026-08-04 20:05:35,PLTR,162.4100,162.5200,162.4100,162.5000,14160.0000,162.4610,99
2026-08-04 20:05:40,PLTR,162.5000,162.5100,162.4400,162.4500,12567.0000,162.4700,81
2026-08-04 20:05:45,PLTR,162.4400,162.4400,162.4000,162.4100,9406.0000,162.4130,25
2026-08-04 20:05:50,PLTR,162.4000,162.4600,162.3800,162.4600,20581.0000,162.4090,93
2026-08-04 20:05:55,PLTR,162.4500,162.4800,162.4000,162.4300,13034.0000,162.4520,81
2026-08-04 20:06:00,PLTR,162.4400,162.5200,162.4400,162.5100,8206.0000,162.4820,43
2026-08-04 20:06:05,PLTR,162.5100,162.5400,162.5100,162.5300,6445.0000,162.5240,31
2026-08-04 20:06:10,PLTR,162.5100,162.5300,162.4400,162.4500,10791.0000,162.4950,66
2026-08-04 20:06:15,PLTR,162.4500,162.4600,162.4000,162.4200,10464.0000,162.4190,68
2026-08-04 20:06:20,PLTR,162.4200,162.4600,162.4000,162.4200,4876.0000,162.4330,27
2026-08-04 20:06:25,PLTR,162.4400,162.4400,162.2800,162.3400,59010.0000,162.3500,361
2026-08-04 20:06:30,PLTR,162.3400,162.3600,162.3100,162.3400,35341.0000,162.3310,76
2026-08-04 20:06:35,PLTR,162.3300,162.3900,162.3300,162.3500,13374.0000,162.3640,67
2026-08-04 20:06:40,PLTR,162.3700,162.4200,162.3100,162.3700,26809.0000,162.3780,143
2026-08-04 20:06:45,PLTR,162.3800,162.4200,162.3100,162.3100,7679.0000,162.3660,37
2026-08-04 20:06:50,PLTR,162.3200,162.3500,162.2400,162.3400,25369.0000,162.2910,146
2026-08-04 20:06:55,PLTR,162.3200,162.3400,162.2800,162.2900,13061.0000,162.3070,69
2026-08-04 20:07:00,PLTR,162.2900,162.3700,162.2900,162.3200,13224.0000,162.3350,82
2026-08-04 20:07:05,PLTR,162.3100,162.3500,162.2900,162.3200,11109.0000,162.3140,79
2026-08-04 20:07:10,PLTR,162.3200,162.4000,162.3200,162.3900,7218.0000,162.3770,46
2026-08-04 20:07:15,PLTR,162.3800,162.5000,162.3500,162.4900,29744.0000,162.4330,174
2026-08-04 20:07:20,PLTR,162.4900,162.5600,162.4700,162.4800,24996.0000,162.5220,114
2026-08-04 20:07:25,PLTR,162.4700,162.4800,162.4100,162.4600,9875.0000,162.4500,57
2026-08-04 20:07:30,PLTR,162.4500,162.4500,162.4000,162.4400,6045.0000,162.4200,38
2026-08-04 20:07:35,PLTR,162.4200,162.4300,162.3300,162.4300,18911.0000,162.3880,99
2026-08-04 20:07:40,PLTR,162.4300,162.4700,162.3700,162.4100,6102.0000,162.4330,45
2026-08-04 20:07:45,PLTR,162.3900,162.4700,162.3900,162.4600,3501.0000,162.4260,26
2026-08-04 20:07:50,PLTR,162.4400,162.4900,162.4300,162.4700,8101.0000,162.4710,37
2026-08-04 20:07:55,PLTR,162.4700,162.7000,162.4700,162.6600,55480.0000,162.5970,222
2026-08-04 20:08:00,PLTR,162.6400,162.6900,162.6000,162.6700,31456.0000,162.6390,116
2026-08-04 20:08:05,PLTR,162.6900,162.7600,162.6600,162.6600,33229.0000,162.7160,188
2026-08-04 20:08:10,PLTR,162.6600,162.6700,162.5700,162.6200,15850.0000,162.6280,85
2026-08-04 20:08:15,PLTR,162.6200,162.6500,162.5700,162.6400,6660.0000,162.6160,41
2026-08-04 20:08:20,PLTR,162.6300,162.6500,162.4800,162.4800,17877.0000,162.5640,102
2026-08-04 20:08:25,PLTR,162.5000,162.5000,162.3900,162.4100,10472.0000,162.4260,53
2026-08-04 20:08:30,PLTR,162.4200,162.4800,162.3600,162.4600,16913.0000,162.4250,90
2026-08-04 20:08:35,PLTR,162.4500,162.4700,162.3800,162.4400,6766.0000,162.4180,45
2026-08-04 20:08:40,PLTR,162.4600,162.4600,162.3800,162.3800,17273.0000,162.3990,34
2026-08-04 20:08:45,PLTR,162.3800,162.4600,162.3800,162.4600,13449.0000,162.4120,72
2026-08-04 20:08:50,PLTR,162.4600,162.5400,162.4200,162.4700,17418.0000,162.4940,87
2026-08-04 20:08:55,PLTR,162.4700,162.4800,162.4400,162.4700,8967.0000,162.4510,38
2026-08-04 20:09:00,PLTR,162.4900,162.4900,162.3800,162.4000,10597.0000,162.4400,59
2026-08-04 20:09:05,PLTR,162.4000,162.4400,162.3900,162.4400,5321.0000,162.4240,20
2026-08-04 20:09:10,PLTR,162.4200,162.4600,162.4200,162.4400,8307.0000,162.4470,33
2026-08-04 20:09:15,PLTR,162.4300,162.4500,162.4000,162.4100,13153.0000,162.4180,72
2026-08-04 20:09:20,PLTR,162.4100,162.4300,162.4000,162.4300,6146.0000,162.4090,43
2026-08-04 20:09:25,PLTR,162.4100,162.4300,162.3800,162.4200,7930.0000,162.4070,47
2026-08-04 20:09:30,PLTR,162.4200,162.4400,162.4100,162.4100,3521.0000,162.4260,25
2026-08-04 20:09:35,PLTR,162.4100,162.4500,162.4100,162.4200,5519.0000,162.4290,25
2026-08-04 20:09:40,PLTR,162.4400,162.5100,162.4400,162.5000,8312.0000,162.4780,42
2026-08-04 20:09:45,PLTR,162.5100,162.5200,162.4400,162.4700,5210.0000,162.4960,38
2026-08-04 20:09:50,PLTR,162.4500,162.4600,162.4000,162.4200,5017.0000,162.4270,26
2026-08-04 20:09:55,PLTR,162.4200,162.4300,162.3800,162.4000,10614.0000,162.4030,43
2026-08-04 20:10:00,PLTR,162.4200,162.4500,162.4100,162.4400,4671.0000,162.4370,28
2026-08-04 20:10:05,PLTR,162.4500,162.5300,162.4500,162.5300,11414.0000,162.4950,38
2026-08-04 20:10:10,PLTR,162.5400,162.6000,162.5300,162.5900,11036.0000,162.5740,52
2026-08-04 20:10:15,PLTR,162.5800,162.5800,162.5100,162.5400,10936.0000,162.5420,57
2026-08-04 20:10:20,PLTR,162.5200,162.5700,162.5100,162.5600,6384.0000,162.5440,34
2026-08-04 20:10:25,PLTR,162.5600,162.6100,162.5200,162.5400,17226.0000,162.5790,83
2026-08-04 20:10:30,PLTR,162.5600,162.7300,162.5300,162.6800,49754.0000,162.6540,189
2026-08-04 20:10:35,PLTR,162.6600,162.7000,162.6300,162.6300,17191.0000,162.6670,87
2026-08-04 20:10:40,PLTR,162.6400,162.6900,162.6300,162.6900,11182.0000,162.6580,72
2026-08-04 20:10:45,PLTR,162.6700,162.7000,162.6600,162.6700,11495.0000,162.6690,42
2026-08-04 20:10:50,PLTR,162.6600,162.6800,162.6200,162.6200,13153.0000,162.6520,58
2026-08-04 20:10:55,PLTR,162.6300,162.6500,162.6200,162.6300,5454.0000,162.6310,35
2026-08-04 20:11:00,PLTR,162.6300,162.6400,162.5200,162.5900,15788.0000,162.5660,91
2026-08-04 20:11:05,PLTR,162.5900,162.6400,162.4200,162.4800,20434.0000,162.5410,94
2026-08-04 20:11:10,PLTR,162.4800,162.5100,162.4400,162.4800,11597.0000,162.4690,74
2026-08-04 20:11:15,PLTR,162.4700,162.4900,162.4500,162.4700,12981.0000,162.4790,68
2026-08-04 20:11:20,PLTR,162.4700,162.4800,162.4000,162.4600,16234.0000,162.4340,84
2026-08-04 20:11:25,PLTR,162.4800,162.4900,162.4300,162.4800,11858.0000,162.4680,50
2026-08-04 20:11:30,PLTR,162.4800,162.5000,162.4400,162.4500,11299.0000,162.4840,67
2026-08-04 20:11:35,PLTR,162.4500,162.4700,162.4400,162.4500,17940.0000,162.4570,61
2026-08-04 20:11:40,PLTR,162.4700,162.4900,162.4400,162.4700,10942.0000,162.4630,77
2026-08-04 20:11:45,PLTR,162.4700,162.5000,162.4500,162.4800,5475.0000,162.4690,37
2026-08-04 20:11:50,PLTR,162.4700,162.4900,162.4500,162.4700,10858.0000,162.4740,57
2026-08-04 20:11:55,PLTR,162.4500,162.5300,162.4500,162.4900,15213.0000,162.4880,69
2026-08-04 20:12:00,PLTR,162.4800,162.4800,162.4500,162.4600,8640.0000,162.4640,61
2026-08-04 20:12:05,PLTR,162.4600,162.4800,162.3300,162.3600,31321.0000,162.3770,119
2026-08-04 20:12:10,PLTR,162.3500,162.4600,162.3500,162.4500,21975.0000,162.4050,102
2026-08-04 20:12:15,PLTR,162.4500,162.4600,162.4200,162.4200,2916.0000,162.4410,22
2026-08-04 20:12:20,PLTR,162.4200,162.4400,162.4000,162.4100,4043.0000,162.4170,24
2026-08-04 20:12:25,PLTR,162.4300,162.4300,162.4000,162.4000,3881.0000,162.4120,23
2026-08-04 20:12:30,PLTR,162.4000,162.4400,162.3900,162.4400,4406.0000,162.4100,29
2026-08-04 20:12:35,PLTR,162.4400,162.4500,162.4100,162.4100,8781.0000,162.4410,32
2026-08-04 20:12:40,PLTR,162.4300,162.5200,162.4200,162.5200,16945.0000,162.4580,87
2026-08-04 20:12:45,PLTR,162.5300,162.5400,162.4900,162.5400,8826.0000,162.5210,38
2026-08-04 20:12:50,PLTR,162.5300,162.5500,162.4900,162.5500,6609.0000,162.5320,42
2026-08-04 20:12:55,PLTR,162.5300,162.5400,162.1700,162.3100,38366.0000,162.3220,214
2026-08-04 20:13:00,PLTR,162.3000,162.3200,162.2500,162.2800,16186.0000,162.2830,104
2026-08-04 20:13:05,PLTR,162.2900,162.3900,162.2600,162.3900,8100.0000,162.3440,43
2026-08-04 20:13:10,PLTR,162.3600,162.3900,162.3300,162.3900,12377.0000,162.3550,57
2026-08-04 20:13:15,PLTR,162.3900,162.5200,162.3900,162.4700,9558.0000,162.4550,63
2026-08-04 20:13:20,PLTR,162.4700,162.4800,162.3000,162.3500,33962.0000,162.3740,203
2026-08-04 20:13:25,PLTR,162.3500,162.4100,162.3500,162.4000,4558.0000,162.3840,24
2026-08-04 20:13:30,PLTR,162.3700,162.4400,162.3600,162.4400,10813.0000,162.4010,66
2026-08-04 20:13:35,PLTR,162.4300,162.4900,162.4200,162.4900,5192.0000,162.4530,28
2026-08-04 20:13:40,PLTR,162.4600,162.5000,162.4000,162.4400,33363.0000,162.4610,195
2026-08-04 20:13:45,PLTR,162.4100,162.4800,162.4100,162.4700,6900.0000,162.4540,52
2026-08-04 20:13:50,PLTR,162.4700,162.4700,162.4300,162.4400,5506.0000,162.4500,38
2026-08-04 20:13:55,PLTR,162.4400,162.4500,162.4100,162.4200,6266.0000,162.4330,40
2026-08-04 20:14:00,PLTR,162.4100,162.4500,162.4000,162.4500,6373.0000,162.4250,36
2026-08-04 20:14:05,PLTR,162.4700,162.4900,162.4100,162.4200,10128.0000,162.4490,48
2026-08-04 20:14:10,PLTR,162.4200,162.4500,162.4100,162.4100,4413.0000,162.4300,31
2026-08-04 20:14:15,PLTR,162.4100,162.4700,162.4100,162.4600,2776.0000,162.4430,18
2026-08-04 20:14:20,PLTR,162.4800,162.6000,162.4800,162.5500,20656.0000,162.5380,83
2026-08-04 20:14:25,PLTR,162.5300,162.6100,162.5200,162.5600,41772.0000,162.5730,208
2026-08-04 20:14:30,PLTR,162.5400,162.5900,162.5200,162.5600,3539.0000,162.5650,25
2026-08-04 20:14:35,PLTR,162.5800,162.6000,162.5700,162.5900,6858.0000,162.5810,28
2026-08-04 20:14:40,PLTR,162.5800,162.6000,162.5300,162.5900,22707.0000,162.5650,67
2026-08-04 20:14:45,PLTR,162.5800,162.5900,162.5200,162.5300,7267.0000,162.5630,50
2026-08-04 20:14:50,PLTR,162.5400,162.5500,162.5300,162.5300,1627.0000,162.5380,11
2026-08-04 20:14:55,PLTR,162.5400,162.6000,162.5300,162.5700,5342.0000,162.5640,38
2026-08-04 20:15:00,PLTR,162.5600,162.7300,162.5600,162.7200,29371.0000,162.6750,165
2026-08-04 20:15:05,PLTR,162.7100,162.7900,162.6900,162.7800,20310.0000,162.7460,95
2026-08-04 20:15:10,PLTR,162.7600,162.8000,162.7200,162.7200,22563.0000,162.7710,121
2026-08-04 20:15:15,PLTR,162.7400,162.7600,162.7200,162.7500,8394.0000,162.7420,43
2026-08-04 20:15:20,PLTR,162.7500,162.7800,162.7400,162.7700,9368.0000,162.7600,54
2026-08-04 20:15:25,PLTR,162.7700,162.7700,162.7200,162.7400,12761.0000,162.7420,60
2026-08-04 20:15:30,PLTR,162.7400,162.7800,162.7300,162.7500,10592.0000,162.7600,53
2026-08-04 20:15:35,PLTR,162.7700,162.7800,162.7400,162.7600,9849.0000,162.7540,60
2026-08-04 20:15:40,PLTR,162.7600,162.7800,162.7200,162.7500,16885.0000,162.7400,80
2026-08-04 20:15:45,PLTR,162.7500,162.7500,162.7100,162.7200,7449.0000,162.7240,41
2026-08-04 20:15:50,PLTR,162.7200,162.7300,162.7100,162.7300,6313.0000,162.7230,41
2026-08-04 20:15:55,PLTR,162.7200,162.7800,162.7100,162.7200,15951.0000,162.7440,64
2026-08-04 20:16:00,PLTR,162.7100,162.7200,162.6200,162.6300,8113.0000,162.6640,52
2026-08-04 20:16:05,PLTR,162.6300,162.6500,162.5900,162.6300,17526.0000,162.6170,92
2026-08-04 20:16:10,PLTR,162.6200,162.6600,162.6100,162.6300,9081.0000,162.6280,31
2026-08-04 20:16:15,PLTR,162.6100,162.6300,162.5800,162.6100,7585.0000,162.6080,29
2026-08-04 20:16:20,PLTR,162.6000,162.6200,162.5300,162.5700,8002.0000,162.5750,40
2026-08-04 20:16:25,PLTR,162.5400,162.5700,162.4500,162.4700,14088.0000,162.5080,97
2026-08-04 20:16:30,PLTR,162.4600,162.5700,162.4600,162.5600,10256.0000,162.4990,45
2026-08-04 20:16:35,PLTR,162.5700,162.5700,162.4600,162.4700,5081.0000,162.5000,31
2026-08-04 20:16:40,PLTR,162.4900,162.5200,162.4700,162.5000,19297.0000,162.4950,74
2026-08-04 20:16:45,PLTR,162.5000,162.5200,162.4700,162.5100,6277.0000,162.5020,41
2026-08-04 20:16:50,PLTR,162.5100,162.5400,162.5000,162.5300,6123.0000,162.5280,36
2026-08-04 20:16:55,PLTR,162.5400,162.5600,162.4800,162.4800,5835.0000,162.5390,34
2026-08-04 20:17:00,PLTR,162.4700,162.5000,162.4200,162.4400,28477.0000,162.4600,107
2026-08-04 20:17:05,PLTR,162.4200,162.4700,162.3500,162.4600,44274.0000,162.3980,209
2026-08-04 20:17:10,PLTR,162.4700,162.4800,162.4000,162.4000,4341.0000,162.4440,31
2026-08-04 20:17:15,PLTR,162.4300,162.4600,162.3700,162.4500,10757.0000,162.4240,61
2026-08-04 20:17:20,PLTR,162.4500,162.4500,162.2600,162.2900,27634.0000,162.3630,139
2026-08-04 20:17:25,PLTR,162.2800,162.3100,162.2400,162.2500,10997.0000,162.2640,47
2026-08-04 20:17:30,PLTR,162.2700,162.3000,162.2400,162.2700,15515.0000,162.2630,71
2026-08-04 20:17:35,PLTR,162.2600,162.2600,162.1300,162.1800,26226.0000,162.1970,109
2026-08-04 20:17:40,PLTR,162.1900,162.2200,162.1800,162.1800,16429.0000,162.1930,97
2026-08-04 20:17:45,PLTR,162.1900,162.1900,162.1300,162.1600,11211.0000,162.1650,68
2026-08-04 20:17:50,PLTR,162.1400,162.1900,162.0600,162.1500,23315.0000,162.1110,130
2026-08-04 20:17:55,PLTR,162.1600,162.1900,162.1200,162.1200,18016.0000,162.1400,70
2026-08-04 20:18:00,PLTR,162.1100,162.1500,162.0600,162.0600,18729.0000,162.0950,67
2026-08-04 20:18:05,PLTR,162.0600,162.2600,161.9600,162.1700,71371.0000,162.0680,343
2026-08-04 20:18:10,PLTR,162.1900,162.2400,162.1900,162.2100,5262.0000,162.2160,33
2026-08-04 20:18:15,PLTR,162.1800,162.3400,162.1800,162.3100,25580.0000,162.2500,126
2026-08-04 20:18:20,PLTR,162.3100,162.3300,162.2600,162.2600,12614.0000,162.3000,53
2026-08-04 20:18:25,PLTR,162.1900,162.2200,162.1200,162.1300,8567.0000,162.1560,56
2026-08-04 20:18:30,PLTR,162.1300,162.1500,162.0100,162.0800,15013.0000,162.0810,88
2026-08-04 20:18:35,PLTR,162.0600,162.1500,162.0600,162.1100,5887.0000,162.0780,29
2026-08-04 20:18:40,PLTR,162.1200,162.2600,162.1100,162.2400,9545.0000,162.1620,58
2026-08-04 20:18:45,PLTR,162.2300,162.3600,162.2300,162.3400,12392.0000,162.2920,72
2026-08-04 20:18:50,PLTR,162.3400,162.3600,162.2800,162.3400,14366.0000,162.3270,60
2026-08-04 20:18:55,PLTR,162.3300,162.3400,162.2800,162.2900,9069.0000,162.3100,73
2026-08-04 20:19:00,PLTR,162.2900,162.2900,162.2300,162.2500,3776.0000,162.2670,28
2026-08-04 20:19:05,PLTR,162.2400,162.3700,162.2400,162.3700,7375.0000,162.3010,37
2026-08-04 20:19:10,PLTR,162.3800,162.4800,162.3800,162.4700,28343.0000,162.4290,118
2026-08-04 20:19:15,PLTR,162.4400,162.4700,162.3900,162.4200,7303.0000,162.4350,43
2026-08-04 20:19:20,PLTR,162.4200,162.4600,162.4200,162.4500,6619.0000,162.4440,44
2026-08-04 20:19:25,PLTR,162.4400,162.4900,162.4400,162.4500,7114.0000,162.4670,40
2026-08-04 20:19:30,PLTR,162.4700,162.4700,162.4000,162.4300,7019.0000,162.4350,46
2026-08-04 20:19:35,PLTR,162.4400,162.4800,162.4300,162.4500,3473.0000,162.4560,27
2026-08-04 20:19:40,PLTR,162.4500,162.5200,162.4500,162.4900,11781.0000,162.4970,45
2026-08-04 20:19:45,PLTR,162.5000,162.5300,162.4600,162.4600,10764.0000,162.4970,65
2026-08-04 20:19:50,PLTR,162.4700,162.4800,162.3600,162.3600,12620.0000,162.4290,65
2026-08-04 20:19:55,PLTR,162.3800,162.4000,162.3600,162.3900,8085.0000,162.3800,32
2026-08-04 20:20:00,PLTR,162.3800,162.4000,162.3500,162.3600,5120.0000,162.3690,38
2026-08-04 20:20:05,PLTR,162.3600,162.3700,162.3400,162.3700,5889.0000,162.3600,40
2026-08-04 20:20:10,PLTR,162.3700,162.4800,162.3700,162.4500,7243.0000,162.4370,51
2026-08-04 20:20:15,PLTR,162.4500,162.4900,162.4200,162.4700,10940.0000,162.4580,60
2026-08-04 20:20:20,PLTR,162.4900,162.5100,162.4700,162.5000,5622.0000,162.4890,30
2026-08-04 20:20:25,PLTR,162.4900,162.5100,162.4500,162.4800,7343.0000,162.4750,48
2026-08-04 20:20:30,PLTR,162.5000,162.5200,162.4800,162.4800,4897.0000,162.4980,40
2026-08-04 20:20:35,PLTR,162.5000,162.5300,162.4800,162.5100,7227.0000,162.5060,29
2026-08-04 20:20:40,PLTR,162.5300,162.5300,162.5100,162.5300,10081.0000,162.5230,48
2026-08-04 20:20:45,PLTR,162.5100,162.6400,162.5100,162.5800,22791.0000,162.5660,102
2026-08-04 20:20:50,PLTR,162.5800,162.6900,162.5600,162.6700,19981.0000,162.6300,82
2026-08-04 20:20:55,PLTR,162.6900,162.6900,162.5600,162.5800,28389.0000,162.5890,172
2026-08-04 20:21:00,PLTR,162.5800,162.6400,162.5300,162.5700,16747.0000,162.5760,99
2026-08-04 20:21:05,PLTR,162.5700,162.5900,162.5200,162.5600,8235.0000,162.5450,53
2026-08-04 20:21:10,PLTR,162.5400,162.5400,162.4400,162.4700,31980.0000,162.4960,111
2026-08-04 20:21:15,PLTR,162.4700,162.4800,162.4100,162.4100,7523.0000,162.4540,52
2026-08-04 20:21:20,PLTR,162.4100,162.4600,162.4100,162.4300,10305.0000,162.4300,53
2026-08-04 20:21:25,PLTR,162.4300,162.4500,162.2600,162.2700,24297.0000,162.3350,68
2026-08-04 20:21:30,PLTR,162.2800,162.3400,162.2800,162.3300,9407.0000,162.3070,41
2026-08-04 20:21:35,PLTR,162.3200,162.3400,162.3200,162.3300,1548.0000,162.3260,9
2026-08-04 20:21:40,PLTR,162.3300,162.3800,162.3000,162.3300,7862.0000,162.3420,49
2026-08-04 20:21:45,PLTR,162.3300,162.3900,162.3100,162.3600,6143.0000,162.3460,34
2026-08-04 20:21:50,PLTR,162.3800,162.4200,162.3500,162.3500,8842.0000,162.3760,39
2026-08-04 20:21:55,PLTR,162.3500,162.3500,162.2800,162.3000,8581.0000,162.3180,51
2026-08-04 20:22:00,PLTR,162.3000,162.3000,162.2400,162.2700,12404.0000,162.2640,55
2026-08-04 20:22:05,PLTR,162.2500,162.2700,162.1900,162.1900,15980.0000,162.2400,68
2026-08-04 20:22:10,PLTR,162.1800,162.2100,162.1500,162.1500,6610.0000,162.1810,32
2026-08-04 20:22:15,PLTR,162.1300,162.1600,162.1100,162.1400,4166.0000,162.1360,22
2026-08-04 20:22:20,PLTR,162.1400,162.2400,162.1100,162.2400,16499.0000,162.1840,88
2026-08-04 20:22:25,PLTR,162.2400,162.2700,162.2100,162.2100,8187.0000,162.2320,41
2026-08-04 20:22:30,PLTR,162.2200,162.2200,162.0600,162.0900,12322.0000,162.1440,65
2026-08-04 20:22:35,PLTR,162.0900,162.1200,162.0600,162.0700,4567.0000,162.0880,21
2026-08-04 20:22:40,PLTR,162.0800,162.1000,162.0200,162.0800,11352.0000,162.0640,67
2026-08-04 20:22:45,PLTR,162.0700,162.0900,162.0300,162.0400,11028.0000,162.0620,84
2026-08-04 20:22:50,PLTR,162.0600,162.1000,162.0500,162.0700,12755.0000,162.0650,39
2026-08-04 20:22:55,PLTR,162.0700,162.1500,162.0300,162.1300,23738.0000,162.1050,86
2026-08-04 20:23:00,PLTR,162.1100,162.1700,162.1000,162.1000,9606.0000,162.1270,63
2026-08-04 20:23:05,PLTR,162.0800,162.1200,162.0600,162.1100,5531.0000,162.0870,38
2026-08-04 20:23:10,PLTR,162.1200,162.1200,162.1000,162.1100,2664.0000,162.1090,16
2026-08-04 20:23:15,PLTR,162.1100,162.2200,162.1000,162.2200,19625.0000,162.1640,106
2026-08-04 20:23:20,PLTR,162.2200,162.2200,162.1000,162.2000,14098.0000,162.1730,104
2026-08-04 20:23:25,PLTR,162.2100,162.3400,162.2100,162.3400,16383.0000,162.2650,108
2026-08-04 20:23:30,PLTR,162.3300,162.3400,162.2400,162.2800,16603.0000,162.2880,78
2026-08-04 20:23:35,PLTR,162.2800,162.3300,162.2800,162.2900,4176.0000,162.3100,20
2026-08-04 20:23:40,PLTR,162.3100,162.3200,162.3100,162.3100,6510.0000,162.3150,39
2026-08-04 20:23:45,PLTR,162.3100,162.3200,162.3000,162.3000,5147.0000,162.3080,18
2026-08-04 20:23:50,PLTR,162.3100,162.3900,162.2900,162.3800,15921.0000,162.3230,79
2026-08-04 20:23:55,PLTR,162.3800,162.4000,162.3700,162.4000,4758.0000,162.3880,26
2026-08-04 20:24:00,PLTR,162.3900,162.4000,162.3500,162.3700,8188.0000,162.3640,52
2026-08-04 20:24:05,PLTR,162.3700,162.4300,162.3300,162.3300,6907.0000,162.3870,44
2026-08-04 20:24:10,PLTR,162.3300,162.3400,162.2500,162.2800,8620.0000,162.2960,52
2026-08-04 20:24:15,PLTR,162.2800,162.3000,162.2600,162.2600,9832.0000,162.2810,48
2026-08-04 20:24:20,PLTR,162.2600,162.2700,162.1800,162.1800,6786.0000,162.2310,36
2026-08-04 20:24:25,PLTR,162.2100,162.2200,162.1600,162.1900,7451.0000,162.1800,60
2026-08-04 20:24:30,PLTR,162.2000,162.2100,162.1700,162.1900,5103.0000,162.1890,38
2026-08-04 20:24:35,PLTR,162.1900,162.2300,162.1600,162.2200,7660.0000,162.1870,38
2026-08-04 20:24:40,PLTR,162.2200,162.2500,162.2100,162.2300,8374.0000,162.2370,57
2026-08-04 20:24:45,PLTR,162.2300,162.2500,162.2100,162.2400,13510.0000,162.2380,28
2026-08-04 20:24:50,PLTR,162.2500,162.2800,162.2100,162.2200,8549.0000,162.2430,47
2026-08-04 20:24:55,PLTR,162.2200,162.2300,162.2000,162.2100,13891.0000,162.2160,83
2026-08-04 20:25:00,PLTR,162.1900,162.2200,162.1600,162.2100,4761.0000,162.1830,34
2026-08-04 20:25:05,PLTR,162.2300,162.2300,162.1700,162.2000,10309.0000,162.2140,45
2026-08-04 20:25:10,PLTR,162.1900,162.2300,162.1900,162.2200,4942.0000,162.2110,29
2026-08-04 20:25:15,PLTR,162.2200,162.3200,162.2100,162.3000,19961.0000,162.2700,71
2026-08-04 20:25:20,PLTR,162.3000,162.3000,162.2500,162.2600,8721.0000,162.2750,42
2026-08-04 20:25:25,PLTR,162.2500,162.2600,162.2100,162.2600,6145.0000,162.2350,32
2026-08-04 20:25:30,PLTR,162.2600,162.2700,162.2500,162.2500,3975.0000,162.2590,23
2026-08-04 20:25:35,PLTR,162.2600,162.2900,162.2600,162.2800,7526.0000,162.2740,40
2026-08-04 20:25:40,PLTR,162.2800,162.3100,162.2500,162.3100,6208.0000,162.2960,26
2026-08-04 20:25:45,PLTR,162.3000,162.3700,162.3000,162.3700,5682.0000,162.3350,29
2026-08-04 20:25:50,PLTR,162.3700,162.3800,162.3300,162.3600,6311.0000,162.3550,31
2026-08-04 20:25:55,PLTR,162.3700,162.3800,162.3400,162.3800,3807.0000,162.3650,26
2026-08-04 20:26:00,PLTR,162.3800,162.4000,162.3300,162.3900,9244.0000,162.3620,49
2026-08-04 20:26:05,PLTR,162.3800,162.4000,162.3600,162.3700,5493.0000,162.3800,33
2026-08-04 20:26:10,PLTR,162.3900,162.4400,162.3800,162.4000,9390.0000,162.4050,40
2026-08-04 20:26:15,PLTR,162.3900,162.4100,162.3800,162.4000,10990.0000,162.3940,49
2026-08-04 20:26:20,PLTR,162.4000,162.4200,162.3900,162.4000,3360.0000,162.4050,19
2026-08-04 20:26:25,PLTR,162.4200,162.4200,162.2900,162.3400,10507.0000,162.3650,69
2026-08-04 20:26:30,PLTR,162.3300,162.3500,162.3000,162.3000,4036.0000,162.3190,31
2026-08-04 20:26:35,PLTR,162.3000,162.3200,162.2500,162.2700,4159.0000,162.2750,35
2026-08-04 20:26:40,PLTR,162.2800,162.3200,162.2700,162.3000,7660.0000,162.2990,41
2026-08-04 20:26:45,PLTR,162.3100,162.3100,162.2700,162.3100,4395.0000,162.2950,28
2026-08-04 20:26:50,PLTR,162.3100,162.3300,162.2800,162.3000,4900.0000,162.2990,32
2026-08-04 20:26:55,PLTR,162.2900,162.3000,162.2400,162.2500,19755.0000,162.2580,70
2026-08-04 20:27:00,PLTR,162.2300,162.3100,162.2100,162.3100,16126.0000,162.2410,69
2026-08-04 20:27:05,PLTR,162.3100,162.3300,162.2800,162.2900,7941.0000,162.3210,42
2026-08-04 20:27:10,PLTR,162.2800,162.3100,162.2800,162.3000,2354.0000,162.2900,20
2026-08-04 20:27:15,PLTR,162.3100,162.3200,162.2800,162.2800,2431.0000,162.3060,17
2026-08-04 20:27:20,PLTR,162.3100,162.3400,162.2400,162.2800,17511.0000,162.3070,63
2026-08-04 20:27:25,PLTR,162.2800,162.3300,162.2800,162.2800,4895.0000,162.3060,39
2026-08-04 20:27:30,PLTR,162.3200,162.3400,162.2800,162.3000,5023.0000,162.3100,27
2026-08-04 20:27:35,PLTR,162.3000,162.3000,162.2600,162.2800,3455.0000,162.2730,29
2026-08-04 20:27:40,PLTR,162.2900,162.3100,162.2800,162.2900,3848.0000,162.2930,25
2026-08-04 20:27:45,PLTR,162.3000,162.3200,162.2900,162.3100,2305.0000,162.3050,17
2026-08-04 20:27:50,PLTR,162.3200,162.3400,162.3100,162.3100,9143.0000,162.3220,42
2026-08-04 20:27:55,PLTR,162.3100,162.3200,162.3000,162.3100,5513.0000,162.3130,38
2026-08-04 20:28:00,PLTR,162.3100,162.3300,162.3100,162.3200,3729.0000,162.3210,24
2026-08-04 20:28:05,PLTR,162.3200,162.3800,162.3200,162.3400,12152.0000,162.3520,62
2026-08-04 20:28:10,PLTR,162.3400,162.3900,162.3400,162.3700,13388.0000,162.3790,57
2026-08-04 20:28:15,PLTR,162.3700,162.3800,162.3400,162.3500,6061.0000,162.3540,34
2026-08-04 20:28:20,PLTR,162.3400,162.3900,162.3300,162.3900,12318.0000,162.3530,79
2026-08-04 20:28:25,PLTR,162.3900,162.4000,162.3600,162.4000,6907.0000,162.3890,35
2026-08-04 20:28:30,PLTR,162.3900,162.3900,162.3500,162.3600,8520.0000,162.3710,64
2026-08-04 20:28:35,PLTR,162.3600,162.3900,162.3300,162.3400,4788.0000,162.3620,35
2026-08-04 20:28:40,PLTR,162.3500,162.3500,162.3200,162.3400,6611.0000,162.3310,41
2026-08-04 20:28:45,PLTR,162.3500,162.3500,162.2600,162.2800,8900.0000,162.3000,58
2026-08-04 20:28:50,PLTR,162.2700,162.2800,162.2300,162.2700,6865.0000,162.2560,51
2026-08-04 20:28:55,PLTR,162.2600,162.2900,162.2500,162.2700,6362.0000,162.2680,42
2026-08-04 20:29:00,PLTR,162.2800,162.3200,162.2700,162.3200,6961.0000,162.3070,31
2026-08-04 20:29:05,PLTR,162.3200,162.3800,162.3200,162.3700,9750.0000,162.3560,46
2026-08-04 20:29:10,PLTR,162.3700,162.3900,162.3600,162.3700,5509.0000,162.3700,26
2026-08-04 20:29:15,PLTR,162.3700,162.3800,162.3500,162.3800,5986.0000,162.3690,38
2026-08-04 20:29:20,PLTR,162.3600,162.4200,162.3500,162.4000,26526.0000,162.3920,94
2026-08-04 20:29:25,PLTR,162.3800,162.4000,162.3600,162.3600,8706.0000,162.3710,38
2026-08-04 20:29:30,PLTR,162.3700,162.4200,162.3600,162.4200,7654.0000,162.3980,36
2026-08-04 20:29:35,PLTR,162.4200,162.4500,162.4100,162.4400,8916.0000,162.4290,42
2026-08-04 20:29:40,PLTR,162.4200,162.4500,162.4100,162.4400,8139.0000,162.4280,57
2026-08-04 20:29:45,PLTR,162.4400,162.5000,162.4400,162.4600,37746.0000,162.4700,70
2026-08-04 20:29:50,PLTR,162.4700,162.4900,162.4400,162.4400,13056.0000,162.4650,72
2026-08-04 20:29:55,PLTR,162.4300,162.4600,162.4200,162.4200,4770.0000,162.4450,31
2026-08-04 20:30:00,PLTR,162.4200,162.4300,162.3600,162.3800,13612.0000,162.3860,84
2026-08-04 20:30:05,PLTR,162.3800,162.3900,162.3300,162.3300,12455.0000,162.3740,42
2026-08-04 20:30:10,PLTR,162.3500,162.3500,162.2900,162.3000,8474.0000,162.3130,52
2026-08-04 20:30:15,PLTR,162.3100,162.3100,162.2200,162.2700,13407.0000,162.2470,62
2026-08-04 20:30:20,PLTR,162.2600,162.3300,162.2200,162.3300,28734.0000,162.2520,98
2026-08-04 20:30:25,PLTR,162.3400,162.3400,162.2900,162.2900,5080.0000,162.3110,25
2026-08-04 20:30:30,PLTR,162.2800,162.2800,162.2300,162.2400,6536.0000,162.2570,35
2026-08-04 20:30:35,PLTR,162.2600,162.2900,162.2500,162.2800,6183.0000,162.2780,31
2026-08-04 20:30:40,PLTR,162.2800,162.2900,162.2500,162.2500,7953.0000,162.2650,43
2026-08-04 20:30:45,PLTR,162.2500,162.2600,162.2200,162.2500,10015.0000,162.2410,46
2026-08-04 20:30:50,PLTR,162.2500,162.2700,162.2100,162.2600,12189.0000,162.2470,69
2026-08-04 20:30:55,PLTR,162.2600,162.2800,162.2300,162.2600,12497.0000,162.2500,77
2026-08-04 20:31:00,PLTR,162.2500,162.2800,162.2300,162.2600,6734.0000,162.2560,55
2026-08-04 20:31:05,PLTR,162.2800,162.2800,162.2200,162.2300,8663.0000,162.2300,49
2026-08-04 20:31:10,PLTR,162.2200,162.2800,162.2200,162.2800,6925.0000,162.2450,43
2026-08-04 20:31:15,PLTR,162.2800,162.2900,162.1800,162.1800,15272.0000,162.2100,88
2026-08-04 20:31:20,PLTR,162.1900,162.2000,162.1500,162.1600,18020.0000,162.1740,97
2026-08-04 20:31:25,PLTR,162.1600,162.2500,162.1500,162.2000,17558.0000,162.2030,72
2026-08-04 20:31:30,PLTR,162.1900,162.2200,162.1900,162.2000,12163.0000,162.2010,76
2026-08-04 20:31:35,PLTR,162.2000,162.2600,162.2000,162.2500,5737.0000,162.2270,40
2026-08-04 20:31:40,PLTR,162.2500,162.2800,162.2100,162.2800,6382.0000,162.2450,40
2026-08-04 20:31:45,PLTR,162.2800,162.2800,162.0500,162.0800,30627.0000,162.1620,135
2026-08-04 20:31:50,PLTR,162.1100,162.1800,162.0800,162.1800,7670.0000,162.1350,49
2026-08-04 20:31:55,PLTR,162.1900,162.2100,162.1500,162.2000,6882.0000,162.1810,32
2026-08-04 20:32:00,PLTR,162.2000,162.2000,162.1700,162.2000,7400.0000,162.1880,36
2026-08-04 20:32:05,PLTR,162.2100,162.2200,161.9300,162.0000,31451.0000,162.0410,169
2026-08-04 20:32:10,PLTR,162.0100,162.0100,161.9400,162.0000,20997.0000,161.9750,96
2026-08-04 20:32:15,PLTR,162.0100,162.0200,161.9300,161.9800,7956.0000,161.9910,58
2026-08-04 20:32:20,PLTR,162.0100,162.0200,161.8900,161.9300,15308.0000,161.9650,82
2026-08-04 20:32:25,PLTR,161.9400,161.9600,161.8500,161.8500,16649.0000,161.9010,91
2026-08-04 20:32:30,PLTR,161.8300,161.8800,161.7800,161.8600,27404.0000,161.8270,100
2026-08-04 20:32:35,PLTR,161.8600,161.8800,161.8400,161.8400,8617.0000,161.8650,46
2026-08-04 20:32:40,PLTR,161.8600,161.8600,161.7000,161.7300,25343.0000,161.7530,115
2026-08-04 20:32:45,PLTR,161.7200,161.7900,161.6900,161.7800,29379.0000,161.7330,121
2026-08-04 20:32:50,PLTR,161.7600,161.7900,161.6800,161.6900,9306.0000,161.7450,50
2026-08-04 20:32:55,PLTR,161.6900,161.7000,161.6500,161.6500,11503.0000,161.6750,66
2026-08-04 20:33:00,PLTR,161.6200,161.6500,161.5500,161.6000,35812.0000,161.5900,124
2026-08-04 20:33:05,PLTR,161.6000,161.6200,161.5400,161.6000,29041.0000,161.5790,104
2026-08-04 20:33:10,PLTR,161.6000,161.6700,161.5900,161.6400,13105.0000,161.6400,57
2026-08-04 20:33:15,PLTR,161.6500,161.6600,161.5700,161.6300,13161.0000,161.6230,71
2026-08-04 20:33:20,PLTR,161.6300,161.7900,161.6200,161.7000,27444.0000,161.6970,169
2026-08-04 20:33:25,PLTR,161.7200,161.7200,161.6500,161.6900,11497.0000,161.6770,61
2026-08-04 20:33:30,PLTR,161.6800,161.7100,161.6500,161.7000,11651.0000,161.6870,53
2026-08-04 20:33:35,PLTR,161.7100,161.7600,161.7000,161.7200,12585.0000,161.7240,75
2026-08-04 20:33:40,PLTR,161.7300,161.7900,161.7300,161.7900,6953.0000,161.7630,31
2026-08-04 20:33:45,PLTR,161.7800,161.8300,161.7500,161.7800,21967.0000,161.7950,92
2026-08-04 20:33:50,PLTR,161.7800,161.8100,161.7800,161.8100,7945.0000,161.7900,41
2026-08-04 20:33:55,PLTR,161.8100,161.8100,161.7300,161.7500,10137.0000,161.7840,45
2026-08-04 20:34:00,PLTR,161.7300,161.8000,161.7300,161.7600,10805.0000,161.7550,80
2026-08-04 20:34:05,PLTR,161.7600,161.7800,161.6900,161.7200,17994.0000,161.7250,68
2026-08-04 20:34:10,PLTR,161.7000,161.7000,161.6000,161.6600,16089.0000,161.6490,86
2026-08-04 20:34:15,PLTR,161.6500,161.6900,161.6500,161.6700,10042.0000,161.6780,60
2026-08-04 20:34:20,PLTR,161.6700,161.7300,161.6600,161.7200,5238.0000,161.6990,26
2026-08-04 20:34:25,PLTR,161.6900,161.7400,161.6600,161.6700,8646.0000,161.6920,49
2026-08-04 20:34:30,PLTR,161.6700,161.7500,161.6500,161.7200,9534.0000,161.7030,59
2026-08-04 20:34:35,PLTR,161.7200,161.7500,161.7000,161.7500,17747.0000,161.7360,73
2026-08-04 20:34:40,PLTR,161.7500,161.8000,161.7500,161.7800,12904.0000,161.7810,79
2026-08-04 20:34:45,PLTR,161.7700,161.7900,161.7400,161.7900,2598.0000,161.7660,19
2026-08-04 20:34:50,PLTR,161.7700,161.8300,161.7700,161.8200,8810.0000,161.8020,41
2026-08-04 20:34:55,PLTR,161.8200,161.8300,161.8000,161.8100,3256.0000,161.8190,20
2026-08-04 20:35:00,PLTR,161.8100,161.8500,161.7900,161.8400,6441.0000,161.8160,39
2026-08-04 20:35:05,PLTR,161.8400,161.8800,161.8400,161.8600,12078.0000,161.8560,44
2026-08-04 20:35:10,PLTR,161.8600,161.8700,161.7400,161.7900,9198.0000,161.8070,62
2026-08-04 20:35:15,PLTR,161.8000,161.8000,161.7600,161.7700,6417.0000,161.7790,35
2026-08-04 20:35:20,PLTR,161.7600,161.7700,161.7500,161.7500,3474.0000,161.7640,24
2026-08-04 20:35:25,PLTR,161.7500,161.7800,161.6900,161.6900,19849.0000,161.7450,92
2026-08-04 20:35:30,PLTR,161.6900,161.7400,161.6800,161.7200,6554.0000,161.7040,40
2026-08-04 20:35:35,PLTR,161.7000,161.7300,161.6600,161.6900,12580.0000,161.6910,69
2026-08-04 20:35:40,PLTR,161.6800,161.6800,161.5500,161.5500,13428.0000,161.6200,71
2026-08-04 20:35:45,PLTR,161.5600,161.6000,161.5600,161.5600,15497.0000,161.5760,40
2026-08-04 20:35:50,PLTR,161.5600,161.6500,161.5600,161.6300,10272.0000,161.5890,43
2026-08-04 20:35:55,PLTR,161.6300,161.6300,161.5900,161.6100,7842.0000,161.6120,29
2026-08-04 20:36:00,PLTR,161.6000,161.6900,161.6000,161.6800,16309.0000,161.6580,78
2026-08-04 20:36:05,PLTR,161.6800,161.6900,161.5900,161.6100,12333.0000,161.6520,57
2026-08-04 20:36:10,PLTR,161.6100,161.6800,161.5900,161.6600,10275.0000,161.6390,47
2026-08-04 20:36:15,PLTR,161.6600,161.6900,161.6400,161.6500,6642.0000,161.6670,51
2026-08-04 20:36:20,PLTR,161.6600,161.7000,161.6600,161.6700,10117.0000,161.6830,61
2026-08-04 20:36:25,PLTR,161.6700,161.7000,161.6600,161.7000,17423.0000,161.6810,67
2026-08-04 20:36:30,PLTR,161.7000,161.7200,161.6700,161.6900,9123.0000,161.6960,55
2026-08-04 20:36:35,PLTR,161.6900,161.7800,161.6800,161.7700,10215.0000,161.7200,44
2026-08-04 20:36:40,PLTR,161.7800,161.8100,161.7500,161.7900,12890.0000,161.7840,53
2026-08-04 20:36:45,PLTR,161.7900,161.8500,161.7400,161.7600,15002.0000,161.8060,68
2026-08-04 20:36:50,PLTR,161.7800,161.8100,161.7700,161.8100,4169.0000,161.7920,24
2026-08-04 20:36:55,PLTR,161.8100,161.8200,161.7800,161.7800,7590.0000,161.7930,49
2026-08-04 20:37:00,PLTR,161.7900,161.9800,161.7900,161.9800,10633.0000,161.8980,73
2026-08-04 20:37:05,PLTR,161.9800,162.2100,161.8900,162.1800,80285.0000,162.1150,405
2026-08-04 20:37:10,PLTR,162.1700,162.2100,162.1100,162.1200,21934.0000,162.1760,132
2026-08-04 20:37:15,PLTR,162.1300,162.2100,162.1100,162.1200,13092.0000,162.1390,84
2026-08-04 20:37:20,PLTR,162.1300,162.2100,162.1000,162.1600,8472.0000,162.1380,52
2026-08-04 20:37:25,PLTR,162.1900,162.2100,162.1100,162.1300,12347.0000,162.1580,54
2026-08-04 20:37:30,PLTR,162.1100,162.1600,162.1100,162.1500,4648.0000,162.1330,25
2026-08-04 20:37:35,PLTR,162.1400,162.1600,162.1300,162.1300,9314.0000,162.1400,47
2026-08-04 20:37:40,PLTR,162.1300,162.1800,162.0500,162.0700,15396.0000,162.1170,86
2026-08-04 20:37:45,PLTR,162.0800,162.0900,162.0500,162.0600,7945.0000,162.0630,44
2026-08-04 20:37:50,PLTR,162.0500,162.1100,162.0500,162.0900,4429.0000,162.0800,30
2026-08-04 20:37:55,PLTR,162.0700,162.0900,162.0400,162.0700,7380.0000,162.0640,42
2026-08-04 20:38:00,PLTR,162.0800,162.2000,162.0800,162.2000,17500.0000,162.1530,93
2026-08-04 20:38:05,PLTR,162.2000,162.2800,162.2000,162.2800,32499.0000,162.2280,164
2026-08-04 20:38:10,PLTR,162.2800,162.4400,162.2800,162.4200,44799.0000,162.3610,179
2026-08-04 20:38:15,PLTR,162.4100,162.4400,162.3700,162.4100,20190.0000,162.4050,119
2026-08-04 20:38:20,PLTR,162.4100,162.5200,162.4000,162.4800,40599.0000,162.4930,184
2026-08-04 20:38:25,PLTR,162.4900,162.5400,162.4500,162.5100,14377.0000,162.5010,88
2026-08-04 20:38:30,PLTR,162.5300,162.6100,162.5100,162.6000,21520.0000,162.5790,112
2026-08-04 20:38:35,PLTR,162.5900,162.6100,162.5000,162.5200,19868.0000,162.5510,102
2026-08-04 20:38:40,PLTR,162.5100,162.5900,162.5100,162.5800,12197.0000,162.5460,76
2026-08-04 20:38:45,PLTR,162.5800,162.6300,162.5800,162.6100,11921.0000,162.6090,62
2026-08-04 20:38:50,PLTR,162.6200,162.6600,162.6100,162.6100,13815.0000,162.6350,69
2026-08-04 20:38:55,PLTR,162.6100,162.6600,162.6100,162.6500,8921.0000,162.6350,51
2026-08-04 20:39:00,PLTR,162.6800,162.7400,162.6800,162.7100,19057.0000,162.7150,84
2026-08-04 20:39:05,PLTR,162.7100,162.7200,162.6900,162.7100,7879.0000,162.7030,43
2026-08-04 20:39:10,PLTR,162.7000,162.7400,162.6300,162.7300,22148.0000,162.6810,120
2026-08-04 20:39:15,PLTR,162.7300,162.7400,162.6800,162.6900,7904.0000,162.7130,47
2026-08-04 20:39:20,PLTR,162.7000,162.7100,162.6100,162.6400,11469.0000,162.6390,60
2026-08-04 20:39:25,PLTR,162.6000,162.6100,162.5700,162.6100,7982.0000,162.5910,43
2026-08-04 20:39:30,PLTR,162.5900,162.7200,162.5900,162.7100,16594.0000,162.6690,69
2026-08-04 20:39:35,PLTR,162.7100,162.7400,162.6900,162.7200,4504.0000,162.7120,25
2026-08-04 20:39:40,PLTR,162.7200,162.7300,162.7000,162.7000,7415.0000,162.7090,45
2026-08-04 20:39:45,PLTR,162.7100,162.7100,162.6800,162.6800,5293.0000,162.6930,31
2026-08-04 20:39:50,PLTR,162.6700,162.6700,162.6200,162.6200,3166.0000,162.6540,19
2026-08-04 20:39:55,PLTR,162.6400,162.6500,162.6000,162.6500,5606.0000,162.6270,30
2026-08-04 20:40:00,PLTR,162.6400,162.6400,162.6000,162.6200,9253.0000,162.6210,40
2026-08-04 20:40:05,PLTR,162.6200,162.6900,162.6100,162.6500,6041.0000,162.6410,38
2026-08-04 20:40:10,PLTR,162.6600,162.6900,162.6500,162.6700,11100.0000,162.6670,66
2026-08-04 20:40:15,PLTR,162.6700,162.6900,162.6500,162.6600,3524.0000,162.6680,27
2026-08-04 20:40:20,PLTR,162.6700,162.6900,162.6700,162.6900,10513.0000,162.6850,47
2026-08-04 20:40:25,PLTR,162.6700,162.6800,162.6600,162.6700,6533.0000,162.6740,30
2026-08-04 20:40:30,PLTR,162.6700,162.7300,162.6600,162.6900,8089.0000,162.7010,56
2026-08-04 20:40:35,PLTR,162.6700,162.6900,162.6000,162.6000,10503.0000,162.6470,58
2026-08-04 20:40:40,PLTR,162.6300,162.6300,162.5900,162.6200,6455.0000,162.6080,28
2026-08-04 20:40:45,PLTR,162.6200,162.6500,162.6000,162.6100,6911.0000,162.6250,43
2026-08-04 20:40:50,PLTR,162.6200,162.6300,162.6100,162.6100,8232.0000,162.6160,35
2026-08-04 20:40:55,PLTR,162.6100,162.6600,162.6000,162.6600,6079.0000,162.6260,31
2026-08-04 20:41:00,PLTR,162.6500,162.7000,162.6500,162.6600,6205.0000,162.6780,32
2026-08-04 20:41:05,PLTR,162.6500,162.6700,162.6100,162.6500,11035.0000,162.6510,55
2026-08-04 20:41:10,PLTR,162.6600,162.7300,162.6600,162.7200,11096.0000,162.7060,48
2026-08-04 20:41:15,PLTR,162.7200,162.7200,162.6500,162.6900,15520.0000,162.6910,63
2026-08-04 20:41:20,PLTR,162.6900,162.7800,162.6900,162.7600,33630.0000,162.7430,106
2026-08-04 20:41:25,PLTR,162.7700,162.8100,162.7400,162.7400,29352.0000,162.7890,151
2026-08-04 20:41:30,PLTR,162.7400,162.7400,162.6800,162.6900,8432.0000,162.7020,52
2026-08-04 20:41:35,PLTR,162.7000,162.7300,162.6800,162.7100,7675.0000,162.7070,43
2026-08-04 20:41:40,PLTR,162.7200,162.7600,162.7000,162.7300,4592.0000,162.7250,25
2026-08-04 20:41:45,PLTR,162.7200,162.8100,162.7100,162.7900,15092.0000,162.7550,80
2026-08-04 20:41:50,PLTR,162.7900,162.8000,162.7000,162.7400,10171.0000,162.7440,48
2026-08-04 20:41:55,PLTR,162.7200,162.7400,162.7000,162.7400,5107.0000,162.7150,30
2026-08-04 20:42:00,PLTR,162.7400,162.8800,162.7000,162.7800,66281.0000,162.8010,365
2026-08-04 20:42:05,PLTR,162.7600,162.8300,162.7600,162.7600,14637.0000,162.7950,101
2026-08-04 20:42:10,PLTR,162.7800,162.8400,162.7600,162.8200,15186.0000,162.8020,74
2026-08-04 20:42:15,PLTR,162.8100,162.8200,162.7800,162.8100,17533.0000,162.8040,122
2026-08-04 20:42:20,PLTR,162.8200,162.8800,162.8100,162.8700,26355.0000,162.8370,140
2026-08-04 20:42:25,PLTR,162.8800,162.8900,162.8000,162.8100,18516.0000,162.8570,99
2026-08-04 20:42:30,PLTR,162.8000,162.8000,162.7600,162.7700,7969.0000,162.7870,48
2026-08-04 20:42:35,PLTR,162.7800,162.8000,162.7000,162.7400,11162.0000,162.7570,65
2026-08-04 20:42:40,PLTR,162.7500,162.7600,162.7100,162.7200,4799.0000,162.7410,28
2026-08-04 20:42:45,PLTR,162.7200,162.8000,162.7000,162.7800,5021.0000,162.7670,24
2026-08-04 20:42:50,PLTR,162.7900,162.7900,162.7500,162.7700,3933.0000,162.7660,22
2026-08-04 20:42:55,PLTR,162.7800,162.8500,162.7600,162.8500,12161.0000,162.7900,59
2026-08-04 20:43:00,PLTR,162.8300,162.8300,162.7900,162.8200,7549.0000,162.8070,55
2026-08-04 20:43:05,PLTR,162.8100,162.8300,162.8000,162.8300,6826.0000,162.8170,34
2026-08-04 20:43:10,PLTR,162.8300,162.9600,162.8200,162.8600,48891.0000,162.9070,243
2026-08-04 20:43:15,PLTR,162.8800,162.9100,162.7500,162.7600,25703.0000,162.8360,159
2026-08-04 20:43:20,PLTR,162.7500,162.8100,162.7400,162.7700,13040.0000,162.7660,50
2026-08-04 20:43:25,PLTR,162.7900,162.8000,162.7100,162.7300,11979.0000,162.7680,56
2026-08-04 20:43:30,PLTR,162.7800,162.8000,162.7100,162.7600,11606.0000,162.7490,44
2026-08-04 20:43:35,PLTR,162.7800,162.7900,162.7600,162.7700,2234.0000,162.7770,14
2026-08-04 20:43:40,PLTR,162.7800,162.8100,162.7800,162.7800,3958.0000,162.7980,30
2026-08-04 20:43:45,PLTR,162.7900,162.7900,162.7400,162.7400,8134.0000,162.7760,48
2026-08-04 20:43:50,PLTR,162.7400,162.7500,162.6500,162.6500,7722.0000,162.6930,47
2026-08-04 20:43:55,PLTR,162.6600,162.7400,162.6500,162.7400,14722.0000,162.7000,63
2026-08-04 20:44:00,PLTR,162.7300,162.7600,162.7300,162.7400,7612.0000,162.7350,48
2026-08-04 20:44:05,PLTR,162.7400,162.7600,162.7200,162.7600,8944.0000,162.7430,36
2026-08-04 20:44:10,PLTR,162.7400,162.7500,162.6900,162.7200,6733.0000,162.7230,52
2026-08-04 20:44:15,PLTR,162.7100,162.7500,162.6900,162.7500,5179.0000,162.7140,14
2026-08-04 20:44:20,PLTR,162.7500,162.7800,162.7200,162.7200,6429.0000,162.7500,32
2026-08-04 20:44:25,PLTR,162.7400,162.7400,162.6900,162.7300,3156.0000,162.7290,20
2026-08-04 20:44:30,PLTR,162.7400,162.8900,162.7200,162.8600,60756.0000,162.8100,268
2026-08-04 20:44:35,PLTR,162.8700,162.9100,162.8700,162.9100,10096.0000,162.8870,50
2026-08-04 20:44:40,PLTR,162.9100,162.9400,162.8700,162.8800,21815.0000,162.9120,99
2026-08-04 20:44:45,PLTR,162.8800,162.9400,162.8500,162.9400,16599.0000,162.8720,80
2026-08-04 20:44:50,PLTR,162.9300,162.9600,162.9200,162.9400,19365.0000,162.9480,90
2026-08-04 20:44:55,PLTR,162.9300,163.1000,162.9100,163.0900,95559.0000,162.9920,358
2026-08-04 20:45:00,PLTR,163.1000,163.2700,163.0900,163.2200,68064.0000,163.2080,269
2026-08-04 20:45:05,PLTR,163.2400,163.2900,163.1400,163.2900,47959.0000,163.2080,186
2026-08-04 20:45:10,PLTR,163.2700,163.2900,163.2100,163.2600,19000.0000,163.2430,69
2026-08-04 20:45:15,PLTR,163.2800,163.3000,163.2200,163.2400,27449.0000,163.2640,153
2026-08-04 20:45:20,PLTR,163.2200,163.2400,163.1300,163.1700,22864.0000,163.1820,122
2026-08-04 20:45:25,PLTR,163.1700,163.1800,163.1200,163.1400,12224.0000,163.1530,57
2026-08-04 20:45:30,PLTR,163.1600,163.2600,163.1100,163.2300,27163.0000,163.1680,139
2026-08-04 20:45:35,PLTR,163.2400,163.2400,163.1700,163.1800,7188.0000,163.1940,37
2026-08-04 20:45:40,PLTR,163.1800,163.2400,163.1600,163.2200,35059.0000,163.2030,108
2026-08-04 20:45:45,PLTR,163.2200,163.2200,163.1300,163.1600,20433.0000,163.1830,82
2026-08-04 20:45:50,PLTR,163.1600,163.1700,163.0600,163.0600,19729.0000,163.1250,108
2026-08-04 20:45:55,PLTR,163.0700,163.0900,163.0000,163.0600,14681.0000,163.0430,68
2026-08-04 20:46:00,PLTR,163.0600,163.2800,163.0500,163.2400,47654.0000,163.1800,244
2026-08-04 20:46:05,PLTR,163.2500,163.4900,163.2200,163.4800,69075.0000,163.3810,332
2026-08-04 20:46:10,PLTR,163.4800,163.4900,163.3800,163.4200,52441.0000,163.4440,211
2026-08-04 20:46:15,PLTR,163.4400,163.5600,163.4400,163.5400,62172.0000,163.5140,208
2026-08-04 20:46:20,PLTR,163.5200,163.5700,163.5100,163.5200,21378.0000,163.5410,97
2026-08-04 20:46:25,PLTR,163.5200,163.5700,163.5000,163.5300,28477.0000,163.5360,85
2026-08-04 20:46:30,PLTR,163.5300,163.5500,163.5000,163.5300,23130.0000,163.5250,88
2026-08-04 20:46:35,PLTR,163.5300,163.8500,163.5200,163.8300,75545.0000,163.6670,374
2026-08-04 20:46:40,PLTR,163.8000,163.8800,163.7900,163.8500,28364.0000,163.8360,106
2026-08-04 20:46:45,PLTR,163.8500,163.8800,163.8300,163.8500,25627.0000,163.8640,123
2026-08-04 20:46:50,PLTR,163.8600,163.9900,163.8600,163.9700,34316.0000,163.9410,171
2026-08-04 20:46:55,PLTR,163.9700,163.9900,163.9200,163.9300,52286.0000,163.9560,169
2026-08-04 20:47:00,PLTR,163.9500,163.9900,163.9400,163.9800,23862.0000,163.9740,95
2026-08-04 20:47:05,PLTR,163.9900,164.1200,163.9400,163.9800,131910.0000,164.0210,502
2026-08-04 20:47:10,PLTR,163.9700,164.0400,163.9500,164.0000,25957.0000,163.9820,95
2026-08-04 20:47:15,PLTR,164.0000,164.0100,163.8400,163.8500,54429.0000,163.9220,247
2026-08-04 20:47:20,PLTR,163.8200,163.9600,163.8200,163.8800,32764.0000,163.9100,103
2026-08-04 20:47:25,PLTR,163.8800,163.9300,163.8800,163.9100,12768.0000,163.9020,64
2026-08-04 20:47:30,PLTR,163.9100,163.9300,163.8700,163.9300,12465.0000,163.8960,57
2026-08-04 20:47:35,PLTR,163.9400,164.0000,163.9000,163.9400,15273.0000,163.9590,69
2026-08-04 20:47:40,PLTR,163.9300,163.9900,163.9000,163.9600,11262.0000,163.9390,57
2026-08-04 20:47:45,PLTR,163.9800,164.0200,163.9400,164.0100,9215.0000,163.9850,38
2026-08-04 20:47:50,PLTR,164.0100,164.0200,163.9600,163.9800,10592.0000,163.9920,58
2026-08-04 20:47:55,PLTR,163.9600,164.0400,163.9600,164.0400,19635.0000,164.0140,58
2026-08-04 20:48:00,PLTR,164.0100,164.0500,164.0000,164.0200,16952.0000,164.0220,73
2026-08-04 20:48:05,PLTR,164.0100,164.1400,164.0000,164.1200,30395.0000,164.0680,108
2026-08-04 20:48:10,PLTR,164.1200,164.1700,164.1000,164.1200,15694.0000,164.1290,67
2026-08-04 20:48:15,PLTR,164.1100,164.1300,164.0800,164.1100,21802.0000,164.0940,62
2026-08-04 20:48:20,PLTR,164.0900,164.1300,163.9600,164.0000,35847.0000,164.0660,129
2026-08-04 20:48:25,PLTR,164.0000,164.0000,163.9000,163.9200,24857.0000,163.9470,137
2026-08-04 20:48:30,PLTR,163.8900,163.9400,163.8900,163.9200,19119.0000,163.9090,54
2026-08-04 20:48:35,PLTR,163.9100,163.9600,163.9000,163.9400,22923.0000,163.9240,123
2026-08-04 20:48:40,PLTR,163.9600,163.9600,163.9300,163.9300,10311.0000,163.9470,37
2026-08-04 20:48:45,PLTR,163.9300,163.9700,163.8700,163.9000,13417.0000,163.9250,80
2026-08-04 20:48:50,PLTR,163.9200,163.9400,163.9000,163.9200,18970.0000,163.9200,57
2026-08-04 20:48:55,PLTR,163.9200,163.9400,163.8900,163.9200,11029.0000,163.9150,55
2026-08-04 20:49:00,PLTR,163.9300,163.9700,163.9100,163.9700,10544.0000,163.9430,65
2026-08-04 20:49:05,PLTR,163.9700,163.9900,163.9500,163.9700,12174.0000,163.9730,46
2026-08-04 20:49:10,PLTR,163.9700,164.0400,163.9700,164.0300,12294.0000,164.0120,57
2026-08-04 20:49:15,PLTR,164.0100,164.0400,163.9800,164.0400,14079.0000,164.0110,64
2026-08-04 20:49:20,PLTR,164.0500,164.0600,164.0200,164.0300,9558.0000,164.0320,43
2026-08-04 20:49:25,PLTR,164.0300,164.0300,163.9100,163.9500,14607.0000,163.9550,71
2026-08-04 20:49:30,PLTR,163.9800,164.0400,163.9800,163.9900,16459.0000,164.0020,55
2026-08-04 20:49:35,PLTR,164.0000,164.0100,163.9500,163.9800,14706.0000,163.9800,58
2026-08-04 20:49:40,PLTR,163.9900,164.0700,163.9800,164.0500,12405.0000,164.0170,68
2026-08-04 20:49:45,PLTR,164.0500,164.0600,164.0100,164.0200,13849.0000,164.0410,49
2026-08-04 20:49:50,PLTR,164.0200,164.0300,163.9500,163.9700,7062.0000,163.9890,38
2026-08-04 20:49:55,PLTR,163.9700,164.0000,163.9600,164.0000,5624.0000,163.9810,31
2026-08-04 20:50:00,PLTR,163.9800,164.0700,163.9800,164.0600,26264.0000,164.0190,122
2026-08-04 20:50:05,PLTR,164.0800,164.1200,164.0400,164.0500,25306.0000,164.0870,118
2026-08-04 20:50:10,PLTR,164.0500,164.0600,164.0200,164.0500,12802.0000,164.0410,90
2026-08-04 20:50:15,PLTR,164.0500,164.1500,164.0400,164.0800,24851.0000,164.1080,169
2026-08-04 20:50:20,PLTR,164.0900,164.1000,164.0100,164.0400,9028.0000,164.0560,64
2026-08-04 20:50:25,PLTR,164.0400,164.0600,163.9100,163.9300,28552.0000,163.9860,148
2026-08-04 20:50:30,PLTR,163.9300,163.9400,163.9000,163.9100,17036.0000,163.9180,81
2026-08-04 20:50:35,PLTR,163.9100,163.9700,163.9100,163.9700,12187.0000,163.9420,72
2026-08-04 20:50:40,PLTR,163.9700,164.0300,163.9500,163.9800,15678.0000,163.9870,73
2026-08-04 20:50:45,PLTR,163.9600,163.9900,163.9500,163.9500,6325.0000,163.9590,40
2026-08-04 20:50:50,PLTR,163.9500,163.9600,163.9100,163.9200,11191.0000,163.9350,55
2026-08-04 20:50:55,PLTR,163.9200,163.9300,163.7200,163.7800,34130.0000,163.8040,147
2026-08-04 20:51:00,PLTR,163.7500,163.8100,163.7500,163.7900,21265.0000,163.7760,98
2026-08-04 20:51:05,PLTR,163.7900,163.7900,163.7300,163.7500,9090.0000,163.7550,46
2026-08-04 20:51:10,PLTR,163.7600,163.7700,163.5400,163.5800,82205.0000,163.6280,172
2026-08-04 20:51:15,PLTR,163.5800,163.6100,163.5500,163.5900,17931.0000,163.5750,102
2026-08-04 20:51:20,PLTR,163.5700,163.6400,163.4500,163.5400,32210.0000,163.5450,167
2026-08-04 20:51:25,PLTR,163.5300,163.5800,163.4900,163.5400,7556.0000,163.5200,41
2026-08-04 20:51:30,PLTR,163.5400,163.6000,163.5000,163.5300,11082.0000,163.5420,56
2026-08-04 20:51:35,PLTR,163.5500,163.6400,163.5100,163.5800,28132.0000,163.5800,97
2026-08-04 20:51:40,PLTR,163.6000,163.6000,163.5300,163.5700,20762.0000,163.5570,67
2026-08-04 20:51:45,PLTR,163.5800,163.6500,163.5700,163.6400,10072.0000,163.6120,37
2026-08-04 20:51:50,PLTR,163.6400,163.6500,163.5400,163.5600,10193.0000,163.5940,50
2026-08-04 20:51:55,PLTR,163.5600,163.6500,163.5400,163.6300,5762.0000,163.6270,31
2026-08-04 20:52:00,PLTR,163.6500,163.7200,163.6000,163.6300,18249.0000,163.6570,105
2026-08-04 20:52:05,PLTR,163.6100,163.7200,163.6000,163.7100,19241.0000,163.6500,92
2026-08-04 20:52:10,PLTR,163.7100,163.7200,163.6200,163.6700,10636.0000,163.6860,69
2026-08-04 20:52:15,PLTR,163.6500,163.6800,163.6300,163.6600,6341.0000,163.6620,31
2026-08-04 20:52:20,PLTR,163.6700,163.6900,163.6200,163.6700,6929.0000,163.6500,44
2026-08-04 20:52:25,PLTR,163.6800,163.6800,163.6100,163.6300,7205.0000,163.6360,34
2026-08-04 20:52:30,PLTR,163.6200,163.7000,163.6100,163.7000,17377.0000,163.6490,103
2026-08-04 20:52:35,PLTR,163.7200,163.7500,163.6900,163.7300,9894.0000,163.7250,44
2026-08-04 20:52:40,PLTR,163.7300,163.7800,163.7300,163.7600,16830.0000,163.7580,57
2026-08-04 20:52:45,PLTR,163.7600,163.7800,163.7500,163.7600,6303.0000,163.7720,16
2026-08-04 20:52:50,PLTR,163.7600,163.7700,163.6900,163.6900,7430.0000,163.7180,43
2026-08-04 20:52:55,PLTR,163.7000,163.7500,163.6900,163.7400,6318.0000,163.7150,36
2026-08-04 20:53:00,PLTR,163.7500,163.7500,163.6300,163.6600,16999.0000,163.6740,58
2026-08-04 20:53:05,PLTR,163.6600,163.6900,163.6500,163.6900,7453.0000,163.6680,36
2026-08-04 20:53:10,PLTR,163.6800,163.6900,163.6400,163.6600,7034.0000,163.6630,48
2026-08-04 20:53:15,PLTR,163.6500,163.6800,163.6400,163.6800,4370.0000,163.6620,22
2026-08-04 20:53:20,PLTR,163.6600,163.7000,163.6600,163.6700,7366.0000,163.6780,51
2026-08-04 20:53:25,PLTR,163.6900,163.8800,163.6600,163.8700,76620.0000,163.7880,218
2026-08-04 20:53:30,PLTR,163.8500,163.8600,163.7300,163.7900,25735.0000,163.7960,147
2026-08-04 20:53:35,PLTR,163.7900,163.7900,163.7500,163.7800,11308.0000,163.7750,47
2026-08-04 20:53:40,PLTR,163.7900,163.8200,163.7500,163.7600,7265.0000,163.7790,38
2026-08-04 20:53:45,PLTR,163.7800,163.7900,163.6800,163.7200,9196.0000,163.7560,68
2026-08-04 20:53:50,PLTR,163.7000,163.7500,163.6800,163.7400,5574.0000,163.7190,30
2026-08-04 20:53:55,PLTR,163.7400,163.7900,163.7100,163.7500,7079.0000,163.7520,35
2026-08-04 20:54:00,PLTR,163.7600,163.7900,163.7500,163.7800,6237.0000,163.7710,29
2026-08-04 20:54:05,PLTR,163.7700,163.7800,163.7400,163.7700,7617.0000,163.7550,51
2026-08-04 20:54:10,PLTR,163.7500,163.7600,163.7300,163.7300,3466.0000,163.7460,25
2026-08-04 20:54:15,PLTR,163.7200,163.7300,163.6400,163.7200,19487.0000,163.6710,89
2026-08-04 20:54:20,PLTR,163.6900,163.7700,163.6900,163.7500,6253.0000,163.7330,36
2026-08-04 20:54:25,PLTR,163.7500,163.7600,163.6800,163.6800,7407.0000,163.7190,34
2026-08-04 20:54:30,PLTR,163.7000,163.7400,163.6700,163.7200,28004.0000,163.7020,140
2026-08-04 20:54:35,PLTR,163.6900,163.7400,163.6800,163.7400,17286.0000,163.7100,32
2026-08-04 20:54:40,PLTR,163.7400,163.8000,163.7100,163.7700,6266.0000,163.7630,27
2026-08-04 20:54:45,PLTR,163.7800,163.8200,163.7800,163.8000,7476.0000,163.7970,43
2026-08-04 20:54:50,PLTR,163.8100,163.8400,163.7900,163.8200,11291.0000,163.8170,70
2026-08-04 20:54:55,PLTR,163.8400,163.8400,163.7300,163.7300,13184.0000,163.7760,59
2026-08-04 20:55:00,PLTR,163.7300,163.7400,163.4700,163.4800,26209.0000,163.5950,137
2026-08-04 20:55:05,PLTR,163.4800,163.5100,163.4300,163.4800,14786.0000,163.4630,86
2026-08-04 20:55:10,PLTR,163.5000,163.6300,163.4900,163.5800,51848.0000,163.5780,218
2026-08-04 20:55:15,PLTR,163.5800,163.6400,163.5700,163.6200,4917.0000,163.5970,32
2026-08-04 20:55:20,PLTR,163.6300,163.6400,163.5900,163.6100,3457.0000,163.6110,24
2026-08-04 20:55:25,PLTR,163.6100,163.6400,163.5600,163.6400,10301.0000,163.6110,41
2026-08-04 20:55:30,PLTR,163.6300,163.7000,163.6300,163.6800,22533.0000,163.6790,83
2026-08-04 20:55:35,PLTR,163.6800,163.6800,163.6200,163.6300,9699.0000,163.6410,31
2026-08-04 20:55:40,PLTR,163.6500,163.7100,163.6400,163.7100,7334.0000,163.6720,38
2026-08-04 20:55:45,PLTR,163.7100,163.7400,163.6300,163.6300,14690.0000,163.7170,71
2026-08-04 20:55:50,PLTR,163.6600,163.7200,163.6500,163.7100,5097.0000,163.6720,31
2026-08-04 20:55:55,PLTR,163.7100,163.7200,163.6900,163.7000,3148.0000,163.7050,25
2026-08-04 20:56:00,PLTR,163.7000,163.7000,163.6500,163.7000,6166.0000,163.6780,38
2026-08-04 20:56:05,PLTR,163.6800,163.7200,163.6500,163.6600,10094.0000,163.6810,56
2026-08-04 20:56:10,PLTR,163.6800,163.7100,163.6800,163.6900,2086.0000,163.6920,18
2026-08-04 20:56:15,PLTR,163.6900,163.7200,163.6600,163.6600,5443.0000,163.6880,30
2026-08-04 20:56:20,PLTR,163.6600,163.6700,163.6500,163.6700,2200.0000,163.6580,12
2026-08-04 20:56:25,PLTR,163.6600,163.7200,163.6500,163.6800,4008.0000,163.6830,33
2026-08-04 20:56:30,PLTR,163.6900,163.7200,163.4600,163.4900,22471.0000,163.6160,104
2026-08-04 20:56:35,PLTR,163.4900,163.5800,163.4600,163.5700,12720.0000,163.4940,41
2026-08-04 20:56:40,PLTR,163.5700,163.6200,163.5400,163.6000,18886.0000,163.6030,59
2026-08-04 20:56:45,PLTR,163.6000,163.6100,163.5600,163.6100,3925.0000,163.5830,20
2026-08-04 20:56:50,PLTR,163.5800,163.6200,163.5600,163.5700,7775.0000,163.5810,43
2026-08-04 20:56:55,PLTR,163.5800,163.5900,163.5500,163.5600,11323.0000,163.5600,42
2026-08-04 20:57:00,PLTR,163.5600,163.5700,163.5200,163.5600,6003.0000,163.5530,34
2026-08-04 20:57:05,PLTR,163.5300,163.5400,163.5200,163.5300,1256.0000,163.5320,11
2026-08-04 20:57:10,PLTR,163.5300,163.5800,163.5200,163.5800,6683.0000,163.5500,32
2026-08-04 20:57:15,PLTR,163.5800,163.6100,163.5400,163.5900,14886.0000,163.5810,86
2026-08-04 20:57:20,PLTR,163.6000,163.6500,163.6000,163.6300,13408.0000,163.6130,91
2026-08-04 20:57:25,PLTR,163.6300,163.6600,163.6100,163.6400,7335.0000,163.6400,40
2026-08-04 20:57:30,PLTR,163.6600,163.7900,163.6600,163.7500,29704.0000,163.7310,151
2026-08-04 20:57:35,PLTR,163.7500,163.7900,163.7400,163.7800,13172.0000,163.7670,70
2026-08-04 20:57:40,PLTR,163.7500,163.7800,163.7200,163.7500,14580.0000,163.7450,64
2026-08-04 20:57:45,PLTR,163.7700,163.7700,163.7000,163.7300,12934.0000,163.7290,62
2026-08-04 20:57:50,PLTR,163.7300,163.7500,163.6800,163.7000,2661.0000,163.7090,23
2026-08-04 20:57:55,PLTR,163.7000,163.7200,163.6800,163.7000,5966.0000,163.7000,32
2026-08-04 20:58:00,PLTR,163.7000,163.7400,163.6600,163.7400,8059.0000,163.7050,61
2026-08-04 20:58:05,PLTR,163.7100,163.7400,163.6900,163.7400,10737.0000,163.7220,33
2026-08-04 20:58:10,PLTR,163.7300,163.7500,163.7200,163.7200,6289.0000,163.7330,33
2026-08-04 20:58:15,PLTR,163.7200,163.7500,163.7100,163.7200,4799.0000,163.7230,26
2026-08-04 20:58:20,PLTR,163.7200,163.7200,163.5000,163.5800,36376.0000,163.6040,191
2026-08-04 20:58:25,PLTR,163.5600,163.5900,163.4900,163.5300,25958.0000,163.5390,110
2026-08-04 20:58:30,PLTR,163.5300,163.5600,163.5000,163.5400,4235.0000,163.5380,23
2026-08-04 20:58:35,PLTR,163.5200,163.5600,163.5200,163.5300,7212.0000,163.5340,56
2026-08-04 20:58:40,PLTR,163.5300,163.5600,163.5200,163.5500,9928.0000,163.5400,70
2026-08-04 20:58:45,PLTR,163.5400,163.5800,163.5200,163.5700,5057.0000,163.5510,32
2026-08-04 20:58:50,PLTR,163.5600,163.5800,163.5100,163.5300,8280.0000,163.5500,40
2026-08-04 20:58:55,PLTR,163.5300,163.5700,163.5200,163.5500,19232.0000,163.5400,50
2026-08-04 20:59:00,PLTR,163.5700,163.5700,163.5000,163.5200,11219.0000,163.5150,65
2026-08-04 20:59:05,PLTR,163.5100,163.5400,163.5000,163.5400,7010.0000,163.5300,14
2026-08-04 20:59:10,PLTR,163.5300,163.5800,163.5100,163.5300,8114.0000,163.5390,57
2026-08-04 20:59:15,PLTR,163.5600,163.5800,163.5200,163.5700,11453.0000,163.5510,79
2026-08-04 20:59:20,PLTR,163.5700,163.6000,163.4900,163.5000,23337.0000,163.5290,106
2026-08-04 20:59:25,PLTR,163.4900,163.5400,163.4400,163.5400,26205.0000,163.4790,104
2026-08-04 20:59:30,PLTR,163.5400,163.5700,163.5100,163.5700,13337.0000,163.5430,68
2026-08-04 20:59:35,PLTR,163.5700,163.6100,163.5600,163.5900,6791.0000,163.5860,41
2026-08-04 20:59:40,PLTR,163.5700,163.5800,163.5400,163.5400,8202.0000,163.5650,38
2026-08-04 20:59:45,PLTR,163.5400,163.7200,163.5400,163.6700,25796.0000,163.6460,131
2026-08-04 20:59:50,PLTR,163.6700,163.7000,163.6400,163.6500,10454.0000,163.6690,67
2026-08-04 20:59:55,PLTR,163.6500,163.7100,163.6300,163.6900,11585.0000,163.6770,50
2026-08-04 21:00:00,PLTR,163.6900,163.8500,163.6800,163.7300,41072.0000,163.7650,252
2026-08-04 21:00:05,PLTR,163.7500,163.9000,163.7300,163.8900,31659.0000,163.8200,167
2026-08-04 21:00:10,PLTR,163.8700,163.9700,163.8100,163.9100,44175.0000,163.8910,216
2026-08-04 21:00:15,PLTR,163.9000,163.9200,163.8700,163.8900,25200.0000,163.8960,150
2026-08-04 21:00:20,PLTR,163.8900,163.9200,163.8700,163.8800,11699.0000,163.8960,62
2026-08-04 21:00:25,PLTR,163.8800,163.9600,163.8500,163.9400,39416.0000,163.8980,166
2026-08-04 21:00:30,PLTR,163.9400,163.9500,163.8300,163.8600,67162.0000,163.9010,279
2026-08-04 21:00:35,PLTR,163.8500,163.9600,163.8500,163.9600,21355.0000,163.9020,78
2026-08-04 21:00:40,PLTR,163.9400,164.0500,163.9200,164.0200,46462.0000,164.0020,198
2026-08-04 21:00:45,PLTR,164.0300,164.1000,164.0000,164.0800,17507.0000,164.0640,87
2026-08-04 21:00:50,PLTR,164.1000,164.2000,164.1000,164.1800,60315.0000,164.1320,250
2026-08-04 21:00:55,PLTR,164.1700,164.2500,164.1700,164.2500,29469.0000,164.2050,126
2026-08-04 21:01:00,PLTR,164.2400,164.3500,164.1800,164.3400,124138.0000,164.2390,527
2026-08-04 21:01:05,PLTR,164.3400,164.4000,164.3300,164.3400,20506.0000,164.3690,108
2026-08-04 21:01:10,PLTR,164.3800,164.4000,164.3300,164.3800,41153.0000,164.3680,155
2026-08-04 21:01:15,PLTR,164.4000,164.4900,164.3800,164.4500,31986.0000,164.4480,169
2026-08-04 21:01:20,PLTR,164.4500,164.5000,164.4400,164.5000,59399.0000,164.4890,167
2026-08-04 21:01:25,PLTR,164.4800,164.5000,164.4700,164.5000,28335.0000,164.4900,137
2026-08-04 21:01:30,PLTR,164.5000,164.5200,164.2700,164.2800,196965.0000,164.4230,720
2026-08-04 21:01:35,PLTR,164.2800,164.3000,164.1900,164.1900,38753.0000,164.2510,152
2026-08-04 21:01:40,PLTR,164.1700,164.1900,164.1300,164.1600,17463.0000,164.1630,92
2026-08-04 21:01:45,PLTR,164.1600,164.1600,164.0700,164.0900,29374.0000,164.1100,129
2026-08-04 21:01:50,PLTR,164.1100,164.1100,163.9200,163.9900,26645.0000,163.9960,86
2026-08-04 21:01:55,PLTR,163.9900,164.0300,163.9600,164.0100,13872.0000,163.9910,71
2026-08-04 21:02:00,PLTR,164.0200,164.1000,164.0100,164.0200,10552.0000,164.0430,56
2026-08-04 21:02:05,PLTR,164.0100,164.1900,164.0100,164.0800,36492.0000,164.1000,188
2026-08-04 21:02:10,PLTR,164.1000,164.3900,164.0800,164.3900,31649.0000,164.1990,159
2026-08-04 21:02:15,PLTR,164.3800,164.4100,164.2400,164.2600,42887.0000,164.3270,165
2026-08-04 21:02:20,PLTR,164.2800,164.2800,164.1400,164.1600,19289.0000,164.2050,87
2026-08-04 21:02:25,PLTR,164.1800,164.1900,164.1300,164.1600,18655.0000,164.1600,59
2026-08-04 21:02:30,PLTR,164.1600,164.1700,164.1100,164.1300,14629.0000,164.1290,97
2026-08-04 21:02:35,PLTR,164.1300,164.1800,164.0800,164.0900,20452.0000,164.1460,52
2026-08-04 21:02:40,PLTR,164.0800,164.2300,164.0700,164.2300,8570.0000,164.1290,46
2026-08-04 21:02:45,PLTR,164.2100,164.2500,164.1200,164.1800,7670.0000,164.1990,31
2026-08-04 21:02:50,PLTR,164.1600,164.2000,164.1600,164.1800,3825.0000,164.1820,24
2026-08-04 21:02:55,PLTR,164.1900,164.2000,164.1700,164.1800,4318.0000,164.1880,23
2026-08-04 21:03:00,PLTR,164.1800,164.2600,164.1800,164.1900,16395.0000,164.2120,90
2026-08-04 21:03:05,PLTR,164.1800,164.2300,164.1600,164.2200,7616.0000,164.1970,44
2026-08-04 21:03:10,PLTR,164.2300,164.2600,163.9800,164.1900,47042.0000,164.0850,136
2026-08-04 21:03:15,PLTR,164.2200,164.2600,164.2000,164.2300,5829.0000,164.2360,25
2026-08-04 21:03:20,PLTR,164.2200,164.3300,164.1900,164.2500,18272.0000,164.2350,81
2026-08-04 21:03:25,PLTR,164.2400,164.2800,164.2200,164.2300,4727.0000,164.2460,17
2026-08-04 21:03:30,PLTR,164.2200,164.2200,164.1800,164.1800,4965.0000,164.2000,22
2026-08-04 21:03:35,PLTR,164.1600,164.2300,164.1400,164.2000,11668.0000,164.1940,36
2026-08-04 21:03:40,PLTR,164.2100,164.2300,164.1700,164.2100,3863.0000,164.1960,26
2026-08-04 21:03:45,PLTR,164.2200,164.2600,164.2000,164.2400,6507.0000,164.2330,33
2026-08-04 21:03:50,PLTR,164.2400,164.2500,164.0700,164.1400,10486.0000,164.1410,59
2026-08-04 21:03:55,PLTR,164.1400,164.2300,164.1400,164.2200,5514.0000,164.1900,29
2026-08-04 21:04:00,PLTR,164.2000,164.2400,164.1700,164.2300,6474.0000,164.2090,31
2026-08-04 21:04:05,PLTR,164.2400,164.2900,164.2000,164.2000,41602.0000,164.2660,62
2026-08-04 21:04:10,PLTR,164.1900,164.2500,164.1900,164.1900,6490.0000,164.2150,37
2026-08-04 21:04:15,PLTR,164.2200,164.3300,164.2100,164.3000,30335.0000,164.2980,173
2026-08-04 21:04:20,PLTR,164.2900,164.3900,164.2900,164.3800,58152.0000,164.3270,139
2026-08-04 21:04:25,PLTR,164.3900,164.3900,164.2800,164.2900,20645.0000,164.3500,86
2026-08-04 21:04:30,PLTR,164.3000,164.3000,164.2200,164.2500,13143.0000,164.2540,78
2026-08-04 21:04:35,PLTR,164.2600,164.2900,164.1000,164.1100,51452.0000,164.2030,141
2026-08-04 21:04:40,PLTR,164.1300,164.1600,163.9800,164.0000,44764.0000,164.0960,148
2026-08-04 21:04:45,PLTR,163.9700,164.0100,163.9600,163.9900,19528.0000,163.9800,80
2026-08-04 21:04:50,PLTR,163.9800,163.9900,163.7800,163.7800,31531.0000,163.8860,124
2026-08-04 21:04:55,PLTR,163.7800,163.8200,163.7500,163.8000,17161.0000,163.7770,81
2026-08-04 21:05:00,PLTR,163.8100,163.9100,163.7600,163.8000,21580.0000,163.8430,123
2026-08-04 21:05:05,PLTR,163.8000,163.8000,163.7100,163.7200,14485.0000,163.7570,92
2026-08-04 21:05:10,PLTR,163.7200,163.8800,163.7100,163.7900,23787.0000,163.7950,120
2026-08-04 21:05:15,PLTR,163.8100,163.8100,163.7000,163.7300,18286.0000,163.7530,126
2026-08-04 21:05:20,PLTR,163.7100,163.7300,163.5400,163.6000,56361.0000,163.6310,293
2026-08-04 21:05:25,PLTR,163.6200,163.7700,163.6100,163.7000,27269.0000,163.6940,112
2026-08-04 21:05:30,PLTR,163.6900,163.7000,163.5100,163.5300,18585.0000,163.5840,82
2026-08-04 21:05:35,PLTR,163.5300,163.6500,163.4300,163.6400,52610.0000,163.5500,209
2026-08-04 21:05:40,PLTR,163.6600,163.8500,163.6600,163.8100,27235.0000,163.7550,103
2026-08-04 21:05:45,PLTR,163.8400,163.9100,163.7800,163.8000,13010.0000,163.8420,55
2026-08-04 21:05:50,PLTR,163.8000,163.8400,163.8000,163.8300,3636.0000,163.8220,21
2026-08-04 21:05:55,PLTR,163.8200,163.8900,163.8100,163.8800,9002.0000,163.8550,42
2026-08-04 21:06:00,PLTR,163.8800,163.9500,163.8100,163.9100,13002.0000,163.8980,62
2026-08-04 21:06:05,PLTR,163.9300,163.9300,163.8400,163.8900,30680.0000,163.8720,88
2026-08-04 21:06:10,PLTR,163.8800,163.8900,163.8500,163.8900,9217.0000,163.8680,52
2026-08-04 21:06:15,PLTR,163.8700,164.0200,163.8700,163.9700,30246.0000,163.9660,133
2026-08-04 21:06:20,PLTR,163.9700,163.9800,163.9000,163.9000,13136.0000,163.9340,72
2026-08-04 21:06:25,PLTR,163.9000,163.9400,163.8900,163.9100,9113.0000,163.9110,38
2026-08-04 21:06:30,PLTR,163.9400,163.9400,163.8200,163.8500,8664.0000,163.8800,55
2026-08-04 21:06:35,PLTR,163.8700,163.9200,163.8600,163.9200,7609.0000,163.8970,34
2026-08-04 21:06:40,PLTR,163.9200,163.9900,163.9000,163.9700,7466.0000,163.9450,43
2026-08-04 21:06:45,PLTR,163.9700,164.0000,163.9300,163.9400,19648.0000,163.9690,78
2026-08-04 21:06:50,PLTR,163.9400,164.1300,163.9200,164.1300,38338.0000,163.9980,117
2026-08-04 21:06:55,PLTR,164.1100,164.1500,164.0700,164.1300,28202.0000,164.1250,117
2026-08-04 21:07:00,PLTR,164.1300,164.1300,164.0500,164.0900,16710.0000,164.0880,68
2026-08-04 21:07:05,PLTR,164.1100,164.1500,164.0900,164.1300,7607.0000,164.1230,41
2026-08-04 21:07:10,PLTR,164.1300,164.1500,164.0400,164.0600,33526.0000,164.1010,128
2026-08-04 21:07:15,PLTR,164.0600,164.2500,164.0400,164.2500,27007.0000,164.1640,138
2026-08-04 21:07:20,PLTR,164.2700,164.3000,164.1200,164.1600,24149.0000,164.2040,128
2026-08-04 21:07:25,PLTR,164.1400,164.1400,164.0800,164.1100,11579.0000,164.1180,74
2026-08-04 21:07:30,PLTR,164.1300,164.1300,163.9200,163.9500,29476.0000,164.0400,164
2026-08-04 21:07:35,PLTR,163.9600,163.9600,163.8800,163.9100,19361.0000,163.9140,133
2026-08-04 21:07:40,PLTR,163.9000,163.9200,163.8700,163.9100,10880.0000,163.8960,43
2026-08-04 21:07:45,PLTR,163.9100,163.9200,163.8700,163.8700,17247.0000,163.8950,93
2026-08-04 21:07:50,PLTR,163.8800,163.9400,163.8700,163.9300,12865.0000,163.9020,72
2026-08-04 21:07:55,PLTR,163.9500,163.9700,163.8900,163.9100,11313.0000,163.9290,70
2026-08-04 21:08:00,PLTR,163.9100,163.9200,163.8500,163.8800,11105.0000,163.8710,79
2026-08-04 21:08:05,PLTR,163.8600,163.9000,163.8500,163.8800,10438.0000,163.8850,54
2026-08-04 21:08:10,PLTR,163.8700,163.9100,163.8100,163.8100,9930.0000,163.8770,47
2026-08-04 21:08:15,PLTR,163.8200,163.8800,163.7600,163.8800,32509.0000,163.8350,146
2026-08-04 21:08:20,PLTR,163.8200,163.8300,163.7800,163.8200,5867.0000,163.8090,31
2026-08-04 21:08:25,PLTR,163.8300,163.8400,163.7600,163.7800,8671.0000,163.7980,55
2026-08-04 21:08:30,PLTR,163.7800,163.7800,163.7500,163.7700,6856.0000,163.7650,55
2026-08-04 21:08:35,PLTR,163.7600,163.7700,163.6800,163.7300,20035.0000,163.7320,90
2026-08-04 21:08:40,PLTR,163.7300,163.7400,163.5900,163.6200,30673.0000,163.6240,135
2026-08-04 21:08:45,PLTR,163.6100,163.6200,163.5600,163.5800,18046.0000,163.5940,81
2026-08-04 21:08:50,PLTR,163.5900,163.6100,163.5600,163.5800,11290.0000,163.5860,45
2026-08-04 21:08:55,PLTR,163.5900,163.6100,163.5800,163.5900,15901.0000,163.5900,47
2026-08-04 21:09:00,PLTR,163.5900,163.6400,163.5700,163.6100,19939.0000,163.5960,89
2026-08-04 21:09:05,PLTR,163.6200,163.6200,163.4900,163.5000,27193.0000,163.5500,137
2026-08-04 21:09:10,PLTR,163.4800,163.5800,163.4800,163.5800,7612.0000,163.5240,51
2026-08-04 21:09:15,PLTR,163.5500,163.5800,163.5200,163.5300,16235.0000,163.5620,67
2026-08-04 21:09:20,PLTR,163.5300,163.5700,163.5100,163.5100,6696.0000,163.5380,34
2026-08-04 21:09:25,PLTR,163.5100,163.5500,163.4400,163.4500,23811.0000,163.4880,84
2026-08-04 21:09:30,PLTR,163.4500,163.5300,163.4400,163.5000,14576.0000,163.4700,89
2026-08-04 21:09:35,PLTR,163.5000,163.5300,163.4300,163.4600,11045.0000,163.4660,57
2026-08-04 21:09:40,PLTR,163.4300,163.4600,163.4300,163.4500,8545.0000,163.4470,46
2026-08-04 21:09:45,PLTR,163.4500,163.5300,163.4500,163.4800,15158.0000,163.4890,82
2026-08-04 21:09:50,PLTR,163.5100,163.5100,163.4600,163.4800,7548.0000,163.4720,26
2026-08-04 21:09:55,PLTR,163.4700,163.5000,163.4700,163.4900,17639.0000,163.4910,77
2026-08-04 21:10:00,PLTR,163.4800,163.5300,163.4800,163.5000,13799.0000,163.5040,88
2026-08-04 21:10:05,PLTR,163.5000,163.5200,163.4300,163.4300,14104.0000,163.4870,69
2026-08-04 21:10:10,PLTR,163.4400,163.4500,163.3600,163.3800,27604.0000,163.4050,165
2026-08-04 21:10:15,PLTR,163.3800,163.5300,163.3800,163.5100,23769.0000,163.4720,142
2026-08-04 21:10:20,PLTR,163.5100,163.5200,163.4300,163.4700,17908.0000,163.4750,66
2026-08-04 21:10:25,PLTR,163.4600,163.5200,163.4500,163.5200,19391.0000,163.4820,108
2026-08-04 21:10:30,PLTR,163.5300,163.5600,163.5000,163.5300,14608.0000,163.5320,64
2026-08-04 21:10:35,PLTR,163.5300,163.5900,163.4600,163.4800,28371.0000,163.5450,96
2026-08-04 21:10:40,PLTR,163.4800,163.4900,163.4600,163.4800,7068.0000,163.4770,38
2026-08-04 21:10:45,PLTR,163.4700,163.4900,163.4200,163.4300,8464.0000,163.4500,49
2026-08-04 21:10:50,PLTR,163.4400,163.4600,163.4200,163.4200,9782.0000,163.4410,54
2026-08-04 21:10:55,PLTR,163.4300,163.4900,163.4200,163.4800,8102.0000,163.4430,47
2026-08-04 21:11:00,PLTR,163.4800,163.4900,163.4300,163.4300,10250.0000,163.4590,60
2026-08-04 21:11:05,PLTR,163.4500,163.4700,163.3800,163.4100,6671.0000,163.4300,35
2026-08-04 21:11:10,PLTR,163.4100,163.4200,163.3200,163.3200,16008.0000,163.3850,72
2026-08-04 21:11:15,PLTR,163.3100,163.3400,163.2600,163.3000,14524.0000,163.3090,98
2026-08-04 21:11:20,PLTR,163.3000,163.3000,163.2100,163.2500,20580.0000,163.2570,76
2026-08-04 21:11:25,PLTR,163.2500,163.3400,163.2500,163.3400,12559.0000,163.2820,58
2026-08-04 21:11:30,PLTR,163.3300,163.3400,163.1000,163.1100,40959.0000,163.1720,215
2026-08-04 21:11:35,PLTR,163.1200,163.1500,163.1000,163.1200,16752.0000,163.1270,65
2026-08-04 21:11:40,PLTR,163.1300,163.1600,163.1200,163.1400,7641.0000,163.1390,45
2026-08-04 21:11:45,PLTR,163.1200,163.1500,163.1000,163.1300,9702.0000,163.1270,51
2026-08-04 21:11:50,PLTR,163.1100,163.1400,163.1000,163.1000,12422.0000,163.1160,62
2026-08-04 21:11:55,PLTR,163.1100,163.1100,163.0800,163.0900,13685.0000,163.0880,44
2026-08-04 21:12:00,PLTR,163.0900,163.1000,162.9100,162.9500,52324.0000,162.9850,236
2026-08-04 21:12:05,PLTR,162.9400,162.9400,162.8400,162.8500,33441.0000,162.8700,162
2026-08-04 21:12:10,PLTR,162.8700,162.8800,162.8000,162.8300,11075.0000,162.8410,63
2026-08-04 21:12:15,PLTR,162.8200,162.9200,162.8200,162.9200,13156.0000,162.8860,72
2026-08-04 21:12:20,PLTR,162.9000,162.9300,162.8700,162.9100,20093.0000,162.8910,79
2026-08-04 21:12:25,PLTR,162.9300,163.0400,162.9000,163.0000,33282.0000,162.9870,145
2026-08-04 21:12:30,PLTR,162.9700,162.9900,162.9500,162.9800,5985.0000,162.9740,32
2026-08-04 21:12:35,PLTR,162.9800,163.0000,162.9300,162.9800,9711.0000,162.9790,54
2026-08-04 21:12:40,PLTR,162.9800,163.0200,162.9700,162.9900,7865.0000,162.9920,51
2026-08-04 21:12:45,PLTR,162.9900,163.0200,162.9700,162.9800,10476.0000,162.9950,61
2026-08-04 21:12:50,PLTR,162.9700,163.0100,162.9300,163.0000,15070.0000,162.9570,87
2026-08-04 21:12:55,PLTR,163.0100,163.0300,162.9800,163.0200,5721.0000,163.0200,30
2026-08-04 21:13:00,PLTR,163.0300,163.0400,163.0000,163.0100,7959.0000,163.0190,49
2026-08-04 21:13:05,PLTR,163.0100,163.0200,162.9400,162.9600,30800.0000,162.9940,65
2026-08-04 21:13:10,PLTR,162.9600,162.9600,162.9000,162.9200,16049.0000,162.9260,71
2026-08-04 21:13:15,PLTR,162.9100,162.9700,162.9100,162.9400,10822.0000,162.9470,50
2026-08-04 21:13:20,PLTR,162.9400,162.9800,162.9300,162.9400,13965.0000,162.9650,72
2026-08-04 21:13:25,PLTR,162.9500,163.0200,162.9300,163.0200,18290.0000,162.9740,92
2026-08-04 21:13:30,PLTR,163.0000,163.0200,162.9900,163.0000,4856.0000,162.9990,23
2026-08-04 21:13:35,PLTR,163.0100,163.0200,162.9700,162.9700,15022.0000,162.9980,55
2026-08-04 21:13:40,PLTR,163.0000,163.0200,162.9700,163.0100,10540.0000,162.9980,42
2026-08-04 21:13:45,PLTR,163.0200,163.1000,163.0100,163.0900,17198.0000,163.0500,84
2026-08-04 21:13:50,PLTR,163.0700,163.1000,163.0600,163.0600,11590.0000,163.0740,59
2026-08-04 21:13:55,PLTR,163.0700,163.0900,163.0400,163.0800,4077.0000,163.0690,28
2026-08-04 21:14:00,PLTR,163.0700,163.1500,163.0300,163.1100,16120.0000,163.0810,99
2026-08-04 21:14:05,PLTR,163.1100,163.1600,163.1000,163.1400,19452.0000,163.1310,84
2026-08-04 21:14:10,PLTR,163.1300,163.1300,163.0900,163.1100,10812.0000,163.1090,38
2026-08-04 21:14:15,PLTR,163.1300,163.1600,163.1200,163.1400,5669.0000,163.1340,28
2026-08-04 21:14:20,PLTR,163.1400,163.1500,163.0200,163.0800,19234.0000,163.0960,76
2026-08-04 21:14:25,PLTR,163.0800,163.0900,163.0500,163.0600,5624.0000,163.0750,34
2026-08-04 21:14:30,PLTR,163.0700,163.1300,163.0700,163.0900,9542.0000,163.0990,45
2026-08-04 21:14:35,PLTR,163.1000,163.1100,163.0500,163.0700,11242.0000,163.0800,38
2026-08-04 21:14:40,PLTR,163.0700,163.0700,162.9700,162.9900,17032.0000,163.0060,88
2026-08-04 21:14:45,PLTR,162.9700,162.9900,162.9500,162.9900,10298.0000,162.9680,64
2026-08-04 21:14:50,PLTR,162.9700,163.0000,162.9300,163.0000,13392.0000,162.9730,57
2026-08-04 21:14:55,PLTR,163.0000,163.0400,162.9900,163.0100,10504.0000,163.0030,43
2026-08-04 21:15:00,PLTR,163.0200,163.0300,163.0100,163.0200,6370.0000,163.0230,33
2026-08-04 21:15:05,PLTR,163.0300,163.0500,162.9800,162.9900,14002.0000,163.0160,66
2026-08-04 21:15:10,PLTR,163.0000,163.0400,162.9900,163.0400,3239.0000,163.0080,20
2026-08-04 21:15:15,PLTR,163.0400,163.0500,162.9600,162.9800,11978.0000,163.0170,51
2026-08-04 21:15:20,PLTR,162.9900,162.9900,162.9600,162.9800,3697.0000,162.9840,25
2026-08-04 21:15:25,PLTR,162.9900,162.9900,162.9400,162.9400,12219.0000,162.9660,63
2026-08-04 21:15:30,PLTR,162.9400,162.9700,162.8600,162.9000,21636.0000,162.9090,89
2026-08-04 21:15:35,PLTR,162.8900,162.9200,162.8900,162.9100,5696.0000,162.9020,41
2026-08-04 21:15:40,PLTR,162.9200,162.9200,162.9000,162.9000,7866.0000,162.9170,52
2026-08-04 21:15:45,PLTR,162.9200,162.9500,162.8900,162.9500,7656.0000,162.9070,55
2026-08-04 21:15:50,PLTR,162.9500,162.9800,162.9200,162.9800,14975.0000,162.9620,68
2026-08-04 21:15:55,PLTR,162.9700,162.9800,162.9300,162.9400,6908.0000,162.9520,45
2026-08-04 21:16:00,PLTR,162.9500,162.9600,162.9300,162.9400,2331.0000,162.9470,13
2026-08-04 21:16:05,PLTR,162.9400,162.9600,162.9100,162.9100,10561.0000,162.9360,67
2026-08-04 21:16:10,PLTR,162.9200,162.9600,162.9200,162.9400,8640.0000,162.9490,26
2026-08-04 21:16:15,PLTR,162.9400,162.9700,162.9200,162.9300,11498.0000,162.9420,45
2026-08-04 21:16:20,PLTR,162.9300,162.9600,162.9000,162.9200,8378.0000,162.9300,61
2026-08-04 21:16:25,PLTR,162.9200,162.9200,162.8000,162.8400,39882.0000,162.8310,173
2026-08-04 21:16:30,PLTR,162.8500,162.8900,162.8400,162.8900,6270.0000,162.8560,38
2026-08-04 21:16:35,PLTR,162.8800,162.9200,162.8800,162.9100,7907.0000,162.9110,26
2026-08-04 21:16:40,PLTR,162.9000,162.9700,162.9000,162.9000,17409.0000,162.9420,94
2026-08-04 21:16:45,PLTR,162.8900,162.9400,162.8900,162.9100,8104.0000,162.9230,37
2026-08-04 21:16:50,PLTR,162.9100,162.9300,162.9000,162.9300,4769.0000,162.9140,33
2026-08-04 21:16:55,PLTR,162.9100,162.9400,162.9100,162.9300,2806.0000,162.9330,20
2026-08-04 21:17:00,PLTR,162.9500,162.9800,162.9100,162.9200,19672.0000,162.9500,78
2026-08-04 21:17:05,PLTR,162.9200,162.9300,162.8200,162.8400,27197.0000,162.8860,59
2026-08-04 21:17:10,PLTR,162.8200,162.8900,162.8200,162.8300,21880.0000,162.8530,100
2026-08-04 21:17:15,PLTR,162.8300,162.8700,162.8300,162.8700,14716.0000,162.8520,36
2026-08-04 21:17:20,PLTR,162.8700,162.8700,162.8400,162.8500,5458.0000,162.8600,32
2026-08-04 21:17:25,PLTR,162.8500,162.8700,162.8400,162.8700,4055.0000,162.8520,25
2026-08-04 21:17:30,PLTR,162.8400,162.8500,162.7800,162.8200,16117.0000,162.8030,66
2026-08-04 21:17:35,PLTR,162.8100,162.8200,162.7600,162.8100,18004.0000,162.7970,84
2026-08-04 21:17:40,PLTR,162.8000,162.8300,162.7900,162.8200,10499.0000,162.8100,51
2026-08-04 21:17:45,PLTR,162.7900,162.8000,162.7600,162.7600,12797.0000,162.7840,30
2026-08-04 21:17:50,PLTR,162.7700,162.7800,162.7000,162.7200,18633.0000,162.7490,78
2026-08-04 21:17:55,PLTR,162.7200,162.7700,162.7100,162.7300,15194.0000,162.7310,72
2026-08-04 21:18:00,PLTR,162.7200,162.8200,162.7200,162.7400,12263.0000,162.7690,65
2026-08-04 21:18:05,PLTR,162.7300,162.7500,162.7200,162.7300,8653.0000,162.7310,56
2026-08-04 21:18:10,PLTR,162.7300,162.7400,162.6700,162.6700,18095.0000,162.7040,81
2026-08-04 21:18:15,PLTR,162.6800,162.7000,162.6300,162.6900,25415.0000,162.6550,101
2026-08-04 21:18:20,PLTR,162.6700,162.6700,162.5500,162.6000,24771.0000,162.5930,115
2026-08-04 21:18:25,PLTR,162.6000,162.6900,162.5900,162.6700,8491.0000,162.6240,43
2026-08-04 21:18:30,PLTR,162.6900,162.7600,162.6500,162.6600,24529.0000,162.7100,125
2026-08-04 21:18:35,PLTR,162.6600,162.7200,162.6400,162.7000,5044.0000,162.6830,23
2026-08-04 21:18:40,PLTR,162.7000,162.7500,162.6900,162.7300,12335.0000,162.7240,51
2026-08-04 21:18:45,PLTR,162.7400,162.7600,162.7100,162.7500,5911.0000,162.7340,39
2026-08-04 21:18:50,PLTR,162.7500,162.7600,162.6800,162.6800,5607.0000,162.7250,39
2026-08-04 21:18:55,PLTR,162.7000,162.7200,162.6700,162.6900,4770.0000,162.6980,35
2026-08-04 21:19:00,PLTR,162.6900,162.7000,162.6700,162.6900,3131.0000,162.6860,16
2026-08-04 21:19:05,PLTR,162.7000,162.7500,162.6700,162.7300,12875.0000,162.7060,71
2026-08-04 21:19:10,PLTR,162.7300,162.8000,162.7300,162.7900,21755.0000,162.7590,91
2026-08-04 21:19:15,PLTR,162.8000,162.8100,162.7700,162.8100,10020.0000,162.7900,47
2026-08-04 21:19:20,PLTR,162.8100,162.8200,162.7800,162.8100,9907.0000,162.8030,58
2026-08-04 21:19:25,PLTR,162.8100,162.8100,162.7500,162.7600,7698.0000,162.7750,53
2026-08-04 21:19:30,PLTR,162.7800,162.7800,162.7200,162.7600,13460.0000,162.7460,62
2026-08-04 21:19:35,PLTR,162.7800,162.8500,162.7400,162.7800,18255.0000,162.8040,72
2026-08-04 21:19:40,PLTR,162.7800,162.8000,162.7700,162.7900,2532.0000,162.7890,21
2026-08-04 21:19:45,PLTR,162.8100,162.8700,162.7700,162.7800,18727.0000,162.8210,98
2026-08-04 21:19:50,PLTR,162.7700,162.8100,162.7700,162.8100,13159.0000,162.7850,84
2026-08-04 21:19:55,PLTR,162.8200,162.8700,162.7700,162.7800,16551.0000,162.8280,87
2026-08-04 21:20:00,PLTR,162.8000,162.8300,162.7800,162.7900,7552.0000,162.8040,40
2026-08-04 21:20:05,PLTR,162.8200,162.8200,162.7600,162.7900,14387.0000,162.7940,83
2026-08-04 21:20:10,PLTR,162.7700,162.8300,162.7700,162.7900,15858.0000,162.8170,65
2026-08-04 21:20:15,PLTR,162.8000,162.8100,162.7800,162.7900,14573.0000,162.7880,60
2026-08-04 21:20:20,PLTR,162.8000,162.8300,162.8000,162.8100,3156.0000,162.8190,21
2026-08-04 21:20:25,PLTR,162.8100,162.8200,162.8000,162.8200,20309.0000,162.8130,65
2026-08-04 21:20:30,PLTR,162.8200,162.8400,162.8000,162.8100,5922.0000,162.8270,41
2026-08-04 21:20:35,PLTR,162.8100,162.8800,162.8000,162.8600,19202.0000,162.8480,81
2026-08-04 21:20:40,PLTR,162.8800,162.9100,162.8300,162.8400,19901.0000,162.8640,103
2026-08-04 21:20:45,PLTR,162.8500,162.8800,162.8200,162.8200,16094.0000,162.8480,58
2026-08-04 21:20:50,PLTR,162.8300,162.8400,162.8200,162.8200,7602.0000,162.8270,45
2026-08-04 21:20:55,PLTR,162.8200,162.8200,162.7900,162.8100,7710.0000,162.8080,42
2026-08-04 21:21:00,PLTR,162.8100,162.8100,162.6700,162.6700,25667.0000,162.7270,115
2026-08-04 21:21:05,PLTR,162.6800,162.7600,162.6800,162.7300,14151.0000,162.7250,84
2026-08-04 21:21:10,PLTR,162.7500,162.7800,162.7000,162.7200,6930.0000,162.7430,32
2026-08-04 21:21:15,PLTR,162.7200,162.7400,162.7000,162.7200,5671.0000,162.7180,34
2026-08-04 21:21:20,PLTR,162.7300,162.7600,162.7200,162.7600,3990.0000,162.7390,29
2026-08-04 21:21:25,PLTR,162.7600,162.7700,162.7000,162.7400,21637.0000,162.7240,53
2026-08-04 21:21:30,PLTR,162.7500,162.8300,162.7400,162.8000,17335.0000,162.8020,55
2026-08-04 21:21:35,PLTR,162.8000,162.8300,162.7600,162.7800,6369.0000,162.7880,33
2026-08-04 21:21:40,PLTR,162.7700,162.7900,162.6600,162.7500,25715.0000,162.7080,73
2026-08-04 21:21:45,PLTR,162.7500,162.8000,162.7400,162.7800,3724.0000,162.7700,25
2026-08-04 21:21:50,PLTR,162.7800,162.7900,162.7200,162.7300,10420.0000,162.7480,56
2026-08-04 21:21:55,PLTR,162.7300,162.7900,162.7200,162.7900,3661.0000,162.7520,17
2026-08-04 21:22:00,PLTR,162.7900,162.8400,162.7900,162.8200,11591.0000,162.8140,45
2026-08-04 21:22:05,PLTR,162.8200,162.8700,162.8100,162.8600,17647.0000,162.8450,56
2026-08-04 21:22:10,PLTR,162.8500,162.8600,162.8000,162.8200,7550.0000,162.8390,34
2026-08-04 21:22:15,PLTR,162.8200,162.9000,162.8000,162.8200,21276.0000,162.8570,141
2026-08-04 21:22:20,PLTR,162.8100,162.8200,162.7700,162.7900,11722.0000,162.8000,57
2026-08-04 21:22:25,PLTR,162.8200,162.8200,162.7800,162.7900,7825.0000,162.8010,42
2026-08-04 21:22:30,PLTR,162.7900,162.8100,162.7800,162.8000,4074.0000,162.7960,20
2026-08-04 21:22:35,PLTR,162.7900,162.9100,162.7900,162.8900,17626.0000,162.8650,85
2026-08-04 21:22:40,PLTR,162.8800,162.9500,162.8700,162.9400,19181.0000,162.9130,101
2026-08-04 21:22:45,PLTR,162.9400,162.9500,162.9100,162.9300,12477.0000,162.9360,44
2026-08-04 21:22:50,PLTR,162.9100,162.9500,162.9000,162.9100,18089.0000,162.9250,68
2026-08-04 21:22:55,PLTR,162.9100,162.9200,162.8100,162.8300,17667.0000,162.8680,84
2026-08-04 21:23:00,PLTR,162.8200,162.8800,162.8200,162.8200,6135.0000,162.8480,34
2026-08-04 21:23:05,PLTR,162.8300,162.8500,162.8100,162.8400,4953.0000,162.8320,20
2026-08-04 21:23:10,PLTR,162.8100,162.8700,162.8100,162.8300,6971.0000,162.8390,30
2026-08-04 21:23:15,PLTR,162.8300,162.8500,162.8000,162.8200,7151.0000,162.8260,47
2026-08-04 21:23:20,PLTR,162.8200,162.8300,162.8000,162.8100,7228.0000,162.8210,21
2026-08-04 21:23:25,PLTR,162.8100,162.8800,162.8100,162.8300,7808.0000,162.8400,58
2026-08-04 21:23:30,PLTR,162.8300,162.8600,162.8300,162.8400,7573.0000,162.8490,29
2026-08-04 21:23:35,PLTR,162.8600,162.8700,162.8300,162.8500,8052.0000,162.8490,32
2026-08-04 21:23:40,PLTR,162.8500,162.9000,162.8300,162.8900,6015.0000,162.8630,34
2026-08-04 21:23:45,PLTR,162.8800,162.9200,162.8800,162.9100,13703.0000,162.9010,71
2026-08-04 21:23:50,PLTR,162.9100,162.9200,162.8800,162.8900,16983.0000,162.9010,55
2026-08-04 21:23:55,PLTR,162.8800,162.9200,162.8600,162.8700,11090.0000,162.8890,61
2026-08-04 21:24:00,PLTR,162.8600,162.8800,162.8600,162.8800,5559.0000,162.8700,25
2026-08-04 21:24:05,PLTR,162.8700,162.9000,162.8500,162.8500,6724.0000,162.8740,41
2026-08-04 21:24:10,PLTR,162.8400,162.8600,162.8400,162.8500,4300.0000,162.8470,24
2026-08-04 21:24:15,PLTR,162.8500,162.8500,162.8300,162.8400,6042.0000,162.8430,41
2026-08-04 21:24:20,PLTR,162.8300,162.8500,162.7700,162.7800,7233.0000,162.8160,50
2026-08-04 21:24:25,PLTR,162.7600,162.8600,162.7600,162.8600,14657.0000,162.8010,61
2026-08-04 21:24:30,PLTR,162.8600,162.9200,162.8400,162.9000,10518.0000,162.8940,52
2026-08-04 21:24:35,PLTR,162.8900,162.8900,162.8400,162.8400,6442.0000,162.8660,40
2026-08-04 21:24:40,PLTR,162.8400,162.8500,162.8200,162.8200,6650.0000,162.8270,47
2026-08-04 21:24:45,PLTR,162.8200,162.8700,162.7900,162.8600,5540.0000,162.8420,37
2026-08-04 21:24:50,PLTR,162.8600,162.9100,162.8500,162.9100,6376.0000,162.8770,36
2026-08-04 21:24:55,PLTR,162.9100,162.9200,162.8900,162.8900,4039.0000,162.8970,20
2026-08-04 21:25:00,PLTR,162.8900,162.9100,162.8700,162.9000,6551.0000,162.8930,48
2026-08-04 21:25:05,PLTR,162.9100,162.9200,162.8700,162.8900,7428.0000,162.8930,46
2026-08-04 21:25:10,PLTR,162.9000,162.9000,162.8600,162.8800,2277.0000,162.8820,15
2026-08-04 21:25:15,PLTR,162.8600,162.8800,162.8100,162.8400,9286.0000,162.8390,48
2026-08-04 21:25:20,PLTR,162.8400,162.8600,162.8300,162.8600,3596.0000,162.8500,25
2026-08-04 21:25:25,PLTR,162.8400,162.8500,162.8300,162.8400,8264.0000,162.8450,52
2026-08-04 21:25:30,PLTR,162.8300,162.8400,162.7800,162.8000,8248.0000,162.8260,45
2026-08-04 21:25:35,PLTR,162.8100,162.8200,162.7700,162.8100,7537.0000,162.7900,31
2026-08-04 21:25:40,PLTR,162.8200,162.8200,162.8000,162.8000,2686.0000,162.8130,16
2026-08-04 21:25:45,PLTR,162.8100,162.8100,162.7600,162.7700,9462.0000,162.7770,58
2026-08-04 21:25:50,PLTR,162.7800,162.8300,162.7700,162.7800,20363.0000,162.8080,122
2026-08-04 21:25:55,PLTR,162.7900,162.7900,162.7700,162.7800,4866.0000,162.7830,35
2026-08-04 21:26:00,PLTR,162.7900,162.8300,162.7600,162.8200,16410.0000,162.8030,101
2026-08-04 21:26:05,PLTR,162.8200,162.8500,162.8100,162.8500,8571.0000,162.8300,34
2026-08-04 21:26:10,PLTR,162.8200,162.8600,162.8200,162.8400,5774.0000,162.8440,29
2026-08-04 21:26:15,PLTR,162.8300,162.8900,162.8300,162.8600,6997.0000,162.8540,49
2026-08-04 21:26:20,PLTR,162.8700,162.8800,162.8400,162.8600,8662.0000,162.8540,38
2026-08-04 21:26:25,PLTR,162.8700,162.8800,162.8600,162.8700,5733.0000,162.8730,32
2026-08-04 21:26:30,PLTR,162.8700,162.8800,162.6600,162.6700,40602.0000,162.7600,154
2026-08-04 21:26:35,PLTR,162.6900,162.7100,162.6600,162.7000,12934.0000,162.6770,68
2026-08-04 21:26:40,PLTR,162.7000,162.7600,162.6900,162.6900,16811.0000,162.7270,83
2026-08-04 21:26:45,PLTR,162.6900,162.7200,162.6700,162.7200,12042.0000,162.6980,36
2026-08-04 21:26:50,PLTR,162.7000,162.7000,162.6300,162.6600,6062.0000,162.6690,36
2026-08-04 21:26:55,PLTR,162.6600,162.7100,162.6400,162.6800,9728.0000,162.6870,49
2026-08-04 21:27:00,PLTR,162.7000,162.7200,162.6900,162.7200,15099.0000,162.7070,52
2026-08-04 21:27:05,PLTR,162.7200,162.7300,162.6900,162.7000,5079.0000,162.7060,27
2026-08-04 21:27:10,PLTR,162.7200,162.7300,162.7000,162.7200,4244.0000,162.7150,27
2026-08-04 21:27:15,PLTR,162.7300,162.7600,162.7000,162.7200,21491.0000,162.7460,77
2026-08-04 21:27:20,PLTR,162.7500,162.7500,162.6500,162.6500,13869.0000,162.7170,75
2026-08-04 21:27:25,PLTR,162.6600,162.6600,162.5300,162.5500,15181.0000,162.5880,85
2026-08-04 21:27:30,PLTR,162.5500,162.5900,162.5000,162.5600,25151.0000,162.5310,117
2026-08-04 21:27:35,PLTR,162.5500,162.5700,162.5100,162.5100,10075.0000,162.5430,47
2026-08-04 21:27:40,PLTR,162.5400,162.5700,162.4900,162.5100,12628.0000,162.5230,65
2026-08-04 21:27:45,PLTR,162.5200,162.6000,162.5000,162.5900,15958.0000,162.5700,58
2026-08-04 21:27:50,PLTR,162.6000,162.6100,162.5800,162.6000,5769.0000,162.5940,34
2026-08-04 21:27:55,PLTR,162.6000,162.6100,162.5500,162.6000,16647.0000,162.6000,72
2026-08-04 21:28:00,PLTR,162.5900,162.5900,162.5400,162.5400,3565.0000,162.5750,22
2026-08-04 21:28:05,PLTR,162.5400,162.5500,162.4500,162.4700,10146.0000,162.4840,63
2026-08-04 21:28:10,PLTR,162.4600,162.5500,162.4300,162.5100,12218.0000,162.4780,51
2026-08-04 21:28:15,PLTR,162.5300,162.5500,162.5200,162.5500,4539.0000,162.5370,27
2026-08-04 21:28:20,PLTR,162.5700,162.6400,162.5100,162.5100,19503.0000,162.5830,85
2026-08-04 21:28:25,PLTR,162.5000,162.5200,162.4700,162.4900,5337.0000,162.4980,36
2026-08-04 21:28:30,PLTR,162.4900,162.5100,162.4600,162.4700,9983.0000,162.4850,52
2026-08-04 21:28:35,PLTR,162.4500,162.4600,162.4100,162.4200,3252.0000,162.4380,24
2026-08-04 21:28:40,PLTR,162.4300,162.5200,162.4000,162.5100,24733.0000,162.4250,105
2026-08-04 21:28:45,PLTR,162.5100,162.5300,162.4800,162.5000,8413.0000,162.4970,34
2026-08-04 21:28:50,PLTR,162.4900,162.5200,162.4900,162.5100,4022.0000,162.5020,23
2026-08-04 21:28:55,PLTR,162.5200,162.5300,162.5100,162.5300,4707.0000,162.5190,20
2026-08-04 21:29:00,PLTR,162.5300,162.6200,162.5300,162.6200,15408.0000,162.5800,78
2026-08-04 21:29:05,PLTR,162.6100,162.7200,162.6000,162.7200,13313.0000,162.6590,74
2026-08-04 21:29:10,PLTR,162.7200,162.7700,162.6900,162.7400,20475.0000,162.7220,90
2026-08-04 21:29:15,PLTR,162.7300,162.7800,162.7200,162.7600,14264.0000,162.7530,95
2026-08-04 21:29:20,PLTR,162.7500,162.8800,162.7400,162.8700,27672.0000,162.8130,109
2026-08-04 21:29:25,PLTR,162.8700,162.9800,162.8600,162.9700,36347.0000,162.9200,127
2026-08-04 21:29:30,PLTR,162.9500,162.9900,162.9200,162.9500,36337.0000,162.9620,150
2026-08-04 21:29:35,PLTR,162.9700,162.9800,162.9300,162.9500,11993.0000,162.9500,51
2026-08-04 21:29:40,PLTR,162.9500,162.9900,162.8700,162.9100,32994.0000,162.9270,160
2026-08-04 21:29:45,PLTR,162.8900,163.0700,162.8800,163.0700,56019.0000,163.0040,217
2026-08-04 21:29:50,PLTR,163.0400,163.1000,163.0400,163.0600,26645.0000,163.0800,89
2026-08-04 21:29:55,PLTR,163.0800,163.1500,163.0600,163.1100,18436.0000,163.0980,98
2026-08-04 21:30:00,PLTR,163.1000,163.1100,162.9300,162.9800,45162.0000,163.0490,149
2026-08-04 21:30:05,PLTR,162.9400,163.0700,162.9400,162.9800,24401.0000,163.0240,122
2026-08-04 21:30:10,PLTR,163.0000,163.0300,162.9600,162.9600,19973.0000,163.0010,147
2026-08-04 21:30:15,PLTR,162.9500,162.9600,162.8900,162.9200,11883.0000,162.9140,63
2026-08-04 21:30:20,PLTR,162.9100,162.9300,162.8000,162.8000,9636.0000,162.8760,46
2026-08-04 21:30:25,PLTR,162.8200,162.8900,162.8100,162.8100,12056.0000,162.8480,61
2026-08-04 21:30:30,PLTR,162.8000,162.8500,162.8000,162.8200,7492.0000,162.8230,48
2026-08-04 21:30:35,PLTR,162.8300,162.8300,162.6900,162.6900,21573.0000,162.7430,64
2026-08-04 21:30:40,PLTR,162.6900,162.7300,162.6700,162.6800,14185.0000,162.6980,75
2026-08-04 21:30:45,PLTR,162.6900,162.8600,162.6300,162.8200,32062.0000,162.6910,181
2026-08-04 21:30:50,PLTR,162.8500,162.9300,162.8200,162.9100,13501.0000,162.8740,75
2026-08-04 21:30:55,PLTR,162.9000,162.9500,162.9000,162.9300,8587.0000,162.9270,47
2026-08-04 21:31:00,PLTR,162.9300,162.9300,162.8200,162.8300,8189.0000,162.8620,42
2026-08-04 21:31:05,PLTR,162.8500,162.8600,162.8200,162.8200,10246.0000,162.8330,21
2026-08-04 21:31:10,PLTR,162.8300,162.8700,162.8000,162.8200,11651.0000,162.8410,77
2026-08-04 21:31:15,PLTR,162.8100,162.8500,162.7600,162.7600,6437.0000,162.8070,48
2026-08-04 21:31:20,PLTR,162.7700,162.7900,162.7200,162.7800,6898.0000,162.7560,53
2026-08-04 21:31:25,PLTR,162.7600,162.7900,162.7200,162.7300,5582.0000,162.7530,31
2026-08-04 21:31:30,PLTR,162.7300,162.7600,162.7100,162.7200,8771.0000,162.7390,47
2026-08-04 21:31:35,PLTR,162.7200,162.7600,162.7000,162.7200,17619.0000,162.7280,100
2026-08-04 21:31:40,PLTR,162.7000,162.7500,162.7000,162.7400,6242.0000,162.7260,48
2026-08-04 21:31:45,PLTR,162.7500,162.8100,162.7400,162.7600,24654.0000,162.7700,88
2026-08-04 21:31:50,PLTR,162.7600,162.7900,162.7400,162.7700,11780.0000,162.7700,50
2026-08-04 21:31:55,PLTR,162.7700,162.8200,162.7300,162.8200,10253.0000,162.7650,55
2026-08-04 21:32:00,PLTR,162.8100,162.8500,162.7900,162.8400,9858.0000,162.8360,41
2026-08-04 21:32:05,PLTR,162.8300,162.8500,162.7800,162.8100,5423.0000,162.8070,41
2026-08-04 21:32:10,PLTR,162.7900,162.8400,162.7900,162.8300,4500.0000,162.8230,25
2026-08-04 21:32:15,PLTR,162.8300,162.8400,162.7800,162.8000,11479.0000,162.8030,64
2026-08-04 21:32:20,PLTR,162.8400,162.8400,162.8000,162.8300,2852.0000,162.8290,15
2026-08-04 21:32:25,PLTR,162.8100,162.8100,162.7800,162.8100,7658.0000,162.7990,43
2026-08-04 21:32:30,PLTR,162.8100,162.8300,162.7900,162.8000,6370.0000,162.8060,37
2026-08-04 21:32:35,PLTR,162.8000,162.8400,162.7900,162.8200,4969.0000,162.8150,40
2026-08-04 21:32:40,PLTR,162.8200,162.8300,162.7800,162.8200,5165.0000,162.8090,37
2026-08-04 21:32:45,PLTR,162.8200,162.8400,162.8100,162.8200,6799.0000,162.8260,38
2026-08-04 21:32:50,PLTR,162.8200,162.8600,162.8100,162.8300,11526.0000,162.8390,68
2026-08-04 21:32:55,PLTR,162.8400,162.9500,162.8300,162.9400,11513.0000,162.8900,74
2026-08-04 21:33:00,PLTR,162.9500,162.9800,162.9000,162.9300,10259.0000,162.9370,61
2026-08-04 21:33:05,PLTR,162.9300,162.9400,162.9100,162.9200,7720.0000,162.9280,54
2026-08-04 21:33:10,PLTR,162.9200,162.9400,162.9000,162.9000,6800.0000,162.9150,40
2026-08-04 21:33:15,PLTR,162.8800,162.9300,162.8700,162.9200,6410.0000,162.8990,45
2026-08-04 21:33:20,PLTR,162.9300,162.9600,162.8300,162.8800,15864.0000,162.8870,79
2026-08-04 21:33:25,PLTR,162.8600,162.9100,162.8600,162.8800,4612.0000,162.8860,26
2026-08-04 21:33:30,PLTR,162.9000,162.9900,162.8800,162.9400,3461.0000,162.9390,26
2026-08-04 21:33:35,PLTR,162.9600,162.9800,162.9300,162.9500,6913.0000,162.9500,53
2026-08-04 21:33:40,PLTR,162.9500,162.9600,162.9400,162.9500,6084.0000,162.9520,20
2026-08-04 21:33:45,PLTR,162.9600,162.9700,162.9000,162.9100,6767.0000,162.9340,48
2026-08-04 21:33:50,PLTR,162.8900,162.9200,162.8900,162.9200,8077.0000,162.9090,41
2026-08-04 21:33:55,PLTR,162.9200,162.9300,162.8700,162.9000,8673.0000,162.9000,55
2026-08-04 21:34:00,PLTR,162.8900,162.9100,162.8700,162.8800,3489.0000,162.8950,30
2026-08-04 21:34:05,PLTR,162.8800,162.9100,162.8700,162.9000,4786.0000,162.8940,29
2026-08-04 21:34:10,PLTR,162.9000,162.9000,162.8700,162.8800,19456.0000,162.8850,46
2026-08-04 21:34:15,PLTR,162.8800,162.9000,162.8700,162.8800,5888.0000,162.8850,40
2026-08-04 21:34:20,PLTR,162.8600,162.8800,162.7600,162.7600,16141.0000,162.8100,56
2026-08-04 21:34:25,PLTR,162.7800,162.8300,162.7600,162.8100,8398.0000,162.7820,47
2026-08-04 21:34:30,PLTR,162.8100,162.8200,162.6700,162.6800,14666.0000,162.7460,66
2026-08-04 21:34:35,PLTR,162.6900,162.8300,162.6700,162.7600,10248.0000,162.7330,54
2026-08-04 21:34:40,PLTR,162.7500,162.7700,162.7300,162.7600,4627.0000,162.7550,42
2026-08-04 21:34:45,PLTR,162.7500,162.7900,162.7400,162.7800,2689.0000,162.7730,23
2026-08-04 21:34:50,PLTR,162.7900,162.7900,162.7700,162.7700,5521.0000,162.7760,35
2026-08-04 21:34:55,PLTR,162.7600,162.8100,162.7500,162.8100,6891.0000,162.7810,42
2026-08-04 21:35:00,PLTR,162.8100,162.8500,162.8100,162.8200,4294.0000,162.8220,32
2026-08-04 21:35:05,PLTR,162.8200,162.8300,162.8000,162.8100,6043.0000,162.8180,48
2026-08-04 21:35:10,PLTR,162.8100,162.8200,162.7500,162.7800,8563.0000,162.7780,52
2026-08-04 21:35:15,PLTR,162.7700,162.8200,162.7700,162.8100,8460.0000,162.7880,60
2026-08-04 21:35:20,PLTR,162.8100,162.8900,162.8000,162.8500,12414.0000,162.8520,92
2026-08-04 21:35:25,PLTR,162.8600,162.9300,162.8600,162.8800,9274.0000,162.8920,51
2026-08-04 21:35:30,PLTR,162.9000,162.9300,162.8700,162.8900,11200.0000,162.9030,42
2026-08-04 21:35:35,PLTR,162.8800,162.8900,162.8300,162.8400,5569.0000,162.8590,34
2026-08-04 21:35:40,PLTR,162.8300,162.8400,162.8100,162.8200,3189.0000,162.8240,22
2026-08-04 21:35:45,PLTR,162.8100,162.8300,162.8000,162.8100,10522.0000,162.8130,69
2026-08-04 21:35:50,PLTR,162.8000,162.8200,162.7800,162.8000,20179.0000,162.7980,101
2026-08-04 21:35:55,PLTR,162.7800,162.8000,162.7000,162.7300,25534.0000,162.7440,68
2026-08-04 21:36:00,PLTR,162.7300,162.7700,162.7300,162.7700,8839.0000,162.7440,50
2026-08-04 21:36:05,PLTR,162.7600,162.8100,162.7400,162.8100,6544.0000,162.7620,34
2026-08-04 21:36:10,PLTR,162.8200,162.8600,162.8100,162.8100,9223.0000,162.8350,47
2026-08-04 21:36:15,PLTR,162.8100,162.8300,162.8100,162.8100,891.0000,162.8210,7
2026-08-04 21:36:20,PLTR,162.8100,162.8300,162.8000,162.8000,2430.0000,162.8140,12
2026-08-04 21:36:25,PLTR,162.8200,162.8400,162.7500,162.7700,8452.0000,162.8110,56
2026-08-04 21:36:30,PLTR,162.7600,162.8000,162.6200,162.6200,14732.0000,162.7220,91
2026-08-04 21:36:35,PLTR,162.6300,162.6400,162.6000,162.6200,6820.0000,162.6210,35
2026-08-04 21:36:40,PLTR,162.6100,162.6400,162.6100,162.6300,3409.0000,162.6220,18
2026-08-04 21:36:45,PLTR,162.6300,162.6300,162.5700,162.6000,11832.0000,162.6060,51
2026-08-04 21:36:50,PLTR,162.6000,162.6300,162.6000,162.6300,8525.0000,162.6180,48
2026-08-04 21:36:55,PLTR,162.6200,162.6700,162.6100,162.6100,15155.0000,162.6370,55
2026-08-04 21:37:00,PLTR,162.6400,162.6500,162.6200,162.6300,2172.0000,162.6350,16
2026-08-04 21:37:05,PLTR,162.6400,162.6600,162.5700,162.5800,7964.0000,162.6310,44
2026-08-04 21:37:10,PLTR,162.5900,162.6200,162.5800,162.5900,2911.0000,162.5990,23
2026-08-04 21:37:15,PLTR,162.6000,162.6100,162.5900,162.6000,2648.0000,162.5960,15
2026-08-04 21:37:20,PLTR,162.6000,162.6200,162.5600,162.5600,10291.0000,162.5880,60
2026-08-04 21:37:25,PLTR,162.5600,162.5700,162.5300,162.5600,5274.0000,162.5500,35
2026-08-04 21:37:30,PLTR,162.5500,162.5700,162.4800,162.4900,19500.0000,162.5080,73
2026-08-04 21:37:35,PLTR,162.5000,162.5900,162.4600,162.5900,21729.0000,162.5070,111
2026-08-04 21:37:40,PLTR,162.5900,162.7300,162.5900,162.6400,49118.0000,162.6530,235
2026-08-04 21:37:45,PLTR,162.6400,162.6500,162.5500,162.5600,8332.0000,162.5900,55
2026-08-04 21:37:50,PLTR,162.5800,162.5900,162.5500,162.5500,5030.0000,162.5700,29
2026-08-04 21:37:55,PLTR,162.5400,162.5900,162.5400,162.5800,1500.0000,162.5690,11
2026-08-04 21:38:00,PLTR,162.5800,162.5900,162.5500,162.5500,6483.0000,162.5720,30
2026-08-04 21:38:05,PLTR,162.5500,162.5500,162.5100,162.5200,7076.0000,162.5330,37
2026-08-04 21:38:10,PLTR,162.5100,162.5900,162.5100,162.5900,16599.0000,162.5540,73
2026-08-04 21:38:15,PLTR,162.5900,162.6000,162.5500,162.5800,6755.0000,162.5840,32
2026-08-04 21:38:20,PLTR,162.5700,162.6000,162.5600,162.5800,5920.0000,162.5810,31
2026-08-04 21:38:25,PLTR,162.5800,162.6000,162.5700,162.5900,1625.0000,162.5840,12
2026-08-04 21:38:30,PLTR,162.5900,162.5900,162.5600,162.5600,9469.0000,162.5770,58
2026-08-04 21:38:35,PLTR,162.5700,162.5700,162.5000,162.5200,7299.0000,162.5290,40
2026-08-04 21:38:40,PLTR,162.5400,162.5700,162.5100,162.5700,13255.0000,162.5460,48
2026-08-04 21:38:45,PLTR,162.5700,162.5800,162.5600,162.5800,3560.0000,162.5710,21
2026-08-04 21:38:50,PLTR,162.5600,162.6000,162.5500,162.5900,10152.0000,162.5840,53
2026-08-04 21:38:55,PLTR,162.6000,162.6500,162.5900,162.5900,9111.0000,162.6150,58
2026-08-04 21:39:00,PLTR,162.6100,162.6400,162.6000,162.6200,5400.0000,162.6120,16
2026-08-04 21:39:05,PLTR,162.6400,162.6400,162.5700,162.6100,11043.0000,162.6060,67
2026-08-04 21:39:10,PLTR,162.6100,162.6300,162.5700,162.5800,5299.0000,162.5990,40
2026-08-04 21:39:15,PLTR,162.5600,162.5700,162.5200,162.5300,7708.0000,162.5580,38
2026-08-04 21:39:20,PLTR,162.5300,162.5300,162.4700,162.5000,26467.0000,162.4970,80
2026-08-04 21:39:25,PLTR,162.5000,162.5100,162.4700,162.4800,12156.0000,162.4900,67
2026-08-04 21:39:30,PLTR,162.4800,162.4900,162.4600,162.4900,19238.0000,162.4810,74
2026-08-04 21:39:35,PLTR,162.5000,162.5000,162.4800,162.4800,2193.0000,162.4950,8
2026-08-04 21:39:40,PLTR,162.4700,162.5400,162.4600,162.5400,15456.0000,162.5070,90
2026-08-04 21:39:45,PLTR,162.5300,162.5500,162.5200,162.5500,3882.0000,162.5360,31
2026-08-04 21:39:50,PLTR,162.5400,162.5700,162.5000,162.5400,8138.0000,162.5420,56
2026-08-04 21:39:55,PLTR,162.5400,162.6000,162.5400,162.5900,5797.0000,162.5650,38
2026-08-04 21:40:00,PLTR,162.5700,162.5800,162.5100,162.5100,9202.0000,162.5420,50
2026-08-04 21:40:05,PLTR,162.5100,162.5200,162.4700,162.4800,8186.0000,162.4950,50
2026-08-04 21:40:10,PLTR,162.4800,162.5200,162.4800,162.5100,4585.0000,162.5040,27
2026-08-04 21:40:15,PLTR,162.5100,162.5400,162.5000,162.5200,5033.0000,162.5210,43
2026-08-04 21:40:20,PLTR,162.5200,162.5200,162.4800,162.5000,3700.0000,162.4910,18
2026-08-04 21:40:25,PLTR,162.4900,162.5000,162.4600,162.5000,13653.0000,162.4850,55
2026-08-04 21:40:30,PLTR,162.5100,162.5400,162.5100,162.5300,7938.0000,162.5260,52
2026-08-04 21:40:35,PLTR,162.5200,162.6100,162.5200,162.5600,29246.0000,162.5690,85
2026-08-04 21:40:40,PLTR,162.5500,162.5700,162.5400,162.5700,2140.0000,162.5560,17
2026-08-04 21:40:45,PLTR,162.5700,162.6000,162.5700,162.5800,8343.0000,162.5890,48
2026-08-04 21:40:50,PLTR,162.5800,162.6500,162.5800,162.6300,15825.0000,162.6270,58
2026-08-04 21:40:55,PLTR,162.6400,162.6800,162.6200,162.6400,35252.0000,162.6470,60
2026-08-04 21:41:00,PLTR,162.6500,162.6900,162.6400,162.6900,5328.0000,162.6620,32
2026-08-04 21:41:05,PLTR,162.6800,162.7200,162.6700,162.7100,9063.0000,162.7020,51
2026-08-04 21:41:10,PLTR,162.7200,162.7400,162.6800,162.6800,26305.0000,162.7050,128
2026-08-04 21:41:15,PLTR,162.6900,162.6900,162.6600,162.6700,3310.0000,162.6760,24
2026-08-04 21:41:20,PLTR,162.6700,162.6700,162.6400,162.6600,7899.0000,162.6570,31
2026-08-04 21:41:25,PLTR,162.6500,162.7200,162.6200,162.7000,9593.0000,162.6790,54
2026-08-04 21:41:30,PLTR,162.7000,162.7200,162.6600,162.6600,5831.0000,162.6880,29
2026-08-04 21:41:35,PLTR,162.6500,162.7300,162.6500,162.7000,12797.0000,162.7030,71
2026-08-04 21:41:40,PLTR,162.7300,162.8300,162.7000,162.8100,32052.0000,162.7740,154
2026-08-04 21:41:45,PLTR,162.8100,162.9000,162.8100,162.8300,35882.0000,162.8620,136
2026-08-04 21:41:50,PLTR,162.8400,162.8900,162.8400,162.8800,8385.0000,162.8630,46
2026-08-04 21:41:55,PLTR,162.8700,162.9300,162.8700,162.9200,6994.0000,162.9120,49
2026-08-04 21:42:00,PLTR,162.9300,162.9900,162.8500,162.8800,26823.0000,162.9380,137
2026-08-04 21:42:05,PLTR,162.8700,162.8900,162.8200,162.8300,9865.0000,162.8600,41
2026-08-04 21:42:10,PLTR,162.8200,162.8500,162.7500,162.7600,6696.0000,162.8070,37
2026-08-04 21:42:15,PLTR,162.7600,162.7800,162.7400,162.7600,9483.0000,162.7600,55
2026-08-04 21:42:20,PLTR,162.7600,162.8700,162.7600,162.8100,37431.0000,162.8330,177
2026-08-04 21:42:25,PLTR,162.8100,162.8100,162.7500,162.7600,9273.0000,162.7710,56
2026-08-04 21:42:30,PLTR,162.7700,162.8000,162.7600,162.7900,3966.0000,162.7860,21
2026-08-04 21:42:35,PLTR,162.8000,162.8000,162.7500,162.7600,7500.0000,162.7650,39
2026-08-04 21:42:40,PLTR,162.7600,162.8000,162.7500,162.7500,6356.0000,162.7750,43
2026-08-04 21:42:45,PLTR,162.7500,162.7600,162.7400,162.7600,7595.0000,162.7490,39
2026-08-04 21:42:50,PLTR,162.7400,162.7600,162.6500,162.6800,10106.0000,162.7210,48
2026-08-04 21:42:55,PLTR,162.6900,162.7200,162.6900,162.7000,6221.0000,162.7030,24
2026-08-04 21:43:00,PLTR,162.7000,162.7200,162.7000,162.7100,5179.0000,162.7050,19
2026-08-04 21:43:05,PLTR,162.7100,162.7300,162.6900,162.7000,4503.0000,162.7100,29
2026-08-04 21:43:10,PLTR,162.6900,162.7000,162.6600,162.6600,1665.0000,162.6790,15
2026-08-04 21:43:15,PLTR,162.6600,162.7200,162.6500,162.7200,11756.0000,162.6960,63
2026-08-04 21:43:20,PLTR,162.7000,162.7100,162.6600,162.6600,5112.0000,162.6920,30
2026-08-04 21:43:25,PLTR,162.6300,162.6400,162.5200,162.5700,14595.0000,162.5680,61
2026-08-04 21:43:30,PLTR,162.5700,162.6100,162.5600,162.5900,14210.0000,162.5740,46
2026-08-04 21:43:35,PLTR,162.5800,162.6100,162.5800,162.6100,2482.0000,162.5960,16
2026-08-04 21:43:40,PLTR,162.6100,162.6300,162.5900,162.6000,5259.0000,162.6090,26
2026-08-04 21:43:45,PLTR,162.5900,162.6100,162.5700,162.6000,4584.0000,162.5840,33
2026-08-04 21:43:50,PLTR,162.5900,162.5900,162.5400,162.5600,6255.0000,162.5580,38
2026-08-04 21:43:55,PLTR,162.5600,162.6000,162.5600,162.5900,6165.0000,162.5800,34
2026-08-04 21:44:00,PLTR,162.5800,162.6400,162.5800,162.6300,12084.0000,162.6100,35
2026-08-04 21:44:05,PLTR,162.6500,162.6600,162.6300,162.6400,5753.0000,162.6410,24
2026-08-04 21:44:10,PLTR,162.6400,162.6500,162.6400,162.6500,3810.0000,162.6490,17
2026-08-04 21:44:15,PLTR,162.6600,162.6600,162.6200,162.6300,9848.0000,162.6480,47
2026-08-04 21:44:20,PLTR,162.6300,162.6400,162.5700,162.6300,8472.0000,162.6060,53
2026-08-04 21:44:25,PLTR,162.6300,162.6300,162.6000,162.6000,2658.0000,162.6170,21
2026-08-04 21:44:30,PLTR,162.6300,162.6400,162.6100,162.6100,3500.0000,162.6180,25
2026-08-04 21:44:35,PLTR,162.6100,162.6200,162.3700,162.5500,58944.0000,162.4980,281
2026-08-04 21:44:40,PLTR,162.5400,162.5600,162.5200,162.5300,10000.0000,162.5420,64
2026-08-04 21:44:45,PLTR,162.5400,162.5400,162.4500,162.5000,18735.0000,162.4900,70
2026-08-04 21:44:50,PLTR,162.4900,162.5200,162.4900,162.5100,13648.0000,162.5010,78
2026-08-04 21:44:55,PLTR,162.5200,162.5500,162.5000,162.5400,6509.0000,162.5260,35
2026-08-04 21:45:00,PLTR,162.5100,162.5800,162.5000,162.5700,15335.0000,162.5310,79
2026-08-04 21:45:05,PLTR,162.5600,162.6100,162.5400,162.5600,12668.0000,162.5650,86
2026-08-04 21:45:10,PLTR,162.5400,162.5900,162.5400,162.5500,5288.0000,162.5660,46
2026-08-04 21:45:15,PLTR,162.5500,162.6000,162.5400,162.5500,14476.0000,162.5680,97
2026-08-04 21:45:20,PLTR,162.5600,162.5900,162.5400,162.5700,8732.0000,162.5700,39
2026-08-04 21:45:25,PLTR,162.5700,162.6100,162.5600,162.5900,14324.0000,162.5840,98
2026-08-04 21:45:30,PLTR,162.5900,162.6500,162.5900,162.6400,16308.0000,162.6180,79
2026-08-04 21:45:35,PLTR,162.6500,162.7100,162.6400,162.7000,15857.0000,162.6680,81
2026-08-04 21:45:40,PLTR,162.7000,162.7500,162.7000,162.7400,11774.0000,162.7320,73
2026-08-04 21:45:45,PLTR,162.7400,162.7500,162.6200,162.6400,11527.0000,162.6990,79
2026-08-04 21:45:50,PLTR,162.6300,162.6500,162.6000,162.6100,14081.0000,162.6200,65
2026-08-04 21:45:55,PLTR,162.6200,162.7200,162.6200,162.6900,11588.0000,162.6720,95
2026-08-04 21:46:00,PLTR,162.6900,162.8300,162.6900,162.8200,19377.0000,162.7740,109
2026-08-04 21:46:05,PLTR,162.8200,162.8400,162.7700,162.7900,15143.0000,162.8030,107
2026-08-04 21:46:10,PLTR,162.8000,162.8300,162.6600,162.7800,68459.0000,162.7350,259
2026-08-04 21:46:15,PLTR,162.7800,162.8100,162.7800,162.8000,4846.0000,162.7960,38
2026-08-04 21:46:20,PLTR,162.7900,162.8000,162.7500,162.7500,9094.0000,162.7680,65
2026-08-04 21:46:25,PLTR,162.7500,162.7800,162.7400,162.7700,3926.0000,162.7660,28
2026-08-04 21:46:30,PLTR,162.7600,162.7700,162.7400,162.7500,9305.0000,162.7520,62
2026-08-04 21:46:35,PLTR,162.7400,162.7500,162.7100,162.7400,14619.0000,162.7320,66
2026-08-04 21:46:40,PLTR,162.7500,162.9000,162.7500,162.8800,37091.0000,162.8660,155
2026-08-04 21:46:45,PLTR,162.8600,162.8800,162.8000,162.8200,11123.0000,162.8530,72
2026-08-04 21:46:50,PLTR,162.8300,162.8400,162.8000,162.8400,6740.0000,162.8190,38
2026-08-04 21:46:55,PLTR,162.8500,162.9500,162.8400,162.9400,15726.0000,162.8990,95
2026-08-04 21:47:00,PLTR,162.9300,162.9800,162.9100,162.9400,20078.0000,162.9510,84
2026-08-04 21:47:05,PLTR,162.9600,163.1100,162.9500,163.0300,94782.0000,163.0350,408
2026-08-04 21:47:10,PLTR,163.0300,163.0700,163.0000,163.0200,17548.0000,163.0360,122
2026-08-04 21:47:15,PLTR,163.0400,163.0400,162.9900,163.0200,23226.0000,163.0190,116
2026-08-04 21:47:20,PLTR,163.0000,163.0500,162.9800,163.0000,15385.0000,163.0150,86
2026-08-04 21:47:25,PLTR,163.0000,163.0200,162.9600,162.9700,11197.0000,162.9840,72
2026-08-04 21:47:30,PLTR,162.9700,162.9800,162.9500,162.9500,4967.0000,162.9670,40
2026-08-04 21:47:35,PLTR,162.9700,163.0100,162.9600,162.9800,7546.0000,162.9890,56
2026-08-04 21:47:40,PLTR,162.9800,162.9900,162.9100,162.9200,13383.0000,162.9270,62
2026-08-04 21:47:45,PLTR,162.9300,162.9700,162.9300,162.9700,6649.0000,162.9550,48
2026-08-04 21:47:50,PLTR,162.9600,163.0100,162.9400,163.0000,4338.0000,162.9820,33
2026-08-04 21:47:55,PLTR,163.0100,163.0300,162.9800,163.0200,15742.0000,163.0020,79
2026-08-04 21:48:00,PLTR,163.0100,163.0300,162.9700,163.0300,8005.0000,162.9980,57
2026-08-04 21:48:05,PLTR,163.0200,163.1200,163.0200,163.1100,16340.0000,163.0730,83
2026-08-04 21:48:10,PLTR,163.0900,163.1100,163.0400,163.0600,21825.0000,163.0620,106
2026-08-04 21:48:15,PLTR,163.0400,163.0500,163.0200,163.0400,6437.0000,163.0370,54
2026-08-04 21:48:20,PLTR,163.0400,163.1000,163.0200,163.1000,7144.0000,163.0520,40
2026-08-04 21:48:25,PLTR,163.0900,163.1800,163.0700,163.1500,19511.0000,163.1120,85
2026-08-04 21:48:30,PLTR,163.1400,163.1500,163.1000,163.1000,7623.0000,163.1180,36
2026-08-04 21:48:35,PLTR,163.1000,163.2900,163.1000,163.2600,22035.0000,163.2000,108
2026-08-04 21:48:40,PLTR,163.2400,163.3000,163.2300,163.2300,19229.0000,163.2750,96
2026-08-04 21:48:45,PLTR,163.2200,163.2500,163.2200,163.2500,6939.0000,163.2340,37
2026-08-04 21:48:50,PLTR,163.2400,163.3300,163.2300,163.3300,13339.0000,163.2710,65
2026-08-04 21:48:55,PLTR,163.3000,163.3600,163.2900,163.3400,13409.0000,163.3360,67
2026-08-04 21:49:00,PLTR,163.3200,163.4200,163.3200,163.3900,12617.0000,163.3860,71
2026-08-04 21:49:05,PLTR,163.4100,163.4600,163.3900,163.4600,13528.0000,163.4150,79
2026-08-04 21:49:10,PLTR,163.4300,163.5900,163.4300,163.5400,69646.0000,163.5210,248
2026-08-04 21:49:15,PLTR,163.5600,163.5900,163.5200,163.5700,15124.0000,163.5570,72
2026-08-04 21:49:20,PLTR,163.5700,163.6200,163.5300,163.5600,29819.0000,163.5660,169
2026-08-04 21:49:25,PLTR,163.5800,163.5800,163.3000,163.3500,25402.0000,163.4210,111
2026-08-04 21:49:30,PLTR,163.3500,163.3700,163.3200,163.3400,7700.0000,163.3370,41
2026-08-04 21:49:35,PLTR,163.3400,163.3600,163.3100,163.3100,9139.0000,163.3380,56
2026-08-04 21:49:40,PLTR,163.3200,163.3700,163.3100,163.3300,8081.0000,163.3340,53
2026-08-04 21:49:45,PLTR,163.3300,163.3500,163.2200,163.2700,34313.0000,163.2790,142
2026-08-04 21:49:50,PLTR,163.2700,163.3000,163.2500,163.2800,9356.0000,163.2750,63
2026-08-04 21:49:55,PLTR,163.2800,163.3100,163.2600,163.3100,10153.0000,163.2960,31
2026-08-04 21:50:00,PLTR,163.2900,163.3700,163.2900,163.3600,9006.0000,163.3220,50
2026-08-04 21:50:05,PLTR,163.3500,163.4100,163.3100,163.3400,18505.0000,163.3580,77
2026-08-04 21:50:10,PLTR,163.3400,163.3600,163.3300,163.3400,5504.0000,163.3420,29
2026-08-04 21:50:15,PLTR,163.3600,163.3600,163.3000,163.3100,17278.0000,163.3250,78
2026-08-04 21:50:20,PLTR,163.3100,163.3500,163.3000,163.3200,10546.0000,163.3250,57
2026-08-04 21:50:25,PLTR,163.3000,163.3400,163.2500,163.2900,8662.0000,163.3070,47
2026-08-04 21:50:30,PLTR,163.3100,163.3100,163.2600,163.2800,3950.0000,163.2790,22
2026-08-04 21:50:35,PLTR,163.2800,163.2900,163.2700,163.2700,3111.0000,163.2760,25
2026-08-04 21:50:40,PLTR,163.2900,163.3000,163.1500,163.1700,13383.0000,163.2560,79
2026-08-04 21:50:45,PLTR,163.1900,163.2600,163.1700,163.2200,14903.0000,163.2240,81
2026-08-04 21:50:50,PLTR,163.2400,163.2500,163.2100,163.2400,10917.0000,163.2350,50
2026-08-04 21:50:55,PLTR,163.2400,163.2600,163.2300,163.2500,13847.0000,163.2500,79
2026-08-04 21:51:00,PLTR,163.2400,163.2500,163.2100,163.2300,4674.0000,163.2400,33
2026-08-04 21:51:05,PLTR,163.2200,163.2400,163.1800,163.2100,18754.0000,163.2190,85
2026-08-04 21:51:10,PLTR,163.1900,163.2600,163.1900,163.2200,10620.0000,163.2290,56
2026-08-04 21:51:15,PLTR,163.2300,163.2500,163.2200,163.2400,4420.0000,163.2340,23
2026-08-04 21:51:20,PLTR,163.2500,163.2800,163.2400,163.2400,13791.0000,163.2560,76
2026-08-04 21:51:25,PLTR,163.2400,163.2400,163.1000,163.1400,9141.0000,163.1580,57
2026-08-04 21:51:30,PLTR,163.1300,163.1500,163.0800,163.1500,10544.0000,163.1300,48
2026-08-04 21:51:35,PLTR,163.1600,163.2200,163.1600,163.2000,14273.0000,163.1800,73
2026-08-04 21:51:40,PLTR,163.1900,163.2100,163.1600,163.1900,7281.0000,163.1970,35
2026-08-04 21:51:45,PLTR,163.1700,163.2400,163.1700,163.1900,9122.0000,163.2150,51
2026-08-04 21:51:50,PLTR,163.1900,163.2100,163.1700,163.2000,10009.0000,163.1960,61
2026-08-04 21:51:55,PLTR,163.1900,163.2200,163.0900,163.1300,25445.0000,163.1830,145
2026-08-04 21:52:00,PLTR,163.1200,163.1300,162.9500,163.0400,21438.0000,163.0360,131
2026-08-04 21:52:05,PLTR,163.0400,163.0800,163.0200,163.0700,12908.0000,163.0440,53
2026-08-04 21:52:10,PLTR,163.0600,163.0800,163.0300,163.0700,3315.0000,163.0550,18
2026-08-04 21:52:15,PLTR,163.0500,163.1300,163.0500,163.0800,16280.0000,163.0930,65
2026-08-04 21:52:20,PLTR,163.0900,163.1200,163.0800,163.0800,7536.0000,163.0990,42
2026-08-04 21:52:25,PLTR,163.0700,163.1700,163.0600,163.1400,19291.0000,163.0970,65
2026-08-04 21:52:30,PLTR,163.1300,163.1600,163.0000,163.0100,22260.0000,163.1180,102
2026-08-04 21:52:35,PLTR,163.0300,163.0500,162.9900,163.0100,6395.0000,163.0210,34
2026-08-04 21:52:40,PLTR,163.0100,163.0200,162.9100,162.9200,18438.0000,162.9840,71
2026-08-04 21:52:45,PLTR,162.9200,163.0100,162.9100,163.0000,12328.0000,162.9440,92
2026-08-04 21:52:50,PLTR,163.0000,163.0000,162.9500,162.9700,5516.0000,162.9780,38
2026-08-04 21:52:55,PLTR,162.9800,163.0000,162.9700,162.9800,5309.0000,162.9880,38
2026-08-04 21:53:00,PLTR,162.9800,163.0300,162.9700,162.9700,29021.0000,163.0000,127
2026-08-04 21:53:05,PLTR,162.9700,163.0000,162.9500,162.9800,8483.0000,162.9750,56
2026-08-04 21:53:10,PLTR,162.9800,162.9900,162.8600,162.8600,6255.0000,162.9510,43
2026-08-04 21:53:15,PLTR,162.8500,162.9300,162.8400,162.8700,15396.0000,162.8850,85
2026-08-04 21:53:20,PLTR,162.8700,162.8800,162.8300,162.8400,8875.0000,162.8550,42
2026-08-04 21:53:25,PLTR,162.8400,162.8700,162.8300,162.8600,9981.0000,162.8490,51
2026-08-04 21:53:30,PLTR,162.8600,162.9000,162.8500,162.9000,24595.0000,162.8700,69
2026-08-04 21:53:35,PLTR,162.9200,162.9300,162.8800,162.9100,3846.0000,162.9070,24
2026-08-04 21:53:40,PLTR,162.9100,162.9200,162.9000,162.9100,3190.0000,162.9120,28
2026-08-04 21:53:45,PLTR,162.9000,162.9100,162.8900,162.8900,5270.0000,162.9000,39
2026-08-04 21:53:50,PLTR,162.9000,163.0000,162.9000,162.9800,8787.0000,162.9470,54
2026-08-04 21:53:55,PLTR,162.9800,162.9900,162.9400,162.9500,10117.0000,162.9650,74
2026-08-04 21:54:00,PLTR,162.9500,163.0000,162.9400,162.9700,8858.0000,162.9810,46
2026-08-04 21:54:05,PLTR,162.9900,163.1300,162.9800,163.1000,19186.0000,163.0740,81
2026-08-04 21:54:10,PLTR,163.1000,163.1800,163.1000,163.1800,6015.0000,163.1430,27
2026-08-04 21:54:15,PLTR,163.1600,163.1800,163.1000,163.1100,13048.0000,163.1410,68
2026-08-04 21:54:20,PLTR,163.1400,163.1800,163.1200,163.1800,10105.0000,163.1510,49
2026-08-04 21:54:25,PLTR,163.1900,163.2400,163.1600,163.1900,12403.0000,163.2000,52
2026-08-04 21:54:30,PLTR,163.2000,163.2200,163.1800,163.1900,7090.0000,163.2020,37
2026-08-04 21:54:35,PLTR,163.2200,163.2500,163.1500,163.1700,24780.0000,163.2000,80
2026-08-04 21:54:40,PLTR,163.1800,163.2000,163.1600,163.1700,9520.0000,163.1810,37
2026-08-04 21:54:45,PLTR,163.1800,163.2100,163.1700,163.2000,6192.0000,163.1870,29
2026-08-04 21:54:50,PLTR,163.1800,163.2300,163.1500,163.2300,9078.0000,163.1830,56
2026-08-04 21:54:55,PLTR,163.2300,163.2400,163.1900,163.2200,10061.0000,163.2080,45
2026-08-04 21:55:00,PLTR,163.2200,163.2300,163.1800,163.2000,6919.0000,163.1990,42
2026-08-04 21:55:05,PLTR,163.2000,163.2100,163.1800,163.1800,6116.0000,163.1970,40
2026-08-04 21:55:10,PLTR,163.2000,163.2600,163.2000,163.2200,11620.0000,163.2300,65
2026-08-04 21:55:15,PLTR,163.2200,163.2300,163.1900,163.2100,13881.0000,163.2100,68
2026-08-04 21:55:20,PLTR,163.2100,163.2100,163.1500,163.1500,16226.0000,163.1750,71
2026-08-04 21:55:25,PLTR,163.1600,163.2100,163.1500,163.1600,11884.0000,163.1810,61
2026-08-04 21:55:30,PLTR,163.1500,163.1600,163.1000,163.1300,12996.0000,163.1260,66
2026-08-04 21:55:35,PLTR,163.1000,163.1400,163.1000,163.1300,3851.0000,163.1250,24
2026-08-04 21:55:40,PLTR,163.1300,163.1500,163.1100,163.1100,5059.0000,163.1310,17
2026-08-04 21:55:45,PLTR,163.1300,163.2200,163.1200,163.2100,9144.0000,163.1670,66
2026-08-04 21:55:50,PLTR,163.2200,163.2600,163.2000,163.2500,8874.0000,163.2300,56
2026-08-04 21:55:55,PLTR,163.2400,163.3100,163.2100,163.3000,24298.0000,163.2580,133
2026-08-04 21:56:00,PLTR,163.3000,163.3900,163.3000,163.3700,23955.0000,163.3330,103
2026-08-04 21:56:05,PLTR,163.3800,163.4500,163.3800,163.4500,20222.0000,163.4130,70
2026-08-04 21:56:10,PLTR,163.4500,163.4500,163.3500,163.3600,19213.0000,163.4080,99
2026-08-04 21:56:15,PLTR,163.3500,163.4000,163.3400,163.3900,6042.0000,163.3610,33
2026-08-04 21:56:20,PLTR,163.3900,163.4000,163.3700,163.3800,9620.0000,163.3870,45
2026-08-04 21:56:25,PLTR,163.3900,163.4100,163.3700,163.4000,7893.0000,163.3960,61
2026-08-04 21:56:30,PLTR,163.4000,163.4500,163.3800,163.4400,17001.0000,163.4170,61
2026-08-04 21:56:35,PLTR,163.4300,163.4800,163.4300,163.4400,12599.0000,163.4510,68
2026-08-04 21:56:40,PLTR,163.4400,163.4900,163.4400,163.4800,5664.0000,163.4660,33
2026-08-04 21:56:45,PLTR,163.4800,163.5000,163.4400,163.4700,18214.0000,163.4810,92
2026-08-04 21:56:50,PLTR,163.4700,163.4900,163.4600,163.4900,6730.0000,163.4790,36
2026-08-04 21:56:55,PLTR,163.4800,163.5300,163.4800,163.5100,37795.0000,163.5070,137
2026-08-04 21:57:00,PLTR,163.5100,163.5300,163.4700,163.5100,16292.0000,163.4940,80
2026-08-04 21:57:05,PLTR,163.5000,163.5100,163.4700,163.4700,10533.0000,163.4820,80
2026-08-04 21:57:10,PLTR,163.4600,163.4900,163.4300,163.4500,13372.0000,163.4620,64
2026-08-04 21:57:15,PLTR,163.4600,163.4800,163.3600,163.3900,13369.0000,163.4090,76
2026-08-04 21:57:20,PLTR,163.3900,163.4300,163.3200,163.3200,11305.0000,163.3730,69
2026-08-04 21:57:25,PLTR,163.3300,163.3400,163.3200,163.3300,4062.0000,163.3320,28
2026-08-04 21:57:30,PLTR,163.3200,163.3500,163.2700,163.2800,9012.0000,163.3000,48
2026-08-04 21:57:35,PLTR,163.2800,163.3000,163.2700,163.2900,8736.0000,163.2800,43
2026-08-04 21:57:40,PLTR,163.2900,163.3000,163.2500,163.2700,4066.0000,163.2770,20
2026-08-04 21:57:45,PLTR,163.2700,163.2700,163.2500,163.2500,3654.0000,163.2650,23
2026-08-04 21:57:50,PLTR,163.2500,163.3100,163.2500,163.3100,5264.0000,163.2820,36
2026-08-04 21:57:55,PLTR,163.3100,163.3200,163.2500,163.2500,13802.0000,163.2770,42
2026-08-04 21:58:00,PLTR,163.2500,163.2900,163.2500,163.2700,9318.0000,163.2640,49
2026-08-04 21:58:05,PLTR,163.2600,163.2800,163.1400,163.1500,27882.0000,163.2190,105
2026-08-04 21:58:10,PLTR,163.1400,163.2400,163.1300,163.2200,17719.0000,163.1630,69
2026-08-04 21:58:15,PLTR,163.2200,163.2200,163.1900,163.2200,2800.0000,163.2120,18
2026-08-04 21:58:20,PLTR,163.2200,163.2200,163.1700,163.1700,2627.0000,163.1990,21
2026-08-04 21:58:25,PLTR,163.1700,163.1900,163.1400,163.1900,10226.0000,163.1610,49
2026-08-04 21:58:30,PLTR,163.2000,163.2000,163.1500,163.1700,5013.0000,163.1860,38
2026-08-04 21:58:35,PLTR,163.1700,163.1900,163.1400,163.1400,14720.0000,163.1650,49
2026-08-04 21:58:40,PLTR,163.1700,163.2000,163.1500,163.1600,12816.0000,163.1700,56
2026-08-04 21:58:45,PLTR,163.1600,163.1800,163.1500,163.1500,7795.0000,163.1590,25
2026-08-04 21:58:50,PLTR,163.1600,163.1600,163.0900,163.1000,7526.0000,163.1190,52
2026-08-04 21:58:55,PLTR,163.1000,163.1400,163.0900,163.1300,7056.0000,163.1170,31
2026-08-04 21:59:00,PLTR,163.1400,163.1600,163.1100,163.1300,5128.0000,163.1360,40
2026-08-04 21:59:05,PLTR,163.1300,163.2100,163.1300,163.1400,8881.0000,163.1880,46
2026-08-04 21:59:10,PLTR,163.1300,163.1400,163.0700,163.0800,5095.0000,163.1060,32
2026-08-04 21:59:15,PLTR,163.0700,163.0700,163.0100,163.0600,10634.0000,163.0450,53
2026-08-04 21:59:20,PLTR,163.0600,163.0600,163.0000,163.0200,7468.0000,163.0140,42
2026-08-04 21:59:25,PLTR,163.0200,163.0300,162.9900,163.0000,9294.0000,163.0160,33
2026-08-04 21:59:30,PLTR,163.0000,163.1100,162.9900,163.0900,5729.0000,163.0630,31
2026-08-04 21:59:35,PLTR,163.0900,163.1100,163.0700,163.0800,9010.0000,163.0920,23
2026-08-04 21:59:40,PLTR,163.0800,163.1000,163.0800,163.0800,4277.0000,163.0900,18
2026-08-04 21:59:45,PLTR,163.1000,163.1100,163.0500,163.0500,21872.0000,163.0840,106
2026-08-04 21:59:50,PLTR,163.0000,163.0500,162.8600,162.9100,15363.0000,162.9240,83
2026-08-04 21:59:55,PLTR,162.8800,162.9400,162.8500,162.8700,10037.0000,162.8910,50
2026-08-04 22:00:00,PLTR,162.8900,162.9400,162.8600,162.9400,12013.0000,162.9140,50
2026-08-04 22:00:05,PLTR,162.9700,163.0000,162.8800,162.8900,10748.0000,162.9620,40
2026-08-04 22:00:10,PLTR,162.8700,162.8900,162.8000,162.8300,8545.0000,162.8470,60
2026-08-04 22:00:15,PLTR,162.8600,162.8900,162.8000,162.8100,8168.0000,162.8420,51
2026-08-04 22:00:20,PLTR,162.8100,162.8900,162.7000,162.7200,25974.0000,162.7900,141
2026-08-04 22:00:25,PLTR,162.7500,162.8400,162.7100,162.8200,8059.0000,162.7940,42
2026-08-04 22:00:30,PLTR,162.8300,162.8500,162.7800,162.8100,7127.0000,162.8150,39
2026-08-04 22:00:35,PLTR,162.8200,162.8300,162.8000,162.8200,7030.0000,162.8190,55
2026-08-04 22:00:40,PLTR,162.8300,162.9700,162.8300,162.9500,8500.0000,162.8910,62
2026-08-04 22:00:45,PLTR,162.9700,162.9900,162.9400,162.9800,13535.0000,162.9670,46
2026-08-04 22:00:50,PLTR,162.9700,163.0300,162.9700,163.0300,16319.0000,162.9980,42
2026-08-04 22:00:55,PLTR,163.0200,163.0200,162.9300,162.9300,11697.0000,162.9670,52
2026-08-04 22:01:00,PLTR,162.9400,163.0000,162.9400,162.9600,7502.0000,162.9670,30
2026-08-04 22:01:05,PLTR,162.9700,162.9800,162.8700,162.9000,7243.0000,162.9270,37
2026-08-04 22:01:10,PLTR,162.8900,162.9200,162.8700,162.9000,11635.0000,162.8990,74
2026-08-04 22:01:15,PLTR,162.9100,162.9600,162.9000,162.9400,4988.0000,162.9190,39
2026-08-04 22:01:20,PLTR,162.9300,163.0400,162.9300,163.0200,9370.0000,163.0060,55
2026-08-04 22:01:25,PLTR,163.0200,163.0300,162.8600,162.9600,30757.0000,162.9700,122
2026-08-04 22:01:30,PLTR,162.9800,163.0300,162.9400,162.9600,8003.0000,162.9770,54
2026-08-04 22:01:35,PLTR,162.9500,163.0000,162.9200,162.9900,8217.0000,162.9670,46
2026-08-04 22:01:40,PLTR,163.0000,163.1000,163.0000,163.0800,20511.0000,163.0510,97
2026-08-04 22:01:45,PLTR,163.0300,163.0600,162.9500,162.9500,11509.0000,163.0110,57
2026-08-04 22:01:50,PLTR,162.9800,163.0400,162.9700,163.0400,4865.0000,163.0040,31
2026-08-04 22:01:55,PLTR,163.0400,163.0600,162.9700,163.0200,23723.0000,163.0290,63
2026-08-04 22:02:00,PLTR,163.0000,163.0400,163.0000,163.0200,11521.0000,163.0140,58
2026-08-04 22:02:05,PLTR,163.0000,163.0100,162.9400,162.9400,13414.0000,162.9810,79
2026-08-04 22:02:10,PLTR,162.9500,162.9700,162.9000,162.9400,19610.0000,162.9310,53
2026-08-04 22:02:15,PLTR,162.9300,162.9600,162.9100,162.9400,1772.0000,162.9340,15
2026-08-04 22:02:20,PLTR,162.9400,163.0000,162.9100,163.0000,11607.0000,162.9550,69
2026-08-04 22:02:25,PLTR,162.9800,163.0300,162.9800,163.0000,6621.0000,163.0080,28
2026-08-04 22:02:30,PLTR,162.9900,162.9900,162.9600,162.9800,5721.0000,162.9790,31
2026-08-04 22:02:35,PLTR,162.9700,162.9800,162.9200,162.9200,5373.0000,162.9500,28
2026-08-04 22:02:40,PLTR,162.9200,162.9800,162.9200,162.9700,4570.0000,162.9590,31
2026-08-04 22:02:45,PLTR,162.9500,162.9700,162.9300,162.9600,5412.0000,162.9530,28
2026-08-04 22:02:50,PLTR,162.9400,163.0200,162.9400,163.0100,17564.0000,162.9710,50
2026-08-04 22:02:55,PLTR,163.0100,163.0300,162.9700,162.9900,6204.0000,163.0020,43
2026-08-04 22:03:00,PLTR,163.0200,163.0400,163.0000,163.0100,9967.0000,163.0190,42
2026-08-04 22:03:05,PLTR,163.0100,163.0400,163.0000,163.0200,6773.0000,163.0230,44
2026-08-04 22:03:10,PLTR,163.0400,163.0500,162.9600,162.9700,7238.0000,163.0180,39
2026-08-04 22:03:15,PLTR,162.9500,162.9800,162.9400,162.9800,5079.0000,162.9610,32
2026-08-04 22:03:20,PLTR,162.9700,162.9900,162.9500,162.9500,4765.0000,162.9790,29
2026-08-04 22:03:25,PLTR,162.9500,162.9700,162.9400,162.9400,2854.0000,162.9510,20
2026-08-04 22:03:30,PLTR,162.9500,162.9900,162.9400,162.9600,3946.0000,162.9620,27
2026-08-04 22:03:35,PLTR,162.9800,162.9800,162.8300,162.8800,18435.0000,162.8900,80
2026-08-04 22:03:40,PLTR,162.8800,162.9100,162.8600,162.9100,9958.0000,162.8810,33
2026-08-04 22:03:45,PLTR,162.9200,162.9600,162.8600,162.8600,12818.0000,162.9170,35
2026-08-04 22:03:50,PLTR,162.8800,162.9700,162.8500,162.9600,19693.0000,162.8820,54
2026-08-04 22:03:55,PLTR,162.9600,163.0200,162.9500,162.9700,9841.0000,162.9850,50
2026-08-04 22:04:00,PLTR,162.9700,163.0000,162.9600,163.0000,6938.0000,162.9850,42
2026-08-04 22:04:05,PLTR,163.0000,163.0300,163.0000,163.0200,3450.0000,163.0200,17
2026-08-04 22:04:10,PLTR,163.0200,163.0500,163.0100,163.0400,9485.0000,163.0320,53
2026-08-04 22:04:15,PLTR,163.0400,163.0500,162.9400,162.9500,11653.0000,163.0240,58
2026-08-04 22:04:20,PLTR,162.9500,162.9900,162.9400,162.9700,3864.0000,162.9670,31
2026-08-04 22:04:25,PLTR,162.9500,163.0400,162.9500,163.0100,24564.0000,162.9800,53
2026-08-04 22:04:30,PLTR,163.0100,163.1000,162.9900,163.1000,9400.0000,163.0360,66
2026-08-04 22:04:35,PLTR,163.0600,163.1000,163.0400,163.1000,14178.0000,163.0830,51
2026-08-04 22:04:40,PLTR,163.0900,163.0900,163.0000,163.0000,8983.0000,163.0410,61
2026-08-04 22:04:45,PLTR,162.9900,162.9900,162.9500,162.9800,5271.0000,162.9750,25
2026-08-04 22:04:50,PLTR,162.9700,162.9900,162.8900,162.8900,10619.0000,162.9330,71
2026-08-04 22:04:55,PLTR,162.9000,162.9300,162.8900,162.9200,15261.0000,162.8990,52
2026-08-04 22:05:00,PLTR,162.9300,162.9300,162.8800,162.9100,6078.0000,162.9050,44
2026-08-04 22:05:05,PLTR,162.9300,162.9700,162.9000,162.9700,5927.0000,162.9380,37
2026-08-04 22:05:10,PLTR,162.9700,163.0000,162.9600,162.9900,6041.0000,162.9810,23
2026-08-04 22:05:15,PLTR,162.9800,163.0500,162.9700,163.0400,11959.0000,163.0100,72
2026-08-04 22:05:20,PLTR,163.0300,163.1800,163.0300,163.1100,42843.0000,163.0800,199
2026-08-04 22:05:25,PLTR,163.1100,163.1800,163.1000,163.1500,22877.0000,163.1270,76
2026-08-04 22:05:30,PLTR,163.1600,163.2300,163.1500,163.2100,18266.0000,163.1910,118
2026-08-04 22:05:35,PLTR,163.2100,163.2400,163.1900,163.2000,27602.0000,163.2190,122
2026-08-04 22:05:40,PLTR,163.2300,163.2500,163.1800,163.2400,12771.0000,163.2200,63
2026-08-04 22:05:45,PLTR,163.2300,163.2500,163.1900,163.2300,23825.0000,163.2140,93
2026-08-04 22:05:50,PLTR,163.2300,163.2900,163.2100,163.2200,32766.0000,163.2460,173
2026-08-04 22:05:55,PLTR,163.2200,163.2600,163.2100,163.2500,7809.0000,163.2400,50
2026-08-04 22:06:00,PLTR,163.2500,163.2700,163.1500,163.1600,32060.0000,163.2090,115
2026-08-04 22:06:05,PLTR,163.1600,163.1700,163.1000,163.1000,20031.0000,163.1250,83
2026-08-04 22:06:10,PLTR,163.0700,163.0800,162.9700,163.0200,7870.0000,163.0230,37
2026-08-04 22:06:15,PLTR,162.9900,163.0100,162.9600,162.9700,18936.0000,162.9850,88
2026-08-04 22:06:20,PLTR,162.9700,162.9900,162.9000,162.9900,21687.0000,162.9600,103
2026-08-04 22:06:25,PLTR,162.9900,163.0200,162.9700,163.0000,20608.0000,162.9830,72
2026-08-04 22:06:30,PLTR,163.0200,163.0600,162.9900,163.0600,23908.0000,163.0350,114
2026-08-04 22:06:35,PLTR,163.0700,163.0800,163.0500,163.0700,7918.0000,163.0630,53
2026-08-04 22:06:40,PLTR,163.0600,163.0900,163.0600,163.0900,5360.0000,163.0840,27
2026-08-04 22:06:45,PLTR,163.1000,163.1300,163.0700,163.0900,8458.0000,163.1010,45
2026-08-04 22:06:50,PLTR,163.0800,163.1200,163.0800,163.1100,8556.0000,163.0970,56
2026-08-04 22:06:55,PLTR,163.1100,163.1700,163.1100,163.1300,9723.0000,163.1320,42
2026-08-04 22:07:00,PLTR,163.1200,163.1800,163.1200,163.1600,9420.0000,163.1570,47
2026-08-04 22:07:05,PLTR,163.1600,163.1900,163.1300,163.1800,10159.0000,163.1680,61
2026-08-04 22:07:10,PLTR,163.1700,163.1700,163.1300,163.1400,4405.0000,163.1460,26
2026-08-04 22:07:15,PLTR,163.1400,163.1500,163.0900,163.1000,8230.0000,163.1200,63
2026-08-04 22:07:20,PLTR,163.1000,163.1300,163.1000,163.1200,7274.0000,163.1100,45
2026-08-04 22:07:25,PLTR,163.1000,163.1200,163.1000,163.1100,8651.0000,163.1050,24
2026-08-04 22:07:30,PLTR,163.0900,163.1900,163.0800,163.1800,16800.0000,163.1290,87
2026-08-04 22:07:35,PLTR,163.1900,163.2100,163.1700,163.2000,6841.0000,163.1960,34
2026-08-04 22:07:40,PLTR,163.1700,163.2000,163.1100,163.1100,7867.0000,163.1680,41
2026-08-04 22:07:45,PLTR,163.0900,163.1500,163.0900,163.1500,7013.0000,163.1220,32
2026-08-04 22:07:50,PLTR,163.1500,163.1600,163.1200,163.1600,3405.0000,163.1380,29
2026-08-04 22:07:55,PLTR,163.1500,163.1600,163.1300,163.1500,3910.0000,163.1460,26
2026-08-04 22:08:00,PLTR,163.1400,163.1800,163.1000,163.1800,13748.0000,163.1300,80
2026-08-04 22:08:05,PLTR,163.1900,163.2300,163.1400,163.2000,10293.0000,163.2040,49
2026-08-04 22:08:10,PLTR,163.2000,163.2900,163.1900,163.2800,14196.0000,163.2420,57
2026-08-04 22:08:15,PLTR,163.2700,163.2900,163.2300,163.2400,10443.0000,163.2560,52
2026-08-04 22:08:20,PLTR,163.2400,163.3800,163.2200,163.3500,28085.0000,163.3290,108
2026-08-04 22:08:25,PLTR,163.3700,163.3900,163.3100,163.3200,16613.0000,163.3600,94
2026-08-04 22:08:30,PLTR,163.3100,163.6100,163.3100,163.5400,63319.0000,163.4810,327
2026-08-04 22:08:35,PLTR,163.5100,163.5700,163.4000,163.4100,38475.0000,163.5090,104
2026-08-04 22:08:40,PLTR,163.4400,163.4600,163.3800,163.4200,16747.0000,163.4130,49
2026-08-04 22:08:45,PLTR,163.4100,163.4600,163.4100,163.4500,7965.0000,163.4290,36
2026-08-04 22:08:50,PLTR,163.4400,163.4800,163.4200,163.4600,14218.0000,163.4450,83
2026-08-04 22:08:55,PLTR,163.4900,163.5600,163.4600,163.5000,9243.0000,163.5170,32
2026-08-04 22:09:00,PLTR,163.5500,163.5600,163.4700,163.4900,9444.0000,163.5180,47
2026-08-04 22:09:05,PLTR,163.5100,163.5700,163.4800,163.5700,13573.0000,163.5210,65
2026-08-04 22:09:10,PLTR,163.5600,163.5800,163.5100,163.5500,9484.0000,163.5290,36
2026-08-04 22:09:15,PLTR,163.5500,163.6000,163.5300,163.5800,14561.0000,163.5760,61
2026-08-04 22:09:20,PLTR,163.5800,163.6000,163.5300,163.5800,13950.0000,163.5580,78
2026-08-04 22:09:25,PLTR,163.5900,163.6000,163.5700,163.5900,7120.0000,163.5910,33
2026-08-04 22:09:30,PLTR,163.6000,163.6300,163.5400,163.6200,24018.0000,163.5990,125
2026-08-04 22:09:35,PLTR,163.6000,163.6800,163.6000,163.6700,20365.0000,163.6490,79
2026-08-04 22:09:40,PLTR,163.6700,163.6800,163.5500,163.6400,16911.0000,163.6050,89
2026-08-04 22:09:45,PLTR,163.6600,163.6700,163.6100,163.6400,9037.0000,163.6440,46
2026-08-04 22:09:50,PLTR,163.6400,163.6600,163.5500,163.5900,11535.0000,163.6040,68
2026-08-04 22:09:55,PLTR,163.5700,163.5900,163.4800,163.5200,24141.0000,163.5250,132
2026-08-04 22:10:00,PLTR,163.5100,163.5700,163.4500,163.5600,17751.0000,163.5110,64
2026-08-04 22:10:05,PLTR,163.5700,163.6300,163.5200,163.5600,11758.0000,163.5680,58
2026-08-04 22:10:10,PLTR,163.5500,163.5700,163.4900,163.5700,7928.0000,163.5180,54
2026-08-04 22:10:15,PLTR,163.5900,163.6400,163.5800,163.6300,6445.0000,163.6210,35
2026-08-04 22:10:20,PLTR,163.6300,163.6400,163.5500,163.5500,11994.0000,163.5940,55
2026-08-04 22:10:25,PLTR,163.5600,163.6100,163.5500,163.5900,5791.0000,163.5750,32
2026-08-04 22:10:30,PLTR,163.5800,163.5900,163.4700,163.5100,9459.0000,163.5480,44
2026-08-04 22:10:35,PLTR,163.5200,163.5200,163.4700,163.5000,7404.0000,163.4920,40
2026-08-04 22:10:40,PLTR,163.5000,163.5100,163.4700,163.4900,4912.0000,163.4920,29
2026-08-04 22:10:45,PLTR,163.4900,163.5000,163.4500,163.5000,12467.0000,163.4720,55
2026-08-04 22:10:50,PLTR,163.4900,163.5300,163.4900,163.5200,9161.0000,163.5120,45
2026-08-04 22:10:55,PLTR,163.5300,163.5800,163.5100,163.5700,5323.0000,163.5280,35
2026-08-04 22:11:00,PLTR,163.5600,163.5900,163.5600,163.5900,6377.0000,163.5740,43
2026-08-04 22:11:05,PLTR,163.5900,163.6000,163.5200,163.5200,29761.0000,163.5660,118
2026-08-04 22:11:10,PLTR,163.5300,163.5800,163.5300,163.5700,4988.0000,163.5430,41
2026-08-04 22:11:15,PLTR,163.5900,163.6000,163.5400,163.5900,3933.0000,163.5740,30
2026-08-04 22:11:20,PLTR,163.5900,163.5900,163.5200,163.5700,8923.0000,163.5510,66
2026-08-04 22:11:25,PLTR,163.5600,163.5900,163.5500,163.5800,4453.0000,163.5670,25
2026-08-04 22:11:30,PLTR,163.5900,163.6000,163.5600,163.5800,7215.0000,163.5880,40
2026-08-04 22:11:35,PLTR,163.5700,163.6200,163.5700,163.6200,9732.0000,163.6040,43
2026-08-04 22:11:40,PLTR,163.6200,163.6200,163.5800,163.5900,10443.0000,163.5990,55
2026-08-04 22:11:45,PLTR,163.5900,163.6000,163.5700,163.5700,7333.0000,163.5840,36
2026-08-04 22:11:50,PLTR,163.5800,163.6100,163.5800,163.5900,3418.0000,163.5930,27
2026-08-04 22:11:55,PLTR,163.6000,163.6100,163.5900,163.5900,3309.0000,163.6010,25
2026-08-04 22:12:00,PLTR,163.6100,163.6700,163.6100,163.6700,10489.0000,163.6430,49
2026-08-04 22:12:05,PLTR,163.6700,163.6800,163.6100,163.6700,20310.0000,163.6540,84
2026-08-04 22:12:10,PLTR,163.6600,163.6700,163.6100,163.6300,10757.0000,163.6380,56
2026-08-04 22:12:15,PLTR,163.6300,163.6600,163.6000,163.6500,7689.0000,163.6310,55
2026-08-04 22:12:20,PLTR,163.6600,163.6900,163.6400,163.6800,9940.0000,163.6720,44
2026-08-04 22:12:25,PLTR,163.6900,163.7000,163.6600,163.7000,19752.0000,163.6840,87
2026-08-04 22:12:30,PLTR,163.6900,163.6900,163.6100,163.6100,11220.0000,163.6440,71
2026-08-04 22:12:35,PLTR,163.6100,163.6300,163.5800,163.6300,5377.0000,163.6110,34
2026-08-04 22:12:40,PLTR,163.6300,163.6500,163.5900,163.6100,8708.0000,163.6230,54
2026-08-04 22:12:45,PLTR,163.6200,163.6400,163.5900,163.6200,4798.0000,163.6150,31
2026-08-04 22:12:50,PLTR,163.6200,163.6400,163.5700,163.6300,9274.0000,163.5960,45
2026-08-04 22:12:55,PLTR,163.6200,163.6200,163.5700,163.5800,6233.0000,163.5920,37
2026-08-04 22:13:00,PLTR,163.6000,163.6100,163.5400,163.5900,16211.0000,163.5820,94
2026-08-04 22:13:05,PLTR,163.5800,163.5900,163.5500,163.5600,11210.0000,163.5630,36
2026-08-04 22:13:10,PLTR,163.5700,163.5900,163.5600,163.5900,3703.0000,163.5710,26
2026-08-04 22:13:15,PLTR,163.5900,163.6500,163.5800,163.6400,17742.0000,163.6080,85
2026-08-04 22:13:20,PLTR,163.6500,163.7400,163.6300,163.7200,12015.0000,163.6810,69
2026-08-04 22:13:25,PLTR,163.7200,163.7500,163.7200,163.7500,12978.0000,163.7410,70
2026-08-04 22:13:30,PLTR,163.7500,163.7800,163.6700,163.6800,17141.0000,163.7170,86
2026-08-04 22:13:35,PLTR,163.6900,163.6900,163.5900,163.6200,14741.0000,163.6340,53
2026-08-04 22:13:40,PLTR,163.6200,163.6900,163.6200,163.6800,5495.0000,163.6460,34
2026-08-04 22:13:45,PLTR,163.6900,163.6900,163.6700,163.6700,5156.0000,163.6750,23
2026-08-04 22:13:50,PLTR,163.6800,163.7700,163.6700,163.7100,9073.0000,163.7180,58
2026-08-04 22:13:55,PLTR,163.7300,163.7600,163.7100,163.7200,6818.0000,163.7360,41
2026-08-04 22:14:00,PLTR,163.7200,163.8000,163.7200,163.7400,20686.0000,163.7670,97
2026-08-04 22:14:05,PLTR,163.7300,163.7800,163.7100,163.7800,7019.0000,163.7400,40
2026-08-04 22:14:10,PLTR,163.7800,163.8300,163.7700,163.8100,36133.0000,163.8060,71
2026-08-04 22:14:15,PLTR,163.8300,163.8800,163.8200,163.8400,18522.0000,163.8520,86
2026-08-04 22:14:20,PLTR,163.8300,163.8500,163.8000,163.8200,12751.0000,163.8200,73
2026-08-04 22:14:25,PLTR,163.8200,163.8700,163.8100,163.8500,13932.0000,163.8350,58
2026-08-04 22:14:30,PLTR,163.8500,163.9300,163.8500,163.8500,16927.0000,163.8910,92
2026-08-04 22:14:35,PLTR,163.8500,163.9700,163.8400,163.8600,18306.0000,163.8720,83
2026-08-04 22:14:40,PLTR,163.8600,163.8700,163.8100,163.8500,12459.0000,163.8370,91
2026-08-04 22:14:45,PLTR,163.8400,163.8400,163.7700,163.8300,22531.0000,163.8110,80
2026-08-04 22:14:50,PLTR,163.8300,163.8800,163.8000,163.8200,18001.0000,163.8420,117
2026-08-04 22:14:55,PLTR,163.8200,163.8400,163.8100,163.8300,5743.0000,163.8210,18
2026-08-04 22:15:00,PLTR,163.8200,163.8400,163.8100,163.8200,13252.0000,163.8270,69
2026-08-04 22:15:05,PLTR,163.8400,163.8700,163.8200,163.8600,11888.0000,163.8590,58
2026-08-04 22:15:10,PLTR,163.8600,163.8800,163.8500,163.8500,8427.0000,163.8620,44
2026-08-04 22:15:15,PLTR,163.8600,163.8700,163.7600,163.7800,32944.0000,163.8090,120
2026-08-04 22:15:20,PLTR,163.7800,163.7900,163.7100,163.7100,18893.0000,163.7420,79
2026-08-04 22:15:25,PLTR,163.7200,163.7300,163.6400,163.6400,11263.0000,163.6790,43
2026-08-04 22:15:30,PLTR,163.6500,163.6700,163.6000,163.6300,11773.0000,163.6300,58
2026-08-04 22:15:35,PLTR,163.6500,163.6600,163.5900,163.6300,9849.0000,163.6330,54
2026-08-04 22:15:40,PLTR,163.6100,163.6600,163.5800,163.6500,68970.0000,163.6440,90
2026-08-04 22:15:45,PLTR,163.6700,163.6800,163.6200,163.6400,13308.0000,163.6460,67
2026-08-04 22:15:50,PLTR,163.6800,163.7600,163.6600,163.7400,9600.0000,163.7190,56
2026-08-04 22:15:55,PLTR,163.7400,163.7800,163.6900,163.7600,9725.0000,163.7380,68
2026-08-04 22:16:00,PLTR,163.7600,163.8100,163.7400,163.7800,10321.0000,163.7800,60
2026-08-04 22:16:05,PLTR,163.8000,163.8700,163.7800,163.8600,13376.0000,163.8320,73
2026-08-04 22:16:10,PLTR,163.8600,163.8900,163.8300,163.8800,9228.0000,163.8570,55
2026-08-04 22:16:15,PLTR,163.8900,163.9700,163.8800,163.9500,15680.0000,163.9390,69
2026-08-04 22:16:20,PLTR,163.9600,163.9900,163.9500,163.9800,9777.0000,163.9710,48
2026-08-04 22:16:25,PLTR,163.9700,164.0500,163.9500,163.9800,99452.0000,164.0000,334
2026-08-04 22:16:30,PLTR,163.9800,164.0000,163.9500,163.9900,8582.0000,163.9780,50
2026-08-04 22:16:35,PLTR,164.0000,164.0900,163.9900,164.0900,12611.0000,164.0530,50
2026-08-04 22:16:40,PLTR,164.0700,164.0800,164.0300,164.0500,15250.0000,164.0550,71
2026-08-04 22:16:45,PLTR,164.0700,164.1000,164.0300,164.0300,19610.0000,164.0690,103
2026-08-04 22:16:50,PLTR,164.0300,164.1500,164.0200,164.1100,42206.0000,164.0990,175
2026-08-04 22:16:55,PLTR,164.1000,164.1800,164.0900,164.1700,13620.0000,164.1440,86
2026-08-04 22:17:00,PLTR,164.1700,164.2000,164.1400,164.1500,29917.0000,164.1790,129
2026-08-04 22:17:05,PLTR,164.1400,164.1500,164.0100,164.0200,28884.0000,164.0790,106
2026-08-04 22:17:10,PLTR,164.0100,164.0500,163.9300,164.0300,29700.0000,163.9730,144
2026-08-04 22:17:15,PLTR,164.0300,164.0700,164.0300,164.0500,8868.0000,164.0480,53
2026-08-04 22:17:20,PLTR,164.0300,164.0300,163.8900,163.9100,15635.0000,163.9480,74
2026-08-04 22:17:25,PLTR,163.9000,163.9000,163.7600,163.7800,26101.0000,163.8370,95
2026-08-04 22:17:30,PLTR,163.7800,163.7800,163.7000,163.7200,14806.0000,163.7470,66
2026-08-04 22:17:35,PLTR,163.7000,163.7300,163.6500,163.6500,11196.0000,163.6970,51
2026-08-04 22:17:40,PLTR,163.6500,163.6700,163.5300,163.5700,19146.0000,163.6160,92
2026-08-04 22:17:45,PLTR,163.5600,163.5900,163.5400,163.5700,22696.0000,163.5590,96
2026-08-04 22:17:50,PLTR,163.5600,163.6500,163.5500,163.5900,17612.0000,163.5950,96
2026-08-04 22:17:55,PLTR,163.5900,163.6000,163.5000,163.5000,22513.0000,163.5410,68
2026-08-04 22:18:00,PLTR,163.5000,163.5400,163.4100,163.4300,6980.0000,163.4940,52
2026-08-04 22:18:05,PLTR,163.4300,163.5000,163.4300,163.4800,15871.0000,163.4550,35
2026-08-04 22:18:10,PLTR,163.4700,163.4700,163.4100,163.4100,6579.0000,163.4410,31
2026-08-04 22:18:15,PLTR,163.4100,163.4200,163.2600,163.2800,17292.0000,163.3360,84
2026-08-04 22:18:20,PLTR,163.2900,163.3400,163.2700,163.2900,26332.0000,163.2920,118
2026-08-04 22:18:25,PLTR,163.3100,163.3200,163.2200,163.2600,9960.0000,163.2780,66
2026-08-04 22:18:30,PLTR,163.2800,163.2800,163.2400,163.2500,7860.0000,163.2530,38
2026-08-04 22:18:35,PLTR,163.2500,163.2500,163.1100,163.1300,17337.0000,163.1650,82
2026-08-04 22:18:40,PLTR,163.1400,163.2400,163.0700,163.2400,41590.0000,163.1650,201
2026-08-04 22:18:45,PLTR,163.2500,163.3300,163.2400,163.3200,15715.0000,163.2890,80
2026-08-04 22:18:50,PLTR,163.3200,163.3400,163.2500,163.2800,11977.0000,163.2870,72
2026-08-04 22:18:55,PLTR,163.2800,163.2900,163.2200,163.2300,10371.0000,163.2540,55
2026-08-04 22:19:00,PLTR,163.2100,163.2200,163.1500,163.1500,7994.0000,163.1850,33
2026-08-04 22:19:05,PLTR,163.1400,163.1600,163.1100,163.1400,7008.0000,163.1400,40
2026-08-04 22:19:10,PLTR,163.1400,163.1400,163.0200,163.0700,12358.0000,163.0670,74
2026-08-04 22:19:15,PLTR,163.0500,163.0700,163.0300,163.0700,21095.0000,163.0540,54
2026-08-04 22:19:20,PLTR,163.0600,163.0600,163.0200,163.0200,7670.0000,163.0380,42
2026-08-04 22:19:25,PLTR,163.0200,163.0400,162.9100,162.9200,34049.0000,162.9770,116
2026-08-04 22:19:30,PLTR,162.9400,162.9500,162.8300,162.8600,13454.0000,162.9000,79
2026-08-04 22:19:35,PLTR,162.8500,162.8900,162.8300,162.8700,16817.0000,162.8540,54
2026-08-04 22:19:40,PLTR,162.8900,162.9300,162.8500,162.9100,28624.0000,162.9000,95
2026-08-04 22:19:45,PLTR,162.9000,162.9100,162.8600,162.8900,11857.0000,162.8830,64
2026-08-04 22:19:50,PLTR,162.8900,162.9500,162.8600,162.9400,14097.0000,162.9170,74
2026-08-04 22:19:55,PLTR,162.9400,162.9900,162.9200,162.9700,14309.0000,162.9660,75
2026-08-04 22:20:00,PLTR,162.9700,162.9900,162.9000,162.9100,11706.0000,162.9540,64
2026-08-04 22:20:05,PLTR,162.9300,162.9300,162.9000,162.9000,3822.0000,162.9150,25
2026-08-04 22:20:10,PLTR,162.9000,162.9600,162.8800,162.9200,28614.0000,162.9220,119
2026-08-04 22:20:15,PLTR,162.9200,162.9600,162.8300,162.8300,12859.0000,162.9060,70
2026-08-04 22:20:20,PLTR,162.8300,162.9000,162.8200,162.8900,7706.0000,162.8440,45
2026-08-04 22:20:25,PLTR,162.8900,162.9100,162.8600,162.9100,20108.0000,162.8820,72
2026-08-04 22:20:30,PLTR,162.9000,162.9100,162.8700,162.9000,6693.0000,162.8970,50
2026-08-04 22:20:35,PLTR,162.8900,162.9000,162.8700,162.9000,9894.0000,162.8870,44
2026-08-04 22:20:40,PLTR,162.8800,163.0100,162.8800,162.9200,21606.0000,162.9790,94
2026-08-04 22:20:45,PLTR,162.9400,162.9700,162.9200,162.9500,8349.0000,162.9450,59
2026-08-04 22:20:50,PLTR,162.9500,162.9600,162.8800,162.8800,9394.0000,162.9200,69
2026-08-04 22:20:55,PLTR,162.8800,162.9300,162.8800,162.8900,10668.0000,162.8970,67
2026-08-04 22:21:00,PLTR,162.8800,162.9300,162.8800,162.9100,8299.0000,162.9000,58
2026-08-04 22:21:05,PLTR,162.8900,162.9100,162.8700,162.8700,13589.0000,162.8840,63
2026-08-04 22:21:10,PLTR,162.8800,162.8900,162.8200,162.8200,11501.0000,162.8560,44
2026-08-04 22:21:15,PLTR,162.8200,162.8700,162.8100,162.8600,10203.0000,162.8360,76
2026-08-04 22:21:20,PLTR,162.8700,162.9100,162.8600,162.9100,5906.0000,162.8860,37
2026-08-04 22:21:25,PLTR,162.8900,162.9000,162.8200,162.8200,10730.0000,162.8600,53
2026-08-04 22:21:30,PLTR,162.8300,162.8400,162.7500,162.8000,23722.0000,162.8020,72
2026-08-04 22:21:35,PLTR,162.8000,162.8000,162.7000,162.7800,16271.0000,162.7690,81
2026-08-04 22:21:40,PLTR,162.7700,162.8000,162.7500,162.7800,16108.0000,162.7810,78
2026-08-04 22:21:45,PLTR,162.7600,162.8900,162.7600,162.8900,20267.0000,162.8350,86
2026-08-04 22:21:50,PLTR,162.8900,162.9100,162.8800,162.8800,7906.0000,162.8960,40
2026-08-04 22:21:55,PLTR,162.9000,162.9000,162.8500,162.8700,5159.0000,162.8680,29
2026-08-04 22:22:00,PLTR,162.8700,162.8800,162.7800,162.8000,7487.0000,162.8600,45
2026-08-04 22:22:05,PLTR,162.7900,162.8900,162.7800,162.8700,21075.0000,162.8630,69
2026-08-04 22:22:10,PLTR,162.8700,162.8900,162.8600,162.8800,11612.0000,162.8750,55
2026-08-04 22:22:15,PLTR,162.8700,162.8900,162.8100,162.8100,3795.0000,162.8510,24
2026-08-04 22:22:20,PLTR,162.8200,162.8200,162.7900,162.8100,14032.0000,162.8130,54
2026-08-04 22:22:25,PLTR,162.8100,162.8200,162.8000,162.8100,2159.0000,162.8100,13
2026-08-04 22:22:30,PLTR,162.8100,162.8300,162.7900,162.7900,7171.0000,162.8130,36
2026-08-04 22:22:35,PLTR,162.7900,162.8000,162.7600,162.7600,11369.0000,162.7780,69
2026-08-04 22:22:40,PLTR,162.7700,162.8800,162.7700,162.8600,17048.0000,162.8320,101
2026-08-04 22:22:45,PLTR,162.8700,162.8800,162.8200,162.8200,8251.0000,162.8410,36
2026-08-04 22:22:50,PLTR,162.8400,162.8600,162.8000,162.8000,22729.0000,162.8320,69
2026-08-04 22:22:55,PLTR,162.8100,162.8500,162.8000,162.8500,11361.0000,162.8270,73
2026-08-04 22:23:00,PLTR,162.8700,162.9000,162.8300,162.8300,7779.0000,162.8760,52
2026-08-04 22:23:05,PLTR,162.8200,162.8400,162.8100,162.8200,4718.0000,162.8220,36
2026-08-04 22:23:10,PLTR,162.8200,162.8500,162.8100,162.8400,5846.0000,162.8340,46
2026-08-04 22:23:15,PLTR,162.8300,162.8600,162.8000,162.8600,7086.0000,162.8230,43
2026-08-04 22:23:20,PLTR,162.8800,162.8800,162.7600,162.7800,18382.0000,162.8330,103
2026-08-04 22:23:25,PLTR,162.7700,162.8300,162.7600,162.8200,7333.0000,162.7980,35
2026-08-04 22:23:30,PLTR,162.8200,162.8300,162.7800,162.8100,3610.0000,162.8050,25
2026-08-04 22:23:35,PLTR,162.8000,162.9000,162.7900,162.9000,17094.0000,162.8330,71
2026-08-04 22:23:40,PLTR,162.8900,162.9000,162.8800,162.8900,6822.0000,162.8910,17
2026-08-04 22:23:45,PLTR,162.8800,162.9400,162.8800,162.9300,18199.0000,162.9050,95
2026-08-04 22:23:50,PLTR,162.9200,162.9600,162.9100,162.9500,16747.0000,162.9370,84
2026-08-04 22:23:55,PLTR,162.9600,163.0000,162.9400,162.9700,25188.0000,162.9780,122
2026-08-04 22:24:00,PLTR,162.9700,162.9900,162.9400,162.9800,10326.0000,162.9620,57
2026-08-04 22:24:05,PLTR,162.9700,163.0300,162.9400,162.9500,22229.0000,162.9680,99
2026-08-04 22:24:10,PLTR,162.9500,163.0100,162.9200,163.0000,16469.0000,162.9510,87
2026-08-04 22:24:15,PLTR,163.0100,163.0400,163.0000,163.0200,8964.0000,163.0190,51
2026-08-04 22:24:20,PLTR,163.0300,163.0400,163.0100,163.0300,10572.0000,163.0240,51
2026-08-04 22:24:25,PLTR,163.0300,163.0700,163.0100,163.0300,10917.0000,163.0370,67
2026-08-04 22:24:30,PLTR,163.0300,163.0500,163.0000,163.0400,10452.0000,163.0240,56
2026-08-04 22:24:35,PLTR,163.0400,163.0400,163.0100,163.0300,6055.0000,163.0290,32
2026-08-04 22:24:40,PLTR,163.0200,163.0500,163.0200,163.0300,9845.0000,163.0320,51
2026-08-04 22:24:45,PLTR,163.0300,163.0300,163.0100,163.0300,18903.0000,163.0240,47
2026-08-04 22:24:50,PLTR,163.0300,163.0600,163.0200,163.0500,19071.0000,163.0300,62
2026-08-04 22:24:55,PLTR,163.0400,163.0800,163.0300,163.0600,6037.0000,163.0630,31
2026-08-04 22:25:00,PLTR,163.0600,163.0700,163.0400,163.0700,9933.0000,163.0510,40
2026-08-04 22:25:05,PLTR,163.0800,163.0900,163.0500,163.0900,13752.0000,163.0740,72
2026-08-04 22:25:10,PLTR,163.0800,163.0900,163.0700,163.0800,3118.0000,163.0810,16
2026-08-04 22:25:15,PLTR,163.1000,163.1300,163.0700,163.0800,16014.0000,163.1020,73
2026-08-04 22:25:20,PLTR,163.0700,163.1900,163.0700,163.1800,15516.0000,163.1210,66
2026-08-04 22:25:25,PLTR,163.1700,163.2500,163.1400,163.1700,16555.0000,163.1900,63
2026-08-04 22:25:30,PLTR,163.1800,163.2300,163.1800,163.2000,4158.0000,163.1990,27
2026-08-04 22:25:35,PLTR,163.2000,163.3000,163.2000,163.2800,19573.0000,163.2440,98
2026-08-04 22:25:40,PLTR,163.2800,163.2900,163.2400,163.2400,23411.0000,163.2630,89
2026-08-04 22:25:45,PLTR,163.2500,163.2500,163.1400,163.1800,21464.0000,163.2030,105
2026-08-04 22:25:50,PLTR,163.1900,163.2000,163.1700,163.1800,13265.0000,163.1850,50
2026-08-04 22:25:55,PLTR,163.1700,163.1800,163.1400,163.1500,12586.0000,163.1620,55
2026-08-04 22:26:00,PLTR,163.1800,163.1900,163.1400,163.1500,17595.0000,163.1590,60
2026-08-04 22:26:05,PLTR,163.1600,163.1900,163.1500,163.1500,11842.0000,163.1710,81
2026-08-04 22:26:10,PLTR,163.1400,163.1800,163.1000,163.1100,11826.0000,163.1320,70
2026-08-04 22:26:15,PLTR,163.1100,163.1400,163.0800,163.1100,8108.0000,163.1030,53
2026-08-04 22:26:20,PLTR,163.1200,163.1200,163.1000,163.1100,10621.0000,163.1070,37
2026-08-04 22:26:25,PLTR,163.1100,163.1600,163.1100,163.1500,4137.0000,163.1250,34
2026-08-04 22:26:30,PLTR,163.1500,163.1600,163.1200,163.1500,7185.0000,163.1500,36
2026-08-04 22:26:35,PLTR,163.1300,163.1800,162.8900,162.8900,40934.0000,162.9740,173
2026-08-04 22:26:40,PLTR,162.9100,162.9300,162.8500,162.8500,11951.0000,162.8910,75
2026-08-04 22:26:45,PLTR,162.8600,162.8900,162.8500,162.8900,24027.0000,162.8660,130
2026-08-04 22:26:50,PLTR,162.8900,162.8900,162.8500,162.8500,8731.0000,162.8670,50
2026-08-04 22:26:55,PLTR,162.8500,162.8800,162.7700,162.7800,23259.0000,162.8340,110
2026-08-04 22:27:00,PLTR,162.8000,162.8200,162.7400,162.7500,26207.0000,162.7760,173
2026-08-04 22:27:05,PLTR,162.7500,162.7600,162.7100,162.7100,21945.0000,162.7390,134
2026-08-04 22:27:10,PLTR,162.7100,162.7200,162.6400,162.6500,19859.0000,162.6760,110
2026-08-04 22:27:15,PLTR,162.6500,162.7100,162.6400,162.7000,30746.0000,162.6860,127
2026-08-04 22:27:20,PLTR,162.7000,162.7000,162.6600,162.6800,17219.0000,162.6850,106
2026-08-04 22:27:25,PLTR,162.6700,162.6700,162.5500,162.6400,34583.0000,162.6050,208
2026-08-04 22:27:30,PLTR,162.6200,162.6400,162.6100,162.6100,10206.0000,162.6240,72
2026-08-04 22:27:35,PLTR,162.6100,162.6500,162.5600,162.6300,17635.0000,162.6090,141
2026-08-04 22:27:40,PLTR,162.6300,162.6600,162.5700,162.6600,23710.0000,162.6320,128
2026-08-04 22:27:45,PLTR,162.6600,162.6700,162.6400,162.6600,9342.0000,162.6570,46
2026-08-04 22:27:50,PLTR,162.6400,162.6500,162.6400,162.6400,4899.0000,162.6470,20
2026-08-04 22:27:55,PLTR,162.6500,162.6500,162.4500,162.5400,41715.0000,162.5480,252
2026-08-04 22:28:00,PLTR,162.5500,162.6600,162.5400,162.6400,18226.0000,162.6020,87
2026-08-04 22:28:05,PLTR,162.6400,162.6600,162.5900,162.6100,16860.0000,162.6350,94
2026-08-04 22:28:10,PLTR,162.6000,162.6200,162.6000,162.6100,8478.0000,162.6080,61
2026-08-04 22:28:15,PLTR,162.6200,162.6300,162.5500,162.5600,9691.0000,162.6050,63
2026-08-04 22:28:20,PLTR,162.5600,162.7200,162.5500,162.7100,32664.0000,162.6500,137
2026-08-04 22:28:25,PLTR,162.7100,162.7200,162.5600,162.5700,7475.0000,162.6350,49
2026-08-04 22:28:30,PLTR,162.5600,162.5800,162.4400,162.5200,29174.0000,162.4790,132
2026-08-04 22:28:35,PLTR,162.5300,162.5400,162.5000,162.5300,9355.0000,162.5290,36
2026-08-04 22:28:40,PLTR,162.5300,162.5900,162.5200,162.5900,6584.0000,162.5570,42
2026-08-04 22:28:45,PLTR,162.5900,162.6100,162.5200,162.5500,22318.0000,162.5560,64
2026-08-04 22:28:50,PLTR,162.5500,162.5700,162.4500,162.5600,24324.0000,162.4960,152
2026-08-04 22:28:55,PLTR,162.5600,162.6300,162.5400,162.5800,12610.0000,162.5900,74
2026-08-04 22:29:00,PLTR,162.5800,162.5800,162.5100,162.5300,14881.0000,162.5390,89
2026-08-04 22:29:05,PLTR,162.5300,162.5900,162.5100,162.5700,8243.0000,162.5560,39
2026-08-04 22:29:10,PLTR,162.5600,162.5900,162.5400,162.5600,13670.0000,162.5580,84
2026-08-04 22:29:15,PLTR,162.5400,162.5900,162.5400,162.5800,6644.0000,162.5690,38
2026-08-04 22:29:20,PLTR,162.6000,162.6200,162.5700,162.6100,9997.0000,162.6010,62
2026-08-04 22:29:25,PLTR,162.6000,162.6100,162.5400,162.5600,11504.0000,162.5720,47
2026-08-04 22:29:30,PLTR,162.5500,162.5800,162.5200,162.5400,11856.0000,162.5440,61
2026-08-04 22:29:35,PLTR,162.5500,162.5800,162.5400,162.5600,7651.0000,162.5580,51
2026-08-04 22:29:40,PLTR,162.5600,162.5800,162.5300,162.5500,5043.0000,162.5470,27
2026-08-04 22:29:45,PLTR,162.5500,162.5800,162.5300,162.5700,8230.0000,162.5640,44
2026-08-04 22:29:50,PLTR,162.5700,162.5900,162.5400,162.5500,11692.0000,162.5670,70
2026-08-04 22:29:55,PLTR,162.5700,162.6300,162.5500,162.5800,10863.0000,162.5880,66
2026-08-04 22:30:00,PLTR,162.5700,162.5800,162.3200,162.3400,82610.0000,162.4750,428
2026-08-04 22:30:05,PLTR,162.3500,162.4800,162.3400,162.3400,23179.0000,162.3890,119
2026-08-04 22:30:10,PLTR,162.3200,162.3200,162.2700,162.2900,21645.0000,162.2940,92
2026-08-04 22:30:15,PLTR,162.3000,162.3800,162.2900,162.3300,17996.0000,162.3190,60
2026-08-04 22:30:20,PLTR,162.3200,162.3500,162.2900,162.3200,16693.0000,162.3190,62
2026-08-04 22:30:25,PLTR,162.3100,162.3700,162.3100,162.3500,13481.0000,162.3510,89
2026-08-04 22:30:30,PLTR,162.3600,162.3600,162.3100,162.3500,26305.0000,162.3400,83
2026-08-04 22:30:35,PLTR,162.3500,162.3600,162.2900,162.3000,28697.0000,162.3100,117
2026-08-04 22:30:40,PLTR,162.2900,162.3000,162.2400,162.3000,20737.0000,162.2640,119
2026-08-04 22:30:45,PLTR,162.3000,162.3000,162.1600,162.1700,23338.0000,162.2160,124
2026-08-04 22:30:50,PLTR,162.1700,162.3300,162.1600,162.3200,25674.0000,162.2610,121
2026-08-04 22:30:55,PLTR,162.3300,162.4300,162.2800,162.4200,20726.0000,162.3200,95
2026-08-04 22:31:00,PLTR,162.3900,162.5400,162.3900,162.5400,19824.0000,162.4970,81
2026-08-04 22:31:05,PLTR,162.5400,162.5500,162.4500,162.4800,15858.0000,162.4800,86
2026-08-04 22:31:10,PLTR,162.4600,162.4600,162.3000,162.3300,15063.0000,162.3630,85
2026-08-04 22:31:15,PLTR,162.3300,162.3600,162.2700,162.3100,10653.0000,162.3260,77
2026-08-04 22:31:20,PLTR,162.3100,162.3200,162.1900,162.1900,26369.0000,162.2500,113
2026-08-04 22:31:25,PLTR,162.2000,162.3000,162.1800,162.2900,21762.0000,162.2240,100
2026-08-04 22:31:30,PLTR,162.2900,162.3100,162.2700,162.2900,6414.0000,162.2860,42
2026-08-04 22:31:35,PLTR,162.3000,162.3800,162.3000,162.3400,15276.0000,162.3430,81
2026-08-04 22:31:40,PLTR,162.3300,162.3600,162.2700,162.3600,8567.0000,162.3310,44
2026-08-04 22:31:45,PLTR,162.3300,162.3600,162.3300,162.3600,10615.0000,162.3460,36
2026-08-04 22:31:50,PLTR,162.3500,162.5000,162.3500,162.4800,13492.0000,162.4310,75
2026-08-04 22:31:55,PLTR,162.5000,162.5100,162.4500,162.4900,13110.0000,162.4890,71
2026-08-04 22:32:00,PLTR,162.4900,162.6200,162.4800,162.6200,30244.0000,162.5710,130
2026-08-04 22:32:05,PLTR,162.6000,162.6200,162.4200,162.4400,30640.0000,162.5150,145
2026-08-04 22:32:10,PLTR,162.4400,162.4600,162.3500,162.3600,10019.0000,162.4000,63
2026-08-04 22:32:15,PLTR,162.3700,162.4200,162.3400,162.4100,12448.0000,162.3720,81
2026-08-04 22:32:20,PLTR,162.4200,162.5200,162.4100,162.5000,16699.0000,162.4780,112
2026-08-04 22:32:25,PLTR,162.5000,162.5300,162.4600,162.4800,14588.0000,162.5070,96
2026-08-04 22:32:30,PLTR,162.5000,162.5600,162.4800,162.5100,11710.0000,162.5330,76
2026-08-04 22:32:35,PLTR,162.5100,162.5200,162.4600,162.5000,9227.0000,162.4970,57
2026-08-04 22:32:40,PLTR,162.4700,162.4800,162.4200,162.4400,14703.0000,162.4500,98
2026-08-04 22:32:45,PLTR,162.4600,162.4800,162.4100,162.4300,8869.0000,162.4360,49
2026-08-04 22:32:50,PLTR,162.4200,162.4600,162.4100,162.4100,10965.0000,162.4380,54
2026-08-04 22:32:55,PLTR,162.4100,162.4100,162.3300,162.3300,23729.0000,162.3740,78
2026-08-04 22:33:00,PLTR,162.3700,162.4700,162.3400,162.4700,24678.0000,162.4010,63
2026-08-04 22:33:05,PLTR,162.4700,162.4800,162.4200,162.4400,11802.0000,162.4520,79
2026-08-04 22:33:10,PLTR,162.4500,162.4700,162.4100,162.4100,7059.0000,162.4380,39
2026-08-04 22:33:15,PLTR,162.4000,162.4100,162.3600,162.3600,7013.0000,162.3900,47
2026-08-04 22:33:20,PLTR,162.3800,162.4100,162.3700,162.3700,12543.0000,162.3970,54
2026-08-04 22:33:25,PLTR,162.3800,162.4600,162.3800,162.4400,8176.0000,162.4270,37
2026-08-04 22:33:30,PLTR,162.4400,162.4600,162.4100,162.4600,20544.0000,162.4380,93
2026-08-04 22:33:35,PLTR,162.4700,162.4900,162.4500,162.4600,4862.0000,162.4700,35
2026-08-04 22:33:40,PLTR,162.4600,162.5000,162.4200,162.4900,15839.0000,162.4820,65
2026-08-04 22:33:45,PLTR,162.4600,162.4900,162.4100,162.4200,7380.0000,162.4600,28
2026-08-04 22:33:50,PLTR,162.4400,162.4900,162.4400,162.4800,7822.0000,162.4630,50
2026-08-04 22:33:55,PLTR,162.4800,162.5200,162.4700,162.5000,4260.0000,162.4980,30
2026-08-04 22:34:00,PLTR,162.4900,162.5000,162.4600,162.4800,13682.0000,162.4720,73
2026-08-04 22:34:05,PLTR,162.4800,162.5800,162.4700,162.5000,14930.0000,162.4990,86
2026-08-04 22:34:10,PLTR,162.5000,162.5900,162.4900,162.5600,10493.0000,162.5420,69
2026-08-04 22:34:15,PLTR,162.5400,162.5800,162.5300,162.5500,13074.0000,162.5540,62
2026-08-04 22:34:20,PLTR,162.5300,162.5400,162.5100,162.5300,13726.0000,162.5250,58
2026-08-04 22:34:25,PLTR,162.5200,162.5500,162.4900,162.5300,10803.0000,162.5200,55
2026-08-04 22:34:30,PLTR,162.5300,162.5600,162.4600,162.4900,18235.0000,162.5160,105
2026-08-04 22:34:35,PLTR,162.5200,162.5700,162.5000,162.5500,9571.0000,162.5390,45
2026-08-04 22:34:40,PLTR,162.5600,162.6200,162.5600,162.6100,12360.0000,162.5950,63
2026-08-04 22:34:45,PLTR,162.6100,162.6800,162.6000,162.6700,18173.0000,162.6370,86
2026-08-04 22:34:50,PLTR,162.6800,162.7500,162.6800,162.6900,33562.0000,162.7100,95
2026-08-04 22:34:55,PLTR,162.7000,162.8200,162.6900,162.8100,37799.0000,162.7410,110
2026-08-04 22:35:00,PLTR,162.8200,162.8400,162.7800,162.8300,12264.0000,162.8110,53
2026-08-04 22:35:05,PLTR,162.8400,162.8500,162.7300,162.7500,33897.0000,162.7950,99
2026-08-04 22:35:10,PLTR,162.7600,162.7800,162.6500,162.6600,27352.0000,162.7260,105
2026-08-04 22:35:15,PLTR,162.6800,162.6800,162.6500,162.6600,15477.0000,162.6640,70
2026-08-04 22:35:20,PLTR,162.6500,162.7100,162.6500,162.7100,14675.0000,162.6780,75
2026-08-04 22:35:25,PLTR,162.7300,162.7800,162.6100,162.6100,55820.0000,162.7360,81
2026-08-04 22:35:30,PLTR,162.6300,162.7400,162.6200,162.7300,9300.0000,162.6870,51
2026-08-04 22:35:35,PLTR,162.7200,162.7600,162.7100,162.7400,17929.0000,162.7270,84
2026-08-04 22:35:40,PLTR,162.7300,162.7400,162.6400,162.6600,15011.0000,162.7020,68
2026-08-04 22:35:45,PLTR,162.6600,162.7400,162.6500,162.7400,12764.0000,162.6810,63
2026-08-04 22:35:50,PLTR,162.7200,162.7200,162.6400,162.6400,26825.0000,162.6690,129
2026-08-04 22:35:55,PLTR,162.6400,162.6500,162.6200,162.6400,9373.0000,162.6370,52
2026-08-04 22:36:00,PLTR,162.6300,162.6500,162.6300,162.6400,4311.0000,162.6430,19
2026-08-04 22:36:05,PLTR,162.6500,162.7400,162.6500,162.7100,15665.0000,162.6910,91
2026-08-04 22:36:10,PLTR,162.7200,162.7800,162.7000,162.7500,18779.0000,162.7490,79
2026-08-04 22:36:15,PLTR,162.7500,162.8000,162.7500,162.7800,12800.0000,162.7740,63
2026-08-04 22:36:20,PLTR,162.7600,162.8500,162.7500,162.8500,8813.0000,162.7990,52
2026-08-04 22:36:25,PLTR,162.8300,162.8800,162.8200,162.8600,21346.0000,162.8490,89
2026-08-04 22:36:30,PLTR,162.8600,162.8600,162.7200,162.7200,19674.0000,162.8010,92
2026-08-04 22:36:35,PLTR,162.7300,162.7400,162.6700,162.7400,14681.0000,162.7130,68
2026-08-04 22:36:40,PLTR,162.7400,162.7600,162.7100,162.7500,6502.0000,162.7430,44
2026-08-04 22:36:45,PLTR,162.7600,162.7800,162.7500,162.7700,8252.0000,162.7690,46
2026-08-04 22:36:50,PLTR,162.7800,162.8000,162.7600,162.7800,12758.0000,162.7810,45
2026-08-04 22:36:55,PLTR,162.7900,162.8800,162.7600,162.8700,13361.0000,162.8210,85
2026-08-04 22:37:00,PLTR,162.8400,162.8700,162.8000,162.8100,36599.0000,162.8280,147
2026-08-04 22:37:05,PLTR,162.8100,162.8400,162.7700,162.7700,11718.0000,162.8020,67
2026-08-04 22:37:10,PLTR,162.7600,162.8100,162.7300,162.8100,14356.0000,162.7670,80
2026-08-04 22:37:15,PLTR,162.8100,162.8800,162.8000,162.8800,12092.0000,162.8520,61
2026-08-04 22:37:20,PLTR,162.8800,162.9100,162.8700,162.8900,16138.0000,162.8870,59
2026-08-04 22:37:25,PLTR,162.8900,162.9000,162.8600,162.8600,14693.0000,162.8760,69
2026-08-04 22:37:30,PLTR,162.8800,162.8800,162.8600,162.8800,8900.0000,162.8720,44
2026-08-04 22:37:35,PLTR,162.8800,162.9000,162.8600,162.8800,8561.0000,162.8820,42
2026-08-04 22:37:40,PLTR,162.8800,162.9500,162.8800,162.9000,21464.0000,162.9110,97
2026-08-04 22:37:45,PLTR,162.8900,162.9100,162.8900,162.9100,12877.0000,162.9020,66
2026-08-04 22:37:50,PLTR,162.9100,162.9500,162.9000,162.9200,19542.0000,162.9340,100
2026-08-04 22:37:55,PLTR,162.9200,162.9600,162.9100,162.9500,13296.0000,162.9440,81
2026-08-04 22:38:00,PLTR,162.9500,162.9500,162.8400,162.8400,35514.0000,162.9010,136
2026-08-04 22:38:05,PLTR,162.8400,162.8700,162.8300,162.8700,7361.0000,162.8470,43
2026-08-04 22:38:10,PLTR,162.8600,162.8700,162.8000,162.8100,14390.0000,162.8320,88
2026-08-04 22:38:15,PLTR,162.8300,162.9000,162.8000,162.8900,25648.0000,162.8730,64
2026-08-04 22:38:20,PLTR,162.9100,162.9100,162.8800,162.8900,15657.0000,162.8910,79
2026-08-04 22:38:25,PLTR,162.8900,162.9100,162.8700,162.8900,5181.0000,162.8940,31
2026-08-04 22:38:30,PLTR,162.8900,162.9000,162.8800,162.8900,6670.0000,162.8930,38
2026-08-04 22:38:35,PLTR,162.8900,162.9100,162.8600,162.8800,10562.0000,162.8780,55
2026-08-04 22:38:40,PLTR,162.9000,162.9100,162.8800,162.8800,5136.0000,162.8990,41
2026-08-04 22:38:45,PLTR,162.8800,162.9000,162.8400,162.8600,14686.0000,162.8760,75
2026-08-04 22:38:50,PLTR,162.8600,162.8700,162.8200,162.8300,10466.0000,162.8430,54
2026-08-04 22:38:55,PLTR,162.8300,162.8300,162.7500,162.7700,19042.0000,162.7920,79
2026-08-04 22:39:00,PLTR,162.7600,162.7700,162.7100,162.7200,15399.0000,162.7380,93
2026-08-04 22:39:05,PLTR,162.7300,162.7600,162.7200,162.7400,15096.0000,162.7440,39
2026-08-04 22:39:10,PLTR,162.7400,162.7400,162.6700,162.6900,14201.0000,162.7050,70
2026-08-04 22:39:15,PLTR,162.6800,162.7200,162.6700,162.7000,16470.0000,162.7000,85
2026-08-04 22:39:20,PLTR,162.7000,162.7100,162.6500,162.6600,15106.0000,162.6670,68
2026-08-04 22:39:25,PLTR,162.6600,162.6900,162.6200,162.6600,17951.0000,162.6550,92
2026-08-04 22:39:30,PLTR,162.6700,162.6900,162.6300,162.6700,15382.0000,162.6530,82
2026-08-04 22:39:35,PLTR,162.6800,162.6900,162.6500,162.6600,7212.0000,162.6700,43
2026-08-04 22:39:40,PLTR,162.6700,162.7200,162.6700,162.7100,23991.0000,162.7020,111
2026-08-04 22:39:45,PLTR,162.7000,162.7000,162.5600,162.6100,27728.0000,162.6050,127
2026-08-04 22:39:50,PLTR,162.5800,162.5900,162.5300,162.5300,18873.0000,162.5600,70
2026-08-04 22:39:55,PLTR,162.5400,162.5500,162.3900,162.3900,19800.0000,162.4740,110
2026-08-04 22:40:00,PLTR,162.4200,162.4200,162.3300,162.3400,20698.0000,162.3730,108
2026-08-04 22:40:05,PLTR,162.3500,162.3700,162.3000,162.3400,18885.0000,162.3410,116
2026-08-04 22:40:10,PLTR,162.3200,162.3800,162.3200,162.3800,14805.0000,162.3530,83
2026-08-04 22:40:15,PLTR,162.3800,162.4300,162.3500,162.4300,10514.0000,162.3900,73
2026-08-04 22:40:20,PLTR,162.4200,162.5000,162.4200,162.4400,24215.0000,162.4410,117
2026-08-04 22:40:25,PLTR,162.4500,162.5700,162.4500,162.5100,13686.0000,162.5270,69
2026-08-04 22:40:30,PLTR,162.5100,162.5100,162.4300,162.4800,8434.0000,162.4670,53
2026-08-04 22:40:35,PLTR,162.5100,162.5300,162.4900,162.5300,8505.0000,162.5180,44
2026-08-04 22:40:40,PLTR,162.5200,162.5300,162.4900,162.5100,16561.0000,162.5120,68
2026-08-04 22:40:45,PLTR,162.5000,162.5700,162.5000,162.5700,14196.0000,162.5500,81
2026-08-04 22:40:50,PLTR,162.5700,162.5900,162.5300,162.5500,19467.0000,162.5560,103
2026-08-04 22:40:55,PLTR,162.5600,162.5600,162.5100,162.5300,9262.0000,162.5390,60
2026-08-04 22:41:00,PLTR,162.5400,162.5600,162.5100,162.5400,21641.0000,162.5300,110
2026-08-04 22:41:05,PLTR,162.5400,162.5800,162.4800,162.4900,13540.0000,162.5240,68
2026-08-04 22:41:10,PLTR,162.4900,162.5000,162.4500,162.4700,12103.0000,162.4800,50
2026-08-04 22:41:15,PLTR,162.4800,162.5100,162.4500,162.4700,12886.0000,162.4830,70
2026-08-04 22:41:20,PLTR,162.4700,162.4900,162.4700,162.4900,3485.0000,162.4840,29
2026-08-04 22:41:25,PLTR,162.5000,162.6000,162.4900,162.5800,17486.0000,162.5660,93
2026-08-04 22:41:30,PLTR,162.5800,162.6000,162.5400,162.5600,10322.0000,162.5760,67
2026-08-04 22:41:35,PLTR,162.5600,162.5800,162.5600,162.5700,5839.0000,162.5650,37
2026-08-04 22:41:40,PLTR,162.5700,162.6300,162.5600,162.6300,25447.0000,162.5820,75
2026-08-04 22:41:45,PLTR,162.6200,162.6700,162.6100,162.6700,12327.0000,162.6370,58
2026-08-04 22:41:50,PLTR,162.6600,162.6800,162.6000,162.6000,19227.0000,162.6280,92
2026-08-04 22:41:55,PLTR,162.6200,162.6700,162.6100,162.6100,11920.0000,162.6390,52
2026-08-04 22:42:00,PLTR,162.6200,162.7200,162.6100,162.7000,18048.0000,162.6800,81
2026-08-04 22:42:05,PLTR,162.6800,162.7200,162.6800,162.7000,21442.0000,162.7030,97
2026-08-04 22:42:10,PLTR,162.7200,162.7600,162.7100,162.7500,12818.0000,162.7360,69
2026-08-04 22:42:15,PLTR,162.7600,162.7800,162.7000,162.7700,39625.0000,162.7360,223
2026-08-04 22:42:20,PLTR,162.7600,162.7700,162.7400,162.7500,7867.0000,162.7540,52
2026-08-04 22:42:25,PLTR,162.7700,162.8200,162.7500,162.7900,12623.0000,162.7790,63
2026-08-04 22:42:30,PLTR,162.8000,162.8200,162.7700,162.8100,5864.0000,162.8040,30
2026-08-04 22:42:35,PLTR,162.8000,162.8300,162.7500,162.7600,14342.0000,162.7960,73
2026-08-04 22:42:40,PLTR,162.7800,162.8300,162.7700,162.8000,22721.0000,162.7920,105
2026-08-04 22:42:45,PLTR,162.8000,162.8500,162.8000,162.8500,14195.0000,162.8350,67
2026-08-04 22:42:50,PLTR,162.8500,162.8800,162.8200,162.8800,21703.0000,162.8530,116
2026-08-04 22:42:55,PLTR,162.8900,162.9200,162.8600,162.8800,20176.0000,162.8900,93
2026-08-04 22:43:00,PLTR,162.8800,162.9000,162.8700,162.9000,10033.0000,162.8830,61
2026-08-04 22:43:05,PLTR,162.9100,162.9200,162.8100,162.8500,28610.0000,162.8570,156
2026-08-04 22:43:10,PLTR,162.8400,162.8600,162.8300,162.8600,10056.0000,162.8480,53
2026-08-04 22:43:15,PLTR,162.8600,162.8900,162.8300,162.8300,12533.0000,162.8660,84
2026-08-04 22:43:20,PLTR,162.8200,162.8500,162.7100,162.7200,30877.0000,162.7720,103
2026-08-04 22:43:25,PLTR,162.7300,162.7700,162.7100,162.7300,10701.0000,162.7340,63
2026-08-04 22:43:30,PLTR,162.7300,162.7500,162.7200,162.7400,4613.0000,162.7390,21
2026-08-04 22:43:35,PLTR,162.7300,162.7600,162.7200,162.7500,8989.0000,162.7400,49
2026-08-04 22:43:40,PLTR,162.7500,162.7900,162.7300,162.7600,15553.0000,162.7680,62
2026-08-04 22:43:45,PLTR,162.7600,162.7800,162.7500,162.7600,9818.0000,162.7620,48
2026-08-04 22:43:50,PLTR,162.7600,162.7900,162.7600,162.7700,9393.0000,162.7700,65
2026-08-04 22:43:55,PLTR,162.7900,162.8300,162.7500,162.8300,15179.0000,162.7950,79
2026-08-04 22:44:00,PLTR,162.8300,162.8800,162.8200,162.8300,15819.0000,162.8490,84
2026-08-04 22:44:05,PLTR,162.8200,162.8400,162.8000,162.8200,6456.0000,162.8140,39
2026-08-04 22:44:10,PLTR,162.8100,162.8200,162.7600,162.7700,10650.0000,162.7950,60
2026-08-04 22:44:15,PLTR,162.7700,162.7800,162.7300,162.7300,11438.0000,162.7530,73
2026-08-04 22:44:20,PLTR,162.7400,162.7600,162.7200,162.7300,12814.0000,162.7370,77
2026-08-04 22:44:25,PLTR,162.7300,162.7500,162.6200,162.6400,21239.0000,162.6960,96
2026-08-04 22:44:30,PLTR,162.6500,162.7000,162.6400,162.6600,26063.0000,162.6690,74
2026-08-04 22:44:35,PLTR,162.6600,162.6700,162.6100,162.6100,12722.0000,162.6370,58
2026-08-04 22:44:40,PLTR,162.6100,162.6100,162.5600,162.5700,10502.0000,162.5820,48
2026-08-04 22:44:45,PLTR,162.5600,162.5900,162.5600,162.5700,3591.0000,162.5750,19
2026-08-04 22:44:50,PLTR,162.5700,162.6300,162.5600,162.6200,20775.0000,162.6100,67
2026-08-04 22:44:55,PLTR,162.6200,162.7000,162.6200,162.7000,8891.0000,162.6390,40
2026-08-04 22:45:00,PLTR,162.7100,162.7500,162.6400,162.6800,22650.0000,162.6880,131
2026-08-04 22:45:05,PLTR,162.6900,162.7100,162.6800,162.7000,12839.0000,162.6930,66
2026-08-04 22:45:10,PLTR,162.7000,162.7200,162.6000,162.6300,31301.0000,162.6790,120
2026-08-04 22:45:15,PLTR,162.6100,162.7000,162.6100,162.6500,12468.0000,162.6380,63
2026-08-04 22:45:20,PLTR,162.6500,162.6700,162.6200,162.6200,5759.0000,162.6430,43
2026-08-04 22:45:25,PLTR,162.6300,162.6800,162.6200,162.6800,7990.0000,162.6560,54
2026-08-04 22:45:30,PLTR,162.6800,162.8800,162.6800,162.8800,30349.0000,162.7780,155
2026-08-04 22:45:35,PLTR,162.8600,162.9300,162.8400,162.9200,23040.0000,162.8780,104
2026-08-04 22:45:40,PLTR,162.9400,162.9700,162.9300,162.9500,18214.0000,162.9470,74
2026-08-04 22:45:45,PLTR,162.9400,162.9800,162.9200,162.9700,29314.0000,162.9500,86
2026-08-04 22:45:50,PLTR,162.9700,162.9800,162.9000,162.9400,29867.0000,162.9450,169
2026-08-04 22:45:55,PLTR,162.9400,162.9400,162.9000,162.9300,11930.0000,162.9240,69
2026-08-04 22:46:00,PLTR,162.9400,163.0700,162.9300,162.9700,85112.0000,163.0000,361
2026-08-04 22:46:05,PLTR,162.9500,163.0200,162.9300,162.9500,17861.0000,162.9600,94
2026-08-04 22:46:10,PLTR,162.9600,162.9600,162.9200,162.9400,15536.0000,162.9420,60
2026-08-04 22:46:15,PLTR,162.9400,162.9600,162.9200,162.9500,11915.0000,162.9410,64
2026-08-04 22:46:20,PLTR,162.9500,162.9700,162.8900,162.9100,22362.0000,162.9300,131
2026-08-04 22:46:25,PLTR,162.9100,162.9600,162.9100,162.9500,9707.0000,162.9320,56
2026-08-04 22:46:30,PLTR,162.9200,162.9300,162.9100,162.9100,8462.0000,162.9190,48
2026-08-04 22:46:35,PLTR,162.9000,162.9700,162.8900,162.9600,17649.0000,162.9300,96
2026-08-04 22:46:40,PLTR,162.9700,163.0000,162.9500,163.0000,21793.0000,162.9740,105
2026-08-04 22:46:45,PLTR,163.0000,163.0000,162.9600,162.9700,18217.0000,162.9790,90
2026-08-04 22:46:50,PLTR,162.9700,162.9800,162.9500,162.9700,19592.0000,162.9670,98
2026-08-04 22:46:55,PLTR,162.9700,163.0000,162.9500,162.9800,16787.0000,162.9650,88
2026-08-04 22:47:00,PLTR,162.9800,162.9900,162.9500,162.9500,14056.0000,162.9680,73
2026-08-04 22:47:05,PLTR,162.9700,163.0800,162.9600,163.0300,24194.0000,163.0350,105
2026-08-04 22:47:10,PLTR,163.0600,163.0700,162.9200,162.9300,22236.0000,162.9890,130
2026-08-04 22:47:15,PLTR,162.9300,162.9800,162.9200,162.9800,11833.0000,162.9440,57
2026-08-04 22:47:20,PLTR,162.9700,162.9800,162.9600,162.9700,5573.0000,162.9710,36
2026-08-04 22:47:25,PLTR,162.9700,163.0000,162.9700,163.0000,16986.0000,162.9760,66
2026-08-04 22:47:30,PLTR,163.0000,163.0000,162.9800,163.0000,13087.0000,162.9940,61
2026-08-04 22:47:35,PLTR,163.0000,163.0000,162.9100,162.9200,15317.0000,162.9630,86
2026-08-04 22:47:40,PLTR,162.9300,162.9300,162.8700,162.8800,29359.0000,162.8930,162
2026-08-04 22:47:45,PLTR,162.8900,162.8900,162.8600,162.8700,16224.0000,162.8720,64
2026-08-04 22:47:50,PLTR,162.8800,162.8800,162.8200,162.8300,13656.0000,162.8370,61
2026-08-04 22:47:55,PLTR,162.8300,162.8600,162.7900,162.8500,73600.0000,162.8370,104
2026-08-04 22:48:00,PLTR,162.8600,162.8700,162.7700,162.8100,27940.0000,162.8230,110
2026-08-04 22:48:05,PLTR,162.8100,162.8200,162.7800,162.8100,12784.0000,162.8000,71
2026-08-04 22:48:10,PLTR,162.8000,162.8100,162.6600,162.6700,15386.0000,162.7280,80
2026-08-04 22:48:15,PLTR,162.6600,162.7000,162.6400,162.6900,27053.0000,162.6690,72
2026-08-04 22:48:20,PLTR,162.6900,162.7500,162.6800,162.7200,16554.0000,162.7000,81
2026-08-04 22:48:25,PLTR,162.7200,162.7300,162.7000,162.7000,8771.0000,162.7210,43
2026-08-04 22:48:30,PLTR,162.7000,162.7300,162.6800,162.6900,13068.0000,162.6990,70
2026-08-04 22:48:35,PLTR,162.6800,162.6900,162.6400,162.6500,13344.0000,162.6570,59
2026-08-04 22:48:40,PLTR,162.6600,162.6700,162.6000,162.6300,13122.0000,162.6340,70
2026-08-04 22:48:45,PLTR,162.6100,162.6200,162.4700,162.4700,25215.0000,162.5210,106
2026-08-04 22:48:50,PLTR,162.4700,162.4900,162.4200,162.4500,21147.0000,162.4520,99
2026-08-04 22:48:55,PLTR,162.4300,162.4900,162.3800,162.4500,31132.0000,162.4280,132
2026-08-04 22:49:00,PLTR,162.4700,162.4700,162.4000,162.4100,12625.0000,162.4200,43
2026-08-04 22:49:05,PLTR,162.4000,162.4300,162.3500,162.4300,17532.0000,162.3950,87
2026-08-04 22:49:10,PLTR,162.4100,162.4200,162.3500,162.3600,14896.0000,162.3950,84
2026-08-04 22:49:15,PLTR,162.3500,162.4200,162.3500,162.4100,7084.0000,162.3850,50
2026-08-04 22:49:20,PLTR,162.4100,162.5000,162.4000,162.5000,20524.0000,162.4350,105
2026-08-04 22:49:25,PLTR,162.5200,162.5300,162.5000,162.5300,10740.0000,162.5200,52
2026-08-04 22:49:30,PLTR,162.5300,162.5500,162.4900,162.5000,17271.0000,162.5220,94
2026-08-04 22:49:35,PLTR,162.5000,162.5000,162.4600,162.4700,12928.0000,162.4770,96
2026-08-04 22:49:40,PLTR,162.4500,162.4700,162.4400,162.4500,3940.0000,162.4510,25
2026-08-04 22:49:45,PLTR,162.4500,162.4500,162.3900,162.4100,18334.0000,162.4170,87
2026-08-04 22:49:50,PLTR,162.4100,162.4200,162.4000,162.4100,19338.0000,162.4080,92
2026-08-04 22:49:55,PLTR,162.4200,162.4700,162.4200,162.4500,12315.0000,162.4460,64
2026-08-04 22:50:00,PLTR,162.4500,162.4700,162.2000,162.3100,31554.0000,162.3320,186
2026-08-04 22:50:05,PLTR,162.2900,162.3200,162.2600,162.3100,33274.0000,162.2960,112
2026-08-04 22:50:10,PLTR,162.3200,162.4200,162.3200,162.3700,16599.0000,162.3700,86
2026-08-04 22:50:15,PLTR,162.3500,162.4800,162.3500,162.4300,36596.0000,162.4270,240
2026-08-04 22:50:20,PLTR,162.4500,162.5500,162.2100,162.4200,47297.0000,162.4570,270
2026-08-04 22:50:25,PLTR,162.4400,162.4400,162.3400,162.3400,15365.0000,162.4040,101
2026-08-04 22:50:30,PLTR,162.3600,162.4100,162.3400,162.3900,18985.0000,162.3720,108
2026-08-04 22:50:35,PLTR,162.3900,162.4200,162.3700,162.4100,8350.0000,162.3990,53
2026-08-04 22:50:40,PLTR,162.4200,162.4500,162.3800,162.4000,19693.0000,162.4150,121
2026-08-04 22:50:45,PLTR,162.4100,162.4400,162.3800,162.3900,12000.0000,162.4110,53
2026-08-04 22:50:50,PLTR,162.3900,162.4100,162.3500,162.4000,15774.0000,162.3640,66
2026-08-04 22:50:55,PLTR,162.4100,162.5000,162.4100,162.5000,18030.0000,162.4650,103
2026-08-04 22:51:00,PLTR,162.5000,162.6200,162.4400,162.4500,26693.0000,162.5350,132
2026-08-04 22:51:05,PLTR,162.4400,162.5100,162.4100,162.4800,22180.0000,162.4570,89
2026-08-04 22:51:10,PLTR,162.4700,162.5400,162.4300,162.5300,20231.0000,162.5070,90
2026-08-04 22:51:15,PLTR,162.5300,162.5500,162.5000,162.5300,15547.0000,162.5240,75
2026-08-04 22:51:20,PLTR,162.5300,162.5500,162.5100,162.5400,8910.0000,162.5330,64
2026-08-04 22:51:25,PLTR,162.5500,162.5900,162.5200,162.5800,30445.0000,162.5510,127
2026-08-04 22:51:30,PLTR,162.5900,162.6000,162.5700,162.6000,13512.0000,162.5880,47
2026-08-04 22:51:35,PLTR,162.5800,162.6000,162.5200,162.5300,13279.0000,162.5700,66
2026-08-04 22:51:40,PLTR,162.5300,162.5900,162.4700,162.5900,40138.0000,162.5070,188
2026-08-04 22:51:45,PLTR,162.5800,162.5800,162.4400,162.4400,17660.0000,162.5070,60
2026-08-04 22:51:50,PLTR,162.4400,162.4700,162.4200,162.4600,14216.0000,162.4500,90
2026-08-04 22:51:55,PLTR,162.4500,162.4700,162.4200,162.4500,13770.0000,162.4450,71
2026-08-04 22:52:00,PLTR,162.4400,162.5400,162.4400,162.4800,19775.0000,162.4750,118
2026-08-04 22:52:05,PLTR,162.4800,162.5000,162.4700,162.4800,9568.0000,162.4850,52
2026-08-04 22:52:10,PLTR,162.4800,162.5200,162.4500,162.4500,13184.0000,162.4940,79
2026-08-04 22:52:15,PLTR,162.4600,162.5100,162.4400,162.4500,15678.0000,162.4740,108
2026-08-04 22:52:20,PLTR,162.4800,162.5100,162.4600,162.5000,9519.0000,162.4910,64
2026-08-04 22:52:25,PLTR,162.5100,162.5100,162.3600,162.5000,41098.0000,162.4610,285
2026-08-04 22:52:30,PLTR,162.4700,162.4700,162.4100,162.4500,12549.0000,162.4400,83
2026-08-04 22:52:35,PLTR,162.4600,162.5000,162.4500,162.4500,12485.0000,162.4720,87
2026-08-04 22:52:40,PLTR,162.4600,162.4800,162.4400,162.4700,7816.0000,162.4620,46
2026-08-04 22:52:45,PLTR,162.4800,162.4900,162.4600,162.4700,6462.0000,162.4800,44
2026-08-04 22:52:50,PLTR,162.4800,162.5300,162.4600,162.5300,14437.0000,162.5000,89
2026-08-04 22:52:55,PLTR,162.5100,162.5200,162.4900,162.5000,15192.0000,162.5080,70
2026-08-04 22:53:00,PLTR,162.4700,162.4800,162.3800,162.4100,20825.0000,162.4260,115
2026-08-04 22:53:05,PLTR,162.4000,162.4400,162.3900,162.4200,12386.0000,162.4190,71
2026-08-04 22:53:10,PLTR,162.4500,162.8100,162.4500,162.7700,53569.0000,162.7040,274
2026-08-04 22:53:15,PLTR,162.7800,162.8400,162.7600,162.7900,32448.0000,162.7910,181
2026-08-04 22:53:20,PLTR,162.8000,162.8200,162.7600,162.8100,29630.0000,162.7940,152
2026-08-04 22:53:25,PLTR,162.8000,162.8700,162.7700,162.8400,32286.0000,162.8320,121
2026-08-04 22:53:30,PLTR,162.8400,162.9000,162.8200,162.9000,30110.0000,162.8520,144
2026-08-04 22:53:35,PLTR,162.9000,162.9900,162.8700,162.9600,38094.0000,162.9390,173
2026-08-04 22:53:40,PLTR,162.9600,162.9800,162.8300,162.9400,42405.0000,162.9180,252
2026-08-04 22:53:45,PLTR,162.9400,162.9500,162.8700,162.9100,22595.0000,162.9060,126
2026-08-04 22:53:50,PLTR,162.9100,162.9300,162.8900,162.9100,17133.0000,162.9130,102
2026-08-04 22:53:55,PLTR,162.9200,162.9200,162.8100,162.8100,26813.0000,162.8920,77
2026-08-04 22:54:00,PLTR,162.8200,162.8200,162.6300,162.6300,27499.0000,162.7090,152
2026-08-04 22:54:05,PLTR,162.6400,162.6600,162.5800,162.6200,16481.0000,162.6220,81
2026-08-04 22:54:10,PLTR,162.6300,162.7600,162.6300,162.7200,25892.0000,162.7210,145
2026-08-04 22:54:15,PLTR,162.7200,162.8200,162.6600,162.7800,30390.0000,162.7200,143
2026-08-04 22:54:20,PLTR,162.7600,162.9000,162.7600,162.8900,23737.0000,162.8370,105
2026-08-04 22:54:25,PLTR,162.9000,162.9200,162.8600,162.9200,18775.0000,162.8920,111
2026-08-04 22:54:30,PLTR,162.9000,162.9200,162.8500,162.8900,42173.0000,162.8930,179
2026-08-04 22:54:35,PLTR,162.8900,162.9500,162.8800,162.9300,14995.0000,162.9240,99
2026-08-04 22:54:40,PLTR,162.9100,162.9500,162.8600,162.9000,18467.0000,162.8940,110
2026-08-04 22:54:45,PLTR,162.9200,162.9500,162.8900,162.9000,15930.0000,162.9100,79
2026-08-04 22:54:50,PLTR,162.8700,162.8700,162.6600,162.7300,27839.0000,162.7620,190
2026-08-04 22:54:55,PLTR,162.7300,162.7400,162.6000,162.6100,32013.0000,162.6490,192
2026-08-04 22:55:00,PLTR,162.6200,162.8900,162.6200,162.7100,54519.0000,162.7540,389
2026-08-04 22:55:05,PLTR,162.7200,162.7200,162.4700,162.5400,23943.0000,162.5720,129
2026-08-04 22:55:10,PLTR,162.5500,162.7800,162.5300,162.7800,31891.0000,162.6500,188
2026-08-04 22:55:15,PLTR,162.7800,162.8300,162.7300,162.8000,28222.0000,162.7850,174
2026-08-04 22:55:20,PLTR,162.7900,162.8700,162.7800,162.8600,21858.0000,162.8250,122
2026-08-04 22:55:25,PLTR,162.8500,162.8700,162.7800,162.7800,33333.0000,162.8240,176
2026-08-04 22:55:30,PLTR,162.7900,162.8200,162.7100,162.7500,37025.0000,162.7730,140
2026-08-04 22:55:35,PLTR,162.7500,162.7600,162.7200,162.7500,20600.0000,162.7400,124
2026-08-04 22:55:40,PLTR,162.7600,162.7700,162.7400,162.7500,28720.0000,162.7560,146
2026-08-04 22:55:45,PLTR,162.7500,162.7800,162.7200,162.7400,42166.0000,162.7540,170
2026-08-04 22:55:50,PLTR,162.7400,162.7400,162.5500,162.6100,30408.0000,162.6290,152
2026-08-04 22:55:55,PLTR,162.6100,162.6800,162.6000,162.6600,31704.0000,162.6420,167
2026-08-04 22:56:00,PLTR,162.6600,162.6700,162.5400,162.5600,35280.0000,162.6140,176
2026-08-04 22:56:05,PLTR,162.5700,162.5900,162.5500,162.5900,16523.0000,162.5740,91
2026-08-04 22:56:10,PLTR,162.5800,162.5800,162.5300,162.5400,28817.0000,162.5490,173
2026-08-04 22:56:15,PLTR,162.5400,162.5500,162.3900,162.3900,38829.0000,162.4610,139
2026-08-04 22:56:20,PLTR,162.3800,162.4800,162.3800,162.4400,38786.0000,162.4400,210
2026-08-04 22:56:25,PLTR,162.4600,162.4600,162.4100,162.4100,22605.0000,162.4460,131
2026-08-04 22:56:30,PLTR,162.4200,162.5000,162.3500,162.4500,50876.0000,162.4190,290
2026-08-04 22:56:35,PLTR,162.4500,162.4800,162.4300,162.4400,17884.0000,162.4490,110
2026-08-04 22:56:40,PLTR,162.4400,162.4400,162.4000,162.4100,28962.0000,162.4250,137
2026-08-04 22:56:45,PLTR,162.4100,162.4300,162.3700,162.3700,18703.0000,162.4110,105
2026-08-04 22:56:50,PLTR,162.3500,162.4200,162.3500,162.4100,28863.0000,162.3790,136
2026-08-04 22:56:55,PLTR,162.4000,162.4200,162.3800,162.3900,13521.0000,162.3990,81
2026-08-04 22:57:00,PLTR,162.4000,162.4600,162.3400,162.3900,59566.0000,162.4200,284
2026-08-04 22:57:05,PLTR,162.3800,162.4100,162.3700,162.3900,26712.0000,162.3950,149
2026-08-04 22:57:10,PLTR,162.3800,162.3900,162.3100,162.3400,46456.0000,162.3420,244
2026-08-04 22:57:15,PLTR,162.3300,162.4100,162.3100,162.3800,30932.0000,162.3530,174
2026-08-04 22:57:20,PLTR,162.3900,162.4700,162.3800,162.4400,36326.0000,162.4210,184
2026-08-04 22:57:25,PLTR,162.4200,162.4400,162.3600,162.4100,33508.0000,162.3960,154
2026-08-04 22:57:30,PLTR,162.4100,162.4100,162.3800,162.3900,22446.0000,162.3980,110
2026-08-04 22:57:35,PLTR,162.4000,162.4000,162.3400,162.3700,24879.0000,162.3650,130
2026-08-04 22:57:40,PLTR,162.3900,162.4400,162.3700,162.4300,34779.0000,162.4120,185
2026-08-04 22:57:45,PLTR,162.4200,162.4200,162.3700,162.4200,28270.0000,162.4070,137
2026-08-04 22:57:50,PLTR,162.4200,162.4600,162.4000,162.4500,37551.0000,162.4300,204
2026-08-04 22:57:55,PLTR,162.4600,162.4600,162.4000,162.4200,28110.0000,162.4220,153
2026-08-04 22:58:00,PLTR,162.4200,162.4400,162.3700,162.4100,69827.0000,162.4140,395
2026-08-04 22:58:05,PLTR,162.4100,162.5500,162.4100,162.5500,58148.0000,162.4870,283
2026-08-04 22:58:10,PLTR,162.5500,162.5600,162.5300,162.5600,37140.0000,162.5480,225
2026-08-04 22:58:15,PLTR,162.5500,162.6000,162.5500,162.5800,41566.0000,162.5690,224
2026-08-04 22:58:20,PLTR,162.5800,162.6500,162.5800,162.6400,47810.0000,162.6060,290
2026-08-04 22:58:25,PLTR,162.6200,162.7300,162.6000,162.7200,39606.0000,162.6870,249
2026-08-04 22:58:30,PLTR,162.7200,162.7300,162.6900,162.7000,38245.0000,162.7090,190
2026-08-04 22:58:35,PLTR,162.7100,162.7200,162.6700,162.7200,28507.0000,162.6940,191
2026-08-04 22:58:40,PLTR,162.7100,162.7200,162.6100,162.6500,64838.0000,162.6700,379
2026-08-04 22:58:45,PLTR,162.6600,162.6900,162.6300,162.6600,38418.0000,162.6560,216
2026-08-04 22:58:50,PLTR,162.6700,162.6900,162.6600,162.6800,51420.0000,162.6720,209
2026-08-04 22:58:55,PLTR,162.6900,162.7400,162.6900,162.7300,39534.0000,162.7240,183
2026-08-04 22:59:00,PLTR,162.7300,162.7400,162.6900,162.7100,69182.0000,162.7160,421
2026-08-04 22:59:05,PLTR,162.7100,162.7400,162.6800,162.6900,73033.0000,162.7090,387
2026-08-04 22:59:10,PLTR,162.6900,162.7300,162.6800,162.7000,40975.0000,162.7070,193
2026-08-04 22:59:15,PLTR,162.6900,162.8200,162.6900,162.8100,78570.0000,162.7610,459
2026-08-04 22:59:20,PLTR,162.8100,162.8600,162.8100,162.8300,56371.0000,162.8370,310
2026-08-04 22:59:25,PLTR,162.8400,162.8900,162.8200,162.8900,61753.0000,162.8460,410
2026-08-04 22:59:30,PLTR,162.8900,162.8900,162.8200,162.8300,89170.0000,162.8570,533
2026-08-04 22:59:35,PLTR,162.8300,162.8400,162.7900,162.8000,59205.0000,162.8160,352
2026-08-04 22:59:40,PLTR,162.7900,162.8000,162.7300,162.7500,78365.0000,162.7610,480
2026-08-04 22:59:45,PLTR,162.7500,162.8100,162.7300,162.7600,89882.0000,162.7570,551
2026-08-04 22:59:50,PLTR,162.7700,162.8000,162.7100,162.7400,111672.0000,162.7480,679
2026-08-04 22:59:55,PLTR,162.7300,162.7800,162.4200,162.5500,134814.0000,162.6740,670
